Price,Close,High,Low,Open,Volume
Ticker,AL,AL,AL,AL,AL
Date,,,,,
2015-01-02,29.534849166870117,29.732320140331815,29.20859120953864,29.612120702154176,318000
2015-01-05,28.736377716064453,29.612120690544085,28.590418916056656,29.320206365717542,592000
2015-01-06,28.7535400390625,28.908079783358552,27.912137699565935,28.856567626989193,1039700
2015-01-07,28.710615158081055,29.303031287474326,28.50455993713541,29.182831862724587,597600
2015-01-08,29.337377548217773,29.448992725898243,28.830823663398018,29.01970710810034,687600
2015-01-09,28.5217342376709,29.586360614134517,28.49597487641572,29.371717829745517,737300
2015-01-12,28.702030181884766,28.73637380959305,27.817703057122333,28.487387421490887,776800
2015-01-13,28.684856414794922,29.21716950727218,28.092443615514828,28.796471559652346,603300
2015-01-14,28.47021484375,28.736373038564995,28.03234506537799,28.315671798397872,656000
2015-01-15,28.3414249420166,28.753541870346623,28.289912782366482,28.538899137969317,662100
2015-01-16,28.487377166748047,28.504548974420768,27.663150049581947,27.869205191279757,746000
2015-01-20,28.56465721130371,28.710612707416097,28.35859873275801,28.59041329292627,465200
2015-01-21,29.1914119720459,29.1914119720459,28.341425300012336,28.46162798282004,494400
2015-01-22,29.60352897644043,29.792415652728213,28.993944325933523,29.294442878947184,441600
2015-01-23,29.663625717163086,29.852512374539803,29.38888327471782,29.60352601257745,327100
2015-01-26,29.912614822387695,29.998470615330007,29.4146420527943,29.663628437590997,587300
2015-01-27,30.041404724121094,30.659573699158624,29.818174400344272,30.393418749902494,1542200
2015-01-28,30.084335327148438,30.436349384549896,29.878276800167235,30.221706586739515,998200
2015-01-29,30.496448516845703,30.547963966393215,29.85252013585282,30.170190553423026,586400
2015-01-30,29.99847984313965,30.427765490280574,29.62070965272388,30.075751390632597,697200
2015-02-02,30.960071563720703,31.020171271947603,29.58635599307672,30.17018453744243,1167800
2015-02-03,31.724199295043945,31.72419929504395,31.011583788685414,31.054511683904835,686000
2015-02-04,32.00752639770508,32.35954038291974,31.26057053155464,31.509556912000953,1093000
2015-02-05,32.13631057739258,32.33378150076157,31.93025211050985,32.127723033878844,695100
2015-02-06,32.30802536010742,32.7458950980296,31.973183217839598,32.17065414083887,747300
2015-02-09,32.376705169677734,32.428220598476,31.852976440052593,32.03327880325264,717100
2015-02-10,32.522674560546875,32.65145826192047,31.904502313349276,32.582774276225656,721400
2015-02-11,32.53984451293945,32.660043937415885,32.15348688055901,32.462572986463364,490100
2015-02-12,32.951969146728516,33.14944016310713,32.55702383878152,32.840353954796335,611700
2015-02-13,33.18377685546875,33.295388748843635,32.76307554330554,32.76307554330554,702400
2015-02-17,32.81458282470703,33.149424971867184,32.72013949598222,33.149424971867184,486100
2015-02-18,33.09791564941406,33.10650319462345,32.6342864637733,32.866101056593685,573400
2015-02-19,33.398414611816406,33.62164164010239,32.86609821133925,33.097912784091186,729800
2015-02-20,33.73324966430664,33.73324966430664,32.91760669737422,33.338307857223704,549700
2015-02-23,34.04233169555664,34.162531077049145,33.63880239324251,33.827689007123595,1998000
2015-02-24,33.896385192871094,34.36859862274322,33.74184213943095,34.03375643201914,833600
2015-02-25,33.27821731567383,34.05951695423925,33.020646618105175,33.939317513719814,897600
2015-02-26,33.544368743896484,33.613055996060474,33.00346809626465,33.278210554543705,764800
2015-02-27,32.831756591796875,34.686269827043056,32.81458477871635,34.557482866533384,1209500
2015-03-02,32.56559371948242,33.10649429058738,32.2393358682395,32.831751871179016,1290600
2015-03-03,32.66004180908203,33.02064005901248,32.488326953082,32.539842392438544,776500
2015-03-04,32.771644592285156,32.960531209015926,32.13630405904312,32.44539005907981,1070200
2015-03-05,33.19235610961914,33.32972734432552,32.6342836263309,32.78882667477414,627100
2015-03-06,32.617122650146484,33.484278156184885,32.47116383713645,33.0206489033615,721400
2015-03-09,32.445396423339844,32.94336586259792,32.436808879883486,32.71155131709929,673800
2015-03-10,31.664100646972656,32.23934166758947,31.552485495513956,32.22216985388901,988700
2015-03-11,31.93885612487793,32.17067079147213,31.655525996199483,31.852997021404196,719100
2015-03-12,32.08479309082031,32.531250344535785,31.956009423040936,32.222164301564455,669300
2015-03-13,31.827226638793945,32.20499669890485,31.44086903459618,32.0590412013126,493400
2015-03-16,32.1448974609375,32.436811735577564,31.852983186297433,31.91308289503023,369000
2015-03-17,32.393890380859375,32.531261639298435,32.07621995981702,32.07621995981702,320300
2015-03-18,32.84940719604492,33.124441208136915,32.24776906509467,32.35950265708956,307600
2015-03-19,33.02991485595703,33.0900783725229,32.62595700587267,32.746284039004415,405600
2015-03-20,33.41667556762695,33.51981253432173,33.176018273785736,33.27056185936639,408300
2015-03-23,33.39089584350586,33.51981953780989,33.09867164459371,33.36511241611135,435300
2015-03-24,33.01272201538086,33.48543672493259,32.772067969499716,33.45965329963546,412600
2015-03-25,32.60874557495117,33.2533570685319,32.505608654004064,33.072866637208556,410300
2015-03-26,32.42827224731445,32.643142858504184,32.256375102629605,32.376702120309396,226600
2015-03-27,32.59156799316406,32.64313811267158,32.23058699260601,32.316533913120345,293300
2015-03-30,33.02991485595703,33.25337887767802,32.746284039004415,32.746284039004415,456900
2015-03-31,32.436866760253906,32.8322278717875,32.23918292582199,32.69471082087733,739400
2015-04-01,32.6517448425293,32.77207187982715,32.2477869784586,32.45406096277897,488000
2015-04-02,32.6517448425293,33.32214020956929,32.47984766981841,32.90099230036092,462800
2015-04-06,32.711883544921875,32.84080386765266,32.44544296541685,32.51420309380398,435800
2015-04-07,32.70329284667969,33.10725047787933,32.677509433169575,32.729079538853775,349200
2015-04-08,33.098670959472656,33.261974739366245,32.634552882649736,32.75487991288774,564700
2015-04-09,33.39947509765625,33.39947509765625,33.00411411655795,33.201794607107104,506800
2015-04-10,33.68311309814453,33.70889979888847,33.31353541457703,33.485432545321345,490700
2015-04-13,33.27055358886719,33.64013117953984,33.23617351562688,33.54558761746113,433900
2015-04-14,33.425262451171875,33.519806018374105,33.16741844522495,33.32212550452599,448900
2015-04-15,33.476844787597656,33.889396003485,33.43387131735919,33.43387131735919,425900
2015-04-16,33.451045989990234,33.54558955753678,32.97833143092194,33.433859231040344,214700
2015-04-17,33.44245147705078,33.571375115456355,33.10725395159346,33.54558842057665,348700
2015-04-20,33.70890808105469,33.812045073375664,33.42527725383967,33.605767810067846,393200
2015-04-21,33.476844787597656,33.889396003485,33.1588371734343,33.889396003485,332800
2015-04-22,33.1588249206543,33.47683241730818,32.93535771212445,33.313528700613816,426400
2015-04-23,33.5799674987793,33.588564156372364,32.97832933516955,33.00411602928452,275500
2015-04-24,33.3049430847168,33.81203783315328,33.17601941292279,33.717494244326375,265000
2015-04-27,33.14162826538086,33.494015766622155,33.047084717471094,33.347902116580585,463500
2015-04-28,33.21039962768555,33.33072663988271,32.95255556173945,33.09866599693167,277900
2015-04-29,33.22758102416992,33.47683164382333,32.92676357194293,33.072873969120515,317800
2015-04-30,33.201805114746094,33.31353546302709,32.96974447970353,33.01271794278584,549700
2015-05-01,34.31912612915039,34.44804977670508,33.210393251906616,33.32212686120971,714500
2015-05-04,34.078460693359375,34.508201669171406,33.94953708915038,34.31051793507403,853200
2015-05-05,33.60575485229492,34.2245831249435,33.57997143382277,34.069876056781354,511400
2015-05-06,33.519813537597656,33.74327751856897,33.37370310362894,33.68311401297419,440400
2015-05-07,33.408077239990234,33.69170798257227,33.10725973603798,33.35651039854979,567400
2015-05-08,33.53700256347656,34.250371227641224,33.11585475840064,33.296348548384636,1113400
2015-05-11,33.9753303527832,34.1902009030106,33.63153943961801,33.63153943961801,788800
2015-05-12,33.92376708984375,33.94955050941236,33.20180183394004,33.86360359174051,823400
2015-05-13,33.9323616027832,34.08706868268835,33.75187110244882,33.92376822219507,706000
2015-05-14,34.55976867675781,34.80042585401864,33.923753865132376,34.13002769859769,991300
2015-05-15,34.43085479736328,34.499611661837974,34.121440710566944,34.14722412491194,745800
2015-05-18,33.72608947753906,34.241777585567334,33.64013927375766,34.12145057893841,819500
2015-05-19,33.287750244140625,33.751871489173915,33.15882986185242,33.72608806844925,1029300
2015-05-20,32.83221435546875,33.41666240089851,32.72907742941166,33.33930888668976,1049600
2015-05-21,32.90958786010742,33.30494904903555,32.77207078227739,32.87520777098347,576600
2015-05-22,32.93536376953125,33.124450937884674,32.78925334210543,32.87520026663062,642800
2015-05-26,32.376686096191406,32.87518724118893,32.25635913806475,32.87518724118893,469200
2015-05-27,32.8236198425293,32.926760053985426,32.18760493186974,32.350905348679305,706200
2015-05-28,32.61735916137695,32.84941981295971,32.419678594176524,32.72049613585863,407400
2015-05-29,32.342315673828125,32.634539749087715,32.221988692014946,32.557186220970046,380000
2015-06-01,32.6947021484375,32.78924571060978,32.41107146192066,32.41107146192066,445900
2015-06-02,32.815040588378906,32.91817756556292,32.342325891064654,32.64314344062861,386300
2015-06-03,33.047096252441406,33.588571038502074,32.86660574997615,32.90957921075385,681400
2015-06-04,31.964147567749023,33.04709716993656,31.921174105778245,32.96974362692317,993700
2015-06-05,31.59456443786621,32.06728227391698,31.396883924001532,32.06728227391698,1178500
2015-06-08,30.99293327331543,31.84381892400928,30.87260299585874,31.543001427029598,922400
2015-06-09,30.924169540405273,31.2421770402648,30.88978946510575,30.89838612326285,470400
2015-06-10,31.010120391845703,31.37110135421746,30.85541332835366,31.087470644927215,445700
2015-06-11,30.79500389099121,31.216615674600124,30.691749212215274,31.027321994783,346300
2015-06-12,30.64873695373535,30.906867160885906,30.597112881687437,30.751991662438506,535400
2015-06-15,30.9412784576416,30.984299602134012,30.37339081635418,30.536875760649437,636000
2015-06-16,30.519670486450195,30.975700583593813,30.468043137181667,30.932679433688378,715000
2015-06-17,30.554088592529297,30.829431201428005,30.382003975135163,30.605715947129745,395700
2015-06-18,30.855239868164062,31.027327749069766,30.407812690730562,30.59710968795717,438500
2015-06-19,30.751989364624023,31.11337097117133,30.726174048225342,30.751989364624023,427200
2015-06-22,30.881059646606445,30.975708168958036,30.760599084451382,30.898268767243476,235900
2015-06-23,31.328479766845703,31.388710034139752,30.87244966238979,30.975701080279105,371000
2015-06-24,30.855239868164062,31.50916987684175,30.820821635522258,31.29406084628545,289100
2015-06-25,30.700361251831055,31.0015125831428,30.476646020882324,30.898261167022106,459200
2015-06-26,30.24432945251465,30.751986869791416,30.055032465030827,30.700359523485876,1126200
2015-06-29,29.504365921020508,30.0808567526094,29.504365921020508,30.00341734275221,639600
2015-06-30,29.168787002563477,29.788298802943512,29.14297168591603,29.667838266266934,715500
2015-07-01,29.168787002563477,29.512959495596064,29.031117348889754,29.340871607928044,942500
2015-07-02,29.168787002563477,29.340871607928044,28.98809291524516,29.246226387898915,538700
2015-07-06,28.988096237182617,29.263435576083022,28.60090254843781,28.99670243781916,627400
2015-07-07,29.134368896484375,29.24622651630522,28.282535654054588,28.95367809067618,912800
2015-07-08,28.35137939453125,29.125770167614927,28.101852056427976,28.98810047802421,556900
2015-07-09,28.38578987121582,28.78158971021114,28.38578987121582,28.661129175065035,426400
2015-07-10,29.134368896484375,29.142971813868996,28.540665845538218,28.59229319675633,914800
2015-07-13,29.461334228515625,29.55597944469489,29.272037231550453,29.383894846330175,459600
2015-07-14,29.504365921020508,29.616220293466284,29.34088089893062,29.401111186341264,267400
2015-07-15,29.452733993530273,29.59900987052581,29.142976402061127,29.452733993530273,441700
2015-07-16,29.642024993896484,29.771088442529457,29.392497731314766,29.624815877618094,390200
2015-07-17,29.831321716308594,29.960388460258958,29.452730966919784,29.642027982766013,362400
2015-07-20,29.728069305419922,29.908760115119893,29.573190530733225,29.831320727776546,476200
2015-07-21,29.642024993896484,30.123867120478213,29.521564462251053,29.7022552597192,434000
2015-07-22,29.95178985595703,30.12387449626902,29.289253487382684,29.564592850646815,533400
2015-07-23,29.53877830505371,30.00341138970337,29.39250243443331,29.994808471339272,490700
2015-07-24,29.091352462768555,29.762491725926942,28.89345250779375,29.633424968102332,583900
2015-07-27,28.437414169311523,29.031117214911074,28.35997478433347,28.81600817689464,935700
2015-07-28,28.798799514770508,28.953678287172476,28.316954080375112,28.583690473357052,829300
2015-07-29,29.08273696899414,29.1085522816928,28.729958330273348,28.902046191618286,1123200
2015-07-30,28.721364974975586,28.945076971580917,28.652528494602226,28.945076971580917,1072100
2015-07-31,30.416410446166992,30.769189065121733,29.710853208257518,29.75387763291032,1709000
2015-08-03,29.943180084228516,30.45083759014729,29.79690750094358,30.36479528025071,839100
2015-08-04,30.227115631103516,30.37338816607505,29.80550057433958,29.97758841959634,561600
2015-08-05,30.24432945251465,30.61431722861313,30.15828387533875,30.347580862822575,511000
2015-08-06,30.14107894897461,30.459442705317574,30.05503664214352,30.338978880528998,823300
2015-08-07,31.27684211730957,31.474745253024548,30.201297295087063,30.356176012071288,1674400
2015-08-10,31.9480037689209,31.956606688523287,31.23383999666296,31.414530849051964,835000
2015-08-11,31.552186965942383,31.664044566481284,31.199408332522374,31.61242050646556,1167400
2015-08-12,30.9412784576416,31.483354068694165,30.43362107510414,31.20801480517923,933900
2015-08-13,30.442232131958008,31.035931898234644,30.390604780945647,30.932680478513372,426200
2015-08-14,30.36479949951172,30.47665386145896,30.012020728230322,30.47665386145896,420400
2015-08-17,30.73477554321289,30.812214915948424,30.14107259147283,30.2873484209968,484000
2015-08-18,29.934572219848633,30.708962727870755,29.805505494026686,30.66594158003117,595400
2015-08-19,29.555980682373047,29.874344423746788,29.074138535089038,29.762486804282947,711900
2015-08-20,28.2395076751709,29.366679953645054,28.213695646954047,29.366679953645054,1131000
2015-08-21,27.499536514282227,28.239512073235158,27.336054839610163,28.239512073235158,1145900
2015-08-24,25.66681480407715,27.026304094588046,24.195469516495656,25.813089040955308,1709100
2015-08-25,25.924943923950195,26.75956815074529,25.88192276719149,26.11424095245313,1229800
2015-08-26,26.802589416503906,26.854215133054687,25.881922872447262,26.621898588000203,973400
2015-08-27,27.66303062438965,27.93837000036424,27.129559352574773,27.275833601205292,899200
2015-08-28,27.490938186645508,27.731859280547805,27.267224570056328,27.576980496666692,740100
2015-08-31,27.680227279663086,27.9211516154355,27.077923004838404,27.284427468305573,623400
2015-09-01,26.63910675048828,27.20699621174472,26.48422959685687,27.103743134838464,658000
2015-09-02,26.97467803955078,27.0607219968444,26.535855334390106,27.04351287715528,271200
2015-09-03,26.97467803955078,27.447917342937714,26.888634082257163,27.155368872830596,408400
2015-09-04,26.63910675048828,26.802590105109864,26.441206797665938,26.561668994248567,320100
2015-09-08,27.268030166625977,27.388648164600543,26.81141017053344,27.138798123265346,465400
2015-09-09,27.044034957885742,27.8538934918197,27.018189527755975,27.569580614191793,331600
2015-09-10,27.224958419799805,27.336959106627486,26.794183766458907,27.01818678338916,572200
2015-09-11,27.32833480834961,27.552337754722274,27.052639379975368,27.052639379975368,355800
2015-09-14,27.095720291137695,27.354184368013843,26.923409811037246,27.311107569625992,331400
2015-09-15,27.483423233032227,27.612655303570126,27.095727021418526,27.233574782428946,1028700
2015-09-16,27.888349533081055,27.91419824657556,27.38865265503338,27.483421959289043,420500
2015-09-17,28.284664154052734,28.65512731708252,27.759118572716808,27.845272185226126,653500
2015-09-18,27.802202224731445,28.319130600170364,27.647123054789677,28.189900149585863,643400
2015-09-21,28.896371841430664,29.215144245271734,28.301900566114167,28.301900566114167,1210700
2015-09-22,28.336360931396484,28.54313424581973,28.11235952010911,28.41390051348641,795400
2015-09-23,28.224349975585938,28.543125541718826,28.034811388926453,28.431123226954586,783400
2015-09-24,28.405282974243164,28.465591165507167,27.604041819964337,28.0520478740326,793200
2015-09-25,28.370819091796875,29.12036607259905,28.19850857217976,28.59482046671426,923500
2015-09-28,26.49263572692871,28.086500301571448,26.25140137913719,28.077886256359744,1217300
2015-09-29,25.98432731628418,26.527104307210443,25.62247653675831,26.527104307210443,1116900
2015-09-30,26.639108657836914,26.699416855503042,26.12217866698061,26.363413100920255,600000
2015-10-01,26.440950393676758,26.914801885713707,26.216947362247016,26.656337734289007,775600
2015-10-02,27.164649963378906,27.19049539062856,25.81201618487622,26.19109833619496,769500
2015-10-05,28.120967864990234,28.336355184160254,27.087109718939026,27.414497721036533,699500
2015-10-06,28.05204200744629,28.655123793962485,27.965885118980232,28.138195609363105,592100
2015-10-07,28.904977798461914,28.930826511815653,27.810809814244944,28.2243530758581,736100
2015-10-08,29.49944496154785,29.74067767691782,28.7326634412447,28.775743528888697,936100
2015-10-09,29.706220626831055,30.085301150440365,29.413293721957988,29.57699019872669,1133600
2015-10-12,29.99913787841797,30.093908800461865,29.180665617596578,29.723442443316905,598800
2015-10-13,29.663135528564453,30.059447322487866,29.344363284456396,29.964676396430317,988100
2015-10-14,28.25882339477539,30.11115616402927,26.93203799805257,29.6114558684908,3700000
2015-10-15,28.6723575592041,29.258211303360394,28.27604569890706,28.431124824510167,1419500
2015-10-16,28.060659408569336,29.103133234550477,27.819426665115753,28.689589980108774,1110400
2015-10-19,28.43112564086914,28.51727925243375,27.87111730605036,27.931425491455506,561100
2015-10-20,28.64651870727539,28.948059694837127,28.215743989872752,28.36220581624552,643600
2015-10-21,28.198505401611328,28.82743593393111,28.077889037406088,28.775745084442825,635700
2015-10-22,29.05143928527832,29.344366136770486,28.431122826459788,28.4569682500608,988200
2015-10-23,29.69759750366211,30.024983784046864,29.266822968530597,29.33574518514622,983500
2015-10-26,29.43913459777832,29.826832395237304,29.25821005448059,29.688984654646262,929700
2015-10-27,28.594816207885742,29.464982723404695,28.388046244380764,29.24959542759991,829300
2015-10-28,29.085905075073242,29.232370175921556,28.54313134220892,28.758518683153493,766000
2015-10-29,28.87913703918457,29.249603553816925,28.818828842528163,28.89636842202215,691800
2015-10-30,29.04282569885254,29.30990716119061,28.81020699679352,28.930826657770194,601800
2015-11-02,29.37021827697754,29.447757852062196,28.89636677881575,28.99975178341195,761900
2015-11-03,28.78435707092285,29.585598046155017,28.74128027058171,29.327133957558978,1297500
2015-11-04,28.65513038635254,28.89636644300695,28.310512612853383,28.801595487165933,870100
2015-11-05,28.956674575805664,28.982520004963543,28.043431069144095,28.637902232175207,1205000
2015-11-06,30.102537155151367,30.343773240455736,29.034217657911977,30.00776947460544,1948200
2015-11-09,28.801599502563477,30.128386496212784,28.500058497893388,30.128386496212784,748700
2015-11-10,28.362207412719727,29.14622059761194,28.043435024132542,28.68098308785737,943400
2015-11-11,28.42251205444336,28.543128427206224,28.000351463223673,28.33635515493441,1070200
2015-11-12,27.39727020263672,28.284668317545687,27.233577000153574,28.086509063815917,936400
2015-11-13,28.293272018432617,28.36219423607022,27.483415420259966,27.905574273755693,924100
2015-11-16,28.1812744140625,28.456969903657864,27.569575251932132,28.034812623080363,730900
2015-11-17,28.413894653320312,29.008362469038037,28.043428202691256,28.284664234190195,682300
2015-11-18,29.05143928527832,29.128978842630637,28.482816960211096,28.551739185330216,797300
2015-11-19,28.956674575805664,29.33575511183783,28.560362658151586,29.06867691307312,422600
2015-11-20,29.223751068115234,29.59421753497888,29.042826501474792,29.163442879235085,2497600
2015-11-23,28.982519149780273,29.421911151799062,28.86190276853587,29.266832008327714,1085100
2015-11-24,28.904977798461914,28.9394405585671,28.58620548386317,28.861900991605278,910600
2015-11-25,28.767127990722656,28.98251529617766,28.491432502664203,28.646511625515764,459600
2015-11-27,28.92221450805664,29.008368137645576,28.543133936694893,28.80159811201201,223600
2015-11-30,28.973896026611328,29.223742758119037,28.853279683149218,29.016972822626528,834800
2015-12-01,29.29267120361328,29.29267120361328,28.861896627089557,29.172054848034513,623400
2015-12-02,29.31852149963379,29.84406709619321,29.154828316504517,29.206522457437323,1803100
2015-12-03,28.991138458251953,29.602837739969633,28.758519727200838,29.48222135050982,713000
2015-12-04,29.30990982055664,29.396063442521502,28.87051780350583,28.939443330317726,385100
2015-12-07,29.24959373474121,29.421904218722208,28.982512320243213,29.35297871051016,824900
2015-12-08,28.077892303466797,28.973904379716046,27.94865859161457,28.92221023766519,1210100
2015-12-09,27.836658477783203,28.517279912619305,27.60403977731402,28.017583038187116,1011100
2015-12-10,27.802139282226562,28.28535248929889,27.75899242447245,27.87979901788363,377400
2015-12-11,27.370691299438477,28.095515939133072,27.137713773124517,27.69858663199006,1177200
2015-12-14,26.473302841186523,27.50013609431287,26.30072524297603,27.465619916341993,1421700
2015-12-15,27.111833572387695,27.258524016836553,26.706278412239318,26.74942198291533,1039900
2015-12-16,27.638198852539062,27.922952414074842,26.870231913819065,27.32756144637462,699700
2015-12-17,27.1981201171875,27.948828718316292,27.18949107459938,27.879799669254524,687800
2015-12-18,26.818456649780273,27.189497337426896,26.663137139061035,26.965147115923777,1297900
2015-12-21,27.629562377929688,27.819398023268157,26.861594045628912,26.861594045628912,727000
2015-12-22,28.216331481933594,28.449310755290917,27.62093890836131,27.62093890836131,861900
2015-12-23,29.12235450744629,29.243157821703115,28.371645846247837,28.47519107394748,958400
2015-12-24,29.14824104309082,29.269044361706072,28.975666754579635,29.070581296603365,333700
2015-12-28,28.84623908996582,29.156878144226525,28.570116217655038,29.113734562611267,906700
2015-12-29,29.139616012573242,29.312193606747883,28.941152931347748,29.122357923991398,665900
2015-12-30,28.863492965698242,29.29493530213127,28.846234877243667,29.148243196089265,457600
2015-12-31,28.889366149902344,29.182746945405132,28.58735795966818,28.639128911341235,434700
2016-01-04,28.32850456237793,28.40616102068858,27.67271038684254,28.371648136431748,979300
2016-01-05,28.345754623413086,28.5183321824423,28.00923019370986,28.345754623413086,821600
2016-01-06,27.595056533813477,28.02649894983616,27.344820788347867,27.603685579632597,1078700
2016-01-07,25.80887794494629,27.03417412809073,25.60178584092745,27.01691604130039,1655500
2016-01-08,24.59221076965332,26.23169115846586,24.53180911179618,26.00734096798094,2321000
2016-01-11,24.298837661743164,24.928743218066433,24.031343814478344,24.635362232360915,1663800
2016-01-12,23.988189697265625,24.81655971645154,23.74658307794521,24.48866266762861,1740200
2016-01-13,22.952728271484375,24.350600254582123,22.49539888916042,24.13487912730468,1932500
2016-01-14,23.39280891418457,23.82425134110308,22.17614140194016,22.952737441229022,2684200
2016-01-15,22.478139877319336,23.004499932840005,22.314193012338734,22.581686738305287,2321000
2016-01-19,21.48582649230957,22.918214815408756,21.19244559280041,22.883700286783917,2079600
2016-01-20,20.985355377197266,21.33050892369947,19.768688097138284,21.106158707017553,2119900
2016-01-21,21.17519187927246,21.623890684129265,20.63157358245953,21.03712880952191,1624300
2016-01-22,22.02944564819336,22.22790872216636,21.537600016515867,21.710177604383954,1233400
2016-01-25,21.261476516723633,21.934527113027986,21.123415109146606,21.934527113027986,1813800
2016-01-26,22.469514846801758,22.71112147150606,21.434052711200852,21.47719628109185,1662100
2016-01-27,21.270103454589844,22.409110777244408,21.166558232069413,22.374596251678142,2350000
2016-01-28,21.019868850708008,21.641145154489383,20.76963153304638,21.330506179687834,1535600
2016-01-29,22.227914810180664,22.227914810180664,21.15793775147881,21.15793775147881,1639400
2016-02-01,22.495399475097656,22.711120607993987,21.761947294085815,21.93452485873153,1270900
2016-02-02,21.14067268371582,22.089846072149044,21.071641981601864,22.089846072149044,1435400
2016-02-03,21.106155395507812,21.390908878244606,20.493508152317155,21.390908878244606,1619100
2016-02-04,21.753318786621094,22.15024653674599,21.1061553720054,21.140671544112642,1554500
2016-02-05,21.304615020751953,21.90863307708038,21.24421337970124,21.753313631052098,689700
2016-02-08,20.174238204956055,21.201071186130385,19.768683096139345,21.08889692907777,1352500
2016-02-09,20.04481315612793,20.346823159975685,19.578856228158287,19.803206469707415,1167600
2016-02-10,20.329565048217773,21.04575935303471,20.12247289757672,20.26053433133742,1219900
2016-02-11,19.613367080688477,20.269159591496425,19.389016881268248,19.63925421186759,1436800
2016-02-12,20.96809959411621,21.063017447024926,19.80320645230473,19.915380750069662,1806200
2016-02-16,21.822351455688477,22.00355642448393,20.924950717401384,21.416794656499555,1795100
2016-02-17,23.263368606567383,23.686183519442324,22.089846640439706,22.115732125759777,1977000
2016-02-18,24.022703170776367,24.221166198875313,23.306509144566775,23.50497217266572,1423900
2016-02-19,23.090789794921875,23.919158138467356,22.97861388642826,23.781096747876443,1318900
2016-02-22,24.52318572998047,24.643989073584127,23.29788926572782,23.50498141725786,1188600
2016-02-23,24.635351181030273,24.876959427292064,23.867384522508246,24.22979606899017,1528300
2016-02-24,24.59221076965332,24.730272172133006,23.194337012269358,24.212541089923324,1515500
2016-02-25,25.50687026977539,25.515499313935248,24.428264437121232,24.50592418873808,1682400
2016-02-26,25.20486068725586,26.352498890481563,24.894223321929648,25.023655694634062,2455300
2016-02-29,25.92967987060547,26.28346240173052,25.10994054187592,25.213485765422853,1365100
2016-03-01,26.20580291748047,26.300719093062174,25.54138145930069,26.1885448325305,1620200
2016-03-02,26.66313362121582,26.671762664653066,25.82613615766412,26.136775138117915,866500
2016-03-03,27.180862426757812,27.249893122643698,26.602729731530417,26.671760427416302,1111100
2016-03-04,27.146350860595703,27.448360823507908,26.689023039960723,27.318928452494646,1204500
2016-03-07,26.99966049194336,27.12909285550167,26.732165075324815,26.96514431722285,1430400
2016-03-08,26.179920196533203,26.74079488523844,25.95556999188674,26.619991561898747,1114000
2016-03-09,26.913373947143555,26.947888478922835,26.205808764538002,26.387013759478574,1049900
2016-03-10,26.516437530517578,27.103199192786523,25.998706555231955,27.04279754740379,964000
2016-03-11,27.103206634521484,27.2671551783053,26.671764310959126,26.801196678863466,647200
2016-03-14,27.1981201171875,27.29303629401362,26.792563344653896,26.870223082125367,625500
2016-03-15,26.585472106933594,27.034172460880388,26.378380015686222,26.991028892386964,683900
2016-03-16,27.32755470275879,27.44835801724423,26.369752292705,26.464670123127405,925300
2016-03-17,27.993030548095703,28.235019264674435,27.249777370629527,27.30163186012147,806800
2016-03-18,28.33008575439453,28.60664521544844,27.872034765183148,28.14859422623706,935900
2016-03-21,28.33008575439453,28.53750699860938,28.00167345492353,28.191806023867574,512500
2016-03-22,27.82881736755371,28.139947522842782,27.431261985970558,28.018949898237345,1083500
2016-03-23,27.05963706970215,27.74239295636365,26.98185452397278,27.74239295636365,872500
2016-03-24,27.05963706970215,27.189274096443018,26.30774132555057,26.783077639741833,889300
2016-03-28,26.67072868347168,27.223847599262477,26.14353618659333,27.146065045676345,1025100
2016-03-29,27.050996780395508,27.068282158406983,25.76326579017927,26.471949804406048,1435500
2016-03-30,27.69054412841797,27.932532840417846,27.102854430547755,27.336200453058424,1206500
2016-03-31,27.759679794311523,27.872033098913132,27.431265866049632,27.630042760745628,656300
2016-04-01,27.673259735107422,27.69918615607402,26.869507716652393,27.353486806315008,795400
2016-04-04,27.327558517456055,27.872034750057413,27.241133273817507,27.60411797835988,507600
2016-04-05,26.67072868347168,27.016428005840925,26.532448954523982,27.016428005840925,712100
2016-04-06,26.869503021240234,27.059637218275846,26.238601612126207,26.62751269448417,573400
2016-04-07,26.229963302612305,26.74851314741274,25.875621265823984,26.601590718859693,652800
2016-04-08,26.549734115600586,27.042357531011174,26.38552795888821,26.653444742114523,544300
2016-04-11,26.912723541259766,27.344848205176845,26.532455023878573,26.627521329011483,1186100
2016-04-12,26.817649841308594,27.249774386069724,26.601587568928025,26.87814701382726,865400
2016-04-13,27.673259735107422,27.75968333622878,27.111498085695963,27.180637955647764,1000200
2016-04-14,27.48311996459961,27.73375298794865,26.904073017591585,27.673255816360758,667700
2016-04-15,27.60411262512207,27.664608140985482,26.9040697709904,27.362122319547954,564900
2016-04-18,27.673259735107422,27.794254095416946,27.30163231595729,27.38805756550317,787000
2016-04-19,27.984386444091797,28.10538078913883,27.604116383112707,27.828821344217427,955200
2016-04-20,27.967098236083984,28.11401898395712,27.74239164929785,28.027595402484486,1239400
2016-04-21,27.63004493713379,28.105382962216346,27.569547759932696,27.906606051862916,799500
2016-04-22,27.66461753845215,27.872038812788926,27.560908549708415,27.612764692504935,813300
2016-04-25,26.9559268951416,27.655968126792267,26.79171912283001,27.604113648113294,481000
2016-04-26,27.310274124145508,27.37941399186539,26.947289406510002,26.990501205675752,682100
2016-04-27,27.673259735107422,27.837465895977623,27.396700255300214,27.396700255300214,1127000
2016-04-28,27.033710479736328,27.73375173837914,26.999139727001264,27.483118726322598,1048500
2016-04-29,26.342309951782227,26.99049672214158,26.06575052684344,26.981854034059214,1009900
2016-05-02,26.843578338623047,26.843578338623047,26.074397116854158,26.515164384468466,730300
2016-05-03,26.1348876953125,26.739862611467377,25.797831136884973,26.592940226025423,1589100
2016-05-04,26.039825439453125,26.33367027414879,25.728696875041067,25.944759156527624,751300
2016-05-05,26.031187057495117,26.299103852343226,25.910191046576166,26.074398858836098,1124200
2016-05-06,27.673259735107422,27.785613054044433,26.480594917908174,27.785613054044433,1486300
2016-05-09,26.791715621948242,27.699176298160783,26.696647716439216,27.6041100410757,943600
2016-05-10,27.07692527770996,27.38805549316341,26.72258326496549,26.86950568354913,628300
2016-05-11,26.7830753326416,27.36212220740087,26.757147270157184,27.016422949729087,660500
2016-05-12,25.64227294921875,27.007786572381374,25.38299885749368,26.973215814324977,1668900
2016-05-13,25.028654098510742,25.77190888032937,24.838519882698158,25.581774664516782,1372500
2016-05-16,25.175575256347656,25.503990833534232,25.00272642747122,25.166934216064508,695200
2016-05-17,25.348426818847656,25.918831110565858,24.9767994306382,25.14964991533891,959700
2016-05-18,25.521276473999023,25.927472956890888,25.236074337410198,25.262000755375514,954200
2016-05-19,24.98543930053711,25.806476537588924,24.84715958774879,25.313854854727516,825000
2016-05-20,25.443498611450195,25.73734349097916,25.04594309567733,25.201508225830857,632200
2016-05-23,25.36571502685547,25.616346444365643,25.184221832829518,25.45214027884761,574600
2016-05-24,25.95340347290039,26.273174746432794,25.521278882832668,25.607702482106617,954900
2016-05-25,26.247241973876953,26.497873318279744,26.057106145270602,26.057106145270602,881300
2016-05-26,26.126249313354492,26.437379509895305,25.944757797655218,26.31638516609579,578000
2016-05-27,25.88425636291504,26.342307245248502,25.771903077812244,26.10031859750223,683300
2016-05-31,25.970687866210938,26.420097846967668,25.841050815568487,26.057113116114085,570700
2016-06-01,25.633628845214844,26.178106715586914,25.01137007035686,25.815122018146994,1241100
2016-06-02,25.469417572021484,25.676837135313708,25.253355320872398,25.56448549002281,514700
2016-06-03,24.63974380493164,25.443495789290647,24.53603318019119,25.443495789290647,1518800
2016-06-06,25.745986938476562,25.763270671338272,24.7002444485951,24.760741634672808,2009400
2016-06-07,25.676836013793945,25.901540942985168,25.512629896958273,25.754618552684143,645500
2016-06-08,25.84104347229004,26.229956162124168,25.685478396356384,25.789188996453507,786900
2016-06-09,25.22640609741211,25.6852260299196,25.17446474788593,25.650597362778328,700600
2016-06-10,24.308765411376953,24.888782317519617,24.178911225174833,24.862810819804967,1041600
2016-06-13,23.997112274169922,24.378019289971636,23.806659591861788,24.09233944091671,855000
2016-06-14,23.65949249267578,24.118312371995486,23.24395844226484,23.832632505939774,1294300
2016-06-15,23.77203369140625,24.360707788411073,23.616209652068765,23.78069085767816,815400
2016-06-16,23.469038009643555,23.590235018976394,23.192015330491113,23.564263523611324,903100
2016-06-17,23.278583526611328,23.668147698604486,23.157386518073636,23.477695020733055,1408500
2016-06-20,24.066368103027344,24.326078109172087,23.72008974601981,23.875915419469564,912700
2016-06-21,24.08367919921875,24.248162015901713,23.780685058334942,24.222190523419595,564500
2016-06-22,23.979806900024414,24.360712380679633,23.945178228408878,24.08368961249913,645900
2016-06-23,24.35205078125,24.58578931856187,24.239510921351126,24.386679446563896,676100
2016-06-24,22.741851806640625,23.261270136352902,22.56005464820792,22.940961643488304,1973400
2016-06-27,21.581823348999023,22.50811874067557,21.200916261824812,22.50811874067557,2645500
2016-06-28,21.936756134033203,22.542744529367596,21.75495895495867,22.00601180911266,1886400
2016-06-29,22.811113357543945,22.90633889253662,21.980043485408764,22.066613504554105,1327300
2016-06-30,23.1833553314209,23.382465151324226,22.59468138458914,22.958274019327273,1134600
2016-07-01,23.572921752929688,23.772031606161118,23.105446373552176,23.140073384416755,1136500
2016-07-05,22.29169464111328,23.278588555097688,22.049298920491776,23.235304371608663,1299000
2016-07-06,22.18780517578125,22.43885800548124,21.703015497446376,22.040636674174277,1236500
2016-07-07,22.482147216796875,22.68125875265998,22.18781014762785,22.291694498999284,681300
2016-07-08,23.538297653198242,23.598896168094985,22.741856490586013,22.8630535203795,894700
2016-07-11,24.04905128479004,24.481899569353814,23.893225638157453,23.893225638157453,1170400
2016-07-12,24.76758575439453,25.07923547679509,24.36936437134716,24.412650201670566,1084000
2016-07-13,24.828184127807617,24.95803831568566,24.438619912987914,24.819526961791006,1223200
2016-07-14,25.139833450317383,25.31297180297904,24.932064785226682,25.235058966366385,1005800
2016-07-15,25.217748641967773,25.321632991016735,24.984011746182606,25.252377308712667,1205300
2016-07-18,25.47745704650879,25.633282734443558,25.113864325056202,25.295659860189694,832600
2016-07-19,25.36491584777832,25.57268453501896,25.174463144190963,25.399544512713636,552800
2016-07-20,25.442829132080078,25.624626323758765,25.200435078089367,25.45148629846341,569600
2016-07-21,25.624618530273438,25.962239660610887,25.486107212638323,25.51207705270419,1109200
2016-07-22,25.390886306762695,25.77179334952549,25.252374955064507,25.650594678400406,1191600
2016-07-25,25.122520446777344,25.486113153114463,25.113863281009134,25.382228815081483,764400
2016-07-26,25.035953521728516,25.347604923000247,24.975355005078065,25.12252353888019,1695000
2016-07-27,25.079240798950195,25.304322210840457,24.897445226569182,25.157153658880897,708400
2016-07-28,25.009981155395508,25.079236836482107,24.72430126451508,24.984011306979085,697900
2016-07-29,24.940723419189453,25.113863433232027,24.741613558870377,24.992666414113554,1161200
2016-08-01,24.74161148071289,25.14848833299634,24.58578581140017,24.89743715002561,705400
2016-08-02,23.849939346313477,24.73295022560783,23.702770866431084,24.69832322214528,1048000
2016-08-03,24.222196578979492,24.36070793780824,23.806662502493257,23.84994668293262,1330600
2016-08-04,24.023082733154297,24.403989732516397,23.815315729280073,24.239506901921455,1594400
2016-08-05,24.594440460205078,25.096544425961046,24.300103481880694,25.027288763483853,1564600
2016-08-08,24.525192260742188,25.027296379288405,24.352052226270082,24.54250659442655,1589800
2016-08-09,24.135631561279297,24.698335930544825,23.936521648159548,24.53385303870478,977800
2016-08-10,24.135631561279297,24.35205581063189,24.031748846254203,24.101004539999593,1062000
2016-08-11,23.945171356201172,24.239508375715413,23.607550160775915,24.239508375715413,1455400
2016-08-12,23.78068733215332,24.06636717203133,23.73740315839635,23.893228825818063,952800
2016-08-15,24.066368103027344,24.317420943848717,23.910544080763042,23.9365139255477,1261700
2016-08-16,23.75472068786621,24.075027579654442,23.720092023248235,24.04905773237657,986800
2016-08-17,24.213537216186523,24.282792889318547,23.73740466980204,23.73740466980204,1805500
2016-08-18,24.291454315185547,24.334740150475632,24.135628610512818,24.23951296402323,1307600
2016-08-19,24.55116081237793,24.603102156006482,24.06636943455963,24.21353795082848,695200
2016-08-22,24.542503356933594,24.594444699949154,24.239509162169373,24.421304688316592,651300
2016-08-23,25.018634796142578,25.09654763278323,24.66369927419535,24.66369927419535,1409200
2016-08-24,24.78489875793457,25.174462979987766,24.776243242942822,25.001322958811762,856700
2016-08-25,24.672361373901367,24.75027422612434,24.499221335364588,24.6896757079922,729700
2016-08-26,24.568471908569336,25.053263255127252,24.43861773227846,24.75892624156903,609700
2016-08-29,24.78489875793457,24.932067280578487,24.542504709710908,24.55981904206563,545100
2016-08-30,25.14849090576172,25.157148071740902,24.784898190563897,24.819526854480632,904800
2016-08-31,25.43416976928711,25.520739774458892,24.880124378084528,25.105205731056955,1711400
2016-09-01,25.373571395874023,25.754478429942942,24.90609600735876,25.693879921356288,975900
2016-09-02,25.373571395874023,25.68522275567455,25.287001390242153,25.460141401505894,1083700
2016-09-06,25.183120727539062,25.503427627567923,25.10520788132974,25.43417194773582,1036400
2016-09-07,25.728511810302734,25.73716897762563,25.06192643829812,25.19178064576988,618700
2016-09-08,25.9713077545166,26.17075312155009,25.555071859617694,25.67647475369847,1016900
2016-09-09,24.93072509765625,25.745851877003748,24.774636815018628,25.728508366939977,1030600
2016-09-12,25.329618453979492,25.398992501214988,24.50582149067784,24.64456627721219,603700
2016-09-13,24.844009399414062,25.286258985757815,24.71393638083488,24.98275417309428,844800
2016-09-14,24.852678298950195,25.173526584950434,24.47980114229002,24.783305920080952,1047300
2016-09-15,25.121498107910156,25.320945160637617,24.7572926756692,24.817994959349452,681700
2016-09-16,24.445119857788086,24.9220548353307,24.289031565801555,24.80065356554929,1194800
2016-09-19,24.210988998413086,24.670582148787787,24.080915964599377,24.51449384662399,866900
2016-09-20,23.638660430908203,24.280355337787874,23.62998867695427,23.950836957378076,773100
2016-09-21,23.760059356689453,23.846775233787692,23.456554613829507,23.760059356689453,1203500
2016-09-22,24.193641662597656,24.393087059856065,23.968181001100632,23.98552451059304,956800
2016-09-23,24.141613006591797,24.375745424954133,24.063568867137686,24.17629837192245,752900
2016-09-26,23.72537612915039,24.04622275307293,23.543272605491488,23.950836768268683,1170000
2016-09-27,23.8901309967041,24.14160686069587,23.551940914477083,23.6213132814459,956000
2016-09-28,24.42777442932129,24.45378969393316,23.890137205119483,24.028881975113215,803700
2016-09-29,24.289030075073242,24.63589200599467,24.046225896444163,24.427774847441814,744700
2016-09-30,24.783306121826172,24.887365517961108,24.289027711613205,24.471129587389356,790700
2016-10-03,24.731277465820312,24.922051097430785,24.445116191420603,24.69659044881768,680700
2016-10-04,24.46246337890625,24.948071799000417,24.315048486411808,24.826668866992694,697300
2016-10-05,24.765962600708008,25.052123872471565,24.523160099798314,24.583860725025737,871900
2016-10-06,25.10415267944336,25.17352505409392,24.635887910076175,24.80931967368651,571600
2016-10-07,25.581090927124023,25.754522713640917,25.060797221541442,25.15618486952254,1476100
2016-10-10,25.997325897216797,26.127398913458705,25.66780747913942,25.763193475600477,761200
2016-10-11,25.659141540527344,25.971318173445646,25.44235257966041,25.806558100075595,971600
2016-10-12,25.57242202758789,25.823897980718115,25.277588949971623,25.728510322086887,687900
2016-10-13,24.566518783569336,25.294929640693404,24.254342229382424,25.294929640693404,1345600
2016-10-14,24.479799270629883,25.130165893041735,24.349726276941084,24.826661138455968,676600
2016-10-17,24.627216339111328,24.765961089441248,24.419099213616448,24.46245632785659,473900
2016-10-18,25.294937133789062,25.346966023576652,24.80933030317819,24.930731597338763,861900
2016-10-19,25.823896408081055,25.88459704025225,25.216886778432777,25.364303308263462,581900
2016-10-20,25.737180709838867,25.971313139143156,25.659136566737438,25.80655309771034,489900
2016-10-21,25.693824768066406,26.075373770433625,25.372978059005177,25.62445237254222,732900
2016-10-24,25.789209365844727,26.231458954966623,25.641792836137427,25.945297650707534,578800
2016-10-25,25.87592315673828,26.00599616554464,25.48570247635115,25.789207266211356,643900
2016-10-26,26.28348159790039,26.352853968722243,25.57241438348445,25.711159125128155,1298200
2016-10-27,26.28348159790039,26.474256858136325,26.118723250928355,26.439569845741506,903300
2016-10-28,26.361534118652344,26.47426529087552,26.110059814559968,26.292161725733585,764400
2016-10-31,26.24012565612793,26.534958658756054,26.11872441526971,26.422227517415255,633600
2016-11-01,26.344186782836914,26.88182399039068,26.110056024452472,26.40488906505162,1181600
2016-11-02,26.4482479095459,26.656365071669423,26.33551840030039,26.361532011835717,1272100
2016-11-03,26.257471084594727,26.613004733669566,26.205440559875495,26.42222945096835,1058200
2016-11-04,27.679609298706055,28.54676332244924,26.67370884487831,26.88182600905286,3258500
2016-11-07,27.506174087524414,28.26060016124035,27.35008747424304,28.173885927406694,1025400
2016-11-08,27.714290618896484,27.922409406649617,27.124626233489117,27.376100483241558,990400
2016-11-09,28.069826126098633,28.30395853738914,27.402117564446243,27.454146437854778,1247800
2016-11-10,28.772226333618164,29.240491204594974,28.30396146264135,28.30396146264135,1379900
2016-11-11,29.10175132751465,29.153778561096434,28.460054547197373,28.633486377656396,995500
2016-11-14,30.133647918701172,30.17700502390365,29.26649258291121,29.3271931917817,1279400
2016-11-15,30.52387809753418,30.584578725527592,29.830154271940792,30.13365741190786,1837900
2016-11-16,30.14232635498047,30.56723404255319,30.07295562905317,30.28107111477107,1512500
2016-11-17,30.246389389038086,30.5932496572903,30.11631472098337,30.142328331419826,1409100
2016-11-18,30.18569564819336,30.350454065118118,30.064291053265826,30.18569564819336,1057600
2016-11-21,30.445833206176758,30.541220850070843,30.220370900984182,30.307088444495193,501500
2016-11-22,31.078861236572266,31.1222183611237,30.67129698832833,30.688640499736216,941300
2016-11-23,31.26096534729004,31.408383550676792,30.51521084388327,31.01816278634339,1282200
2016-11-25,31.555795669555664,31.58180928224337,31.234948983973393,31.39103727597266,344000
2016-11-28,31.217601776123047,31.495091305053695,30.870738210991675,31.48642120449666,2248800
2016-11-29,30.8707332611084,31.208926671456037,30.619260690042758,30.983464397890945,736900
2016-11-30,31.096202850341797,31.42572293110964,30.99214509618114,31.130889871040804,538900
2016-12-01,31.104873657226562,31.625169055706554,30.957458777815916,31.278305456719895,579200
2016-12-02,30.74932861328125,31.156892695548024,30.558556681357942,31.096192084308534,754900
2016-12-05,31.191600799560547,31.47776054494702,30.80137995772676,30.89676764216807,670600
2016-12-06,31.477752685546875,31.52978322077949,31.03550471384785,31.14823257828024,574700
2016-12-07,31.685869216918945,31.720556237887735,31.148230315711892,31.564467951464575,576900
2016-12-08,32.168128967285156,32.359296648350224,31.69890101271087,31.803172786591848,668600
2016-12-09,31.75104331970215,32.28109683144377,31.672838648875672,32.220271344661,632700
2016-12-12,31.20359230041504,31.83791722918759,30.864706697415585,31.751024674734875,758900
2016-12-13,31.229673385620117,31.907448209803633,31.203606270561508,31.490357795166066,813000
2016-12-14,30.560585021972656,31.4208361462788,30.53451791099774,31.029812907957826,1068200
2016-12-15,30.508451461791992,30.690927872053457,30.204320796616702,30.560585684872688,1466800
2016-12-16,30.499767303466797,31.055891225250125,30.43025388495656,30.630109520941385,971800
2016-12-19,30.638792037963867,30.821271773111995,30.291218377386823,30.42155725707583,775900
2016-12-20,30.70832061767578,30.97769304330785,30.499773689002406,30.734387740732085,331100
2016-12-21,31.099342346191406,31.134100718203804,30.58666796060134,30.856037056845423,663600
2016-12-22,30.569276809692383,31.134088532232116,30.31728368334453,31.134088532232116,659600
2016-12-23,30.473690032958984,30.604032207007513,30.343347858910455,30.56927385196268,284000
2016-12-27,30.465011596679688,30.829964494178736,30.43894116490103,30.638796796589588,288700
2016-12-28,29.908885955810547,30.551902428377954,29.78723499701834,30.49976488257843,538400
2016-12-29,29.95232582092285,30.273832295211857,29.89150036132058,29.95232582092285,422100
2016-12-30,29.830684661865234,30.186949605274,29.72640957008216,30.004469852023636,443000
2017-01-03,30.551904678344727,30.604042227983875,29.99578407448821,30.12612297647568,631900
2017-01-04,31.220985412597656,31.273122957388736,30.386804584380116,30.473697177625294,840900
2017-01-05,31.307870864868164,31.54248479080528,30.78650879483404,31.12539447183014,918000
2017-01-06,30.882097244262695,31.525110339388785,30.87340599677359,31.43821775293597,663000
2017-01-09,30.178264617919922,30.81258997487182,30.152197496936097,30.81258997487182,659700
2017-01-10,31.0211238861084,31.125395641084445,30.091359393618585,30.24776868345232,868200
2017-01-11,31.23836898803711,31.672838644853368,30.951617423462977,31.168852251871105,637800
2017-01-12,30.65617561340332,31.23836663331709,30.46501123283745,31.160161968395542,640400
2017-01-13,30.72569465637207,31.18623143181993,30.621422866877168,30.89948318202385,593100
2017-01-17,30.100046157836914,30.864713399058918,30.08266698022514,30.734371224340222,825700
2017-01-18,30.595355987548828,30.604047237948265,29.98709773447966,30.10875203688614,439400
2017-01-19,30.38680648803711,30.856031161592746,30.282531391922376,30.67355471550221,539400
2017-01-20,30.5866641998291,30.795207776780487,30.369429373572842,30.5866641998291,388300
2017-01-23,30.65617561340332,30.769138643787812,30.438940801370155,30.586662197217596,437700
2017-01-24,31.299184799194336,31.45559409247611,30.76913145137713,30.76913145137713,477600
2017-01-25,31.777090072631836,31.881361795326477,31.52509703760968,31.55116745433706,449100
2017-01-26,31.959566116333008,32.063841152788115,31.690197225669653,31.79446894738649,396000
2017-01-27,31.698888778686523,31.924814735430253,31.446895717218,31.863985966507983,321300
2017-01-30,31.698888778686523,31.707580023420554,31.012426293198605,31.49034531141086,500600
2017-01-31,31.61200523376465,31.75103535650497,31.038505563118367,31.472975111024326,373700
2017-02-01,31.820552825927734,32.12468353716167,31.551183793244547,31.716281049235533,601800
2017-02-02,31.698888778686523,31.916123490696222,31.516412416135655,31.646751254498284,433200
2017-02-03,32.150753021240234,32.33322947257988,31.698904202632352,31.916139020343433,563900
2017-02-06,32.17681884765625,32.32454024143787,31.846624324596398,32.08992624995421,360000
2017-02-07,32.298465728759766,32.65473395264065,32.11598930780105,32.31584490905198,604200
2017-02-08,32.12467956542969,32.15943461020347,31.603314116947626,32.150746677694926,304800
2017-02-09,32.89803695678711,32.92410407073473,31.994339439551563,32.12468163876932,391800
2017-02-10,33.315128326416016,33.402020918605146,32.81983325851015,32.9414842134709,713900
2017-02-13,33.76697540283203,34.071102774964075,33.36726419524714,33.36726419524714,849000
2017-02-14,34.29703903198242,34.392622895932,33.19348560093491,33.66271367046518,1161000
2017-02-15,34.340476989746094,34.5316446711672,34.01027917131144,34.27965151197391,477300
2017-02-16,33.87125015258789,34.453441149437396,33.58450193572891,34.409991536959936,712600
2017-02-17,33.845191955566406,33.958155011243036,33.3933430476008,33.7496080865124,543500
2017-02-21,34.861839294433594,34.93135602054877,33.87994039860633,34.114551062395186,870600
2017-02-22,34.74020004272461,34.96612616397531,34.39262623926816,34.75757923010859,1061300
2017-02-23,34.12322998046875,34.95741050398905,34.045025349217546,34.81838041673567,1022800
2017-02-24,33.115272521972656,34.54033224000702,32.463568140085734,34.54033224000702,1821400
2017-02-27,33.81911849975586,33.81911849975586,32.99362875467555,33.037075059983884,1384300
2017-02-28,33.827796936035156,33.96682704920302,33.462840817257415,33.68007557625341,988200
2017-03-01,34.46212387084961,34.91397259140677,34.17537569735999,34.27964745910717,1049500
2017-03-02,34.140621185302734,34.696741730267576,34.06241652649581,34.436060639157795,546100
2017-03-03,34.32310104370117,34.43606407652923,33.680084527687896,34.20145007668953,758500
2017-03-06,34.06241226196289,34.09717062035651,33.68007694911209,33.94944925455338,635400
2017-03-07,33.91469955444336,34.0711088924058,33.56712582599154,33.91469955444336,647700
2017-03-08,34.02766036987305,34.36654614176081,33.98421407099464,34.079797917371216,630100
2017-03-09,33.488914489746094,34.270957709121994,33.419397769051514,33.97551827564941,733300
2017-03-10,33.72353744506836,33.9233930982633,33.41940668301823,33.70615826025916,620800
2017-03-13,33.74091339111328,34.0276616260889,33.61057117492602,33.758289259514015,508900
2017-03-14,33.78435134887695,33.86255599632938,33.402016043669796,33.69745545463013,634900
2017-03-15,34.036354064941406,34.166696298379236,33.76698497745625,33.89732389615338,466400
2017-03-16,34.24964904785156,34.36282878708702,33.86658350418435,34.1016442625284,465000
2017-03-17,34.04069900512695,34.26705846306835,33.88398963304411,34.26705846306835,453700
2017-03-20,33.78822708129883,34.02329114870832,33.52704257011116,34.02329114870832,546200
2017-03-21,32.90020751953125,34.05811198310973,32.882794997833216,33.96234477432,1081900
2017-03-22,32.73478698730469,32.804437067210195,32.012185674327355,32.64772770852141,961400
2017-03-23,33.06562805175781,33.178807804691964,32.51714513333801,32.64773741142354,804800
2017-03-24,32.87409210205078,33.50092969461195,32.59549835449014,33.12656872362119,401800
2017-03-27,32.77832794189453,32.83927011612535,32.1253732284791,32.31690435273336,379700
2017-03-28,33.39645767211914,33.518342020818935,32.61291068604984,32.7086779089138,545100
2017-03-29,33.46610641479492,33.6837579991497,33.17880805041841,33.30939700837151,487400
2017-03-30,33.82304382324219,33.85786886241825,33.45739087518914,33.53574555278601,333200
2017-03-31,33.73597717285156,33.90139109113614,33.50091319143802,33.727272575509346,359400
2017-04-03,33.300689697265625,33.875289700374466,33.109155255862895,33.76210995580928,392400
2017-04-04,33.23103713989258,33.45739661225314,32.92632629759847,33.187507494007576,587600
2017-04-05,33.143978118896484,33.814345298519264,33.08303594993979,33.59669374621703,1127500
2017-04-06,32.38655471801758,32.83056246553589,31.820659299928113,32.430084368386126,1274900
2017-04-07,31.933828353881836,32.34301423673829,31.602997143889414,32.23853912552069,1021300
2017-04-10,32.25596618652344,32.65644433011648,31.93384275112032,31.959959880150354,502000
2017-04-11,32.1776008605957,32.3604273456778,31.7597103285086,32.0992461782607,618500
2017-04-12,31.15028953552246,32.07313332570091,31.08934736571908,31.8119521235294,1127700
2017-04-13,30.941343307495117,31.402763503340225,30.915222864698997,31.158994844569055,521800
2017-04-17,31.838054656982422,31.846762575020424,31.01097846154778,31.01097846154778,711000
2017-04-18,32.1776008605957,32.221130501648766,31.50723376086262,31.690063567043445,1015000
2017-04-19,32.23854446411133,32.517138164629095,32.151485178111606,32.24725238537063,450000
2017-04-20,32.60419464111328,32.79572569851858,32.27336343854303,32.36042270817287,976100
2017-04-21,32.04701614379883,32.77832550121467,31.994778575019424,32.60420359304915,672000
2017-04-24,32.95243835449219,33.300682110228124,32.64772755904718,32.64772755904718,701700
2017-04-25,32.87409210205078,33.257160995771244,32.80444532571034,33.152689170710865,518600
2017-04-26,33.47480010986328,33.66633116433943,32.665136294514866,32.839258152209894,671500
2017-04-27,32.96114730834961,33.45739251711694,32.76961290458022,33.45739251711694,624800
2017-04-28,33.20491027832031,33.31808998130751,32.71737307363355,32.935024560325324,671400
2017-05-01,33.06562805175781,33.31810468480339,32.94374369679777,33.30939676167791,568300
2017-05-02,33.605384826660156,33.605384826660156,32.9698429481654,33.083022639735034,553100
2017-05-03,33.36162567138672,33.52703963570882,33.11785702478599,33.51833503594396,748800
2017-05-04,33.41385269165039,33.54444157351657,32.97854977656775,33.46608691595779,705400
2017-05-05,31.87288475036621,32.02959408896907,30.532150773918726,31.942531500246268,5442600
2017-05-08,31.39406394958496,32.12537336455181,31.333121775096007,31.864188821199814,1412200
2017-05-09,30.86299705505371,31.733603441254946,30.654050061081506,31.402772084590534,1535500
2017-05-10,30.392860412597656,31.0196979002338,30.19262139762475,30.897813571215412,1911100
2017-05-11,31.289583206176758,31.367937890945015,29.96626148625664,30.384155352419906,1218600
2017-05-12,31.002288818359375,31.315707596949917,30.671457516391666,31.167702808793607,1283100
2017-05-15,32.029598236083984,32.13407003497992,31.359231161062734,31.646529438301208,1653800
2017-05-16,32.57808303833008,32.647733129801246,31.637830051163363,32.02960351294081,1429100
2017-05-17,31.54205894470215,32.25595568871482,31.533354344891684,32.07312920280642,1434100
2017-05-18,31.663951873779297,31.794544154117784,31.272178353863485,31.394066032025908,1082100
2017-05-19,32.49973678588867,32.69126792540286,31.820661571484813,31.820661571484813,1242900
2017-05-22,33.11786651611328,33.46610706518901,32.60420863420938,32.78703517155661,1324700
2017-05-23,33.52704620361328,33.927527614323765,32.699972898881455,33.17880568612077,2039000
2017-05-24,33.03078842163086,33.762097549690125,32.92631663793614,33.518328947369746,781300
2017-05-25,32.63902282714844,33.17879765735917,32.44748843016136,33.17879765735917,1177300
2017-05-26,32.65643310546875,32.8044378683331,32.41266446204356,32.63031598541568,968300
2017-05-30,31.84677505493164,32.61290608761978,31.759712445922343,32.60420148726832,1236600
2017-05-31,32.14278793334961,32.64774125894935,31.0022956308743,31.785839428429096,1562800
2017-06-01,33.38774490356445,33.42256994702403,32.27337008164949,32.27337008164949,1168100
2017-06-02,33.109153747558594,33.37904287350393,32.99597732924856,33.27457105617959,655200
2017-06-05,32.821842193603516,33.42255905252486,32.78701716149559,33.065610776163275,657700
2017-06-06,33.04819869995117,33.24843765558995,32.334302137726674,32.57807072353077,758700
2017-06-07,33.170101165771484,33.4399903344174,32.935040369876326,33.11786690939466,457000
2017-06-08,33.15267562866211,33.44867845857344,33.04820052517779,33.10043807691995,592200
2017-06-09,33.448692321777344,33.54445954578078,33.13527684471989,33.23104074762387,779900
2017-06-12,33.14774703979492,33.74091751618835,33.11285387586701,33.48794706910389,490000
2017-06-13,33.35708999633789,33.610057019519616,33.01688676895295,33.234963969084994,551300
2017-06-14,33.79323959350586,33.845575984438725,32.97326730789343,33.22623762271401,746800
2017-06-15,33.53157043457031,33.84560233503204,33.24371007754447,33.33093968207446,841200
2017-06-16,33.156471252441406,33.662412186062376,33.112856457928174,33.601350808224744,642800
2017-06-19,32.92966842651367,33.39199118330051,32.7900991040349,33.313483231431505,963100
2017-06-20,32.5545768737793,32.90350186119455,32.50223712738842,32.90350186119455,674700
2017-06-21,31.63865089416504,32.5109599786661,31.420573623039772,32.5109599786661,913800
2017-06-22,31.71714973449707,31.952673518972343,31.185040813378215,31.71714973449707,770900
2017-06-23,31.891618728637695,32.11841760798567,31.6386483161226,31.769492671578995,1422500
2017-06-26,32.1358642578125,32.458617661757565,31.769492741025147,31.926508629991897,692200
2017-06-27,32.24925994873047,32.43244401258064,32.04862930819063,32.40627581134326,720800
2017-06-28,32.88605499267578,33.104132276012365,32.38011409808918,32.38011409808918,760700
2017-06-29,32.833709716796875,33.28731078905166,32.484788118781836,33.16518806336666,709500
2017-06-30,32.58945846557617,33.03433450534033,32.39754945788483,32.94710495325924,798300
2017-07-03,33.086673736572266,33.35709066811575,32.737748878296415,32.83370338070198,367800
2017-07-05,33.069236755371094,33.191359492921244,32.572020851005476,33.043068548066074,520600
2017-07-06,33.09540939331055,33.627518530382105,33.0256263886233,33.147749142522585,962300
2017-07-07,33.20880889892578,33.330931646865636,32.667978160508454,33.08668615098593,454400
2017-07-10,33.73219680786133,33.889212737707965,33.20881259343634,33.29604218664194,705300
2017-07-11,33.64495849609375,33.79325275922997,33.173910828618446,33.41815961597314,676800
2017-07-12,33.514102935791016,34.133444720838895,33.514102935791016,33.653675540101325,498100
2017-07-13,33.75835418701172,33.78452238847728,33.37453615168066,33.505383814197025,345900
2017-07-14,33.505393981933594,33.95899513468995,33.487947399797356,33.78453264092285,427100
2017-07-17,34.18578338623047,34.40386060353185,33.41815397719748,33.644952819049436,943300
2017-07-18,34.04621887207031,34.203234756741686,33.8455882033446,34.06366545121099,532200
2017-07-19,34.456199645996094,34.49981442306713,34.04621342082119,34.06365999716844,427500
2017-07-20,35.19765853881836,36.14847525824536,34.35152127063405,34.53470531891781,1822700
2017-07-21,34.89236831665039,35.30235470920161,34.665569386734205,35.19767520838286,1081300
2017-07-24,34.88364028930664,35.2936232790509,34.857468755105344,34.94470165645142,604700
2017-07-25,34.75279235839844,35.15405371900346,34.726624151974825,35.06682414586147,847100
2017-07-26,34.90980911254883,35.092993217218876,34.44748637383061,34.805132956679515,678600
2017-07-27,34.49980926513672,35.05808631440616,34.29917865853012,35.014471543855805,984700
2017-07-28,34.51726150512695,34.56087628283698,34.10727527394533,34.49981492852409,643700
2017-07-31,34.526004791259766,34.71791058060876,34.39515706105254,34.67429577973835,893500
2017-08-01,34.587059020996094,34.970873847868376,34.49110448237919,34.78768972556083,829500
2017-08-02,34.290462493896484,34.60449088840308,33.95025924322445,34.45619997940781,937900
2017-08-03,34.831295013427734,35.14532675318066,34.44748029128216,34.45620191623334,1083100
2017-08-04,37.12547302246094,37.134194648503545,35.05809825290543,35.6687152313278,1965400
2017-08-07,37.2824821472168,37.39587990316926,36.85504934159881,37.125466286181144,720000
2017-08-08,37.064414978027344,37.84949116839653,37.02952181554112,37.23887413526819,793700
2017-08-09,35.956581115722656,36.63698112900229,35.59020957408321,36.63698112900229,1260400
2017-08-10,34.988319396972656,35.96530468135929,34.944704606415215,35.8780751002444,1247500
2017-08-11,34.90107345581055,35.00575290717419,34.45619743409397,34.53470535881972,652400
2017-08-14,35.24128341674805,35.5553118480749,35.154050523939524,35.29361982483855,564900
2017-08-15,34.831295013427734,35.31106424800831,34.744065453538326,35.31106424800831,762600
2017-08-16,34.92725372314453,35.23256054704124,34.81385261958512,34.944700302737886,472500
2017-08-17,34.35152053833008,34.953412395971604,34.30790576503905,34.822564748504625,655900
2017-08-18,34.29917907714844,34.63065732704547,33.958979204072364,34.24683935529299,574300
2017-08-21,34.13344955444336,34.35152678816887,34.046216664396454,34.22940406969771,400400
2017-08-22,34.569610595703125,34.64811854787728,34.15090262663936,34.26430041387247,456100
2017-08-23,34.569610595703125,34.78768787089854,34.23813220567946,34.34280836604662,380100
2017-08-24,34.430049896240234,34.7528034126416,34.29920216731202,34.59578746896613,458800
2017-08-25,34.36897277832031,34.77023408288927,34.307911420129145,34.62193983614325,343200
2017-08-28,34.39514923095703,34.61322651325953,34.19451853055017,34.508550349481,293800
2017-08-29,34.39514923095703,34.48237881283993,33.967716293502235,34.037502621084755,362300
2017-08-30,35.031925201416016,35.0842649332163,34.3253537962868,34.412586682620606,520000
2017-08-31,35.450645446777344,35.55532161931986,35.13661360155425,35.232568146216366,408700
2017-09-01,35.319786071777344,35.616371207760736,35.23255319202098,35.53786327977707,402000
2017-09-05,34.48237228393555,35.38085277966798,34.22940521333392,35.232558525430846,518400
2017-09-06,34.39514923095703,34.79641063177076,34.20324015770036,34.66556625894641,555800
2017-09-07,33.96770095825195,34.674272231853664,33.54899316457478,34.464916671218205,729300
2017-09-08,34.48237228393555,34.543433645211245,33.784525778217116,33.93282003245426,578900
2017-09-11,34.726619720458984,34.93597200032197,34.58705042468549,34.87491064139572,924400
2017-09-12,35.063087463378906,35.09804647726452,34.70476590573904,35.0456079564361,455700
2017-09-13,34.88829803466797,35.098048797975466,34.80090382805042,35.098048797975466,421100
2017-09-14,34.6698112487793,34.966956236398836,34.54745801867869,34.835864918666246,479000
2017-09-15,34.932003021240234,35.01939723923961,34.5824194814913,34.68729320986569,550000
2017-09-18,34.87083435058594,35.11554088386501,34.80091629314821,35.04562282642729,386800
2017-09-19,35.55251693725586,35.631173080943974,34.90578827427841,35.01066535511344,405400
2017-09-20,35.980751037597656,35.98949246071057,35.3777228639742,35.639908881468045,485300
2017-09-21,35.82343292236328,36.01570084123202,35.683600193242725,35.954524230608975,482200
2017-09-22,35.91956329345703,35.94578422080375,35.63115976364354,35.72729538487305,433700
2017-09-25,35.76225662231445,36.01570451150976,35.35149981396837,35.867133680249076,653200
2017-09-26,35.86711883544922,36.06812811248284,35.6661095584156,35.79720082576403,534800
2017-09-27,35.849647521972656,36.13805104311705,35.2990547384925,36.085615857749865,605700
2017-09-28,36.03317642211914,36.138050124061344,35.60494019442814,35.86712611622108,314100
2017-09-29,37.24797821044922,37.274199139481546,35.97200412671856,36.10309877025436,1054300
2017-10-02,37.833518981933594,38.33167314727789,37.32662339818014,37.37032048860302,1164400
2017-10-03,38.40160369873047,38.94345851235113,37.859752218985484,37.95588785797869,1195100
2017-10-04,37.982093811035156,38.5676455536118,37.96461430622507,38.40159192485329,1007700
2017-10-05,37.95588684082031,38.3404260526124,37.87723071410425,38.008325369922886,582100
2017-10-06,37.807315826416016,38.10446084834547,37.71118351586237,37.85101627124824,537800
2017-10-09,37.71118927001953,38.01707242726305,37.5626150694467,37.885977740515045,428000
2017-10-10,37.763614654541016,37.9558859227241,37.623781914192094,37.938406413446046,400700
2017-10-11,38.31421661376953,38.38413133358527,37.6849674660464,37.76362360951179,473500
2017-10-12,38.62882614135742,38.79487645338348,38.16562755075842,38.21806607060218,428200
2017-10-13,38.87353515625,38.96967078209797,38.55017259702291,38.768661443450036,365200
2017-10-16,38.943458557128906,39.13572650146071,38.86480242821454,39.10950890311448,254200
2017-10-17,38.30546951293945,39.074547919374496,38.15689535073292,38.917235669450164,1004300
2017-10-18,37.95588684082031,38.655050559476656,37.894710223805106,38.471520708431036,760100
2017-10-19,37.641258239746094,37.99957981495034,37.21302196721857,37.81604998386712,838500
2017-10-20,38.57639694213867,38.58513836449552,37.69370331501787,37.89471268883992,1068500
2017-10-23,38.174373626708984,38.66378986998104,38.139414609216246,38.567654238813724,426800
2017-10-24,38.48899841308594,38.85605809796291,38.209332938739074,38.209332938739074,433000
2017-10-25,37.615047454833984,38.515220599293556,37.49269421196094,38.454043977857026,540800
2017-10-26,37.87723159790039,38.15689709188841,37.66748081047154,37.75487836101509,529400
2017-10-27,37.842262268066406,37.96461547161822,37.510158334229516,37.82478276271975,543100
2017-10-30,37.68495559692383,37.91218586597899,37.51016385162183,37.58008188329273,397700
2017-10-31,37.973365783691406,38.200592738659545,37.71117980984339,37.71117980984339,484700
2017-11-01,38.27925109863281,38.707490770219636,37.95588848980749,38.29673060909306,518700
2017-11-02,38.83856964111328,39.45908039486992,38.0083148307323,38.174365126033564,666000
2017-11-03,38.454044342041016,38.812365985509544,38.29673207574987,38.78614838575297,418100
2017-11-06,38.270511627197266,38.49773858721681,37.903448588549566,38.3491677544878,544500
2017-11-07,37.693687438964844,38.40158899342432,37.545113326358006,38.32293289472055,1583000
2017-11-08,37.29167938232422,37.728657129952346,37.01201389055227,37.60630389403657,718200
2017-11-09,37.038230895996094,37.23924023853081,36.4264614473957,37.15184269794488,951900
2017-11-10,37.781089782714844,38.27050598412101,37.09066424873341,37.71117508758546,773600
2017-11-13,36.60999298095703,37.58882214382193,36.1642771718457,37.58882214382193,895700
2017-11-14,36.08562469482422,36.7760503648214,36.04192758502551,36.54882005966689,841100
2017-11-15,35.93703842163086,36.01569452633702,35.185436384188556,35.65737301242554,784800
2017-11-16,36.38277053833008,36.48764427101302,35.980748450939736,36.09436360610717,520000
2017-11-17,36.36528778076172,36.43520248501683,36.05066327692483,36.27789023309838,398000
2017-11-20,36.2429313659668,36.50511731818711,35.9370449768137,36.2953665560857,525700
2017-11-21,36.347816467285156,36.75857669923611,36.23420129664156,36.75857669923611,478900
2017-11-22,36.3740348815918,36.714877067246064,36.216722590693465,36.3478172777342,243700
2017-11-24,36.49637985229492,36.706130637126634,36.34780901902399,36.5575598038557,203900
2017-11-27,36.77605056762695,36.872182876163926,36.41772559722453,36.57503786046801,475400
2017-11-28,37.256717681884766,37.41402991234593,36.295364791969284,36.74982197620431,485900
2017-11-29,37.24797821044922,37.78983295878027,37.15184258303967,37.414031870111266,418800
2017-11-30,37.842262268066406,38.2705018143725,37.30914902355514,37.48394074314692,557700
2017-12-01,38.18310546875,38.28798250407406,36.85469302618567,37.842263438633964,784900
2017-12-04,38.7424430847168,38.99588760782917,38.34042108147359,38.54143041615762,746000
2017-12-05,38.56766128540039,38.934721034512314,38.43656661278841,38.75119115995635,577900
2017-12-06,38.06076431274414,38.79488712308646,38.052026223971126,38.45404498504823,488300
2017-12-07,38.33168411254883,38.419078318394824,37.947141605525836,37.98210062141433,389700
2017-12-08,38.34916687011719,38.585135246547125,38.209334128589326,38.40160206451793,439200
2017-12-11,38.235565185546875,38.48027173589383,38.130691425951994,38.340438945141756,1232900
2017-12-12,38.847312927246094,38.96966613322918,38.22680547754626,38.22680547754626,601600
2017-12-13,39.48674774169922,39.50426332218662,38.73345080781875,38.93491339735076,1704700
2017-12-14,39.18016052246094,39.618123421224944,38.969940202233595,39.45169872259565,924700
2017-12-15,40.11740493774414,40.204999531238826,39.39038818939469,39.407907108093625,943400
2017-12-18,41.142242431640625,41.44881517379008,40.0823695057976,40.29259320140886,1344400
2017-12-19,40.98457336425781,41.2911460904668,40.844425354934835,41.15975921125957,987700
2017-12-20,41.107208251953125,41.52765233921589,41.08093154068438,41.25611407099943,739700
2017-12-21,41.56267547607422,41.82545251996325,40.879451152293065,41.22106498487935,718900
2017-12-22,41.886783599853516,41.96561707830313,41.606487530119914,41.825469043436335,589700
2017-12-26,42.14080047607422,42.21963394988229,41.84298550184289,41.84298550184289,466900
2017-12-27,42.21964645385742,42.342275595790085,42.06197945954585,42.184608601478516,414000
2017-12-28,42.31599426269531,42.43862339125542,42.097012721297084,42.28095641413724,611100
2017-12-29,42.12327575683594,42.88533033782272,42.10575683824644,42.41232956008248,804900
2018-01-02,42.07072067260742,42.30722107087409,41.65027663393073,42.26342544335631,728600
2018-01-03,42.21086883544922,42.32474014051373,41.87801939201788,42.184592127123636,725200
2018-01-04,42.0094108581543,42.46489278671203,41.70283808960226,42.41233602293486,1259800
2018-01-05,42.4386100769043,42.47364791446988,41.711589983682956,42.14955292907641,519700
2018-01-08,43.13935089111328,43.375851286813344,42.31598174198103,42.53496321858566,893200
2018-01-09,42.4386100769043,43.4284072690833,42.40357223933872,43.35833159395214,722400
2018-01-10,42.42109298706055,42.70138901688564,42.25466826353697,42.368536228446246,477000
2018-01-11,43.62111282348633,43.74374192518577,42.45613301594919,42.727667929314414,536800
2018-01-12,43.91017150878906,43.98024385157326,43.30578042763861,43.79630019269814,490300
2018-01-16,43.07804489135742,43.98024768471374,42.780229890435024,43.97148989412462,739600
2018-01-17,43.11308670043945,43.419659520138154,42.876586236074836,43.16564013159173,782600
2018-01-18,42.37730026245117,43.11307822650298,42.30722457949744,42.946650150184105,422700
2018-01-19,42.66636276245117,42.70140061104075,42.34227101648054,42.40358558081571,538400
2018-01-22,43.17439270019531,43.17439270019531,42.44737252713325,42.788983127432786,383200
2018-01-23,43.14811706542969,43.2795073134839,42.72767294960615,42.99045344571457,396500
2018-01-24,43.33205795288086,43.778778718582,42.78898145635968,43.4722059716687,497300
2018-01-25,43.72623062133789,43.98901113234416,43.472214584167766,43.53352914569776,550800
2018-01-26,44.0941276550293,44.19048007736284,43.45470189209896,43.9014228103622,405000
2018-01-29,43.85762405395508,44.40945848909377,43.848866262270505,44.05032888494804,482500
2018-01-30,42.76271057128906,43.64739777526269,42.55249018517153,43.49848860548604,661100
2018-01-31,42.5875244140625,43.279506808473634,42.33350839425734,43.06052529186703,483400
2018-02-01,42.84153747558594,43.37585283215999,42.25466870124544,42.42109342649298,359300
2018-02-02,41.238590240478516,42.45612662609558,41.203552404868496,42.42984657869211,687400
2018-02-05,39.06631088256836,41.13349744492983,38.94368173757973,40.65173865759152,1125800
2018-02-06,40.11740493774414,40.5028144663366,37.4458316519097,38.295480831151714,945600
2018-02-07,39.74075698852539,40.511572713033445,39.65316573543244,39.810832664113455,634700
2018-02-08,38.36555862426758,40.231281963810076,38.36555862426758,39.83711459047116,727300
2018-02-09,38.33928298950195,39.02250422820826,36.832689138618655,38.8648372744464,979700
2018-02-12,39.04002380371094,39.469229038671344,38.42687490007867,38.803523369107374,556000
2018-02-13,39.06631088256836,39.460478378170095,38.81229479997488,38.84732931183335,715200
2018-02-14,40.22252655029297,40.30136003616721,38.62834125051874,38.8385649933144,839300
2018-02-15,40.17873001098633,40.6955265531548,39.732009161976336,40.625454201389275,928200
2018-02-16,40.34515380859375,40.940783771343085,39.83711511155766,39.92470971866351,444200
2018-02-20,40.099891662597656,40.546615798811125,39.837114527915205,40.13492950492667,579900
2018-02-21,39.86339569091797,40.38895336036982,39.8371189769329,40.17872962431049,927700
2018-02-22,40.03857421875,40.353908094161355,39.977259669796936,40.222517865609184,973300
2018-02-23,40.441497802734375,41.01961211309937,39.749518870864385,40.616683653627504,1677100
2018-02-26,39.8283576965332,40.818151705703784,39.74952422009201,40.67800367440752,1319100
2018-02-27,38.62834167480469,40.41523181331903,38.602064959689,39.95974981675304,643900
2018-02-28,38.2516975402832,38.98747572021986,38.2429397480406,38.82981207009879,496100
2018-03-01,38.19913864135742,38.55826821702895,37.74365665782888,38.19037750897425,571800
2018-03-02,37.75241470336914,38.08526756692141,37.20934144070502,37.761175835811386,722100
2018-03-05,37.787445068359375,37.96263092719409,37.30568646260817,37.49839124146559,928300
2018-03-06,38.006431579589844,38.10278398175275,37.3144491835042,37.883802464616245,1602700
2018-03-07,37.35825729370117,37.94512629924107,36.76262715415386,37.53343987712624,854500
2018-03-08,37.726139068603516,38.190378859539635,37.37576727153163,37.42832404351034,613800
2018-03-09,38.43564224243164,39.15390145259534,38.190380636512224,38.54951024159408,1521200
2018-03-12,38.36555862426758,38.943669658033805,38.24292951731604,38.62833575936267,977100
2018-03-13,38.47066879272461,38.899874008254514,38.383077528196495,38.61082016219769,497900
2018-03-14,38.71592330932617,39.25899640173302,38.49694184642432,38.961181478530825,1268400
2018-03-15,38.41810989379883,38.99622084489135,38.21664734098999,38.92614517014458,505000
2018-03-16,38.70717239379883,38.882358278627294,38.2429326391873,38.40935739200829,720000
2018-03-19,38.531593322753906,38.62816426926253,38.004846967761715,38.531593322753906,526800
2018-03-20,38.37356948852539,38.83008456786676,38.25066222658189,38.531594067873236,269700
2018-03-21,38.62815475463867,39.040774752097526,38.206757104646385,38.32966433393945,374800
2018-03-22,37.58344650268555,38.4350196035243,37.57466549965187,38.039961540265665,563200
2018-03-23,36.5650634765625,37.855592804096595,36.521165164568195,37.71512691303945,496200
2018-03-26,37.46931076049805,37.557100682607405,36.670410413007765,37.14448402992838,623400
2018-03-27,36.766971588134766,37.75901017102582,36.538712492818796,37.6712202721935,431400
2018-03-28,36.889888763427734,37.37274003553868,36.617734645088056,36.90744741773715,692300
2018-03-29,37.4166374206543,37.627337937045496,36.986462083605105,36.986462083605105,455400
2018-04-02,36.58262252807617,37.50443359079925,36.17878346856153,37.293733058155624,388800
2018-04-03,37.785362243652344,37.85559351601619,36.75820267494105,36.8898909154585,894400
2018-04-04,38.24188232421875,38.294554948257954,36.82844219699377,36.82844219699377,1105700
2018-04-05,38.57548141479492,38.75106461813681,38.25943566754479,38.426237868785506,716300
2018-04-06,36.450931549072266,38.3560002833152,35.90662667485583,38.30332767066344,1325000
2018-04-09,36.424598693847656,37.03913489281515,36.07343228103385,36.81087906876595,904700
2018-04-10,37.22350311279297,37.47809527309892,36.82844169304721,36.86355900790716,627700
2018-04-11,36.81086730957031,37.0303454102241,36.52993560865107,36.679179109590024,411600
2018-04-12,37.32883834838867,37.513199161963364,37.012789325706194,37.012789325706194,445000
2018-04-13,37.14448928833008,37.62734062622868,37.02157869141779,37.58344565895995,442100
2018-04-16,37.381526947021484,37.60100513713137,37.30251466462307,37.381526947021484,378100
2018-04-17,37.36396408081055,37.81169806464916,37.07425129499595,37.62733720947861,315500
2018-04-18,37.829261779785156,38.048739974527706,37.530771300976426,37.601005930800355,654100
2018-04-19,37.79413986206055,38.03995768753554,37.68001027698184,37.85559348118653,868900
2018-04-20,37.49564743041992,37.987279706317224,37.37274019868832,37.89070878167928,441000
2018-04-23,37.539546966552734,37.80292346546855,37.24105650355661,37.54832796930129,362100
2018-04-24,36.889888763427734,38.11018677167988,36.80209549188064,37.478088612424315,592400
2018-04-25,37.021583557128906,37.232284116270804,36.36314891464666,36.714315396892566,571600
2018-04-26,36.87234115600586,37.337633913208265,36.652862934839156,37.17083167075145,349400
2018-04-27,37.17960739135742,37.30251800195133,36.881116892144206,36.91623420945675,385800
2018-04-30,36.600181579589844,37.363968088310045,36.39826204765493,37.24983849235679,855100
2018-05-01,36.60896682739258,36.749432750633126,36.18756905767094,36.442161241126335,495900
2018-05-02,36.7845458984375,37.539548057153795,36.582623017010086,36.626521334085595,580900
2018-05-03,37.46931076049805,37.51320572155272,36.62651545195309,36.64407410616913,766900
2018-05-04,38.01362228393555,38.33844907123232,37.197163139644424,37.3376290489326,629300
2018-05-07,37.95216369628906,38.27699044111989,37.82047880734354,38.19797816816418,513500
2018-05-08,38.31210708618164,38.61059751783722,37.899487073577205,38.11896523364834,458100
2018-05-09,38.76863479614258,38.794971112331645,38.329678331807195,38.672063838153264,504900
2018-05-10,39.286598205566406,39.51485406237527,38.707175885543734,38.76862951426041,978800
2018-05-11,38.54914474487305,39.90113104426265,37.653673430302184,39.40949874931069,1294800
2018-05-14,38.830078125,39.1197909220578,38.17164360329172,38.56670498611092,722200
2018-05-15,39.014427185058594,39.216346642089874,38.37355151301057,38.63692457222658,543400
2018-05-16,39.25146484375,39.6377484651697,39.093440334800164,39.093440334800164,494100
2018-05-17,39.067115783691406,39.52363079697289,38.952986193128226,39.15490571552694,819100
2018-05-18,39.137351989746094,39.40072514486595,39.00566373770048,39.049558705391895,371100
2018-05-21,39.92747116088867,40.015264444595935,39.2778176063116,39.28659526019666,560000
2018-05-22,39.321720123291016,40.24352801088698,39.29538045863605,40.0240497829369,502700
2018-05-23,38.58426284790039,39.15490407892204,38.30333105900365,38.98810187581806,837600
2018-05-24,38.54914474487305,38.66327432832048,37.83803428504503,38.417456506358995,644300
2018-05-25,39.15491485595703,39.2427081572585,38.29456059703468,38.347236577815565,562400
2018-05-29,38.87397003173828,39.0583342285306,38.42623606574757,38.74228514713908,552300
2018-05-30,38.979331970214844,39.2778224738677,38.86520236173741,39.14613420647283,285200
2018-05-31,38.988101959228516,39.18124382037239,38.619380241376874,38.94420699505157,533400
2018-06-01,39.44462966918945,39.82213251094535,39.00567318798233,39.24271008971084,441200
2018-06-04,39.59419631958008,39.82296131037001,39.44461985568697,39.69977990329531,268100
2018-06-05,39.558998107910156,39.64698721900243,39.36542877638994,39.50620799769619,403700
2018-06-06,39.77897644042969,39.91975569921239,39.400631553118245,39.866965574945304,437000
2018-06-07,39.84056854248047,40.192518379903206,39.6645969802115,39.85816636999584,416500
2018-06-08,39.54139709472656,39.67337907249342,39.22464638968013,39.646984019516495,640800
2018-06-11,39.47100830078125,39.7701645348979,39.409417607560854,39.541396225986965,658500
2018-06-12,39.65578842163086,39.99893759813817,39.39182777481306,39.6293933638816,526000
2018-06-13,39.20705032348633,39.74376877786947,39.163054091301035,39.74376877786947,438900
2018-06-14,38.599937438964844,39.55019967118887,38.50315109793003,39.24224282640162,1543800
2018-06-15,38.661529541015625,38.74071806324415,37.86084708579002,38.34477880854292,950900
2018-06-18,38.6263313293457,38.925487550061234,38.23038877892208,38.27438164976006,475200
2018-06-19,38.11602020263672,38.30079234951306,37.799266032881704,38.204005980260995,884200
2018-06-20,37.79046630859375,38.29199259219163,37.7200750059769,38.29199259219163,442400
2018-06-21,37.183349609375,37.68487920272353,37.077766021721395,37.57049502484111,480000
2018-06-22,37.456111907958984,38.186406521317295,37.35052831731456,37.6232862061828,1056100
2018-06-25,36.58504104614258,37.37692300273314,36.30347921316523,37.37692300273314,723300
2018-06-26,36.87540054321289,36.95458908264768,36.189102105739494,36.65543275105428,418600
2018-06-27,36.479461669921875,37.50891279048417,36.45306660615752,37.02498426829685,998100
2018-06-28,36.479461669921875,36.55865021765744,35.81076098849908,36.294689510686396,783900
2018-06-29,36.92818069458008,37.28012702115411,36.46184686111911,36.73460803327776,820300
2018-07-02,36.82260513305664,36.92819208439201,36.35627451220563,36.54984723321184,811000
2018-07-03,36.95458984375,37.41212326363616,36.945792608717014,36.95458984375,359300
2018-07-05,37.200950622558594,37.306537575705704,36.822605764886504,37.13056267690254,597300
2018-07-06,37.11296081542969,37.41211710392991,36.90179028854179,36.99857664018034,323500
2018-07-09,37.86964797973633,38.00162661355103,37.271335441740305,37.271335441740305,379900
2018-07-10,37.83444595336914,38.15999722293189,37.64967388332873,38.07201148189576,378300
2018-07-11,37.42091369628906,37.98403061641863,37.32412734630899,37.41211646285524,695500
2018-07-12,37.183349609375,37.904846968259555,37.02497590611546,37.64088296446294,560900
2018-07-13,37.21855163574219,37.632092179881845,37.1393630923206,37.1393630923206,533100
2018-07-16,37.209739685058594,37.51769314522113,37.02496760896107,37.26252978883446,501200
2018-07-17,37.843257904052734,38.028033402402556,37.03377803106183,37.200952346629386,1539100
2018-07-18,38.529541015625,38.6703202016143,38.03681218644218,38.03681218644218,343000
2018-07-19,38.28318405151367,38.714322299409474,38.23039394195512,38.415166038292746,847000
2018-07-20,37.552894592285156,37.966435036828436,36.46185307417923,37.887246512478484,2246200
2018-07-23,37.57049560546875,37.85205408119082,37.13935730152082,37.49130707439431,376800
2018-07-24,37.77287292480469,38.212808548567665,37.632093659458235,37.83446364361611,439600
2018-07-25,38.11602020263672,38.13361802945003,37.55290317037991,37.84325892169384,322800
2018-07-26,38.51195526123047,38.670332314633214,38.01922627770619,38.01922627770619,309100
2018-07-27,38.55595016479492,38.74952287498884,38.26559445594582,38.58234522293345,535600
2018-07-30,38.0632209777832,38.85510628266125,37.931242331264706,38.64393574921318,698700
2018-07-31,38.67912673950195,38.73192020561663,38.010426284256155,38.142404914880814,661700
2018-08-01,38.34477996826172,38.767117647440124,38.186402919014625,38.652733477108,807200
2018-08-02,38.34477996826172,38.41516790323736,37.83445317481186,38.045623692621824,478100
2018-08-03,38.85511016845703,38.91670088094687,38.335986051441154,38.40637735511074,412600
2018-08-06,38.872703552246094,39.119066374052665,38.57354725872024,38.75831937507517,338700
2018-08-07,39.1982536315918,39.48861268196436,38.89909734777231,38.89909734777231,451800
2018-08-08,39.022281646728516,39.251050010602455,38.76712158055784,39.11906800402581,403200
2018-08-09,38.8375129699707,39.233455668403465,38.705534308121216,39.00469064066573,275200
2018-08-10,39.68217468261719,39.85814952696611,38.036817104302884,39.31263053028134,1153500
2018-08-13,39.277435302734375,39.849352713766145,38.81990204519717,39.7701642007993,455000
2018-08-14,39.7437744140625,39.884557006714246,39.2334509414669,39.26864658962983,965600
2018-08-15,39.32142639160156,39.55899191972642,38.68792167304283,39.55899191972642,776700
2018-08-16,39.9725456237793,40.157317755160484,39.60299800457494,39.60299800457494,961400
2018-08-17,39.99893569946289,40.21010622075829,39.79656576796065,39.93734499667706,479800
2018-08-20,40.13970184326172,40.20129252596995,39.80535338182861,40.09570897796162,707600
2018-08-21,40.720436096191406,40.79962463462633,40.280500517428955,40.280500517428955,998000
2018-08-22,40.90521240234375,41.063586125916025,40.535664763496,40.64124836469157,456500
2018-08-23,40.53565979003906,40.940399675331655,40.43887343563393,40.88760955943195,577100
2018-08-24,40.50926971435547,40.70283909053123,40.30689974681953,40.64124837677864,313600
2018-08-27,41.27475357055664,41.380337163785896,40.69403877313285,40.69403877313285,486100
2018-08-28,41.31875228881836,41.653104297103035,41.25716157103466,41.397940834032035,517600
2018-08-29,41.22196578979492,41.512324906835666,40.65884873953183,41.44193359733159,781900
2018-08-30,40.9579963684082,41.32754395171002,40.92280072115248,41.221957009942834,516300
2018-08-31,40.658843994140625,40.966800902615,40.526865338887596,40.7204347045471,622700
2018-09-04,40.50926971435547,40.89641182314915,40.35089263429393,40.74683533444779,928400
2018-09-05,40.21889877319336,40.49165996552901,40.07811956086168,40.32448569977301,802800
2018-09-06,39.80537033081055,40.25410311824507,39.71738120630443,40.25410311824507,737400
2018-09-07,38.88150405883789,39.8317664911233,38.83751117358956,39.62059594291254,605100
2018-09-10,39.858158111572266,39.91974881689358,38.8639028798341,38.890301293858734,674700
2018-09-11,39.59419631958008,40.051729657601555,39.4534170891459,39.71737772665478,638800
2018-09-12,39.57661437988281,39.73499149723947,39.23346507775771,39.53262148204884,496900
2018-09-13,39.79705810546875,39.93815101647301,39.58541705700218,39.75296720151498,690100
2018-09-14,40.28205490112305,40.599514714033255,39.788228151716105,39.84113924184098,392700
2018-09-17,40.14979934692383,40.449622282797364,39.88525048913453,40.282075457779094,426800
2018-09-18,40.30851364135742,40.58188259419963,40.13214668352116,40.229148678527096,357300
2018-09-19,40.317344665527344,40.961081375155686,40.18506857065103,40.29970762861578,773700
2018-09-20,40.431976318359375,41.102170198329006,40.37906857683369,40.652434211837715,764000
2018-09-21,40.696533203125,40.864080010595295,40.3261621498737,40.537803232291715,806600
2018-09-24,40.158607482910156,40.7670700094075,39.92932940816955,40.66125117086888,419000
2018-09-25,40.449623107910156,40.590716059203956,39.911705179877146,40.185074244724454,565500
2018-09-26,40.4407958984375,40.72298172865372,40.264428913572246,40.42315886355893,544700
2018-09-27,40.65243148803711,40.97871157054634,40.48488471123095,40.493701546254314,447600
2018-09-28,40.458438873291016,40.749441581710364,40.308525736773646,40.458438873291016,471800
2018-10-01,40.00869369506836,40.775889512157235,39.86760079145204,40.63479660854092,407000
2018-10-02,40.23796844482422,40.27323914487708,39.79705273692452,39.96459949491524,342300
2018-10-03,40.53779602050781,40.899346808880345,40.34379200979855,40.38788291298149,492000
2018-10-04,40.36143112182617,40.86407484461441,40.08806212574537,40.60834288349886,392000
2018-10-05,39.8146858215332,40.599515165556554,39.47958897485462,40.28205534911575,480100
2018-10-08,39.638328552246094,39.6912362919459,39.18859258127547,39.6912362919459,312400
2018-10-09,38.42140197753906,39.43550964818533,38.36849087130621,39.43550964818533,573700
2018-10-10,37.636566162109375,38.79176656055788,37.61892912962314,38.53603463538745,653900
2018-10-11,36.9046516418457,38.12158020913491,36.80765299015277,37.47784353560557,761500
2018-10-12,36.79883575439453,37.65421356397463,36.1903731036983,37.5219374658611,646600
2018-10-15,36.95756149291992,37.25738436556651,36.798831538935225,36.798831538935225,434700
2018-10-16,37.60129165649414,37.848203380567945,36.59600436399942,37.036920079228324,580400
2018-10-17,37.48664474487305,37.8834694779074,37.045729122372485,37.513101969688165,1605100
2018-10-18,36.69300079345703,37.557195060541936,36.41963188047244,37.22209822590266,417700
2018-10-19,36.763553619384766,37.34556226842262,36.604823682018065,36.684188650701415,812600
2018-10-22,35.255611419677734,36.91345503861096,35.140972420325774,36.83409009504716,1240500
2018-10-23,34.94697952270508,35.21152827142609,34.038690888072495,34.558971551589075,773900
2018-10-24,33.236236572265625,35.21154112043391,33.18332882156682,34.97344615052605,808500
2018-10-25,34.17978286743164,34.364970014129,33.359682777428034,33.456681403702184,2164800
2018-10-26,33.73887634277344,33.97697128413818,32.8041369773274,33.6771483984108,888100
2018-10-29,32.55721664428711,34.400244573027145,32.15157497061154,34.16215303354984,1123500
2018-10-30,33.25387191772461,33.456692800894864,32.43376818442873,32.55722408166967,698600
2018-10-31,33.59778594970703,33.93288293287011,33.377328027822024,33.75651592257791,986500
2018-11-01,34.62070083618164,35.10571081906415,33.597776500873046,33.71241552991073,1028400
2018-11-02,34.58542251586914,35.5907095972477,34.49723737299079,35.00870110992752,806900
2018-11-05,34.95579147338867,35.14979543184477,34.5854239497027,34.59424078239644,836700
2018-11-06,35.19390106201172,35.246812172090955,34.567801397050935,34.867624292991714,531900
2018-11-07,35.678897857666016,35.90817590688134,35.334984147762874,35.54662516519857,810000
2018-11-08,35.079254150390625,35.68772000632919,34.8499794525622,35.59953484261054,659600
2018-11-09,35.59953689575195,37.795298822142584,34.85879829739466,37.795298822142584,1637600
2018-11-12,33.95050811767578,35.62598908463548,33.76532433528374,35.47607600085162,996900
2018-11-13,34.36498260498047,35.06162709503986,34.00343174064854,34.08279672861998,1067900
2018-11-14,33.959327697753906,34.87643321413117,33.3949561073433,34.59424741892586,681200
2018-11-15,33.80942153930664,33.853512443732726,33.077499742936226,33.73005656577154,938400
2018-11-16,33.51841735839844,33.94169948314449,33.1568665399483,33.52723755812095,734700
2018-11-19,32.795310974121094,33.67714243916902,32.733583040681346,33.46550477135276,579700
2018-11-20,32.47785186767578,32.56603366154037,31.719476330329005,32.31030174984533,768100
2018-11-21,33.05986785888672,33.615419339734544,32.46022210730954,32.6983170407817,936900
2018-11-23,32.73358154296875,32.98931346347255,32.31030286278311,32.715944510804356,295000
2018-11-26,33.15686798095703,33.703606014215204,32.90995620072477,33.051049127131876,741000
2018-11-27,33.218589782714844,33.483141914233684,32.83940534630602,32.98049824662003,477500
2018-11-28,34.0386962890625,34.153335331802225,32.81295097982508,33.31559469132646,561900
2018-11-29,33.941707611083984,34.25916423478325,33.7124294582818,33.86234261417882,386700
2018-11-30,34.267974853515625,34.3032489231471,33.79178500525203,33.89760385022602,471500
2018-12-03,34.92935562133789,35.18508763226649,34.435528637881404,34.92935562133789,859400
2018-12-04,33.43022918701172,34.920523084242454,33.32441035790987,34.82352445318572,694400
2018-12-06,32.69831085205078,32.90113167612027,31.807659229050042,32.742401750514595,1489400
2018-12-07,32.02812194824219,33.306778381355734,31.904666068230753,32.84822556708438,1152200
2018-12-10,31.102201461791992,32.24858188839992,30.220369846875023,31.90466809680961,1065500
2018-12-11,31.252098083496094,32.14274952393455,31.20800719406986,31.648922816170693,1056100
2018-12-12,31.818561553955078,32.18144347621203,31.650394537293458,31.924769991216657,839400
2018-12-13,31.048545837402344,32.04868180341098,30.977737958584655,31.871665482672253,981300
2018-12-14,29.455406188964844,31.04854990818534,29.45540618896484,30.96004004805868,1770400
2018-12-17,28.623424530029297,29.71207013618446,28.472959504494682,29.45539668905796,1541300
2018-12-18,29.216432571411133,29.50851002477962,28.720790894866838,28.888954552793553,2256600
2018-12-19,28.45526695251465,29.80943558814814,28.189742465887438,29.366896465255568,1443400
2018-12-20,27.207304000854492,28.357906687931635,27.02143838687629,28.189741355175606,1260200
2018-12-21,26.26026725769043,27.667541569768623,26.17175911018408,27.375465864704424,1710600
2018-12-24,25.42829704284668,26.189464857865264,25.33978888256384,26.056703461517376,838100
2018-12-26,26.508092880249023,26.508092880249023,24.897249131213172,25.516804549161787,1498900
2018-12-27,26.446136474609375,26.446136474609375,25.322088418044086,26.003597364545843,1466100
2018-12-28,26.31337547302246,26.862124720500933,26.162912105822944,26.640855162157685,1253100
2018-12-31,26.738210678100586,26.791316583716288,25.941640663544007,26.339926514898615,1076800
2019-01-02,27.233854293823242,27.649840404569744,26.056700455859364,26.428433335645458,1468600
2019-01-03,26.242565155029297,27.41971895277259,26.207162909101093,27.118792265696637,1016600
2019-01-04,28.304800033569336,28.61457942500464,26.61430083034867,26.72936194009923,1577600
2019-01-07,30.52634620666504,30.703359131721786,28.853545703915746,28.977459478282643,2224800
2019-01-08,31.101646423339844,31.22555682720888,30.349331327674808,30.853825615601767,1772800
2019-01-09,31.64154815673828,31.783160544905023,31.2078583188057,31.437980559767695,1349600
2019-01-10,32.28764724731445,32.52661872884623,31.172450376471005,31.420271153035134,1673100
2019-01-11,32.54432678222656,32.67708649037203,31.597293350305854,31.827412203541286,688500
2019-01-14,31.933624267578125,32.21684903203645,31.588440920608125,31.986726800723112,1104600
2019-01-15,32.19029235839844,32.27880220189887,31.66809609881445,32.1106351874007,630100
2019-01-16,32.438114166259766,32.94260842016547,32.31420039444174,32.41155952700338,899100
2019-01-17,32.74789047241211,32.97800929826563,32.181441015260276,32.323053379548234,769200
2019-01-18,33.199283599853516,33.59756948675,33.00456868116402,33.00456868116402,726400
2019-01-22,32.16373825073242,33.17272674332151,31.792003693496703,33.057665645093195,943900
2019-01-23,31.685806274414062,32.53548073425947,31.54419386443983,32.216855344047076,895600
2019-01-24,32.15489196777344,32.36730884069,31.845112578337577,31.853965250887203,503100
2019-01-25,32.854103088378906,32.96916420412125,32.15489384977363,32.56202902694744,692300
2019-01-28,32.862953186035156,33.0134148533406,32.14603865747767,32.30535299715711,1148000
2019-01-29,32.9957160949707,33.243540300974075,32.59743358332941,32.98686679804103,454700
2019-01-30,33.880794525146484,34.04896155445274,32.94261373556676,33.332046952344605,967700
2019-01-31,33.57987594604492,34.03126785660711,33.50907142410377,33.88080276098424,571400
2019-02-01,33.571014404296875,33.81883520517565,33.411700067644745,33.48250794007022,484300
2019-02-04,33.71263122558594,33.818839671946904,33.340896598864106,33.42940645108627,678700
2019-02-05,34.429542541503906,34.47379577522868,33.72147729668625,33.748031937965365,564300
2019-02-06,33.544464111328125,34.44724087674998,33.535611438866084,34.349885113804504,581500
2019-02-07,33.03998565673828,33.55332948747563,32.72135682151177,33.376313092760135,597400
2019-02-08,32.59742736816406,32.88065208419087,32.26994604701031,32.64168059698608,681800
2019-02-11,32.98686218261719,33.20813171426101,32.55317241502105,32.641682253461646,906400
2019-02-12,33.80999755859375,33.863100104904284,33.208143940827824,33.349756358166495,779500
2019-02-13,33.79228973388672,34.332188036612855,33.64182466734226,34.1020657880874,604000
2019-02-14,33.65951919555664,33.83653549151696,33.02226525692653,33.48250627590135,471800
2019-02-15,33.898494720458984,34.25252735448737,33.703779810418254,34.04010709880925,674400
2019-02-19,34.16401290893555,34.34102920212119,33.73032653575093,33.82768566581829,507300
2019-02-20,33.916194915771484,34.447240462731784,33.86308901055335,34.23482359446976,1423300
2019-02-21,33.46479797363281,34.358725203365545,33.32318563893344,34.27021876029258,1238400
2019-02-22,33.8365364074707,34.46494106765095,33.3143401772197,33.69492404213001,1049900
2019-02-25,34.11977005004883,34.45610077169513,33.9250551070376,33.94275370306099,677000
2019-02-26,33.75687789916992,34.22596820765822,33.74802860382136,34.066657257249254,605200
2019-02-27,33.517913818359375,33.80999127400142,33.32319889090374,33.71263212212074,585700
2019-02-28,33.066524505615234,33.45595772656862,33.01341859426928,33.45595772656862,482700
2019-03-01,33.68608474731445,33.79229320877536,33.11078244314779,33.420558529203,756400
2019-03-04,32.93376541137695,34.1109212667485,32.703646520234614,33.84539843041318,591900
2019-03-05,32.76559829711914,33.16388419797139,32.393863664221804,32.96916589615347,738600
2019-03-06,31.47337532043457,32.739037147628366,31.455673355038996,32.739037147628366,745100
2019-03-07,30.8980770111084,31.508779697983194,30.428986688275806,31.420273236571223,710200
2019-03-08,31.314071655273438,31.402578136039715,30.1192139070938,30.225425735580316,752000
2019-03-11,30.791866302490234,30.818417563687095,29.703220701456015,30.765311664988538,2332600
2019-03-12,30.986583709716797,31.092795515790293,30.455538184569757,30.84497134459058,1501000
2019-03-13,31.19900894165039,31.641548075574512,30.977739374688333,31.15475570351911,1505500
2019-03-14,30.747610092163086,31.508774308504453,30.6325490109643,31.2432515933803,1040100
2019-03-15,29.95103645324707,30.69450202882181,29.942187159767105,30.69450202882181,1927000
2019-03-18,30.181171417236328,30.340485795792326,29.93335055117414,30.0661136587395,1082800
2019-03-19,29.887971878051758,30.60762998463171,29.87020216550614,30.394396823310426,741800
2019-03-20,29.41708755493164,29.95905194733529,29.141662083106073,29.772471652627,1293500
2019-03-21,30.20781898498535,30.349973291698596,29.18608257539103,29.31935372072108,1187600
2019-03-22,29.035037994384766,29.914616492563532,28.413111783912044,29.914616492563532,2428000
2019-03-25,29.399320602416992,29.594784077501576,28.795163851452436,29.0261633671852,1250300
2019-03-26,29.71916389465332,30.181166240754774,29.452624992078725,29.763586480211416,1032600
2019-03-27,29.74582290649414,30.08344072701336,29.381552206985177,29.683630596033588,737900
2019-03-28,30.225589752197266,30.234472913890585,29.745817679330766,29.745817679330766,942200
2019-03-29,30.518789291381836,30.80309798697041,30.323329181431564,30.50102296348117,574700
2019-04-01,31.46944236755371,31.647136122724714,30.776440450535937,30.811979879415432,970200
2019-04-02,31.57606315612793,31.629368914444385,31.202905901778987,31.487214576889254,692200
2019-04-03,31.78928565979004,32.47340431113504,31.59382560885287,31.86036450684062,665400
2019-04-04,32.517826080322266,32.71328951558282,31.744862278777344,31.744862278777344,1313500
2019-04-05,32.7310676574707,32.890991711289146,32.50006812930337,32.70441477824321,820300
2019-04-08,32.517826080322266,32.846560655847,32.304596322970646,32.731059226899774,840300
2019-04-09,31.629362106323242,32.33125047970914,31.531633774036543,32.33125047970914,733800
2019-04-10,32.242408752441406,32.44675537869032,31.620482322121095,31.620482322121095,787900
2019-04-11,32.87321853637695,32.899871412799946,32.27794836808744,32.27794836808744,638800
2019-04-12,33.49514389038086,33.619528495313006,33.12198668635812,33.18417898882419,711700
2019-04-15,33.29078674316406,33.71724956346888,33.184168496168944,33.58397844933759,524900
2019-04-16,33.43295669555664,33.69060910689564,33.157531178824904,33.308572071621924,732700
2019-04-17,33.76168441772461,34.054879619759866,33.48625892998481,33.59287721575751,997800
2019-04-18,33.583984375,34.09929582539057,33.370754621837285,34.03710353161596,709400
2019-04-22,33.14863586425781,33.62840446796484,33.01536473647912,33.45959731010733,451300
2019-04-23,33.76168441772461,33.89495558032726,33.25525942259686,33.25525942259686,562300
2019-04-24,34.01934051513672,34.205917433176054,33.69949243322559,33.69949243322559,735900
2019-04-25,33.708370208740234,34.03710478996022,33.46848418564428,34.01933507833541,885300
2019-04-26,33.96602249145508,33.992675361570555,33.53067646318287,33.58398220341382,885500
2019-04-29,34.13483428955078,34.534644341741924,33.98379681940416,34.02821940537516,699200
2019-04-30,34.25922393798828,34.32141623921145,33.93937588071125,34.07264364509253,1306200
2019-05-01,34.561302185058594,35.39645836287047,34.32141614277486,34.32141614277486,1122300
2019-05-02,34.525760650634766,35.14768701236702,34.2503351990777,34.60572265984643,1163500
2019-05-03,35.16545867919922,35.17434184106055,34.48133998218572,34.614607745462926,742500
2019-05-06,34.98776626586914,35.03218885531296,34.11707063371017,34.214798974796054,875600
2019-05-07,34.15260696411133,34.60572619230594,33.74391371496719,34.48134158510784,968400
2019-05-08,34.06375503540039,34.48133475330996,33.86829161182984,34.09040790616885,724500
2019-05-09,33.88606643676758,33.96602845036793,32.99760112530864,33.76168183543952,1091300
2019-05-10,34.561302185058594,35.049957431536036,33.44183398773449,34.232567577544096,1507300
2019-05-13,33.54844665527344,33.75279664715943,33.14864000050116,33.54844665527344,1039000
2019-05-14,34.232574462890625,34.60573173346214,33.681726804570374,33.752805671051384,686300
2019-05-15,34.08152770996094,34.5079906254772,33.68171766753132,33.86829455758982,716800
2019-05-16,33.90383529663086,34.614606850068654,33.77945069843251,34.179260756374426,1259500
2019-05-17,33.424068450927734,33.81499540833584,33.050914598012696,33.54845306856608,1278700
2019-05-20,33.06867218017578,33.486248473432205,32.93540105918891,32.953170767935525,686200
2019-05-21,33.646183013916016,33.83276331965178,33.13975801811849,33.2108368753943,713500
2019-05-22,33.246368408203125,33.65506500368657,33.08644777946299,33.64617845311845,849000
2019-05-23,32.473411560058594,32.97095343279926,32.126910576403745,32.83768225944276,809600
2019-05-24,32.65997314453125,32.8820894029357,32.61555057069539,32.68662940021287,771300
2019-05-28,32.63332748413086,32.89098321418931,32.446750599285444,32.79325149663432,760100
2019-05-29,32.61555480957031,32.775478807544026,32.233514524324846,32.34901594268932,964000
2019-05-30,32.651100158691406,33.16641166557552,32.34902181757256,32.72217901035523,1031800
2019-05-31,31.984745025634766,32.32236272766628,31.727089321736358,32.126899312401896,2795800
2019-06-03,32.34901428222656,32.571130558097174,32.011396593920125,32.02028314292117,1748700
2019-06-04,34.551395416259766,34.551395416259766,32.723515822899515,32.785930974767616,1760400
2019-06-05,34.230403900146484,34.64948001043597,33.731082646733576,34.595979846982765,840500
2019-06-06,34.390892028808594,34.417640402880615,33.69540709197565,34.31956189749319,544800
2019-06-07,34.37306594848633,34.74756027190936,34.26606902809579,34.45331448912192,846500
2019-06-10,35.34495162963867,35.42520014348476,34.61380001520527,34.649466777219004,629600
2019-06-11,35.291465759277344,36.03153259150178,35.122050288209664,35.58570813310588,714000
2019-06-12,34.9258918762207,35.282552859019674,34.587067684070014,35.2647194697426,639800
2019-06-13,35.34495162963867,35.43411853467301,35.02395757425432,35.09529109828179,557100
2019-06-14,34.63163757324219,35.20229222881186,34.480055517085844,35.20229222881186,599300
2019-06-17,34.48005676269531,35.03288145644829,34.25714456722497,34.65838719934562,512900
2019-06-18,35.54113006591797,35.68379377139529,34.48898396250863,34.801059755311805,771500
2019-06-19,35.772953033447266,36.18311411383995,35.5054590428403,35.56787419393624,600700
2019-06-20,36.03152847290039,36.53085303372171,35.66595259485791,36.35252259047336,583700
2019-06-21,35.90670394897461,36.29011327304723,35.710540089764194,35.924537336300176,634900
2019-06-24,35.398460388183594,36.10286380323413,35.327126846794464,35.96020012182634,840000
2019-06-25,35.229042053222656,35.51437279412444,35.13987853513285,35.42520587466445,406900
2019-06-26,35.924530029296875,36.09394207237532,35.34495696389825,35.45195386471779,474100
2019-06-27,36.227691650390625,36.39710369768226,36.0136944420594,36.05827620172875,364600
2019-06-28,36.86076736450195,37.1193463737736,36.37036112712623,36.37927611993491,1010400
2019-07-01,36.86076736450195,37.95749515399082,36.664603509003356,37.449255529626974,719200
2019-07-02,36.628936767578125,36.860763974360694,36.35252439674042,36.79834882632806,572900
2019-07-03,36.62001419067383,36.985590045116744,36.414935384656594,36.79834462241015,381800
2019-07-05,36.95884323120117,36.95884323120117,36.37927015393167,36.4684370742494,270600
2019-07-08,36.3792610168457,36.9677489376561,36.28117912981575,36.76267017448862,643200
2019-07-09,36.628936767578125,36.69135191561076,35.98694850053338,36.14744556729457,782500
2019-07-10,36.15635299682617,36.95883816278444,36.09393786184828,36.655677478019065,518100
2019-07-11,37.03017807006836,37.0480114563973,36.35252639642186,36.513023472011675,762200
2019-07-12,37.17283630371094,37.36900012316893,36.6289334066713,37.05692441164044,1148900
2019-07-15,36.95884323120117,37.34225248514188,36.789427783282584,37.155003653159746,1291100
2019-07-16,37.538414001464844,37.89507489039314,36.825095624978566,37.01234106104928,947400
2019-07-17,36.45060729980469,37.36900456111766,36.45060729980469,37.26200764751095,851400
2019-07-18,36.432769775390625,36.459518150411185,35.871030090367775,36.263354329939986,1145000
2019-07-19,36.48627471923828,37.03909953719348,36.459526338210786,36.62002342711766,901500
2019-07-22,36.52193832397461,36.620020247721094,36.28119271151614,36.45060818030394,723700
2019-07-23,37.27092361450195,37.315505379556505,36.73593563110606,36.76268400986466,633800
2019-07-24,37.97533416748047,38.04666432463061,37.092600088319905,37.092600088319905,472200
2019-07-25,37.44925308227539,38.109074752232814,37.3065893970644,38.0644895869908,551900
2019-07-26,37.5740852355957,37.62758539570352,36.93209691978482,37.35117300386923,529400
2019-07-29,36.530845642089844,37.59190629259911,36.48626048927137,37.48490940884791,993700
2019-07-30,38.10906982421875,38.18931834935838,36.067193330064924,36.29010552196721,999100
2019-07-31,37.26200866699219,38.376569801553785,37.26200866699219,38.10907580953313,866300
2019-08-01,36.13853073120117,37.422507391677826,35.75512141190559,37.128261606528326,828200
2019-08-02,35.220130920410156,35.96911611907623,34.7029729349969,35.87103419761023,920600
2019-08-05,34.203651428222656,34.72972440112737,33.89157228079447,34.515727174280315,1900600
2019-08-06,34.64946746826172,34.93479476732285,33.927230829242774,34.497885427365034,577500
2019-08-07,34.50680923461914,34.72972143458261,33.62407542616089,33.91832116277039,923700
2019-08-08,35.817527770996094,35.88886130189346,34.7029668609994,34.7297186357709,809000
2019-08-09,35.764041900634766,36.15636623577279,34.06990744167726,35.612459802064194,1117400
2019-08-12,34.97939682006836,35.50546997077164,34.77431791743781,35.50546997077164,564700
2019-08-13,34.756473541259766,35.79970451779255,34.55139470344252,35.148797830818346,898200
2019-08-14,33.81132888793945,34.14124147122568,33.46358631762735,34.016411153818375,825700
2019-08-15,33.838069915771484,34.17689738487415,33.47249407326096,33.98073357622999,710400
2019-08-16,34.31956100463867,34.58705494250994,34.03423028269004,34.18581233501806,735900
2019-08-19,34.72972869873047,34.934807557427185,33.47250376402733,34.818892236817405,701500
2019-08-20,34.81888961791992,34.908056550671134,34.33739838517547,34.560310614997455,411400
2019-08-21,34.98828887939453,35.32711286275997,34.91695536624237,35.2022826161128,314500
2019-08-22,35.37171173095703,35.478712052483274,34.97938742280643,35.16663288342121,306400
2019-08-23,34.77431106567383,35.44304781693679,34.49789865065824,35.06855686888761,938600
2019-08-26,35.300376892089844,35.362792037331126,34.83671909789009,35.148794824096505,679600
2019-08-27,34.5603141784668,35.5500451251456,34.34632032054065,35.5500451251456,963800
2019-08-28,35.65702819824219,35.86210696340562,34.212555050165044,34.48896733436066,647500
2019-08-29,36.67350769042969,37.04799846793475,36.04935299321847,36.04935299321847,592900
2019-08-30,37.039093017578125,37.155004915875125,36.73593228093533,37.02125963290851,419000
2019-09-03,36.32578659057617,36.73594436882796,35.78188008397767,36.73594436882796,768900
2019-09-04,36.9677619934082,36.98559537929083,36.468440794177,36.76268315781388,774200
2019-09-05,37.77024841308594,38.01099402721345,37.16392688151384,37.440339268409275,1204100
2019-09-06,37.34225845336914,37.98424337541098,37.22634313911503,37.690000994760716,668100
2019-09-09,38.26066589355469,38.31416606845111,37.50276545673285,37.547347235127376,791300
2019-09-10,38.67081069946289,39.107720144173015,37.94857728865278,38.331986576448244,1225700
2019-09-11,39.93695068359375,39.94586567501658,38.43006203036766,38.88480482444746,837200
2019-09-12,40.13368606567383,40.240994428995165,39.35569105059787,39.7670460306605,823900
2019-09-13,39.37358093261719,40.625524491854804,39.35569563476845,40.330422194258254,788300
2019-09-16,39.0427131652832,39.34675641952129,38.49722349639088,38.783381451994735,1057300
2019-09-17,39.03377151489258,39.158965191793634,38.380970066013894,38.9443450233405,425500
2019-09-18,38.863861083984375,38.962228514493226,38.38991264019266,38.667129634238364,387500
2019-09-19,38.720787048339844,39.01588937746169,38.51511121801497,38.899636634661675,440600
2019-09-20,38.16635513305664,39.00694372619238,37.91596776728685,38.79232695875314,539300
2019-09-23,38.005374908447266,38.26470652064514,37.46882980365977,37.996433968251395,500700
2019-09-24,37.513545989990234,38.21105539516621,37.442004814448595,37.88018598646363,360300
2019-09-25,37.96067428588867,38.17529102492576,37.41518467298941,37.57614893290302,376000
2019-09-26,37.91596984863281,38.00539293809592,37.52250006794184,37.93385173750767,453400
2019-09-27,37.576148986816406,38.443567120787414,37.42412566944808,38.01432681955424,504600
2019-09-30,37.39729309082031,37.88018578940124,37.16479109406152,37.57614261747299,433300
2019-10-01,36.27949142456055,37.74605154880491,36.225835537842585,37.67451377778562,528000
2019-10-02,35.188507080078125,35.984387264876794,34.5088830049792,35.787652453884895,674300
2019-10-03,35.37630081176758,35.44783857194864,34.48205663624407,34.9381196648019,608700
2019-10-04,35.79660415649414,35.79660415649414,35.179576715524036,35.45679372242056,305700
2019-10-07,35.32264709472656,35.7787101511929,35.268991212854225,35.64457556341858,563900
2019-10-08,34.96494674682617,35.26898991033209,34.768215343101794,34.91129427820629,808000
2019-10-09,35.37630081176758,35.581976562785485,35.08119859643483,35.30475964031571,368900
2019-10-10,35.769775390625,36.07381861789617,35.31371225535404,35.39419438643381,292100
2019-10-11,36.48517608642578,37.254226926863275,36.47623514209909,36.50306138635132,509300
2019-10-14,36.87863540649414,36.932287879787175,36.055928899531956,36.234778436808185,279600
2019-10-15,37.486724853515625,37.638748180417444,36.61931007641998,36.81604153127816,437800
2019-10-16,37.96961212158203,38.0232680075864,37.27210265988163,37.30787325055122,443700
2019-10-17,38.45250701904297,38.56875973960539,37.92490271651687,38.17529004270842,365200
2019-10-18,38.05009841918945,38.711840774087136,37.94279004667987,38.38096789100246,483100
2019-10-21,38.81019973754883,39.15895443058156,38.20211340718938,38.46144163324519,512400
2019-10-22,38.953277587890625,39.15000898721552,38.21105328338555,38.81913959679885,275600
2019-10-23,39.454063415527344,39.454063415527344,38.56876333746746,38.74761290626163,358100
2019-10-24,39.5703239440918,39.91907879576156,39.1410869411696,39.89225254910156,381600
2019-10-25,39.96377944946289,40.142629004742574,39.48089008486074,39.543486917517896,327800
2019-10-28,40.017433166503906,40.589748983305235,39.865413270097264,40.240994245646384,507600
2019-10-29,40.08898162841797,40.2588868513592,39.82070555571754,39.90118769527327,306300
2019-10-30,39.3646354675293,40.0174334132987,38.75654905560987,40.0174334132987,474700
2019-10-31,39.328861236572266,39.38251711898991,38.66712240977664,39.21260853030291,360900
2019-11-01,40.16050720214844,40.25887461072725,39.436168166380696,39.5971323965513,448700
2019-11-04,40.92061996459961,40.94744961477048,40.28570729465645,40.53609803237954,380300
2019-11-05,41.412445068359375,42.02053132293679,40.974263962957515,41.21571027679889,722300
2019-11-06,41.34986114501953,42.45872225284402,40.920620845757384,42.02948536485342,974800
2019-11-07,41.671783447265625,42.34246667921478,41.197835054961715,41.79698051603071,674400
2019-11-08,40.90273666381836,42.512375756228415,40.10685635421084,42.08313889233715,1322300
2019-11-11,40.96533966064453,41.10841863681566,40.49138778041928,40.69706359546078,579900
2019-11-12,40.679168701171875,41.179943252012635,40.616568471046,40.974267502735785,679100
2019-11-13,40.16050720214844,40.46455036899615,39.802808154820205,40.46455036899615,827500
2019-11-14,40.4019660949707,40.55398601997165,39.79387957242293,40.17840497377732,464700
2019-11-15,40.64340591430664,40.777540518474645,40.3751332946992,40.58080908344062,581500
2019-11-18,40.02637481689453,40.40195921036019,39.874354917798215,40.40195921036019,658500
2019-11-19,40.3393669128418,40.741777589890376,39.954841533803354,40.15157640064306,481200
2019-11-20,40.58975601196289,40.634467553279514,40.01744009605743,40.09792223493613,533700
2019-11-21,40.94745635986328,41.04582380039333,40.34831077266756,40.59870155163642,500700
2019-11-22,41.01005172729492,41.26043908598921,40.79543155464845,40.96534018628122,480700
2019-11-25,41.618141174316406,41.94006975037393,40.94745777795396,41.22467139856959,1113900
2019-11-26,41.83274841308594,41.95794207272623,41.32302942096681,41.55553485567425,477800
2019-11-27,41.662845611572266,42.06525626300032,41.36774333010117,42.06525626300032,246500
2019-11-29,41.5197639465332,41.89534492258247,41.17100920840993,41.38562593436055,165800
2019-12-02,41.35879135131836,41.85062494459341,41.32302076712037,41.68071978655895,449700
2019-12-03,40.42878341674805,41.11735192743434,39.856467618585725,40.81330873325171,457500
2019-12-04,40.51821517944336,41.144183533320955,40.46455928713741,40.571867660477615,581600
2019-12-05,40.75967025756836,40.884863955003524,40.41091200022017,40.57187630014321,608300
2019-12-06,41.88640594482422,42.101026092111816,41.20678173241127,41.296204803872726,770500
2019-12-09,41.84170150756836,42.101033234582495,41.69862252219368,41.69862252219368,275700
2019-12-10,41.644962310791016,41.95794649286365,41.54659487891912,41.7612150403916,338800
2019-12-11,41.689674377441406,42.02054727270469,41.35880489344991,41.71650403001008,426800
2019-12-12,42.43190002441406,42.5660346457505,41.66284924817311,41.68967549018602,389100
2019-12-13,42.20833206176758,42.825359406842615,42.0026562800759,42.42294878558876,565000
2019-12-16,42.44977951049805,42.79853425400087,42.3424677345961,42.44083515687051,543900
2019-12-17,42.49448776245117,42.68227823886711,42.31563822770074,42.440831878644694,479500
2019-12-18,42.637577056884766,43.039987754927594,42.46767183383201,42.485553721503265,656700
2019-12-19,42.924625396728516,43.01433408895899,42.368445193046405,42.52991741702455,454600
2019-12-20,43.202720642089844,43.23860412183301,42.67345129300751,43.1219845236862,702800
2019-12-23,43.148902893066406,43.40905303319005,43.05919760021432,43.355231226293824,341700
2019-12-24,43.382137298583984,43.453900840466346,43.09507628698016,43.29242859368455,137000
2019-12-26,43.43596649169922,43.588469604963635,43.17581975831037,43.50773346783254,234900
2019-12-27,43.175819396972656,43.55258575240611,42.98743279721819,43.507733103717044,479600
2019-12-30,42.691402435302734,43.38214417332244,42.63757720383342,43.29243545420692,361700
2019-12-31,42.628604888916016,42.76316282457696,42.377427338052264,42.60169398619132,298900
2020-01-02,42.449188232421875,42.87977975928731,42.04550760659889,42.78110189274866,742500
2020-01-03,42.71831512451172,42.808023847374685,41.76742661642942,41.81227926684196,560300
2020-01-06,42.33256912231445,42.82595846080966,42.16212771031258,42.341541704125625,488700
2020-01-07,41.74948501586914,42.62860997073144,41.65977629269673,42.278754505453755,839500
2020-01-08,41.91094970703125,42.153158082685025,41.417560374012126,41.84815532319923,420200
2020-01-09,42.47610092163086,42.47610092163086,42.000656732333596,42.171098149506456,529000
2020-01-10,42.71831512451172,42.97846528775751,42.42228489415862,42.592726334541446,619200
2020-01-13,43.561546325683594,43.58845722307029,42.80801040052473,42.8708047757849,552900
2020-01-14,43.53462600708008,43.94727910168675,43.418009853116494,43.418009853116494,646000
2020-01-15,43.90243911743164,43.93832260349333,43.148903020324006,43.292433542533196,583700
2020-01-16,44.52140808105469,44.71876036956497,44.198463617263656,44.198463617263656,744700
2020-01-17,44.3330192565918,44.817435927446596,44.144636136382715,44.69184718064054,853900
2020-01-21,42.825950622558594,44.06389976701372,42.64653666158292,44.03698887058021,1122200
2020-01-22,42.224918365478516,42.924629115308946,42.20697662547812,42.82595467836227,914000
2020-01-23,42.485069274902344,42.58374713577311,40.96902472522797,42.00962513292909,925700
2020-01-24,41.26506042480469,42.65551286340696,40.97799940865598,42.53889325620991,664600
2020-01-27,39.7849006652832,40.67299806756943,39.74902060354312,40.39490620135029,732500
2020-01-28,40.01813888549805,40.29622732271478,39.69519438366431,39.95534450147896,347500
2020-01-29,39.92841720581055,40.314155966339285,39.69518148695037,40.1885672391041,356300
2020-01-30,39.54269790649414,39.76696455953359,38.8968088506885,39.3363695743048,530400
2020-01-31,38.520023345947266,39.5157674258775,38.47517071808403,39.30047344331949,776800
2020-02-03,38.600772857666016,38.91474820587915,38.34959531672538,38.690481566600056,524600
2020-02-04,39.74003601074219,40.15268568335344,38.878853192587485,39.04929455596092,718500
2020-02-05,40.63711166381836,40.78064216657741,40.2782871179393,40.37696155818099,513700
2020-02-06,39.89255142211914,40.96005940739301,39.8297570360464,40.80755973322705,397100
2020-02-07,38.69048309326172,39.56063536101397,38.663568768500845,39.47093007057765,524200
2020-02-10,39.094154357910156,39.237684841369514,38.457234629399885,38.502087263849056,1256800
2020-02-11,39.65033721923828,40.05401780049348,39.30048185616273,39.30048185616273,1228800
2020-02-12,39.90150833129883,40.32313058437009,39.87459743754069,40.00018617112711,847400
2020-02-13,40.63711166381836,41.14843929377479,39.829753869062635,39.86563392822456,749300
2020-02-14,40.628150939941406,41.44448148550577,40.385942524615125,41.30992011408967,752900
2020-02-18,39.02239990234375,40.69094444569414,38.52901392131937,40.52947217233522,1319600
2020-02-19,39.24665832519531,39.452983204031895,39.04033344635873,39.24665832519531,889300
2020-02-20,40.06298828125,40.21549136010651,39.10312743527716,39.10312743527716,746800
2020-02-21,38.869895935058594,39.97328740024497,38.53797884187671,39.811815144653075,576800
2020-02-24,37.2641487121582,37.49738453076655,35.87369611705569,36.94120417713307,1286000
2020-02-25,34.563968658447266,37.452523675281235,34.40249642632382,37.43458193593009,1113200
2020-02-26,33.70278549194336,35.120152093526,33.37087187110619,34.88691290545037,1193700
2020-02-27,33.85529708862305,34.89589427225544,32.06116377739218,33.17352451401419,3000000
2020-02-28,34.411468505859375,34.62676253086391,32.41997995336494,32.47380517063448,3398400
2020-03-02,35.165008544921875,35.32648079355456,33.971908421362265,34.66265005783826,1651800
2020-03-03,34.285888671875,35.66736872074191,33.91809147996275,35.200897071225945,1725400
2020-03-04,34.16926193237305,34.94073964304212,33.11072322546018,34.90485616300239,940000
2020-03-05,31.39733123779297,33.08381741673636,30.715562122325977,33.0299921883952,2345400
2020-03-06,31.460113525390625,31.82791055582178,30.024808875424227,30.1414250255841,3558100
2020-03-09,28.65230369567871,29.997901697399403,28.230681357301908,28.374211856445942,1573400
2020-03-10,30.437463760375977,30.473347238295062,27.952589378086465,29.970988813538256,1920200
2020-03-11,27.72832489013672,29.80951885974749,27.423322148622876,29.1636298960624,2833300
2020-03-12,20.11223030090332,25.718895731451543,19.83414017463331,25.25242075698549,3977400
2020-03-13,21.314302444458008,21.58342173781738,18.45265953511842,21.574450866569567,3699200
2020-03-16,17.995153427124023,19.421489292364065,17.09808693130103,18.730747679935906,2629500
2020-03-17,14.057031631469727,18.336039097356558,14.012178136937663,18.255302978300694,3453600
2020-03-18,9.69728946685791,13.142024188310197,7.544329303502269,12.64863828624783,6849700
2020-03-19,13.436110496520996,14.736966387849092,8.64204778340785,9.633609194206418,6704100
2020-03-20,15.055355072021484,17.647969553981078,13.92734157678826,13.92734157678826,4743100
2020-03-23,14.018311500549316,16.137887428530448,13.281463678272031,14.818839029154525,3171800
2020-03-24,20.377042770385742,20.46801205989313,15.373750933522976,15.39194513844343,3589100
2020-03-25,23.979415893554688,26.535642915341555,21.85983941749963,21.878031888917178,5798900
2020-03-26,22.7695255279541,25.625949591038786,22.014483421179083,24.743551527849476,4439100
2020-03-27,19.03980255126953,21.868937605834173,18.612247352484836,21.423188199634147,2100600
2020-03-30,19.84941864013672,20.131421814461635,16.383503173780113,18.257462494120873,2152500
2020-03-31,20.14052391052246,20.968341172972096,19.767551374038337,20.013167942482497,1695800
2020-04-01,18.739599227905273,19.094377486439363,17.748037789089643,18.985215746164833,1932300
2020-04-02,18.50308609008789,19.840329140398666,18.11191929531187,18.594055394586178,1890400
2020-04-03,17.184032440185547,18.82147442310316,16.01963110310087,18.421210595932877,2532000
2020-04-06,19.740259170532227,20.90466040338557,18.57585620258418,18.866956510797518,1649800
2020-04-07,21.7415771484375,25.007362358738344,21.441379704305703,21.714287575849546,2621000
2020-04-08,22.39655303955078,23.16069051361012,21.55054164833767,21.9508037216319,2042500
2020-04-09,23.688310623168945,25.17110344491267,22.869588850635022,23.82476367355971,2295600
2020-04-13,22.014480590820312,23.651920550262183,20.977433663752215,23.651920550262183,1566900
2020-04-14,22.059968948364258,23.433600212741833,21.8598378959411,22.37836059979262,937300
2020-04-15,21.28672981262207,21.395893294831122,19.858517853030538,20.922854430416375,1309400
2020-04-16,19.813032150268555,21.10479093254658,19.23992696093198,21.10479093254658,1245100
2020-04-17,21.61421775817871,22.196418349075497,20.831884412840186,20.831884412840186,1267400
2020-04-20,20.12232780456543,20.904659412014222,19.72206403220664,20.586267814344605,1332300
2020-04-21,19.503742218017578,19.712970374281547,18.99431487872932,19.35819204539091,1998000
2020-04-22,18.202882766723633,20.37703959854205,18.202882766723633,20.258780755156764,1722800
2020-04-23,18.312047958374023,18.839667772658906,18.20288619547091,18.548567424790686,1815200
2020-04-24,18.721406936645508,18.96702347996977,18.20288427969079,18.675923162738684,1912900
2020-04-27,19.84941864013672,20.013162978484896,18.721404207742545,18.77598507549377,1843000
2020-04-28,20.95014762878418,21.550542497477203,20.358848127260735,20.73182237972261,1736800
2020-04-29,24.306901931762695,24.65258490084966,21.732480809751706,21.750675015513117,1891300
2020-04-30,23.788379669189453,24.09767423268198,22.45113675180352,22.942368171112538,1609400
2020-05-01,22.014480590820312,23.49727330802976,21.3686003196986,22.86958723836941,1130000
2020-05-04,21.468671798706055,21.787063459627184,19.867618126301046,21.08660215261969,1589700
2020-05-05,21.79615592956543,24.27960916649209,21.559638226138826,22.423842065060715,1287900
2020-05-06,21.250347137451172,22.341973489316466,21.20486162168907,22.078164438276314,769200
2020-05-07,22.16912841796875,22.533003781323686,21.523248129805967,21.78705885267242,928300
2020-05-08,24.543418884277344,24.67987194330379,23.033334662849118,23.65192371453678,1579000
2020-05-11,22.49662208557129,24.088578793152756,22.069068623026507,23.970319915459985,1806800
2020-05-12,21.61421775817871,22.724038068349365,21.404989637712006,22.669457196726448,1251200
2020-05-13,19.97677993774414,21.277636158070777,19.05799509949585,21.277636158070777,1594000
2020-05-14,20.377042770385742,20.38613987284597,17.95726903900152,19.349094483708413,1633400
2020-05-15,20.05864715576172,20.595363949053713,19.758449774352172,19.994969186234623,830600
2020-05-18,23.751991271972656,23.87025013293446,21.677898773184065,21.950804904692752,1867900
2020-05-19,23.006046295166016,24.08857545713382,22.305585024413993,23.542761457390757,1521500
2020-05-20,23.688310623168945,24.02489469845985,23.360821914155377,23.82476367355971,1654600
2020-05-21,24.28870391845703,24.56161000222167,23.788373784762445,24.1067653725509,1521300
2020-05-22,24.315996170043945,24.825423460779486,23.715601331407907,24.497934736034463,1002500
2020-05-26,25.94434356689453,26.735772417853937,25.389432446384077,26.171765929714237,2338500
2020-05-27,27.654556274414062,27.700041783598277,26.17176337690392,26.708480239614314,1458200
2020-05-28,27.636362075805664,28.655214925486895,26.881319974156945,28.609731151389106,1640800
2020-05-29,27.390748977661133,27.963852548531293,26.53564043746443,26.781256997163727,1915900
2020-06-01,28.400501251220703,28.737087078533836,26.972289230786792,27.208808673069985,1271500
2020-06-02,29.01909065246582,29.410259095576347,28.473276681632104,28.60063437372,1251100
2020-06-03,31.43886375427246,31.748158258001954,29.5012245553145,29.573997895503563,1634000
2020-06-04,31.53023338317871,32.06928998740925,30.23284492046774,31.658148014361362,2705700
2020-06-05,31.8682861328125,35.595996575041895,31.667280925351534,34.68234161068055,2622000
2020-06-08,33.73213577270508,34.14328115694463,32.98293906600932,33.48545202747805,2255100
2020-06-09,32.27943420410156,32.71798820462803,31.082544848175715,32.35252479486395,1156100
2020-06-10,29.447097778320312,32.17892753425224,29.346595179043124,31.904828268835566,1221000
2020-06-11,27.25432586669922,27.811655918859053,26.413763280684027,26.770088137555557,1394500
2020-06-12,29.026817321777344,29.812561113203433,27.802519585551867,29.21868401913015,1246600
2020-06-15,29.40142059326172,30.059253362584272,26.95282471335834,27.409652250872888,1031800
2020-06-16,29.830833435058594,31.75864231769467,29.648101760715406,31.71296027043807,1160500
2020-06-17,28.46949005126953,29.81256403500183,28.2958951109429,29.81256403500183,1186100
2020-06-18,27.966976165771484,28.451212132218053,27.601512823155787,28.03093172793172,1027900
2020-06-19,27.546693801879883,28.68876238191353,27.290871555253695,28.23193494990007,1510800
2020-06-22,27.33655548095703,27.683743586389017,26.57822196138068,27.199507590461735,771800
2020-06-23,27.78424835205078,28.213665573788973,27.4005131831529,27.820795388449916,705600
2020-06-24,26.505128860473633,27.318281163895175,25.637156008333157,27.181233277414684,1275000
2020-06-25,26.422901153564453,26.633041373268572,25.65543085818909,26.057439523066307,1143400
2020-06-26,25.527517318725586,26.450308937976622,25.408741210839715,26.258440510875737,1940300
2020-06-29,26.8614559173584,26.998503815081225,25.326515280482166,26.039166788362863,1078800
2020-06-30,26.760953903198242,26.961957361695706,25.701112574537692,26.614767510240053,684900
2020-07-01,25.87470054626465,28.177110783684306,25.81988175279981,27.08072445843932,1181400
2020-07-02,25.77420425415039,27.21778068935666,25.71938544732561,26.71526944171109,1011800
2020-07-06,26.952823638916016,27.071598027165145,25.600614600015263,26.24930884095029,1216500
2020-07-07,25.299100875854492,26.267574436707058,24.91536580568149,26.267574436707058,1141600
2020-07-08,25.76506805419922,25.856432147154564,25.070690143256694,25.125508947561578,799100
2020-07-09,24.266677856445312,25.765073336814662,24.17531200209885,25.765073336814662,2038000
2020-07-10,25.22601318359375,25.518382482468564,24.138763328576857,24.239265928562006,1223000
2020-07-13,25.18946647644043,26.43203775542454,24.577317595488967,25.618885414555617,790100
2020-07-14,25.573200225830078,26.020890913928827,24.906232572702866,25.226012133532947,962100
2020-07-15,27.37310218811035,27.692881777583494,25.993484710731146,26.495994249432826,1871200
2020-07-16,26.651317596435547,27.409651210211724,26.55995174386977,27.25432978364751,769600
2020-07-17,26.587360382080078,27.135553720994235,26.541676587286393,26.67872622900887,803100
2020-07-20,25.710247039794922,26.72440448561775,25.427014522934417,26.313259104160295,967500
2020-07-21,25.061555862426758,26.52340414875512,24.97019001778276,26.039166392002905,663500
2020-07-22,24.897092819213867,25.417875766331747,24.66867912362475,24.88795606227132,774000
2020-07-23,25.02500343322754,25.308237664837083,24.038256357619943,24.723497430754612,708900
2020-07-24,24.239269256591797,24.842281453978753,24.184448698532094,24.842281453978753,492200
2020-07-27,23.773303985595703,24.294087067008363,23.471797899374764,24.202721216680484,1034600
2020-07-28,23.517478942871094,24.093082555347067,23.435249855374526,23.65452684114585,664500
2020-07-29,24.796598434448242,24.81487195437544,23.617984281684315,23.745895435857157,868000
2020-07-30,24.394588470458984,24.49508933245766,23.745892533598223,24.065672122605157,821300
2020-07-31,23.956031799316406,24.39458749310388,23.115469188323278,24.184445533361732,831900
2020-08-03,24.76918601989746,24.961052721122293,23.99257897114777,24.21185594797265,702000
2020-08-04,25.171194076538086,25.472700151125338,24.45854430532745,24.540773393183844,564800
2020-08-05,25.911252975463867,26.039164101116913,25.12550922037597,25.701111028473075,671400
2020-08-06,25.883848190307617,26.185354295179614,25.52752326891128,25.728526757939694,1005700
2020-08-07,27.245193481445312,27.583246618815426,25.929529713326833,26.724410378535154,1629100
2020-08-10,28.158842086791992,28.825809706415797,27.601512072845853,27.601512072845853,791700
2020-08-11,28.67963218688965,29.84910956515325,28.633950130298256,29.03595885040575,895300
2020-08-12,28.89890480041504,29.51105367600231,28.51516965836543,29.03595443466443,544900
2020-08-13,28.3507080078125,29.36486361276001,28.332434494260035,28.66135076757175,500400
2020-08-14,28.222803115844727,28.588266519340323,27.546698607631726,28.08575521086321,642500
2020-08-17,27.647201538085938,28.31416929467092,27.47360659368071,28.250213721116012,701000
2020-08-18,27.501008987426758,27.994381658154914,27.464461960068576,27.610646584184934,490100
2020-08-19,27.537559509277344,28.20452894414431,27.33655604855464,27.51928773478147,541700
2020-08-20,27.199504852294922,27.537556165307887,26.907135583962095,27.199504852294922,464400
2020-08-21,26.587360382080078,27.181235773129337,26.459447499316337,27.044187874065447,950500
2020-08-24,28.28675079345703,28.368979862026467,26.971089181662407,26.971089181662407,694400
2020-08-25,28.250211715698242,29.22782225385901,27.683744868058007,28.46035194036375,476100
2020-08-26,27.382238388061523,28.24107453414717,27.31828282000403,28.177118966089672,667200
2020-08-27,28.697898864746094,28.96285960925158,27.427919173565794,27.427919173565794,609800
2020-08-28,29.52018928527832,29.712055966178326,28.825809651568818,28.926312242130717,640500
2020-08-31,28.396394729614258,29.712058297063827,28.268483598979735,29.712058297063827,879800
2020-09-01,28.862356185913086,29.191272481985397,27.93042784214707,28.40552877143856,971500
2020-09-02,28.770994186401367,28.99027116543493,27.97611535523702,28.917178839090408,557300
2020-09-03,28.569988250732422,30.333342431595312,28.368983063696216,28.88063104646259,651400
2020-09-04,29.364870071411133,29.57501029550924,27.921295293764715,29.18214012367047,1022000
2020-09-08,29.136457443237305,29.657240515321497,28.442079432905512,28.86236163982203,1087100
2020-09-09,28.606536865234375,29.236959287822447,27.875613580102243,29.236959287822447,493300
2020-09-10,28.34029769897461,29.203266283144607,28.312755477802177,28.863587643920532,755800
2020-09-11,29.0196590423584,29.20326861167321,28.165869379454932,28.459646091196486,799600
2020-09-14,29.974435806274414,30.21312807685085,29.102284640766197,29.340976911342633,950000
2020-09-15,29.221633911132812,30.69051941276801,29.083926278396163,30.02034098268145,1096200
2020-09-16,30.332475662231445,30.74560026306739,28.826867367777268,29.414422550193652,1056200
2020-09-17,29.937711715698242,30.607890048694824,29.24917190071749,29.78164086988008,1325000
2020-09-18,28.52391242980957,29.891813228467647,28.377024058995516,29.891813228467647,1269000
2020-09-21,27.394704818725586,27.817008406915065,26.21959621285721,27.541593175578218,1346600
2020-09-22,27.312076568603516,27.908810664430806,27.201909438874466,27.422243698332565,776900
2020-09-23,25.788114547729492,28.175053219757395,25.7697530634641,27.367165422555328,984900
2020-09-24,24.91596031188965,25.69630578890055,24.55792016698648,25.512696221458008,1122800
2020-09-25,25.705486297607422,25.815653437915117,24.493656509459207,24.493656509459207,892500
2020-09-28,27.403884887695312,27.908813383109468,26.247137792570232,26.660262380488938,1141400
2020-09-29,26.87141227722168,27.321258046252684,26.48582993933123,27.20191017323695,657600
2020-09-30,27.00912094116211,27.642578039241638,26.50419246146149,27.05502289348135,1214400
2020-10-01,28.3953857421875,28.450468443867077,26.97240223225958,27.357984646111642,959600
2020-10-02,28.50554847717285,28.8452288996694,26.843872831831934,27.10092833401979,745400
2020-10-05,28.90949249267578,29.405240266142357,28.68915995435204,29.028840378672406,699400
2020-10-06,27.486507415771484,29.68983427401723,27.284534634326256,29.515405464101804,727500
2020-10-07,28.1291446685791,28.386200150917457,27.679298887772394,27.954715851216463,708800
2020-10-08,28.211772918701172,28.845230083380304,27.78028856797484,28.386203507738383,1424100
2020-10-09,28.63408088684082,28.982940345642085,27.48651434321516,28.276038934517256,1535900
2020-10-12,28.422922134399414,29.001296547614704,28.230131830692493,28.523908532177668,1255500
2020-10-13,27.321260452270508,28.285215506362736,27.11928940074997,28.285215506362736,602800
2020-10-14,27.082565307617188,27.954716416247486,27.082565307617188,27.468147663394642,835800
2020-10-15,27.44060516357422,27.477328126156397,26.678621200466402,26.87141325192836,378100
2020-10-16,27.403884887695312,28.129145912983677,27.367161923859296,27.642578899487532,470500
2020-10-19,27.945537567138672,28.799327252085035,27.458968781350052,27.541593702541466,669900
2020-10-20,28.52391242980957,28.95539855124242,28.129149276603986,28.358662574881883,469800
2020-10-21,27.95471954345703,28.551453749831275,27.761927468477612,28.312759717072087,457600
2020-10-22,29.359342575073242,29.451150001519014,28.20259526757076,28.20259526757076,610400
2020-10-23,29.469505310058594,30.286575571840064,28.992118993201508,29.726562578680987,903600
2020-10-26,28.184232711791992,29.249174237284507,27.79865031455867,28.927855281082167,609500
2020-10-27,26.834686279296875,28.32193277173045,26.81632480074964,27.982252422794488,431500
2020-10-28,25.145471572875977,26.146149501393488,24.88841784881089,25.934997727755118,934900
2020-10-29,25.742206573486328,25.925816120097608,24.906776745083075,24.906776745083075,451400
2020-10-30,25.00776481628418,25.81565247907476,24.466113377904446,25.393347166468953,1020600
2020-11-02,26.476652145385742,26.4950136280541,25.035309025819476,25.374987699947297,949500
2020-11-03,27.266176223754883,27.633397092714944,26.60517690857954,27.229453261335262,589600
2020-11-04,26.595996856689453,27.20191174392579,25.714666748362877,26.91731578199291,654300
2020-11-05,28.248493194580078,28.43210275671954,26.908134810830436,26.97239824513161,619900
2020-11-06,28.0832462310791,28.61571699244542,27.40388710458052,28.413745928150416,583900
2020-11-09,33.215171813964844,34.114863712760375,31.39742652838664,31.525953442200894,2361600
2020-11-10,31.0577335357666,34.55551309657359,30.350832331354315,33.82107142383814,3809900
2020-11-11,31.801355361938477,32.324645291808345,30.268208532834116,31.40659229174271,1501800
2020-11-12,31.663646697998047,32.44399027783646,30.653786386455085,31.16789728153663,763100
2020-11-13,32.40726852416992,32.95810239694913,31.64528639465237,32.00332648580711,1643700
2020-11-16,35.381771087646484,35.51947696607478,33.14171904342475,34.19748162185008,1377900
2020-11-17,36.20801544189453,36.4375287323525,34.23420324521296,34.65650685915284,1544500
2020-11-18,36.33654022216797,37.86050809568526,36.10702696710757,36.67621885907095,1436000
2020-11-19,35.43684768676758,36.02440460303656,34.996182626136786,35.877516249492956,867400
2020-11-20,34.22502517700195,35.59292610589418,33.68337360141313,35.07881500805036,1000100
2020-11-23,36.05193328857422,36.17128113121493,34.63813115911795,34.68403309795101,1190300
2020-11-24,36.54768753051758,38.07165521780905,36.53850504026441,37.03425445111793,1969200
2020-11-25,35.46438980102539,36.3640813570627,35.20733256923301,36.31817940563012,836700
2020-11-27,34.86766052246094,36.079490480428674,34.65650870424937,35.473575501444806,350200
2020-11-30,33.57319641113281,35.56537315210476,33.41712908919784,34.7115836205588,946800
2020-12-01,34.72077178955078,35.32668676226481,33.97714743581741,34.417816054241285,902700
2020-12-02,35.06962966918945,35.09717014195012,34.28010343049978,34.42699178871451,516100
2020-12-03,37.43820571899414,37.989039701168096,34.91355959812417,34.91355959812417,1204400
2020-12-04,39.21923065185547,39.55890932778903,37.69526260322748,37.9982183136291,1193600
2020-12-07,37.658538818359375,38.83364567305666,37.2270527379838,38.815284190690186,789000
2020-12-08,37.5850830078125,38.246082190851034,37.015891212470294,37.254586918386984,424800
2020-12-09,37.7595329284668,38.053309702111996,36.768033690842714,37.65854650588337,1573200
2020-12-10,39.09988784790039,39.457928053145075,37.3464062898877,38.007405747013394,2107200
2020-12-11,39.07234191894531,39.412020591637244,38.209369747654044,38.980534505991606,1466500
2020-12-14,38.53986358642578,40.11891582885592,38.4756001581496,39.7975951853808,1167400
2020-12-15,38.5582275390625,39.25594630599066,38.044116577787676,38.76937931723937,732100
2020-12-16,38.35625076293945,38.787736765976625,37.64934957795913,38.43887566773181,823000
2020-12-17,39.01058578491211,39.41608078680181,38.07057128840794,38.595872990048804,763000
2020-12-18,38.300960540771484,39.09351834267554,38.01526877047152,38.77096595327025,977300
2020-12-21,38.58665466308594,38.76175757158167,36.63290093111597,36.86329653445632,695500
2020-12-22,37.54526901245117,38.992153118074505,37.41624452170004,38.66038288725883,703700
2020-12-23,39.42529296875,39.618827939771734,37.7111491847943,38.199590235253815,852700
2020-12-24,39.80315017700195,39.90452482281353,38.90921746919498,39.44373353498529,231000
2020-12-28,39.92294692993164,40.77080451596904,39.563530377638806,40.088832033383355,587300
2020-12-29,39.941383361816406,40.41138886256683,39.69255567945746,39.941383361816406,457800
2020-12-30,40.81687927246094,41.12099959116453,39.71097985373708,39.895297009450616,410700
2020-12-31,40.93667984008789,41.397470942379144,40.08882589933939,40.521970660471446,533400
2021-01-04,39.065879821777344,41.452778527987086,38.69724894800989,41.02885144115337,579100
2021-01-05,40.31001663208008,40.577272862284346,38.798618508920306,39.084310324965216,467300
2021-01-06,40.88139343261719,41.59101226093132,40.07961777592258,41.19473157089151,1211600
2021-01-07,40.291587829589844,41.867493053213714,39.840010859934075,41.63709742933099,885400
2021-01-08,39.92294692993164,40.9090397584737,38.936854101389585,40.9090397584737,453900
2021-01-11,41.42512512207031,41.4896356018786,39.22254398575391,39.22254398575391,1454500
2021-01-12,42.07024002075195,42.42965661181505,41.13943978258329,41.69239135892177,878300
2021-01-13,40.71550750732422,42.25454830667307,40.669429094063986,41.849053348202396,811900
2021-01-14,41.683170318603516,42.26376819808453,40.71550952984034,41.13943657778493,564000
2021-01-15,39.886077880859375,41.50806457808977,39.720192797834514,41.46198616959558,708600
2021-01-19,40.66943359375,40.99198603781659,39.95059690823908,40.236288726953745,532200
2021-01-20,41.157867431640625,41.68316908761477,40.82609722459218,41.00120012028867,1125400
2021-01-21,39.78470993041992,41.25924385788341,39.54510005681943,41.203947649102766,636500
2021-01-22,39.16724395751953,39.66489919506643,38.43919316728134,39.22254015576601,769500
2021-01-25,39.4437255859375,39.508236071988044,37.87703481994315,39.11195536307307,703100
2021-01-26,38.61430358886719,40.429818508545836,38.57743944949355,40.14413021729474,461100
2021-01-27,37.30565643310547,38.34704556583421,36.88172935803288,37.88625434974018,669500
2021-01-28,38.761756896972656,39.31470492914284,37.86782084659161,38.05213802916762,873500
2021-01-29,36.522308349609375,38.52214029783691,36.40250166357566,38.52214029783691,699200
2021-02-01,37.296443939208984,37.36095443130251,36.402507812258456,36.95545589179102,578800
2021-02-02,38.44841766357422,39.15803651148906,37.81252357728861,38.00605854712557,520500
2021-02-03,39.78470993041992,40.07040173578319,38.393122073906305,38.393122073906305,517700
2021-02-04,39.96903610229492,40.89983649059542,39.305499025445926,40.13492125039682,542800
2021-02-05,39.78470993041992,40.54041072152412,39.66490675139858,40.53119292894844,350800
2021-02-08,40.09804153442383,40.761581869204804,40.024316783646626,40.254712342605885,696700
2021-02-09,39.840003967285156,40.22707037653274,39.4713731421839,39.83078969076961,1112700
2021-02-10,40.125701904296875,40.402175944367805,39.56353603066969,40.08883776147191,1214500
2021-02-11,39.314701080322266,40.37452213971185,38.660378486014096,40.31922593568506,845700
2021-02-12,39.72019577026367,40.31001139602225,38.936852220569875,38.936852220569875,1289600
2021-02-16,39.26862716674805,40.300798484592484,39.09352425838194,40.300798484592484,992800
2021-02-17,40.088836669921875,40.402174844286115,39.08431165642105,39.08431165642105,1080400
2021-02-18,39.71099090576172,40.17178216551038,39.14882500637903,39.62804833838463,508600
2021-02-19,41.45277404785156,42.070236055904026,40.00589002679609,40.07961830291602,749900
2021-02-22,42.844364166259766,43.99634208138706,41.305319843559744,41.305319843559744,1718200
2021-02-23,43.13005065917969,43.40652464428801,41.41590702972764,42.98259763275142,1483500
2021-02-24,43.81202697753906,45.314203718489395,43.00103350269596,43.08397605711807,909800
2021-02-25,41.57258605957031,44.392626186493345,41.28689422637694,44.25439092441253,801600
2021-02-26,42.263771057128906,43.03790044361903,41.240813991171464,41.64630899721562,1112200
2021-03-01,42.19004440307617,43.692224815364504,42.06102341960812,43.52633968931754,582300
2021-03-02,41.36061477661133,42.33748976862847,40.899823624736825,41.80297386054395,880800
2021-03-03,43.498687744140625,44.03320368053785,41.20394613941045,41.20394613941045,868000
2021-03-04,43.94105529785156,45.11146553245118,42.770645063251955,43.489478311447634,818100
2021-03-05,44.22674560546875,44.890282613143135,42.24534182945926,44.70596541051649,668200
2021-03-08,46.54912567138672,46.95462417903575,44.9455742574081,45.1575377884256,1760900
2021-03-09,44.9824333190918,46.6873591675084,44.4847780334632,46.6873591675084,1189200
2021-03-10,44.91792678833008,45.56303164246241,44.392621596945794,45.10224045204915,1156300
2021-03-11,47.931495666503906,48.05130235433505,44.93635307962859,45.04694549096085,1335400
2021-03-12,47.88542556762695,48.80700806207193,47.599737244306276,48.032878626115824,1716800
2021-03-15,47.45227813720703,48.180325543192126,46.96383708683183,47.92228360261806,1317400
2021-03-16,46.35559844970703,47.535226425089945,46.02382819149178,47.15737423002176,994400
2021-03-17,46.779518127441406,47.65502205534751,45.75656468101301,46.52147619669093,1129800
2021-03-18,45.58692169189453,47.30648214432224,45.49446992993125,46.82574708880962,709300
2021-03-19,44.449798583984375,45.78107242925878,44.02452746423693,45.47598685596222,1279500
2021-03-22,44.828834533691406,45.4020213467756,43.978295963516516,44.58846348110268,868000
2021-03-23,42.545326232910156,45.04146730517705,42.295711773016066,44.283380512909375,2281300
2021-03-24,43.1462516784668,45.032225459888835,43.01682272758626,43.21096968058148,874300
2021-03-25,45.078453063964844,45.29109038732395,42.489863266347264,42.69325364868657,623100
2021-03-26,46.215576171875,46.22481958405532,45.05070874341945,45.4852231760452,1201300
2021-03-29,45.67936325073242,46.64084027457734,45.16164403942971,45.96595838091897,967400
2021-03-30,46.234066009521484,46.89046117066748,45.836535779729694,45.836535779729694,557600
2021-03-31,45.30032730102539,46.40972377699759,45.30032730102539,46.08614789455718,722400
2021-04-01,45.89200210571289,46.14161656438708,45.17089602065903,45.66087799879317,356600
2021-04-05,45.512962341308594,46.55764437537288,45.28183821595561,46.261805777055,1338500
2021-04-06,45.67012405395508,46.7980072757522,45.161648207235224,45.48522406666367,884500
2021-04-07,45.605411529541016,46.22482245767024,45.50371635586629,45.938227288830014,567800
2021-04-08,45.531455993652344,45.95672356871401,44.90279804500704,45.531455993652344,635300
2021-04-09,45.30032730102539,45.91049483380897,44.95826459254764,45.65163694919599,457900
2021-04-12,45.0969352722168,45.5499400801315,44.88430151394632,45.383530438585204,715100
2021-04-13,44.63468933105469,45.01373275022865,43.257191538287415,44.606955564938666,601500
2021-04-14,44.97675704956055,45.670129438649305,44.82883774762192,44.82883774762192,580600
2021-04-15,45.633140563964844,45.67012126449919,44.37582495918676,45.15240203703947,469900
2021-04-16,44.875057220458984,46.52065972492335,44.81958616547433,46.07690186506804,644500
2021-04-19,44.32960891723633,44.95826683407503,44.061504079563335,44.7363861171484,348200
2021-04-20,42.89663314819336,43.9967825632385,41.953646423865905,43.94131151121672,496600
2021-04-21,43.38661575317383,43.44208680603365,42.11080975078857,42.5915482955522,620200
2021-04-22,42.81342697143555,43.84886188951762,42.683994520835824,43.54377640311449,813900
2021-04-23,43.6732177734375,43.8488708451159,43.12776467786579,43.24794668795788,358700
2021-04-26,44.51451110839844,44.68092077257999,43.91358692922346,44.20018213457491,422600
2021-04-27,45.05070877075195,45.11542323607498,44.11696896632403,44.44054129293919,298500
2021-04-28,44.62544631958008,45.725595881066866,44.52375114067367,45.04147044843617,348500
2021-04-29,44.19093322753906,45.161653874286145,44.04301392447926,45.04147186513869,1067800
2021-04-30,43.1832275390625,44.10772397206323,42.97059378267321,43.81188539563692,748400
2021-05-03,43.72868728637695,44.200182514502295,43.340400417732134,43.719443872364984,667200
2021-05-04,43.63623809814453,43.95981048170108,42.6655174208004,43.71944292915543,753000
2021-05-05,44.902793884277344,45.36504212564456,43.737929867768614,44.052258812965285,452400
2021-05-06,45.13391876220703,45.46673806584326,44.17244155762998,44.97675605030896,750000
2021-05-07,40.816524505615234,43.59001418364097,40.73331967420748,42.85041411482784,2232400
2021-05-10,42.05534362792969,42.97984004639953,40.63161829708438,40.67784241267308,1481300
2021-05-11,41.482154846191406,42.07383201166597,40.51143427616756,41.6115837853047,1254800
2021-05-12,39.94749450683594,41.84271170185138,39.827312496263204,41.676305569775714,908600
2021-05-13,41.31574249267578,41.50988941528576,39.82730626382499,40.12314482715827,851900
2021-05-14,42.87814712524414,43.238700183092114,41.4636651326513,41.77799407248591,903900
2021-05-17,42.748714447021484,42.933610902911155,41.935156639746346,42.57305787658292,740100
2021-05-18,42.110816955566406,43.26643763780849,42.10157354184523,42.75796524295686,588400
2021-05-19,42.29570388793945,42.51758454203869,40.91820290903313,41.37120762809378,701100
2021-05-20,41.87969207763672,42.47136929220108,41.20481003435709,42.221754806055294,988400
2021-05-21,42.01836013793945,42.804180630850034,41.824216749339016,42.286464927915524,1104000
2021-05-24,42.277217864990234,42.50834195359832,41.49139737439223,42.175522701734884,554900
2021-05-25,42.20326614379883,42.9336156900143,42.15703849799819,42.332695088022476,988300
2021-05-26,43.55302429199219,43.78414838309664,42.20326044634384,42.33268937309454,728400
2021-05-27,43.52529525756836,44.6161978415418,43.007575967654105,44.27413513701899,886400
2021-05-28,43.50680160522461,43.60849324623799,42.683996851515886,43.50680160522461,379100
2021-06-01,44.560733795166016,44.95826758826734,43.73793244138517,43.90434210020314,539400
2021-06-02,43.85811233520508,44.93052812545297,43.7194399773327,44.810346120631756,453800
2021-06-03,43.1832275390625,43.700946811145556,42.757960026283925,43.700946811145556,600500
2021-06-04,43.155494689941406,43.47906703768506,42.730227168142854,43.349638098587604,340400
2021-06-07,43.350303649902344,43.61933056772838,42.886465600741644,43.21115435843622,228200
2021-06-08,43.86980056762695,44.07388688904852,42.76586382055998,43.201872689657236,346600
2021-06-09,42.738037109375,43.87907827344769,42.71948316295064,43.87907827344769,300500
2021-06-10,42.357688903808594,43.2482570751604,42.190706929329714,43.23898187160195,422500
2021-06-11,42.90502166748047,42.95140476692782,42.18143540745148,42.41335444349191,458000
2021-06-14,42.45973587036133,42.969957021790876,42.15360105622149,42.747316737692366,534600
2021-06-15,42.84935760498047,43.10910931827538,42.28347815895318,42.54322633344462,335400
2021-06-16,42.04228591918945,42.60816897841219,41.532064707019494,42.60816897841219,500800
2021-06-17,40.66005325317383,42.26493280089624,39.89008023831979,42.199995744077725,864000
2021-06-18,39.32419204711914,40.326084003409335,39.30563809917261,39.93645817413968,710900
2021-06-21,40.8641357421875,41.058946894111564,39.72309444531306,39.890076443763355,417400
2021-06-22,40.428131103515625,40.650771413138656,40.140550203214964,40.58583436126494,279000
2021-06-23,40.30752944946289,40.938349514945955,40.26114634969578,40.56727763920168,287100
2021-06-24,41.160980224609375,41.27230388469205,39.917894330775646,40.49305595812758,542200
2021-06-25,41.25375747680664,42.00517285620347,40.966176610600805,41.47639776003404,1037800
2021-06-28,39.53755187988281,40.81774580743548,39.08299260148438,40.697146931230414,514200
2021-06-29,38.71192169189453,39.8807955132327,38.65625985413446,39.574660713757304,431800
2021-06-30,38.72119903564453,39.055159433732285,38.40578904400342,38.646983254645114,1242600
2021-07-01,39.352020263671875,39.50972704806454,38.637712748140416,39.06444292434986,430400
2021-07-02,39.16648864746094,39.35202104860671,38.98095270751145,39.30563794832027,231500
2021-07-06,38.08111572265625,38.99951692080491,37.441020277089066,38.99023817502305,619800
2021-07-07,38.16460037231445,38.582055392723184,37.654379142394475,37.76569930156879,499700
2021-07-08,37.80280685424805,38.99023131136297,36.55044534330991,37.40390578716025,826500
2021-07-09,39.18504333496094,39.2499803843484,38.294471514154445,38.507836610542356,473900
2021-07-12,39.0737190246582,39.203593121369195,38.36868669731119,38.405794593172544,451900
2021-07-13,38.30375289916992,38.91601907762032,38.127492148274,38.749037070878934,345600
2021-07-14,38.23880386352539,39.04588095068251,37.68219616919402,38.65625521077027,398400
2021-07-15,38.49856185913086,38.74903485491901,37.82135866554236,37.82135866554236,417100
2021-07-16,37.36679458618164,38.90673686997393,37.19981259430505,38.89746166544911,715600
2021-07-19,36.13299560546875,37.04211803061333,35.53928329017471,36.40202260421279,1067300
2021-07-20,38.229530334472656,38.507832450180445,36.040214223645485,36.049492966157665,757500
2021-07-21,38.916019439697266,39.66743493822068,38.480010469282114,38.52639357407426,442400
2021-07-22,38.313026428222656,38.96240047727129,37.77497607133359,38.96240047727129,425500
2021-07-23,38.17387390136719,38.776861258420396,37.67292794531419,38.461451234846685,518600
2021-07-26,38.52638626098633,38.9067333101709,38.127485265646,38.40579091917898,386100
2021-07-27,38.368690490722656,38.4429027509788,37.62655019414084,37.89557361872395,409300
2021-07-28,38.990234375,39.36130631640721,38.303755883842264,38.72121093322429,441000
2021-07-29,39.45405960083008,39.99211338563671,39.3149103225134,39.518996638471826,273900
2021-07-30,39.296356201171875,39.55610435057238,38.63770708587594,38.97166747561811,544500
2021-08-02,39.05516052246094,40.44667460576196,38.609876440461,39.62104348254522,665900
2021-08-03,39.435516357421875,39.47262425723074,37.895573903395054,38.99951092048208,662500
2021-08-04,39.06443786621094,39.28707812983857,38.433617887927355,38.85107280573314,1077800
2021-08-05,40.08488464355469,40.214758735272554,38.98095132514924,39.324190501661256,553700
2021-08-06,39.472618103027344,40.69715029536937,37.72858601076913,40.16837519134911,1032600
2021-08-09,38.72119903564453,38.9902223947594,37.75641511547134,38.9902223947594,1116300
2021-08-10,39.46334457397461,39.50972767407078,38.55422236463556,38.70265040822553,328800
2021-08-11,40.353904724121094,40.400287814893964,38.94383682404717,39.72308478096163,381600
2021-08-12,40.363189697265625,40.38174364582663,39.676711294527585,40.121995443580225,375700
2021-08-13,40.353904724121094,40.52088668194583,40.14053967552348,40.418841758963715,440300
2021-08-16,39.98284149169922,40.205485329462725,39.39840805282703,40.066332488510064,945400
2021-08-17,39.379852294921875,39.74164541820665,38.786140139910586,39.42623539350646,806500
2021-08-18,38.40578842163086,39.435505825286974,38.38723447668168,39.212865563503065,1381200
2021-08-19,37.20909118652344,38.01616845144683,36.93078904746058,37.95123140362562,725800
2021-08-20,37.1441535949707,37.329689531231224,36.79163566995609,37.03282990993221,363500
2021-08-23,37.0328254699707,37.74713643871073,36.96788843088554,37.55232532145524,790800
2021-08-24,37.988338470458984,38.303748498197145,37.06066233461775,37.06066233461775,704200
2021-08-25,38.30375289916992,38.96240218198092,37.58944176784379,38.090387788067936,1704100
2021-08-26,36.7359733581543,38.331577435286654,36.5318870157981,38.16459544866566,618300
2021-08-27,37.45028305053711,37.6636481282221,36.73597203108556,36.73597203108556,660200
2021-08-30,36.9400634765625,37.607991427336266,36.838018535327215,37.607991427336266,580500
2021-08-31,36.86585235595703,37.283303799184246,36.67103767180677,36.78236135955085,395200
2021-09-01,36.60610580444336,37.20909681258902,36.550447491497394,36.940069837336075,418700
2021-09-02,37.20909118652344,37.45956417332112,36.66176211288488,36.75452831297127,618400
2021-09-03,37.65436935424805,38.03471637646052,37.29257627687558,37.515216537349495,686800
2021-09-07,36.76380157470703,37.960500948127454,36.63392749842909,37.42245069800411,441800
2021-09-08,36.18864440917969,36.94934209431576,35.77119298016582,36.68031516629965,355200
2021-09-09,36.766178131103516,37.36233548696571,35.96509035164689,36.14207345623782,698500
2021-09-10,35.78810119628906,37.04562386234961,35.76947438942406,37.04562386234961,371500
2021-09-13,36.50536346435547,36.78481538649386,35.31304852917917,36.09550609373331,553400
2021-09-14,36.10480880737305,36.87795273713815,35.685638155057525,36.63576517016968,618100
2021-09-15,36.44947052001953,36.700975080638315,35.93714799433458,36.104814148035494,491300
2021-09-16,36.04892349243164,36.68234154134255,36.039606535412915,36.589189738045086,374300
2021-09-17,35.219886779785156,36.197957472854654,35.07084746992102,35.98371368701104,1476900
2021-09-20,35.16400146484375,35.368931881984736,34.018260916368114,34.21387437634195,678800
2021-09-21,34.223182678222656,35.769466712746876,34.176605010922785,35.462071164777925,917200
2021-09-22,34.8193473815918,35.55522706854334,34.74482594052548,34.77277325761429,463900
2021-09-23,36.10480880737305,36.49603925047934,34.96838530384411,35.05222014498276,581200
2021-09-24,36.132755279541016,36.66370807656073,35.89056416485061,35.89056416485061,346300
2021-09-27,36.98041534423828,37.71629850335907,36.346997378587155,36.346997378587155,560400
2021-09-28,37.138771057128906,37.483427381782825,36.64507896151355,37.036305855387354,535700
2021-09-29,37.19466781616211,37.54863759803814,37.036311511094546,37.32507680070109,387800
2021-09-30,36.645084381103516,37.632472271740816,36.57056293122373,37.19466763714285,452500
2021-10-01,38.88998031616211,38.99244550349955,36.8686345418773,37.120135479225375,703100
2021-10-04,37.856021881103516,39.29984092428991,37.83739152239031,38.88998369273214,838100
2021-10-05,38.34040832519531,38.6571173808118,37.343707028803685,37.98643854459376,560100
2021-10-06,38.90861511230469,38.9365588744476,37.4461656705308,37.91191399092701,554900
2021-10-07,39.02970886230469,39.44887948853892,38.81546151787615,39.30915713092002,753500
2021-10-08,38.98313903808594,39.30916504492299,38.60122549830066,39.085604252995346,423900
2021-10-11,38.70368957519531,39.62587292888656,38.60122436329872,39.16943795408666,412700
2021-10-12,38.843406677246094,39.09491117106082,38.23793250102056,38.638476300053945,291400
2021-10-13,38.936561584472656,39.08560091523763,38.14479080604211,38.824782974743414,607300
2021-10-14,39.13218307495117,39.43026535106502,38.685064990848396,39.19739112684199,575700
2021-10-15,39.365055084228516,39.79354633325684,39.141497831445314,39.58861589039019,493600
2021-10-18,39.039024353027344,39.32778959295676,38.74094571010949,39.01108059068433,505700
2021-10-19,38.56395721435547,39.34641443055152,38.30313577337198,39.29983676201279,665600
2021-10-20,39.076290130615234,39.551351918837284,38.22862821381961,38.573281023054356,572000
2021-10-21,38.759578704833984,39.14149221412594,38.38697859916371,38.8434135509409,689200
2021-10-22,38.88067626953125,39.141494224872204,38.452185059984934,38.65711548396891,400800
2021-10-25,38.98313903808594,39.59792677416416,38.657116584627126,39.02039976230358,468200
2021-10-26,39.402313232421875,39.51409185149894,38.60122543005006,39.06697382181244,735000
2021-10-27,38.09821319580078,39.47682776759071,37.921226563762694,39.2718973740214,780600
2021-10-28,38.19136428833008,38.45218222443775,37.60452037870993,38.07958568048077,637400
2021-10-29,37.30644226074219,38.32177380959005,37.04562432086939,38.19136483965365,1002500
2021-11-01,39.69107437133789,39.93326194628691,37.3437022954829,37.53000234341638,491900
2021-11-02,40.65983200073242,40.87407581334787,39.365048614856285,39.72833530933766,623800
2021-11-03,41.45160675048828,41.63790681734589,40.380384031090664,40.6598359080662,635000
2021-11-04,39.998470306396484,41.76831560321735,39.998470306396484,41.76831560321735,732500
2021-11-05,45.63401412963867,47.497007090085816,42.746372908919355,42.92335951432317,1419300
2021-11-08,46.22086715698242,46.332649324004535,45.14964804002261,45.95073580345746,873100
2021-11-09,46.248809814453125,46.59346257792525,45.84826597310267,46.10908389644615,551300
2021-11-10,45.78306198120117,46.46305411244977,45.410461898121895,46.19291922988618,751800
2021-11-11,44.48827362060547,45.71785233449907,44.339234314887655,45.71785233449907,624400
2021-11-12,44.19020462036133,45.25211390211121,43.83623841315614,44.34856091590311,515100
2021-11-15,43.78965759277344,44.70252747092941,43.6778789855335,44.553488143483555,366200
2021-11-16,43.21212387084961,43.948006989388084,43.02582385239493,43.733763211847254,316100
2021-11-17,42.91405487060547,43.03515044271943,42.10365369527259,42.886111105263055,310500
2021-11-18,42.38310241699219,43.258708088808426,42.094337143286666,43.00720353817035,702000
2021-11-19,41.27462387084961,41.9359857361625,41.05106307870166,41.62859009113135,866100
2021-11-22,41.94529724121094,42.280636637559226,41.28393540584519,41.70310965128055,633500
2021-11-23,42.5507698059082,42.75570021826849,41.9266651652555,42.40173047511289,770600
2021-11-24,42.038448333740234,42.73707087980928,41.693791985914004,42.10365282043644,461600
2021-11-26,38.2938346862793,39.98915860765935,37.26918605633176,39.03903142863673,627100
2021-11-29,38.573280334472656,39.40231187470253,37.6697273485071,39.02039834875243,673600
2021-11-30,37.8094596862793,38.05164731918285,36.76618414292917,37.95849904961503,595000
2021-12-01,36.803428649902344,39.849422920847765,36.803428649902344,38.85272185537548,580900
2021-12-02,38.86204147338867,39.309159440114406,37.28780985674466,37.46479649485412,601200
2021-12-03,38.09821319580078,39.31847149436599,37.68835240866215,39.20669289486345,498000
2021-12-06,39.644500732421875,40.389697379889256,38.59190846909912,38.94587820916284,512500
2021-12-07,40.575992584228516,41.44228469388121,39.97983178407444,40.14750145390254,452700
2021-12-08,41.637901306152344,41.77762367276823,40.566678728541774,40.96722257558727,419400
2021-12-09,41.45160675048828,41.62858985964499,40.855449379246494,41.07900661677305,227000
2021-12-10,41.44228744506836,41.79625361297943,41.013796286296575,41.79625361297943,421200
2021-12-13,40.231346130371094,41.20010367005318,39.88669330402629,41.09763845193972,503300
2021-12-14,39.23463821411133,40.3990090358426,39.20669445147065,39.81216870012202,774400
2021-12-15,39.35573959350586,39.65381828367162,37.92123367622172,39.42094408489348,606600
2021-12-16,39.14522933959961,40.38021238438097,39.09845038179841,40.071468407688485,590800
2021-12-17,38.86455535888672,39.584962791664076,37.89153724949864,38.71486053967363,831700
2021-12-20,38.18156814575195,38.396754200637396,37.1524132587715,37.65763455407069,461300
2021-12-21,40.49247741699219,40.586038889631645,38.611936429504716,38.8084101685397,565600
2021-12-22,40.96963882446289,41.24096178677199,40.23051912810605,40.49248415709092,213500
2021-12-23,41.06318664550781,41.643253453756714,41.05383228348983,41.400000782234585,301200
2021-12-27,41.62455368041992,41.65262034151412,40.30536707390659,40.82929711569554,268000
2021-12-28,41.54970169067383,42.04556503793501,41.156754185826586,41.36258230164898,292300
2021-12-29,41.30644226074219,41.65261075424668,41.175456211438544,41.52162827394795,225700
2021-12-30,41.15674591064453,41.895861816723816,41.01640550484207,41.45613544528533,258600
2021-12-31,41.381290435791016,41.661967706598205,40.82929025663465,40.82929025663465,390000
2022-01-03,42.148475646972656,43.21505139227551,41.58712111860433,41.58712111860433,2029500
2022-01-04,42.550785064697266,43.28990466662911,41.98007255102851,42.74725881133574,2868700
2022-01-05,42.21397018432617,43.08407226950955,41.85844728748106,42.70983707772438,1599400
2022-01-06,42.8408203125,42.98115717346389,41.34386881251406,42.606921975221454,1092500
2022-01-07,43.21505355834961,43.82319063540125,42.663053364550585,43.121495655267154,2273400
2022-01-10,43.364749908447266,43.86997116892369,42.52271804332525,43.86997116892369,795700
2022-01-11,42.82211685180664,43.76706475900045,42.70984662607214,43.252489024627344,784400
2022-01-12,42.60691833496094,43.07471496955031,42.30752877434415,42.794037702597706,712900
2022-01-13,41.87715530395508,43.196341738334894,41.87715530395508,42.99051363549194,3609700
2022-01-14,41.6339111328125,41.87716387468652,40.60475970095212,41.46550401574356,2761400
2022-01-18,40.978981018066406,41.315795137588275,40.62345460645946,41.063184547946875,2030700
2022-01-19,40.04339599609375,41.0725508566766,39.884346834434105,40.997701673068164,3990000
2022-01-20,39.24814224243164,40.67959894394477,39.08908951503827,40.2305145585486,1436400
2022-01-21,38.059932708740234,39.46332254735454,38.050574777840055,38.677424094970334,1821200
2022-01-24,38.18156814575195,38.33126294780294,36.49749716142133,36.9465851365799,1972500
2022-01-25,37.227256774902344,37.77925694258894,36.66589867594704,37.53600069567346,2594000
2022-01-26,36.71268081665039,38.06928817824346,36.45071227889719,37.769898622815546,2234500
2022-01-27,36.02033996582031,37.55471231799887,35.8987118445364,37.10562798826405,1455100
2022-01-28,36.50685119628906,36.516205558978534,34.897629569302865,35.954851003474396,1180900
2022-01-31,37.245975494384766,37.33017904530522,36.02034682409934,36.02034682409934,1578500
2022-02-01,37.77925491333008,37.900879461249865,36.98399854144406,37.376949546506474,2057300
2022-02-02,37.554710388183594,37.89152451042817,37.12433837376211,37.779254326014915,1809200
2022-02-03,36.581695556640625,37.51728882989491,36.55362890052463,37.20854490560365,1318300
2022-02-04,36.68461227416992,36.93722289233316,36.27295250883271,36.35715604822046,430100
2022-02-07,37.161766052246094,37.47050997733912,36.81559397055937,36.82495190195907,924100
2022-02-08,38.75227737426758,38.9768213632919,37.12434683761234,37.3769574868876,3546300
2022-02-09,39.76272201538086,40.20245208327987,39.27621298832374,39.41655343480388,991500
2022-02-10,39.510108947753906,40.55797255892627,39.173294751911385,39.20136498090199,833500
2022-02-11,38.57451629638672,40.33343292613214,38.162856476235945,38.770990058117384,895000
2022-02-14,38.733558654785156,39.51009912978585,38.452877848659774,38.78033759947115,1013600
2022-02-15,40.604759216308594,40.773166331367484,39.36977608521404,39.416555046284635,916300
2022-02-16,41.06318664550781,41.32515161007087,40.41762859611815,40.44569525117706,1564200
2022-02-17,39.98726272583008,40.86671922026136,39.54753269411168,40.511192735701684,745300
2022-02-18,42.10169982910156,43.97288648817274,40.763801082345246,42.35431045635681,2717500
2022-02-22,41.90522766113281,42.95309123026675,41.456143274361125,41.76488722882678,1494500
2022-02-23,41.456146240234375,42.42916069668212,41.23160224628138,42.288823823341495,1173900
2022-02-24,41.02577590942383,41.10062510685608,39.360420525624235,40.492487869240676,1573000
2022-02-25,42.111061096191406,42.522724512843155,41.240962440554526,41.34387472571156,1216600
2022-02-28,39.07037353515625,40.91349342622905,38.312545267703854,40.67959510782916,2839500
2022-03-01,36.6378288269043,38.99552407141455,36.3290849330424,38.74291348425223,1665500
2022-03-02,38.20963668823242,38.7803492644824,36.99336591552246,37.29275553437397,1436500
2022-03-03,36.59105682373047,38.26576979208708,36.04841096265184,38.26576979208708,889300
2022-03-04,34.19593048095703,35.84257649882746,33.93396552907051,35.833218568257344,1369700
2022-03-07,31.435937881469727,34.09302337059199,31.37980455972432,34.00881981896818,2058400
2022-03-08,33.3351936340332,33.952685131433235,31.25817515686695,31.98793686224728,1771800
2022-03-09,33.606510162353516,35.159598491529806,33.54101891582262,34.74793514875816,1670300
2022-03-10,33.59714889526367,33.6065032561292,31.931794278846585,32.74575929631955,1957600
2022-03-11,35.01926040649414,35.10346395323212,33.999463482225465,34.29885307751485,1312800
2022-03-14,35.94549560546875,36.198106243952935,35.047326825750844,35.309295396589334,1522500
2022-03-15,37.32081604003906,37.50793541320876,36.21681566424353,36.497492939495494,1529000
2022-03-16,38.7148551940918,39.32298875173635,37.423735326022474,37.592142420510015,1045100
2022-03-17,39.02967834472656,39.19884170180486,38.03349811419081,38.25904686694001,755900
2022-03-18,39.59355926513672,39.649944663468524,38.550386375602805,38.68195708508763,1333600
2022-03-21,39.574764251708984,39.75332399407831,38.97329608264065,39.46198986626694,1320400
2022-03-22,40.66493225097656,40.93747367593337,39.4244030715574,39.7063408696011,1088500
2022-03-23,40.39238357543945,40.8152919891082,40.044660473104244,40.5051579574068,882800
2022-03-24,41.18181610107422,41.20061243104448,40.2702138151999,40.56155155218895,987400
2022-03-25,42.00883102416992,42.22498341210127,41.21940319714406,41.27578859441048,1077300
2022-03-28,42.347164154052734,42.48813125357675,41.53893987732801,41.820877661409476,987500
2022-03-29,42.48813247680664,43.465520169125845,42.149805692155105,43.05201164623704,844200
2022-03-30,41.83027267456055,42.28137741647025,40.730714276868085,41.06904104078371,1669900
2022-03-31,41.96184539794922,42.41294653779427,41.59532236085651,41.83027109525705,1417900
2022-04-01,41.698692321777344,42.713672379118364,41.407358241825094,42.69487605379363,1528100
2022-04-04,41.350975036621094,41.59532012987752,41.06903728746891,41.407364020464726,1102600
2022-04-05,40.46757507324219,41.4919517940487,40.26081902050014,41.16302138422877,747100
2022-04-06,39.97887420654297,40.15743393933888,39.095464743683586,40.01646686135249,815000
2022-04-07,39.696937561035156,40.12924234817614,38.88871338549063,40.12924234817614,739400
2022-04-08,39.2552375793457,40.035265565111274,39.22704487655701,39.63115342831743,702300
2022-04-11,39.46199417114258,40.07285877853934,38.96390037645686,39.0860747319496,546200
2022-04-12,39.1048698425293,39.931890431934725,39.03908448047773,39.649949068818465,613400
2022-04-13,40.24201583862305,40.30780119238043,38.95449787718628,39.02967960218061,701900
2022-04-14,40.711917877197266,40.92807029043094,40.063460637496235,40.063460637496235,421000
2022-04-18,40.881072998046875,41.36036675923033,40.242012259780545,40.36418658519303,465500
2022-04-19,42.59151077270508,42.75127779314751,41.05964385920906,41.05964385920906,481400
2022-04-20,42.78886032104492,43.333943079672935,42.328362831201396,42.901638289402236,495700
2022-04-21,42.55391311645508,44.170361536932134,42.34716067048772,43.550097028963776,693100
2022-04-22,41.67051315307617,42.506930183859836,41.651716821649906,42.149807056828124,570400
2022-04-25,41.12542724609375,41.14422357612569,39.687542056467876,40.97506019087166,596900
2022-04-26,39.04848098754883,40.7777039067957,39.04848098754883,40.655529554692926,710400
2022-04-27,38.40940856933594,39.02027656127751,38.08048185677188,38.87930592158875,676600
2022-04-28,39.18944549560547,39.800309989815744,38.17446534886918,38.81352612606622,651700
2022-04-29,37.854942321777344,39.471390906094804,37.695178888925895,39.23644215070138,634200
2022-05-02,37.610595703125,38.24965657927265,36.85876043266698,37.85494082163635,551000
2022-05-03,38.14628601074219,38.47521288551322,37.394450593384065,37.76097013528152,707700
2022-05-04,38.67256164550781,38.79473240152568,37.347450977288055,38.15567158145897,951700
2022-05-05,37.93012237548828,39.18004771633813,37.4978175860234,38.58797951621436,566600
2022-05-06,36.1163215637207,38.0429005661437,36.10692160625115,37.554206743694124,1808200
2022-05-09,32.43232345581055,35.749802201001685,32.25376369871718,35.41147543174404,1345100
2022-05-10,34.13334655761719,34.60324395360314,32.60148004289384,32.60148004289384,1395700
2022-05-11,33.09017562866211,34.93217266426608,33.04318660342348,34.26491918479211,788700
2022-05-12,31.84964942932129,33.19355645864932,31.11661053515441,32.82703701156588,751100
2022-05-13,33.87961196899414,34.09576440752186,32.44172664159796,32.44172664159796,815300
2022-05-16,33.34392547607422,34.21793509469309,33.31573277387147,33.691648615030466,623500
2022-05-17,35.185916900634766,35.88136664742745,34.22732575047701,34.22732575047701,676900
2022-05-18,34.03937911987305,34.988570578139836,33.86081575933313,34.584458404858815,725800
2022-05-19,33.907798767089844,34.55625590114351,33.51308307916343,33.69164280403923,662500
2022-05-20,33.81381607055664,34.45287681373827,32.83642862980443,34.358898768872045,714100
2022-05-23,34.161537170410156,34.79120150684058,33.56006911384118,34.443478458830214,596000
2022-05-24,32.95861053466797,33.625864127731404,32.404131338381895,33.625864127731404,457900
2022-05-25,33.56947708129883,33.83261852259727,32.89282356363624,32.90221993581122,420900
2022-05-26,34.82879638671875,35.016752477657064,33.70104191592571,33.785623590861,478700
2022-05-27,35.77800369262695,35.79680002720691,34.86640118318729,35.0731572785326,393800
2022-05-31,35.34568786621094,35.63702199988618,34.706627027454765,35.34568786621094,672000
2022-06-01,34.93218231201172,35.59003960214142,34.133357907233105,35.57124326984813,525900
2022-06-02,36.19151306152344,36.229105731476146,34.83820920853488,34.969779968335025,561900
2022-06-03,35.27050018310547,35.8625719526514,34.979166068989414,35.8625719526514,361000
2022-06-06,35.5113410949707,35.94579110880093,35.27522844512969,35.6341206816701,349400
2022-06-07,35.898563385009766,36.04023240690923,34.8785586768294,35.16189311783545,445700
2022-06-08,35.29411697387695,35.72856697643699,34.97300363431155,35.72856697643699,516900
2022-06-09,34.387447357177734,35.24689728794031,34.387447357177734,35.237454366852035,458000
2022-06-10,32.243534088134766,33.830210950362144,32.18686937342159,33.48076533272639,934200
2022-06-13,30.430194854736328,31.2990875451878,30.288525845174966,31.270755184392556,1011100
2022-06-14,29.929637908935547,30.722974699735946,29.74074708169004,30.628531087509625,623100
2022-06-15,30.75130844116211,31.355756162389135,30.212970162873447,30.364083894576506,856100
2022-06-16,28.465740203857422,29.78797247086802,28.09740505023402,29.76908302673437,968200
2022-06-17,29.14574432373047,29.34407807302419,28.106848366496806,28.61685072282098,924000
2022-06-21,29.72185707092285,30.07130455423277,29.164631122729123,29.759635956208854,574800
2022-06-22,29.48574447631836,29.863526124031523,29.164631156600013,29.277966011193243,804500
2022-06-23,28.607406616210938,29.457411709097283,28.26740385849785,29.457411709097283,1265900
2022-06-24,31.18575668334961,31.393536951180415,28.994631759509026,28.994631759509026,1604100
2022-06-27,30.883529663085938,31.3935337579997,30.54352693314343,31.3935337579997,518900
2022-06-28,30.977975845336914,32.20576078135349,30.94019696046434,31.365200408298897,615600
2022-06-29,31.119644165039062,31.176308888285703,30.38297033769862,30.86464210205114,701600
2022-06-30,31.57297706604004,31.7524213444995,30.241302150124167,30.373524629282965,855300
2022-07-01,31.67687225341797,31.960206697338343,31.02519906932889,31.355758922896765,512400
2022-07-05,31.11019515991211,31.19519584079134,30.024079351780166,30.751306598681932,539000
2022-07-06,30.49630355834961,31.818531925356538,29.948520609983795,31.232973700007644,529900
2022-07-07,31.251867294311523,31.676870741300714,30.73242023812151,30.73242023812151,510500
2022-07-08,31.71465301513672,32.073541650684994,30.77964533184526,31.355760776795304,837800
2022-07-11,31.025197982788086,31.686314063977807,30.949643815025354,31.355757824779346,374500
2022-07-12,31.67687225341797,32.33798835776079,30.845754762164336,30.845754762164336,488700
2022-07-13,30.845754623413086,31.280201008989618,30.562420180767216,30.826865180197643,961500
2022-07-14,30.637971878051758,30.64741840029351,29.844635142394072,30.080747759341183,943200
2022-07-15,31.809091567993164,31.82798100940177,30.515195455240505,31.015753042794568,373400
2022-07-18,32.17742919921875,32.99910014975799,32.092428507591045,32.59298613451372,425100
2022-07-19,33.13132858276367,33.36744123137701,32.72521453892529,32.72521453892529,591700
2022-07-20,33.66966247558594,33.74521664372575,32.715765432922005,32.885766814727596,347300
2022-07-21,33.63188171386719,33.65077115554654,33.07465579410039,33.36743673594145,532300
2022-07-22,33.13132858276367,34.066332653708336,32.932991219805714,33.76410875170672,238500
2022-07-25,33.00855255126953,33.40522011431488,32.47021594268313,33.131332150552204,674600
2022-07-26,32.56464767456055,32.86687149869815,32.40409284420902,32.611869471558514,346700
2022-07-27,33.461875915527344,33.58465546880673,32.75353815881049,33.07465141930049,376700
2022-07-28,33.93410873413086,33.98133054132889,32.829099711173605,33.42410456968905,418800
2022-07-29,35.048561096191406,35.048561096191406,33.943552060030854,34.02855275512013,495800
2022-08-01,35.07688522338867,35.50188859903396,34.37799398592055,34.74632904388242,657200
2022-08-02,34.68967056274414,35.29411837826159,34.15133400187434,34.76522834108041,451900
2022-08-03,35.4074592590332,35.68134723111021,34.83134374044111,35.20912186869618,634100
2022-08-04,35.80411911010742,35.879676881134536,35.34133676954839,35.596338842575676,582100
2022-08-05,36.14411544799805,36.9091215310677,34.86910530954864,34.963552506540545,925700
2022-08-08,35.86078643798828,36.82412637495329,35.7474497846093,36.53134542458,624800
2022-08-09,35.70022201538086,35.98355639590132,35.0107737017573,35.747443811668916,676100
2022-08-10,36.333003997802734,36.824118583487206,36.20078153296306,36.474669380362975,736100
2022-08-11,37.08857727050781,37.65524621652835,36.824132242737335,36.824132242737335,717100
2022-08-12,37.82524108886719,38.01413190585232,37.183014472793346,37.305794044252586,477900
2022-08-15,38.06135177612305,38.20302078236417,37.37190339152074,37.37190339152074,364500
2022-08-16,38.83580780029297,38.95858738750841,38.22191706980205,38.240806514203896,737900
2022-08-17,37.995243072509766,38.33524582797087,37.62690795502447,38.118022645935774,499000
2022-08-18,37.872467041015625,38.184137463600784,37.35301993950009,37.759133979526965,418800
2022-08-19,36.56912612915039,37.86302236255515,36.45578947013045,37.4191294550426,464300
2022-08-22,35.28467559814453,35.823012161162175,35.25634323255198,35.81356563743587,260100
2022-08-23,35.55855941772461,36.011895182700854,35.43577985550425,35.45466929606064,235900
2022-08-24,35.889122009277344,36.011901593354295,35.42633964024457,35.653009364479466,262500
2022-08-25,36.74856948852539,36.86190254183326,36.219675901767296,36.40856672580896,287800
2022-08-26,35.3885612487793,36.786347550949394,35.275224595214056,36.635235615655134,353700
2022-08-29,35.16189193725586,35.407451086597774,34.73688848862006,34.94466875301818,250300
2022-08-30,34.86911392211914,35.79467866729076,34.65189071957252,35.5680089413156,465100
2022-08-31,34.34021759033203,35.36022216283697,34.32132814973848,34.98244415934316,398000
2022-09-01,33.88688278198242,33.95299402453171,33.197434393402354,33.95299402453171,400900
2022-09-02,34.160762786865234,34.75576743527116,33.820763733424954,34.4157647790392,421400
2022-09-06,34.42522048950195,34.61411130481463,33.72632555368284,34.55744297938303,424300
2022-09-07,34.86911392211914,34.991893507138734,33.782997909386026,34.000221111932646,848400
2022-09-08,34.954105377197266,34.97299481626695,34.066323357674996,34.406326055345005,523700
2022-09-09,35.879581451416016,35.98399351328042,35.33854042256656,35.385999463170556,247100
2022-09-12,36.43960189819336,36.80029707566557,36.1738284099992,36.1738284099992,316500
2022-09-13,34.59816360473633,35.30056598119622,34.41781421062173,34.79749371528099,412100
2022-09-14,34.42730712890625,34.67409626470588,33.76286982667217,34.579178201911866,379400
2022-09-15,34.21848678588867,34.85444946297588,34.047631357470756,34.17102774930423,456700
2022-09-16,32.32008743286133,33.373694410274844,31.96888631402062,33.373694410274844,1104500
2022-09-19,33.41167068481445,33.430655022708244,31.836006848551964,31.864481544946543,452000
2022-09-20,32.880123138427734,33.193359311411825,32.77571108076637,33.003519535745035,348800
2022-09-21,31.85499382019043,33.31675174994711,31.741087783410023,33.240818012986026,467900
2022-09-22,30.791893005371094,31.987881063564288,30.57357852955005,31.987881063564288,430600
2022-09-23,29.93761444091797,30.298307783742267,29.083337399196772,30.184403574697445,641700
2022-09-26,28.580265045166016,30.15592876659625,28.551788540400658,29.538952313581323,894300
2022-09-27,29.330129623413086,29.937615747420015,28.76061217422674,29.05486397274809,794800
2022-09-28,30.279325485229492,30.65900319019129,29.23521043874997,29.349114655461563,647500
2022-09-29,29.86168098449707,29.9281261711888,29.10232552676809,29.776255079643004,820700
2022-09-30,29.434541702270508,30.12745372452135,29.415557364838577,29.71929952196519,627000
2022-10-03,30.36475372314453,30.734941076059574,29.75726938464251,29.985076011580766,643900
2022-10-04,31.997371673583984,32.32009821012789,31.181063162273368,31.181063162273368,500900
2022-10-05,31.513280868530273,31.65565797375553,30.85833387346034,31.36140978375463,796600
2022-10-06,31.200048446655273,31.608202714666124,30.953259262247474,31.18106410617887,261400
2022-10-07,30.715951919555664,30.991219348787897,30.07049900592435,30.706457941503956,362300
2022-10-10,30.687475204467773,31.133594379416746,30.231860241647137,30.677981227041844,493800
2022-10-11,29.595905303955078,30.516625765522395,29.28267097436158,30.507131786246674,603900
2022-10-12,29.966093063354492,30.193899700859458,28.96943879796449,29.387083394833816,404100
2022-10-13,30.659006118774414,30.78240251620278,28.73214090311965,29.292166250349847,519600
2022-10-14,29.99456787109375,31.38988412560646,29.871171484580298,31.143094973471793,460000
2022-10-17,31.048171997070312,31.095631029642256,30.260340107432206,30.6684961156027,580100
2022-10-18,31.66514778137207,32.424503105204,31.266483973302925,32.04482363284214,380900
2022-10-19,31.076650619506836,31.883465043855153,30.820367496022847,31.48480120036046,286400
2022-10-20,31.12411117553711,31.873976245287864,30.991224428167065,31.20004490793758,340600
2022-10-21,32.14923858642578,32.19669761955512,30.886810924903312,31.11461573228096,291700
2022-10-24,31.88346290588379,32.37704478236,31.44683403777125,32.21567973577553,404800
2022-10-25,32.76621627807617,32.92757771193114,31.76006813810708,31.76006813810708,441400
2022-10-26,32.65230941772461,33.33572735487721,32.60484677105588,32.94655755007796,357200
2022-10-27,33.03199005126953,33.87677314405751,32.8706286159694,32.98453101858668,411500
2022-10-28,33.240814208984375,33.63947442941649,32.576376887372085,33.37370094912841,569700
2022-10-31,33.49709701538086,34.00016927572556,33.1174175149258,33.221829558595545,554200
2022-11-01,33.857784271240234,34.313401062459405,33.75337586168126,34.227973366717265,381200
2022-11-02,32.90859603881836,34.142552702763304,32.84215266410038,33.55404906827215,502200
2022-11-03,32.90859603881836,33.12691412248297,32.30111168660123,32.37704904107455,714400
2022-11-04,33.3452262878418,34.37035515635596,31.845496228353085,31.845496228353085,1162700
2022-11-07,33.7059211730957,33.83881154743277,32.481462072861554,33.31675127191117,539400
2022-11-08,33.87677001953125,34.142547095647835,33.08894001116119,33.73439293461442,603900
2022-11-09,33.022499084472656,33.781854456079444,32.880118368156126,33.60150868685159,370100
2022-11-10,34.693084716796875,35.28158474189104,34.22798108468602,34.49375458874937,516300
2022-11-11,35.80364227294922,36.183318161010575,35.063267592579095,35.1107302468674,412600
2022-11-14,35.68024444580078,36.468074506799695,35.19615653131856,35.58532638284882,662000
2022-11-15,35.537864685058594,36.82877065287538,35.31005987949804,36.38265139994759,433900
2022-11-16,34.712074279785156,35.45244550732243,34.503250140369836,35.24362498880008,270500
2022-11-17,34.87342834472656,34.88291870220142,33.95270797131641,34.15203806631495,302600
2022-11-18,35.1961555480957,35.756177173116605,35.0253001428415,35.42396034117338,379700
2022-11-21,34.92089080810547,35.72770524581078,34.78800406503798,34.87343177428025,376700
2022-11-22,35.898563385009766,36.0409441181685,35.08225490613694,35.21514165927578,370300
2022-11-23,36.29722595214844,36.38265366477456,35.72770666101018,35.72770666101018,226400
2022-11-25,36.477569580078125,36.5819816249932,36.22128645734807,36.37315753516305,106000
2022-11-28,35.60430908203125,36.22128738826324,35.52837535161826,36.126369320023954,287800
2022-11-29,36.01246643066406,36.28773392178986,35.65177484321563,35.91754835415501,261500
2022-11-30,36.65791702270508,36.65791702270508,35.528376056327275,35.89856159905226,650200
2022-12-01,36.9236946105957,37.20845244550905,36.411128335216276,36.84775725680957,366600
2022-12-02,37.09455108642578,37.35083061048229,36.24976429564191,36.46807876262232,276900
2022-12-05,36.45859146118164,36.86674573134219,36.211802275474035,36.69589028704741,352400
2022-12-06,36.46807861328125,36.73385573708014,35.94602196647534,36.61995332453343,500400
2022-12-07,35.97450256347656,36.619955643603944,35.727709762955286,36.31620982275638,475600
2022-12-08,36.07890701293945,36.610457614525224,35.822627502043495,36.34468412417846,390500
2022-12-09,36.25926208496094,36.335195827983135,35.70872705925559,35.87958250717154,369000
2022-12-12,36.6009635925293,36.89521174999233,36.16433110380127,36.392139516219885,467500
2022-12-13,36.876224517822266,37.79694483190509,36.695878770285994,37.78745447504175,743100
2022-12-14,37.075557708740234,37.464727510810356,36.71486259775841,37.14200106854063,416600
2022-12-15,35.99745178222656,36.56990218569891,35.67306431211723,36.4458707190174,375700
2022-12-16,35.83525466918945,36.16918129313457,35.148315740471226,35.46316032311559,696900
2022-12-19,34.94797134399414,35.768481194116575,34.642665861092084,35.653988908381976,451900
2022-12-20,35.549034118652344,35.59674105029619,34.890719952585265,34.995669378957096,411500
2022-12-21,36.01653289794922,36.23597093978943,35.65398134904781,35.987911652348046,313700
2022-12-22,35.24372482299805,35.60627635453534,34.61403197323723,35.60627635453534,310800
2022-12-23,35.644439697265625,35.739846269064245,34.90025824655963,35.10061423105318,300900
2022-12-27,36.37908935546875,36.51266003900042,35.529958319136114,35.68261104881919,591900
2022-12-28,35.577659606933594,36.5699041136406,35.549034719557845,36.522197181190336,373100
2022-12-29,36.57944107055664,36.741632984440024,35.69214604647248,35.76847422208424,344900
2022-12-30,36.65576171875,36.65576171875,35.96882640874258,36.26458895904878,257100
2023-01-03,37.275917053222656,37.6384685865178,36.9229083610689,37.11372514909411,417700
2023-01-04,38.91693878173828,38.91693878173828,37.55260357493988,37.72433833100735,653400
2023-01-05,38.85969161987305,39.47984529362667,38.29678407646715,38.52576495833041,660900
2023-01-06,39.26041030883789,39.71836846867905,38.88831589190951,39.107757588890834,592800
2023-01-09,40.6247444152832,40.93958904881004,39.832855951196244,39.832855951196244,741500
2023-01-10,41.13040542602539,41.13994462835474,40.014129498046906,40.38622390039159,632800
2023-01-11,40.453006744384766,41.273512756714005,40.453006744384766,40.968207347585086,652300
2023-01-12,41.39754867553711,41.65515082464789,40.50071439456206,40.78693779150917,646400
2023-01-13,41.50249481201172,41.76009694069166,40.77739535461932,41.034993843771595,343400
2023-01-17,41.30213928222656,41.674230036917805,41.00637306308669,41.3689246156569,362300
2023-01-18,41.073158264160156,41.80780056905425,40.77739568550108,41.60744456940887,430800
2023-01-19,40.9872932434082,41.04453937782386,40.300357828059894,40.61520246852622,333900
2023-01-20,41.998619079589844,42.04632237104235,41.14948811734062,41.359383327637204,399100
2023-01-23,42.27530288696289,42.53290502593412,42.00815790606987,42.18943550730582,406200
2023-01-24,42.065406799316406,42.399333497934926,41.80780464344152,41.92229327732101,344400
2023-01-25,42.14173126220703,42.18943819580046,41.349846390043034,41.78872251868949,328600
2023-01-26,42.59014892578125,42.68555915051079,42.16081201331815,42.59014892578125,337600
2023-01-27,42.59014892578125,42.87637232091401,42.25622223804769,42.3993321158501,422600
2023-01-30,42.17034912109375,42.75233867445535,42.09402095168947,42.23713444955877,443100
2023-01-31,42.904991149902344,42.904991149902344,41.97953211810445,42.332540800939015,473400
2023-02-01,43.38203048706055,43.63008975269792,42.47565351423994,42.73325562059068,344600
2023-02-02,43.30570602416992,44.07851240933402,42.838208695987234,43.696878817753,471700
2023-02-03,42.6760139465332,43.04810470356664,42.504279191051964,42.81912745594348,294600
2023-02-06,42.0844841003418,42.56152426717492,41.75055379984204,42.31346134228622,374400
2023-02-07,42.64738845825195,42.79049831389911,41.664683313076765,41.99861358864154,354500
2023-02-08,41.970001220703125,42.75234691016908,41.93183712864914,42.61877258798014,532600
2023-02-09,41.40708923339844,42.53290435353654,41.40708923339844,42.361169596937316,308600
2023-02-10,41.40708923339844,41.53111706019851,40.89188496360078,41.263975723056504,436500
2023-02-13,41.845970153808594,41.89367344958226,41.130409798619056,41.483418554778005,270500
2023-02-14,42.32300567626953,42.80958506220626,41.76009811397454,41.83642265080504,820600
2023-02-15,42.72371292114258,42.790498248247594,41.865042869994944,41.865042869994944,424400
2023-02-16,42.42795181274414,42.68555392870907,41.83641941036802,42.06540028217934,422900
2023-02-17,40.91096878051758,41.941373725238385,39.699286229570845,40.5579564102502,1178600
2023-02-21,40.09046173095703,40.97775685799788,39.51801126602814,40.52933787306614,684300
2023-02-22,40.73923110961914,41.10178265667403,40.338515475605284,40.35759751908477,518300
2023-02-23,41.18764877319336,41.34030512985094,40.710608577222004,41.1208634369196,323300
2023-02-24,40.86326599121094,41.025457915064514,40.26219430966658,40.538878503975816,264400
2023-02-27,40.825103759765625,41.31168319300757,40.825103759765625,41.16857330771435,441000
2023-02-28,41.292598724365234,41.61698620733694,40.968211241393526,41.244895432066315,942700
2023-03-01,41.39754867553711,42.07494489753511,41.19719266162693,41.416630720603976,617700
2023-03-02,41.368927001953125,41.74101777810779,40.30989716857267,41.43571233923586,860200
2023-03-03,41.578826904296875,41.97953893809617,41.235357367024335,41.750558033405134,598700
2023-03-06,40.41484451293945,41.97953571640842,40.21448851141598,41.57882371336147,1035000
2023-03-07,40.11907958984375,40.79647579187674,40.09045834285099,40.405302978354946,367800
2023-03-08,39.59433364868164,40.023670524584915,39.10775428234301,40.023670524584915,770800
2023-03-09,37.89606857299805,39.54662696345629,37.77203712182855,39.54662696345629,999100
2023-03-10,37.44765090942383,38.153671916496755,37.10418142703848,37.81974163549881,715500
2023-03-13,36.56990432739258,37.29500384682256,36.05470002595318,36.741635455011064,889000
2023-03-14,37.34270095825195,38.16321056778368,37.02785636362197,37.533517738996345,853900
2023-03-15,36.29740905761719,36.78649114230136,35.86587077588664,36.12479228163691,876500
2023-03-16,36.5467529296875,36.87280649499,35.48228382948754,35.86587755039196,533700
2023-03-17,35.01237869262695,36.57551803225759,34.974022250412496,36.143976047915324,797100
2023-03-20,35.66448974609375,36.27824044686581,35.319259778324444,35.42474457895841,966700
2023-03-21,36.46044158935547,37.2947536581842,36.43167334298155,36.72895497743355,590600
2023-03-22,35.62613296508789,36.719370331644726,35.53023270420165,36.44126506240598,603400
2023-03-23,35.1082763671875,36.18233349300046,34.70550265861998,35.80833168675793,554600
2023-03-24,35.11787033081055,35.30966719219318,34.216429837999286,34.628791809594645,709100
2023-03-27,35.798744201660156,35.94258908325775,35.28089384818002,35.64530380813686,521100
2023-03-28,35.856285095214844,36.16315860351385,35.68366828951906,35.74120844415791,635300
2023-03-29,36.182342529296875,36.393319460675656,35.79875243196047,36.24947088778627,651800
2023-03-30,37.03583526611328,37.23722400236832,36.49880839135641,36.6042932001685,502800
2023-03-31,37.755069732666016,37.755069732666016,37.285171230827515,37.40024789234821,431200
2023-04-03,37.28516387939453,37.898910830788616,37.102955238172896,37.85096253612728,546500
2023-04-04,36.920753479003906,37.6112206887224,36.56593167766333,37.496140381622176,447200
2023-04-05,36.72895812988281,36.77690643069494,36.23028775335077,36.70018988103971,584700
2023-04-06,37.29475402832031,37.505730925744416,36.33577345198615,36.89198394220584,1014600
2023-04-10,37.66875457763672,37.81260312244832,37.026239369444575,37.17008425603573,601000
2023-04-11,37.400245666503906,37.860555943412834,37.304349063980716,37.860555943412834,502100
2023-04-12,38.06194305419922,38.42635674821744,37.361887575046524,37.92768634014543,815900
2023-04-13,38.1578369140625,38.24414530978182,37.46736974830794,37.994808318494684,560600
2023-04-14,37.90850067138672,38.694864444260425,37.81260407790282,38.22496601468056,565400
2023-04-17,38.186607360839844,38.340044111159926,37.89891391126728,38.03317061051976,388500
2023-04-18,38.359222412109375,38.493479105236474,38.01398882508511,38.25373396516079,323900
2023-04-19,38.13866424560547,38.330461124127346,37.77425054223602,38.04276397723393,534900
2023-04-20,37.44819641113281,38.109895449667476,37.429016357732564,37.95645868068661,673900
2023-04-21,37.7454719543457,37.879728635078855,37.323518205504165,37.42900664271455,405100
2023-04-24,37.381065368652344,37.89891579860393,37.37147717175141,37.71671079171913,400900
2023-04-25,36.76731491088867,37.18926504140988,36.757726714881144,36.95911175502396,484700
2023-04-26,36.959110260009766,37.486548816381266,36.66182498071438,36.66182498071438,616400
2023-04-27,38.06194305419922,38.119483213745596,37.17968255714796,37.32352746868227,545700
2023-04-28,38.5702018737793,38.60855831849735,37.99481130435929,38.09071156170634,491600
2023-05-01,38.54142761230469,39.279843086761005,38.5126593659689,38.752404507355216,664400
2023-05-02,37.24680709838867,38.93461136507499,35.9330046848861,38.7524063658426,1514800
2023-05-03,36.40290069580078,37.30434475148093,36.393312499945246,37.05500776059135,964500
2023-05-04,34.96443557739258,36.01931654634887,34.93566732691358,35.933008136690816,962600
2023-05-05,36.28782653808594,36.51798349479665,35.51105092468559,35.62613123215131,665000
2023-05-08,36.01931381225586,36.661829078989555,35.97136185413597,36.43167577618555,577500
2023-05-09,36.5659294128418,36.58510946283719,35.664485354160604,35.664485354160604,585400
2023-05-10,36.44126892089844,37.07419607687993,35.808341764916946,37.07419607687993,651700
2023-05-11,36.604286193847656,36.623466244020804,35.91382267871685,36.096027668031,521700
2023-05-12,36.53715896606445,36.89198441780117,36.10562062772734,36.74813586620838,526800
2023-05-15,36.959110260009766,37.13172704692704,36.460439948717685,36.460439948717685,538300
2023-05-16,36.32619094848633,36.776909402405096,36.249470734410956,36.633064488345504,477700
2023-05-17,37.323524475097656,37.419424733316475,36.613880855382384,36.73854936195645,631000
2023-05-18,37.476966857910156,37.544095213080965,36.83444789784824,37.189269726354105,456700
2023-05-19,37.227630615234375,37.726301020014404,36.88239697667735,37.726301020014404,410700
2023-05-22,37.352291107177734,37.57285618260395,36.90156910274748,37.467367742569614,508300
2023-05-23,37.592041015625,37.90850271778169,37.08377879970556,37.17967905658694,597700
2023-05-24,36.652244567871094,37.14132312917457,36.36454742310547,37.007066412668564,570300
2023-05-25,37.28516387939453,37.42900876337855,36.56592848481326,36.61387677947461,776300
2023-05-26,37.29475402832031,37.822192613659986,36.99747239091789,37.38106242651921,626700
2023-05-30,37.026241302490234,37.87973344543926,36.911164655565365,37.63040010073193,485300
2023-05-31,36.46044158935547,37.112548667448436,36.259056548296904,36.920751822441,798700
2023-06-01,37.505733489990234,37.59204189408999,36.259059387165536,36.53716099306845,673100
2023-06-02,38.60855484008789,38.86748002426611,37.90849948651884,38.21537296594033,637400
2023-06-05,38.598915100097656,38.868772692089465,37.90500450643667,38.868772692089465,496400
2023-06-06,39.18681335449219,39.37956772235929,38.319420537332114,38.319420537332114,515600
2023-06-07,40.49754333496094,40.53609494829647,39.38920834871161,39.51449925381,633000
2023-06-08,40.18914031982422,40.69030029538974,40.05421334111128,40.526457766606576,543300
2023-06-09,40.073486328125,40.22768910386856,39.59160219436583,40.13131007122623,586300
2023-06-12,40.79631423950195,40.91196540703826,39.822906189658745,39.996384779205364,780500
2023-06-13,40.70957565307617,41.307110984975935,40.680660103325714,41.05652916172209,580500
2023-06-14,40.18914031982422,41.066169357942776,40.06384940681173,40.70957610327508,1050400
2023-06-15,40.79631423950195,40.83486217769117,40.19877524151499,40.22769079076231,689400
2023-06-16,39.977108001708984,40.86377673526132,39.90964451590964,40.671022343055654,1347000
2023-06-20,39.4759521484375,39.64943075177362,39.03261957390501,39.64943075177362,723700
2023-06-21,39.46630859375,39.78435018853,39.196450997272876,39.48558439896151,792000
2023-06-22,39.533775329589844,39.707253914296444,38.82058518396446,39.26392138737257,799500
2023-06-23,38.72421646118164,39.08080975684834,38.386898975616496,38.965158572723844,758800
2023-06-26,39.35066223144531,39.63979199186286,38.72421135347032,38.72421135347032,659800
2023-06-27,39.95783615112305,40.034939386233106,39.07117100626496,39.36030078495848,800500
2023-06-28,40.025291442871094,40.07348279318332,39.65906218058836,40.07348279318332,606000
2023-06-29,39.726531982421875,40.179500600287156,39.70725617452567,39.986749874293984,886600
2023-06-30,40.333702087402344,40.44935693105312,39.82290606230653,40.19877511296075,1063000
2023-07-03,40.430084228515625,40.76740169052314,40.24696588358189,40.285517501092635,291600
2023-07-05,40.1024055480957,40.661389333913526,39.87109950385342,40.1024055480957,455500
2023-07-06,39.38920974731445,39.7843546068237,38.77239861798142,39.553052271565974,874300
2023-07-07,39.84217834472656,40.381889871228715,39.418121651643155,39.52413306755101,1250800
2023-07-10,40.439720153808594,40.497547579873306,39.61087876263727,39.70725780607846,536500
2023-07-11,41.03725814819336,41.07580608810317,40.420443315337934,40.48790680578573,445600
2023-07-12,41.71189880371094,41.78900204713018,41.06617568425727,41.75045042542056,472700
2023-07-13,42.029937744140625,42.36725519133098,41.750444044191795,41.923922638885244,536800
2023-07-14,40.911964416503906,42.17449851637805,40.902324674826744,42.17449851637805,637000
2023-07-17,41.480587005615234,41.73116513684806,40.61319409657052,40.76739687190245,788500
2023-07-18,42.675662994384766,42.993708326766395,41.866097402349716,41.866097402349716,970300
2023-07-19,42.829864501953125,43.28283680664553,42.521458921540926,42.76240101101824,805200
2023-07-20,43.35994338989258,43.54305806850798,42.868419430553374,43.070809918994314,623000
2023-07-21,41.827545166015625,43.388848763019006,41.65406658007255,43.388848763019006,921700
2023-07-24,41.29747009277344,41.88536934270647,41.085443567253215,41.61551539578021,648500
2023-07-25,40.19878005981445,41.15291241668494,40.083128878415984,41.15291241668494,954300
2023-07-26,40.00602340698242,40.4204441000555,39.86146035742399,40.073490575224504,853800
2023-07-27,39.21572494506836,40.16021729679349,39.02297425505063,40.006014538889055,799600
2023-07-28,40.16022491455078,40.52645791272381,39.524137957978915,39.56268957388859,802400
2023-07-31,40.805946350097656,41.037252339236886,40.25659876193645,40.60355590740331,757100
2023-08-01,40.69993209838867,40.834859062970054,39.784351540392635,40.574641198498504,572600
2023-08-02,40.28551483154297,40.33370251199591,39.71689137863586,40.33370251199591,438900
2023-08-03,39.572330474853516,40.218053516068444,39.524139115313076,39.996387232823714,610200
2023-08-04,39.91928482055664,41.42276482765026,39.58196735573658,40.12167897593331,1127400
2023-08-07,40.60355758666992,40.71920874778061,39.716888880863664,39.716888880863664,863800
2023-08-08,40.642112731933594,40.69030409438849,39.793999164702214,40.063853147322675,672700
2023-08-09,39.75544357299805,40.65174841312621,39.437398259701546,40.58428492421199,492500
2023-08-10,39.726531982421875,40.28551570547406,39.48558989844597,39.938558516311254,477900
2023-08-11,40.034934997558594,40.04457106264873,39.27355717849054,39.63015041057292,424600
2023-08-14,39.977108001708984,40.015659615446964,39.51449966630595,39.639790572712265,353300
2023-08-15,39.379581451416016,39.93856526897916,39.273566328304454,39.504872385682866,470900
2023-08-16,39.10008239746094,39.77472099038925,39.03261890581656,39.38921217257749,353700
2023-08-17,38.55073547363281,39.427764558598575,38.55073547363281,39.225374079718314,415300
2023-08-18,38.868778228759766,38.916965909609736,37.89537016376219,38.0977606292227,384200
2023-08-21,38.71457290649414,39.22537263268581,38.396531262341306,38.994066610723706,395100
2023-08-22,38.782039642333984,39.32174756010514,38.463994325232164,38.98443011149817,528800
2023-08-23,38.95551300048828,39.12899158895973,38.50254439857667,38.676022987048114,405700
2023-08-24,38.50254440307617,39.244646436849784,38.46399278863706,38.69529879878745,289500
2023-08-25,38.55073547363281,38.733850143598104,38.011023853467485,38.560371539847985,455600
2023-08-28,39.30247116088867,39.56268905010722,38.68566002043778,38.68566002043778,358700
2023-08-29,39.61087417602539,39.88073178992886,39.08080236617282,39.389207916504645,297700
2023-08-30,39.04225158691406,39.659066377232485,39.03261552172226,39.283193658035806,345100
2023-08-31,39.28319549560547,39.42776221563468,38.70493596845745,39.051893155340025,714900
2023-09-01,39.71689224243164,40.2469640919111,39.427762476941425,39.82290734762442,810100
2023-09-05,38.8976936340332,39.48559295264577,38.88805389109725,39.36030202987144,569000
2023-09-06,39.49522399902344,39.938556529124334,39.109718889733884,39.44703631992277,483700
2023-09-07,38.820579528808594,39.51449376654961,38.743479989328314,39.23500012340574,640200
2023-09-08,39.06153106689453,39.263925219796754,38.762765223559335,38.78204103223976,358200
2023-09-11,38.2673225402832,39.61360710653018,38.25763868780974,39.41989680461059,666600
2023-09-12,37.67650604248047,38.09298183838618,37.434369123684874,38.09298183838618,722200
2023-09-13,37.88958740234375,38.054242443081684,37.50217051450223,37.72493605632232,404700
2023-09-14,38.122039794921875,38.70316696343419,37.947700905424895,38.364176730921415,408700
2023-09-15,38.51914596557617,38.548201216901916,37.83147792294508,37.98644542121007,755600
2023-09-18,38.98404312133789,39.429574155992746,38.335117965825305,38.557883483152736,521200
2023-09-19,38.819400787353516,39.37147278314136,38.80971323951614,39.032478808455366,539200
2023-09-20,39.013099670410156,39.63296959925905,38.906558833629965,39.08089771295824,506500
2023-09-21,38.8387565612793,39.061525756494746,38.422280805431676,38.770958526114875,487500
2023-09-22,38.14140701293945,38.954987176519666,37.80241312286335,38.80001970225277,519800
2023-09-25,38.58694076538086,38.62568356036336,37.80241579320845,37.9476994270347,325700
2023-09-26,38.03486633300781,38.480397361458934,38.01549493680785,38.33511743203324,327600
2023-09-27,38.25763702392578,38.441659770651775,37.7346203399047,38.238265625104646,488600
2023-09-28,38.24795150756836,38.596625587027155,38.112351721720835,38.1898373136337,396900
2023-09-29,38.17045974731445,38.74190296381942,38.01549228324781,38.35448245629492,430500
2023-10-02,36.96946716308594,38.11235384444081,36.68859111354894,38.102669992270535,564500
2023-10-03,35.74910354614258,36.65953725999716,35.381054302364305,36.64985340648169,829300
2023-10-04,36.19463348388672,36.23337628607869,35.448851167917695,35.5650795744936,626200
2023-10-05,36.57236099243164,36.659530436714725,35.90406438273893,36.11714606759012,562500
2023-10-06,36.57236099243164,36.96946541756205,35.62318465174717,36.40770965029493,515500
2023-10-09,35.39073181152344,36.36896330664858,35.119535958696666,36.12682639555942,775000
2023-10-10,35.429473876953125,36.21399508816395,35.332616897675514,35.71034988006827,1196200
2023-10-11,36.11714553833008,36.33022352534241,35.57475748243721,35.57475748243721,735500
2023-10-12,35.33262252807617,36.281798907956166,35.06143033231519,36.281798907956166,475000
2023-10-13,34.615901947021484,35.56507840110704,34.27690798110153,35.439166145495804,651400
2023-10-16,35.14859390258789,35.42947359820917,34.722430586551205,34.95488364027266,423700
2023-10-17,35.59413146972656,35.91375401557176,34.94520622047716,34.94520622047716,507000
2023-10-18,33.899169921875,35.24545065047485,33.899169921875,35.02268512006849,605700
2023-10-19,33.531124114990234,34.567469975102576,33.27930331031107,33.76357721483896,633600
2023-10-20,33.269615173339844,33.93791551435866,33.24055992189263,33.502068269067394,654300
2023-10-23,33.36647033691406,33.74420336384967,33.22118669822356,33.37615418862577,752600
2023-10-24,33.35678482055664,33.657035967922425,33.134019270465885,33.48269706877024,402600
2023-10-25,32.833763122558594,33.560173778414175,32.833763122558594,33.13401049569421,521200
2023-10-26,32.833763122558594,33.269606560299415,32.40759983983863,32.86281836648381,1261000
2023-10-27,32.70785903930664,33.51175177705996,32.62068959114384,33.01779403394847,1419800
2023-10-30,33.0274772644043,33.46332449701419,32.281698737703096,32.78534032347841,1961500
2023-10-31,33.540809631347656,33.676405725250945,32.52383523235655,32.91125211569216,771300
2023-11-01,33.666717529296875,33.9669686562314,33.0371637205015,33.230874005790994,727900
2023-11-02,34.228477478027344,34.703067499056765,34.10256523657604,34.24784887630573,874300
2023-11-03,35.67161560058594,35.89438114093536,34.91614583905695,34.974260034471946,1173300
2023-11-06,36.00091552734375,37.64744732389723,35.72972335898772,36.21399719946132,1313300
2023-11-07,35.2551383972168,35.80721030065098,34.770864538434786,35.5263305758255,1069900
2023-11-08,35.584442138671875,35.96217512944623,35.30356243460825,35.30356243460825,1166200
2023-11-09,35.303565979003906,36.04934818464277,35.27450703430039,35.85563789705717,937900
2023-11-10,36.18494415283203,36.388338291473545,35.226080264681954,35.47790474609028,581600
2023-11-13,35.632869720458984,36.000915175425526,35.42947559618019,35.83626384473778,992200
2023-11-14,36.47550964355469,36.73701799036366,36.117147995579394,36.38834019461836,1069500
2023-11-15,37.12443542480469,37.19223346879414,36.56267598064487,36.572359832050665,1058500
2023-11-16,36.59173583984375,37.13412395481224,36.407713082217875,36.930729797217836,829700
2023-11-17,37.560279846191406,37.560279846191406,36.88229938989772,36.950097435527084,850000
2023-11-20,37.31814193725586,37.5021683660507,36.8726108791396,37.40531137860176,875800
2023-11-21,37.16317367553711,37.39562674584121,36.92103675404859,37.19223261852275,775200
2023-11-22,37.095375061035156,37.72493252508313,37.076003664248866,37.569965045508944,741900
2023-11-24,37.07600784301758,37.24066288690096,36.804815646876214,37.21160394108826,362100
2023-11-27,36.96946716308594,37.01789750808707,36.46582556646677,36.862930010346574,765500
2023-11-28,36.86293029785156,36.95009974693024,36.5626791521991,36.911356948513806,773200
2023-11-29,37.02758026123047,37.56028078798239,37.01789640934763,37.153492504006316,791700
2023-11-30,37.569969177246094,37.608711975079395,36.921040245046214,37.12443808631278,926000
2023-12-01,38.431976318359375,38.431976318359375,37.366575235130576,37.4343732843515,851400
2023-12-04,38.16078186035156,38.40291879171238,38.01549822364853,38.01549822364853,946100
2023-12-05,37.560279846191406,37.87990237105819,37.19223436840809,37.62807789182078,800600
2023-12-06,37.71524429321289,38.61599390645014,37.56996436203287,37.77335848251455,756300
2023-12-07,38.102664947509766,38.30605906860559,37.7927299930639,37.97675271766735,1011800
2023-12-08,38.51914596557617,38.95499320904538,38.151096771678105,38.23826622037195,636400
2023-12-11,38.45134353637695,38.509454032409636,37.90895550686949,38.09298193021611,740400
2023-12-12,37.90895462036133,38.35448565486854,37.76367468896085,38.33511795312135,949100
2023-12-13,38.8387565612793,38.984040176469236,37.69587011891362,37.89926791912269,1001300
2023-12-14,40.41606903076172,40.55238267567046,39.179541108080954,39.51058110309665,1180900
2023-12-15,39.73452377319336,40.46475880938718,39.695577013196164,40.25055534357007,1137400
2023-12-18,39.44242477416992,39.987668243798055,39.267171791462694,39.987668243798055,781700
2023-12-19,40.05582046508789,40.07529384275651,39.55926233412277,39.55926233412277,575800
2023-12-20,39.47163772583008,40.542647599755455,39.45216434631922,39.938987691588466,886500
2023-12-21,40.27975845336914,40.48422706036619,39.80267370343235,39.987665218730925,455500
2023-12-22,40.99052429199219,41.22420113255929,40.28950119862566,40.28950119862566,644200
2023-12-26,40.893157958984375,41.1657778235108,40.71790127059822,41.07814947931772,593500
2023-12-27,40.854217529296875,41.12684115020723,40.69843419484853,41.02947424482222,489200
2023-12-28,40.932106018066406,41.00999581862461,40.64974759843761,40.64974759843761,518100
2023-12-29,40.83473587036133,41.078147513228885,40.63027098175264,40.90289083323089,435800
2024-01-02,40.05582046508789,40.83473700099741,39.94871874499402,40.44528059012616,609200
2024-01-03,38.38114929199219,39.802676228640486,38.33246770215847,39.374269324102414,928800
2024-01-04,38.80955123901367,39.06269770231252,38.37140955814379,38.42009114175894,842600
2024-01-05,39.18927764892578,39.66636614149411,38.692719491831355,38.692719491831355,1030700
2024-01-08,39.45216369628906,39.510583833859066,38.741402069606856,39.04323016163363,652000
2024-01-09,38.975074768066406,39.199013055067255,38.83876482938478,38.92639317770401,389200
2024-01-10,39.47163772583008,39.65662925993214,39.2379608858672,39.354797448764955,558300
2024-01-11,39.569000244140625,39.58847362332417,38.87771199687766,39.25743360553852,404300
2024-01-12,38.83876037597656,40.00713698153974,38.819286999231046,39.773460174760366,459500
2024-01-16,38.71219253540039,38.7219310826807,38.11827114716539,38.50772761252436,547500
2024-01-17,38.80955123901367,38.93612632774647,38.14747130218068,38.14747130218068,707800
2024-01-18,38.721927642822266,39.26717110288923,38.546670949021,39.121122619999106,611500
2024-01-19,39.36453628540039,39.36453628540039,38.4493097266567,38.79981941793037,384200
2024-01-22,39.95846176147461,39.98766997416185,39.471638407794366,39.5203200003289,485000
2024-01-23,40.36738967895508,40.57185458639176,40.09476980237284,40.30897325635446,908000
2024-01-24,40.07529830932617,40.86395347905262,40.05582492948716,40.86395347905262,481800
2024-01-25,41.302085876464844,41.769439500340674,40.64000962333575,40.69842604069504,1087300
2024-01-26,41.5357666015625,41.80838647936831,41.204726586726615,41.40919149508097,901400
2024-01-29,41.973907470703125,42.02258906013184,41.14630559374604,41.6233940841488,960400
2024-01-30,42.00312042236328,42.28547887275337,41.788916947699406,41.788916947699406,482100
2024-01-31,40.70816421508789,42.38283378106261,40.65947891550995,41.983638838025,945500
2024-02-01,41.72075653076172,41.847331632388624,40.80553003739647,41.28261851942581,622600
2024-02-02,41.8668098449707,41.98364641387347,41.13657478953517,41.35077826099654,456400
2024-02-05,41.175514221191406,41.379979108917766,40.87368244823804,41.379979108917766,427700
2024-02-06,41.389713287353516,41.74996518575941,41.00999172637629,41.15604019482915,616900
2024-02-07,41.43840026855469,41.54549827371222,41.0684135238428,41.535763442031346,464400
2024-02-08,40.747108459472656,41.574710292593366,40.72763879606619,41.311825266602106,1136700
2024-02-09,40.91263198852539,41.00026033411383,40.54264522780005,40.81526509666759,660100
2024-02-12,41.42866897583008,41.58445230916669,40.912637380558984,40.912637380558984,423800
2024-02-13,40.27975845336914,40.455015136985466,39.73451873915566,40.25055024415541,572000
2024-02-14,41.175514221191406,41.20472242967606,40.357650956119066,40.81526231710184,806700
2024-02-15,41.993377685546875,42.15889581996792,41.418926059565585,41.448134268188845,924400
2024-02-16,39.987667083740234,41.93496035770535,39.870830527269135,41.72075690903569,1573100
2024-02-20,39.47163772583008,40.28950109444909,39.43269096680837,39.82215112869071,1197300
2024-02-21,38.81929397583008,39.38401086044042,38.31299723195555,39.12112579838052,1330800
2024-02-22,38.78034591674805,39.23795729377466,38.50772234272116,38.945864056186664,1080800
2024-02-23,38.91666030883789,39.54952844381497,38.35194343247293,38.81929340903318,880900
2024-02-26,38.71219253540039,39.09191788181413,38.53693954019775,38.702457702287624,816700
2024-02-27,38.7608757019043,39.218487116271966,38.575880455474916,39.10165055453632,765200
2024-02-28,38.721927642822266,39.014020894435305,38.41036101254606,38.46877743436834,776300
2024-02-29,39.04322814941406,39.062701527600446,38.37141331573603,38.74140007294299,1211700
2024-03-01,38.84850311279297,39.46189783270507,38.76087476506735,39.17954312484895,756600
2024-03-04,40.76658248901367,41.60391916722889,40.60106434824265,41.17551599626236,4022600
2024-03-05,41.594181060791016,42.27573066227081,40.49395943899728,40.49395943899728,2135800
2024-03-06,42.25626754760742,42.8112458600433,41.72075890037338,41.89601560052864,2880000
2024-03-07,42.704139709472656,43.122808037147244,42.28547138179806,42.63598474582023,1807600
2024-03-08,42.645721435546875,43.34674819413592,42.54835825870601,42.840451503395734,1527500
2024-03-11,43.132545471191406,43.36622229936099,42.32442069019625,42.39257565796088,1876800
2024-03-12,44.369075775146484,44.56380584021944,43.26885406452629,43.50253088544725,2092500
2024-03-13,45.37193298339844,45.81981327088165,44.271714929057154,44.271714929057154,2075900
2024-03-14,45.37193298339844,45.84139854384137,45.18610403165455,45.440396477776744,2029200
2024-03-15,46.09568786621094,46.70208032523592,45.49907430593698,45.7338051857621,22684300
2024-03-18,45.567543029785156,46.4477932577964,45.55776412990969,45.958766182452486,2296200
2024-03-19,45.33280944824219,45.724032610025006,44.83400346140064,45.362153610513275,1362500
2024-03-20,45.626224517822266,45.909857366679745,44.814437837110226,44.990487870735,1072800
2024-03-21,46.027225494384766,46.349981394689586,45.72402739205465,45.79249087790659,874400
2024-03-22,47.2302360534668,47.36716303824784,46.21305883654974,46.310862759684625,1738900
2024-03-25,48.022457122802734,48.57016878824714,47.01506254535904,47.19111259028829,1929700
2024-03-26,49.205902099609375,49.51887910667789,48.14960190251798,48.55060392601077,2324400
2024-03-27,49.64602279663086,49.74383044191373,48.96138793455165,49.26458230747811,1159700
2024-03-28,50.31110382080078,50.633863479169555,49.929663301623485,49.96878636281615,1337600
2024-04-01,50.05681228637695,50.51649893621711,49.62646979844993,50.37956821957709,1086300
2024-04-02,49.039634704589844,49.714494458952416,48.83424422760146,49.63624833572989,1375300
2024-04-03,49.333045959472656,49.577559477031265,48.85380155440668,49.04941311464961,1189000
2024-04-04,49.06897735595703,50.51650085323846,48.990734960174095,49.890543032071584,1020100
2024-04-05,49.43085861206055,49.52866253659872,48.834244971828205,48.834244971828205,1134800
2024-04-08,49.29393005371094,49.80251492227128,49.108097379640384,49.577562918221005,909800
2024-04-09,48.45280456542969,49.450420268363224,48.38434107188351,49.25480868781106,1046300
2024-04-10,47.71926498413086,48.24741514392153,47.357382246322075,47.660580389382794,1094800
2024-04-11,48.08114242553711,48.169167449302975,46.8879151547066,47.76816539236526,1000800
2024-04-12,47.484527587890625,48.090920107935645,47.06396401065509,47.71926222231668,1151500
2024-04-15,47.161773681640625,48.36477987348961,46.93682166830112,47.93443364711786,577400
2024-04-16,47.39650344848633,47.64101698719826,46.6923069940627,47.23023603303285,622600
2024-04-17,47.57255172729492,48.13982490690041,47.425845848106874,47.85618831709767,788100
2024-04-18,47.660579681396484,48.60929342867044,47.543214224624435,47.83662973204486,646300
2024-04-19,47.9539909362793,48.33543143519794,47.68991588372479,47.68991588372479,875000
2024-04-22,48.46257781982422,48.883141363174246,47.82684492081567,48.07135843527591,642600
2024-04-23,49.890541076660156,49.93944676946094,48.433242467121694,48.61907141443088,1081100
2024-04-24,50.27198028564453,50.51649380117591,49.85141674045214,50.08614762601338,873800
2024-04-25,50.4284782409668,50.487159107868855,49.293935465429776,49.6362529589613,664800
2024-04-26,50.526275634765625,51.16201230446329,50.438250614822564,50.58496022505445,742200
2024-04-29,50.878379821777344,50.98596638050177,50.48715665023044,50.57518167727946,838200
2024-04-30,49.1374397277832,50.643640209369416,49.05919360874999,50.4382497433777,938400
2024-05-01,49.18634796142578,49.90032709927525,48.77556324605795,49.06897876790309,898400
2024-05-02,49.66558837890625,50.04702889918844,49.274368958787804,49.9981269380462,642900
2024-05-03,50.281761169433594,50.526274694616795,49.81229564879949,50.223076580236715,728200
2024-05-06,50.4186897277832,50.84903593342931,50.21329925562324,50.6632032606347,1329700
2024-05-07,46.741207122802734,47.21067265100341,45.20566245838167,45.978322374868824,3284400
2024-05-08,47.88553237915039,47.92465544229374,45.978325957189504,46.29130673135567,1436800
2024-05-09,48.68753433227539,48.74621892435507,47.80728783696311,47.934432189998354,880700
2024-05-10,48.022457122802734,49.0983189230349,47.787726216884046,48.941830408762286,790600
2024-05-13,47.807289123535156,48.2376316174259,47.71926409853698,48.19850855498658,570400
2024-05-14,48.31587600708008,48.49192605075373,47.738823915256525,48.110481802140505,605600
2024-05-15,49.06897735595703,49.3232735369581,48.60929441965317,48.69731944677189,710500
2024-05-16,48.3354377746582,48.971174510223186,48.09092421959179,48.883149481160046,552500
2024-05-17,48.18872833251953,48.755997798400855,48.05180134871992,48.354995746853206,602200
2024-05-20,47.8561897277832,48.32565527078834,47.83662819711876,48.12026479528243,703800
2024-05-21,47.6996955871582,48.051795635626156,47.60188794537264,47.89530713974929,568500
2024-05-22,47.142208099365234,47.72903906365158,46.74120606987417,47.621452516303684,702200
2024-05-23,46.6727409362793,47.47474496698655,46.44778895020094,47.47474496698655,517200
2024-05-24,47.484527587890625,47.572552609427845,46.799888946043446,46.98572161983336,441900
2024-05-28,46.80967330932617,48.02245839430505,46.73142718462788,47.73882551972519,645000
2024-05-29,45.52842330932617,46.633625625380816,45.40127521573173,46.31086594109818,1136600
2024-05-30,46.03700637817383,46.05656790797205,45.235002311348346,45.69468893415575,1175600
2024-05-31,46.59449768066406,46.65318227101803,45.684907050569606,46.35976678120894,869500
2024-06-03,46.242393493652344,46.93681469273719,45.76314910675524,46.604276172225305,561600
2024-06-04,45.42699432373047,46.1048611611248,45.18138990831754,45.977145815774804,491600
2024-06-05,46.13433074951172,46.153979551717846,45.0831441910516,45.57435300332739,477000
2024-06-06,45.3876953125,46.33081533905369,45.35822023517743,46.095033458602344,398600
2024-06-07,45.132266998291016,45.594004508443305,44.62140935352437,44.89648885309167,360200
2024-06-10,45.142093658447266,45.63330250402857,44.55264079517405,44.55264079517405,536300
2024-06-11,44.40528106689453,44.65088549342865,44.20879677614201,44.65088549342865,584700
2024-06-12,45.30910110473633,46.0164430141009,44.169496777218924,45.47611405450338,507900
2024-06-13,44.62141036987305,45.240334573464246,44.59193903795837,45.132268026275575,559500
2024-06-14,43.933719635009766,44.26774179448908,43.373741859945326,43.864950697554555,531100
2024-06-17,44.52316665649414,44.81789119573533,43.727407027679675,44.031957841883546,499000
2024-06-18,45.505584716796875,45.55470484919809,44.582113485726076,44.582113485726076,565400
2024-06-20,45.5743522644043,45.64312119719785,45.16173866764297,45.210858798548976,478400
2024-06-21,46.15398406982422,46.37011716762353,45.309104230382744,45.633303877081715,1498200
2024-06-24,46.39958953857422,46.83185199622205,46.134336298326815,46.1736339074656,619800
2024-06-25,47.30341339111328,47.59813794932678,46.26204928795779,46.45853357597547,1406600
2024-06-26,47.01850891113281,47.22481571637075,46.458531155415045,46.52730009049436,1116700
2024-06-27,47.10692596435547,47.26411263477104,46.753255019013984,46.9399130189994,638400
2024-06-28,46.694313049316406,47.60796182905829,46.16381032851966,47.47042394782853,1139600
2024-07-01,45.82978439331055,46.85149589045315,45.59400251081556,46.77290442803874,697400
2024-07-02,46.02626419067383,46.20309966282435,45.35821990646649,45.65294819180124,545300
2024-07-03,46.89079666137695,47.106929755954425,46.026268030693195,46.12451204987666,439000
2024-07-05,46.68449020385742,47.13640145272061,46.05574346672149,46.57642365573228,1135500
2024-07-08,46.80237579345703,47.06762900610519,46.66483792340818,46.85149592595649,650200
2024-07-09,46.81220626831055,47.25429124809345,46.37994006923219,46.76308238377803,576300
2024-07-10,45.09297180175781,46.841674026021195,44.21861694200018,46.82202522323301,1312700
2024-07-11,47.214996337890625,47.382005549185855,45.01437902570605,45.4761165471418,1277500
2024-07-12,46.93991470336914,47.86338970437075,46.87114576682127,47.51954127400544,651000
2024-07-15,47.912506103515625,48.62967049134974,46.812199456884926,47.15604411282399,715700
2024-07-16,49.00299072265625,49.13070231180623,47.843737659924805,48.099164585850474,552300
2024-07-17,49.06193542480469,49.671037057813955,48.4626638144582,48.4626638144582,626500
2024-07-18,47.17569351196289,49.42543071111292,47.17569351196289,48.95387071372515,845800
2024-07-19,46.71396255493164,47.097104872004145,46.045918195247076,46.97921579312636,833900
2024-07-22,47.4998893737793,47.86338658340275,46.44870284351846,46.86132018352662,587000
2024-07-23,47.89286422729492,48.19741507203957,47.67673112795187,47.96163316842658,513000
2024-07-24,46.79255676269531,48.197414393391504,46.76308168289233,47.97145876890818,454600
2024-07-25,47.460601806640625,48.128646161741486,46.674664625844635,46.84167758843296,695200
2024-07-26,48.60020446777344,48.89492902612289,47.81426731534012,48.28583110585054,601200
2024-07-29,48.177764892578125,49.31736927432177,48.05987207032367,49.130707512898596,797000
2024-07-30,47.94198226928711,49.00299516774428,47.86339080326772,48.452839915104335,574500
2024-07-31,48.74756622314453,49.592446062070096,47.7553259747763,48.31530377543604,662900
2024-08-01,46.87114334106445,48.993165231810615,46.49782734701823,48.767209630900815,1058400
2024-08-02,40.38719177246094,42.008178709854334,39.05110311652689,40.47560951432793,3273600
2024-08-05,40.01387023925781,40.73103467053829,38.736728050023736,38.74655057752033,1953300
2024-08-06,41.61521530151367,42.07695283007157,40.0335221695505,40.23982899173017,1363400
2024-08-07,41.55626678466797,43.33444412050103,41.26154223253223,41.31066236661718,1621100
2024-08-08,41.96887969970703,42.36184447828959,41.54643984570221,42.07694623179556,920700
2024-08-09,42.2341423034668,42.32256005418381,41.68398699371355,41.83135116078405,515300
2024-08-12,41.8215217590332,42.73517053229231,41.703632682762205,42.33237941970908,672300
2024-08-13,42.80393981933594,43.07901558207308,41.929588646956134,42.1555442731511,582100
2024-08-14,43.314796447753906,43.43268552215962,42.94147667323868,43.02989441594949,470500
2024-08-15,44.65088653564453,44.798246946428925,43.65864253061564,44.22844661233539,758200
2024-08-16,43.943546295166016,44.90631525770177,43.91407496137836,44.54282173302405,567900
2024-08-19,44.572288513183594,44.64105745008006,43.90424419965271,44.15967489180475,419200
2024-08-20,43.8944206237793,44.55263864624965,43.806002885934305,44.33650931300426,360000
2024-08-21,44.660709381103516,44.73930459884759,43.806007000081095,43.91407355066607,320400
2024-08-22,44.198974609375,44.906312815190184,44.120379393381,44.71965479864368,380900
2024-08-23,45.259979248046875,45.30909937929864,44.34633056578604,44.660703902948285,372000
2024-08-26,45.10279846191406,45.96732712567766,44.95543430131328,45.594007333748294,574100
2024-08-27,44.56246566772461,44.99472808908116,44.48387045604562,44.817892610429396,506500
2024-08-28,44.22844696044922,44.50352272751281,44.05161146801513,44.307038430627564,393900
2024-08-29,44.906307220458984,45.19120922150297,44.32668069140859,44.52316495928809,410500
2024-08-30,45.45646667480469,45.48593800607554,44.61158686719712,44.9849066363408,450400
2024-09-03,43.098663330078125,45.034027392948396,43.088840802060865,44.798245496647134,744700
2024-09-04,43.216556549072266,43.933721024955794,42.86288557518425,42.86288557518425,515400
2024-09-05,43.2558479309082,43.91406970518355,42.98077218814438,43.30497181150968,532800
2024-09-06,41.933101654052734,43.73954359462812,41.88374611938046,43.24598071673354,687800
2024-09-09,41.61722183227539,42.44640762012926,41.59747886523292,41.95284474082543,816600
2024-09-10,41.36056900024414,41.8047725599069,40.83738981024665,41.607350429206015,686700
2024-09-11,41.75541687011719,41.7850332020795,40.422798664971666,41.094044450469106,640700
2024-09-12,42.12065505981445,42.554992811284926,41.53825446686268,41.95284548535432,566100
2024-09-13,43.08803939819336,43.186750464449204,42.52537803624625,42.52537803624625,479300
2024-09-16,43.453277587890625,43.55198866033867,42.712933247772156,43.265725044004924,513500
2024-09-17,43.61121368408203,44.29232906079704,43.236104864089306,43.68031218176679,749400
2024-09-18,43.91722869873047,45.04255151335818,43.51250726951198,43.719802784714744,1252100
2024-09-19,45.29920196533203,45.30907533197433,44.56873098841648,44.96357904562903,963400
2024-09-20,45.21036148071289,45.22023484757079,44.321950508395425,44.9142244899404,1943000
2024-09-23,44.667442321777344,45.664437720057485,44.568731248295144,45.17087482147431,772000
2024-09-24,44.499629974365234,45.111646876156215,44.23310557384678,44.85499207613733,657000
2024-09-25,44.420658111572266,44.697052112612354,44.173876677619084,44.64769657893889,598900
2024-09-26,44.73653793334961,45.427526699799024,44.56872836616441,45.12151636685527,647600
2024-09-27,45.20048904418945,45.486756415733744,44.43052839777427,45.16100311040695,645400
2024-09-30,44.70692443847656,44.91421993443336,44.19361861592703,44.91421993443336,723700
2024-10-01,43.630958557128906,44.63782726601487,43.32494822144461,44.529242831882186,1136300
2024-10-02,43.265724182128906,44.104779577981,43.25585081572916,43.364435252610576,701000
2024-10-03,42.357566833496094,42.97945712579994,42.08117282162149,42.851129720749874,1069100
2024-10-04,42.93010330200195,43.344694336345405,42.68332184853481,43.31508176691691,524400
2024-10-07,42.703060150146484,42.78203202107117,42.30821209228126,42.673447581342764,643400
2024-10-08,42.39705276489258,42.77216161354011,42.15027132128504,42.624091241141194,487000
2024-10-09,42.68332290649414,43.028815443677146,42.11078811277803,42.31808363508784,500600
2024-10-10,42.239112854003906,42.56486240194235,41.82451807002607,42.26872542229304,518100
2024-10-11,42.89061737060547,43.048557350219035,42.22924111713319,42.22924111713319,466100
2024-10-14,43.82838439941406,44.0356799012493,42.811642325753176,42.841258658576685,428700
2024-10-15,43.22623825073242,44.01593811139905,43.147266381872775,43.759287068777134,547100
2024-10-16,44.48975372314453,44.864862532761855,43.32494512926884,43.64082504297219,879200
2024-10-17,44.420658111572266,44.627953612352336,43.93696484416626,44.627953612352336,402800
2024-10-18,44.06529235839844,44.499630093256734,43.70992649009106,44.420658226705825,371600
2024-10-21,43.394046783447266,44.1047785238027,43.32494828264448,43.92709558871384,672600
2024-10-22,43.670448303222656,43.759289778397935,43.038684609983925,43.43353644755986,477800
2024-10-23,43.394046783447266,43.798768187686136,42.979455778630516,43.45327568367218,420700
2024-10-24,43.68031311035156,43.87773900747031,42.821514788308676,43.58160204458508,690500
2024-10-25,44.01594161987305,44.22323714377402,43.443406821762245,44.00607201827187,517800
2024-10-28,44.391048431396484,45.00306537303802,44.1146506467954,44.42066100040921,673600
2024-10-29,44.21336364746094,44.37130361827075,43.433533394143645,43.917226672890784,420800
2024-10-30,44.89447784423828,44.963576344238724,43.897482511670596,43.956707645621925,872700
2024-10-31,43.779029846191406,45.45714454066433,43.7592906429502,44.83525420215072,1002600
2024-11-01,44.18375015258789,44.97345382295577,43.9764546336301,44.302207962494776,676300
2024-11-04,43.798770904541016,44.470016753050814,43.68031686232931,44.30220717371642,502600
2024-11-05,44.519371032714844,44.529244399212175,43.65070306024995,43.72967116429857,425200
2024-11-06,46.70092010498047,47.07602517487808,45.703920999066526,46.325811269496995,1168400
2024-11-07,46.71078872680664,47.49061894864026,46.28632436634458,46.62194726146375,1356400
2024-11-08,46.4837532043457,47.07602716704808,43.93696688043622,45.33868744835802,1194500
2024-11-11,47.737403869628906,48.359294172510275,46.71079214293911,46.9773165584597,797700
2024-11-12,47.717655181884766,48.12237655717812,47.194479780199245,47.73739814721439,744900
2024-11-13,48.714656829833984,48.82324127056418,47.54984808205091,47.62881995370418,796100
2024-11-14,48.36915969848633,49.148989911651476,48.0927657051967,48.91207808484198,819100
2024-11-15,47.84598922729492,48.428393605959656,47.668306280204924,48.221094323963904,687600
2024-11-18,47.61894989013672,48.05328388325382,47.28332697004158,47.74727353194805,468300
2024-11-19,47.60907745361328,47.67817595919583,46.57259610428892,46.88847606283375,521500
2024-11-20,47.303062438964844,47.58932979995646,46.94770034477975,47.58932979995646,379800
2024-11-21,49.15886306762695,49.37603194411174,47.68804776485093,47.94469881067167,736000
2024-11-22,49.9880485534668,50.145988526558874,48.892338342696654,49.158862753336905,735300
2024-11-25,51.48847961425781,51.63654998484672,50.36315684765715,50.36315684765715,772700
2024-11-26,50.560585021972656,51.14298939852389,50.29406060230486,50.95543308528389,671400
2024-11-27,50.05714797973633,51.073890105509,49.95843690682763,50.68890788375854,271500
2024-11-29,50.24470520019531,50.80736661025604,50.23483183337397,50.55071179110679,256900
2024-12-02,49.94856262207031,50.62968181561314,49.59320050677935,50.62968181561314,585500
2024-12-03,49.78075408935547,50.07689107441856,49.04040974390472,49.90908149693103,754300
2024-12-04,50.708648681640625,50.86658865088795,49.50435782822452,49.63268146439766,605300
2024-12-05,49.94856262207031,51.004786898240155,49.92882342032025,50.75800545491849,495100
2024-12-06,49.385902404785156,50.62968301737732,49.22796242793381,50.560584512853985,489200
2024-12-09,49.57345962524414,50.42238842848306,49.49448775257719,50.08676550082084,656700
2024-12-10,49.464874267578125,50.07689120707458,48.57645954444934,49.227962419548426,578100
2024-12-11,49.41551971435547,49.8695966860647,49.27731893699574,49.839984116566406,813000
2024-12-12,48.949520111083984,49.74270584311884,48.84045636376521,49.623728928865596,493200
2024-12-13,48.99909210205078,49.44526024543851,48.65207453619799,49.118072795092715,569400
2024-12-16,49.3262825012207,49.564240101076386,48.582670202207325,48.59258336868943,514100
2024-12-17,48.661991119384766,49.554323617246986,48.36454317122291,48.909861888047786,972600
2024-12-18,46.64927673339844,49.07841096168073,46.44106620068479,48.71156329229844,1183800
2024-12-19,47.055782318115234,47.7299910613487,46.322087015436615,47.30365306835673,838900
2024-12-20,48.15633010864258,48.870199095273435,46.62944534599661,47.016123119685794,1605300
2024-12-23,48.19599151611328,48.265395026821324,47.720080107454834,48.04726754619166,432500
2024-12-24,48.79087829589844,48.870198752615735,48.19598999934888,48.43394380508568,189000
2024-12-26,49.15773391723633,49.28662399705656,48.54301167199943,48.58267190373237,303500
2024-12-27,48.483524322509766,49.32628343106187,48.285226949259915,48.75122142685808,371300
2024-12-30,47.6308479309082,48.186076033462996,47.08553299495284,48.01752572581823,393600
2024-12-31,47.79939651489258,48.50334856650856,47.591185983942665,47.819226629584136,388200
