Price,Close,High,Low,Open,Volume
Ticker,AMCX,AMCX,AMCX,AMCX,AMCX
Date,,,,,
2015-01-02,63.900001525878906,65.06999969482422,63.150001525878906,64.18000030517578,401900
2015-01-05,62.70000076293945,63.709999084472656,62.189998626708984,63.61000061035156,548100
2015-01-06,61.65999984741211,63.29999923706055,61.0099983215332,63.2599983215332,705200
2015-01-07,61.25,62.58000183105469,60.599998474121094,62.2599983215332,606500
2015-01-08,63.11000061035156,63.380001068115234,60.9900016784668,61.65999984741211,511600
2015-01-09,63.220001220703125,63.310001373291016,62.38999938964844,63.0099983215332,441600
2015-01-12,62.630001068115234,63.31999969482422,62.40999984741211,63.11000061035156,423200
2015-01-13,62.5099983215332,64.02999877929688,61.540000915527344,63.08000183105469,539500
2015-01-14,62.060001373291016,62.41999816894531,61.220001220703125,61.689998626708984,574700
2015-01-15,61.47999954223633,62.45000076293945,61.099998474121094,62.20000076293945,448400
2015-01-16,63.11000061035156,63.33000183105469,61.31999969482422,61.349998474121094,500100
2015-01-20,63.02000045776367,63.31999969482422,62.040000915527344,63.2599983215332,484600
2015-01-21,64.44000244140625,64.5199966430664,61.91999816894531,62.66999816894531,743400
2015-01-22,66.83999633789062,67.23999786376953,65.05000305175781,66.0,1253300
2015-01-23,66.56999969482422,67.05999755859375,66.22000122070312,67.0,623000
2015-01-26,68.38999938964844,68.54000091552734,65.97000122070312,66.5,889900
2015-01-27,68.0,68.93000030517578,67.19000244140625,67.66999816894531,712700
2015-01-28,66.91999816894531,68.63999938964844,66.62999725341797,68.51000213623047,597400
2015-01-29,66.87999725341797,67.18000030517578,65.5,67.05999755859375,730500
2015-01-30,66.69999694824219,68.11000061035156,66.08000183105469,66.33999633789062,688400
2015-02-02,67.19999694824219,67.30999755859375,65.38999938964844,66.95999908447266,736000
2015-02-03,68.18000030517578,68.58000183105469,67.23999786376953,68.11000061035156,1009600
2015-02-04,68.0999984741211,69.33000183105469,67.83999633789062,67.83999633789062,541600
2015-02-05,67.29000091552734,68.16000366210938,66.41999816894531,68.16000366210938,808900
2015-02-06,66.76000213623047,67.55999755859375,66.05999755859375,67.45999908447266,724900
2015-02-09,68.0,68.66000366210938,66.33000183105469,66.69000244140625,834300
2015-02-10,68.30999755859375,68.94999694824219,66.70999908447266,68.38999938964844,716300
2015-02-11,67.5,68.44000244140625,66.62000274658203,68.44000244140625,644400
2015-02-12,68.05000305175781,68.29000091552734,67.05999755859375,67.5999984741211,395100
2015-02-13,68.9000015258789,69.22000122070312,67.62999725341797,68.11000061035156,699200
2015-02-17,68.81999969482422,69.33999633789062,67.97000122070312,69.2699966430664,620600
2015-02-18,68.30000305175781,68.8499984741211,68.0999984741211,68.79000091552734,592300
2015-02-19,69.2300033569336,70.0,68.04000091552734,68.33999633789062,701200
2015-02-20,69.33999633789062,69.5,68.41999816894531,69.04000091552734,526200
2015-02-23,69.58000183105469,69.77999877929688,68.83000183105469,69.2300033569336,539300
2015-02-24,69.63999938964844,70.12000274658203,68.0999984741211,68.19000244140625,572200
2015-02-25,69.16999816894531,69.9000015258789,68.81999969482422,69.63999938964844,880300
2015-02-26,72.93000030517578,73.05999755859375,69.95999908447266,71.94000244140625,1938200
2015-02-27,72.0199966430664,74.05000305175781,71.9800033569336,73.55999755859375,966700
2015-03-02,73.86000061035156,74.26000213623047,71.83000183105469,71.88999938964844,823800
2015-03-03,74.4800033569336,74.56999969482422,73.30000305175781,73.80000305175781,750400
2015-03-04,74.2300033569336,74.63999938964844,73.41000366210938,73.97000122070312,495500
2015-03-05,73.19000244140625,74.55000305175781,73.0199966430664,74.23999786376953,627600
2015-03-06,72.45999908447266,73.94000244140625,72.16000366210938,72.6500015258789,493300
2015-03-09,72.77999877929688,73.31999969482422,72.27999877929688,72.68000030517578,540200
2015-03-10,71.3499984741211,72.80000305175781,71.33000183105469,72.16000366210938,405600
2015-03-11,71.47000122070312,71.68000030517578,70.55999755859375,71.44999694824219,478500
2015-03-12,71.98999786376953,72.45999908447266,71.2300033569336,71.61000061035156,501000
2015-03-13,71.56999969482422,72.30000305175781,70.76000213623047,71.69999694824219,426300
2015-03-16,72.19999694824219,72.41000366210938,71.56999969482422,71.7300033569336,472500
2015-03-17,72.79000091552734,72.80000305175781,71.44000244140625,71.76000213623047,511800
2015-03-18,74.66000366210938,75.05000305175781,72.23999786376953,72.81999969482422,668400
2015-03-19,74.94999694824219,75.13999938964844,74.1500015258789,74.30000305175781,705600
2015-03-20,75.16999816894531,75.69999694824219,74.76000213623047,75.19999694824219,1234600
2015-03-23,74.58999633789062,75.41999816894531,74.45999908447266,74.93000030517578,327500
2015-03-24,75.0,76.19999694824219,74.83000183105469,75.2699966430664,834500
2015-03-25,73.58000183105469,75.5999984741211,73.3499984741211,75.04000091552734,384900
2015-03-26,73.1500015258789,73.7300033569336,72.2699966430664,73.19000244140625,412900
2015-03-27,74.69000244140625,74.77999877929688,72.80000305175781,73.22000122070312,531400
2015-03-30,76.5199966430664,76.87000274658203,74.83999633789062,75.01000213623047,529600
2015-03-31,76.63999938964844,77.19999694824219,75.88999938964844,76.12999725341797,767500
2015-04-01,74.98999786376953,76.1500015258789,74.56999969482422,75.29000091552734,835800
2015-04-02,75.33000183105469,76.05999755859375,74.44000244140625,74.73999786376953,621900
2015-04-06,76.30999755859375,76.55000305175781,74.70999908447266,75.12999725341797,1355600
2015-04-07,75.58000183105469,76.68000030517578,75.55000305175781,76.13999938964844,425500
2015-04-08,75.54000091552734,76.16999816894531,74.75,74.87000274658203,557500
2015-04-09,76.6500015258789,76.81999969482422,75.22000122070312,75.3499984741211,502000
2015-04-10,76.83999633789062,77.25,76.56999969482422,76.80000305175781,323100
2015-04-13,76.98999786376953,77.5999984741211,76.5199966430664,77.12000274658203,420300
2015-04-14,77.26000213623047,77.56999969482422,76.62999725341797,77.48999786376953,400100
2015-04-15,77.0199966430664,77.79000091552734,76.9800033569336,77.79000091552734,589100
2015-04-16,77.2699966430664,77.31999969482422,76.18000030517578,76.88999938964844,528000
2015-04-17,75.11000061035156,76.91000366210938,74.72000122070312,76.91000366210938,499400
2015-04-20,75.37999725341797,76.30999755859375,75.23999786376953,75.23999786376953,385200
2015-04-21,75.54000091552734,76.26000213623047,75.44000244140625,75.80999755859375,411300
2015-04-22,75.41999816894531,75.81999969482422,75.0199966430664,75.81999969482422,480400
2015-04-23,76.62000274658203,77.25,75.33999633789062,75.37000274658203,568300
2015-04-24,76.75,77.5199966430664,76.52999877929688,76.97000122070312,311800
2015-04-27,75.76000213623047,77.7699966430664,75.69999694824219,77.1500015258789,381000
2015-04-28,76.62999725341797,76.98999786376953,75.37000274658203,76.66999816894531,396100
2015-04-29,76.66000366210938,77.16000366210938,75.95999908447266,76.12999725341797,401700
2015-04-30,75.44000244140625,76.63999938964844,75.27999877929688,76.20999908447266,633500
2015-05-01,76.30000305175781,76.8499984741211,75.45999908447266,76.02999877929688,796400
2015-05-04,80.0199966430664,80.69999694824219,76.77999877929688,80.0,1957200
2015-05-05,79.81999969482422,81.13999938964844,79.30000305175781,80.55000305175781,1141300
2015-05-06,78.87999725341797,80.83999633789062,78.44999694824219,80.47000122070312,731400
2015-05-07,76.75,79.02999877929688,76.5199966430664,79.02999877929688,955400
2015-05-08,76.25,77.45999908447266,75.38999938964844,77.33000183105469,716900
2015-05-11,75.58000183105469,76.9800033569336,75.41000366210938,76.48999786376953,620200
2015-05-12,74.94999694824219,75.94000244140625,74.63999938964844,75.44000244140625,533900
2015-05-13,74.69999694824219,75.75,74.08000183105469,75.1500015258789,490800
2015-05-14,75.02999877929688,75.4800033569336,74.70999908447266,75.13999938964844,478400
2015-05-15,76.56999969482422,76.83000183105469,75.30000305175781,75.52999877929688,631600
2015-05-18,76.91000366210938,77.16999816894531,75.81999969482422,76.48999786376953,454000
2015-05-19,76.26000213623047,77.55000305175781,76.12999725341797,77.31999969482422,660900
2015-05-20,77.1500015258789,77.69999694824219,76.02999877929688,76.26000213623047,586600
2015-05-21,77.5,77.94000244140625,76.5199966430664,77.29000091552734,405000
2015-05-22,77.5,78.41999816894531,77.11000061035156,77.48999786376953,303600
2015-05-26,77.70999908447266,77.72000122070312,76.43000030517578,77.44000244140625,448400
2015-05-27,78.63999938964844,78.79000091552734,77.11000061035156,77.76000213623047,363200
2015-05-28,78.68000030517578,79.11000061035156,78.23999786376953,78.25,446800
2015-05-29,78.58999633789062,79.08999633789062,78.02999877929688,78.5,496700
2015-06-01,78.72000122070312,79.30999755859375,78.31999969482422,79.08999633789062,401500
2015-06-02,78.4000015258789,78.95999908447266,78.02999877929688,78.47000122070312,397600
2015-06-03,78.83999633789062,79.18000030517578,77.80999755859375,78.73999786376953,424800
2015-06-04,78.70999908447266,79.0199966430664,78.0999984741211,78.5,369100
2015-06-05,79.93000030517578,79.94000244140625,77.94999694824219,78.51000213623047,409400
2015-06-08,79.1500015258789,79.9800033569336,79.02999877929688,79.5,576200
2015-06-09,78.0,79.31999969482422,77.93000030517578,79.20999908447266,620900
2015-06-10,78.38999938964844,79.13999938964844,77.91000366210938,78.30000305175781,402800
2015-06-11,78.26000213623047,79.0999984741211,78.05999755859375,78.70999908447266,436900
2015-06-12,78.19000244140625,78.33999633789062,77.69000244140625,78.20999908447266,315000
2015-06-15,78.16000366210938,78.2699966430664,76.86000061035156,77.54000091552734,378100
2015-06-16,79.73999786376953,79.73999786376953,78.23999786376953,78.58000183105469,598400
2015-06-17,80.30999755859375,80.5999984741211,79.4000015258789,79.94999694824219,428300
2015-06-18,81.77999877929688,81.83999633789062,80.18000030517578,80.30000305175781,433800
2015-06-19,80.69000244140625,81.58999633789062,80.45999908447266,81.58999633789062,566600
2015-06-22,82.0199966430664,82.06999969482422,80.8499984741211,81.0199966430664,447800
2015-06-23,81.12999725341797,81.95999908447266,80.73999786376953,81.73999786376953,475500
2015-06-24,80.52999877929688,80.97000122070312,79.58000183105469,80.81999969482422,729900
2015-06-25,82.01000213623047,83.1500015258789,80.48999786376953,80.61000061035156,1213600
2015-06-26,83.69000244140625,83.7699966430664,82.19999694824219,82.38999938964844,893700
2015-06-29,81.13999938964844,83.77999877929688,80.91999816894531,83.19000244140625,642600
2015-06-30,81.8499984741211,82.70999908447266,81.30000305175781,81.6500015258789,652900
2015-07-01,82.76000213623047,83.0199966430664,81.91999816894531,81.93000030517578,602500
2015-07-02,83.16000366210938,84.37999725341797,82.66000366210938,83.0199966430664,566700
2015-07-06,83.56999969482422,84.48999786376953,82.4000015258789,82.7699966430664,573100
2015-07-07,83.66000366210938,83.68000030517578,81.37000274658203,83.48999786376953,732800
2015-07-08,82.30000305175781,83.61000061035156,81.66999816894531,83.18000030517578,496400
2015-07-09,82.23999786376953,83.68000030517578,81.62000274658203,82.76000213623047,630800
2015-07-10,83.94000244140625,84.2300033569336,82.44000244140625,83.25,642500
2015-07-13,85.97000122070312,86.26000213623047,84.3499984741211,85.04000091552734,564000
2015-07-14,85.44000244140625,85.80999755859375,84.55000305175781,85.77999877929688,597700
2015-07-15,85.61000061035156,85.83000183105469,84.5999984741211,85.68000030517578,399500
2015-07-16,86.2699966430664,86.38999938964844,85.33000183105469,85.87000274658203,346700
2015-07-17,85.77999877929688,86.56999969482422,85.0,86.48999786376953,403100
2015-07-20,85.63999938964844,86.01000213623047,85.12999725341797,85.91000366210938,372900
2015-07-21,83.76000213623047,85.58999633789062,83.5,85.5,592800
2015-07-22,85.0,85.29000091552734,83.23999786376953,83.23999786376953,313400
2015-07-23,83.94999694824219,85.48999786376953,83.86000061035156,85.37999725341797,246500
2015-07-24,82.83999633789062,84.83999633789062,82.7699966430664,84.0999984741211,325000
2015-07-27,82.62999725341797,82.94000244140625,81.02999877929688,82.16000366210938,351700
2015-07-28,83.5,83.7300033569336,82.2300033569336,83.56999969482422,512700
2015-07-29,83.44000244140625,83.54000091552734,82.62000274658203,83.33000183105469,448800
2015-07-30,83.72000122070312,84.20999908447266,82.25,83.04000091552734,358000
2015-07-31,84.22000122070312,85.04000091552734,83.68000030517578,83.97000122070312,338200
2015-08-03,85.0199966430664,87.18000030517578,83.86000061035156,87.0,923100
2015-08-04,84.62999725341797,85.98999786376953,84.12000274658203,85.31999969482422,543300
2015-08-05,78.51000213623047,84.62999725341797,78.11000061035156,84.30000305175781,1887600
2015-08-06,75.01000213623047,77.0,67.66000366210938,76.95999908447266,3838600
2015-08-07,76.04000091552734,76.16000366210938,73.62999725341797,74.58000183105469,1368900
2015-08-10,76.63999938964844,77.79000091552734,76.30000305175781,77.27999877929688,1338000
2015-08-11,74.18000030517578,76.94000244140625,74.08999633789062,75.87000274658203,761400
2015-08-12,74.06999969482422,74.54000091552734,72.5,72.87000274658203,744800
2015-08-13,74.98999786376953,75.4800033569336,73.0199966430664,73.91999816894531,475500
2015-08-14,74.87000274658203,75.19000244140625,74.0999984741211,74.69999694824219,439200
2015-08-17,76.55000305175781,76.61000061035156,73.95999908447266,74.94000244140625,739200
2015-08-18,73.77999877929688,76.0999984741211,73.3499984741211,76.0999984741211,893800
2015-08-19,72.94000244140625,74.16999816894531,72.62999725341797,73.7300033569336,733200
2015-08-20,69.6500015258789,71.98999786376953,69.38999938964844,71.8499984741211,1188800
2015-08-21,67.72000122070312,69.36000061035156,67.27999877929688,69.05999755859375,1166500
2015-08-24,65.62000274658203,68.18000030517578,63.369998931884766,65.86000061035156,1125200
2015-08-25,69.26000213623047,70.3499984741211,66.76000213623047,66.76000213623047,1868100
2015-08-26,69.72000122070312,70.72000122070312,68.80999755859375,70.72000122070312,1290600
2015-08-27,72.79000091552734,72.86000061035156,70.1500015258789,70.44000244140625,1012900
2015-08-28,73.5999984741211,73.66000366210938,71.91000366210938,72.66000366210938,617400
2015-08-31,72.37999725341797,73.9000015258789,72.0,72.75,524200
2015-09-01,69.6500015258789,71.6500015258789,69.4000015258789,70.7300033569336,687500
2015-09-02,69.79000091552734,70.81999969482422,68.62999725341797,70.31999969482422,947000
2015-09-03,71.58999633789062,71.98999786376953,69.80999755859375,69.80999755859375,541300
2015-09-04,72.12999725341797,72.4000015258789,70.44000244140625,70.69999694824219,710500
2015-09-08,74.54000091552734,74.61000061035156,72.7699966430664,73.87000274658203,847200
2015-09-09,73.08999633789062,75.52999877929688,72.91999816894531,75.44999694824219,706000
2015-09-10,73.20999908447266,73.66999816894531,71.68000030517578,72.7699966430664,486300
2015-09-11,73.08999633789062,73.16000366210938,72.11000061035156,72.87999725341797,264100
2015-09-14,72.33999633789062,73.13999938964844,71.93000030517578,73.12999725341797,369900
2015-09-15,74.13999938964844,74.37000274658203,72.2699966430664,72.98999786376953,402000
2015-09-16,74.12999725341797,74.37000274658203,73.05000305175781,74.37000274658203,659200
2015-09-17,75.72000122070312,76.73999786376953,74.0199966430664,74.43000030517578,525500
2015-09-18,74.98999786376953,76.80000305175781,74.69999694824219,74.80999755859375,1330700
2015-09-21,75.94999694824219,76.5,75.01000213623047,75.2699966430664,663800
2015-09-22,74.88999938964844,76.11000061035156,74.36000061035156,75.0199966430664,490200
2015-09-23,73.87999725341797,75.06999969482422,73.75,74.81999969482422,357000
2015-09-24,73.5199966430664,74.80000305175781,71.6500015258789,74.19999694824219,569100
2015-09-25,74.27999877929688,74.44000244140625,72.56999969482422,74.27999877929688,653600
2015-09-28,70.72000122070312,74.11000061035156,70.6500015258789,73.86000061035156,606600
2015-09-29,70.33000183105469,71.22000122070312,69.41000366210938,70.79000091552734,902900
2015-09-30,73.16999816894531,73.61000061035156,71.1500015258789,71.1500015258789,672600
2015-10-01,72.83000183105469,74.41000366210938,71.7300033569336,73.25,774400
2015-10-02,74.63999938964844,74.86000061035156,71.6500015258789,71.80000305175781,648400
2015-10-05,75.83000183105469,75.97000122070312,74.51000213623047,74.72000122070312,691700
2015-10-06,74.6500015258789,76.44999694824219,74.18000030517578,75.54000091552734,461700
2015-10-07,77.1500015258789,77.25,74.76000213623047,75.08999633789062,730300
2015-10-08,76.79000091552734,77.30000305175781,75.44999694824219,77.04000091552734,682800
2015-10-09,78.13999938964844,78.7300033569336,75.91000366210938,77.11000061035156,591900
2015-10-12,78.25,78.7300033569336,77.56999969482422,78.30999755859375,285400
2015-10-13,74.2699966430664,78.5999984741211,73.08000183105469,77.69000244140625,1996600
2015-10-14,72.83000183105469,75.1500015258789,72.62000274658203,74.05999755859375,909900
2015-10-15,75.5999984741211,75.61000061035156,72.87999725341797,73.26000213623047,852900
2015-10-16,73.94999694824219,75.8499984741211,73.87000274658203,75.8499984741211,767500
2015-10-19,74.08000183105469,74.93000030517578,73.83000183105469,74.16000366210938,745800
2015-10-20,69.37999725341797,74.95999908447266,69.08999633789062,73.70999908447266,2375600
2015-10-21,68.12999725341797,69.9000015258789,66.76000213623047,69.9000015258789,1558200
2015-10-22,68.8499984741211,68.87999725341797,67.63999938964844,68.0199966430664,1174000
2015-10-23,70.37999725341797,70.72000122070312,68.66000366210938,69.80000305175781,1034800
2015-10-26,71.20999908447266,71.55000305175781,70.30000305175781,71.06999969482422,704400
2015-10-27,71.9000015258789,72.55999755859375,70.47000122070312,70.73999786376953,1175200
2015-10-28,73.0,73.55000305175781,71.38999938964844,71.68000030517578,808900
2015-10-29,74.25,75.0,71.5,73.06999969482422,1323600
2015-10-30,73.88999938964844,74.48999786376953,72.0999984741211,74.11000061035156,945100
2015-11-02,75.69999694824219,76.66999816894531,73.51000213623047,73.97000122070312,1016200
2015-11-03,77.0,77.81999969482422,74.72000122070312,75.72000122070312,758900
2015-11-04,71.76000213623047,77.9800033569336,71.5,77.1500015258789,1820700
2015-11-05,73.87000274658203,77.55000305175781,71.55999755859375,74.94999694824219,2053800
2015-11-06,76.30999755859375,76.70999908447266,72.97000122070312,73.80000305175781,1142200
2015-11-09,74.9000015258789,76.8499984741211,73.69999694824219,76.19000244140625,689900
2015-11-10,77.1500015258789,77.26000213623047,74.1500015258789,74.69000244140625,831800
2015-11-11,78.55000305175781,79.0,76.55000305175781,77.81999969482422,913400
2015-11-12,76.08999633789062,78.80000305175781,75.83000183105469,77.97000122070312,715900
2015-11-13,74.9800033569336,76.06999969482422,74.16999816894531,75.83000183105469,550200
2015-11-16,76.66999816894531,76.80999755859375,74.51000213623047,74.66999816894531,741300
2015-11-17,79.0199966430664,79.55000305175781,75.9800033569336,76.9000015258789,1048000
2015-11-18,79.98999786376953,80.1500015258789,79.0999984741211,79.22000122070312,546700
2015-11-19,80.43000030517578,80.58000183105469,78.77999877929688,79.7300033569336,769400
2015-11-20,80.1500015258789,81.05999755859375,79.9000015258789,81.05999755859375,720800
2015-11-23,81.44999694824219,82.05999755859375,79.77999877929688,79.97000122070312,763700
2015-11-24,81.77999877929688,82.16000366210938,79.62999725341797,81.4000015258789,839300
2015-11-25,82.22000122070312,82.62999725341797,81.19000244140625,81.68000030517578,638400
2015-11-27,82.80999755859375,83.0,81.41999816894531,81.98999786376953,429700
2015-11-30,81.30999755859375,83.29000091552734,80.8499984741211,83.29000091552734,654200
2015-12-01,82.36000061035156,82.81999969482422,81.4000015258789,82.0,795200
2015-12-02,83.19999694824219,83.77999877929688,81.91000366210938,82.91000366210938,891900
2015-12-03,81.77999877929688,83.4800033569336,81.0199966430664,83.4800033569336,483200
2015-12-04,82.80999755859375,82.88999938964844,80.58999633789062,81.83999633789062,455300
2015-12-07,83.20999908447266,83.5999984741211,81.8499984741211,83.08000183105469,536700
2015-12-08,82.76000213623047,83.13999938964844,80.86000061035156,82.2300033569336,677900
2015-12-09,81.52999877929688,83.1500015258789,79.87999725341797,82.23999786376953,791700
2015-12-10,80.55000305175781,82.9000015258789,80.4000015258789,81.61000061035156,535900
2015-12-11,77.18000030517578,79.91999816894531,76.61000061035156,79.16999816894531,615900
2015-12-14,76.5999984741211,78.30999755859375,75.44999694824219,77.0,632800
2015-12-15,78.45999908447266,79.81999969482422,76.77999877929688,77.48999786376953,573200
2015-12-16,77.87000274658203,79.19000244140625,75.12000274658203,78.9800033569336,1563800
2015-12-17,77.94000244140625,79.5,77.75,78.0,951300
2015-12-18,76.2699966430664,78.93000030517578,76.16000366210938,77.31999969482422,1946700
2015-12-21,76.19999694824219,77.44000244140625,75.19999694824219,76.7300033569336,658400
2015-12-22,76.5199966430664,76.91000366210938,75.0999984741211,76.33999633789062,501000
2015-12-23,75.81999969482422,77.47000122070312,75.20999908447266,77.22000122070312,653100
2015-12-24,76.81999969482422,77.1500015258789,75.12000274658203,76.20999908447266,264000
2015-12-28,76.94999694824219,77.31999969482422,75.6500015258789,76.44000244140625,696400
2015-12-29,77.04000091552734,77.7699966430664,76.01000213623047,77.2699966430664,474600
2015-12-30,75.62999725341797,77.0999984741211,75.33000183105469,77.0999984741211,697300
2015-12-31,74.68000030517578,75.6500015258789,73.70999908447266,75.58999633789062,836800
2016-01-04,75.38999938964844,75.69000244140625,72.12999725341797,73.55000305175781,1032600
2016-01-05,74.69000244140625,75.91999816894531,74.48999786376953,75.30999755859375,530300
2016-01-06,75.43000030517578,76.52999877929688,73.95999908447266,74.0,766700
2016-01-07,74.41000366210938,76.11000061035156,73.72000122070312,73.94999694824219,1038500
2016-01-08,75.9000015258789,76.87999725341797,72.88999938964844,74.80000305175781,1074800
2016-01-11,75.9800033569336,76.52999877929688,73.91000366210938,76.05000305175781,824800
2016-01-12,76.5199966430664,76.80000305175781,75.36000061035156,76.43000030517578,658600
2016-01-13,74.20999908447266,78.12999725341797,73.2300033569336,76.68000030517578,631400
2016-01-14,75.87999725341797,76.5999984741211,72.91999816894531,74.38999938964844,590700
2016-01-15,73.30999755859375,74.83000183105469,72.13999938964844,74.08999633789062,452800
2016-01-19,73.25,75.27999877929688,72.20999908447266,73.63999938964844,608100
2016-01-20,72.5999984741211,73.4800033569336,70.3499984741211,72.0999984741211,907100
2016-01-21,73.8499984741211,75.05000305175781,71.80999755859375,72.5999984741211,670200
2016-01-22,74.77999877929688,76.4800033569336,73.26000213623047,75.05000305175781,536100
2016-01-25,72.5999984741211,74.83999633789062,72.31999969482422,74.69000244140625,624400
2016-01-26,73.22000122070312,74.45999908447266,71.68000030517578,72.70999908447266,702300
2016-01-27,71.80999755859375,73.8499984741211,71.6500015258789,72.83000183105469,433700
2016-01-28,71.16000366210938,72.6500015258789,69.7699966430664,72.6500015258789,524200
2016-01-29,72.79000091552734,73.12999725341797,70.77999877929688,71.0999984741211,851900
2016-02-01,71.9000015258789,72.5999984741211,71.19000244140625,72.01000213623047,730800
2016-02-02,69.95999908447266,71.41000366210938,69.62000274658203,71.41000366210938,564400
2016-02-03,70.0999984741211,71.0,69.26000213623047,70.27999877929688,802900
2016-02-04,70.5,72.5,70.11000061035156,70.55999755859375,1023100
2016-02-05,68.36000061035156,70.86000061035156,67.95999908447266,70.18000030517578,799700
2016-02-08,65.16000366210938,67.79000091552734,63.91999816894531,67.79000091552734,1032000
2016-02-09,63.86000061035156,64.5,62.060001373291016,63.93000030517578,1485100
2016-02-10,62.90999984741211,65.0999984741211,62.189998626708984,63.650001525878906,1428900
2016-02-11,61.68000030517578,62.4900016784668,60.29999923706055,61.90999984741211,1267500
2016-02-12,61.560001373291016,63.0099983215332,60.90999984741211,62.599998474121094,841100
2016-02-16,63.540000915527344,63.970001220703125,61.959999084472656,62.11000061035156,615800
2016-02-17,65.55000305175781,66.26000213623047,63.790000915527344,63.790000915527344,824400
2016-02-18,65.05999755859375,66.22000122070312,63.599998474121094,65.80000305175781,750500
2016-02-19,64.87999725341797,65.5,64.20999908447266,64.80000305175781,578100
2016-02-22,68.73999786376953,68.91999816894531,64.9000015258789,65.33000183105469,864200
2016-02-23,68.51000213623047,70.5999984741211,67.80999755859375,68.47000122070312,1026900
2016-02-24,70.83000183105469,71.30999755859375,65.95999908447266,68.13999938964844,1219100
2016-02-25,66.31999969482422,70.83000183105469,64.19000244140625,70.2300033569336,2833800
2016-02-26,66.06999969482422,67.4000015258789,65.77999877929688,66.58999633789062,1199300
2016-02-29,65.54000091552734,67.11000061035156,65.44999694824219,66.0199966430664,1158000
2016-03-01,65.63999938964844,66.97000122070312,64.68000030517578,65.87999725341797,1320900
2016-03-02,64.13999938964844,66.12000274658203,63.31999969482422,65.9000015258789,1360600
2016-03-03,64.43000030517578,64.94999694824219,63.72999954223633,64.37000274658203,972600
2016-03-04,66.5999984741211,66.66999816894531,64.22000122070312,64.81999969482422,1241900
2016-03-07,68.4000015258789,68.80000305175781,66.80999755859375,66.80999755859375,702900
2016-03-08,66.87000274658203,68.33999633789062,66.55000305175781,67.79000091552734,821800
2016-03-09,65.97000122070312,67.61000061035156,65.12999725341797,67.38999938964844,996600
2016-03-10,64.63999938964844,66.30000305175781,64.22000122070312,66.27999877929688,784300
2016-03-11,65.4800033569336,65.97000122070312,64.58999633789062,65.18000030517578,643700
2016-03-14,66.7300033569336,66.80000305175781,65.01000213623047,65.44999694824219,479800
2016-03-15,64.75,66.80000305175781,64.18000030517578,66.43000030517578,793000
2016-03-16,65.73999786376953,66.54000091552734,64.0,64.41999816894531,571000
2016-03-17,65.23999786376953,65.9800033569336,64.76000213623047,65.80000305175781,483400
2016-03-18,65.62000274658203,66.06999969482422,64.77999877929688,65.01000213623047,667700
2016-03-21,64.9800033569336,65.91000366210938,64.05999755859375,65.58000183105469,452200
2016-03-22,65.36000061035156,65.83999633789062,63.869998931884766,65.22000122070312,701300
2016-03-23,63.630001068115234,65.80000305175781,63.349998474121094,65.4800033569336,510300
2016-03-24,63.88999938964844,64.02999877929688,62.189998626708984,63.029998779296875,594900
2016-03-28,64.4000015258789,65.75,63.220001220703125,63.84000015258789,611600
2016-03-29,65.4000015258789,65.88999938964844,64.0,64.4800033569336,1101800
2016-03-30,65.12999725341797,66.55000305175781,64.31999969482422,65.48999786376953,948400
2016-03-31,64.94000244140625,65.87999725341797,64.05000305175781,65.25,1113800
2016-04-01,65.83999633789062,66.22000122070312,63.90999984741211,64.36000061035156,998100
2016-04-04,63.86000061035156,65.87000274658203,63.66999816894531,65.87000274658203,1155400
2016-04-05,64.80999755859375,64.8499984741211,62.369998931884766,63.16999816894531,1208500
2016-04-06,66.63999938964844,66.87000274658203,64.61000061035156,64.94000244140625,1071800
2016-04-07,64.0199966430664,66.79000091552734,63.41999816894531,66.45999908447266,1180900
2016-04-08,64.44999694824219,64.86000061035156,63.849998474121094,64.3499984741211,602200
2016-04-11,63.709999084472656,64.80000305175781,63.52000045776367,64.19999694824219,521600
2016-04-12,64.58000183105469,65.08999633789062,63.31999969482422,63.5,883300
2016-04-13,66.37999725341797,66.91000366210938,64.80999755859375,65.18000030517578,843400
2016-04-14,65.97000122070312,66.72000122070312,65.05999755859375,66.36000061035156,645800
2016-04-15,65.4800033569336,65.9800033569336,65.02999877929688,65.7699966430664,389200
2016-04-18,65.58000183105469,65.91000366210938,64.30999755859375,64.75,444700
2016-04-19,65.19000244140625,66.9000015258789,64.9800033569336,65.81999969482422,752600
2016-04-20,65.08999633789062,65.55000305175781,64.2699966430664,65.55000305175781,501200
2016-04-21,64.58999633789062,65.37000274658203,64.44999694824219,64.94999694824219,464800
2016-04-22,66.36000061035156,66.77999877929688,64.80999755859375,65.33999633789062,575100
2016-04-25,65.41999816894531,66.08000183105469,64.70999908447266,65.98999786376953,351900
2016-04-26,65.54000091552734,67.12999725341797,64.91000366210938,66.86000061035156,764600
2016-04-27,66.48999786376953,66.80000305175781,64.54000091552734,65.62000274658203,1086400
2016-04-28,65.30999755859375,66.04000091552734,64.9000015258789,66.04000091552734,738200
2016-04-29,65.2300033569336,65.38999938964844,64.29000091552734,65.13999938964844,714000
2016-05-02,65.9000015258789,66.08999633789062,64.94999694824219,65.68000030517578,730400
2016-05-03,63.7599983215332,65.61000061035156,63.349998474121094,65.33000183105469,1047500
2016-05-04,63.650001525878906,64.2699966430664,62.88999938964844,63.880001068115234,909600
2016-05-05,67.22000122070312,68.5,65.83999633789062,67.4800033569336,1921400
2016-05-06,68.47000122070312,68.88999938964844,66.41000366210938,67.16999816894531,1298000
2016-05-09,67.91000366210938,68.7699966430664,67.37999725341797,68.66000366210938,733200
2016-05-10,69.55000305175781,69.68000030517578,67.83000183105469,67.87999725341797,849600
2016-05-11,68.94000244140625,70.27999877929688,67.58000183105469,68.9800033569336,846200
2016-05-12,68.18000030517578,69.55000305175781,67.41999816894531,69.23999786376953,753100
2016-05-13,67.04000091552734,68.44000244140625,66.51000213623047,67.83000183105469,753300
2016-05-16,65.4000015258789,67.69000244140625,65.20999908447266,66.83999633789062,901300
2016-05-17,65.0199966430664,66.63999938964844,64.36000061035156,65.55000305175781,1048200
2016-05-18,64.31999969482422,65.05000305175781,62.93000030517578,64.58999633789062,1256800
2016-05-19,64.51000213623047,65.11000061035156,63.61000061035156,64.27999877929688,808700
2016-05-20,65.45999908447266,65.69999694824219,64.33000183105469,64.98999786376953,538600
2016-05-23,64.55000305175781,65.91999816894531,64.06999969482422,65.33000183105469,816200
2016-05-24,62.33000183105469,65.13999938964844,61.5,65.13999938964844,1720500
2016-05-25,62.36000061035156,63.31999969482422,61.88999938964844,62.650001525878906,938700
2016-05-26,62.0099983215332,62.9900016784668,61.5099983215332,62.66999816894531,814700
2016-05-27,63.18000030517578,63.83000183105469,62.33000183105469,62.33000183105469,496400
2016-05-31,63.939998626708984,64.19999694824219,63.16999816894531,63.4900016784668,634800
2016-06-01,65.06999969482422,65.08000183105469,63.630001068115234,63.869998931884766,871900
2016-06-02,64.55000305175781,65.41999816894531,64.06999969482422,64.75,843800
2016-06-03,63.540000915527344,65.01000213623047,63.36000061035156,64.38999938964844,402400
2016-06-06,63.63999938964844,64.22000122070312,63.459999084472656,63.779998779296875,475200
2016-06-07,63.29999923706055,64.22000122070312,63.2599983215332,63.91999816894531,475300
2016-06-08,61.689998626708984,63.470001220703125,61.650001525878906,63.08000183105469,824500
2016-06-09,60.9900016784668,61.81999969482422,60.68000030517578,61.43000030517578,914600
2016-06-10,60.36000061035156,61.13999938964844,59.560001373291016,60.61000061035156,763100
2016-06-13,60.04999923706055,61.439998626708984,60.0,60.34000015258789,720300
2016-06-14,60.06999969482422,60.4900016784668,59.45000076293945,59.9900016784668,756900
2016-06-15,60.0,60.97999954223633,59.880001068115234,60.02000045776367,385500
2016-06-16,59.90999984741211,60.099998474121094,58.84000015258789,59.68000030517578,683100
2016-06-17,59.5,60.45000076293945,59.400001525878906,60.04999923706055,786900
2016-06-20,60.459999084472656,60.84000015258789,59.88999938964844,60.25,475000
2016-06-21,59.630001068115234,60.54999923706055,59.290000915527344,60.41999816894531,1026600
2016-06-22,58.4900016784668,58.7400016784668,57.02000045776367,58.58000183105469,968800
2016-06-23,59.209999084472656,59.209999084472656,58.470001220703125,58.91999816894531,703100
2016-06-24,57.43000030517578,59.27000045776367,57.0099983215332,58.5,1256300
2016-06-27,55.2400016784668,57.34000015258789,54.810001373291016,56.79999923706055,1070200
2016-06-28,56.040000915527344,56.59000015258789,55.31999969482422,55.45000076293945,814700
2016-06-29,57.2400016784668,57.599998474121094,56.33000183105469,56.41999816894531,659800
2016-06-30,60.41999816894531,60.72999954223633,57.88999938964844,58.25,1555600
2016-07-01,59.369998931884766,60.79999923706055,59.040000915527344,60.41999816894531,618000
2016-07-05,58.31999969482422,59.47999954223633,57.79999923706055,59.20000076293945,460300
2016-07-06,58.09000015258789,58.47999954223633,57.61000061035156,57.88999938964844,444000
2016-07-07,58.77000045776367,58.88999938964844,57.97999954223633,58.040000915527344,589400
2016-07-08,59.349998474121094,59.7400016784668,59.0099983215332,59.439998626708984,592500
2016-07-11,58.84000015258789,59.52000045776367,58.79999923706055,59.36000061035156,445900
2016-07-12,59.27000045776367,59.650001525878906,59.15999984741211,59.220001220703125,435000
2016-07-13,58.720001220703125,59.619998931884766,58.689998626708984,59.58000183105469,569400
2016-07-14,59.06999969482422,59.189998626708984,58.5099983215332,59.0,746700
2016-07-15,56.59000015258789,58.20000076293945,56.349998474121094,58.16999816894531,1377100
2016-07-18,56.560001373291016,57.2599983215332,56.290000915527344,56.45000076293945,618300
2016-07-19,56.810001373291016,57.189998626708984,56.20000076293945,56.47999954223633,667100
2016-07-20,56.2400016784668,57.16999816894531,55.97999954223633,56.709999084472656,516500
2016-07-21,56.130001068115234,56.75,55.849998474121094,55.90999984741211,874500
2016-07-22,56.27000045776367,56.43000030517578,55.63999938964844,56.029998779296875,436300
2016-07-25,55.97999954223633,57.0,55.810001373291016,56.189998626708984,556800
2016-07-26,56.349998474121094,56.529998779296875,55.630001068115234,55.720001220703125,541200
2016-07-27,55.66999816894531,56.7400016784668,55.400001525878906,56.58000183105469,784300
2016-07-28,56.20000076293945,56.36000061035156,55.470001220703125,55.689998626708984,605500
2016-07-29,55.36000061035156,56.61000061035156,55.29999923706055,56.22999954223633,652200
2016-08-01,55.439998626708984,56.0,55.22999954223633,55.40999984741211,431700
2016-08-02,54.75,55.66999816894531,54.529998779296875,55.61000061035156,402200
2016-08-03,56.33000183105469,56.380001068115234,54.560001373291016,54.84000015258789,1042100
2016-08-04,53.810001373291016,57.0099983215332,52.40999984741211,56.66999816894531,2045700
2016-08-05,54.029998779296875,54.209999084472656,53.06999969482422,53.75,967700
2016-08-08,54.880001068115234,55.47999954223633,54.06999969482422,54.27000045776367,729000
2016-08-09,54.15999984741211,54.83000183105469,54.0099983215332,54.5,733900
2016-08-10,53.75,54.68000030517578,53.70000076293945,54.16999816894531,534500
2016-08-11,53.90999984741211,54.08000183105469,53.38999938964844,53.66999816894531,688300
2016-08-12,54.779998779296875,54.810001373291016,53.65999984741211,53.65999984741211,635300
2016-08-15,56.619998931884766,56.650001525878906,55.119998931884766,55.15999984741211,788300
2016-08-16,56.93000030517578,57.310001373291016,56.20000076293945,56.59000015258789,751100
2016-08-17,57.029998779296875,57.34000015258789,55.849998474121094,57.11000061035156,935400
2016-08-18,56.68000030517578,57.279998779296875,56.56999969482422,57.130001068115234,541100
2016-08-19,55.95000076293945,56.779998779296875,55.869998931884766,56.459999084472656,448500
2016-08-22,55.68000030517578,56.02000045776367,55.43000030517578,56.02000045776367,456300
2016-08-23,54.790000915527344,56.11000061035156,54.720001220703125,55.650001525878906,1214300
2016-08-24,54.209999084472656,55.060001373291016,54.09000015258789,55.0,528700
2016-08-25,54.5,54.5099983215332,54.029998779296875,54.2400016784668,410200
2016-08-26,54.25,55.040000915527344,53.7599983215332,54.40999984741211,356100
2016-08-29,54.470001220703125,55.279998779296875,54.369998931884766,54.52000045776367,369500
2016-08-30,54.459999084472656,54.77000045776367,54.0,54.279998779296875,422700
2016-08-31,54.34000015258789,54.77000045776367,54.15999984741211,54.599998474121094,478200
2016-09-01,54.2400016784668,55.060001373291016,54.029998779296875,54.189998626708984,539200
2016-09-02,54.869998931884766,55.16999816894531,54.63999938964844,54.63999938964844,379500
2016-09-06,52.86000061035156,54.72999954223633,52.810001373291016,54.72999954223633,1190100
2016-09-07,53.209999084472656,53.43000030517578,52.38999938964844,52.81999969482422,863100
2016-09-08,53.09000015258789,53.380001068115234,52.79999923706055,53.13999938964844,475400
2016-09-09,51.77000045776367,52.720001220703125,51.7400016784668,52.66999816894531,673800
2016-09-12,52.150001525878906,52.38999938964844,51.27000045776367,51.47999954223633,721100
2016-09-13,52.02000045776367,52.29999923706055,51.58000183105469,51.58000183105469,534800
2016-09-14,51.970001220703125,52.5,51.61000061035156,51.97999954223633,586500
2016-09-15,50.529998779296875,51.16999816894531,49.93000030517578,51.060001373291016,1058900
2016-09-16,50.88999938964844,51.2400016784668,50.25,50.470001220703125,1516700
2016-09-19,51.459999084472656,51.66999816894531,50.5099983215332,51.09000015258789,954800
2016-09-20,50.95000076293945,51.40999984741211,50.529998779296875,51.369998931884766,891900
2016-09-21,51.41999816894531,51.4900016784668,50.63999938964844,50.9900016784668,684800
2016-09-22,50.97999954223633,51.720001220703125,50.209999084472656,50.34000015258789,1005900
2016-09-23,52.380001068115234,52.790000915527344,50.900001525878906,50.90999984741211,824700
2016-09-26,52.0099983215332,52.650001525878906,51.939998626708984,52.189998626708984,619100
2016-09-27,50.95000076293945,52.16999816894531,50.88999938964844,51.77000045776367,942000
2016-09-28,51.619998931884766,51.75,51.20000076293945,51.20000076293945,613900
2016-09-29,51.31999969482422,52.81999969482422,51.11000061035156,51.369998931884766,1034500
2016-09-30,51.86000061035156,52.22999954223633,51.25,51.58000183105469,532800
2016-10-03,52.27000045776367,52.38999938964844,51.5,51.5,476800
2016-10-04,52.380001068115234,53.13999938964844,52.20000076293945,52.43000030517578,491000
2016-10-05,53.029998779296875,53.4900016784668,52.599998474121094,52.66999816894531,785800
2016-10-06,52.52000045776367,53.4900016784668,52.5,53.38999938964844,451100
2016-10-07,51.52000045776367,52.36000061035156,50.88999938964844,52.36000061035156,518100
2016-10-10,51.470001220703125,51.970001220703125,51.099998474121094,51.47999954223633,324000
2016-10-11,49.970001220703125,51.20000076293945,49.95000076293945,51.20000076293945,523400
2016-10-12,50.04999923706055,50.25,49.66999816894531,49.97999954223633,469300
2016-10-13,48.2599983215332,49.540000915527344,47.18000030517578,49.52000045776367,1089800
2016-10-14,48.58000183105469,49.2400016784668,48.22999954223633,48.54999923706055,604700
2016-10-17,48.90999984741211,49.34000015258789,48.40999984741211,48.52000045776367,492600
2016-10-18,49.2599983215332,49.599998474121094,48.939998626708984,49.11000061035156,279300
2016-10-19,49.25,49.540000915527344,49.040000915527344,49.220001220703125,502700
2016-10-20,48.90999984741211,49.0,47.77000045776367,48.029998779296875,1029100
2016-10-21,50.810001373291016,51.900001525878906,48.81999969482422,48.880001068115234,1775100
2016-10-24,50.5,51.7599983215332,50.380001068115234,51.459999084472656,706600
2016-10-25,52.54999923706055,54.16999816894531,50.61000061035156,50.61000061035156,1814400
2016-10-26,53.13999938964844,53.16999816894531,51.849998474121094,52.43000030517578,915800
2016-10-27,49.779998779296875,52.810001373291016,49.709999084472656,52.79999923706055,1399300
2016-10-28,48.90999984741211,50.33000183105469,48.90999984741211,49.93000030517578,805100
2016-10-31,48.93000030517578,49.65999984741211,48.7599983215332,49.13999938964844,542600
2016-11-01,48.59000015258789,48.83000183105469,47.08000183105469,48.83000183105469,836000
2016-11-02,49.400001525878906,49.849998474121094,48.540000915527344,48.650001525878906,1074500
2016-11-03,51.63999938964844,52.54999923706055,46.16999816894531,47.25,2740500
2016-11-04,52.369998931884766,53.95000076293945,51.52000045776367,52.099998474121094,1880800
2016-11-07,53.31999969482422,54.119998931884766,52.4900016784668,53.34000015258789,2079500
2016-11-08,52.369998931884766,53.4900016784668,52.209999084472656,53.150001525878906,1139900
2016-11-09,52.130001068115234,52.470001220703125,50.43000030517578,51.84000015258789,1367800
2016-11-10,52.04999923706055,53.119998931884766,51.529998779296875,52.380001068115234,626800
2016-11-11,53.130001068115234,53.20000076293945,51.689998626708984,52.119998931884766,768200
2016-11-14,54.88999938964844,55.27000045776367,53.369998931884766,53.56999969482422,1158400
2016-11-15,53.27000045776367,55.06999969482422,53.20000076293945,55.06999969482422,849700
2016-11-16,53.630001068115234,53.93000030517578,53.13999938964844,53.22999954223633,552100
2016-11-17,54.0099983215332,54.349998474121094,52.95000076293945,53.29999923706055,660600
2016-11-18,52.47999954223633,54.279998779296875,52.29999923706055,54.279998779296875,1164300
2016-11-21,52.439998626708984,53.58000183105469,52.33000183105469,52.40999984741211,700400
2016-11-22,53.119998931884766,53.22999954223633,52.25,52.720001220703125,592100
2016-11-23,53.83000183105469,53.93000030517578,52.15999984741211,53.29999923706055,614900
2016-11-25,54.36000061035156,54.470001220703125,53.380001068115234,54.06999969482422,272000
2016-11-28,54.290000915527344,54.58000183105469,53.31999969482422,54.040000915527344,637000
2016-11-29,56.150001525878906,56.27000045776367,54.43000030517578,54.459999084472656,901100
2016-11-30,55.25,56.150001525878906,55.06999969482422,56.150001525878906,705600
2016-12-01,55.2400016784668,55.33000183105469,54.54999923706055,55.09000015258789,750100
2016-12-02,53.099998474121094,55.68000030517578,52.95000076293945,55.22999954223633,1014700
2016-12-05,53.689998626708984,54.150001525878906,53.099998474121094,53.5,1042800
2016-12-06,52.15999984741211,54.400001525878906,49.70000076293945,53.83000183105469,2373300
2016-12-07,51.619998931884766,52.290000915527344,51.02000045776367,51.619998931884766,1712900
2016-12-08,52.27000045776367,52.70000076293945,51.400001525878906,51.79999923706055,2072900
2016-12-09,52.400001525878906,53.220001220703125,51.86000061035156,52.61000061035156,1080400
2016-12-12,50.150001525878906,51.91999816894531,49.779998779296875,51.7599983215332,1031800
2016-12-13,50.65999984741211,50.790000915527344,50.099998474121094,50.099998474121094,540000
2016-12-14,51.02000045776367,51.459999084472656,50.459999084472656,50.65999984741211,719000
2016-12-15,51.470001220703125,51.849998474121094,50.939998626708984,51.150001525878906,693900
2016-12-16,51.2400016784668,51.91999816894531,50.88999938964844,51.34000015258789,1721600
2016-12-19,51.189998626708984,51.91999816894531,50.90999984741211,51.59000015258789,761400
2016-12-20,52.02000045776367,52.02000045776367,50.959999084472656,51.029998779296875,779700
2016-12-21,52.06999969482422,52.560001373291016,51.689998626708984,51.689998626708984,491300
2016-12-22,52.709999084472656,52.7400016784668,51.66999816894531,52.189998626708984,918300
2016-12-23,52.310001373291016,52.90999984741211,51.90999984741211,52.529998779296875,362400
2016-12-27,52.75,52.95000076293945,51.900001525878906,52.189998626708984,394700
2016-12-28,52.779998779296875,53.040000915527344,52.4900016784668,52.599998474121094,654200
2016-12-29,52.79999923706055,53.22999954223633,52.66999816894531,52.66999816894531,491600
2016-12-30,52.34000015258789,53.36000061035156,52.13999938964844,53.09000015258789,543100
2017-01-03,53.54999923706055,53.869998931884766,52.38999938964844,52.810001373291016,874000
2017-01-04,56.209999084472656,56.2599983215332,53.61000061035156,53.61000061035156,1532700
2017-01-05,55.75,56.650001525878906,54.9900016784668,56.16999816894531,969000
2017-01-06,55.27000045776367,56.18000030517578,55.220001220703125,55.599998474121094,813400
2017-01-09,56.45000076293945,56.77000045776367,55.060001373291016,55.310001373291016,1070600
2017-01-10,55.709999084472656,56.95000076293945,55.630001068115234,56.279998779296875,794700
2017-01-11,56.099998474121094,56.52000045776367,55.54999923706055,55.880001068115234,736100
2017-01-12,56.2400016784668,56.59000015258789,55.790000915527344,55.810001373291016,549700
2017-01-13,56.470001220703125,56.900001525878906,56.06999969482422,56.38999938964844,353600
2017-01-17,56.75,56.810001373291016,55.97999954223633,56.439998626708984,461500
2017-01-18,56.81999969482422,57.33000183105469,56.59000015258789,56.75,557700
2017-01-19,56.5099983215332,57.16999816894531,56.15999984741211,57.0099983215332,602500
2017-01-20,56.630001068115234,56.95000076293945,56.33000183105469,56.33000183105469,502100
2017-01-23,56.68000030517578,56.900001525878906,56.5,56.77000045776367,441500
2017-01-24,56.93000030517578,57.29999923706055,56.470001220703125,56.81999969482422,422300
2017-01-25,56.41999816894531,57.95000076293945,56.38999938964844,57.20000076293945,518300
2017-01-26,56.65999984741211,57.43000030517578,56.5,56.5099983215332,480300
2017-01-27,56.709999084472656,56.93000030517578,56.400001525878906,56.72999954223633,335900
2017-01-30,56.9900016784668,57.2599983215332,56.2599983215332,56.75,624100
2017-01-31,57.349998474121094,57.400001525878906,56.54999923706055,56.619998931884766,395800
2017-02-01,56.88999938964844,57.7599983215332,56.41999816894531,57.220001220703125,398300
2017-02-02,56.27000045776367,57.0,56.209999084472656,56.83000183105469,600000
2017-02-03,56.27000045776367,57.2400016784668,56.13999938964844,56.52000045776367,532900
2017-02-06,56.09000015258789,56.75,56.0,56.380001068115234,522900
2017-02-07,55.810001373291016,56.4900016784668,55.66999816894531,56.349998474121094,524500
2017-02-08,55.099998474121094,55.68000030517578,54.77000045776367,55.529998779296875,1048800
2017-02-09,55.189998626708984,56.06999969482422,55.13999938964844,55.33000183105469,917700
2017-02-10,55.20000076293945,55.63999938964844,54.970001220703125,54.970001220703125,569800
2017-02-13,55.5,56.09000015258789,55.04999923706055,55.20000076293945,1358700
2017-02-14,55.900001525878906,56.5099983215332,55.099998474121094,55.2400016784668,832300
2017-02-15,56.619998931884766,56.779998779296875,55.720001220703125,55.810001373291016,327500
2017-02-16,56.43000030517578,56.83000183105469,56.2599983215332,56.52000045776367,351000
2017-02-17,55.83000183105469,56.529998779296875,55.560001373291016,56.20000076293945,466500
2017-02-21,57.689998626708984,58.060001373291016,55.11000061035156,55.81999969482422,1081700
2017-02-22,57.5,57.95000076293945,56.959999084472656,57.93000030517578,659800
2017-02-23,59.84000015258789,67.61000061035156,58.45000076293945,64.87999725341797,2685400
2017-02-24,60.95000076293945,61.939998626708984,60.18000030517578,61.060001373291016,1035800
2017-02-27,60.720001220703125,61.47999954223633,60.43000030517578,61.220001220703125,624100
2017-02-28,59.810001373291016,61.18000030517578,59.689998626708984,60.56999969482422,832800
2017-03-01,60.790000915527344,61.119998931884766,59.97999954223633,60.0,1115800
2017-03-02,60.52000045776367,60.959999084472656,59.900001525878906,60.95000076293945,777100
2017-03-03,60.279998779296875,60.619998931884766,59.79999923706055,60.5,870200
2017-03-06,59.84000015258789,60.150001525878906,59.52000045776367,60.09000015258789,466400
2017-03-07,59.45000076293945,60.13999938964844,59.150001525878906,59.779998779296875,736800
2017-03-08,59.470001220703125,59.900001525878906,59.06999969482422,59.43000030517578,678800
2017-03-09,59.25,59.86000061035156,58.79999923706055,59.5,566100
2017-03-10,58.09000015258789,59.439998626708984,57.90999984741211,59.439998626708984,768700
2017-03-13,57.209999084472656,58.220001220703125,57.15999984741211,58.06999969482422,729900
2017-03-14,58.08000183105469,58.209999084472656,56.93000030517578,57.31999969482422,653400
2017-03-15,58.349998474121094,58.61000061035156,57.7599983215332,58.400001525878906,631800
2017-03-16,58.060001373291016,58.68000030517578,57.54999923706055,58.5099983215332,485400
2017-03-17,58.209999084472656,58.81999969482422,58.119998931884766,58.29999923706055,920800
2017-03-20,58.529998779296875,58.88999938964844,57.9900016784668,58.04999923706055,453300
2017-03-21,57.52000045776367,58.849998474121094,57.41999816894531,58.849998474121094,557500
2017-03-22,57.63999938964844,57.7599983215332,57.040000915527344,57.689998626708984,370600
2017-03-23,57.220001220703125,57.849998474121094,57.130001068115234,57.439998626708984,480200
2017-03-24,57.599998474121094,57.709999084472656,57.040000915527344,57.20000076293945,350500
2017-03-27,57.43000030517578,57.58000183105469,56.65999984741211,57.18000030517578,420600
2017-03-28,57.88999938964844,57.95000076293945,56.9900016784668,57.4900016784668,467200
2017-03-29,58.18000030517578,58.459999084472656,57.5099983215332,57.81999969482422,579600
2017-03-30,58.45000076293945,58.630001068115234,58.06999969482422,58.33000183105469,364800
2017-03-31,58.68000030517578,59.02000045776367,58.400001525878906,58.45000076293945,707300
2017-04-03,58.02000045776367,58.88999938964844,57.68000030517578,58.720001220703125,537700
2017-04-04,59.08000183105469,59.099998474121094,58.0,58.0,674800
2017-04-05,60.0,61.5099983215332,58.790000915527344,59.08000183105469,1568900
2017-04-06,60.15999984741211,61.529998779296875,58.70000076293945,60.2400016784668,791400
2017-04-07,60.2599983215332,60.470001220703125,59.40999984741211,60.11000061035156,601000
2017-04-10,59.470001220703125,59.88999938964844,58.459999084472656,59.849998474121094,965000
2017-04-11,59.70000076293945,59.959999084472656,59.0,59.380001068115234,687900
2017-04-12,58.400001525878906,59.599998474121094,58.13999938964844,59.380001068115234,1281600
2017-04-13,58.09000015258789,59.619998931884766,57.779998779296875,58.33000183105469,798100
2017-04-17,58.689998626708984,58.70000076293945,58.130001068115234,58.34000015258789,470200
2017-04-18,58.689998626708984,58.810001373291016,57.90999984741211,58.369998931884766,377600
2017-04-19,59.630001068115234,59.7599983215332,58.7599983215332,58.7599983215332,431000
2017-04-20,60.209999084472656,60.40999984741211,59.58000183105469,59.880001068115234,700400
2017-04-21,59.2599983215332,60.459999084472656,59.119998931884766,60.279998779296875,637100
2017-04-24,58.790000915527344,60.130001068115234,58.09000015258789,59.77000045776367,581100
2017-04-25,59.599998474121094,60.119998931884766,59.09000015258789,59.09000015258789,375300
2017-04-26,60.25,60.849998474121094,59.790000915527344,59.97999954223633,351200
2017-04-27,60.36000061035156,60.54999923706055,59.810001373291016,60.38999938964844,341300
2017-04-28,59.68000030517578,60.43000030517578,59.5,60.400001525878906,898300
2017-05-01,59.79999923706055,60.29999923706055,59.18000030517578,59.93000030517578,765200
2017-05-02,59.22999954223633,59.95000076293945,58.38999938964844,59.84000015258789,832600
2017-05-03,55.2400016784668,59.189998626708984,54.86000061035156,58.939998626708984,1661500
2017-05-04,54.900001525878906,55.56999969482422,52.119998931884766,54.150001525878906,2074400
2017-05-05,56.189998626708984,56.38999938964844,54.900001525878906,54.900001525878906,980300
2017-05-08,55.2599983215332,56.439998626708984,54.59000015258789,56.33000183105469,733000
2017-05-09,55.36000061035156,55.4900016784668,54.779998779296875,55.4900016784668,469900
2017-05-10,54.83000183105469,55.380001068115234,54.56999969482422,55.08000183105469,741100
2017-05-11,54.45000076293945,54.97999954223633,53.20000076293945,54.54999923706055,815300
2017-05-12,53.439998626708984,54.4900016784668,53.2400016784668,54.27000045776367,694500
2017-05-15,54.06999969482422,54.150001525878906,53.369998931884766,53.369998931884766,595100
2017-05-16,53.599998474121094,54.34000015258789,52.869998931884766,54.060001373291016,698200
2017-05-17,51.7400016784668,54.060001373291016,51.5099983215332,53.119998931884766,883600
2017-05-18,52.16999816894531,52.61000061035156,51.630001068115234,51.630001068115234,566400
2017-05-19,53.220001220703125,53.349998474121094,51.810001373291016,52.33000183105469,892400
2017-05-22,53.4900016784668,53.720001220703125,53.02000045776367,53.400001525878906,723500
2017-05-23,52.720001220703125,53.63999938964844,52.689998626708984,53.61000061035156,468500
2017-05-24,52.380001068115234,52.779998779296875,52.2400016784668,52.68000030517578,612100
2017-05-25,52.95000076293945,53.29999923706055,52.06999969482422,52.33000183105469,616300
2017-05-26,53.040000915527344,53.130001068115234,52.33000183105469,52.810001373291016,414700
2017-05-30,53.15999984741211,53.66999816894531,52.709999084472656,52.709999084472656,542600
2017-05-31,52.97999954223633,53.34000015258789,52.54999923706055,53.150001525878906,829500
2017-06-01,53.900001525878906,54.060001373291016,52.65999984741211,53.150001525878906,844000
2017-06-02,53.75,54.459999084472656,53.470001220703125,54.04999923706055,395700
2017-06-05,53.119998931884766,53.529998779296875,52.5,53.4900016784668,492200
2017-06-06,53.47999954223633,53.84000015258789,52.349998474121094,52.880001068115234,492600
2017-06-07,54.220001220703125,54.79999923706055,53.720001220703125,54.029998779296875,525400
2017-06-08,54.84000015258789,55.0099983215332,53.959999084472656,54.47999954223633,710400
2017-06-09,55.68000030517578,55.88999938964844,54.36000061035156,54.91999816894531,993000
2017-06-12,57.130001068115234,57.68000030517578,55.66999816894531,55.66999816894531,1096400
2017-06-13,56.52000045776367,57.4900016784668,56.41999816894531,57.099998474121094,619400
2017-06-14,55.77000045776367,56.58000183105469,55.54999923706055,56.58000183105469,532000
2017-06-15,55.709999084472656,55.83000183105469,54.959999084472656,55.349998474121094,683600
2017-06-16,55.83000183105469,56.09000015258789,55.040000915527344,55.7599983215332,934400
2017-06-19,55.849998474121094,56.2400016784668,55.38999938964844,56.11000061035156,574300
2017-06-20,54.27000045776367,55.540000915527344,54.20000076293945,55.5099983215332,833900
2017-06-21,54.619998931884766,54.849998474121094,53.95000076293945,54.25,709100
2017-06-22,53.72999954223633,54.689998626708984,53.689998626708984,54.619998931884766,423900
2017-06-23,53.93000030517578,54.06999969482422,53.18000030517578,53.81999969482422,856600
2017-06-26,54.029998779296875,54.70000076293945,52.880001068115234,53.9900016784668,1345200
2017-06-27,53.38999938964844,54.619998931884766,53.36000061035156,54.02000045776367,736400
2017-06-28,54.0099983215332,54.86000061035156,53.54999923706055,53.70000076293945,729600
2017-06-29,53.2599983215332,54.59000015258789,52.869998931884766,54.029998779296875,580200
2017-06-30,53.40999984741211,53.79999923706055,52.849998474121094,53.52000045776367,586900
2017-07-03,54.29999923706055,55.25,53.75,53.75,300700
2017-07-05,54.029998779296875,54.650001525878906,53.470001220703125,54.33000183105469,520100
2017-07-06,53.369998931884766,54.25,53.31999969482422,53.689998626708984,618800
2017-07-07,54.08000183105469,54.34000015258789,53.25,53.619998931884766,359200
2017-07-10,55.15999984741211,55.18000030517578,53.529998779296875,53.97999954223633,704400
2017-07-11,55.70000076293945,55.849998474121094,54.869998931884766,55.27000045776367,559800
2017-07-12,56.2599983215332,56.70000076293945,55.380001068115234,56.06999969482422,456900
2017-07-13,56.22999954223633,56.72999954223633,55.79999923706055,56.040000915527344,526200
2017-07-14,56.72999954223633,56.970001220703125,56.31999969482422,56.33000183105469,312700
2017-07-17,57.20000076293945,57.66999816894531,56.540000915527344,56.7599983215332,602300
2017-07-18,56.77000045776367,57.38999938964844,56.5,57.25,587200
2017-07-19,59.0099983215332,61.63999938964844,58.130001068115234,58.130001068115234,1584700
2017-07-20,61.099998474121094,62.02000045776367,59.040000915527344,59.040000915527344,1177800
2017-07-21,61.2400016784668,62.029998779296875,61.060001373291016,61.130001068115234,846200
2017-07-24,61.4900016784668,61.81999969482422,60.2400016784668,61.31999969482422,385500
2017-07-25,61.959999084472656,62.68000030517578,61.22999954223633,61.81999969482422,646400
2017-07-26,64.11000061035156,64.16999816894531,61.970001220703125,61.970001220703125,1077000
2017-07-27,67.0199966430664,67.11000061035156,62.68000030517578,64.44000244140625,1680300
2017-07-28,66.52999877929688,67.44000244140625,65.5,66.56999969482422,876000
2017-07-31,63.95000076293945,66.5199966430664,63.06999969482422,66.41000366210938,1580400
2017-08-01,63.540000915527344,64.44000244140625,63.029998779296875,64.08000183105469,1068800
2017-08-02,62.52000045776367,63.52000045776367,62.43000030517578,63.029998779296875,1245600
2017-08-03,64.68000030517578,66.75,61.68000030517578,64.2300033569336,1172600
2017-08-04,62.2599983215332,64.4800033569336,61.599998474121094,64.4800033569336,1448700
2017-08-07,62.5,62.720001220703125,61.709999084472656,62.34000015258789,669000
2017-08-08,62.40999984741211,63.150001525878906,62.08000183105469,62.68000030517578,590500
2017-08-09,62.0099983215332,62.13999938964844,60.290000915527344,61.81999969482422,829900
2017-08-10,60.93000030517578,62.36000061035156,60.779998779296875,61.869998931884766,602500
2017-08-11,61.41999816894531,61.52000045776367,60.58000183105469,60.91999816894531,1168600
2017-08-14,61.33000183105469,62.06999969482422,60.84000015258789,62.040000915527344,865500
2017-08-15,60.97999954223633,61.439998626708984,60.77000045776367,61.439998626708984,785200
2017-08-16,60.720001220703125,61.7400016784668,60.63999938964844,60.97999954223633,392300
2017-08-17,60.40999984741211,61.189998626708984,60.29999923706055,60.619998931884766,425100
2017-08-18,60.2599983215332,60.880001068115234,59.68000030517578,60.2599983215332,576400
2017-08-21,59.810001373291016,60.650001525878906,59.790000915527344,60.33000183105469,540800
2017-08-22,60.25,60.540000915527344,59.84000015258789,60.040000915527344,524900
2017-08-23,59.70000076293945,59.97999954223633,59.20000076293945,59.709999084472656,640300
2017-08-24,59.560001373291016,60.130001068115234,59.439998626708984,59.869998931884766,489200
2017-08-25,60.45000076293945,60.84000015258789,59.59000015258789,59.93000030517578,464300
2017-08-28,60.29999923706055,60.95000076293945,60.15999984741211,60.709999084472656,410200
2017-08-29,60.08000183105469,60.41999816894531,59.79999923706055,60.060001373291016,347700
2017-08-30,60.47999954223633,60.65999984741211,59.939998626708984,60.08000183105469,326600
2017-08-31,60.779998779296875,60.779998779296875,60.310001373291016,60.540000915527344,396900
2017-09-01,60.709999084472656,61.380001068115234,60.68000030517578,61.029998779296875,373300
2017-09-05,58.40999984741211,60.93000030517578,58.0,60.540000915527344,762500
2017-09-06,58.83000183105469,58.90999984741211,58.0,58.54999923706055,605900
2017-09-07,57.13999938964844,59.0,56.470001220703125,59.0,927600
2017-09-08,56.61000061035156,57.16999816894531,56.25,57.09000015258789,885500
2017-09-11,56.20000076293945,57.529998779296875,56.099998474121094,57.11000061035156,497800
2017-09-12,56.45000076293945,56.83000183105469,56.09000015258789,56.41999816894531,534500
2017-09-13,57.27000045776367,57.470001220703125,56.34000015258789,56.38999938964844,379800
2017-09-14,57.2400016784668,57.779998779296875,57.02000045776367,57.099998474121094,579900
2017-09-15,59.41999816894531,59.90999984741211,57.119998931884766,57.119998931884766,1220400
2017-09-18,58.68000030517578,60.040000915527344,58.61000061035156,59.59000015258789,521900
2017-09-19,57.72999954223633,58.86000061035156,57.43000030517578,58.459999084472656,495000
2017-09-20,58.54999923706055,58.61000061035156,57.779998779296875,57.79999923706055,332200
2017-09-21,58.939998626708984,59.33000183105469,58.20000076293945,58.20000076293945,613500
2017-09-22,59.08000183105469,59.310001373291016,58.689998626708984,58.95000076293945,390400
2017-09-25,59.27000045776367,59.93000030517578,59.11000061035156,59.15999984741211,524100
2017-09-26,58.869998931884766,59.77000045776367,58.70000076293945,59.290000915527344,400400
2017-09-27,59.04999923706055,59.29999923706055,58.380001068115234,58.91999816894531,494400
2017-09-28,58.66999816894531,59.5,58.43000030517578,59.0,398400
2017-09-29,58.470001220703125,58.779998779296875,57.849998474121094,58.68000030517578,487100
2017-10-02,58.599998474121094,59.5099983215332,58.540000915527344,58.540000915527344,403500
2017-10-03,58.52000045776367,59.09000015258789,58.11000061035156,58.790000915527344,618200
2017-10-04,60.11000061035156,60.38999938964844,58.5099983215332,58.5099983215332,478700
2017-10-05,60.040000915527344,60.65999984741211,59.52000045776367,60.15999984741211,603600
2017-10-06,58.97999954223633,60.18000030517578,58.90999984741211,59.65999984741211,318300
2017-10-09,57.77000045776367,59.15999984741211,57.689998626708984,58.97999954223633,420000
2017-10-10,57.849998474121094,59.380001068115234,57.5,59.380001068115234,700100
2017-10-11,57.72999954223633,58.130001068115234,57.099998474121094,58.06999969482422,626900
2017-10-12,53.779998779296875,57.33000183105469,53.56999969482422,57.150001525878906,2221300
2017-10-13,55.7400016784668,55.849998474121094,52.86000061035156,53.560001373291016,1256400
2017-10-16,55.900001525878906,56.5,55.54999923706055,56.02000045776367,689700
2017-10-17,55.59000015258789,56.15999984741211,55.09000015258789,55.900001525878906,562600
2017-10-18,55.68000030517578,56.04999923706055,54.33000183105469,55.77000045776367,840300
2017-10-19,55.04999923706055,55.779998779296875,54.56999969482422,55.529998779296875,893600
2017-10-20,56.36000061035156,57.529998779296875,55.310001373291016,55.47999954223633,942600
2017-10-23,54.29999923706055,56.43000030517578,54.2400016784668,56.18000030517578,570000
2017-10-24,52.36000061035156,54.43000030517578,52.0,54.279998779296875,1639500
2017-10-25,52.220001220703125,52.970001220703125,51.470001220703125,52.119998931884766,1216700
2017-10-26,51.45000076293945,53.16999816894531,51.439998626708984,52.040000915527344,1330900
2017-10-27,52.54999923706055,52.75,50.630001068115234,51.810001373291016,887300
2017-10-30,51.470001220703125,52.810001373291016,51.029998779296875,52.2400016784668,773300
2017-10-31,50.880001068115234,51.72999954223633,49.97999954223633,51.220001220703125,1174000
2017-11-01,50.9900016784668,51.970001220703125,50.5099983215332,51.060001373291016,1292200
2017-11-02,48.540000915527344,52.33000183105469,47.88999938964844,52.040000915527344,3040600
2017-11-03,47.5,49.11000061035156,47.439998626708984,48.33000183105469,1622900
2017-11-06,50.04999923706055,50.22999954223633,47.130001068115234,47.29999923706055,2143200
2017-11-07,49.459999084472656,51.689998626708984,49.18000030517578,50.0,1576900
2017-11-08,49.09000015258789,49.70000076293945,48.709999084472656,49.470001220703125,634300
2017-11-09,49.27000045776367,50.470001220703125,48.5099983215332,48.880001068115234,696600
2017-11-10,48.459999084472656,49.779998779296875,48.18000030517578,49.2400016784668,785400
2017-11-13,47.970001220703125,48.130001068115234,47.25,48.099998474121094,750100
2017-11-14,47.93000030517578,48.060001373291016,46.88999938964844,47.95000076293945,871500
2017-11-15,48.38999938964844,48.470001220703125,46.900001525878906,47.72999954223633,790200
2017-11-16,48.790000915527344,48.83000183105469,47.369998931884766,47.9900016784668,826100
2017-11-17,50.13999938964844,51.029998779296875,49.2400016784668,49.27000045776367,1268000
2017-11-20,49.84000015258789,50.41999816894531,49.310001373291016,50.0,798000
2017-11-21,50.54999923706055,50.560001373291016,49.2599983215332,50.11000061035156,531600
2017-11-22,50.36000061035156,50.86000061035156,49.84000015258789,50.52000045776367,604900
2017-11-24,49.88999938964844,50.939998626708984,49.869998931884766,50.38999938964844,189100
2017-11-27,49.54999923706055,49.970001220703125,49.45000076293945,49.86000061035156,498600
2017-11-28,50.66999816894531,50.689998626708984,48.84000015258789,49.70000076293945,902500
2017-11-29,51.9900016784668,52.84000015258789,50.310001373291016,50.68000030517578,1151500
2017-11-30,51.540000915527344,52.720001220703125,50.86000061035156,52.20000076293945,1018000
2017-12-01,52.86000061035156,52.91999816894531,50.900001525878906,51.25,1154100
2017-12-04,56.150001525878906,56.189998626708984,53.25,53.40999984741211,1607800
2017-12-05,55.66999816894531,57.0,55.34000015258789,56.0,1869800
2017-12-06,53.810001373291016,55.880001068115234,53.470001220703125,55.369998931884766,920200
2017-12-07,54.56999969482422,55.16999816894531,53.400001525878906,53.79999923706055,997100
2017-12-08,53.54999923706055,54.93000030517578,53.41999816894531,54.81999969482422,724800
2017-12-11,54.150001525878906,54.56999969482422,53.560001373291016,53.72999954223633,378500
2017-12-12,53.90999984741211,54.630001068115234,53.08000183105469,54.15999984741211,448800
2017-12-13,53.7400016784668,54.68000030517578,53.02000045776367,53.900001525878906,788600
2017-12-14,54.16999816894531,55.08000183105469,53.68000030517578,53.689998626708984,784900
2017-12-15,55.33000183105469,56.29999923706055,54.560001373291016,54.560001373291016,1439200
2017-12-18,56.470001220703125,56.970001220703125,55.130001068115234,56.11000061035156,943500
2017-12-19,56.16999816894531,56.88999938964844,55.9900016784668,56.619998931884766,840400
2017-12-20,56.13999938964844,56.77000045776367,55.75,56.400001525878906,785700
2017-12-21,57.16999816894531,58.709999084472656,56.25,56.290000915527344,1090600
2017-12-22,56.220001220703125,57.08000183105469,56.060001373291016,56.90999984741211,628000
2017-12-26,55.93000030517578,56.81999969482422,55.790000915527344,56.349998474121094,340000
2017-12-27,55.119998931884766,56.5099983215332,55.0,56.22999954223633,558200
2017-12-28,54.61000061035156,55.290000915527344,54.220001220703125,55.130001068115234,464600
2017-12-29,54.08000183105469,54.91999816894531,53.90999984741211,54.90999984741211,508500
2018-01-02,54.130001068115234,54.650001525878906,53.099998474121094,53.599998474121094,796200
2018-01-03,51.70000076293945,54.5,51.56999969482422,54.119998931884766,1092800
2018-01-04,51.56999969482422,52.34000015258789,51.209999084472656,51.79999923706055,741800
2018-01-05,52.33000183105469,52.41999816894531,51.20000076293945,51.849998474121094,643900
2018-01-08,52.02000045776367,52.5,51.40999984741211,52.2400016784668,621800
2018-01-09,51.529998779296875,52.779998779296875,51.4900016784668,52.13999938964844,821100
2018-01-10,52.400001525878906,52.689998626708984,50.52000045776367,51.58000183105469,627300
2018-01-11,52.97999954223633,53.290000915527344,52.54999923706055,52.54999923706055,606000
2018-01-12,53.29999923706055,53.540000915527344,52.63999938964844,53.13999938964844,788600
2018-01-16,52.38999938964844,54.220001220703125,52.34000015258789,53.31999969482422,695700
2018-01-17,51.36000061035156,52.529998779296875,51.16999816894531,52.369998931884766,964500
2018-01-18,52.7400016784668,52.849998474121094,51.22999954223633,51.22999954223633,1025100
2018-01-19,53.970001220703125,54.11000061035156,52.779998779296875,52.91999816894531,671000
2018-01-22,55.2599983215332,55.349998474121094,53.45000076293945,53.7400016784668,692500
2018-01-23,52.900001525878906,55.47999954223633,52.400001525878906,55.060001373291016,845900
2018-01-24,52.81999969482422,53.189998626708984,52.380001068115234,52.9900016784668,464700
2018-01-25,53.15999984741211,53.689998626708984,52.720001220703125,53.0,710800
2018-01-26,53.04999923706055,53.11000061035156,52.619998931884766,53.11000061035156,436700
2018-01-29,53.459999084472656,53.63999938964844,52.560001373291016,52.9900016784668,512800
2018-01-30,52.72999954223633,53.95000076293945,52.380001068115234,53.56999969482422,462100
2018-01-31,51.59000015258789,53.470001220703125,51.459999084472656,52.849998474121094,481800
2018-02-01,52.560001373291016,52.81999969482422,51.400001525878906,51.45000076293945,494200
2018-02-02,51.08000183105469,52.279998779296875,50.790000915527344,52.209999084472656,602800
2018-02-05,48.90999984741211,51.459999084472656,48.650001525878906,51.099998474121094,961500
2018-02-06,51.060001373291016,51.33000183105469,48.0,48.22999954223633,892200
2018-02-07,50.709999084472656,52.290000915527344,50.2400016784668,51.2400016784668,2166700
2018-02-08,50.58000183105469,51.66999816894531,50.529998779296875,51.060001373291016,864800
2018-02-09,50.939998626708984,51.290000915527344,48.04999923706055,51.0,1135700
2018-02-12,51.099998474121094,51.7400016784668,50.93000030517578,51.2400016784668,751700
2018-02-13,51.59000015258789,51.689998626708984,50.43000030517578,50.810001373291016,385900
2018-02-14,52.540000915527344,52.59000015258789,51.36000061035156,51.36000061035156,478200
2018-02-15,53.439998626708984,53.5,52.13999938964844,52.83000183105469,383800
2018-02-16,52.58000183105469,53.4900016784668,52.560001373291016,53.4900016784668,439300
2018-02-20,53.470001220703125,53.709999084472656,52.75,52.75,361600
2018-02-21,52.220001220703125,54.0099983215332,52.189998626708984,53.70000076293945,447800
2018-02-22,51.470001220703125,52.81999969482422,51.189998626708984,52.29999923706055,489800
2018-02-23,51.9900016784668,52.16999816894531,51.209999084472656,51.599998474121094,369800
2018-02-26,53.45000076293945,53.47999954223633,51.56999969482422,52.04999923706055,654600
2018-02-27,52.880001068115234,53.959999084472656,52.68000030517578,53.439998626708984,874100
2018-02-28,52.56999969482422,53.959999084472656,52.349998474121094,53.0,1665300
2018-03-01,50.5099983215332,53.029998779296875,48.83000183105469,51.81999969482422,1735900
2018-03-02,53.38999938964844,53.59000015258789,50.349998474121094,50.439998626708984,780300
2018-03-05,53.25,54.63999938964844,52.939998626708984,52.939998626708984,635400
2018-03-06,53.0,53.689998626708984,51.779998779296875,53.34000015258789,562200
2018-03-07,52.040000915527344,52.810001373291016,51.06999969482422,52.36000061035156,687400
2018-03-08,51.959999084472656,52.540000915527344,51.27000045776367,52.349998474121094,631400
2018-03-09,52.86000061035156,52.95000076293945,51.619998931884766,52.380001068115234,370500
2018-03-12,52.380001068115234,53.040000915527344,51.95000076293945,52.7599983215332,651000
2018-03-13,51.459999084472656,52.93000030517578,51.15999984741211,52.68000030517578,340500
2018-03-14,51.189998626708984,51.95000076293945,50.61000061035156,51.40999984741211,571800
2018-03-15,50.779998779296875,51.810001373291016,50.72999954223633,51.189998626708984,467300
2018-03-16,50.38999938964844,51.849998474121094,50.31999969482422,50.84000015258789,824900
2018-03-19,49.720001220703125,50.540000915527344,49.470001220703125,50.25,686500
2018-03-20,49.400001525878906,50.029998779296875,49.119998931884766,49.7400016784668,529500
2018-03-21,50.040000915527344,50.5,49.2599983215332,49.2599983215332,474600
2018-03-22,49.63999938964844,50.27000045776367,49.54999923706055,49.54999923706055,706000
2018-03-23,49.11000061035156,50.380001068115234,49.08000183105469,49.65999984741211,614200
2018-03-26,50.33000183105469,50.47999954223633,49.459999084472656,49.75,472500
2018-03-27,50.5,51.29999923706055,50.25,50.400001525878906,469600
2018-03-28,50.83000183105469,51.79999923706055,50.290000915527344,50.630001068115234,610600
2018-03-29,51.70000076293945,52.0,50.75,50.90999984741211,782500
2018-04-02,50.65999984741211,52.20000076293945,50.34000015258789,51.650001525878906,594700
2018-04-03,51.470001220703125,52.15999984741211,50.619998931884766,51.0099983215332,634900
2018-04-04,51.779998779296875,51.869998931884766,50.380001068115234,50.779998779296875,762900
2018-04-05,51.68000030517578,52.09000015258789,51.22999954223633,52.09000015258789,441000
2018-04-06,51.66999816894531,52.20000076293945,50.880001068115234,51.459999084472656,434400
2018-04-09,51.470001220703125,51.90999984741211,51.290000915527344,51.90999984741211,512900
2018-04-10,51.79999923706055,52.25,51.470001220703125,52.02000045776367,444400
2018-04-11,51.459999084472656,51.939998626708984,50.900001525878906,51.40999984741211,571500
2018-04-12,51.25,51.95000076293945,50.790000915527344,51.68000030517578,518400
2018-04-13,50.59000015258789,51.54999923706055,50.45000076293945,51.27000045776367,362900
2018-04-16,51.7400016784668,52.290000915527344,50.70000076293945,51.04999923706055,999900
2018-04-17,52.20000076293945,52.689998626708984,51.7400016784668,52.060001373291016,669900
2018-04-18,51.970001220703125,52.75,51.04999923706055,52.380001068115234,519900
2018-04-19,52.09000015258789,52.83000183105469,51.849998474121094,51.95000076293945,530800
2018-04-20,51.61000061035156,52.349998474121094,51.439998626708984,52.029998779296875,359100
2018-04-23,52.810001373291016,52.84000015258789,51.56999969482422,51.599998474121094,438100
2018-04-24,52.91999816894531,54.20000076293945,52.310001373291016,53.04999923706055,1053200
2018-04-25,53.93000030517578,54.459999084472656,52.790000915527344,52.95000076293945,991000
2018-04-26,54.2400016784668,54.31999969482422,53.040000915527344,53.91999816894531,726100
2018-04-27,53.22999954223633,54.43000030517578,53.16999816894531,54.43000030517578,542900
2018-04-30,52.0,53.619998931884766,51.93000030517578,53.22999954223633,744400
2018-05-01,52.90999984741211,52.970001220703125,51.959999084472656,52.0099983215332,568800
2018-05-02,52.709999084472656,53.630001068115234,52.33000183105469,52.619998931884766,585300
2018-05-03,52.619998931884766,52.77000045776367,51.2400016784668,52.34000015258789,707100
2018-05-04,53.40999984741211,54.2400016784668,52.2400016784668,52.470001220703125,845400
2018-05-07,53.380001068115234,53.939998626708984,52.88999938964844,53.540000915527344,655600
2018-05-08,52.779998779296875,54.220001220703125,52.5,53.59000015258789,517900
2018-05-09,53.130001068115234,53.33000183105469,52.459999084472656,52.880001068115234,673500
2018-05-10,57.5099983215332,59.150001525878906,54.95000076293945,55.04999923706055,2775800
2018-05-11,56.9900016784668,57.79999923706055,55.939998626708984,57.79999923706055,1282600
2018-05-14,56.93000030517578,57.900001525878906,56.189998626708984,57.2400016784668,949300
2018-05-15,56.68000030517578,57.22999954223633,56.529998779296875,56.709999084472656,800300
2018-05-16,57.529998779296875,57.79999923706055,56.599998474121094,56.7599983215332,480800
2018-05-17,57.31999969482422,57.970001220703125,57.0099983215332,57.25,375900
2018-05-18,57.150001525878906,57.709999084472656,56.90999984741211,57.290000915527344,387000
2018-05-21,57.34000015258789,57.810001373291016,57.0,57.41999816894531,428800
2018-05-22,57.849998474121094,58.4900016784668,56.939998626708984,57.310001373291016,1699200
2018-05-23,57.40999984741211,57.88999938964844,57.0,57.77000045776367,507800
2018-05-24,58.43000030517578,58.47999954223633,57.209999084472656,57.41999816894531,894100
2018-05-25,59.349998474121094,59.400001525878906,58.189998626708984,58.43000030517578,1234200
2018-05-29,59.11000061035156,59.5,58.47999954223633,59.13999938964844,622300
2018-05-30,58.95000076293945,59.5,58.36000061035156,59.119998931884766,674200
2018-05-31,57.16999816894531,58.970001220703125,56.97999954223633,58.970001220703125,753700
2018-06-01,57.529998779296875,57.84000015258789,56.68000030517578,57.529998779296875,674500
2018-06-04,57.52000045776367,58.15999984741211,57.31999969482422,57.56999969482422,502500
2018-06-05,58.27000045776367,58.34000015258789,57.400001525878906,57.66999816894531,614700
2018-06-06,59.16999816894531,59.41999816894531,57.72999954223633,58.540000915527344,587900
2018-06-07,59.63999938964844,59.91999816894531,58.939998626708984,59.310001373291016,755300
2018-06-08,60.2400016784668,60.310001373291016,58.04999923706055,59.70000076293945,739300
2018-06-11,61.900001525878906,62.72999954223633,60.0099983215332,60.38999938964844,813300
2018-06-12,61.63999938964844,62.34000015258789,61.22999954223633,62.02000045776367,750500
2018-06-13,63.47999954223633,64.91000366210938,62.119998931884766,62.52000045776367,1925400
2018-06-14,67.54000091552734,67.7300033569336,63.91999816894531,63.91999816894531,1796500
2018-06-15,67.81999969482422,69.0199966430664,67.0,67.06999969482422,2191000
2018-06-18,66.5999984741211,67.98999786376953,66.08000183105469,67.81999969482422,1241700
2018-06-19,66.22000122070312,67.20999908447266,65.37000274658203,66.33999633789062,700100
2018-06-20,67.41999816894531,67.70999908447266,66.31999969482422,66.98999786376953,758100
2018-06-21,65.0199966430664,66.11000061035156,63.0,65.7699966430664,1607600
2018-06-22,65.4000015258789,65.94999694824219,64.37999725341797,65.41999816894531,1100100
2018-06-25,64.72000122070312,65.93000030517578,64.4000015258789,65.38999938964844,658100
2018-06-26,63.72999954223633,63.79999923706055,62.33000183105469,63.380001068115234,679200
2018-06-27,62.689998626708984,64.04000091552734,62.63999938964844,63.810001373291016,670000
2018-06-28,63.220001220703125,63.34000015258789,61.91999816894531,62.4900016784668,533500
2018-06-29,62.20000076293945,63.689998626708984,62.119998931884766,62.9900016784668,525400
2018-07-02,61.97999954223633,62.439998626708984,61.130001068115234,61.849998474121094,497500
2018-07-03,61.720001220703125,62.66999816894531,61.52000045776367,62.06999969482422,256400
2018-07-05,62.119998931884766,62.77000045776367,61.560001373291016,62.09000015258789,547100
2018-07-06,62.849998474121094,62.95000076293945,61.7400016784668,62.060001373291016,350500
2018-07-09,63.88999938964844,64.05999755859375,62.720001220703125,63.189998626708984,481800
2018-07-10,63.72999954223633,64.38999938964844,62.93000030517578,64.12000274658203,583800
2018-07-11,63.08000183105469,64.43000030517578,63.0099983215332,63.88999938964844,388800
2018-07-12,63.41999816894531,63.4900016784668,62.130001068115234,63.02000045776367,361700
2018-07-13,63.380001068115234,63.75,63.0,63.25,583800
2018-07-16,62.84000015258789,64.16999816894531,62.38999938964844,63.63999938964844,341200
2018-07-17,61.45000076293945,62.959999084472656,61.43000030517578,62.68000030517578,722900
2018-07-18,61.34000015258789,62.18000030517578,60.63999938964844,61.459999084472656,672300
2018-07-19,62.150001525878906,62.41999816894531,60.75,61.029998779296875,437500
2018-07-20,61.54999923706055,62.220001220703125,61.310001373291016,62.02000045776367,698500
2018-07-23,61.400001525878906,61.900001525878906,60.939998626708984,61.619998931884766,296800
2018-07-24,60.20000076293945,61.619998931884766,59.540000915527344,61.369998931884766,1016900
2018-07-25,59.900001525878906,60.310001373291016,59.04999923706055,60.060001373291016,657000
2018-07-26,59.72999954223633,61.220001220703125,59.5,59.81999969482422,437300
2018-07-27,59.08000183105469,60.2400016784668,58.79999923706055,59.7400016784668,531100
2018-07-30,60.209999084472656,60.689998626708984,59.130001068115234,59.130001068115234,863000
2018-07-31,60.290000915527344,61.0,59.209999084472656,60.29999923706055,823100
2018-08-01,60.61000061035156,60.83000183105469,59.15999984741211,59.83000183105469,1296600
2018-08-02,58.47999954223633,60.150001525878906,56.81999969482422,59.5,1902800
2018-08-03,60.56999969482422,60.9900016784668,58.56999969482422,58.790000915527344,1077400
2018-08-06,61.02000045776367,61.560001373291016,60.540000915527344,60.61000061035156,773700
2018-08-07,59.59000015258789,61.279998779296875,59.5,61.279998779296875,807400
2018-08-08,59.810001373291016,60.66999816894531,59.31999969482422,59.7599983215332,513500
2018-08-09,60.45000076293945,60.61000061035156,59.4900016784668,59.869998931884766,642400
2018-08-10,60.2400016784668,60.56999969482422,59.790000915527344,59.869998931884766,393200
2018-08-13,59.9900016784668,60.7400016784668,59.75,60.25,290200
2018-08-14,60.970001220703125,61.220001220703125,60.27000045776367,60.27000045776367,348200
2018-08-15,60.459999084472656,60.880001068115234,59.54999923706055,60.75,459600
2018-08-16,60.45000076293945,61.529998779296875,60.27000045776367,60.720001220703125,444700
2018-08-17,60.45000076293945,60.880001068115234,60.0,60.25,538000
2018-08-20,62.09000015258789,62.18000030517578,60.380001068115234,60.380001068115234,611200
2018-08-21,62.970001220703125,63.470001220703125,62.34000015258789,62.369998931884766,577500
2018-08-22,62.90999984741211,63.4900016784668,62.13999938964844,62.810001373291016,346300
2018-08-23,62.220001220703125,63.0,61.86000061035156,62.75,443500
2018-08-24,62.91999816894531,63.349998474121094,62.2599983215332,62.369998931884766,395400
2018-08-27,63.369998931884766,63.79999923706055,63.11000061035156,63.119998931884766,657000
2018-08-28,63.880001068115234,63.939998626708984,63.11000061035156,63.43000030517578,604300
2018-08-29,63.41999816894531,63.939998626708984,62.7400016784668,63.869998931884766,550300
2018-08-30,63.33000183105469,63.630001068115234,62.77000045776367,63.25,412600
2018-08-31,62.810001373291016,63.61000061035156,62.369998931884766,63.27000045776367,563500
2018-09-04,62.97999954223633,63.150001525878906,61.779998779296875,63.0,509200
2018-09-05,63.11000061035156,63.529998779296875,62.630001068115234,63.099998474121094,472900
2018-09-06,62.41999816894531,63.709999084472656,62.310001373291016,63.119998931884766,369000
2018-09-07,63.150001525878906,63.529998779296875,61.65999984741211,62.25,408000
2018-09-10,63.0099983215332,63.529998779296875,62.709999084472656,63.40999984741211,234100
2018-09-11,62.86000061035156,63.45000076293945,62.38999938964844,63.18000030517578,411600
2018-09-12,64.27999877929688,64.4000015258789,62.540000915527344,62.939998626708984,405500
2018-09-13,64.04000091552734,64.80000305175781,63.93000030517578,64.41999816894531,361100
2018-09-14,64.05999755859375,64.5199966430664,63.88999938964844,64.20999908447266,271000
2018-09-17,63.310001373291016,64.19999694824219,63.099998474121094,64.1500015258789,522700
2018-09-18,63.810001373291016,64.0199966430664,62.310001373291016,63.27000045776367,364100
2018-09-19,64.16000366210938,64.33999633789062,63.5,63.93000030517578,363100
2018-09-20,64.5199966430664,64.68000030517578,64.05000305175781,64.26000213623047,542200
2018-09-21,65.16999816894531,65.45999908447266,64.52999877929688,64.73999786376953,896100
2018-09-24,64.69999694824219,65.56999969482422,64.58000183105469,65.33000183105469,357300
2018-09-25,65.33000183105469,65.36000061035156,64.08000183105469,64.86000061035156,408800
2018-09-26,65.69000244140625,66.33000183105469,65.31999969482422,65.37000274658203,557000
2018-09-27,66.25,66.66000366210938,65.45999908447266,65.88999938964844,408400
2018-09-28,66.33999633789062,66.54000091552734,65.45999908447266,66.27999877929688,799600
2018-10-01,66.01000213623047,67.19999694824219,65.13999938964844,66.4800033569336,1123100
2018-10-02,66.36000061035156,66.7699966430664,65.93000030517578,66.08000183105469,470400
2018-10-03,67.26000213623047,67.61000061035156,66.19999694824219,66.79000091552734,595800
2018-10-04,63.58000183105469,65.56999969482422,62.91999816894531,65.44000244140625,2091800
2018-10-05,63.54999923706055,65.06999969482422,63.38999938964844,63.650001525878906,557400
2018-10-08,64.54000091552734,64.8499984741211,62.779998779296875,63.25,365100
2018-10-09,59.959999084472656,64.27999877929688,59.310001373291016,64.27999877929688,3362000
2018-10-10,57.650001525878906,61.099998474121094,57.52000045776367,59.900001525878906,1196800
2018-10-11,57.0099983215332,58.45000076293945,57.0,57.68000030517578,780000
2018-10-12,57.93000030517578,58.27000045776367,56.959999084472656,57.869998931884766,574900
2018-10-15,58.83000183105469,59.279998779296875,57.810001373291016,57.810001373291016,347300
2018-10-16,59.290000915527344,59.61000061035156,58.369998931884766,59.16999816894531,475100
2018-10-17,59.599998474121094,59.959999084472656,58.45000076293945,59.470001220703125,720800
2018-10-18,58.84000015258789,60.0,58.41999816894531,59.939998626708984,499800
2018-10-19,60.119998931884766,60.189998626708984,58.779998779296875,59.2599983215332,535100
2018-10-22,60.060001373291016,60.81999969482422,58.900001525878906,60.2599983215332,380900
2018-10-23,59.369998931884766,60.04999923706055,58.41999816894531,59.52000045776367,729200
2018-10-24,53.88999938964844,59.959999084472656,53.400001525878906,59.099998474121094,1872500
2018-10-25,55.0099983215332,55.939998626708984,53.939998626708984,54.47999954223633,773700
2018-10-26,54.060001373291016,54.869998931884766,53.34000015258789,54.060001373291016,850600
2018-10-29,54.380001068115234,56.27000045776367,53.63999938964844,54.91999816894531,678200
2018-10-30,57.7400016784668,57.83000183105469,54.099998474121094,54.84000015258789,759100
2018-10-31,58.58000183105469,59.599998474121094,57.970001220703125,58.599998474121094,1182500
2018-11-01,60.400001525878906,60.79999923706055,56.290000915527344,59.5,1838800
2018-11-02,58.97999954223633,62.16999816894531,57.869998931884766,60.58000183105469,927900
2018-11-05,61.86000061035156,62.25,58.619998931884766,58.970001220703125,1265500
2018-11-06,61.04999923706055,62.2599983215332,60.689998626708984,62.0,604500
2018-11-07,60.349998474121094,61.900001525878906,59.5099983215332,61.0,920900
2018-11-08,60.0,61.060001373291016,59.61000061035156,60.22999954223633,493000
2018-11-09,59.7599983215332,60.689998626708984,59.650001525878906,60.0,631700
2018-11-12,59.59000015258789,60.25,59.25,59.86000061035156,682900
2018-11-13,59.720001220703125,60.439998626708984,59.380001068115234,59.86000061035156,383300
2018-11-14,60.22999954223633,61.11000061035156,59.959999084472656,60.0,634300
2018-11-15,59.970001220703125,60.27000045776367,59.13999938964844,60.0099983215332,772200
2018-11-16,58.88999938964844,59.86000061035156,58.25,59.630001068115234,581500
2018-11-19,58.68000030517578,59.65999984741211,58.52000045776367,58.849998474121094,538000
2018-11-20,57.20000076293945,58.47999954223633,56.41999816894531,57.75,500500
2018-11-21,58.470001220703125,59.08000183105469,57.59000015258789,57.59000015258789,321000
2018-11-23,58.209999084472656,58.7400016784668,57.310001373291016,58.11000061035156,151000
2018-11-26,59.04999923706055,59.20000076293945,58.20000076293945,59.06999969482422,477000
2018-11-27,59.91999816894531,60.02000045776367,58.72999954223633,58.72999954223633,397200
2018-11-28,60.310001373291016,60.939998626708984,59.77000045776367,60.290000915527344,513100
2018-11-29,60.13999938964844,60.58000183105469,59.650001525878906,60.040000915527344,405600
2018-11-30,59.86000061035156,60.380001068115234,58.97999954223633,60.2599983215332,730800
2018-12-03,58.27000045776367,60.5,57.349998474121094,60.5,632700
2018-12-04,57.060001373291016,58.54999923706055,56.959999084472656,58.060001373291016,709300
2018-12-06,58.18000030517578,58.900001525878906,56.099998474121094,56.220001220703125,704700
2018-12-07,58.060001373291016,58.81999969482422,57.5,58.09000015258789,672400
2018-12-10,57.66999816894531,58.08000183105469,56.63999938964844,58.06999969482422,665100
2018-12-11,58.15999984741211,59.45000076293945,57.79999923706055,58.459999084472656,544400
2018-12-12,58.90999984741211,59.25,58.400001525878906,58.939998626708984,612000
2018-12-13,55.9900016784668,59.33000183105469,55.7599983215332,59.0,843100
2018-12-14,56.56999969482422,57.630001068115234,55.61000061035156,55.75,524300
2018-12-17,55.25,57.68000030517578,55.09000015258789,56.4900016784668,903000
2018-12-18,54.34000015258789,55.7400016784668,53.869998931884766,55.7400016784668,589700
2018-12-19,54.060001373291016,55.0,53.34000015258789,54.439998626708984,794000
2018-12-20,52.97999954223633,54.0,52.689998626708984,53.90999984741211,697200
2018-12-21,52.22999954223633,54.52000045776367,52.0,53.0099983215332,1089400
2018-12-24,51.7599983215332,52.66999816894531,51.040000915527344,51.720001220703125,293500
2018-12-26,53.869998931884766,53.93000030517578,51.18000030517578,51.689998626708984,424300
2018-12-27,54.54999923706055,54.54999923706055,52.70000076293945,53.209999084472656,339100
2018-12-28,54.720001220703125,55.47999954223633,54.02000045776367,54.65999984741211,363800
2018-12-31,54.880001068115234,55.220001220703125,53.369998931884766,54.84000015258789,484600
2019-01-02,56.63999938964844,56.70000076293945,53.68000030517578,54.2400016784668,521400
2019-01-03,56.400001525878906,57.779998779296875,55.79999923706055,56.439998626708984,720000
2019-01-04,57.16999816894531,57.959999084472656,57.0099983215332,57.0099983215332,554400
2019-01-07,58.5099983215332,58.900001525878906,56.849998474121094,57.56999969482422,464600
2019-01-08,60.189998626708984,60.459999084472656,58.54999923706055,59.2599983215332,733800
2019-01-09,60.380001068115234,60.779998779296875,59.869998931884766,60.45000076293945,411700
2019-01-10,62.40999984741211,62.4900016784668,59.810001373291016,60.060001373291016,935500
2019-01-11,62.150001525878906,62.369998931884766,61.400001525878906,62.150001525878906,708300
2019-01-14,62.040000915527344,62.04999923706055,60.68000030517578,61.7400016784668,531900
2019-01-15,62.90999984741211,63.58000183105469,61.83000183105469,62.2599983215332,734100
2019-01-16,63.0,64.19999694824219,62.689998626708984,62.959999084472656,604400
2019-01-17,63.52000045776367,64.20999908447266,62.75,62.9900016784668,742900
2019-01-18,63.84000015258789,64.80999755859375,62.61000061035156,63.88999938964844,581400
2019-01-22,61.529998779296875,63.599998474121094,61.310001373291016,63.599998474121094,626500
2019-01-23,63.189998626708984,63.189998626708984,61.40999984741211,61.869998931884766,474900
2019-01-24,64.16000366210938,64.33999633789062,63.150001525878906,63.150001525878906,397500
2019-01-25,64.76000213623047,65.5999984741211,64.45999908447266,64.77999877929688,548500
2019-01-28,64.33999633789062,65.4000015258789,63.04999923706055,64.30999755859375,443200
2019-01-29,64.61000061035156,65.0,64.08000183105469,64.36000061035156,441500
2019-01-30,62.02000045776367,64.62999725341797,60.31999969482422,64.62999725341797,1058800
2019-01-31,62.939998626708984,63.43000030517578,60.91999816894531,60.91999816894531,584300
2019-02-01,62.41999816894531,62.66999816894531,60.849998474121094,61.09000015258789,634600
2019-02-04,63.0,63.56999969482422,62.41999816894531,62.41999816894531,323700
2019-02-05,63.900001525878906,64.79000091552734,63.060001373291016,63.060001373291016,448800
2019-02-06,62.810001373291016,64.30000305175781,62.72999954223633,64.04000091552734,488300
2019-02-07,62.150001525878906,62.90999984741211,61.439998626708984,62.41999816894531,429500
2019-02-08,62.150001525878906,62.36000061035156,61.540000915527344,61.72999954223633,362300
2019-02-11,61.63999938964844,62.27000045776367,60.709999084472656,62.209999084472656,449600
2019-02-12,61.15999984741211,62.540000915527344,61.08000183105469,61.970001220703125,408500
2019-02-13,62.75,62.81999969482422,60.900001525878906,61.25,550900
2019-02-14,63.040000915527344,64.08999633789062,62.380001068115234,62.65999984741211,429700
2019-02-15,64.45999908447266,64.68000030517578,63.25,63.41999816894531,437400
2019-02-19,64.11000061035156,64.87999725341797,63.939998626708984,64.44999694824219,479400
2019-02-20,64.51000213623047,64.93000030517578,63.720001220703125,63.959999084472656,510600
2019-02-21,63.7400016784668,64.69999694824219,63.41999816894531,64.69999694824219,655300
2019-02-22,63.7599983215332,64.9000015258789,62.66999816894531,63.380001068115234,538800
2019-02-25,63.22999954223633,64.23999786376953,63.11000061035156,64.01000213623047,712100
2019-02-26,62.45000076293945,63.119998931884766,61.18000030517578,62.810001373291016,786400
2019-02-27,63.58000183105469,63.7400016784668,61.2599983215332,61.9900016784668,1211600
2019-02-28,65.70999908447266,68.41999816894531,63.66999816894531,64.4000015258789,2081000
2019-03-01,66.38999938964844,68.2699966430664,65.91000366210938,66.66000366210938,779700
2019-03-04,62.380001068115234,66.54000091552734,62.2599983215332,66.54000091552734,984500
2019-03-05,62.84000015258789,63.0,61.5099983215332,62.25,566700
2019-03-06,63.099998474121094,63.5099983215332,62.11000061035156,62.650001525878906,613500
2019-03-07,62.040000915527344,63.4900016784668,61.95000076293945,63.099998474121094,582100
2019-03-08,62.38999938964844,62.38999938964844,61.400001525878906,61.720001220703125,315700
2019-03-11,61.25,62.0,60.099998474121094,62.0,663500
2019-03-12,61.939998626708984,62.099998474121094,60.5099983215332,61.150001525878906,628700
2019-03-13,58.97999954223633,62.31999969482422,58.439998626708984,62.31999969482422,1637900
2019-03-14,59.75,60.0099983215332,58.459999084472656,58.95000076293945,829800
2019-03-15,59.4900016784668,60.209999084472656,58.939998626708984,59.869998931884766,1071600
2019-03-18,59.060001373291016,59.88999938964844,58.5,59.310001373291016,1007200
2019-03-19,57.790000915527344,59.529998779296875,57.59000015258789,59.150001525878906,587300
2019-03-20,56.72999954223633,58.20000076293945,56.02000045776367,57.7599983215332,1039000
2019-03-21,57.470001220703125,57.72999954223633,56.25,56.58000183105469,806500
2019-03-22,56.31999969482422,57.38999938964844,55.849998474121094,57.38999938964844,637300
2019-03-25,55.970001220703125,57.2599983215332,55.529998779296875,56.779998779296875,463400
2019-03-26,57.0,57.38999938964844,55.81999969482422,56.09000015258789,1554900
2019-03-27,56.90999984741211,57.68000030517578,56.54999923706055,57.18000030517578,657500
2019-03-28,56.90999984741211,57.25,56.59000015258789,56.97999954223633,366800
2019-03-29,56.7599983215332,57.36000061035156,56.40999984741211,57.22999954223633,696100
2019-04-01,57.33000183105469,58.040000915527344,56.779998779296875,57.2400016784668,646900
2019-04-02,56.95000076293945,57.75,56.7599983215332,57.45000076293945,482600
2019-04-03,57.470001220703125,58.25,56.7599983215332,57.22999954223633,470600
2019-04-04,57.93000030517578,58.70000076293945,57.380001068115234,57.63999938964844,456600
2019-04-05,58.25,59.0,58.0,58.27000045776367,474400
2019-04-08,58.779998779296875,59.060001373291016,57.43000030517578,58.150001525878906,640700
2019-04-09,58.959999084472656,59.25,58.09000015258789,58.709999084472656,399200
2019-04-10,59.61000061035156,60.20000076293945,58.77000045776367,58.970001220703125,561800
2019-04-11,59.63999938964844,60.9900016784668,59.29999923706055,59.779998779296875,573400
2019-04-12,60.04999923706055,60.68000030517578,59.220001220703125,59.95000076293945,490200
2019-04-15,60.27000045776367,60.88999938964844,59.540000915527344,59.849998474121094,658400
2019-04-16,60.08000183105469,60.869998931884766,59.900001525878906,60.439998626708984,515600
2019-04-17,60.72999954223633,60.75,59.970001220703125,60.25,338700
2019-04-18,60.4900016784668,61.130001068115234,60.150001525878906,60.7400016784668,266600
2019-04-22,58.61000061035156,60.33000183105469,58.189998626708984,60.33000183105469,360500
2019-04-23,58.650001525878906,59.40999984741211,58.61000061035156,58.77000045776367,421000
2019-04-24,59.33000183105469,59.560001373291016,57.7400016784668,58.15999984741211,435100
2019-04-25,58.65999984741211,59.47999954223633,58.13999938964844,59.47999954223633,515800
2019-04-26,59.77000045776367,59.81999969482422,58.81999969482422,58.95000076293945,442600
2019-04-29,60.33000183105469,60.630001068115234,59.970001220703125,60.0,729900
2019-04-30,58.40999984741211,60.279998779296875,57.90999984741211,60.16999816894531,759400
2019-05-01,58.900001525878906,59.619998931884766,56.599998474121094,59.0,1291400
2019-05-02,57.36000061035156,58.97999954223633,55.58000183105469,57.04999923706055,1150700
2019-05-03,56.2599983215332,57.650001525878906,55.7400016784668,57.599998474121094,759700
2019-05-06,57.150001525878906,57.45000076293945,55.400001525878906,55.540000915527344,769900
2019-05-07,56.220001220703125,57.4900016784668,55.849998474121094,56.91999816894531,601900
2019-05-08,55.959999084472656,57.0,55.810001373291016,56.11000061035156,470400
2019-05-09,55.619998931884766,56.45000076293945,54.86000061035156,55.900001525878906,883700
2019-05-10,55.81999969482422,56.150001525878906,54.81999969482422,55.59000015258789,451700
2019-05-13,54.38999938964844,55.41999816894531,53.470001220703125,55.0,1312700
2019-05-14,54.04999923706055,55.0,53.9900016784668,54.75,1218100
2019-05-15,54.34000015258789,54.689998626708984,53.5099983215332,53.630001068115234,967900
2019-05-16,55.04999923706055,55.65999984741211,54.040000915527344,54.52000045776367,648100
2019-05-17,55.45000076293945,55.61000061035156,54.599998474121094,54.599998474121094,593600
2019-05-20,55.369998931884766,55.65999984741211,54.95000076293945,55.529998779296875,916400
2019-05-21,55.29999923706055,55.97999954223633,55.2400016784668,55.56999969482422,335300
2019-05-22,55.04999923706055,55.369998931884766,54.52000045776367,54.970001220703125,471900
2019-05-23,54.43000030517578,55.36000061035156,54.02000045776367,54.54999923706055,589300
2019-05-24,54.459999084472656,55.04999923706055,54.2599983215332,54.619998931884766,506600
2019-05-28,54.25,55.2599983215332,54.209999084472656,54.4900016784668,295000
2019-05-29,52.83000183105469,54.16999816894531,52.72999954223633,53.90999984741211,524700
2019-05-30,53.560001373291016,54.34000015258789,52.900001525878906,53.02000045776367,647300
2019-05-31,52.77000045776367,53.79999923706055,52.5099983215332,53.130001068115234,838700
2019-06-03,54.380001068115234,54.5099983215332,52.779998779296875,53.790000915527344,769200
2019-06-04,55.290000915527344,55.560001373291016,54.310001373291016,54.7599983215332,455700
2019-06-05,54.599998474121094,55.869998931884766,54.220001220703125,55.380001068115234,677800
2019-06-06,54.81999969482422,55.02000045776367,54.04999923706055,54.43000030517578,511200
2019-06-07,55.2400016784668,55.54999923706055,54.58000183105469,55.119998931884766,354200
2019-06-10,54.630001068115234,55.88999938964844,54.27000045776367,55.529998779296875,307800
2019-06-11,54.59000015258789,55.18000030517578,54.08000183105469,54.959999084472656,627400
2019-06-12,54.41999816894531,55.130001068115234,54.18000030517578,54.4900016784668,420800
2019-06-13,55.29999923706055,55.40999984741211,54.099998474121094,54.5,417800
2019-06-14,54.779998779296875,55.220001220703125,54.560001373291016,55.20000076293945,366000
2019-06-17,55.08000183105469,55.61000061035156,54.560001373291016,54.75,389800
2019-06-18,55.029998779296875,56.040000915527344,54.900001525878906,55.22999954223633,407600
2019-06-19,55.95000076293945,56.130001068115234,54.810001373291016,55.119998931884766,343900
2019-06-20,55.779998779296875,56.439998626708984,55.540000915527344,56.25,365100
2019-06-21,56.029998779296875,56.29999923706055,55.04999923706055,55.689998626708984,790400
2019-06-24,55.0,55.91999816894531,54.5099983215332,55.810001373291016,296900
2019-06-25,54.18000030517578,55.06999969482422,54.04999923706055,55.06999969482422,512400
2019-06-26,53.81999969482422,54.79999923706055,53.66999816894531,54.27000045776367,543100
2019-06-27,54.0,54.310001373291016,53.4900016784668,54.09000015258789,524900
2019-06-28,54.4900016784668,55.119998931884766,54.040000915527344,54.040000915527344,638800
2019-07-01,54.79999923706055,55.7400016784668,54.470001220703125,55.29999923706055,403400
2019-07-02,55.060001373291016,55.25,54.2599983215332,54.90999984741211,334600
2019-07-03,55.47999954223633,55.880001068115234,55.0099983215332,55.2400016784668,206700
2019-07-05,56.15999984741211,56.290000915527344,55.369998931884766,55.47999954223633,250000
2019-07-08,55.880001068115234,56.2400016784668,55.380001068115234,56.02000045776367,268500
2019-07-09,55.95000076293945,56.29999923706055,55.540000915527344,55.7400016784668,316900
2019-07-10,55.959999084472656,56.61000061035156,55.61000061035156,56.0099983215332,317800
2019-07-11,56.41999816894531,56.68000030517578,55.939998626708984,56.09000015258789,279000
2019-07-12,56.70000076293945,57.040000915527344,56.189998626708984,56.38999938964844,380000
2019-07-15,56.18000030517578,56.959999084472656,55.66999816894531,56.650001525878906,367600
2019-07-16,56.16999816894531,56.88999938964844,56.119998931884766,56.18000030517578,383200
2019-07-17,55.16999816894531,56.36000061035156,55.130001068115234,56.189998626708984,262300
2019-07-18,54.599998474121094,55.400001525878906,54.36000061035156,55.310001373291016,260900
2019-07-19,54.29999923706055,54.959999084472656,54.27000045776367,54.56999969482422,302500
2019-07-22,52.36000061035156,54.7599983215332,52.16999816894531,54.38999938964844,704500
2019-07-23,52.060001373291016,52.93000030517578,51.130001068115234,52.380001068115234,780100
2019-07-24,52.5099983215332,52.70000076293945,51.470001220703125,52.220001220703125,588900
2019-07-25,52.56999969482422,53.040000915527344,52.310001373291016,52.689998626708984,521900
2019-07-26,52.810001373291016,53.0,52.56999969482422,52.7400016784668,435200
2019-07-29,52.869998931884766,52.97999954223633,52.220001220703125,52.83000183105469,634200
2019-07-30,54.56999969482422,54.68000030517578,53.189998626708984,53.349998474121094,1065700
2019-07-31,53.380001068115234,54.45000076293945,51.2599983215332,52.77000045776367,1505700
2019-08-01,53.459999084472656,54.16999816894531,52.630001068115234,52.91999816894531,883600
2019-08-02,53.18000030517578,53.459999084472656,52.02000045776367,53.369998931884766,494500
2019-08-05,52.43000030517578,52.619998931884766,51.599998474121094,52.45000076293945,436600
2019-08-06,52.25,52.970001220703125,52.099998474121094,52.779998779296875,576400
2019-08-07,52.220001220703125,52.380001068115234,51.16999816894531,51.4900016784668,480000
2019-08-08,53.470001220703125,53.529998779296875,52.52000045776367,52.52000045776367,442800
2019-08-09,52.40999984741211,53.290000915527344,52.279998779296875,53.27000045776367,398500
2019-08-12,50.880001068115234,52.650001525878906,50.7400016784668,52.27000045776367,357700
2019-08-13,51.16999816894531,52.099998474121094,50.58000183105469,50.77000045776367,409900
2019-08-14,49.720001220703125,50.43000030517578,49.31999969482422,50.43000030517578,896500
2019-08-15,49.58000183105469,49.79999923706055,48.83000183105469,49.75,740500
2019-08-16,50.15999984741211,50.75,49.54999923706055,49.77000045776367,465200
2019-08-19,50.43000030517578,51.060001373291016,50.380001068115234,50.56999969482422,351200
2019-08-20,49.4900016784668,50.36000061035156,48.959999084472656,50.25,622300
2019-08-21,49.65999984741211,49.90999984741211,48.86000061035156,49.90999984741211,371900
2019-08-22,50.22999954223633,50.58000183105469,49.91999816894531,49.93000030517578,338500
2019-08-23,49.09000015258789,50.470001220703125,48.900001525878906,49.77000045776367,497700
2019-08-26,49.11000061035156,50.2400016784668,49.04999923706055,49.7599983215332,390600
2019-08-27,48.20000076293945,49.38999938964844,48.16999816894531,49.38999938964844,343700
2019-08-28,47.900001525878906,48.560001373291016,47.68000030517578,48.060001373291016,338100
2019-08-29,48.63999938964844,49.20000076293945,48.09000015258789,48.09000015258789,267000
2019-08-30,48.5,49.029998779296875,48.310001373291016,48.810001373291016,419700
2019-09-03,46.7400016784668,48.209999084472656,46.310001373291016,48.04999923706055,659600
2019-09-04,47.22999954223633,47.31999969482422,46.70000076293945,47.25,365200
2019-09-05,48.939998626708984,49.0,47.34000015258789,47.63999938964844,375500
2019-09-06,48.720001220703125,49.34000015258789,48.560001373291016,48.93000030517578,363100
2019-09-09,49.15999984741211,49.41999816894531,48.75,49.02000045776367,296800
2019-09-10,51.04999923706055,51.220001220703125,49.130001068115234,49.130001068115234,826200
2019-09-11,52.45000076293945,52.459999084472656,50.31999969482422,51.5,631000
2019-09-12,50.61000061035156,52.349998474121094,50.459999084472656,52.349998474121094,444800
2019-09-13,50.849998474121094,51.2599983215332,50.439998626708984,50.59000015258789,424800
2019-09-16,51.310001373291016,51.310001373291016,50.029998779296875,50.470001220703125,291500
2019-09-17,50.560001373291016,51.08000183105469,50.25,51.08000183105469,459200
2019-09-18,50.91999816894531,51.0099983215332,50.099998474121094,50.41999816894531,437600
2019-09-19,49.08000183105469,51.099998474121094,49.0,51.06999969482422,720000
2019-09-20,49.27000045776367,49.790000915527344,48.56999969482422,49.130001068115234,962800
2019-09-23,49.209999084472656,49.5,48.58000183105469,49.22999954223633,296000
2019-09-24,47.400001525878906,49.189998626708984,47.0,49.189998626708984,506800
2019-09-25,48.040000915527344,48.720001220703125,47.33000183105469,47.470001220703125,416800
2019-09-26,47.400001525878906,48.0,46.95000076293945,47.97999954223633,288200
2019-09-27,48.13999938964844,48.2599983215332,47.63999938964844,47.689998626708984,301500
2019-09-30,49.15999984741211,49.189998626708984,48.349998474121094,48.349998474121094,407100
2019-10-01,48.63999938964844,49.939998626708984,48.59000015258789,49.380001068115234,351500
2019-10-02,47.939998626708984,48.41999816894531,47.310001373291016,48.349998474121094,288300
2019-10-03,48.13999938964844,48.189998626708984,47.060001373291016,47.939998626708984,271200
2019-10-04,48.400001525878906,48.849998474121094,48.04999923706055,48.34000015258789,299600
2019-10-07,48.66999816894531,48.84000015258789,47.93000030517578,48.15999984741211,317700
2019-10-08,46.93000030517578,48.150001525878906,46.869998931884766,48.150001525878906,412900
2019-10-09,47.29999923706055,47.779998779296875,46.849998474121094,47.040000915527344,320400
2019-10-10,47.5,48.15999984741211,46.869998931884766,47.47999954223633,335900
2019-10-11,48.400001525878906,49.099998474121094,47.52000045776367,47.849998474121094,442700
2019-10-14,47.2400016784668,47.689998626708984,45.97999954223633,46.29999923706055,554200
2019-10-15,47.25,47.619998931884766,46.61000061035156,47.34000015258789,402300
2019-10-16,47.52000045776367,47.83000183105469,46.81999969482422,47.16999816894531,378100
2019-10-17,47.880001068115234,48.40999984741211,46.93000030517578,47.790000915527344,321600
2019-10-18,47.52000045776367,47.970001220703125,47.41999816894531,47.75,270400
2019-10-21,47.58000183105469,48.459999084472656,47.52000045776367,47.95000076293945,481500
2019-10-22,48.33000183105469,48.43000030517578,47.040000915527344,47.560001373291016,679200
2019-10-23,47.66999816894531,48.5,47.529998779296875,48.459999084472656,339800
2019-10-24,45.34000015258789,47.5,44.52000045776367,47.5,662400
2019-10-25,46.7400016784668,47.290000915527344,45.560001373291016,45.560001373291016,608500
2019-10-28,46.79999923706055,47.4900016784668,46.65999984741211,47.0,345800
2019-10-29,44.959999084472656,46.06999969482422,44.560001373291016,45.09000015258789,484100
2019-10-30,43.849998474121094,44.810001373291016,43.56999969482422,44.459999084472656,769500
2019-10-31,43.54999923706055,45.97999954223633,40.869998931884766,45.97999954223633,1052800
2019-11-01,43.08000183105469,43.88999938964844,42.65999984741211,43.529998779296875,667700
2019-11-04,41.400001525878906,43.709999084472656,41.060001373291016,43.43000030517578,1185900
2019-11-05,40.869998931884766,42.0,40.619998931884766,41.70000076293945,1205900
2019-11-06,40.66999816894531,41.119998931884766,39.529998779296875,40.75,776100
2019-11-07,41.5,42.22999954223633,41.099998474121094,41.130001068115234,815900
2019-11-08,41.40999984741211,41.86000061035156,40.5099983215332,41.5099983215332,640700
2019-11-11,41.75,42.34000015258789,41.20000076293945,41.27000045776367,499000
2019-11-12,40.529998779296875,41.5,40.400001525878906,41.31999969482422,572000
2019-11-13,39.2400016784668,40.310001373291016,39.22999954223633,40.16999816894531,574300
2019-11-14,39.619998931884766,40.209999084472656,39.099998474121094,39.13999938964844,427500
2019-11-15,39.650001525878906,39.9900016784668,39.43000030517578,39.68000030517578,470700
2019-11-18,40.060001373291016,40.130001068115234,39.119998931884766,39.45000076293945,527000
2019-11-19,40.25,40.630001068115234,39.34000015258789,40.13999938964844,529300
2019-11-20,38.83000183105469,40.2400016784668,38.599998474121094,39.880001068115234,814000
2019-11-21,38.619998931884766,39.130001068115234,38.40999984741211,39.060001373291016,393900
2019-11-22,39.81999969482422,40.029998779296875,38.45000076293945,38.63999938964844,1054600
2019-11-25,38.7599983215332,39.970001220703125,38.68000030517578,39.72999954223633,509200
2019-11-26,38.369998931884766,38.779998779296875,38.130001068115234,38.77000045776367,485500
2019-11-27,38.900001525878906,39.220001220703125,38.470001220703125,38.5099983215332,405500
2019-11-29,38.43000030517578,38.9900016784668,38.380001068115234,38.9900016784668,220900
2019-12-02,37.470001220703125,38.7400016784668,37.33000183105469,38.560001373291016,711200
2019-12-03,36.869998931884766,37.34000015258789,36.290000915527344,37.220001220703125,1260000
2019-12-04,37.689998626708984,38.22999954223633,36.93000030517578,37.08000183105469,678100
2019-12-05,37.869998931884766,38.540000915527344,37.790000915527344,37.79999923706055,421600
2019-12-06,38.22999954223633,38.54999923706055,37.70000076293945,38.06999969482422,440600
2019-12-09,38.02000045776367,38.5,38.0099983215332,38.04999923706055,454600
2019-12-10,35.90999984741211,38.060001373291016,35.599998474121094,37.90999984741211,1099200
2019-12-11,36.86000061035156,37.47999954223633,35.97999954223633,36.2599983215332,593400
2019-12-12,37.459999084472656,37.880001068115234,36.880001068115234,37.02000045776367,821400
2019-12-13,37.38999938964844,38.16999816894531,37.02000045776367,37.54999923706055,808500
2019-12-16,37.25,38.36000061035156,37.220001220703125,37.7599983215332,721400
2019-12-17,37.06999969482422,37.529998779296875,36.7400016784668,37.2400016784668,1073500
2019-12-18,38.09000015258789,38.189998626708984,37.119998931884766,37.119998931884766,721000
2019-12-19,38.81999969482422,39.08000183105469,38.08000183105469,38.08000183105469,780700
2019-12-20,39.470001220703125,39.529998779296875,38.61000061035156,38.97999954223633,1428000
2019-12-23,39.56999969482422,39.970001220703125,39.189998626708984,39.529998779296875,639200
2019-12-24,39.45000076293945,39.970001220703125,39.40999984741211,39.58000183105469,230200
2019-12-26,39.79999923706055,39.86000061035156,39.209999084472656,39.630001068115234,288300
2019-12-27,39.540000915527344,40.099998474121094,39.47999954223633,39.9900016784668,427000
2019-12-30,39.40999984741211,39.77000045776367,39.27000045776367,39.56999969482422,407200
2019-12-31,39.5,39.9900016784668,39.08000183105469,39.290000915527344,437000
2020-01-02,39.150001525878906,39.779998779296875,38.38999938964844,39.63999938964844,713200
2020-01-03,39.36000061035156,39.4900016784668,38.439998626708984,38.709999084472656,474000
2020-01-06,40.31999969482422,40.33000183105469,39.040000915527344,39.209999084472656,566900
2020-01-07,41.029998779296875,41.189998626708984,40.02000045776367,40.029998779296875,667700
2020-01-08,40.689998626708984,41.290000915527344,40.43000030517578,40.91999816894531,612500
2020-01-09,40.02000045776367,40.93000030517578,39.529998779296875,40.70000076293945,478000
2020-01-10,39.689998626708984,40.150001525878906,39.31999969482422,39.939998626708984,541200
2020-01-13,40.72999954223633,40.81999969482422,39.279998779296875,39.689998626708984,522900
2020-01-14,41.349998474121094,41.439998626708984,40.470001220703125,40.470001220703125,490100
2020-01-15,40.75,41.529998779296875,40.59000015258789,41.279998779296875,431800
2020-01-16,41.36000061035156,41.439998626708984,40.720001220703125,40.939998626708984,372100
2020-01-17,42.25,42.29999923706055,41.27000045776367,41.45000076293945,498000
2020-01-21,42.349998474121094,42.630001068115234,41.849998474121094,42.16999816894531,479900
2020-01-22,41.209999084472656,42.349998474121094,41.150001525878906,42.25,471800
2020-01-23,38.849998474121094,41.029998779296875,38.779998779296875,41.02000045776367,709300
2020-01-24,38.25,38.779998779296875,36.900001525878906,38.689998626708984,812800
2020-01-27,37.720001220703125,38.06999969482422,37.2599983215332,37.560001373291016,529500
2020-01-28,38.18000030517578,38.29999923706055,37.58000183105469,37.880001068115234,308600
2020-01-29,37.22999954223633,38.52000045776367,36.81999969482422,38.349998474121094,508700
2020-01-30,37.599998474121094,37.66999816894531,36.36000061035156,37.0099983215332,381900
2020-01-31,36.59000015258789,37.45000076293945,36.40999984741211,37.369998931884766,531700
2020-02-03,36.560001373291016,37.189998626708984,36.38999938964844,37.0099983215332,478000
2020-02-04,37.41999816894531,37.59000015258789,36.7599983215332,36.900001525878906,506700
2020-02-05,38.68000030517578,39.029998779296875,37.810001373291016,37.900001525878906,482100
2020-02-06,37.9900016784668,38.83000183105469,37.869998931884766,38.83000183105469,588400
2020-02-07,37.689998626708984,38.150001525878906,37.11000061035156,37.900001525878906,412000
2020-02-10,37.400001525878906,37.86000061035156,37.09000015258789,37.56999969482422,231600
2020-02-11,38.0,38.13999938964844,37.36000061035156,37.650001525878906,329900
2020-02-12,38.2400016784668,39.189998626708984,37.400001525878906,38.349998474121094,455000
2020-02-13,38.040000915527344,38.349998474121094,37.720001220703125,38.02000045776367,297900
2020-02-14,37.790000915527344,38.220001220703125,37.33000183105469,38.0099983215332,210300
2020-02-18,37.290000915527344,38.060001373291016,36.970001220703125,37.75,415300
2020-02-19,37.33000183105469,37.58000183105469,37.099998474121094,37.470001220703125,796000
2020-02-20,36.29999923706055,37.150001525878906,35.97999954223633,37.150001525878906,687800
2020-02-21,35.04999923706055,36.209999084472656,35.0,35.939998626708984,1188300
2020-02-24,34.2599983215332,34.810001373291016,33.41999816894531,34.099998474121094,857900
2020-02-25,33.060001373291016,36.31999969482422,32.84000015258789,36.31999969482422,1149700
2020-02-26,30.450000762939453,32.54999923706055,28.3700008392334,31.010000228881836,3433100
2020-02-27,28.299999237060547,29.6299991607666,27.540000915527344,29.56999969482422,2333500
2020-02-28,31.0,31.729999542236328,27.84000015258789,28.0,2059300
2020-03-02,31.06999969482422,32.34000015258789,29.899999618530273,30.899999618530273,1386400
2020-03-03,30.010000228881836,31.34000015258789,29.09000015258789,31.079999923706055,1054100
2020-03-04,28.979999542236328,30.540000915527344,28.3700008392334,30.540000915527344,873700
2020-03-05,27.350000381469727,28.56999969482422,27.09000015258789,28.350000381469727,1017400
2020-03-06,27.329999923706055,28.110000610351562,26.170000076293945,26.440000534057617,1132200
2020-03-09,26.010000228881836,26.770000457763672,25.0,25.399999618530273,1709200
2020-03-10,27.799999237060547,28.649999618530273,26.3700008392334,26.65999984741211,1383600
2020-03-11,27.25,28.290000915527344,26.329999923706055,27.1299991607666,1076400
2020-03-12,25.350000381469727,27.540000915527344,24.110000610351562,25.959999084472656,1193800
2020-03-13,27.940000534057617,28.0,24.719999313354492,26.760000228881836,961900
2020-03-16,28.059999465942383,28.059999465942383,23.75,25.309999465942383,1074900
2020-03-17,25.850000381469727,29.600000381469727,25.700000762939453,28.440000534057617,1325200
2020-03-18,25.770000457763672,25.8700008392334,22.829999923706055,24.600000381469727,1141800
2020-03-19,27.93000030517578,30.18000030517578,24.309999465942383,25.59000015258789,1199500
2020-03-20,24.729999542236328,29.200000762939453,24.020000457763672,28.299999237060547,1294600
2020-03-23,22.290000915527344,25.299999237060547,21.030000686645508,24.75,1091300
2020-03-24,25.670000076293945,26.280000686645508,23.399999618530273,23.530000686645508,902300
2020-03-25,24.760000228881836,27.280000686645508,24.440000534057617,25.850000381469727,1151800
2020-03-26,25.850000381469727,26.68000030517578,24.399999618530273,25.15999984741211,797400
2020-03-27,24.829999923706055,25.649999618530273,23.739999771118164,24.979999542236328,650700
2020-03-30,26.18000030517578,26.790000915527344,23.0,24.600000381469727,869800
2020-03-31,24.309999465942383,27.110000610351562,24.1299991607666,26.110000610351562,1219000
2020-04-01,22.440000534057617,25.260000228881836,22.06999969482422,23.549999237060547,1252000
2020-04-02,22.299999237060547,24.290000915527344,21.760000228881836,22.200000762939453,940200
2020-04-03,20.579999923706055,22.5,19.6200008392334,22.219999313354492,1057600
2020-04-06,22.649999618530273,23.440000534057617,20.8799991607666,21.93000030517578,740900
2020-04-07,23.350000381469727,25.329999923706055,22.899999618530273,23.790000915527344,848600
2020-04-08,24.459999084472656,25.469999313354492,23.09000015258789,23.719999313354492,704200
2020-04-09,24.5,26.459999084472656,23.780000686645508,25.030000686645508,927900
2020-04-13,24.5,24.739999771118164,23.0,23.950000762939453,822800
2020-04-14,24.06999969482422,25.530000686645508,23.299999237060547,24.899999618530273,794900
2020-04-15,23.100000381469727,23.489999771118164,21.6299991607666,22.920000076293945,640600
2020-04-16,23.200000762939453,23.639999389648438,22.389999389648438,23.010000228881836,602900
2020-04-17,24.3700008392334,24.6299991607666,23.610000610351562,24.170000076293945,557500
2020-04-20,24.079999923706055,24.440000534057617,23.18000030517578,23.75,439000
2020-04-21,22.670000076293945,23.860000610351562,22.440000534057617,23.40999984741211,405500
2020-04-22,21.479999542236328,23.440000534057617,21.450000762939453,23.0,463400
2020-04-23,21.489999771118164,22.709999084472656,21.010000228881836,21.670000076293945,725100
2020-04-24,21.190000534057617,22.81999969482422,20.030000686645508,21.56999969482422,786700
2020-04-27,23.610000610351562,23.889999389648438,21.280000686645508,21.280000686645508,612800
2020-04-28,24.760000228881836,25.610000610351562,23.56999969482422,24.56999969482422,827200
2020-04-29,26.670000076293945,26.75,25.309999465942383,25.329999923706055,952800
2020-04-30,23.850000381469727,26.0,23.829999923706055,25.959999084472656,914600
2020-05-01,24.040000915527344,24.399999618530273,23.0,23.420000076293945,648800
2020-05-04,23.899999618530273,24.06999969482422,22.639999389648438,23.81999969482422,639400
2020-05-05,22.8700008392334,25.190000534057617,21.5,21.5,1628100
2020-05-06,24.010000228881836,24.459999084472656,22.8700008392334,22.959999084472656,1229600
2020-05-07,24.1200008392334,25.649999618530273,24.0,24.360000610351562,720600
2020-05-08,26.030000686645508,26.1299991607666,24.559999465942383,24.610000610351562,659400
2020-05-11,25.34000015258789,26.020000457763672,25.1299991607666,25.770000457763672,657100
2020-05-12,28.34000015258789,31.110000610351562,25.3799991607666,25.40999984741211,4385800
2020-05-13,26.139999389648438,28.600000381469727,25.18000030517578,28.5,2101000
2020-05-14,27.850000381469727,27.899999618530273,25.260000228881836,25.510000228881836,1309800
2020-05-15,27.579999923706055,28.639999389648438,27.290000915527344,27.889999389648438,1030900
2020-05-18,27.889999389648438,28.90999984741211,27.739999771118164,28.239999771118164,895200
2020-05-19,28.450000762939453,29.010000228881836,27.34000015258789,27.780000686645508,671600
2020-05-20,30.260000228881836,30.530000686645508,29.110000610351562,29.110000610351562,940900
2020-05-21,30.709999084472656,30.8700008392334,30.0,30.0,617300
2020-05-22,29.15999984741211,31.0,29.059999465942383,30.520000457763672,815500
2020-05-26,29.90999984741211,30.3799991607666,29.260000228881836,30.3799991607666,887400
2020-05-27,30.020000457763672,31.219999313354492,29.760000228881836,30.190000534057617,991200
2020-05-28,28.610000610351562,30.280000686645508,28.389999389648438,30.139999389648438,602700
2020-05-29,28.270000457763672,28.809999465942383,27.739999771118164,28.31999969482422,640200
2020-06-01,29.889999389648438,30.34000015258789,28.350000381469727,28.520000457763672,739200
2020-06-02,29.56999969482422,30.68000030517578,28.979999542236328,30.030000686645508,838100
2020-06-03,31.799999237060547,32.29999923706055,29.899999618530273,30.25,829100
2020-06-04,32.15999984741211,32.33000183105469,30.920000076293945,31.549999237060547,794900
2020-06-05,33.310001373291016,34.459999084472656,33.04999923706055,33.619998931884766,1008400
2020-06-08,34.22999954223633,34.45000076293945,33.540000915527344,33.939998626708984,811000
2020-06-09,31.34000015258789,33.790000915527344,31.219999313354492,33.790000915527344,907300
2020-06-10,29.8799991607666,31.290000915527344,29.760000228881836,31.290000915527344,815000
2020-06-11,28.329999923706055,29.139999389648438,27.729999542236328,28.43000030517578,917500
2020-06-12,27.889999389648438,29.540000915527344,26.969999313354492,29.520000457763672,862800
2020-06-15,29.350000381469727,30.479999542236328,26.75,26.920000076293945,872900
2020-06-16,27.760000228881836,30.65999984741211,27.450000762939453,30.65999984741211,1108200
2020-06-17,26.489999771118164,27.639999389648438,26.25,27.639999389648438,1215100
2020-06-18,27.020000457763672,27.329999923706055,25.850000381469727,26.190000534057617,1127200
2020-06-19,26.6200008392334,27.8799991607666,26.1299991607666,27.450000762939453,1505700
2020-06-22,26.93000030517578,27.399999618530273,25.979999542236328,26.649999618530273,792800
2020-06-23,26.3799991607666,27.360000610351562,26.329999923706055,27.309999465942383,1042400
2020-06-24,25.149999618530273,26.06999969482422,24.59000015258789,26.059999465942383,1295600
2020-06-25,24.399999618530273,24.989999771118164,23.829999923706055,24.989999771118164,1091900
2020-06-26,22.639999389648438,24.520000457763672,22.450000762939453,24.040000915527344,5407100
2020-06-29,23.420000076293945,23.729999542236328,22.549999237060547,22.8700008392334,1530700
2020-06-30,23.389999389648438,23.780000686645508,22.700000762939453,23.18000030517578,1007900
2020-07-01,23.40999984741211,24.31999969482422,23.049999237060547,23.139999389648438,1210000
2020-07-02,23.15999984741211,24.040000915527344,23.040000915527344,23.8799991607666,805200
2020-07-06,23.219999313354492,23.920000076293945,22.68000030517578,23.6200008392334,732200
2020-07-07,22.59000015258789,23.100000381469727,22.239999771118164,22.860000610351562,1260400
2020-07-08,21.920000076293945,22.3799991607666,21.6299991607666,22.3799991607666,1053900
2020-07-09,23.360000610351562,24.75,20.540000915527344,21.770000457763672,5801000
2020-07-10,24.350000381469727,24.450000762939453,22.850000381469727,23.290000915527344,1626400
2020-07-13,24.709999084472656,25.639999389648438,23.850000381469727,24.1200008392334,1268700
2020-07-14,24.559999465942383,25.389999389648438,23.899999618530273,24.389999389648438,681900
2020-07-15,25.600000381469727,26.040000915527344,24.989999771118164,25.329999923706055,831200
2020-07-16,26.31999969482422,27.010000228881836,25.360000610351562,25.700000762939453,1058800
2020-07-17,24.920000076293945,26.40999984741211,24.729999542236328,26.229999542236328,1011400
2020-07-20,24.239999771118164,25.06999969482422,24.020000457763672,24.899999618530273,535000
2020-07-21,24.479999542236328,25.25,24.309999465942383,24.59000015258789,652600
2020-07-22,24.59000015258789,24.920000076293945,24.239999771118164,24.34000015258789,364200
2020-07-23,24.899999618530273,25.110000610351562,24.09000015258789,24.479999542236328,502500
2020-07-24,24.8700008392334,25.739999771118164,24.729999542236328,24.979999542236328,482900
2020-07-27,24.18000030517578,24.59000015258789,23.969999313354492,24.59000015258789,331700
2020-07-28,24.110000610351562,24.700000762939453,24.030000686645508,24.079999923706055,383800
2020-07-29,23.40999984741211,24.239999771118164,23.1200008392334,24.209999084472656,515900
2020-07-30,23.440000534057617,23.5,22.540000915527344,23.149999618530273,530600
2020-07-31,23.100000381469727,23.290000915527344,22.209999084472656,23.270000457763672,826300
2020-08-03,23.93000030517578,23.959999084472656,22.469999313354492,23.1299991607666,683700
2020-08-04,24.43000030517578,25.1299991607666,22.139999389648438,23.31999969482422,1963700
2020-08-05,22.690000534057617,24.729999542236328,22.639999389648438,24.700000762939453,1217800
2020-08-06,23.549999237060547,24.309999465942383,22.809999465942383,22.860000610351562,1177400
2020-08-07,23.600000381469727,23.829999923706055,23.1200008392334,23.709999084472656,935800
2020-08-10,23.979999542236328,24.350000381469727,23.530000686645508,23.850000381469727,750700
2020-08-11,25.329999923706055,26.290000915527344,24.34000015258789,24.34000015258789,1513700
2020-08-12,25.020000457763672,25.780000686645508,24.030000686645508,25.709999084472656,972100
2020-08-13,24.889999389648438,25.270000457763672,24.489999771118164,24.729999542236328,456000
2020-08-14,25.200000762939453,26.010000228881836,24.719999313354492,25.0,548500
2020-08-17,24.6299991607666,25.200000762939453,24.1299991607666,25.200000762939453,515900
2020-08-18,24.43000030517578,24.889999389648438,24.18000030517578,24.889999389648438,448100
2020-08-19,24.739999771118164,25.09000015258789,24.31999969482422,24.459999084472656,632900
2020-08-20,24.309999465942383,24.559999465942383,23.850000381469727,24.40999984741211,484600
2020-08-21,24.510000228881836,24.639999389648438,24.0,24.3799991607666,645700
2020-08-24,25.559999465942383,25.649999618530273,24.610000610351562,24.6200008392334,544800
2020-08-25,25.200000762939453,25.790000915527344,24.889999389648438,25.59000015258789,377300
2020-08-26,25.040000915527344,25.5,24.940000534057617,25.200000762939453,491200
2020-08-27,25.15999984741211,25.670000076293945,24.790000915527344,25.030000686645508,392800
2020-08-28,25.389999389648438,25.549999237060547,25.059999465942383,25.270000457763672,335800
2020-08-31,24.290000915527344,25.360000610351562,24.270000457763672,25.31999969482422,460700
2020-09-01,22.899999618530273,24.459999084472656,22.829999923706055,24.270000457763672,946700
2020-09-02,22.809999465942383,23.1200008392334,21.690000534057617,23.0,1313400
2020-09-03,22.290000915527344,23.3799991607666,21.780000686645508,22.969999313354492,1393000
2020-09-04,23.209999084472656,23.360000610351562,22.0,22.530000686645508,1050000
2020-09-08,22.43000030517578,23.1299991607666,22.219999313354492,23.010000228881836,636700
2020-09-09,22.25,22.610000610351562,21.809999465942383,22.610000610351562,730500
2020-09-10,21.219999313354492,22.530000686645508,21.1299991607666,22.290000915527344,818000
2020-09-11,20.860000610351562,21.389999389648438,20.299999237060547,21.239999771118164,727800
2020-09-14,22.5,22.780000686645508,20.950000762939453,21.010000228881836,1532300
2020-09-15,20.770000457763672,22.3700008392334,20.75,22.260000228881836,1663700
2020-09-16,25.18000030517578,25.3700008392334,24.0,24.5,7904400
2020-09-17,25.280000686645508,25.329999923706055,24.6299991607666,24.770000457763672,1814700
2020-09-18,24.979999542236328,25.290000915527344,24.709999084472656,25.020000457763672,1475700
2020-09-21,24.510000228881836,24.81999969482422,24.200000762939453,24.760000228881836,1679100
2020-09-22,24.489999771118164,25.0,24.309999465942383,24.690000534057617,1713700
2020-09-23,23.799999237060547,24.670000076293945,23.799999237060547,24.469999313354492,2692300
2020-09-24,23.65999984741211,24.059999465942383,23.440000534057617,23.770000457763672,921000
2020-09-25,24.190000534057617,24.260000228881836,23.549999237060547,23.559999465942383,708400
2020-09-28,24.719999313354492,24.920000076293945,24.440000534057617,24.520000457763672,838800
2020-09-29,24.600000381469727,24.959999084472656,24.020000457763672,24.670000076293945,1128000
2020-09-30,24.709999084472656,25.030000686645508,24.600000381469727,24.760000228881836,801400
2020-10-01,24.260000228881836,25.040000915527344,24.020000457763672,24.6299991607666,1637000
2020-10-02,24.049999237060547,24.280000686645508,23.68000030517578,23.8799991607666,2018000
2020-10-05,23.690000534057617,24.6299991607666,23.3700008392334,24.309999465942383,1228500
2020-10-06,23.6299991607666,24.200000762939453,23.610000610351562,23.899999618530273,1331200
2020-10-07,23.889999389648438,24.25,23.829999923706055,23.829999923706055,1065200
2020-10-08,24.0,24.360000610351562,23.850000381469727,24.110000610351562,2269500
2020-10-09,23.75,24.25,23.709999084472656,24.209999084472656,2151800
2020-10-12,24.579999923706055,24.600000381469727,23.790000915527344,23.790000915527344,1913500
2020-10-13,24.450000762939453,24.700000762939453,24.170000076293945,24.579999923706055,3481200
2020-10-14,23.739999771118164,24.700000762939453,23.700000762939453,24.700000762939453,3306000
2020-10-15,22.6200008392334,22.75,21.799999237060547,22.700000762939453,7670300
2020-10-16,23.280000686645508,23.610000610351562,22.309999465942383,22.639999389648438,4097700
2020-10-19,23.0,24.139999389648438,22.6299991607666,22.690000534057617,1972400
2020-10-20,23.139999389648438,23.459999084472656,23.040000915527344,23.260000228881836,1029000
2020-10-21,24.510000228881836,24.670000076293945,22.670000076293945,23.06999969482422,2122500
2020-10-22,23.90999984741211,24.989999771118164,23.690000534057617,24.719999313354492,919900
2020-10-23,23.360000610351562,24.1299991607666,23.190000534057617,24.0,1199800
2020-10-26,22.760000228881836,23.239999771118164,22.450000762939453,23.18000030517578,2102700
2020-10-27,21.989999771118164,22.469999313354492,21.520000457763672,22.469999313354492,2225300
2020-10-28,20.969999313354492,21.6200008392334,20.940000534057617,21.520000457763672,1577300
2020-10-29,21.309999465942383,21.510000228881836,20.15999984741211,20.719999313354492,1474400
2020-10-30,21.25,21.600000381469727,20.479999542236328,21.3799991607666,1628900
2020-11-02,22.6299991607666,23.020000457763672,21.5,22.0,1654700
2020-11-03,23.020000457763672,23.809999465942383,22.770000457763672,22.959999084472656,1603900
2020-11-04,23.260000228881836,23.670000076293945,22.260000228881836,22.510000228881836,926800
2020-11-05,23.729999542236328,23.850000381469727,22.889999389648438,23.139999389648438,1134300
2020-11-06,23.889999389648438,24.0,23.329999923706055,23.81999969482422,1106900
2020-11-09,24.969999313354492,26.56999969482422,24.31999969482422,25.469999313354492,1984800
2020-11-10,26.34000015258789,26.450000762939453,24.809999465942383,25.350000381469727,1074200
2020-11-11,25.549999237060547,26.450000762939453,25.229999542236328,26.229999542236328,1152500
2020-11-12,24.860000610351562,25.670000076293945,24.780000686645508,25.34000015258789,584300
2020-11-13,26.360000610351562,26.3700008392334,24.889999389648438,25.290000915527344,909800
2020-11-16,28.389999389648438,28.520000457763672,26.799999237060547,26.979999542236328,1182200
2020-11-17,29.530000686645508,30.1299991607666,27.34000015258789,28.06999969482422,1894700
2020-11-18,28.979999542236328,30.610000610351562,28.90999984741211,29.579999923706055,1453400
2020-11-19,29.0,29.030000686645508,27.8700008392334,28.639999389648438,653100
2020-11-20,30.1200008392334,30.149999618530273,28.959999084472656,29.049999237060547,1301500
2020-11-23,31.31999969482422,31.450000762939453,29.799999237060547,30.0,1519100
2020-11-24,32.9900016784668,33.060001373291016,31.479999542236328,31.790000915527344,953800
2020-11-25,33.150001525878906,33.68000030517578,32.34000015258789,33.20000076293945,1257200
2020-11-27,34.11000061035156,35.81999969482422,33.970001220703125,35.029998779296875,2702900
2020-11-30,32.970001220703125,34.5,32.90999984741211,33.34000015258789,2002100
2020-12-01,32.36000061035156,34.22999954223633,31.799999237060547,34.029998779296875,6780400
2020-12-02,32.41999816894531,32.68000030517578,31.299999237060547,32.04999923706055,668800
2020-12-03,32.400001525878906,33.09000015258789,31.8799991607666,32.54999923706055,641700
2020-12-04,33.029998779296875,33.36000061035156,32.09000015258789,32.65999984741211,493800
2020-12-07,32.11000061035156,33.29999923706055,32.0,32.86000061035156,510400
2020-12-08,31.06999969482422,32.13999938964844,30.889999389648438,31.280000686645508,591300
2020-12-09,32.38999938964844,32.810001373291016,31.209999084472656,31.3700008392334,744300
2020-12-10,32.72999954223633,32.91999816894531,31.59000015258789,31.739999771118164,549300
2020-12-11,32.18000030517578,33.33000183105469,32.0,32.65999984741211,838400
2020-12-14,32.310001373291016,33.099998474121094,31.649999618530273,32.88999938964844,472500
2020-12-15,32.849998474121094,33.13999938964844,31.8700008392334,32.70000076293945,438100
2020-12-16,31.959999084472656,32.95000076293945,31.950000762939453,32.88999938964844,673700
2020-12-17,32.400001525878906,32.54999923706055,31.15999984741211,31.940000534057617,590900
2020-12-18,32.06999969482422,32.470001220703125,31.5,32.470001220703125,2167400
2020-12-21,31.690000534057617,32.06999969482422,30.90999984741211,32.06999969482422,590300
2020-12-22,31.510000228881836,31.989999771118164,30.469999313354492,31.989999771118164,526100
2020-12-23,33.7400016784668,33.900001525878906,31.889999389648438,31.899999618530273,918300
2020-12-24,32.93000030517578,33.7599983215332,32.810001373291016,33.619998931884766,309200
2020-12-28,34.20000076293945,35.099998474121094,32.72999954223633,33.099998474121094,3000600
2020-12-29,34.88999938964844,34.93000030517578,33.720001220703125,33.9900016784668,707000
2020-12-30,35.470001220703125,35.709999084472656,34.880001068115234,35.279998779296875,582400
2020-12-31,35.77000045776367,36.56999969482422,35.220001220703125,35.369998931884766,912000
2021-01-04,35.599998474121094,36.36000061035156,34.58000183105469,35.83000183105469,731900
2021-01-05,36.13999938964844,36.41999816894531,35.0,35.630001068115234,472700
2021-01-06,37.9900016784668,38.68000030517578,36.59000015258789,36.75,987800
2021-01-07,38.650001525878906,38.91999816894531,37.61000061035156,38.5,712300
2021-01-08,39.18000030517578,39.34000015258789,37.86000061035156,38.90999984741211,469500
2021-01-11,39.9900016784668,40.7400016784668,38.029998779296875,38.88999938964844,843900
2021-01-12,41.11000061035156,41.90999984741211,40.0,40.130001068115234,800800
2021-01-13,41.4900016784668,42.150001525878906,40.209999084472656,40.61000061035156,1305400
2021-01-14,42.95000076293945,43.70000076293945,41.13999938964844,41.86000061035156,1839800
2021-01-15,42.04999923706055,42.869998931884766,41.0099983215332,41.959999084472656,480900
2021-01-19,43.689998626708984,43.790000915527344,42.04999923706055,42.470001220703125,789300
2021-01-20,43.0,44.619998931884766,42.720001220703125,44.09000015258789,745700
2021-01-21,43.09000015258789,43.93000030517578,42.0,43.060001373291016,703800
2021-01-22,49.380001068115234,50.33000183105469,41.77000045776367,42.5,1914900
2021-01-25,54.40999984741211,58.33000183105469,50.31999969482422,50.880001068115234,7074700
2021-01-26,59.83000183105469,61.0,54.02000045776367,55.18000030517578,3257700
2021-01-27,48.27000045776367,73.0,46.54999923706055,64.9000015258789,8069800
2021-01-28,47.7400016784668,55.31999969482422,46.79999923706055,52.86000061035156,6244200
2021-01-29,49.41999816894531,53.189998626708984,48.08000183105469,48.720001220703125,2068500
2021-02-01,51.66999816894531,52.25,46.54999923706055,49.34000015258789,1632000
2021-02-02,45.790000915527344,51.0,45.2400016784668,50.310001373291016,2145100
2021-02-03,47.0,47.560001373291016,45.150001525878906,46.11000061035156,1005000
2021-02-04,44.810001373291016,46.79999923706055,44.13999938964844,46.75,785300
2021-02-05,46.869998931884766,47.43000030517578,44.540000915527344,45.150001525878906,788000
2021-02-08,47.220001220703125,47.77000045776367,45.86000061035156,45.86000061035156,382600
2021-02-09,46.45000076293945,46.88999938964844,45.2400016784668,46.689998626708984,644300
2021-02-10,47.439998626708984,47.7599983215332,45.0,46.9900016784668,596900
2021-02-11,47.18000030517578,47.68000030517578,45.15999984741211,47.68000030517578,660000
2021-02-12,49.54999923706055,49.970001220703125,46.04999923706055,47.04999923706055,863000
2021-02-16,49.86000061035156,51.5099983215332,48.93000030517578,49.599998474121094,610900
2021-02-17,51.15999984741211,51.41999816894531,48.4900016784668,49.79999923706055,674000
2021-02-18,50.47999954223633,52.5099983215332,50.099998474121094,50.7599983215332,476900
2021-02-19,50.27000045776367,51.529998779296875,49.7599983215332,50.630001068115234,405500
2021-02-22,53.849998474121094,55.7400016784668,50.72999954223633,51.68000030517578,1075300
2021-02-23,51.91999816894531,53.099998474121094,49.56999969482422,52.880001068115234,578100
2021-02-24,54.310001373291016,54.849998474121094,52.150001525878906,52.400001525878906,528300
2021-02-25,53.06999969482422,55.9900016784668,52.22999954223633,55.310001373291016,935300
2021-02-26,65.58999633789062,70.70999908447266,56.5,57.0,3359200
2021-03-01,71.12999725341797,72.94999694824219,63.77000045776367,65.30000305175781,1506000
2021-03-02,67.13999938964844,72.41000366210938,66.7699966430664,69.29000091552734,1434100
2021-03-03,68.73999786376953,74.05000305175781,68.33999633789062,69.12999725341797,1099800
2021-03-04,68.1500015258789,71.98999786376953,66.16999816894531,69.06999969482422,1256200
2021-03-05,69.06999969482422,69.75,66.16999816894531,67.38999938964844,775800
2021-03-08,74.37000274658203,75.1500015258789,64.9800033569336,69.63999938964844,1288600
2021-03-09,71.27999877929688,74.98999786376953,69.12999725341797,74.05999755859375,794200
2021-03-10,71.33000183105469,72.37999725341797,66.77999877929688,68.5999984741211,841100
2021-03-11,73.5999984741211,73.87000274658203,70.30000305175781,71.0,806400
2021-03-12,78.62999725341797,78.98999786376953,72.16000366210938,73.83999633789062,991000
2021-03-15,76.16999816894531,83.62999725341797,76.0,78.0,930300
2021-03-16,76.30999755859375,79.41000366210938,75.22000122070312,76.12999725341797,474000
2021-03-17,72.56999969482422,75.12999725341797,70.31999969482422,75.12999725341797,771700
2021-03-18,70.01000213623047,73.05000305175781,69.69000244140625,71.55999755859375,538400
2021-03-19,69.2699966430664,71.94000244140625,68.9800033569336,69.52999877929688,886100
2021-03-22,69.19000244140625,69.9000015258789,67.30000305175781,69.69000244140625,498200
2021-03-23,64.73999786376953,67.91000366210938,64.38999938964844,67.62999725341797,531100
2021-03-24,60.5099983215332,65.88999938964844,60.369998931884766,65.30999755859375,680800
2021-03-25,60.869998931884766,61.63999938964844,58.33000183105469,59.939998626708984,495600
2021-03-26,54.0099983215332,59.939998626708984,49.20000076293945,59.0,2522000
2021-03-29,52.5,56.5099983215332,51.08000183105469,54.869998931884766,1023400
2021-03-30,53.7599983215332,55.0,52.0,53.38999938964844,598900
2021-03-31,53.15999984741211,54.790000915527344,52.38999938964844,53.54999923706055,653400
2021-04-01,53.560001373291016,54.66999816894531,52.84000015258789,53.47999954223633,500400
2021-04-05,51.79999923706055,54.02000045776367,50.38999938964844,53.630001068115234,626100
2021-04-06,53.66999816894531,54.40999984741211,52.20000076293945,52.27000045776367,479500
2021-04-07,52.189998626708984,54.060001373291016,50.66999816894531,53.689998626708984,465800
2021-04-08,51.47999954223633,52.209999084472656,50.5,52.16999816894531,320200
2021-04-09,51.619998931884766,52.349998474121094,50.79999923706055,51.470001220703125,289200
2021-04-12,51.7400016784668,52.58000183105469,50.959999084472656,52.15999984741211,420300
2021-04-13,52.38999938964844,53.5,51.2599983215332,52.13999938964844,459000
2021-04-14,53.08000183105469,54.220001220703125,51.060001373291016,51.83000183105469,566900
2021-04-15,51.63999938964844,53.900001525878906,50.75,53.61000061035156,404600
2021-04-16,52.86000061035156,53.7599983215332,51.66999816894531,52.36000061035156,343300
2021-04-19,52.290000915527344,53.65999984741211,51.25,52.86000061035156,538800
2021-04-20,51.310001373291016,52.189998626708984,50.41999816894531,51.59000015258789,534800
2021-04-21,52.060001373291016,53.150001525878906,50.43000030517578,50.900001525878906,501600
2021-04-22,52.0,53.29999923706055,50.970001220703125,52.70000076293945,378000
2021-04-23,52.540000915527344,53.45000076293945,51.439998626708984,52.25,307200
2021-04-26,52.310001373291016,53.349998474121094,50.54999923706055,53.20000076293945,284000
2021-04-27,53.0,53.9900016784668,52.43000030517578,52.810001373291016,278000
2021-04-28,52.72999954223633,53.189998626708984,51.9900016784668,53.0,215700
2021-04-29,51.150001525878906,53.290000915527344,50.4900016784668,53.099998474121094,365600
2021-04-30,50.279998779296875,51.189998626708984,50.0,50.810001373291016,528400
2021-05-03,47.939998626708984,50.70000076293945,47.91999816894531,50.619998931884766,841800
2021-05-04,47.060001373291016,47.68000030517578,46.189998626708984,47.5,654100
2021-05-05,45.150001525878906,47.599998474121094,44.97999954223633,47.56999969482422,932700
2021-05-06,45.54999923706055,46.029998779296875,44.54999923706055,45.77000045776367,368600
2021-05-07,47.220001220703125,49.439998626708984,45.27000045776367,46.86000061035156,513000
2021-05-10,47.2599983215332,48.4900016784668,45.97999954223633,45.97999954223633,472900
2021-05-11,47.90999984741211,47.95000076293945,45.29999923706055,46.7400016784668,287100
2021-05-12,46.08000183105469,48.27000045776367,45.630001068115234,47.75,325500
2021-05-13,47.45000076293945,48.61000061035156,46.310001373291016,46.439998626708984,476300
2021-05-14,49.220001220703125,49.36000061035156,47.709999084472656,48.52000045776367,385900
2021-05-17,47.529998779296875,50.9900016784668,47.04999923706055,50.77000045776367,504500
2021-05-18,48.0099983215332,48.810001373291016,47.04999923706055,47.540000915527344,321500
2021-05-19,49.02000045776367,49.16999816894531,47.099998474121094,47.13999938964844,288100
2021-05-20,49.93000030517578,50.13999938964844,48.77000045776367,49.20000076293945,302700
2021-05-21,50.970001220703125,51.75,49.68000030517578,50.279998779296875,526100
2021-05-24,50.41999816894531,51.709999084472656,49.9900016784668,51.61000061035156,482800
2021-05-25,49.88999938964844,51.90999984741211,49.81999969482422,50.36000061035156,400700
2021-05-26,51.72999954223633,51.95000076293945,50.029998779296875,50.029998779296875,279500
2021-05-27,53.310001373291016,53.5,51.970001220703125,52.34000015258789,490300
2021-05-28,53.68000030517578,53.900001525878906,52.880001068115234,53.83000183105469,499300
2021-06-01,54.25,54.2599983215332,52.97999954223633,54.099998474121094,457500
2021-06-02,55.31999969482422,55.369998931884766,53.900001525878906,54.72999954223633,724500
2021-06-03,56.77000045776367,56.970001220703125,54.40999984741211,55.09000015258789,981400
2021-06-04,66.80000305175781,67.4000015258789,56.619998931884766,56.619998931884766,3026600
2021-06-07,70.0,70.05000305175781,65.33999633789062,68.16999816894531,1339600
2021-06-08,71.43000030517578,72.0999984741211,68.68000030517578,68.69999694824219,988600
2021-06-09,66.16000366210938,72.80000305175781,66.0199966430664,71.0199966430664,844800
2021-06-10,63.04999923706055,66.95999908447266,62.869998931884766,66.23999786376953,457600
2021-06-11,64.97000122070312,65.05999755859375,62.880001068115234,63.70000076293945,311600
2021-06-14,65.0999984741211,65.87999725341797,63.9900016784668,64.70999908447266,426900
2021-06-15,63.349998474121094,65.95999908447266,62.45000076293945,65.12000274658203,448100
2021-06-16,64.43000030517578,64.79000091552734,62.59000015258789,63.290000915527344,363600
2021-06-17,61.619998931884766,64.80000305175781,60.5099983215332,63.9900016784668,479600
2021-06-18,61.439998626708984,61.90999984741211,59.540000915527344,60.310001373291016,706600
2021-06-21,61.2599983215332,62.88999938964844,60.70000076293945,62.13999938964844,371200
2021-06-22,62.779998779296875,63.369998931884766,59.970001220703125,61.41999816894531,398800
2021-06-23,64.30999755859375,65.2300033569336,62.630001068115234,62.689998626708984,335400
2021-06-24,64.95999908447266,65.41000366210938,63.77000045776367,64.41999816894531,228300
2021-06-25,65.1500015258789,66.22000122070312,64.51000213623047,65.27999877929688,612500
2021-06-28,66.7300033569336,66.9800033569336,64.54000091552734,64.88999938964844,325300
2021-06-29,66.7300033569336,67.87000274658203,66.2300033569336,66.7300033569336,223100
2021-06-30,66.80000305175781,67.44999694824219,66.0,66.69000244140625,294000
2021-07-01,65.98999786376953,68.0,65.7699966430664,67.11000061035156,425200
2021-07-02,66.86000061035156,67.47000122070312,65.0,66.30999755859375,288900
2021-07-06,61.84000015258789,66.83000183105469,61.720001220703125,66.83000183105469,386400
2021-07-07,60.970001220703125,62.040000915527344,59.7400016784668,61.09000015258789,255700
2021-07-08,58.86000061035156,60.5099983215332,57.279998779296875,59.54999923706055,304100
2021-07-09,60.91999816894531,61.04999923706055,59.54999923706055,60.040000915527344,180100
2021-07-12,62.709999084472656,63.209999084472656,59.529998779296875,60.08000183105469,420200
2021-07-13,58.97999954223633,62.58000183105469,58.79999923706055,61.97999954223633,334200
2021-07-14,57.47999954223633,59.5,57.16999816894531,59.349998474121094,216900
2021-07-15,55.540000915527344,58.27000045776367,54.66999816894531,57.56999969482422,243600
2021-07-16,55.0099983215332,56.9900016784668,54.599998474121094,56.15999984741211,293100
2021-07-19,53.06999969482422,54.90999984741211,52.689998626708984,53.59000015258789,372700
2021-07-20,54.36000061035156,54.77000045776367,52.75,53.5099983215332,234600
2021-07-21,56.540000915527344,57.97999954223633,54.79999923706055,54.9900016784668,309900
2021-07-22,53.43000030517578,54.849998474121094,52.810001373291016,54.849998474121094,337000
2021-07-23,52.22999954223633,54.439998626708984,51.63999938964844,53.97999954223633,344800
2021-07-26,54.650001525878906,55.04999923706055,52.65999984741211,52.959999084472656,280200
2021-07-27,53.13999938964844,53.970001220703125,52.2599983215332,53.91999816894531,282800
2021-07-28,52.599998474121094,54.279998779296875,51.72999954223633,53.20000076293945,313500
2021-07-29,51.630001068115234,54.09000015258789,51.619998931884766,53.38999938964844,269900
2021-07-30,50.040000915527344,51.70000076293945,49.380001068115234,51.18000030517578,294100
2021-08-02,50.02000045776367,51.970001220703125,49.56999969482422,50.900001525878906,310200
2021-08-03,47.959999084472656,50.06999969482422,47.130001068115234,49.72999954223633,393600
2021-08-04,48.04999923706055,48.40999984741211,47.09000015258789,47.09000015258789,224200
2021-08-05,49.529998779296875,50.34000015258789,47.86000061035156,47.86000061035156,302700
2021-08-06,52.709999084472656,54.36000061035156,49.84000015258789,52.5,525000
2021-08-09,52.900001525878906,53.59000015258789,51.02000045776367,52.369998931884766,425100
2021-08-10,54.34000015258789,55.33000183105469,52.0,52.63999938964844,365200
2021-08-11,55.459999084472656,55.5099983215332,53.369998931884766,54.599998474121094,417200
2021-08-12,52.560001373291016,56.040000915527344,51.939998626708984,55.5,326300
2021-08-13,51.40999984741211,54.349998474121094,51.099998474121094,53.040000915527344,208000
2021-08-16,51.2400016784668,51.68000030517578,49.959999084472656,50.72999954223633,178200
2021-08-17,49.970001220703125,51.630001068115234,49.09000015258789,50.52000045776367,280600
2021-08-18,49.0,50.790000915527344,48.91999816894531,50.18000030517578,290200
2021-08-19,47.33000183105469,48.5,46.869998931884766,48.45000076293945,271400
2021-08-20,48.060001373291016,48.959999084472656,47.099998474121094,47.20000076293945,172400
2021-08-23,49.33000183105469,49.75,47.709999084472656,48.47999954223633,202400
2021-08-24,48.70000076293945,49.9900016784668,48.290000915527344,49.66999816894531,353000
2021-08-25,47.15999984741211,49.349998474121094,47.15999984741211,48.77000045776367,471800
2021-08-26,46.58000183105469,47.310001373291016,45.720001220703125,47.130001068115234,384700
2021-08-27,48.2400016784668,49.119998931884766,46.40999984741211,46.849998474121094,299700
2021-08-30,47.689998626708984,48.689998626708984,46.5099983215332,48.459999084472656,152100
2021-08-31,47.529998779296875,49.18000030517578,47.36000061035156,47.7400016784668,573200
2021-09-01,47.279998779296875,48.439998626708984,46.5,48.15999984741211,399600
2021-09-02,46.959999084472656,48.16999816894531,46.720001220703125,47.45000076293945,215900
2021-09-03,45.529998779296875,46.959999084472656,45.310001373291016,46.959999084472656,265200
2021-09-07,44.59000015258789,46.61000061035156,44.34000015258789,45.52000045776367,396100
2021-09-08,44.20000076293945,45.939998626708984,43.2599983215332,45.939998626708984,370700
2021-09-09,46.4900016784668,49.27000045776367,43.619998931884766,44.56999969482422,1020800
2021-09-10,45.86000061035156,46.970001220703125,45.18000030517578,46.63999938964844,516400
2021-09-13,46.97999954223633,47.09000015258789,45.47999954223633,46.380001068115234,414500
2021-09-14,46.560001373291016,47.2599983215332,45.599998474121094,46.9900016784668,587900
2021-09-15,47.41999816894531,47.90999984741211,46.45000076293945,46.619998931884766,390900
2021-09-16,47.290000915527344,47.79999923706055,46.56999969482422,47.52000045776367,262700
2021-09-17,47.68000030517578,48.060001373291016,46.63999938964844,47.36000061035156,980700
2021-09-20,46.380001068115234,47.38999938964844,45.83000183105469,46.63999938964844,329400
2021-09-21,45.209999084472656,47.189998626708984,45.130001068115234,46.880001068115234,252200
2021-09-22,45.83000183105469,46.79999923706055,45.720001220703125,45.720001220703125,163500
2021-09-23,46.63999938964844,46.81999969482422,45.86000061035156,46.130001068115234,177900
2021-09-24,47.290000915527344,47.560001373291016,46.119998931884766,46.209999084472656,254100
2021-09-27,47.91999816894531,48.54999923706055,46.959999084472656,47.290000915527344,187200
2021-09-28,48.13999938964844,48.83000183105469,47.2400016784668,47.599998474121094,304500
2021-09-29,47.33000183105469,48.349998474121094,46.93000030517578,47.619998931884766,190100
2021-09-30,46.59000015258789,47.439998626708984,46.11000061035156,47.439998626708984,217700
2021-10-01,47.34000015258789,47.540000915527344,46.31999969482422,46.849998474121094,319700
2021-10-04,46.36000061035156,47.849998474121094,46.130001068115234,47.470001220703125,201100
2021-10-05,45.97999954223633,46.47999954223633,44.77000045776367,46.11000061035156,277900
2021-10-06,45.189998626708984,45.900001525878906,44.5099983215332,45.65999984741211,160000
2021-10-07,45.849998474121094,46.59000015258789,45.56999969482422,45.56999969482422,238800
2021-10-08,45.90999984741211,46.66999816894531,45.75,46.11000061035156,144400
2021-10-11,45.20000076293945,46.5,45.130001068115234,46.099998474121094,160700
2021-10-12,45.2599983215332,45.7599983215332,44.75,45.150001525878906,294100
2021-10-13,46.15999984741211,46.18000030517578,45.08000183105469,45.400001525878906,163300
2021-10-14,47.209999084472656,47.63999938964844,46.290000915527344,46.529998779296875,185000
2021-10-15,45.20000076293945,47.84000015258789,45.130001068115234,47.84000015258789,220800
2021-10-18,44.65999984741211,45.349998474121094,43.79999923706055,44.88999938964844,349000
2021-10-19,45.349998474121094,45.939998626708984,44.5,45.36000061035156,209900
2021-10-20,46.09000015258789,46.65999984741211,44.880001068115234,45.130001068115234,173800
2021-10-21,44.5,46.9900016784668,44.43000030517578,45.93000030517578,260300
2021-10-22,43.150001525878906,44.97999954223633,43.13999938964844,44.369998931884766,253100
2021-10-25,42.599998474121094,43.4900016784668,41.81999969482422,43.0099983215332,406400
2021-10-26,41.470001220703125,42.880001068115234,41.29999923706055,42.7599983215332,240500
2021-10-27,39.83000183105469,41.33000183105469,39.779998779296875,41.33000183105469,320300
2021-10-28,40.619998931884766,40.97999954223633,39.72999954223633,40.20000076293945,176300
2021-10-29,39.790000915527344,40.599998474121094,39.470001220703125,40.400001525878906,286300
2021-11-01,41.27000045776367,42.099998474121094,39.869998931884766,40.43000030517578,382100
2021-11-02,42.130001068115234,42.40999984741211,40.540000915527344,41.20000076293945,300500
2021-11-03,43.15999984741211,43.599998474121094,40.880001068115234,42.13999938964844,299000
2021-11-04,42.970001220703125,43.29999923706055,42.41999816894531,43.150001525878906,326400
2021-11-05,49.099998474121094,51.5099983215332,47.849998474121094,50.720001220703125,876900
2021-11-08,48.709999084472656,50.47999954223633,47.869998931884766,49.470001220703125,335800
2021-11-09,48.720001220703125,49.099998474121094,47.47999954223633,48.31999969482422,246100
2021-11-10,47.209999084472656,49.349998474121094,46.9900016784668,48.15999984741211,286000
2021-11-11,47.04999923706055,48.779998779296875,46.4900016784668,46.52000045776367,296100
2021-11-12,46.689998626708984,47.29999923706055,46.15999984741211,46.959999084472656,190100
2021-11-15,48.61000061035156,48.93000030517578,46.70000076293945,46.79999923706055,309400
2021-11-16,46.849998474121094,48.59000015258789,46.66999816894531,48.310001373291016,284200
2021-11-17,45.72999954223633,46.66999816894531,45.02000045776367,46.43000030517578,337700
2021-11-18,44.349998474121094,46.0099983215332,44.0,45.72999954223633,313100
2021-11-19,43.369998931884766,44.65999984741211,42.4900016784668,43.869998931884766,401700
2021-11-22,44.25,44.650001525878906,42.689998626708984,43.619998931884766,397600
2021-11-23,41.83000183105469,44.380001068115234,41.720001220703125,43.900001525878906,722200
2021-11-24,41.220001220703125,41.7599983215332,40.7400016784668,41.36000061035156,409300
2021-11-26,39.2599983215332,40.470001220703125,38.02000045776367,39.939998626708984,412400
2021-11-29,39.5099983215332,40.060001373291016,37.540000915527344,40.0,601100
2021-11-30,38.61000061035156,39.52000045776367,37.25,38.970001220703125,1814800
2021-12-01,35.439998626708984,39.65999984741211,35.349998474121094,39.619998931884766,555100
2021-12-02,37.040000915527344,37.31999969482422,35.34000015258789,35.84000015258789,539300
2021-12-03,38.54999923706055,38.810001373291016,36.66999816894531,37.16999816894531,435700
2021-12-06,39.75,40.470001220703125,38.54999923706055,38.56999969482422,598000
2021-12-07,40.790000915527344,42.040000915527344,40.0,40.470001220703125,797400
2021-12-08,39.9900016784668,42.099998474121094,39.880001068115234,41.0,355300
2021-12-09,38.84000015258789,39.81999969482422,38.599998474121094,39.380001068115234,311000
2021-12-10,39.06999969482422,39.310001373291016,38.470001220703125,39.130001068115234,221100
2021-12-13,37.09000015258789,38.779998779296875,36.970001220703125,38.59000015258789,345900
2021-12-14,35.38999938964844,37.060001373291016,35.29999923706055,36.45000076293945,526000
2021-12-15,34.33000183105469,35.220001220703125,33.5,35.220001220703125,713700
2021-12-16,34.08000183105469,36.0,33.88999938964844,34.849998474121094,563900
2021-12-17,35.310001373291016,36.380001068115234,33.369998931884766,34.15999984741211,1761400
2021-12-20,33.5,34.56999969482422,32.959999084472656,34.290000915527344,448700
2021-12-21,35.06999969482422,35.439998626708984,33.689998626708984,33.689998626708984,344100
2021-12-22,34.77000045776367,35.439998626708984,34.470001220703125,34.90999984741211,269300
2021-12-23,35.91999816894531,36.08000183105469,34.560001373291016,35.099998474121094,257700
2021-12-27,35.189998626708984,35.97999954223633,34.900001525878906,35.939998626708984,234900
2021-12-28,35.04999923706055,36.25,34.81999969482422,35.400001525878906,163500
2021-12-29,34.45000076293945,35.20000076293945,34.02000045776367,34.90999984741211,181300
2021-12-30,35.68000030517578,36.36000061035156,34.45000076293945,34.45000076293945,233300
2021-12-31,34.439998626708984,36.209999084472656,34.369998931884766,35.70000076293945,178100
2022-01-03,37.20000076293945,38.029998779296875,34.66999816894531,34.66999816894531,457900
2022-01-04,39.189998626708984,39.79999923706055,37.45000076293945,37.45000076293945,787100
2022-01-05,38.38999938964844,40.939998626708984,38.130001068115234,39.54999923706055,599000
2022-01-06,37.90999984741211,39.36000061035156,37.68000030517578,38.119998931884766,361500
2022-01-07,40.619998931884766,40.880001068115234,37.84000015258789,37.880001068115234,609900
2022-01-10,41.38999938964844,41.72999954223633,39.79999923706055,40.65999984741211,520100
2022-01-11,41.709999084472656,42.4900016784668,40.90999984741211,41.0,425700
2022-01-12,41.220001220703125,41.900001525878906,40.63999938964844,41.7400016784668,403900
2022-01-13,41.959999084472656,42.91999816894531,41.209999084472656,41.5099983215332,350000
2022-01-14,42.20000076293945,42.29999923706055,40.619998931884766,41.099998474121094,454700
2022-01-18,40.560001373291016,43.06999969482422,40.279998779296875,42.099998474121094,422500
2022-01-19,40.0,40.77000045776367,39.220001220703125,40.709999084472656,381400
2022-01-20,38.939998626708984,40.5,38.790000915527344,40.34000015258789,374100
2022-01-21,35.970001220703125,38.22999954223633,35.619998931884766,38.119998931884766,482500
2022-01-24,37.27000045776367,37.31999969482422,34.16999816894531,35.150001525878906,483900
2022-01-25,38.72999954223633,39.11000061035156,36.34000015258789,36.34000015258789,461600
2022-01-26,38.27000045776367,39.959999084472656,38.099998474121094,39.400001525878906,486200
2022-01-27,38.560001373291016,39.40999984741211,38.13999938964844,38.66999816894531,396800
2022-01-28,40.15999984741211,40.209999084472656,38.060001373291016,38.65999984741211,428500
2022-01-31,42.630001068115234,43.400001525878906,39.779998779296875,39.939998626708984,848200
2022-02-01,42.02000045776367,43.810001373291016,41.7599983215332,42.5,495600
2022-02-02,41.20000076293945,42.45000076293945,40.86000061035156,41.81999969482422,268200
2022-02-03,40.5099983215332,41.75,40.209999084472656,40.529998779296875,268800
2022-02-04,40.119998931884766,40.90999984741211,38.77000045776367,40.06999969482422,348000
2022-02-07,39.689998626708984,40.439998626708984,38.75,40.119998931884766,292100
2022-02-08,41.5,42.040000915527344,40.02000045776367,40.02000045776367,346500
2022-02-09,42.77000045776367,42.84000015258789,41.630001068115234,41.650001525878906,185400
2022-02-10,42.97999954223633,43.959999084472656,41.689998626708984,42.15999984741211,277000
2022-02-11,43.36000061035156,44.41999816894531,42.66999816894531,42.97999954223633,271200
2022-02-14,42.33000183105469,44.18000030517578,42.25,43.29999923706055,291700
2022-02-15,44.65999984741211,44.65999984741211,42.54999923706055,43.119998931884766,346600
2022-02-16,37.95000076293945,40.709999084472656,34.68000030517578,39.619998931884766,1520900
2022-02-17,37.40999984741211,38.91999816894531,36.59000015258789,36.65999984741211,496200
2022-02-18,38.5,39.59000015258789,37.099998474121094,37.099998474121094,389300
2022-02-22,37.56999969482422,39.599998474121094,37.31999969482422,37.400001525878906,408300
2022-02-23,40.029998779296875,40.599998474121094,38.31999969482422,38.43000030517578,677400
2022-02-24,41.060001373291016,41.150001525878906,38.2400016784668,38.41999816894531,402300
2022-02-25,40.86000061035156,41.95000076293945,39.86000061035156,41.040000915527344,339200
2022-02-28,41.45000076293945,42.52000045776367,39.97999954223633,39.97999954223633,522200
2022-03-01,41.25,41.93000030517578,39.869998931884766,41.45000076293945,1801400
2022-03-02,43.439998626708984,43.81999969482422,41.18000030517578,41.22999954223633,449200
2022-03-03,42.5,44.04999923706055,41.0,43.630001068115234,346900
2022-03-04,41.83000183105469,42.97999954223633,41.2599983215332,42.09000015258789,325200
2022-03-07,39.959999084472656,42.810001373291016,39.79999923706055,41.849998474121094,985300
2022-03-08,38.849998474121094,41.0,38.81999969482422,40.130001068115234,894200
2022-03-09,38.88999938964844,40.25,38.83000183105469,39.599998474121094,499800
2022-03-10,39.720001220703125,39.88999938964844,37.150001525878906,38.2400016784668,694100
2022-03-11,38.5,40.150001525878906,38.45000076293945,40.0,665800
2022-03-14,41.189998626708984,41.27000045776367,38.0099983215332,38.66999816894531,460600
2022-03-15,38.810001373291016,42.36000061035156,37.0099983215332,41.27000045776367,858800
2022-03-16,39.849998474121094,40.2400016784668,38.45000076293945,39.15999984741211,516600
2022-03-17,40.34000015258789,40.54999923706055,38.95000076293945,39.41999816894531,284700
2022-03-18,40.5,40.650001525878906,39.4900016784668,40.0099983215332,510900
2022-03-21,38.97999954223633,40.86000061035156,38.56999969482422,40.540000915527344,433700
2022-03-22,39.790000915527344,40.060001373291016,38.540000915527344,39.29999923706055,493100
2022-03-23,40.31999969482422,41.54999923706055,39.4900016784668,39.56999969482422,365900
2022-03-24,41.43000030517578,41.529998779296875,40.22999954223633,40.619998931884766,280300
2022-03-25,42.349998474121094,42.47999954223633,41.25,41.5099983215332,416000
2022-03-28,41.59000015258789,42.709999084472656,40.900001525878906,42.65999984741211,494500
2022-03-29,43.189998626708984,43.7400016784668,41.439998626708984,42.06999969482422,477300
2022-03-30,42.689998626708984,43.279998779296875,42.060001373291016,42.060001373291016,398800
2022-03-31,40.630001068115234,42.599998474121094,40.529998779296875,42.599998474121094,330000
2022-04-01,41.220001220703125,42.4900016784668,40.18000030517578,40.81999969482422,296300
2022-04-04,42.04999923706055,42.209999084472656,40.0099983215332,41.279998779296875,367600
2022-04-05,39.380001068115234,42.09000015258789,39.130001068115234,41.9900016784668,374500
2022-04-06,38.56999969482422,39.11000061035156,37.91999816894531,38.970001220703125,299100
2022-04-07,37.58000183105469,38.70000076293945,36.7400016784668,38.68000030517578,528900
2022-04-08,38.060001373291016,38.40999984741211,37.290000915527344,37.65999984741211,283300
2022-04-11,38.16999816894531,39.439998626708984,37.349998474121094,37.59000015258789,300900
2022-04-12,38.40999984741211,39.459999084472656,38.060001373291016,38.66999816894531,296600
2022-04-13,38.91999816894531,39.470001220703125,38.400001525878906,38.65999984741211,285200
2022-04-14,38.04999923706055,39.279998779296875,37.869998931884766,39.060001373291016,147800
2022-04-18,37.689998626708984,38.63999938964844,37.27000045776367,37.63999938964844,286100
2022-04-19,39.849998474121094,39.900001525878906,38.04999923706055,38.04999923706055,329300
2022-04-20,38.119998931884766,40.0099983215332,36.81999969482422,39.81999969482422,346700
2022-04-21,36.810001373291016,38.779998779296875,36.31999969482422,38.52000045776367,299400
2022-04-22,35.47999954223633,37.040000915527344,35.18000030517578,36.40999984741211,375900
2022-04-25,35.790000915527344,35.959999084472656,34.45000076293945,35.209999084472656,372300
2022-04-26,34.0,35.369998931884766,33.9900016784668,35.27000045776367,379500
2022-04-27,32.79999923706055,34.119998931884766,32.61000061035156,33.86000061035156,510400
2022-04-28,33.439998626708984,33.77000045776367,32.04999923706055,32.81999969482422,286800
2022-04-29,32.630001068115234,33.84000015258789,32.470001220703125,33.16999816894531,272900
2022-05-02,33.34000015258789,33.599998474121094,32.459999084472656,32.720001220703125,313300
2022-05-03,33.650001525878906,34.06999969482422,32.16999816894531,33.29999923706055,260200
2022-05-04,35.06999969482422,35.540000915527344,33.04999923706055,33.459999084472656,430400
2022-05-05,32.95000076293945,34.38999938964844,32.08000183105469,33.279998779296875,811400
2022-05-06,32.45000076293945,32.880001068115234,31.690000534057617,32.02000045776367,658200
2022-05-09,31.40999984741211,32.70000076293945,31.100000381469727,31.959999084472656,532800
2022-05-10,32.400001525878906,33.439998626708984,31.40999984741211,32.0,503400
2022-05-11,31.829999923706055,33.29999923706055,31.6299991607666,32.529998779296875,385200
2022-05-12,33.939998626708984,34.0,31.549999237060547,31.729999542236328,597400
2022-05-13,35.2400016784668,35.93000030517578,33.970001220703125,34.380001068115234,297800
2022-05-16,35.86000061035156,36.869998931884766,34.779998779296875,35.09000015258789,482500
2022-05-17,40.38999938964844,40.560001373291016,36.5,36.5,602300
2022-05-18,41.06999969482422,41.900001525878906,39.31999969482422,39.9900016784668,1006000
2022-05-19,41.810001373291016,42.66999816894531,39.27000045776367,40.43000030517578,666500
2022-05-20,40.540000915527344,42.66999816894531,39.7400016784668,42.189998626708984,414000
2022-05-23,40.209999084472656,41.41999816894531,39.459999084472656,41.13999938964844,440900
2022-05-24,38.5099983215332,39.5,37.58000183105469,39.5,287100
2022-05-25,39.939998626708984,40.099998474121094,38.41999816894531,38.41999816894531,215700
2022-05-26,38.939998626708984,39.70000076293945,38.029998779296875,38.91999816894531,786100
2022-05-27,39.529998779296875,39.7599983215332,38.41999816894531,39.18000030517578,390200
2022-05-31,39.2599983215332,39.79999923706055,38.099998474121094,39.11000061035156,518400
2022-06-01,38.59000015258789,39.72999954223633,37.439998626708984,39.72999954223633,1698800
2022-06-02,38.09000015258789,38.790000915527344,37.689998626708984,38.689998626708984,308900
2022-06-03,36.439998626708984,37.90999984741211,36.279998779296875,37.65999984741211,218700
2022-06-06,36.2599983215332,36.81999969482422,35.54999923706055,36.81999969482422,335700
2022-06-07,36.7599983215332,36.7599983215332,35.630001068115234,35.810001373291016,357700
2022-06-08,35.70000076293945,36.779998779296875,35.31999969482422,36.40999984741211,296700
2022-06-09,34.5,35.59000015258789,34.4900016784668,35.45000076293945,258800
2022-06-10,33.06999969482422,34.2599983215332,32.869998931884766,33.68000030517578,312400
2022-06-13,30.389999389648438,31.969999313354492,30.0,31.649999618530273,851200
2022-06-14,30.280000686645508,30.81999969482422,29.729999542236328,30.65999984741211,302500
2022-06-15,30.719999313354492,31.540000915527344,30.260000228881836,30.649999618530273,351300
2022-06-16,28.100000381469727,29.600000381469727,27.889999389648438,29.600000381469727,451300
2022-06-17,28.209999084472656,29.309999465942383,27.360000610351562,28.260000228881836,624500
2022-06-21,28.25,29.260000228881836,28.139999389648438,28.8700008392334,331800
2022-06-22,28.760000228881836,28.920000076293945,27.790000915527344,27.8700008392334,242500
2022-06-23,28.719999313354492,28.81999969482422,28.15999984741211,28.649999618530273,297700
2022-06-24,30.780000686645508,30.889999389648438,28.610000610351562,28.790000915527344,951500
2022-06-27,30.559999465942383,31.18000030517578,30.1299991607666,31.110000610351562,286200
2022-06-28,30.309999465942383,31.489999771118164,30.18000030517578,30.979999542236328,274700
2022-06-29,29.1200008392334,30.079999923706055,28.809999465942383,30.079999923706055,449800
2022-06-30,29.1200008392334,29.459999084472656,28.18000030517578,28.639999389648438,202400
2022-07-01,29.469999313354492,29.81999969482422,28.950000762939453,29.1200008392334,251500
2022-07-05,29.43000030517578,29.489999771118164,28.15999984741211,28.760000228881836,446200
2022-07-06,28.719999313354492,29.559999465942383,28.229999542236328,29.34000015258789,249000
2022-07-07,29.579999923706055,29.899999618530273,29.06999969482422,29.06999969482422,212400
2022-07-08,29.260000228881836,30.34000015258789,29.170000076293945,29.709999084472656,183600
2022-07-11,28.43000030517578,29.15999984741211,28.040000915527344,29.030000686645508,296500
2022-07-12,29.149999618530273,29.56999969482422,28.260000228881836,28.260000228881836,216400
2022-07-13,29.239999771118164,29.440000534057617,28.440000534057617,28.90999984741211,171100
2022-07-14,28.760000228881836,29.049999237060547,28.229999542236328,29.0,163200
2022-07-15,29.649999618530273,29.729999542236328,28.540000915527344,29.420000076293945,160600
2022-07-18,29.950000762939453,30.6200008392334,29.649999618530273,29.850000381469727,239000
2022-07-19,31.200000762939453,31.579999923706055,30.530000686645508,30.549999237060547,289600
2022-07-20,32.560001373291016,32.790000915527344,31.25,31.260000228881836,187700
2022-07-21,32.650001525878906,32.84000015258789,31.719999313354492,31.979999542236328,179400
2022-07-22,32.310001373291016,33.0099983215332,31.969999313354492,32.540000915527344,184400
2022-07-25,32.27000045776367,32.81999969482422,31.0,32.349998474121094,159200
2022-07-26,31.020000457763672,31.989999771118164,30.8799991607666,31.709999084472656,189900
2022-07-27,31.850000381469727,32.130001068115234,31.25,31.299999237060547,171000
2022-07-28,31.90999984741211,32.18000030517578,30.8799991607666,31.84000015258789,151800
2022-07-29,30.520000457763672,31.90999984741211,30.469999313354492,31.90999984741211,307700
2022-08-01,31.1299991607666,31.18000030517578,29.829999923706055,30.270000457763672,276300
2022-08-02,31.600000381469727,32.15999984741211,30.959999084472656,31.09000015258789,182700
2022-08-03,32.59000015258789,32.83000183105469,31.219999313354492,32.09000015258789,269200
2022-08-04,33.150001525878906,33.349998474121094,32.41999816894531,32.41999816894531,233100
2022-08-05,28.93000030517578,30.25,27.790000915527344,29.68000030517578,551900
2022-08-08,30.229999542236328,30.709999084472656,28.90999984741211,28.90999984741211,466100
2022-08-09,29.440000534057617,30.3700008392334,29.149999618530273,30.229999542236328,362100
2022-08-10,29.959999084472656,30.729999542236328,29.559999465942383,29.979999542236328,268500
2022-08-11,30.469999313354492,31.700000762939453,30.3799991607666,30.3799991607666,444300
2022-08-12,30.479999542236328,30.920000076293945,29.850000381469727,30.920000076293945,349400
2022-08-15,30.979999542236328,31.260000228881836,29.719999313354492,30.15999984741211,307200
2022-08-16,31.110000610351562,31.3799991607666,30.15999984741211,30.850000381469727,261000
2022-08-17,28.989999771118164,30.649999618530273,28.940000534057617,30.649999618530273,266000
2022-08-18,28.700000762939453,28.860000610351562,28.110000610351562,28.860000610351562,248500
2022-08-19,28.270000457763672,28.600000381469727,28.0,28.219999313354492,254700
2022-08-22,26.15999984741211,27.709999084472656,25.920000076293945,27.709999084472656,369500
2022-08-23,26.280000686645508,26.729999542236328,25.989999771118164,26.280000686645508,272400
2022-08-24,27.459999084472656,27.700000762939453,26.3799991607666,26.729999542236328,427200
2022-08-25,28.450000762939453,28.790000915527344,27.459999084472656,27.459999084472656,341800
2022-08-26,27.6200008392334,28.799999237060547,27.6200008392334,28.3799991607666,397700
2022-08-29,27.209999084472656,27.989999771118164,26.8799991607666,27.25,339200
2022-08-30,27.1200008392334,27.760000228881836,26.75,27.350000381469727,1516400
2022-08-31,26.790000915527344,27.200000762939453,26.709999084472656,27.1200008392334,333600
2022-09-01,25.989999771118164,26.809999465942383,25.959999084472656,26.309999465942383,521500
2022-09-02,25.31999969482422,26.530000686645508,25.280000686645508,26.530000686645508,372400
2022-09-06,24.329999923706055,25.6299991607666,24.280000686645508,25.450000762939453,444800
2022-09-07,24.06999969482422,24.31999969482422,23.790000915527344,24.200000762939453,407000
2022-09-08,23.920000076293945,24.299999237060547,23.5,23.950000762939453,260600
2022-09-09,25.299999237060547,25.3700008392334,24.020000457763672,24.020000457763672,249900
2022-09-12,25.479999542236328,26.040000915527344,25.219999313354492,25.65999984741211,267300
2022-09-13,23.770000457763672,24.809999465942383,23.709999084472656,24.329999923706055,427500
2022-09-14,23.5,24.020000457763672,22.700000762939453,23.75,306800
2022-09-15,23.540000915527344,24.040000915527344,23.059999465942383,23.350000381469727,309900
2022-09-16,23.459999084472656,23.6200008392334,22.920000076293945,23.360000610351562,979100
2022-09-19,23.799999237060547,24.020000457763672,23.260000228881836,23.260000228881836,248300
2022-09-20,23.260000228881836,23.6299991607666,23.170000076293945,23.59000015258789,188900
2022-09-21,21.979999542236328,23.459999084472656,21.979999542236328,23.239999771118164,529500
2022-09-22,21.43000030517578,21.979999542236328,21.299999237060547,21.979999542236328,277900
2022-09-23,21.3799991607666,21.40999984741211,20.709999084472656,21.010000228881836,391900
2022-09-26,20.479999542236328,21.5,20.440000534057617,21.260000228881836,319500
2022-09-27,20.25,21.059999465942383,19.90999984741211,20.59000015258789,376800
2022-09-28,21.3700008392334,21.6200008392334,20.43000030517578,20.43000030517578,422700
2022-09-29,20.68000030517578,20.829999923706055,20.15999984741211,20.81999969482422,355900
2022-09-30,20.299999237060547,21.15999984741211,20.290000915527344,20.729999542236328,503500
2022-10-03,21.18000030517578,21.350000381469727,20.56999969482422,21.010000228881836,388300
2022-10-04,21.969999313354492,21.989999771118164,21.139999389648438,21.15999984741211,440800
2022-10-05,21.549999237060547,21.81999969482422,21.049999237060547,21.59000015258789,503500
2022-10-06,21.510000228881836,21.850000381469727,21.139999389648438,21.489999771118164,444300
2022-10-07,21.1200008392334,21.40999984741211,20.719999313354492,21.200000762939453,475500
2022-10-10,21.510000228881836,21.729999542236328,20.8700008392334,21.18000030517578,275700
2022-10-11,21.25,21.6299991607666,20.829999923706055,21.280000686645508,781200
2022-10-12,21.459999084472656,21.639999389648438,20.770000457763672,21.139999389648438,442800
2022-10-13,22.25,22.290000915527344,20.81999969482422,21.1299991607666,338400
2022-10-14,21.93000030517578,22.510000228881836,21.809999465942383,22.489999771118164,219300
2022-10-17,22.520000457763672,23.0,22.270000457763672,22.270000457763672,412700
2022-10-18,22.40999984741211,23.239999771118164,22.270000457763672,22.979999542236328,500500
2022-10-19,22.06999969482422,22.81999969482422,21.959999084472656,22.5,341700
2022-10-20,22.049999237060547,22.309999465942383,21.6200008392334,21.940000534057617,393000
2022-10-21,22.209999084472656,22.649999618530273,21.940000534057617,22.1200008392334,233400
2022-10-24,22.010000228881836,22.530000686645508,21.959999084472656,22.350000381469727,307400
2022-10-25,22.459999084472656,22.770000457763672,21.770000457763672,21.770000457763672,282700
2022-10-26,22.0,22.81999969482422,21.979999542236328,22.579999923706055,385000
2022-10-27,22.030000686645508,22.450000762939453,21.8799991607666,22.040000915527344,476700
2022-10-28,22.65999984741211,22.780000686645508,21.8799991607666,22.0,320500
2022-10-31,22.510000228881836,23.040000915527344,21.860000610351562,22.510000228881836,355700
2022-11-01,23.299999237060547,23.670000076293945,22.81999969482422,22.940000534057617,324100
2022-11-02,21.739999771118164,22.979999542236328,21.719999313354492,22.979999542236328,442600
2022-11-03,20.84000015258789,21.479999542236328,20.610000610351562,21.479999542236328,329500
2022-11-04,18.389999389648438,21.690000534057617,18.280000686645508,21.56999969482422,696600
2022-11-07,18.59000015258789,18.920000076293945,17.899999618530273,18.209999084472656,562600
2022-11-08,19.190000534057617,20.09000015258789,18.579999923706055,18.829999923706055,532800
2022-11-09,17.75,18.829999923706055,17.450000762939453,18.780000686645508,558400
2022-11-10,19.260000228881836,19.260000228881836,18.450000762939453,18.729999542236328,495300
2022-11-11,21.700000762939453,22.360000610351562,19.350000381469727,19.350000381469727,494500
2022-11-14,21.0,22.0,20.979999542236328,21.450000762939453,306200
2022-11-15,21.489999771118164,22.229999542236328,21.440000534057617,21.610000610351562,409500
2022-11-16,20.5,21.399999618530273,20.190000534057617,21.399999618530273,296400
2022-11-17,20.770000457763672,20.84000015258789,19.950000762939453,20.459999084472656,230700
2022-11-18,20.81999969482422,21.729999542236328,20.520000457763672,21.309999465942383,276300
2022-11-21,20.489999771118164,21.149999618530273,19.969999313354492,20.969999313354492,306200
2022-11-22,20.770000457763672,20.850000381469727,20.15999984741211,20.479999542236328,316900
2022-11-23,21.020000457763672,21.260000228881836,20.670000076293945,20.790000915527344,215200
2022-11-25,20.90999984741211,21.25,20.479999542236328,21.0,275200
2022-11-28,20.579999923706055,20.829999923706055,20.18000030517578,20.530000686645508,482000
2022-11-29,19.479999542236328,20.709999084472656,18.389999389648438,19.530000686645508,1983900
2022-11-30,19.959999084472656,20.010000228881836,18.8799991607666,19.709999084472656,817200
2022-12-01,19.84000015258789,20.469999313354492,19.639999389648438,19.969999313354492,420700
2022-12-02,19.229999542236328,19.610000610351562,19.049999237060547,19.489999771118164,407100
2022-12-05,18.760000228881836,19.079999923706055,18.700000762939453,19.06999969482422,438900
2022-12-06,17.920000076293945,18.850000381469727,17.729999542236328,18.770000457763672,737900
2022-12-07,17.40999984741211,18.020000457763672,17.18000030517578,17.860000610351562,502700
2022-12-08,17.719999313354492,18.06999969482422,17.239999771118164,17.450000762939453,323600
2022-12-09,17.8700008392334,17.950000762939453,17.31999969482422,17.450000762939453,324900
2022-12-12,18.700000762939453,18.950000762939453,17.8799991607666,17.8799991607666,512000
2022-12-13,18.540000915527344,20.0,18.440000534057617,19.510000228881836,489500
2022-12-14,18.329999923706055,18.760000228881836,18.09000015258789,18.329999923706055,493700
2022-12-15,17.040000915527344,17.979999542236328,16.959999084472656,17.90999984741211,442400
2022-12-16,16.780000686645508,17.06999969482422,16.450000762939453,16.760000228881836,1057400
2022-12-19,15.670000076293945,16.68000030517578,15.510000228881836,16.68000030517578,716500
2022-12-20,15.640000343322754,16.010000228881836,15.369999885559082,15.550000190734863,623300
2022-12-21,15.260000228881836,15.989999771118164,15.1899995803833,15.65999984741211,458400
2022-12-22,15.640000343322754,15.670000076293945,14.59000015258789,15.020000457763672,610100
2022-12-23,15.550000190734863,15.770000457763672,15.380000114440918,15.5600004196167,408800
2022-12-27,15.550000190734863,15.720000267028809,14.949999809265137,15.510000228881836,358700
2022-12-28,14.479999542236328,15.640000343322754,14.449999809265137,15.479999542236328,481700
2022-12-29,15.4399995803833,15.649999618530273,14.640000343322754,14.640000343322754,524800
2022-12-30,15.670000076293945,15.6899995803833,15.100000381469727,15.210000038146973,444400
2023-01-03,15.899999618530273,16.290000915527344,15.640000343322754,15.930000305175781,597900
2023-01-04,16.780000686645508,16.989999771118164,16.06999969482422,16.200000762939453,602400
2023-01-05,16.969999313354492,17.040000915527344,16.389999389648438,16.649999618530273,328000
2023-01-06,17.010000228881836,17.260000228881836,16.799999237060547,17.1200008392334,304700
2023-01-09,17.34000015258789,17.709999084472656,17.030000686645508,17.170000076293945,350200
2023-01-10,17.65999984741211,17.709999084472656,17.219999313354492,17.270000457763672,278300
2023-01-11,17.65999984741211,17.959999084472656,17.399999618530273,17.760000228881836,292800
2023-01-12,17.8700008392334,18.200000762939453,17.739999771118164,17.8799991607666,337700
2023-01-13,17.579999923706055,17.68000030517578,17.329999923706055,17.68000030517578,388200
2023-01-17,17.579999923706055,17.690000534057617,17.209999084472656,17.610000610351562,212600
2023-01-18,17.200000762939453,17.969999313354492,17.190000534057617,17.610000610351562,276600
2023-01-19,17.09000015258789,17.31999969482422,16.8799991607666,17.079999923706055,222900
2023-01-20,17.110000610351562,17.389999389648438,16.959999084472656,17.219999313354492,243100
2023-01-23,17.639999389648438,17.860000610351562,17.139999389648438,17.139999389648438,273000
2023-01-24,17.540000915527344,17.770000457763672,17.3799991607666,17.489999771118164,242200
2023-01-25,17.540000915527344,17.729999542236328,17.34000015258789,17.450000762939453,300300
2023-01-26,17.709999084472656,17.940000534057617,17.469999313354492,17.719999313354492,493000
2023-01-27,18.260000228881836,18.3700008392334,17.610000610351562,17.610000610351562,311700
2023-01-30,17.68000030517578,18.1299991607666,17.43000030517578,18.1200008392334,374300
2023-01-31,18.510000228881836,18.530000686645508,17.6200008392334,17.639999389648438,334800
2023-02-01,19.059999465942383,19.610000610351562,18.110000610351562,18.40999984741211,611900
2023-02-02,19.690000534057617,20.219999313354492,19.559999465942383,19.649999618530273,418200
2023-02-03,19.06999969482422,19.579999923706055,18.920000076293945,19.299999237060547,354400
2023-02-06,18.43000030517578,18.90999984741211,18.34000015258789,18.850000381469727,271200
2023-02-07,18.18000030517578,18.559999465942383,17.969999313354492,18.399999618530273,437300
2023-02-08,18.040000915527344,18.420000076293945,17.920000076293945,18.1299991607666,273100
2023-02-09,17.799999237060547,18.459999084472656,17.65999984741211,18.399999618530273,365600
2023-02-10,17.950000762939453,18.170000076293945,17.610000610351562,17.690000534057617,249500
2023-02-13,18.530000686645508,18.540000915527344,17.65999984741211,17.989999771118164,304900
2023-02-14,18.399999618530273,18.469999313354492,17.940000534057617,18.469999313354492,199800
2023-02-15,20.280000686645508,20.34000015258789,18.40999984741211,18.40999984741211,601600
2023-02-16,20.5,20.969999313354492,19.579999923706055,19.829999923706055,909600
2023-02-17,27.1299991607666,27.459999084472656,23.440000534057617,23.600000381469727,2750200
2023-02-21,23.93000030517578,27.06999969482422,23.809999465942383,26.729999542236328,1295800
2023-02-22,23.850000381469727,24.31999969482422,22.670000076293945,23.149999618530273,1004600
2023-02-23,24.610000610351562,24.649999618530273,23.729999542236328,23.899999618530273,579000
2023-02-24,23.670000076293945,24.780000686645508,23.469999313354492,23.959999084472656,653800
2023-02-27,22.770000457763672,24.889999389648438,22.75,23.90999984741211,566800
2023-02-28,22.360000610351562,23.399999618530273,22.34000015258789,22.709999084472656,708300
2023-03-01,22.889999389648438,23.329999923706055,22.079999923706055,22.309999465942383,398600
2023-03-02,22.649999618530273,22.790000915527344,22.209999084472656,22.510000228881836,303800
2023-03-03,22.670000076293945,23.09000015258789,22.65999984741211,22.90999984741211,290700
2023-03-06,21.34000015258789,23.030000686645508,21.219999313354492,22.6200008392334,426500
2023-03-07,21.0,21.850000381469727,20.940000534057617,21.399999618530273,445100
2023-03-08,21.25,21.34000015258789,20.850000381469727,20.989999771118164,280000
2023-03-09,19.459999084472656,21.3799991607666,19.440000534057617,21.219999313354492,604500
2023-03-10,18.299999237060547,19.34000015258789,18.209999084472656,19.270000457763672,485800
2023-03-13,16.850000381469727,17.850000381469727,16.790000915527344,17.850000381469727,697000
2023-03-14,16.59000015258789,17.850000381469727,16.389999389648438,17.739999771118164,646500
2023-03-15,16.739999771118164,16.739999771118164,15.729999542236328,16.079999923706055,493800
2023-03-16,16.389999389648438,16.670000076293945,15.899999618530273,16.360000610351562,490300
2023-03-17,16.0,16.3700008392334,15.890000343322754,16.15999984741211,896400
2023-03-20,15.930000305175781,16.6200008392334,15.899999618530273,16.1200008392334,479700
2023-03-21,16.6299991607666,16.90999984741211,16.239999771118164,16.3799991607666,430700
2023-03-22,15.960000038146973,16.850000381469727,15.9399995803833,16.790000915527344,311500
2023-03-23,16.190000534057617,16.440000534057617,15.859999656677246,16.06999969482422,458200
2023-03-24,15.640000343322754,15.9399995803833,15.210000038146973,15.9399995803833,443200
2023-03-27,16.479999542236328,16.510000228881836,15.850000381469727,15.850000381469727,402600
2023-03-28,16.6299991607666,16.81999969482422,16.479999542236328,16.479999542236328,271400
2023-03-29,16.940000534057617,17.020000457763672,16.579999923706055,16.889999389648438,332200
2023-03-30,16.950000762939453,17.34000015258789,16.829999923706055,17.149999618530273,260000
2023-03-31,17.579999923706055,17.6200008392334,17.020000457763672,17.059999465942383,333100
2023-04-03,17.209999084472656,17.809999465942383,16.989999771118164,17.690000534057617,394400
2023-04-04,17.1299991607666,17.440000534057617,16.860000610351562,17.270000457763672,299100
2023-04-05,17.0,17.020000457763672,16.600000381469727,16.969999313354492,239000
2023-04-06,17.59000015258789,17.799999237060547,16.989999771118164,17.030000686645508,249400
2023-04-10,18.219999313354492,18.3799991607666,17.450000762939453,17.450000762939453,399000
2023-04-11,18.540000915527344,18.639999389648438,18.290000915527344,18.34000015258789,341300
2023-04-12,17.770000457763672,18.899999618530273,17.75,18.729999542236328,499500
2023-04-13,18.40999984741211,18.549999237060547,17.860000610351562,17.8799991607666,361700
2023-04-14,17.8799991607666,18.780000686645508,17.510000228881836,18.450000762939453,230700
2023-04-17,18.43000030517578,18.450000762939453,17.709999084472656,17.979999542236328,152900
2023-04-18,18.3700008392334,18.649999618530273,18.079999923706055,18.649999618530273,220600
2023-04-19,18.530000686645508,18.760000228881836,18.020000457763672,18.170000076293945,286800
2023-04-20,18.200000762939453,18.510000228881836,18.09000015258789,18.260000228881836,197500
2023-04-21,18.360000610351562,18.3700008392334,17.90999984741211,18.200000762939453,361700
2023-04-24,18.520000457763672,18.59000015258789,18.1200008392334,18.15999984741211,193400
2023-04-25,17.399999618530273,18.3700008392334,17.389999389648438,18.290000915527344,287100
2023-04-26,16.959999084472656,17.540000915527344,16.84000015258789,17.31999969482422,284400
2023-04-27,17.3700008392334,17.5,16.90999984741211,17.149999618530273,446900
2023-04-28,17.690000534057617,18.510000228881836,17.3799991607666,17.389999389648438,605000
2023-05-01,17.969999313354492,18.3799991607666,17.549999237060547,17.6200008392334,331000
2023-05-02,17.299999237060547,17.770000457763672,16.959999084472656,17.770000457763672,355000
2023-05-03,16.729999542236328,17.690000534057617,16.65999984741211,17.309999465942383,300900
2023-05-04,14.65999984741211,16.40999984741211,14.399999618530273,16.40999984741211,672500
2023-05-05,15.0600004196167,15.390000343322754,14.670000076293945,15.029999732971191,635600
2023-05-08,15.279999732971191,15.399999618530273,14.6899995803833,15.130000114440918,505600
2023-05-09,16.110000610351562,17.6200008392334,15.09000015258789,17.40999984741211,727500
2023-05-10,14.869999885559082,16.239999771118164,14.390000343322754,16.010000228881836,528600
2023-05-11,14.289999961853027,15.229999542236328,14.180000305175781,14.670000076293945,468300
2023-05-12,14.0,14.449999809265137,13.800000190734863,14.449999809265137,404000
2023-05-15,14.319999694824219,14.350000381469727,13.859999656677246,14.079999923706055,394700
2023-05-16,13.380000114440918,14.319999694824219,13.369999885559082,14.279999732971191,363800
2023-05-17,14.020000457763672,14.180000305175781,13.5,13.520000457763672,428200
2023-05-18,13.989999771118164,14.279999732971191,13.680000305175781,13.949999809265137,461400
2023-05-19,13.380000114440918,14.25,13.369999885559082,14.210000038146973,343800
2023-05-22,13.220000267028809,13.520000457763672,13.100000381469727,13.479999542236328,457500
2023-05-23,12.899999618530273,13.59000015258789,12.890000343322754,13.220000267028809,349900
2023-05-24,12.649999618530273,12.869999885559082,12.3100004196167,12.8100004196167,545700
2023-05-25,11.960000038146973,12.630000114440918,11.760000228881836,12.5600004196167,669000
2023-05-26,12.100000381469727,12.279999732971191,11.720000267028809,11.960000038146973,547100
2023-05-30,11.779999732971191,12.369999885559082,11.600000381469727,12.180000305175781,573100
2023-05-31,11.3100004196167,11.800000190734863,11.270000457763672,11.800000190734863,929600
2023-06-01,11.40999984741211,11.680000305175781,11.15999984741211,11.350000381469727,505400
2023-06-02,11.640000343322754,11.989999771118164,11.520000457763672,11.680000305175781,340100
2023-06-05,11.4399995803833,11.720000267028809,11.180000305175781,11.5600004196167,473700
2023-06-06,11.529999732971191,11.720000267028809,10.65999984741211,10.710000038146973,770400
2023-06-07,12.619999885559082,12.779999732971191,11.539999961853027,11.539999961853027,772500
2023-06-08,12.430000305175781,12.720000267028809,12.100000381469727,12.619999885559082,469000
2023-06-09,11.970000267028809,12.59000015258789,11.829999923706055,12.350000381469727,302900
2023-06-12,11.829999923706055,12.329999923706055,11.6899995803833,12.029999732971191,254700
2023-06-13,12.050000190734863,12.350000381469727,11.760000228881836,11.90999984741211,380500
2023-06-14,11.90999984741211,12.550000190734863,11.859999656677246,12.15999984741211,383200
2023-06-15,11.8100004196167,11.920000076293945,11.420000076293945,11.8100004196167,490700
2023-06-16,11.489999771118164,11.859999656677246,11.279999732971191,11.829999923706055,904700
2023-06-20,10.710000038146973,11.479999542236328,10.529999732971191,11.4399995803833,1048700
2023-06-21,10.75,10.899999618530273,10.420000076293945,10.649999618530273,675600
2023-06-22,10.699999809265137,10.8100004196167,10.390000343322754,10.710000038146973,441000
2023-06-23,10.630000114440918,10.6899995803833,10.300000190734863,10.5,694300
2023-06-26,11.270000457763672,11.420000076293945,10.569999694824219,10.65999984741211,420200
2023-06-27,11.550000190734863,11.699999809265137,10.970000267028809,11.279999732971191,536200
2023-06-28,11.609999656677246,11.649999618530273,11.130000114440918,11.550000190734863,385200
2023-06-29,12.239999771118164,12.3100004196167,11.600000381469727,11.600000381469727,599600
2023-06-30,11.949999809265137,12.430000305175781,11.84000015258789,12.319999694824219,450700
2023-07-03,11.949999809265137,12.289999961853027,11.699999809265137,11.949999809265137,171300
2023-07-05,12.109999656677246,12.25,11.40999984741211,11.819999694824219,579600
2023-07-06,12.029999732971191,12.050000190734863,11.539999961853027,11.90999984741211,729600
2023-07-07,12.729999542236328,13.140000343322754,12.050000190734863,12.050000190734863,1040300
2023-07-10,12.739999771118164,13.180000305175781,12.600000381469727,12.6899995803833,464000
2023-07-11,13.100000381469727,13.140000343322754,12.6899995803833,12.770000457763672,485100
2023-07-12,12.920000076293945,13.579999923706055,12.880000114440918,13.479999542236328,445200
2023-07-13,13.119999885559082,13.180000305175781,12.760000228881836,12.960000038146973,374100
2023-07-14,12.920000076293945,13.010000228881836,12.449999809265137,13.010000228881836,462500
2023-07-17,12.829999923706055,12.970000267028809,12.5,12.90999984741211,373700
2023-07-18,13.630000114440918,13.710000038146973,12.800000190734863,12.800000190734863,327000
2023-07-19,13.90999984741211,14.270000457763672,13.699999809265137,13.84000015258789,360800
2023-07-20,13.399999618530273,13.880000114440918,13.140000343322754,13.819999694824219,305600
2023-07-21,13.279999732971191,13.600000381469727,13.079999923706055,13.479999542236328,229300
2023-07-24,13.109999656677246,13.569999694824219,13.09000015258789,13.210000038146973,203200
2023-07-25,12.890000343322754,13.109999656677246,12.850000381469727,13.109999656677246,302500
2023-07-26,13.369999885559082,13.399999618530273,12.979999542236328,12.979999542236328,237900
2023-07-27,12.9399995803833,13.670000076293945,12.920000076293945,13.539999961853027,259600
2023-07-28,13.229999542236328,13.350000381469727,13.100000381469727,13.100000381469727,201600
2023-07-31,12.619999885559082,12.979999542236328,12.449999809265137,12.829999923706055,455700
2023-08-01,12.579999923706055,12.739999771118164,12.229999542236328,12.5600004196167,257300
2023-08-02,12.100000381469727,12.449999809265137,12.039999961853027,12.449999809265137,297300
2023-08-03,12.279999732971191,12.4399995803833,11.75,12.050000190734863,443100
2023-08-04,13.920000076293945,15.59000015258789,12.970000267028809,13.289999961853027,1273900
2023-08-07,13.579999923706055,14.020000457763672,13.329999923706055,13.90999984741211,501900
2023-08-08,13.619999885559082,13.779999732971191,13.039999961853027,13.350000381469727,336600
2023-08-09,12.869999885559082,13.640000343322754,12.65999984741211,13.640000343322754,366500
2023-08-10,12.579999923706055,13.069999694824219,12.539999961853027,12.869999885559082,299400
2023-08-11,12.550000190734863,12.869999885559082,12.520000457763672,12.600000381469727,366400
2023-08-14,12.260000228881836,12.5,11.850000381469727,12.470000267028809,420200
2023-08-15,12.1899995803833,12.319999694824219,11.880000114440918,12.149999618530273,277500
2023-08-16,11.84000015258789,12.329999923706055,11.84000015258789,12.170000076293945,238100
2023-08-17,12.0,12.130000114440918,11.729999542236328,11.859999656677246,239300
2023-08-18,11.369999885559082,11.779999732971191,11.319999694824219,11.630000114440918,429700
2023-08-21,11.390000343322754,11.520000457763672,11.100000381469727,11.520000457763672,417200
2023-08-22,11.229999542236328,11.520000457763672,11.210000038146973,11.40999984741211,256400
2023-08-23,11.65999984741211,11.680000305175781,11.130000114440918,11.239999771118164,328300
2023-08-24,11.5,11.619999885559082,11.399999618530273,11.5600004196167,268800
2023-08-25,11.140000343322754,11.760000228881836,11.140000343322754,11.550000190734863,209200
2023-08-28,11.470000267028809,11.630000114440918,11.15999984741211,11.199999809265137,490600
2023-08-29,11.729999542236328,11.850000381469727,11.479999542236328,11.479999542236328,273500
2023-08-30,11.970000267028809,12.180000305175781,11.630000114440918,11.770000457763672,408900
2023-08-31,11.640000343322754,12.15999984741211,11.630000114440918,12.029999732971191,260000
2023-09-01,11.359999656677246,11.800000190734863,11.050000190734863,11.760000228881836,387200
2023-09-05,11.119999885559082,11.649999618530273,11.09000015258789,11.279999732971191,549900
2023-09-06,10.979999542236328,11.59000015258789,10.75,11.140000343322754,395200
2023-09-07,10.09000015258789,10.859999656677246,10.010000228881836,10.850000381469727,696900
2023-09-08,10.520000457763672,10.520000457763672,9.960000038146973,10.170000076293945,449000
2023-09-11,10.899999618530273,11.390000343322754,10.569999694824219,10.569999694824219,640700
2023-09-12,11.050000190734863,11.170000076293945,10.4399995803833,11.0,361100
2023-09-13,10.90999984741211,11.149999618530273,10.699999809265137,11.069999694824219,415300
2023-09-14,11.630000114440918,11.6899995803833,11.09000015258789,11.09000015258789,380500
2023-09-15,11.880000114440918,12.119999885559082,11.600000381469727,11.630000114440918,902200
2023-09-18,11.710000038146973,11.979999542236328,11.289999961853027,11.90999984741211,449800
2023-09-19,11.539999961853027,11.850000381469727,11.510000228881836,11.6899995803833,313900
2023-09-20,11.539999961853027,11.779999732971191,11.489999771118164,11.609999656677246,260100
2023-09-21,12.289999961853027,12.3100004196167,11.420000076293945,11.5,491600
2023-09-22,11.869999885559082,12.600000381469727,11.859999656677246,12.350000381469727,326900
2023-09-25,11.390000343322754,11.710000038146973,11.229999542236328,11.710000038146973,294700
2023-09-26,10.770000457763672,11.569999694824219,10.739999771118164,11.220000267028809,266800
2023-09-27,11.109999656677246,11.1899995803833,10.850000381469727,10.850000381469727,432300
2023-09-28,11.300000190734863,11.359999656677246,10.9399995803833,11.109999656677246,429300
2023-09-29,11.779999732971191,11.970000267028809,11.470000267028809,11.470000267028809,381800
2023-10-02,11.420000076293945,11.770000457763672,11.229999542236328,11.770000457763672,320400
2023-10-03,11.300000190734863,11.460000038146973,11.0,11.319999694824219,369900
2023-10-04,11.350000381469727,11.359999656677246,11.100000381469727,11.25,432900
2023-10-05,11.170000076293945,11.359999656677246,10.880000114440918,11.350000381469727,388100
2023-10-06,11.729999542236328,11.75,11.170000076293945,11.470000267028809,277200
2023-10-09,12.359999656677246,12.420000076293945,11.5,11.600000381469727,254300
2023-10-10,12.329999923706055,12.59000015258789,12.3100004196167,12.399999618530273,264100
2023-10-11,12.149999618530273,12.569999694824219,12.100000381469727,12.390000343322754,305600
2023-10-12,11.760000228881836,12.149999618530273,11.600000381469727,12.149999618530273,212800
2023-10-13,11.569999694824219,11.850000381469727,11.399999618530273,11.720000267028809,205300
2023-10-16,12.720000267028809,12.760000228881836,11.609999656677246,11.739999771118164,356400
2023-10-17,13.010000228881836,13.399999618530273,12.489999771118164,12.59000015258789,356600
2023-10-18,12.800000190734863,12.960000038146973,12.710000038146973,12.960000038146973,167200
2023-10-19,12.789999961853027,13.180000305175781,12.510000228881836,12.850000381469727,252300
2023-10-20,12.229999542236328,12.649999618530273,12.229999542236328,12.619999885559082,238300
2023-10-23,11.699999809265137,12.229999542236328,11.699999809265137,12.170000076293945,269600
2023-10-24,11.979999542236328,12.279999732971191,11.75,11.75,271700
2023-10-25,11.539999961853027,11.869999885559082,11.5,11.859999656677246,155300
2023-10-26,11.460000038146973,11.739999771118164,11.069999694824219,11.569999694824219,275200
2023-10-27,11.15999984741211,11.399999618530273,11.09000015258789,11.359999656677246,221300
2023-10-30,11.5600004196167,11.600000381469727,11.25,11.329999923706055,207000
2023-10-31,11.800000190734863,11.920000076293945,11.479999542236328,11.579999923706055,206200
2023-11-01,12.069999694824219,12.109999656677246,11.59000015258789,11.850000381469727,274800
2023-11-02,13.180000305175781,13.289999961853027,12.359999656677246,12.359999656677246,430800
2023-11-03,15.0,15.710000038146973,12.979999542236328,13.59000015258789,769200
2023-11-06,14.65999984741211,15.079999923706055,14.3100004196167,15.010000228881836,367000
2023-11-07,14.069999694824219,14.5,13.899999618530273,14.5,281500
2023-11-08,13.619999885559082,13.970000267028809,13.390000343322754,13.859999656677246,233500
2023-11-09,13.470000267028809,13.8100004196167,13.260000228881836,13.770000457763672,230900
2023-11-10,13.949999809265137,13.979999542236328,13.34000015258789,13.510000228881836,219600
2023-11-13,13.34000015258789,13.859999656677246,13.3100004196167,13.850000381469727,254000
2023-11-14,14.680000305175781,14.859999656677246,14.140000343322754,14.149999618530273,395000
2023-11-15,14.6899995803833,14.90999984741211,14.319999694824219,14.670000076293945,251800
2023-11-16,14.329999923706055,14.609999656677246,13.680000305175781,14.529999732971191,270900
2023-11-17,15.609999656677246,15.710000038146973,14.539999961853027,14.640000343322754,621900
2023-11-20,15.670000076293945,15.75,15.34000015258789,15.710000038146973,318700
2023-11-21,15.789999961853027,15.970000267028809,15.210000038146973,15.449999809265137,373400
2023-11-22,15.40999984741211,15.869999885559082,15.220000267028809,15.670000076293945,289400
2023-11-24,15.3100004196167,15.529999732971191,15.279999732971191,15.489999771118164,98400
2023-11-27,15.25,15.5,14.949999809265137,15.210000038146973,395200
2023-11-28,15.260000228881836,15.289999961853027,14.59000015258789,15.15999984741211,260500
2023-11-29,15.479999542236328,15.670000076293945,14.989999771118164,15.550000190734863,360700
2023-11-30,15.239999771118164,15.800000190734863,15.09000015258789,15.5,336900
2023-12-01,16.15999984741211,16.25,15.0600004196167,15.239999771118164,333400
2023-12-04,16.739999771118164,16.799999237060547,16.06999969482422,16.15999984741211,441700
2023-12-05,16.25,17.209999084472656,16.06999969482422,16.559999465942383,455300
2023-12-06,16.770000457763672,17.1299991607666,16.139999389648438,16.399999618530273,355400
2023-12-07,17.389999389648438,17.770000457763672,16.510000228881836,16.809999465942383,380500
2023-12-08,17.920000076293945,18.6200008392334,17.31999969482422,17.31999969482422,330100
2023-12-11,17.75,18.190000534057617,17.43000030517578,17.81999969482422,368200
2023-12-12,17.1200008392334,17.600000381469727,16.579999923706055,16.889999389648438,524500
2023-12-13,18.34000015258789,18.3799991607666,16.65999984741211,17.1299991607666,744700
2023-12-14,19.559999465942383,19.989999771118164,18.770000457763672,19.020000457763672,886600
2023-12-15,20.530000686645508,20.969999313354492,19.190000534057617,19.59000015258789,6837000
2023-12-18,19.3700008392334,20.8799991607666,19.209999084472656,20.530000686645508,741000
2023-12-19,20.6200008392334,20.93000030517578,19.420000076293945,19.600000381469727,415800
2023-12-20,18.770000457763672,20.469999313354492,18.700000762939453,20.469999313354492,620900
2023-12-21,19.25,19.459999084472656,18.799999237060547,19.030000686645508,340400
2023-12-22,18.280000686645508,19.309999465942383,17.920000076293945,19.239999771118164,380200
2023-12-26,18.329999923706055,18.43000030517578,17.850000381469727,18.100000381469727,226700
2023-12-27,18.510000228881836,18.639999389648438,18.059999465942383,18.309999465942383,197200
2023-12-28,18.770000457763672,18.969999313354492,18.31999969482422,18.31999969482422,192200
2023-12-29,18.790000915527344,18.959999084472656,18.360000610351562,18.670000076293945,347800
2024-01-02,19.190000534057617,19.549999237060547,18.350000381469727,18.709999084472656,281500
2024-01-03,18.40999984741211,18.899999618530273,17.969999313354492,18.65999984741211,332500
2024-01-04,18.479999542236328,18.709999084472656,18.190000534057617,18.559999465942383,263200
2024-01-05,18.770000457763672,19.389999389648438,18.299999237060547,18.360000610351562,427000
2024-01-08,19.15999984741211,19.170000076293945,18.469999313354492,18.739999771118164,343700
2024-01-09,19.020000457763672,19.049999237060547,18.530000686645508,18.75,492100
2024-01-10,19.31999969482422,19.440000534057617,18.850000381469727,19.020000457763672,276400
2024-01-11,18.290000915527344,19.110000610351562,18.079999923706055,19.110000610351562,397200
2024-01-12,18.25,18.6299991607666,18.170000076293945,18.610000610351562,290100
2024-01-16,17.1299991607666,18.0,16.950000762939453,18.0,366600
2024-01-17,17.079999923706055,17.170000076293945,16.670000076293945,16.770000457763672,356900
2024-01-18,17.31999969482422,17.3700008392334,17.020000457763672,17.1200008392334,258700
2024-01-19,17.670000076293945,17.690000534057617,17.010000228881836,17.450000762939453,409700
2024-01-22,18.639999389648438,18.790000915527344,17.739999771118164,17.8700008392334,421700
2024-01-23,18.670000076293945,19.389999389648438,18.520000457763672,18.809999465942383,385200
2024-01-24,17.459999084472656,19.020000457763672,17.219999313354492,19.020000457763672,454900
2024-01-25,18.690000534057617,18.690000534057617,17.81999969482422,17.959999084472656,381700
2024-01-26,18.440000534057617,18.969999313354492,18.3700008392334,18.729999542236328,296900
2024-01-29,18.399999618530273,18.530000686645508,17.920000076293945,18.309999465942383,262600
2024-01-30,18.3700008392334,18.56999969482422,18.079999923706055,18.25,241800
2024-01-31,18.09000015258789,19.270000457763672,18.079999923706055,18.459999084472656,334400
2024-02-01,18.34000015258789,18.559999465942383,17.719999313354492,18.280000686645508,303200
2024-02-02,18.100000381469727,18.479999542236328,17.780000686645508,17.989999771118164,321600
2024-02-05,17.579999923706055,18.0,17.549999237060547,17.709999084472656,340400
2024-02-06,17.6299991607666,18.040000915527344,17.389999389648438,17.530000686645508,334700
2024-02-07,17.010000228881836,17.6299991607666,15.850000381469727,17.6299991607666,651000
2024-02-08,17.040000915527344,17.229999542236328,16.770000457763672,17.229999542236328,431300
2024-02-09,14.40999984741211,15.649999618530273,13.359999656677246,15.199999809265137,1719100
2024-02-12,14.710000038146973,14.890000343322754,13.979999542236328,13.979999542236328,758000
2024-02-13,13.399999618530273,14.100000381469727,13.34000015258789,13.930000305175781,671800
2024-02-14,13.9399995803833,14.1899995803833,13.420000076293945,13.470000267028809,782000
2024-02-15,14.300000190734863,14.710000038146973,13.970000267028809,14.100000381469727,656000
2024-02-16,13.319999694824219,14.119999885559082,13.319999694824219,14.09000015258789,638600
2024-02-20,13.279999732971191,13.510000228881836,13.020000457763672,13.020000457763672,640000
2024-02-21,13.229999542236328,13.449999809265137,12.859999656677246,13.220000267028809,488600
2024-02-22,12.800000190734863,13.199999809265137,12.6899995803833,13.170000076293945,462800
2024-02-23,12.430000305175781,12.800000190734863,12.390000343322754,12.800000190734863,494300
2024-02-26,12.260000228881836,12.59000015258789,12.119999885559082,12.380000114440918,801600
2024-02-27,12.729999542236328,12.890000343322754,12.430000305175781,12.430000305175781,633500
2024-02-28,12.819999694824219,13.09000015258789,12.489999771118164,12.569999694824219,597400
2024-02-29,12.9399995803833,13.539999961853027,12.770000457763672,13.130000114440918,614700
2024-03-01,13.149999618530273,13.220000267028809,12.760000228881836,13.170000076293945,464600
2024-03-04,12.670000076293945,13.569999694824219,12.479999542236328,13.15999984741211,558400
2024-03-05,12.359999656677246,12.739999771118164,12.319999694824219,12.539999961853027,533000
2024-03-06,12.449999809265137,12.869999885559082,12.4399995803833,12.630000114440918,478500
2024-03-07,12.050000190734863,12.779999732971191,11.920000076293945,12.600000381469727,564400
2024-03-08,11.850000381469727,12.630000114440918,11.699999809265137,12.329999923706055,597300
2024-03-11,12.279999732971191,12.649999618530273,11.720000267028809,11.760000228881836,775300
2024-03-12,12.59000015258789,12.699999809265137,12.25,12.399999618530273,709700
2024-03-13,12.670000076293945,13.149999618530273,12.300000190734863,12.510000228881836,721700
2024-03-14,12.289999961853027,12.699999809265137,12.15999984741211,12.680000305175781,908400
2024-03-15,12.229999542236328,12.59000015258789,12.010000228881836,12.260000228881836,9041100
2024-03-18,12.899999618530273,13.109999656677246,11.84000015258789,12.430000305175781,758800
2024-03-19,13.050000190734863,13.199999809265137,12.329999923706055,12.739999771118164,607400
2024-03-20,13.140000343322754,13.289999961853027,12.430000305175781,12.899999618530273,499700
2024-03-21,12.369999885559082,13.130000114440918,12.359999656677246,13.09000015258789,543800
2024-03-22,11.630000114440918,12.40999984741211,11.609999656677246,12.34000015258789,494200
2024-03-25,12.220000267028809,12.229999542236328,11.539999961853027,11.649999618530273,569100
2024-03-26,11.90999984741211,12.380000114440918,11.859999656677246,12.25,453500
2024-03-27,12.289999961853027,12.399999618530273,11.869999885559082,11.880000114440918,637700
2024-03-28,12.130000114440918,12.420000076293945,11.989999771118164,12.359999656677246,539300
2024-04-01,11.84000015258789,12.220000267028809,11.670000076293945,12.220000267028809,461100
2024-04-02,11.5600004196167,11.75,11.34000015258789,11.649999618530273,554600
2024-04-03,11.710000038146973,11.850000381469727,11.390000343322754,11.5,523200
2024-04-04,11.710000038146973,12.25,11.649999618530273,11.930000305175781,416400
2024-04-05,11.5,11.739999771118164,11.319999694824219,11.640000343322754,335100
2024-04-08,11.260000228881836,11.680000305175781,11.180000305175781,11.550000190734863,439800
2024-04-09,11.329999923706055,11.529999732971191,11.180000305175781,11.239999771118164,330500
2024-04-10,10.850000381469727,11.029999732971191,10.390000343322754,11.029999732971191,565200
2024-04-11,10.960000038146973,11.130000114440918,10.65999984741211,10.920000076293945,399700
2024-04-12,10.579999923706055,10.920000076293945,10.449999809265137,10.819999694824219,444300
2024-04-15,10.25,10.770000457763672,10.220000267028809,10.649999618530273,494900
2024-04-16,10.020000457763672,10.270000457763672,9.869999885559082,10.199999809265137,564100
2024-04-17,10.25,10.529999732971191,10.199999809265137,10.369999885559082,444200
2024-04-18,10.600000381469727,11.25,10.15999984741211,10.3100004196167,628200
2024-04-19,10.920000076293945,10.989999771118164,10.539999961853027,10.539999961853027,305900
2024-04-22,10.949999809265137,11.079999923706055,10.819999694824219,10.869999885559082,332600
2024-04-23,11.569999694824219,11.6899995803833,10.880000114440918,10.880000114440918,530100
2024-04-24,11.5,11.65999984741211,11.329999923706055,11.470000267028809,316800
2024-04-25,11.329999923706055,11.420000076293945,11.220000267028809,11.40999984741211,552500
2024-04-26,10.829999923706055,11.460000038146973,10.729999542236328,11.399999618530273,322500
2024-04-29,10.930000305175781,11.369999885559082,10.850000381469727,10.9399995803833,375100
2024-04-30,10.619999885559082,10.899999618530273,10.5,10.729999542236328,455900
2024-05-01,11.050000190734863,11.319999694824219,10.579999923706055,10.670000076293945,389100
2024-05-02,11.539999961853027,11.670000076293945,11.029999732971191,11.210000038146973,366900
2024-05-03,11.850000381469727,11.920000076293945,11.739999771118164,11.800000190734863,384300
2024-05-06,12.520000457763672,12.550000190734863,11.960000038146973,12.0,460500
2024-05-07,12.760000228881836,12.8100004196167,12.4399995803833,12.5,535700
2024-05-08,13.279999732971191,13.289999961853027,12.40999984741211,12.510000228881836,721600
2024-05-09,13.729999542236328,13.739999771118164,13.1899995803833,13.289999961853027,956800
2024-05-10,13.239999771118164,13.270000457763672,11.65999984741211,11.65999984741211,1187200
2024-05-13,15.229999542236328,15.619999885559082,13.460000038146973,13.569999694824219,1596000
2024-05-14,15.829999923706055,16.290000915527344,15.149999618530273,15.619999885559082,1263000
2024-05-15,15.149999618530273,16.0,14.369999885559082,16.0,1494900
2024-05-16,15.960000038146973,16.100000381469727,14.829999923706055,15.09000015258789,854600
2024-05-17,15.609999656677246,15.949999809265137,14.979999542236328,15.890000343322754,993800
2024-05-20,16.139999389648438,16.329999923706055,15.449999809265137,15.65999984741211,1101800
2024-05-21,16.5,16.81999969482422,15.979999542236328,16.079999923706055,1015700
2024-05-22,17.920000076293945,18.030000686645508,16.149999618530273,16.31999969482422,1066300
2024-05-23,16.5,17.959999084472656,16.299999237060547,17.899999618530273,949300
2024-05-24,16.43000030517578,16.690000534057617,16.079999923706055,16.690000534057617,651600
2024-05-28,17.059999465942383,17.299999237060547,16.360000610351562,16.530000686645508,486900
2024-05-29,16.25,16.610000610351562,15.739999771118164,16.549999237060547,446700
2024-05-30,16.8799991607666,17.219999313354492,16.309999465942383,16.540000915527344,549300
2024-05-31,17.34000015258789,17.6299991607666,16.959999084472656,17.040000915527344,557300
2024-06-03,18.31999969482422,18.489999771118164,17.489999771118164,17.690000534057617,682100
2024-06-04,18.010000228881836,18.579999923706055,17.959999084472656,17.959999084472656,619000
2024-06-05,17.280000686645508,17.959999084472656,17.25,17.860000610351562,649700
2024-06-06,17.5,17.639999389648438,16.65999984741211,17.09000015258789,690900
2024-06-07,17.25,17.729999542236328,16.969999313354492,17.190000534057617,458100
2024-06-10,16.8799991607666,17.31999969482422,16.3799991607666,17.049999237060547,892100
2024-06-11,16.950000762939453,17.290000915527344,16.6200008392334,16.790000915527344,939800
2024-06-12,15.899999618530273,17.5,15.880000114440918,17.5,772400
2024-06-13,15.630000114440918,16.229999542236328,15.520000457763672,15.710000038146973,529200
2024-06-14,15.710000038146973,16.3799991607666,15.59000015258789,15.59000015258789,812700
2024-06-17,10.1899995803833,13.5,9.880000114440918,13.369999885559082,8576300
2024-06-18,9.819999694824219,10.239999771118164,9.460000038146973,10.199999809265137,7943000
2024-06-20,10.350000381469727,10.380000114440918,9.8100004196167,9.8100004196167,2473800
2024-06-21,10.9399995803833,11.0,9.899999618530273,10.329999923706055,13417600
2024-06-24,10.3100004196167,10.880000114440918,10.3100004196167,10.670000076293945,2256300
2024-06-25,9.510000228881836,10.350000381469727,9.479999542236328,10.3100004196167,1831800
2024-06-26,9.600000381469727,9.649999618530273,9.229999542236328,9.40999984741211,1533500
2024-06-27,9.180000305175781,9.649999618530273,8.84000015258789,9.640000343322754,1827200
2024-06-28,9.65999984741211,9.899999618530273,9.180000305175781,9.180000305175781,1422500
2024-07-01,9.34000015258789,9.829999923706055,9.300000190734863,9.65999984741211,1027500
2024-07-02,9.399999618530273,9.40999984741211,9.079999923706055,9.380000114440918,867600
2024-07-03,9.630000114440918,9.770000457763672,9.369999885559082,9.369999885559082,391100
2024-07-05,9.720000267028809,9.770000457763672,9.569999694824219,9.600000381469727,535100
2024-07-08,9.380000114440918,10.050000190734863,9.350000381469727,9.899999618530273,524800
2024-07-09,9.550000190734863,9.600000381469727,9.09000015258789,9.380000114440918,568800
2024-07-10,10.0600004196167,10.09000015258789,9.550000190734863,9.609999656677246,604300
2024-07-11,10.149999618530273,10.649999618530273,10.020000457763672,10.199999809265137,787700
2024-07-12,10.039999961853027,10.279999732971191,9.8100004196167,10.199999809265137,664500
2024-07-15,10.100000381469727,10.319999694824219,9.869999885559082,10.210000038146973,549600
2024-07-16,10.489999771118164,10.539999961853027,10.109999656677246,10.149999618530273,667800
2024-07-17,10.739999771118164,10.8100004196167,10.380000114440918,10.569999694824219,761800
2024-07-18,10.520000457763672,10.989999771118164,10.399999618530273,10.779999732971191,677800
2024-07-19,10.619999885559082,10.760000228881836,10.319999694824219,10.420000076293945,492600
2024-07-22,10.75,10.789999961853027,10.300000190734863,10.619999885559082,578800
2024-07-23,10.600000381469727,10.819999694824219,10.470000267028809,10.720000267028809,604800
2024-07-24,10.300000190734863,10.649999618530273,10.199999809265137,10.649999618530273,507000
2024-07-25,10.329999923706055,10.550000190734863,10.170000076293945,10.279999732971191,709100
2024-07-26,10.899999618530273,10.960000038146973,10.390000343322754,10.609999656677246,476200
2024-07-29,11.069999694824219,11.100000381469727,10.5600004196167,10.949999809265137,633600
2024-07-30,10.949999809265137,11.329999923706055,10.9399995803833,11.079999923706055,610700
2024-07-31,11.130000114440918,11.569999694824219,10.8100004196167,10.84000015258789,935000
2024-08-01,10.399999618530273,11.210000038146973,10.329999923706055,11.15999984741211,569900
2024-08-02,10.239999771118164,10.479999542236328,9.930000305175781,10.09000015258789,747900
2024-08-05,10.119999885559082,10.270000457763672,9.289999961853027,9.510000228881836,1002000
2024-08-06,10.0,10.260000228881836,9.739999771118164,10.119999885559082,674800
2024-08-07,10.449999809265137,10.529999732971191,10.079999923706055,10.199999809265137,741500
2024-08-08,10.300000190734863,10.5,10.170000076293945,10.34000015258789,1331700
2024-08-09,9.739999771118164,10.710000038146973,9.329999923706055,9.75,884000
2024-08-12,9.020000457763672,9.649999618530273,8.920000076293945,9.5,1145800
2024-08-13,10.010000228881836,10.350000381469727,8.960000038146973,9.010000228881836,1732400
2024-08-14,9.3100004196167,10.020000457763672,9.260000228881836,10.010000228881836,1012700
2024-08-15,9.569999694824219,9.579999923706055,9.020000457763672,9.5600004196167,931900
2024-08-16,9.890000343322754,9.970000267028809,9.489999771118164,9.640000343322754,623000
2024-08-19,10.1899995803833,10.4399995803833,9.960000038146973,10.020000457763672,853600
2024-08-20,9.960000038146973,10.149999618530273,9.670000076293945,10.109999656677246,1772400
2024-08-21,10.289999961853027,10.350000381469727,9.869999885559082,10.010000228881836,499300
2024-08-22,10.380000114440918,10.5,10.300000190734863,10.369999885559082,527600
2024-08-23,10.430000305175781,10.710000038146973,10.390000343322754,10.5,574500
2024-08-26,10.699999809265137,10.720000267028809,10.229999542236328,10.5,554200
2024-08-27,10.369999885559082,10.5600004196167,10.079999923706055,10.5600004196167,457800
2024-08-28,10.15999984741211,10.380000114440918,9.850000381469727,10.319999694824219,571000
2024-08-29,10.390000343322754,10.630000114440918,9.960000038146973,9.960000038146973,411700
2024-08-30,9.850000381469727,10.5,9.789999961853027,10.449999809265137,509300
2024-09-03,9.850000381469727,9.920000076293945,9.670000076293945,9.789999961853027,520700
2024-09-04,9.800000190734863,10.289999961853027,9.760000228881836,9.949999809265137,567700
2024-09-05,9.3100004196167,9.949999809265137,9.279999732971191,9.819999694824219,634700
2024-09-06,8.989999771118164,9.579999923706055,8.930000305175781,9.3100004196167,871400
2024-09-09,7.949999809265137,8.869999885559082,7.849999904632568,8.720000267028809,4034800
2024-09-10,7.829999923706055,8.0,7.570000171661377,7.949999809265137,1683900
2024-09-11,7.980000019073486,8.0,7.510000228881836,7.760000228881836,1170200
2024-09-12,8.25,8.479999542236328,8.0,8.0600004196167,954600
2024-09-13,8.6899995803833,8.890000343322754,8.289999961853027,8.380000114440918,884600
2024-09-16,8.649999618530273,8.84000015258789,8.550000190734863,8.720000267028809,1356100
2024-09-17,8.869999885559082,9.109999656677246,8.75,8.819999694824219,1076400
2024-09-18,9.029999732971191,9.34000015258789,8.880000114440918,8.880000114440918,1555300
2024-09-19,8.890000343322754,9.4399995803833,8.84000015258789,9.34000015258789,1819300
2024-09-20,8.140000343322754,8.989999771118164,8.029999732971191,8.829999923706055,16659600
2024-09-23,7.849999904632568,8.329999923706055,7.559999942779541,8.220000267028809,3892800
2024-09-24,7.659999847412109,7.940000057220459,7.079999923706055,7.900000095367432,3264600
2024-09-25,7.420000076293945,7.820000171661377,7.139999866485596,7.659999847412109,4100400
2024-09-26,7.980000019073486,8.25,7.639999866485596,7.670000076293945,1834800
2024-09-27,8.170000076293945,8.479999542236328,8.020000457763672,8.020000457763672,1396100
2024-09-30,8.6899995803833,8.75,8.149999618530273,8.170000076293945,1319800
2024-10-01,8.529999732971191,8.84000015258789,8.34000015258789,8.680000305175781,818000
2024-10-02,8.479999542236328,8.649999618530273,8.319999694824219,8.420000076293945,912400
2024-10-03,8.279999732971191,8.390000343322754,8.149999618530273,8.369999885559082,562700
2024-10-04,8.329999923706055,8.550000190734863,8.260000228881836,8.470000267028809,486200
2024-10-07,8.220000267028809,8.34000015258789,8.140000343322754,8.289999961853027,876300
2024-10-08,8.270000457763672,8.350000381469727,8.0,8.149999618530273,637600
2024-10-09,7.940000057220459,8.420000076293945,7.940000057220459,8.25,543300
2024-10-10,7.949999809265137,7.960000038146973,7.639999866485596,7.809999942779541,515600
2024-10-11,7.980000019073486,8.180000305175781,7.860000133514404,7.909999847412109,586600
2024-10-14,7.820000171661377,8.239999771118164,7.820000171661377,7.949999809265137,544800
2024-10-15,7.829999923706055,8.0,7.71999979019165,7.75,729100
2024-10-16,7.789999961853027,8.050000190734863,7.739999771118164,7.820000171661377,747600
2024-10-17,8.069999694824219,8.09000015258789,7.539999961853027,7.670000076293945,1085300
2024-10-18,8.220000267028809,8.520000457763672,8.069999694824219,8.069999694824219,569400
2024-10-21,7.659999847412109,8.220000267028809,7.639999866485596,8.220000267028809,528800
2024-10-22,7.860000133514404,8.220000267028809,7.820000171661377,7.96999979019165,776100
2024-10-23,7.920000076293945,7.929999828338623,7.619999885559082,7.869999885559082,939800
2024-10-24,8.130000114440918,8.199999809265137,7.869999885559082,7.869999885559082,517700
2024-10-25,8.09000015258789,8.479999542236328,8.020000457763672,8.170000076293945,538700
2024-10-28,8.260000228881836,8.420000076293945,8.0600004196167,8.0600004196167,849200
2024-10-29,8.199999809265137,8.430000305175781,8.130000114440918,8.199999809265137,533100
2024-10-30,8.270000457763672,8.430000305175781,8.1899995803833,8.220000267028809,435200
2024-10-31,8.100000381469727,8.430000305175781,8.020000457763672,8.350000381469727,813800
2024-11-01,8.210000038146973,8.399999618530273,8.180000305175781,8.25,413700
2024-11-04,8.210000038146973,8.529999732971191,8.119999885559082,8.220000267028809,521000
2024-11-05,8.520000457763672,8.569999694824219,8.15999984741211,8.210000038146973,628100
2024-11-06,8.390000343322754,9.010000228881836,8.1899995803833,8.890000343322754,1413900
2024-11-07,8.350000381469727,8.579999923706055,8.170000076293945,8.329999923706055,1032300
2024-11-08,8.5600004196167,9.420000076293945,8.399999618530273,9.34000015258789,2757200
2024-11-11,8.739999771118164,9.09000015258789,8.550000190734863,8.600000381469727,814000
2024-11-12,8.479999542236328,8.680000305175781,8.220000267028809,8.619999885559082,1354300
2024-11-13,9.649999618530273,9.720000267028809,8.489999771118164,8.5,1720500
2024-11-14,9.520000457763672,10.0,9.40999984741211,9.600000381469727,1096700
2024-11-15,9.25,9.619999885559082,9.149999618530273,9.619999885559082,765200
2024-11-18,9.100000381469727,9.470000267028809,8.890000343322754,9.300000190734863,1178400
2024-11-19,8.989999771118164,9.130000114440918,8.899999618530273,9.020000457763672,535400
2024-11-20,9.569999694824219,9.75,8.920000076293945,8.920000076293945,639800
2024-11-21,9.819999694824219,10.029999732971191,9.3100004196167,9.630000114440918,902200
2024-11-22,9.40999984741211,9.979999542236328,9.239999771118164,9.819999694824219,714700
2024-11-25,9.300000190734863,9.699999809265137,9.229999542236328,9.529999732971191,1223300
2024-11-26,9.15999984741211,9.390000343322754,8.930000305175781,9.260000228881836,592300
2024-11-27,9.470000267028809,9.569999694824219,9.140000343322754,9.229999542236328,835100
2024-11-29,9.420000076293945,9.579999923706055,9.350000381469727,9.550000190734863,205500
2024-12-02,9.710000038146973,9.770000457763672,9.289999961853027,9.420000076293945,409600
2024-12-03,9.329999923706055,9.819999694824219,9.180000305175781,9.800000190734863,438700
2024-12-04,9.289999961853027,9.420000076293945,9.180000305175781,9.350000381469727,344900
2024-12-05,9.149999618530273,9.40999984741211,9.039999961853027,9.3100004196167,407700
2024-12-06,9.390000343322754,9.5,9.010000228881836,9.170000076293945,639700
2024-12-09,9.630000114440918,9.779999732971191,9.40999984741211,9.40999984741211,572200
2024-12-10,9.619999885559082,9.65999984741211,9.420000076293945,9.630000114440918,404300
2024-12-11,9.34000015258789,9.65999984741211,9.300000190734863,9.600000381469727,444500
2024-12-12,9.920000076293945,10.050000190734863,9.369999885559082,9.369999885559082,687000
2024-12-13,9.699999809265137,9.829999923706055,9.300000190734863,9.829999923706055,465600
2024-12-16,9.760000228881836,9.930000305175781,9.470000267028809,9.649999618530273,504800
2024-12-17,9.739999771118164,9.989999771118164,9.479999542236328,9.760000228881836,762900
2024-12-18,9.329999923706055,9.880000114440918,9.130000114440918,9.75,1307300
2024-12-19,9.25,9.460000038146973,9.140000343322754,9.369999885559082,692100
2024-12-20,9.369999885559082,9.510000228881836,9.0600004196167,9.149999618530273,1263500
2024-12-23,9.350000381469727,9.460000038146973,9.149999618530273,9.3100004196167,487700
2024-12-24,9.380000114440918,9.430000305175781,9.260000228881836,9.390000343322754,145800
2024-12-26,9.550000190734863,9.600000381469727,9.229999542236328,9.3100004196167,403600
2024-12-27,9.420000076293945,9.729999542236328,9.210000038146973,9.529999732971191,349000
2024-12-30,9.550000190734863,9.670000076293945,9.15999984741211,9.319999694824219,691700
2024-12-31,9.899999618530273,9.970000267028809,9.600000381469727,9.600000381469727,383600
