Price,Close,High,Low,Open,Volume
Ticker,AMRK,AMRK,AMRK,AMRK,AMRK
Date,,,,,
2015-01-02,3.5902905464172363,3.601093731452015,3.5326731016623336,3.5326731016623336,4200
2015-01-05,3.5902905464172363,3.5902905464172363,3.478656489634317,3.539875110543166,20400
2015-01-06,3.4606521129608154,3.579488218481045,3.4498489243027515,3.579488218481045,13200
2015-01-07,3.5830883979797363,3.5902907506974286,3.4606511491956096,3.4606511491956096,11400
2015-01-08,3.5074660778045654,3.5290727966346473,3.5074660778045654,3.5290727966346473,2000
2015-01-09,3.4966623783111572,3.507465564431408,3.496662378311157,3.496662378311157,1400
2015-01-12,3.5290725231170654,3.529072523117066,3.529072523117066,3.529072523117066,200
2015-01-13,3.5434768199920654,3.586689910061833,3.4606514731213434,3.53987564329614,13600
2015-01-14,3.5578815937042236,3.575887135833444,3.5470784057975515,3.5686847816108953,4000
2015-01-15,3.4642527103424072,3.593891982816682,3.4642527103424072,3.5830887959672717,33200
2015-01-16,3.4894602298736572,3.5110669468080995,3.464252679639404,3.464252679639404,18800
2015-01-20,3.5164692401885986,3.52907301719923,3.496663108642083,3.511067474286685,20200
2015-01-21,3.5650832653045654,3.5794876289520277,3.518269341020652,3.543476891546931,69200
2015-01-22,3.5398759841918945,3.5650835366366755,3.5110672547043893,3.5650835366366755,19600
2015-01-23,3.5398759841918945,3.5852499220196457,3.5362748071491703,3.583089078423153,8400
2015-01-26,3.633504867553711,3.6875211545525928,3.536275138843111,3.536275138843111,127200
2015-01-27,3.67311692237854,3.6875212889985662,3.60109508927841,3.60109508927841,49800
2015-01-28,3.680318832397461,3.68752084312305,3.6191001958077864,3.6191001958077864,33000
2015-01-29,3.7091264724731445,3.7091264724731445,3.6731153991432213,3.6731153991432213,14200
2015-01-30,3.763143539428711,3.763143539428711,3.6839193673088197,3.6839193673088197,10600
2015-02-02,3.7415378093719482,3.766745364345479,3.7271334431831904,3.7307342771599954,10200
2015-02-03,3.6914823055267334,3.7451383333248436,3.685720284786469,3.7379363225402398,10800
2015-02-04,3.683199405670166,3.7091274678482122,3.673116384854417,3.673116384854417,10200
2015-02-05,3.8675754070281982,3.907187666285211,3.701925046443131,3.701925046443131,54800
2015-02-06,3.8639750480651855,3.889182948408707,3.849570680766262,3.889182948408707,19600
2015-02-09,3.8603739738464355,3.925193450948751,3.8315652410393652,3.925193450948751,5600
2015-02-10,3.7019245624542236,3.9612034284778104,3.698323729432922,3.9071871554603117,34600
2015-02-11,3.619101047515869,3.8567732956548837,3.604696679247663,3.8567732956548837,65000
2015-02-12,3.6551108360290527,3.701925106456269,3.6371056379953948,3.6371056379953948,7800
2015-02-13,3.7019245624542236,3.7019245624542236,3.629902750621863,3.629902750621863,6600
2015-02-17,3.6227011680603027,3.719930539634969,3.6190999911875408,3.651509896188139,48400
2015-02-18,3.6072168350219727,3.665914720392577,3.6010949022552867,3.60829725690484,28200
2015-02-19,3.5830883979797363,3.6371050130811877,3.5830883979797363,3.5830883979797363,37200
2015-02-20,3.6515095233917236,3.6515095233917236,3.5470778087333623,3.5830885435031217,10800
2015-02-23,3.5650832653045654,3.586689982489318,3.5650832653045654,3.583088805720673,30400
2015-02-24,3.585970401763916,3.5859704017639165,3.5830893911928228,3.5830893911928228,5800
2015-02-25,3.593890905380249,3.619818958158232,3.5434758195791973,3.590290073128042,86400
2015-02-26,3.64430832862854,3.7472997427887944,3.5938928718151453,3.5974940494647885,11000
2015-02-27,3.7019245624542236,3.7019245624542236,3.640705936539945,3.665913828251587,28200
2015-03-02,3.853170871734619,3.8711764121042482,3.673116154892561,3.7235315992421,51600
2015-03-03,3.77754807472229,3.8531710734927795,3.7667448873056872,3.8531710734927795,17000
2015-03-04,3.759542465209961,3.7811491830783455,3.7559416317545047,3.7811491830783455,13000
2015-03-05,3.6911215782165527,3.7631433939841368,3.6839192249262407,3.755941384120932,11200
2015-03-06,3.6263017654418945,3.7199302974759223,3.6046953924661076,3.694722747861802,12200
2015-03-09,3.64790940284729,3.6515105803948273,3.6227018468689156,3.6227018468689156,20600
2015-03-10,3.6840977668762207,3.7021922729742824,3.633432252462137,3.6551461429626246,13000
2015-03-11,3.6840977668762207,3.7094303515179723,3.662383876375733,3.7094303515179723,4800
2015-03-12,3.655146837234497,3.6804794266880125,3.64067102252811,3.6442897173567217,57600
2015-03-13,3.6913371086120605,3.8795230911740144,3.64790965382024,3.66238547208418,127000
2015-03-16,3.655146837234497,3.691336201435141,3.6189571279032062,3.6840984666472707,19600
2015-03-17,3.655146837234497,3.7094310561007866,3.6189571279032062,3.6189571279032062,16600
2015-03-18,3.655146837234497,3.7094310561007866,3.633432942609593,3.6442897173567217,38200
2015-03-19,3.655146837234497,3.676860386728754,3.64067102252811,3.676860386728754,5800
2015-03-20,3.7637147903442383,3.770952869330767,3.6732408737962463,3.6732408737962463,67200
2015-03-23,3.7094297409057617,3.738381360053609,3.6804781217579148,3.7094297409057617,20000
2015-03-24,3.7094297409057617,3.7094297409057617,3.7094297409057617,3.7094297409057617,0
2015-03-25,3.79628586769104,3.7999049075772287,3.7257163155635533,3.79628586769104,76600
2015-03-26,3.7239067554473877,3.850570389052452,3.676860272826382,3.850570389052452,19000
2015-03-27,3.7166690826416016,3.7492394064152217,3.709431002827036,3.7492394064152217,22000
2015-03-30,3.8071436882019043,3.8071436882019043,3.7383832982288587,3.7383832982288587,2800
2015-03-31,3.8360953330993652,3.8360953330993657,3.720288451012839,3.720288451012839,11000
2015-04-01,3.7058112621307373,3.9193297444539366,3.691335450369702,3.8397126072029555,36200
2015-04-02,3.64790940284729,3.7271645282744847,3.64790940284729,3.7271645282744847,7400
2015-04-06,3.6768600940704346,3.723906574404207,3.669622359858649,3.669622359858649,12800
2015-04-07,3.6696224212646484,3.673241115865786,3.655146607468226,3.655146607468226,1400
2015-04-08,3.7058112621307373,3.7058112621307373,3.6370512425484645,3.6370512425484645,2800
2015-04-09,3.6913371086120605,3.6913371086120605,3.6913371086120605,3.6913371086120605,9000
2015-04-10,3.6840977668762207,3.6840977668762207,3.6840977668762207,3.6840977668762207,800
2015-04-13,3.7166690826416016,3.716669082641601,3.6804793738300563,3.6913361484212635,25000
2015-04-14,3.7094297409057617,3.7094297409057617,3.687715853979615,3.6985729700079504,19400
2015-04-15,3.738382339477539,3.7962855929433856,3.6696223122694995,3.6877168201296158,42000
2015-04-16,3.760096549987793,3.7640772868326695,3.6370519534048245,3.6442896881346583,25200
2015-04-17,3.749239444732666,3.7637152593790995,3.7058120007933666,3.7637152593790995,10600
2015-04-20,3.7420010566711426,3.7492387901654247,3.7166684717452783,3.7166684717452783,5400
2015-04-21,3.8324756622314453,3.8541892117742065,3.7311449590603822,3.7311449590603822,20000
2015-04-22,3.8324756622314453,3.8686650265129296,3.7709533633092094,3.7709533633092094,11600
2015-04-23,3.904855251312256,3.917159850773,3.8360952085106024,3.850571025159934,36400
2015-04-24,3.8903801441192627,3.9193317826975966,3.8903801441192627,3.9193317826975966,4200
2015-04-27,3.8288562297821045,3.8288562297821045,3.8288562297821045,3.8288562297821045,2000
2015-04-28,3.738382339477539,3.799904632567655,3.727525565735346,3.799904632567655,1800
2015-04-29,3.738382339477539,3.738382339477539,3.738382339477539,3.738382339477539,0
2015-04-30,3.8288562297821045,3.9265682281003738,3.7275255369980793,3.8397130034405973,22600
2015-05-01,3.79628586769104,3.8035239474634177,3.786514874155097,3.7999049075772287,3800
2015-05-04,3.872283697128296,3.872283697128296,3.7962855907163022,3.799542588323988,11400
2015-05-05,3.8288562297821045,3.882055007430759,3.7275255369980793,3.8795217487394233,28600
2015-05-06,3.8505702018737793,3.8505702018737793,3.727525614097138,3.7745720944311847,33200
2015-05-07,3.941044569015503,4.158181796910577,3.854189332726815,3.854189332726815,63600
2015-05-08,3.912092685699463,3.951901088623814,3.90847364585253,3.926568499956557,30000
2015-05-11,3.912092685699463,3.930187194672854,3.8614271632343136,3.8614271632343136,18400
2015-05-12,3.930271863937378,3.9302718639373784,3.9302718639373784,3.9302718639373784,0
2015-05-13,3.973900556564331,4.032072877234817,3.933906826052586,3.933906826052586,48200
2015-05-14,3.9811716079711914,4.032072557893689,3.948449593502039,4.028436701456149,19400
2015-05-15,3.9811716079711914,4.028436701456149,3.9248172201267373,4.028436701456149,55400
2015-05-18,3.9811716079711914,4.010257766002804,3.9666285289553853,3.9666285289553853,6000
2015-05-19,3.893913745880127,4.010258396292384,3.8808248686884257,3.9375429897847236,12000
2015-05-20,3.9848082065582275,3.9993512882826057,3.89027800198256,3.89027800198256,7800
2015-05-21,3.893913745880127,3.9848080906983054,3.890277888871142,3.955721928095241,4800
2015-05-22,3.9811716079711914,3.9884433208462715,3.9811716079711914,3.9884433208462715,400
2015-05-26,3.9811716079711914,3.9811716079711914,3.9811716079711914,3.9811716079711914,0
2015-05-27,3.9448153972625732,3.9957160173985615,3.9448153972625732,3.9957160173985615,2800
2015-05-28,3.9084577560424805,3.984809037704318,3.9084577560424805,3.9084577560424805,11400
2015-05-29,3.9084577560424805,3.9084577560424805,3.9084577560424805,3.9084577560424805,0
2015-06-01,3.9120917320251465,3.9120917320251465,3.9120917320251465,3.9120917320251465,600
2015-06-02,3.8066556453704834,3.973901270721335,3.784840847831484,3.973901270721335,5200
2015-06-03,3.9193639755249023,3.9884438704193586,3.7921121032859806,3.7921121032859806,4400
2015-06-04,3.890641689300537,3.890641689300537,3.8102908428099487,3.8102908428099487,1600
2015-06-05,3.9084577560424805,3.9084577560424805,3.8211992474959495,3.8284706165075817,5600
2015-06-08,3.8902781009674072,3.8902781009674072,3.8902781009674072,3.8902781009674072,4400
2015-06-09,3.8902781009674072,3.8902781009674072,3.8102909760809127,3.8866422437601966,2000
2015-06-10,3.8648273944854736,3.872098761413839,3.792111991529862,3.8393770901346076,3400
2015-06-11,3.8139266967773438,3.9048210432976873,3.8139266967773438,3.868463512730199,9800
2015-06-12,3.8139266967773438,3.8139266967773438,3.8139266967773438,3.8139266967773438,0
2015-06-15,3.8357410430908203,3.9048205857894347,3.810290393267647,3.810290393267647,19000
2015-06-16,3.785203456878662,3.8448299746910646,3.7812038762466416,3.7848397325541723,5400
2015-06-17,3.8830060958862305,3.9884435104466367,3.7375749520803936,3.7375749520803936,29400
2015-06-18,3.8611912727355957,3.904820511515536,3.7593897155824014,3.7630255721643215,4800
2015-06-19,3.9084577560424805,3.9993521224620734,3.8902788134116637,3.995716264589012,18800
2015-06-22,3.872098684310913,3.908456558431941,3.843012523707845,3.908456558431941,8000
2015-06-23,3.872098684310913,3.872098684310913,3.872098684310913,3.872098684310913,0
2015-06-24,3.8175625801086426,3.8539204576605868,3.8175625801086426,3.8393773759866927,7000
2015-06-25,3.8502843379974365,4.0357088767458125,3.8211981766331102,3.8321054004611343,13600
2015-06-26,3.872098684310913,3.919363781974495,3.850284237225804,3.850284237225804,13600
2015-06-29,3.8357410430908203,3.861191346179619,3.82483381987196,3.8539199796118373,11200
2015-06-30,3.8066556453704834,3.88664242729978,3.7993839306126693,3.8175628707727616,5000
2015-07-01,3.8684630393981934,3.8866416290904593,3.741210831146095,3.8866416290904593,1600
2015-07-02,3.872098684310913,3.872098684310913,3.853920093984784,3.868463174286318,31800
2015-07-06,3.8357410430908203,3.8466482663096806,3.832105186439742,3.8357410430908203,11800
2015-07-07,3.7484824657440186,3.8357409426794113,3.744846609188119,3.8139261500783803,6400
2015-07-08,3.795748233795166,3.8793712233750934,3.7412117577424215,3.7412117577424215,30800
2015-07-09,3.795748233795166,3.8175630322569387,3.7630265562041942,3.8175630322569387,9800
2015-07-10,3.8175625801086426,3.8175625801086426,3.803019498434748,3.803019498434748,2200
2015-07-13,3.7812037467956543,3.7812037467956543,3.7303031471701917,3.7303031471701917,5200
2015-07-14,3.8135628700256348,3.8139262476499014,3.741210848343466,3.7448467049923813,11400
2015-07-15,3.8139266967773438,3.8139266967773438,3.792112247783734,3.792112247783734,3000
2015-07-16,3.7484824657440186,3.8321050861235118,3.744846609188119,3.810290293522481,9800
2015-07-17,3.8175625801086426,3.8175625801086426,3.8175625801086426,3.8175625801086426,3600
2015-07-20,3.8684630393981934,3.872098549296023,3.7375749745138926,3.8175620867504794,10000
2015-07-21,3.893913745880127,3.8939137458801274,3.7993835440529637,3.7993835440529637,14200
2015-07-22,3.8175625801086426,3.9230000089279806,3.803019498434748,3.8139267230065643,15000
2015-07-23,3.810290575027466,3.8175622886765,3.810290575027466,3.8175622886765,2400
2015-07-24,3.9459047317504883,3.9459047317504883,3.733939424063847,3.759389726744116,39400
2015-07-27,3.8502843379974365,3.890277723189787,3.850284337997437,3.8648274186796,7000
2015-07-28,3.832106351852417,3.857556662681114,3.832106351852417,3.853921151658786,6800
2015-07-29,3.8030190467834473,3.828469350006648,3.8030190467834473,3.8248338400707453,22800
2015-07-30,3.8430120944976807,3.848829603356069,3.799382858465848,3.799382858465848,800
2015-07-31,3.8175625801086426,3.8539204576605868,3.7993836413326703,3.8175625801086426,21200
2015-08-03,3.8175625801086426,3.890277988478114,3.8175625801086426,3.8720990497021415,11400
2015-08-04,3.821197986602783,3.8720985930918417,3.817562129929457,3.817562129929457,8200
2015-08-05,3.8902781009674072,3.9073662137599836,3.8539205690985843,3.875735018872992,12200
2015-08-06,3.839376211166382,3.8539192884280826,3.8139255659076716,3.8248331339046815,39000
2015-08-07,3.801201343536377,3.87209881913313,3.7812044774001046,3.82119820967265,53800
2015-08-10,3.863736391067505,3.8648272174138194,3.863736391067505,3.8648272174138194,4800
2015-08-11,3.8357410430908203,3.8357410430908203,3.813926249918725,3.8175621065698033,5800
2015-08-12,3.8284692764282227,3.85391992589667,3.7812041808261,3.792111750627307,4200
2015-08-13,3.821197986602783,3.835741066561711,3.7993831932972033,3.7993831932972033,8400
2015-08-14,3.821197986602783,3.853920003193964,3.817562129929457,3.8502841465206386,7600
2015-08-17,3.8066556453704834,3.8175628707727616,3.744847456866836,3.744847456866836,10400
2015-08-18,3.8793702125549316,3.9011846585982095,3.6939456875152294,3.8030189579347233,54000
2015-08-19,3.8030190467834473,3.8811882315225654,3.799383190113168,3.8811882315225654,6200
2015-08-20,3.857555866241455,3.8575558662414546,3.84664864195744,3.84664864195744,3800
2015-08-21,3.8502843379974365,3.9084566607260895,3.817562319778971,3.9084566607260895,12000
2015-08-24,3.8284692764282227,3.8939133082979875,3.8284692764282227,3.8939133082979875,10000
2015-08-25,3.770296812057495,3.8720983657940904,3.770296812057495,3.8720983657940904,4400
2015-08-26,3.763025999069214,3.813926610053161,3.748482917826028,3.813926610053161,4200
2015-08-27,3.763025999069214,3.763025999069214,3.763025999069214,3.763025999069214,0
2015-08-28,3.7375757694244385,3.7957481009743215,3.635774189212144,3.635774189212144,3600
2015-08-31,3.8357410430908203,3.8357410430908203,3.755753930438971,3.755753930438971,21000
2015-09-01,3.8175625801086426,3.8539204576605868,3.755754396310987,3.8539204576605868,9400
2015-09-02,3.8175625801086426,3.824834294312798,3.7848405596587757,3.792112273862932,4800
2015-09-03,3.8175625801086426,3.8175625801086426,3.744847171739171,3.744847171739171,5800
2015-09-04,3.8684630393981934,3.8684630393981934,3.8175620867504794,3.8175620867504794,25400
2015-09-08,3.955721855163574,4.03934448442203,3.8357413499544126,3.8611916550792644,137400
2015-09-09,3.937542676925659,4.013893934375785,3.9266354534997503,3.966628837217671,48600
2015-09-10,3.8648273944854736,3.9375427974410853,3.8211981527121064,3.9193638600185845,73000
2015-09-11,3.9230005741119385,3.9848087668142567,3.748483568882663,3.8430134400146203,78000
2015-09-14,4.072065353393555,4.0902442862347925,3.944813516973499,3.9484490261543033,45200
2015-09-15,4.089519023895264,4.090246126058481,4.046616875655325,4.046616875655325,29600
2015-09-16,4.144781589508057,4.181139462659718,4.090245126514941,4.090245126514941,28000
2015-09-17,4.181139945983887,4.181139945983887,4.144782068629391,4.177504088901554,26600
2015-09-18,4.119332313537598,4.308392746295268,4.11569645596892,4.21749838748511,100800
2015-09-21,4.26112699508667,4.286577300757945,4.108424467590201,4.108424467590201,35000
2015-09-22,4.191751003265381,4.231916089257287,4.162540221573077,4.199053872798449,18000
2015-09-23,4.158888816833496,4.17714529282941,4.10411834418588,4.169842772075036,22800
2015-09-24,4.264778137207031,4.30859430801423,4.199053706886247,4.206356576130766,54600
2015-09-25,4.297640323638916,4.3451075805310975,4.290337454443215,4.308594279212499,28000
2015-09-28,4.297640323638916,4.308594279212499,4.115072772386013,4.257475239502497,33000
2015-09-29,4.144284248352051,4.279384217169498,4.144284248352051,4.279384217169498,4800
2015-09-30,4.220962047576904,4.228264568741893,4.0639538379998985,4.180796962399543,25600
2015-10-01,4.180797576904297,4.188100447362659,4.173495054665964,4.188100447362659,1800
2015-10-02,4.253823280334473,4.308593747888176,4.158888430037253,4.162539515964893,18600
2015-10-05,4.3231987953186035,4.345106702036423,4.279382633663064,4.279382633663064,56600
2015-10-06,4.476556777954102,4.591939473477565,4.290337778057121,4.297640647803667,62800
2015-10-07,4.615306854248047,4.768663593033908,4.44004186068425,4.476555502574177,70000
2015-10-08,4.746756076812744,4.845342716322893,4.553234580413503,4.553234580413503,38800
2015-10-09,4.746756076812744,4.925672183827514,4.655472306104807,4.801526199949526,11400
2015-10-12,4.929323673248291,4.940277628353922,4.677380616499047,4.7431046953527884,5200
2015-10-13,4.838038921356201,4.929322674589336,4.3889230225947164,4.929322674589336,23600
2015-10-14,4.805177211761475,4.838039422041472,4.6299125545613835,4.83438798796149,6000
2015-10-15,4.783270359039307,4.801526837027246,4.691986576219626,4.801526837027246,16600
2015-10-16,4.878204345703125,4.94758020309415,4.7467558475905625,4.7467558475905625,27000
2015-10-19,4.9950480461120605,4.9950480461120605,4.710242430696934,4.903764275375918,47400
2015-10-20,5.093634128570557,5.290807051346838,4.8964612057942745,4.8964612057942745,22400
2015-10-21,5.221431732177734,5.2944586787929575,5.042515625915449,5.042515625915449,27800
2015-10-22,5.038865089416504,5.217781227560262,5.0060028705288735,5.188570443709036,21800
2015-10-23,5.199524879455566,5.199524879455566,5.075378862544457,5.075378862544457,8000
2015-10-26,5.188570499420166,5.1922219344957785,5.020973599157726,5.137451453021637,10600
2015-10-27,5.12284517288208,5.159358820868448,5.060772180237226,5.104588348888895,10800
2015-10-28,5.104588031768799,5.1480392632087915,5.042515391200133,5.075377254482391,13800
2015-10-29,5.04616641998291,5.111890842242114,5.002350254550083,5.111890842242114,11800
2015-10-30,5.294458866119385,5.294458866119385,5.002350721103288,5.024258979972979,19600
2015-11-02,5.239688396453857,5.290807083419105,5.239688396453857,5.239688396453857,9600
2015-11-03,5.287156105041504,5.294458974220496,5.243339934627454,5.287156105041504,4800
2015-11-04,5.382091045379639,5.38574247978618,5.279853319536131,5.279853319536131,11600
2015-11-05,5.382091045379639,5.4105716069547505,5.323669487754777,5.382091045379639,9000
2015-11-06,5.243340015411377,5.407651092270556,5.239688928985597,5.385742832616008,4200
2015-11-09,5.385742664337158,5.477026438308974,5.312715714803698,5.477026438308974,8200
2015-11-10,5.281325340270996,5.404061670145389,5.239192061954036,5.404061670145389,33400
2015-11-11,5.667852401733398,6.228409125165036,5.385741938350074,5.385741938350074,66400
2015-11-12,5.819901466369629,5.953629050414159,5.667854953827539,5.667854953827539,76600
2015-11-13,5.649534225463867,6.210091372118854,5.623887943380548,5.8803514630225235,48400
2015-11-16,5.796085357666016,5.854705635207331,5.689836017271277,5.854705635207331,27200
2015-11-17,5.730138301849365,5.862033939707175,5.620225095598966,5.796085946076045,54600
2015-11-18,5.583585739135742,5.862032360097415,5.506646550433289,5.631214793990057,53400
2015-11-19,5.579922676086426,5.6788446539007476,5.129279042232933,5.495656116678143,33400
2015-11-20,5.726474761962891,5.74112983364259,5.6092341885252965,5.678845691652751,22600
2015-11-23,5.675180435180664,5.775934333831389,5.539620968261937,5.7264733480976355,70000
2015-11-24,5.678477764129639,5.834554605851763,5.59091388096322,5.697163211755118,64000
2015-11-25,5.737464904785156,5.766408866844179,5.594578069995991,5.678844629035304,54600
2015-11-27,5.748456001281738,5.752119855792088,5.722809718518081,5.744792496175785,6800
2015-11-30,5.6788458824157715,5.752121243275724,5.4095588002287665,5.6788458824157715,94000
2015-12-01,5.620224475860596,5.7521200991743635,5.459018364628245,5.631215690452306,187800
2015-12-02,5.4956560134887695,5.612896563300455,5.477337090229594,5.565267502588358,25600
2015-12-03,5.4956560134887695,5.535957365135437,5.440699593115641,5.535957365135437,22200
2015-12-04,5.579922676086426,5.579922676086426,5.459018269471859,5.495656116678143,16800
2015-12-07,5.752119541168213,5.7704384633135755,5.568931018523338,5.579922232048804,66800
2015-12-08,6.092851161956787,6.16612686504538,5.711819322799228,5.711819322799228,67400
2015-12-09,5.949963569641113,6.378624772137361,5.883649409009628,6.155134534440101,108400
2015-12-10,6.02690315246582,6.073798814210911,5.865697044088435,5.88401561828206,35000
2015-12-11,6.166126251220703,6.312676944000187,5.926515885996467,6.045221842326526,51400
2015-12-14,6.191771984100342,6.316340236579784,5.953627042175091,6.265047673373695,89400
2015-12-15,6.092851161956787,6.23683793949014,6.045588619976291,6.19177315148372,52000
2015-12-16,6.484874248504639,6.631424932900647,5.873024529693616,6.111169479188228,146000
2015-12-17,6.715692520141602,6.7413388064972946,6.44823739270524,6.4812113891079575,91800
2015-12-18,6.598452091217041,7.016121789218977,6.228411111888924,6.799959230019296,232800
2015-12-21,6.693709373474121,6.979483046679433,6.539830972975561,6.961164472328412,166800
2015-12-22,6.584527492523193,6.8768964616822235,6.558148164022483,6.686380253858211,37800
2015-12-23,6.470218658447266,6.719355164693777,6.444572376711672,6.719355164693777,32400
2015-12-24,6.475348949432373,6.730347803166188,6.459228127419012,6.459228127419012,18200
2015-12-28,6.766983509063721,6.9501720245113345,6.411598040666492,6.411598040666492,61000
2015-12-29,6.865905284881592,6.961163394132022,6.6614667004591785,6.880560701139523,72800
2015-12-30,6.928190231323242,6.961164223021203,6.8263374521522735,6.87689766593032,35400
2015-12-31,6.906208515167236,7.3092234672868885,6.906208515167236,6.946509521212996,133600
2016-01-04,7.008792877197266,7.144352697392895,6.4262539924677755,6.759657062441407,161600
2016-01-05,7.199309825897217,7.323878094948188,7.016121277152713,7.151681110699543,198200
2016-01-06,6.613105773925781,7.23228321226977,6.467288137446581,7.144352800125283,297000
2016-01-07,6.352978229522705,6.539830612603817,5.95362718115874,6.539830612603817,94000
2016-01-08,6.3603057861328125,6.591123019232063,6.045221300776563,6.21009125213943,67200
2016-01-11,6.539831161499023,6.829268697679908,6.235738206367796,6.239402061105382,162800
2016-01-12,6.09651517868042,6.650843951546583,5.887680327790893,6.587460585491445,196800
2016-01-13,5.968284606933594,6.191774211891912,5.631217223451198,6.169791776724162,90000
2016-01-14,6.09651517868042,6.153303885020642,5.598242411008872,5.909662759776918,248600
2016-01-15,6.752330780029297,6.764054697528403,5.94996465037465,5.94996465037465,111000
2016-01-19,6.338322162628174,6.961163375773497,6.030565410110333,6.752328586309685,178200
2016-01-20,6.704699993133545,6.873233805990742,6.202763806677388,6.3200043553734595,63200
2016-01-21,6.473883152008057,6.6277615564235335,6.32000474759258,6.6277615564235335,79600
2016-01-22,6.118497371673584,6.876897797633673,6.118497371673584,6.539830864005989,182200
2016-01-25,5.924317836761475,6.224746952114917,5.6971640727863795,6.129488820620847,123800
2016-01-26,6.14780855178833,6.283367699852254,5.796086140242705,6.032399559067696,79200
2016-01-27,5.865697383880615,6.136816350742943,5.856537746848791,6.136816350742943,46000
2016-01-28,5.913325309753418,6.073066003990121,5.814403688840814,5.887679028295406,54600
2016-01-29,6.20276403427124,6.378624863768091,5.86203324036558,5.960955219010866,44200
2016-02-01,6.02690315246582,6.265048111027006,6.006385426941329,6.089187283056482,89200
2016-02-02,5.942635536193848,6.045221362399666,5.884015263735885,5.96461866247216,45200
2016-02-03,5.785094261169434,5.926516050501786,5.770439191484697,5.8840158941903,52200
2016-02-04,5.78875732421875,5.867161918838546,5.686171850456114,5.7521194803156215,65400
2016-02-05,6.323668003082275,6.323668003082275,5.8019471591601715,5.86203283358074,120800
2016-02-08,6.265048027038574,6.587459540662326,5.93164494976071,6.188108479077404,76400
2016-02-09,6.2100911140441895,6.338322519131838,6.173453270243971,6.228409686539926,60200
2016-02-10,6.622135639190674,6.622135639190674,6.225911313612818,6.574309412769708,36000
2016-02-11,7.082005023956299,7.082005023956299,6.4087547042926145,6.695714121514062,110800
2016-02-12,7.324817657470703,7.471976084956724,7.0636115363963565,7.173980181584189,154600
2016-02-16,7.321138858795166,7.376323183271426,7.203412112790675,7.357928642348258,151800
2016-02-17,7.339534282684326,7.376323365439216,7.225485880682491,7.376323365439216,70200
2016-02-18,7.35792875289917,7.641209178295412,6.143870789353514,7.247560102288389,132600
2016-02-19,7.2843475341796875,7.357927085719526,6.809761602038214,7.27699014039099,62000
2016-02-22,7.409431457519531,7.521639944322367,7.265952121191458,7.302741892526138,89000
2016-02-23,7.427828788757324,7.589702705549433,7.1794982884966085,7.357928273679487,60400
2016-02-24,7.556591510772705,7.556591510772705,7.302742827925431,7.55291246299734,70800
2016-02-25,7.666959762573242,7.817797205459703,7.173978612068904,7.173978612068904,89000
2016-02-26,7.722145080566406,7.825524015858258,7.612511833716732,7.725824128641989,41400
2016-02-29,7.994387626647949,8.00174572215837,7.571306958691242,7.7478970407017025,113200
2016-03-01,7.74422025680542,8.117635643493392,7.626493501050187,8.001748061300104,153400
2016-03-02,7.435186862945557,7.615456739620451,7.210770507258248,7.576827079357668,129600
2016-03-03,7.435186862945557,7.624654010461385,7.254917687977449,7.346891799800368,119200
2016-03-04,7.1629414558410645,7.4646170427544805,7.082004514009609,7.413111078219392,129800
2016-03-07,7.019463539123535,7.247559624166888,6.8060836474344,7.01578449078498,85200
2016-03-08,7.236521244049072,7.302742699427189,6.809761533508542,6.809761533508542,66000
2016-03-09,7.240201950073242,7.321138913125273,7.14822784136135,7.2585964911329155,75800
2016-03-10,7.280670166015625,7.321138293261919,6.997389766758051,7.265953973048462,69200
2016-03-11,7.321138858795166,7.427829160928458,7.19973306426469,7.424150112402473,57200
2016-03-14,7.48301362991333,7.48301362991333,7.2953863617052646,7.3652868816353525,50000
2016-03-15,7.405754566192627,7.4682969851570915,7.291706873389214,7.405754566192627,93000
2016-03-16,7.733181476593018,7.810439373585386,7.376321566561785,7.376321566561785,58800
2016-03-17,7.722145080566406,7.814119177335954,7.611776445125618,7.611776445125618,110200
2016-03-18,7.67799711227417,8.038535365879575,7.62207671004467,7.7810076409005156,44000
2016-03-21,7.666959762573242,7.740539311071965,7.611775452052489,7.6779969053600245,41600
2016-03-22,7.468296051025391,7.7111075997621255,7.365285516232012,7.677997571940425,68400
2016-03-23,7.514284133911133,7.574987380321945,7.317459604402252,7.317459604402252,55800
2016-03-24,7.604420185089111,7.677999760953472,7.409434800243345,7.460940784031133,46200
2016-03-28,7.494050025939941,7.803082358398189,7.4940500259399405,7.604418665981694,33600
2016-03-29,7.35792875289917,7.516124333359585,7.27368043499655,7.516124333359585,40000
2016-03-30,7.27699089050293,7.357927844174443,7.262274697995374,7.291706381303804,73600
2016-03-31,7.321138858795166,7.354249593822273,7.2733126313708745,7.2769916798968595,31000
2016-04-01,7.288026332855225,7.405017661429874,7.254915605964535,7.339532297855512,55800
2016-04-04,7.47933292388916,7.58234415665839,7.284347601695957,7.284347601695957,86000
2016-04-05,7.391040325164795,7.5602723688210185,7.3137816996253715,7.479335395990675,44600
2016-04-06,7.409431457519531,7.530837211729406,7.368963340587255,7.368963340587255,36000
2016-04-07,7.424149990081787,7.45726072456336,7.350570424187902,7.354249472653271,33000
2016-04-08,7.460938453674316,7.460938453674317,7.384047547246574,7.424148677233092,18200
2016-04-11,7.608098030090332,7.799404335698446,7.3891992124728185,7.446223409829101,73600
2016-04-12,7.725824356079102,7.769972232579069,7.541876157124837,7.608097621021443,67400
2016-04-13,7.722145080566406,7.799403686740296,7.655923618619265,7.781008446362383,29400
2016-04-14,7.571308612823486,7.736862289444058,7.5676295642645,7.633851034912729,32800
2016-04-15,7.468296051025391,7.5676282396104115,7.28434786551534,7.424148879458697,52000
2016-04-18,7.49036979675293,7.616189998495003,7.405753104241404,7.4131111995392045,54800
2016-04-19,7.865626335144043,8.031180029753475,7.468298169788245,7.468298169788245,138800
2016-04-20,7.758934020996094,7.913450514936383,7.692344871950642,7.773649510001238,58600
2016-04-21,7.887701511383057,7.898737957787231,7.560273134489817,7.689037055624895,42400
2016-04-22,7.828835964202881,7.887699334469263,7.692713981895168,7.861946697691062,21600
2016-04-25,7.773650646209717,7.858267351756734,7.71478727817239,7.858267351756734,33000
2016-04-26,8.090043067932129,8.093722116735462,7.689035870557327,7.839873362959943,53800
2016-04-27,7.814119338989258,8.090041635005997,7.7662931164306315,8.090041635005997,16800
2016-04-28,7.586024284362793,7.795725125828746,7.56762904283534,7.795725125828746,45600
2016-04-29,7.534517288208008,7.655923059001258,7.4870587644033675,7.597059697507962,50600
2016-05-02,7.468296051025391,7.545554653827065,7.468296051025391,7.479333194770384,33800
2016-05-03,7.321138858795166,7.663282652937441,7.030501042309923,7.427829160928458,116800
2016-05-04,7.368964195251465,7.398395875391437,7.229163188306646,7.380000636737327,83000
2016-05-05,7.619133472442627,7.725823756373639,7.420469797880471,7.449901479360295,81800
2016-05-06,7.898733615875244,7.909770757919251,7.586022310066919,7.626490427481878,45000
2016-05-09,8.005426406860352,8.071647876581869,7.687931467559842,7.961278526477089,67200
2016-05-10,7.648566246032715,7.769972026047202,7.104079058303897,7.7000715158247175,111800
2016-05-11,7.242513656616211,7.6891718889778735,7.205599584369432,7.47876259247181,46200
2016-05-12,6.954583644866943,7.320031424106725,6.899212897238598,7.235129564138113,83200
2016-05-13,6.8253865242004395,6.939819526014616,6.7367931643368095,6.939819526014616,76400
2016-05-16,6.293824672698975,6.856393017965625,6.1830831662771795,6.829076929918079,142600
2016-05-17,6.061267375946045,6.371344446409728,5.98743923380618,6.297516304269863,114800
2016-05-18,6.116636753082275,6.279058206767233,5.968981206131034,5.980055636181322,59600
2016-05-19,5.994821548461914,6.275367472916883,5.924684891328855,5.998513025582314,70000
2016-05-20,6.08341646194458,6.1812388707654655,5.998514578428488,6.053885341413876,25400
2016-05-23,6.016969680786133,6.238453378500373,6.016969680786133,6.098180768925138,45600
2016-05-24,6.024353504180908,6.242145756213693,6.016970548907201,6.016970548907201,40000
2016-05-25,5.813943862915039,6.177915228228639,5.647831251525199,6.020661669788145,95400
2016-05-26,5.813943862915039,5.906228686135913,5.736424597327959,5.799178305281246,53200
2016-05-27,5.876697540283203,6.116637938593246,5.777029762744819,5.777029762744819,101200
2016-05-31,5.898844242095947,5.980055316637511,5.769645733426972,5.873004610769867,56000
2016-06-01,5.78810453414917,6.0354279017512225,5.725350822844848,5.909920479142577,51600
2016-06-02,5.60353422164917,5.891462753184905,5.562928676714028,5.777029424784017,82200
2016-06-03,5.813943862915039,5.906228686135913,5.610917181421385,5.633065693891406,71000
2016-06-06,5.832400321960449,5.854548480204461,5.806560334624265,5.806560334624265,47000
2016-06-07,5.821326732635498,5.906228599778762,5.795486743125179,5.836092290053399,60200
2016-06-08,5.7216596603393555,5.843475612041549,5.673671504814446,5.843475612041549,62000
2016-06-09,5.555546283721924,5.721658890788704,5.537089249150358,5.721658890788704,77000
2016-06-10,5.559238433837891,5.7032025464339835,5.540781397032605,5.574003992874379,35200
2016-06-13,5.485408782958984,5.574002464931355,5.3562102648152194,5.574002464931355,70000
2016-06-14,5.396816730499268,5.448496361212958,5.256543748880981,5.448496361212958,88600
2016-06-15,5.5297064781188965,5.607225744262557,5.4189649710896655,5.433730528829474,47800
2016-06-16,5.5075578689575195,5.706893058229124,5.500174914669598,5.706893058229124,33600
2016-06-17,5.426347732543945,5.680315473907198,5.404199571306209,5.507558478505888,44000
2016-06-20,5.260235786437988,5.43742250710784,5.260235786437988,5.411582865019834,157000
2016-06-21,5.241778373718262,5.367285801241836,5.20855577795747,5.223321336957967,51200
2016-06-22,5.219631195068359,5.267619358874784,5.175334509717528,5.201174154829156,86600
2016-06-23,5.374668598175049,5.4448049133482765,5.190098940095447,5.190098940095447,40800
2016-06-24,5.943142414093018,6.077878163749476,5.537089074482199,5.537089074482199,272600
2016-06-27,5.802868843078613,5.957906997109793,5.721658113223343,5.939450317085119,61400
2016-06-28,5.854548454284668,5.908073463169582,5.747498084476214,5.7511895615134145,41200
2016-06-29,5.928377151489258,6.0206619794567375,5.795487125950011,5.865623792346957,28600
2016-06-30,5.972673416137695,6.1306648355698075,5.8508574869367465,5.891462679324184,46400
2016-07-01,6.0686492919921875,6.0871059723286045,5.983746731843885,6.009217429480653,21800
2016-07-05,6.090798854827881,6.138786657223384,6.064959214762811,6.087107377093244,33600
2016-07-06,6.219997406005859,6.234762612028525,6.094489986465147,6.105564419040156,54000
2016-07-07,6.149860382080078,6.323355591160324,6.127712222300692,6.323355591160324,38400
2016-07-08,6.1461687088012695,6.264293162628024,6.109254640961088,6.164626094760001,19400
2016-07-11,6.157243728637695,6.197849277549065,6.090798540992672,6.094490018537101,48600
2016-07-12,6.175700664520264,6.389801442300344,6.098181745153153,6.16831770912986,99000
2016-07-13,6.090798854827881,6.238454443826413,6.042811052432378,6.186775163696273,54800
2016-07-14,6.116636753082275,6.30858931615748,5.983746408787566,6.064957487668637,64200
2016-07-15,6.186775207519531,6.197849640801886,6.009588499466213,6.057576302201632,21800
2016-07-18,6.1461687088012695,6.1683168678744655,6.112946118152834,6.153551663184762,26800
2016-07-19,6.183084964752197,6.304900938879737,6.072343426118992,6.090800114532016,33200
2016-07-20,6.293824672698975,6.345504652562829,6.127712413066282,6.127712413066282,29200
2016-07-21,6.319664001464844,6.377987645633525,6.14985958755447,6.238452919303581,53000
2016-07-22,6.367652416229248,6.570678733376658,6.315973143663132,6.434097597572701,58800
2016-07-25,6.319664001464844,6.489467711298003,6.202277432052873,6.301206617302187,50600
2016-07-26,6.323354721069336,6.511615813482727,6.219996186936092,6.511615813482727,46600
2016-07-27,6.3713459968566895,6.600212025844878,6.2458385471234825,6.352888604791502,76200
2016-07-28,6.3971848487854,6.4156415344854985,6.330739653741164,6.404567804696411,12800
2016-07-29,6.297515869140625,6.430406234179335,6.2015395726212565,6.378726960698635,24400
2016-08-01,6.179391384124756,6.297515839570148,6.1461687930210775,6.279059157435791,18800
2016-08-02,6.186775207519531,6.2458374435373045,5.999252643366972,6.208923370006849,25800
2016-08-03,6.142477989196777,6.183083539236822,6.033581862879959,6.142477989196777,86000
2016-08-04,6.286440849304199,6.31228048073339,6.090796819219085,6.101871248721802,32800
2016-08-05,6.279057025909424,6.304896653756767,6.096702477320701,6.260599645963427,9000
2016-08-08,6.279057025909424,6.4525521729394795,6.255062784018154,6.271674073931026,29800
2016-08-09,6.279057025909424,6.619034008443993,6.160932610563254,6.330736281604111,22800
2016-08-10,6.253218650817871,6.640814554332216,6.253218650817871,6.426713832605562,7600
2016-08-11,6.22368860244751,6.397922390925503,6.19415748765856,6.397922390925503,15200
2016-08-12,6.334429740905762,6.566987872499998,6.083414927663787,6.164626016699293,47200
2016-08-15,6.349196434020996,6.404567189883344,6.3270475684141685,6.378727550752739,9000
2016-08-16,6.334429740905762,6.3842636262473835,6.308590104968018,6.327046786615757,15200
2016-08-17,6.297515869140625,6.41564032514068,6.2015395726212565,6.275367709659939,25400
2016-08-18,6.264293193817139,6.6408154203225385,6.216305398240076,6.234762080213419,36000
2016-08-19,6.330738067626953,6.385370941972214,6.164625825711841,6.216305095986242,36000
2016-08-22,6.282750606536865,6.533765425272642,6.1461687654915895,6.533765425272642,24000
2016-08-23,6.290132999420166,6.334429314020463,6.2236878234424955,6.2273793003387246,14600
2016-08-24,6.20892333984375,6.282751486546003,6.201540384358047,6.282751486546003,9600
2016-08-25,6.282750606536865,6.315973197491735,6.238453583904609,6.238453583904609,18800
2016-08-26,6.290132999420166,6.382417809594214,6.275367091835251,6.382417809594214,15400
2016-08-29,6.293824672698975,6.35141045317996,6.267985034805711,6.323355788016609,22600
2016-08-30,6.2458367347717285,6.393492308060489,6.20892266543021,6.393492308060489,23200
2016-08-31,6.227380752563477,6.3270478356951125,6.160935561090792,6.3270478356951125,21000
2016-09-01,6.304898738861084,6.353256175011802,6.267984670838226,6.267984670838226,16000
2016-09-02,6.415639877319336,6.423022831323322,6.282750225633819,6.282750225633819,49800
2016-09-06,6.485776901245117,6.544839128483169,6.371343923981053,6.371343923981053,23600
2016-09-07,6.522691249847412,6.570679047513436,6.382418630142844,6.45255458795647,28800
2016-09-08,6.345503807067871,6.756725043529567,6.271675676572216,6.563296017545095,27000
2016-09-09,6.253218650817871,6.4008741995815654,6.160933844830914,6.312280870323349,26400
2016-09-12,6.2458367347717285,6.253219689455494,6.197848937481872,6.238453780087962,21600
2016-09-13,6.216305732727051,6.2790594405212685,6.18677461753432,6.219997210135808,13800
2016-09-14,6.33812141418457,6.363961050921924,6.2163054809389795,6.275367708932157,21600
2016-09-15,6.2195143699646,6.393719814759854,6.20839460273783,6.334415803469573,16200
2016-09-16,6.037897109985352,6.252874376180499,5.993418737997508,6.226928246794408,52800
2016-09-19,6.1787428855896,6.24546007814621,6.082373686003341,6.082373686003341,19000
2016-09-20,6.141676902770996,6.226926323544491,6.074959718875384,6.1602098466084,12400
2016-09-21,6.004537105560303,6.226926792688069,5.930406738544665,6.123145127217664,49200
2016-09-22,5.859983444213867,5.986004293284018,5.82291825988278,5.930406870267181,97200
2016-09-23,6.14909029006958,6.252872658220802,5.856276483565304,5.856276483565304,61000
2016-09-26,5.948938369750977,6.112024736367258,5.922992956031012,6.112024736367258,18800
2016-09-27,5.92299222946167,6.100904221968089,5.919285994727567,6.100904221968089,33600
2016-09-28,5.9526448249816895,5.982296826705453,5.911873410981449,5.915579999566855,29000
2016-09-29,5.978590488433838,5.986003665915028,5.9526450742091885,5.9526450742091885,27000
2016-09-30,5.948938369750977,6.019362140533382,5.919286720842268,5.9563515470879675,38000
2016-10-03,5.830330848693848,5.986004051016282,5.822918024215522,5.945232986165817,88400
2016-10-04,5.722841262817383,5.856275615378953,5.604233263633516,5.856275615378953,285200
2016-10-05,5.819211483001709,5.8896352602626525,5.6561254548623054,5.793266066894931,283200
2016-10-06,5.793266296386719,5.93040691385197,5.785853118074101,5.785853118074101,72800
2016-10-07,5.72654914855957,5.8229183464695735,5.574582526805997,5.8229183464695735,59200
2016-10-10,5.7080159187316895,5.771026513907539,5.6153533203530595,5.771026513907539,29000
2016-10-11,5.615352153778076,5.745079905949455,5.563461335693274,5.667243325342565,32000
2016-10-12,5.7117228507995605,5.7228422642989845,5.600527655365973,5.600527655365973,46200
2016-10-13,5.958205223083496,5.985262684227937,5.663537785179904,5.678363786444259,37800
2016-10-14,5.915581226348877,6.023069843258607,5.88963580782992,5.967472416866608,31000
2016-10-17,5.848863124847412,5.911873720175837,5.811798297494066,5.882221716901256,24800
2016-10-18,5.741374492645264,5.830330501973795,5.730255079849138,5.830330501973795,32200
2016-10-19,5.722841262817383,5.83514848599139,5.693189263021416,5.7117218512638255,41400
2016-10-20,5.670951843261719,5.711723264700637,5.6412998361279945,5.708016675438969,16200
2016-10-21,5.615352153778076,5.650564032821111,5.559754747693021,5.607939331257256,40200
2016-10-24,5.641299247741699,5.78585267907176,5.615353479095973,5.622766656846116,196600
2016-10-25,5.637592792510986,5.756200811486805,5.615353612213131,5.708016215407934,241600
2016-10-26,5.630179405212402,5.737668006781942,5.5894079885756,5.622766581041968,28800
2016-10-27,5.815504550933838,5.815504550933838,5.613500410550555,5.667244534098466,14200
2016-10-28,5.570876121520996,5.7080167445447545,5.570876121520996,5.615354132760068,31200
2016-10-31,5.6524176597595215,5.674656835591286,5.570874486349328,5.596820250399672,40800
2016-11-01,5.7080159187316895,5.72284192033308,5.607940496292245,5.663537913927518,26200
2016-11-02,5.663538455963135,5.771027066230479,5.637593039047505,5.663538455963135,163800
2016-11-03,5.626473426818848,5.834037461786835,5.622766837824474,5.7562008603038946,138800
2016-11-04,5.578288555145264,5.715429159853689,5.496745368690608,5.622766560444232,70800
2016-11-07,5.715428829193115,5.719135417790196,5.526397052498929,5.563462231510248,64400
2016-11-08,6.293643951416016,6.35294796196018,5.7450815004027,5.808092099975822,111400
2016-11-09,6.643497467041016,6.818424031805856,6.382967876221358,6.382967876221358,124200
2016-11-10,6.461127281188965,6.758874787742629,6.315974750593759,6.695603353864219,41200
2016-11-11,6.345748424530029,6.583947099242493,6.217344967219338,6.513231812227391,34800
2016-11-14,6.189431667327881,6.642380835649693,6.0204603359322455,6.342028057745207,25400
2016-11-15,6.141047477722168,6.386689320040177,6.066610254643875,6.2266497873420255,20200
2016-11-16,6.05916690826416,6.185709757556251,5.990312230638264,6.118716400885621,37600
2016-11-17,6.029392242431641,6.081125891457781,6.010782582060322,6.010782582060322,11800
2016-11-18,6.152214050292969,6.323418691131304,5.999618362628867,6.025671181027217,16000
2016-11-21,6.05916690826416,6.241537318153126,5.9996174156427,6.114994468861036,29600
2016-11-22,6.189431667327881,6.215485194394467,6.0666107364152255,6.167100782585406,83800
2016-11-23,6.181988716125488,6.6394037925199605,6.144770100403775,6.6394037925199605,26400
2016-11-25,6.055445671081543,6.215485217072946,6.010783191547604,6.181988534894,14200
2016-11-28,6.159656524658203,6.316718798047384,5.984729970546587,5.995895767148342,143600
2016-11-29,6.178267002105713,6.319696894987698,6.141048385067483,6.245260370797312,222600
2016-11-30,6.088943004608154,6.248982567719343,6.066611407509311,6.248982567719343,14600
2016-12-01,6.100107669830322,6.271313019606652,5.995896396814,6.226650538395332,85400
2016-12-02,6.248981952667236,6.371802885077884,6.021949040377297,6.178266655253216,238000
2016-12-05,6.606278419494629,6.643497031440808,6.137325612699115,6.222927923255144,209000
2016-12-06,6.788649559020996,6.863086790828568,6.572782438642302,6.68815950904659,60000
2016-12-07,6.818422794342041,7.011958986118606,6.814700862590273,6.837032453100881,28000
2016-12-08,6.69188117980957,6.757013932564428,6.468570203009822,6.757013932564428,48200
2016-12-09,6.647218704223633,6.866807725262296,6.548589279932266,6.7737615539708615,32200
2016-12-12,6.5355634689331055,6.7179338961143,6.356914974129407,6.706768808867828,34200
2016-12-13,6.464848518371582,6.604417780159616,6.386689362629575,6.386689362629575,24800
2016-12-14,6.531840801239014,6.624886970543763,6.4574042917267755,6.4574042917267755,37200
2016-12-15,6.587669372558594,6.684436768369512,6.489412635987288,6.554172693283288,13000
2016-12-16,6.613723278045654,6.654663118443208,6.494624269823524,6.587670458732823,42000
2016-12-19,6.676994323730469,6.699325208992351,6.563477866329665,6.587670072796896,39000
2016-12-20,6.926359176635742,6.937524266020811,6.517699725897327,6.632332851468949,38800
2016-12-21,6.810979843139648,6.8444765235064,6.643497151191881,6.8184237076402585,38800
2016-12-22,6.829588890075684,6.877972585205592,6.725376926098898,6.725376926098898,18200
2016-12-23,6.98590612411499,7.011958936306394,6.818794726111455,6.941243653296946,20400
2016-12-27,7.019402980804443,7.06406474288853,6.90402522400108,7.008237185340467,51800
2016-12-28,7.067787170410156,7.067787170410157,6.892860621854814,6.982184862173667,29200
2016-12-29,7.064064979553223,7.064064979553223,6.889138437405881,7.0231251479188685,33800
2016-12-30,7.257602214813232,7.361814194482344,6.9338011882640185,7.0529008978370165,23600
2017-01-03,7.190609455108643,7.432529407316143,7.051040170002074,7.432529407316143,59600
2017-01-04,7.097561359405518,7.317150365806379,7.097561359405518,7.1794424390107965,18800
2017-01-05,7.246435165405273,7.265044824569908,7.041733883795678,7.1347800499611145,19600
2017-01-06,7.164555072784424,7.2241045646504585,7.090117853008912,7.2241045646504585,13000
2017-01-09,7.265045642852783,7.443694131639493,7.134780853571894,7.183164553077715,26400
2017-01-10,7.3320393562316895,7.428806759897068,7.14408567283257,7.14408567283257,17600
2017-01-11,7.294820785522461,7.335760622738225,7.149668259382479,7.335760622738225,54600
2017-01-12,7.294820785522461,7.317151670357062,7.257602170874106,7.313429737903624,55600
2017-01-13,7.201775074005127,7.257602644679291,7.177582866421428,7.220384027601156,2400
2017-01-17,7.294820785522461,7.294820785522461,6.941616991471666,7.134781239454754,29600
2017-01-18,7.134781360626221,7.276211246828669,6.978463744357179,7.145947158176168,35600
2017-01-19,7.112448692321777,7.112448692321777,7.015680600806789,7.0380114804222895,18000
2017-01-20,7.082674980163574,7.082674980163573,7.027963358798405,7.027963358798405,4200
2017-01-23,7.19433069229126,7.2348985489644555,7.071509761668252,7.086397491385477,37000
2017-01-24,7.023126125335693,7.151529600856749,7.023126125335693,7.151529600856749,2000
2017-01-25,7.160833358764648,7.291098142393755,7.019403488749536,7.019403488749536,10200
2017-01-26,7.108728885650635,7.138503637333405,7.034291651500672,7.1273378392450875,8000
2017-01-27,7.108728885650635,7.108728885650635,7.008983503007658,7.008983503007658,8200
2017-01-30,7.108728885650635,7.145947502725617,7.011960765210112,7.011960765210112,17200
2017-01-31,7.0603437423706055,7.07150953930742,7.019403906707623,7.052900587632065,47000
2017-02-01,6.959855079650879,7.086397950908973,6.892861711351174,6.989629831130074,49000
2017-02-02,6.963576316833496,6.96729824951185,6.743987967899207,6.941245430649447,41400
2017-02-03,6.9412455558776855,6.989629971683123,6.900305715449337,6.91891466929076,7800
2017-02-06,6.877701759338379,6.944610157022483,6.855274670152154,6.906857616930352,10200
2017-02-07,6.9150800704956055,6.937507157586338,6.819764415651809,6.900128203805621,11800
2017-02-08,7.337459087371826,7.442119997740261,7.060856016695383,7.3636248496720285,76600
2017-02-09,7.767319202423096,7.767319202423097,7.382317092339812,7.423434023274806,63200
2017-02-10,7.950474262237549,8.021493498673856,7.662657210539899,7.711249357203916,27600
2017-02-13,8.032706260681152,8.096250266809896,7.913842060097699,7.991589341143663,47400
2017-02-14,7.939258575439453,8.002802576290966,7.838335624743962,7.934025565237946,22800
2017-02-15,7.995327472686768,8.036444393072552,7.587898374328015,7.741151442927813,22400
2017-02-16,7.733677864074707,7.969164110485682,7.733677864074707,7.969164110485682,73000
2017-02-17,7.756102561950684,7.942996599588049,7.673869442050146,7.808059081599658,52600
2017-02-21,7.632753372192383,7.842074517938109,7.5878984844890285,7.763579355637556,40000
2017-02-22,7.374839782714844,7.778530942748881,7.227193297276765,7.561733851488829,71000
2017-02-23,7.430906295776367,7.505664192719334,7.1094490499875524,7.31877016330606,75200
2017-02-24,7.184207439422607,7.477631057799387,6.7831328021161745,7.344936445757763,29200
2017-02-27,7.210371971130371,7.348673153151708,7.060856177780405,7.158041158280227,20600
2017-02-28,6.974886894226074,7.217849051654361,6.916949473715873,7.217849051654361,20000
2017-03-01,7.038431167602539,7.09449925015536,6.776779165096906,7.09449925015536,37000
2017-03-02,6.986098289489746,7.075807328685934,6.959933242175533,7.038428384118172,21200
2017-03-03,7.060856819152832,7.1019737373533385,6.841069666639124,6.937506777495516,18400
2017-03-06,7.00852632522583,7.060856426978717,6.971147375569126,7.023478190266178,8400
2017-03-07,7.030953884124756,7.094497888944351,6.96740987930516,7.012264764507786,10000
2017-03-08,7.004789352416992,7.0982363833397555,6.978624297829701,7.083285229123132,13400
2017-03-09,6.877701759338379,7.068333799782071,6.847798736108642,6.952459673884878,15400
2017-03-10,6.7992072105407715,7.0085283922309785,6.657167302542707,6.85901326245226,25200
2017-03-13,6.81041955947876,6.922556427686694,6.6422153265832895,6.754351481846936,24200
2017-03-14,6.851536273956299,7.004789347527106,6.6422151244598275,6.6422151244598275,22600
2017-03-15,6.89639139175415,7.04216853659652,6.78649744596623,6.859012435579513,26800
2017-03-16,6.817895412445068,7.0982365102246066,6.817895412445068,6.974886455719381,10400
2017-03-17,7.02347993850708,7.02347993850708,6.773041840297085,6.773041840297085,44400
2017-03-20,6.967409133911133,6.986098964472822,6.829107952475316,6.986098964472822,11600
2017-03-21,6.65716552734375,6.877700552313659,6.65716552734375,6.877700552313659,3800
2017-03-22,6.500174522399902,6.7506125660334355,6.410465468210244,6.634738460156484,121000
2017-03-23,6.522602558135986,6.582408596439896,6.365611529352173,6.3880386154800854,46000
2017-03-24,6.511388301849365,6.657165423110175,6.492699183257426,6.541291319362972,22800
2017-03-27,6.440369129180908,6.619787255470572,6.35813599953421,6.507651104775597,46600
2017-03-28,6.4291558265686035,6.541291975252375,6.298329844474707,6.369349785544693,136000
2017-03-29,6.526339530944824,6.713233570840529,6.502043819078194,6.638476382648757,9200
2017-03-30,6.410465717315674,6.595491138920909,6.29832957345713,6.474009722287307,49600
2017-03-31,6.384299278259277,6.417940256700536,6.298328205773421,6.388037243968757,42600
2017-04-03,6.500174522399902,6.8253704676635785,6.500174522399902,6.720709547970216,17200
2017-04-04,6.582409858703613,6.728187015906052,6.503913972786981,6.728187015906052,11400
2017-04-05,6.623523712158203,6.65978119711932,6.317017638055961,6.65978119711932,14200
2017-04-06,6.731924533843994,6.903866737228381,6.4291563379594905,6.541292495562846,20200
2017-04-07,6.7244462966918945,6.776776390590614,6.6010962803991555,6.776776390590614,10800
2017-04-10,6.720709800720215,6.720709800720215,6.373086757071891,6.612311623518516,14800
2017-04-11,6.619787216186523,6.7020210582894775,6.559981174444878,6.6496909500016015,23400
2017-04-12,6.503912448883057,6.668379403694074,6.500174482530058,6.63473841946127,12400
2017-04-13,6.563718795776367,6.698282739086186,6.455320618177849,6.481485670944933,8400
2017-04-17,6.4665327072143555,6.6384755736967485,6.4665327072143555,6.627261676009605,44600
2017-04-18,6.436631202697754,6.526340266403783,6.380563126999519,6.410466148234861,14200
2017-04-19,6.477748870849609,6.5412928874165726,6.391777764007348,6.395515731210622,13200
2017-04-20,6.410465717315674,6.511388674554893,6.395514564175169,6.410465717315674,14600
2017-04-21,6.365610599517822,6.423547289630713,6.365610599517822,6.414202731187742,22000
2017-04-24,6.4067277908325195,6.4067277908325195,6.19927528174797,6.354397685097397,10200
2017-04-25,6.474009990692139,6.474009990692139,6.406728016409895,6.4216798831145026,6000
2017-04-26,6.634738922119141,6.634738922119141,6.324494820757536,6.516248302823212,14800
2017-04-27,6.679593086242676,6.690806271994027,6.58240810304739,6.601097221262416,4800
2017-04-28,6.559980392456055,6.713233445268375,6.545402823019916,6.638476258474948,15000
2017-05-01,6.49269962310791,6.623524888002638,6.492699623107909,6.623524888002638,14400
2017-05-02,6.4665327072143555,6.716970718674468,6.434387483810582,6.533814667449027,5800
2017-05-03,6.63100004196167,6.660903057987377,6.492698860196829,6.492698860196829,13800
2017-05-04,6.451583385467529,6.477748441210695,6.451583385467529,6.477748441210695,600
2017-05-05,6.380562782287598,6.591753259383723,6.33197064275947,6.507650793907901,23400
2017-05-08,6.356266021728516,6.373086513938966,6.124517810100292,6.373086513938966,12200
2017-05-09,6.343183517456055,6.53755349189444,6.272164294943106,6.272164294943106,15000
2017-05-10,5.662888526916504,6.354396526837655,5.556358995119752,6.354396526837655,94600
2017-05-11,6.03114652633667,6.042419955972228,5.655374497596581,5.655374497596581,30200
2017-05-12,5.786894798278809,5.989811879299897,5.779379536652206,5.982296617673295,6400
2017-05-15,5.828230381011963,5.872195614131755,5.8116961592723495,5.8116961592723495,18800
2017-05-16,5.839502811431885,5.892111074008557,5.7831370973861045,5.7831370973861045,14400
2017-05-17,5.899626731872559,5.974781141773487,5.5464008261559465,5.82447232197163,25800
2017-05-18,6.140122413635254,6.523410517316271,5.8620508629438675,5.8620508629438675,12400
2017-05-19,6.388130187988281,6.463284947479706,6.00860001434151,6.113816534283722,17000
2017-05-22,6.33928108215332,6.500862621756003,6.064966669048126,6.267884121203008,23000
2017-05-23,6.113816738128662,6.211517642033464,6.019873643996614,6.192728593169697,7600
2017-05-24,5.869564056396484,6.1100584890962955,5.869564056396484,6.1100584890962955,12400
2017-05-25,5.993569850921631,5.993569850921631,5.8996267486866065,5.8996267486866065,11800
2017-05-26,6.01235818862915,6.219032714671698,5.899626400919459,6.049935570653872,18200
2017-05-30,6.057452201843262,6.314856129089674,6.057452201843262,6.314856129089674,1600
2017-05-31,6.098786354064941,6.256610803002345,6.057451874227571,6.256610803002345,9600
2017-06-01,5.952234745025635,6.376857232511274,5.907142101001438,6.376857232511274,25000
2017-06-02,5.768107891082764,6.104424443177535,5.768107891082764,5.959751589497404,53400
2017-06-05,5.75307559967041,6.358069034447827,5.7305290979979135,5.824472197965092,35800
2017-06-06,5.730527877807617,5.7455587562672905,5.730527877807617,5.730527877807617,4000
2017-06-07,5.7117414474487305,5.918416376721437,5.666648794248885,5.918416376721437,24200
2017-06-08,5.768107891082764,5.854535392160895,5.7192574241568135,5.7192574241568135,3600
2017-06-09,6.108180999755859,6.215276809857676,5.730529994188189,5.730529994188189,20800
2017-06-12,6.275400161743164,6.339281506505666,5.674164102224749,5.831988558889219,51400
2017-06-13,6.3167338371276855,6.534681800245013,6.271641550540085,6.36934246045185,21000
2017-06-14,6.305461406707764,6.3843732701405305,6.303206577258541,6.3843732701405305,4000
2017-06-15,6.207760810852051,6.294188299063021,6.2040030004869156,6.222791335583547,5200
2017-06-16,6.01235818862915,6.329885597443706,6.01235818862915,6.329885597443706,55600
2017-06-19,6.249095439910889,6.249095439910889,5.824472892766744,6.068724838472441,51000
2017-06-20,5.892111778259277,6.307715704668341,5.888353967976551,6.034904985357779,58000
2017-06-21,5.955992698669434,6.004842795434367,5.80944133328117,5.824472214985262,40200
2017-06-22,5.75307559967041,5.9507318906021025,5.75307559967041,5.862049581297758,33600
2017-06-23,5.794410228729248,6.012358184238745,5.749317585351195,5.955992469607296,85600
2017-06-26,5.8620500564575195,6.13561190982799,5.816957049457425,5.965763255828706,54800
2017-06-27,5.809441566467285,5.9822968921848565,5.809441566467285,5.880838167836401,19600
2017-06-28,5.8319878578186035,5.9710236037161115,5.771863972402705,5.7756217824345395,19800
2017-06-29,6.106301307678223,6.185213165162937,5.858291588827761,5.862049398716883,39800
2017-06-30,6.15778112411499,6.35431033110693,6.15139363640438,6.343036902673338,13800
2017-07-03,6.25661039352417,6.286672157224356,6.140121148777072,6.286672157224356,16600
2017-07-05,6.162668704986572,6.325002839561248,6.125091312565545,6.305462652840645,5200
2017-07-06,6.249095439910889,6.384373749354254,6.132606182739691,6.132606182739691,35400
2017-07-07,6.27915620803833,6.515893211908214,6.27915620803833,6.294187447465156,24400
2017-07-10,6.2603678703308105,6.474558014884155,6.2603678703308105,6.474558014884155,6000
2017-07-11,5.8319878578186035,6.312976074229884,5.8319878578186035,6.312976074229884,66800
2017-07-12,5.62907075881958,6.042420569983675,5.62907075881958,5.854534357338998,62200
2017-07-13,5.679800510406494,5.704225920403694,5.542643651809874,5.647859837739449,16800
2017-07-14,5.568946838378906,5.753075586241801,5.568946838378906,5.6365859848740305,17200
2017-07-17,5.655375003814697,5.655375003814697,5.599008925684946,5.640344121319665,12800
2017-07-18,5.5764617919921875,5.696708830623466,5.57270398244385,5.57270398244385,9800
2017-07-19,5.5501580238342285,5.6666472567360495,5.5501580238342285,5.591492855127704,9800
2017-07-20,5.6027655601501465,5.642221842397457,5.542642042787037,5.542642042787037,10400
2017-07-21,5.62907075881958,5.632828569079956,5.599008993465593,5.602766803725969,30400
2017-07-24,5.587735652923584,5.64034391895093,5.5820989378034955,5.64034391895093,17200
2017-07-25,5.546400547027588,5.6666475968175165,5.546400547027588,5.636585834370035,22600
2017-07-26,5.6065239906311035,5.632827942800139,5.580220038462069,5.580220038462069,9000
2017-07-27,5.599008560180664,5.651616824661254,5.599008560180664,5.651616824661254,6000
2017-07-28,5.651616096496582,5.651616096496582,5.5990078387941375,5.5990078387941375,7400
2017-07-31,5.662889003753662,5.707981641188659,5.59900767779631,5.6234330803847,8800
2017-08-01,5.820713996887207,5.820713996887207,5.674163000137885,5.707982212827717,16600
2017-08-02,5.798167705535889,5.882716272626311,5.756832516040414,5.858291226586266,3600
2017-08-03,5.824472904205322,5.862050292094394,5.725644925938439,5.8019263997989725,6400
2017-08-04,5.801925182342529,5.880837393659284,5.801925182342529,5.8432603720197775,6200
2017-08-07,6.087512969970703,6.121332542216126,5.798168059306069,5.798168059306069,24800
2017-08-08,6.166424751281738,6.1776981808007205,6.068723845637384,6.125089559774413,23600
2017-08-09,6.297946453094482,6.324250410356737,6.098035661172267,6.162668139483938,68600
2017-08-10,6.23782205581665,6.312976106652404,6.15890947820078,6.275399439599018,25600
2017-08-11,6.147637367248535,6.226549235868835,6.110059979783561,6.110059979783561,26800
2017-08-14,6.138242244720459,6.256610759788202,6.106301932488146,6.256610759788202,23000
2017-08-15,6.583532333374023,6.62674607148506,6.1551513286496355,6.162666948337366,116200
2017-08-16,6.745115280151367,6.869120151083416,6.500862631796072,6.500862631796072,53000
2017-08-17,6.500861167907715,6.745113761261292,6.3881297530744146,6.632381629699136,49400
2017-08-18,6.403161525726318,6.559106686501696,6.320491145659881,6.444495999030621,86000
2017-08-21,6.497104167938232,6.59781102419242,6.388129844212979,6.512134688990312,174400
2017-08-22,6.478315830230713,6.576016736320664,6.463285307532459,6.5572284037656114,62000
2017-08-23,6.530923843383789,6.57601684568638,6.440738555507565,6.512135510516268,115800
2017-08-24,6.440737724304199,6.620357144929547,6.388129825681237,6.613593374639289,57400
2017-08-25,6.4557695388793945,6.504619632432889,6.414434348137179,6.470800061230881,15200
2017-08-28,6.512135982513428,6.549713367701021,6.410677257525626,6.414435067717287,19200
2017-08-29,6.53843879699707,6.643655313829583,6.4332229968934405,6.47455746833606,116800
2017-08-30,6.53843879699707,6.75638673300601,6.463284756455747,6.576016175632173,87000
2017-08-31,6.440737724304199,6.669959082696586,6.431343559082793,6.66056491747518,62000
2017-09-01,6.527166843414307,6.542197366577199,6.384372931357522,6.463285507331843,68400
2017-09-05,6.6173529624938965,6.62486786665334,6.478316842972861,6.519652041130557,79600
2017-09-06,6.745115280151367,6.745115280151366,6.560986162143187,6.621110409219317,31200
2017-09-07,6.7263264656066895,6.7263264656066895,6.5121362916183685,6.681234174624434,77200
2017-09-08,6.711294651031494,6.820268263902827,6.61735156002256,6.726325172893893,14600
2017-09-11,6.775176525115967,6.9104540996456345,6.669959996722704,6.7338413324027275,38000
2017-09-12,7.072037220001221,7.077298011236215,6.778935174932641,6.786450079033311,92800
2017-09-13,6.324249744415283,6.70377997129117,6.091270530699657,6.2002448755729835,104400
2017-09-14,6.384372711181641,6.478315807079067,6.260367853266195,6.3280069969889725,64000
2017-09-15,6.418351650238037,6.629779502965315,6.369270454471221,6.410800475467862,71800
2017-09-18,6.429678440093994,6.49763685295937,6.395698873601474,6.4455354751078815,48400
2017-09-19,6.282434463500977,6.403250400088336,6.259781655420793,6.376822003974825,25800
2017-09-20,6.195597171783447,6.305087048002987,6.180495542030218,6.225801151409582,29800
2017-09-21,6.154067039489746,6.2329756011903905,6.123863056871038,6.16161821517436,104000
2017-09-22,6.286209583282471,6.441005080519477,6.135189673797554,6.135189673797554,145400
2017-09-25,6.210700511932373,6.263557304676035,6.138965778837552,6.256006128535571,31000
2017-09-26,6.256005764007568,6.433454792369819,6.2144750177747445,6.2144750177747445,53200
2017-09-27,6.274884223937988,6.3617205913396555,6.2484551067933065,6.32018984166068,20800
2017-09-28,6.308862686157227,6.308862686157227,6.237128675855618,6.278658702840821,4400
2017-09-29,6.233353614807129,6.310751373605032,6.229578026558472,6.282434821800018,36800
2017-10-02,6.2371296882629395,6.293762076158765,6.218251745551076,6.229578511178194,9800
2017-10-03,6.233353614807129,6.3201899841667615,6.210700805435013,6.237129203055786,37400
2017-10-04,6.286209583282471,6.422127861878762,6.271107952393844,6.2899851710345605,16400
2017-10-05,6.289985179901123,6.34284196826542,6.19182205856762,6.256005610204152,141600
2017-10-06,6.335291385650635,6.49008687999738,6.3126378595610735,6.3133932651452795,69400
2017-10-09,6.18427038192749,6.3768210212342735,6.180495514595697,6.3768210212342735,8000
2017-10-10,6.297537326812744,6.407026508187484,6.199374190337552,6.203149778677349,14200
2017-10-11,6.403250694274902,6.456108209050161,6.191822795533325,6.2295779574814185,100000
2017-10-12,6.384373188018799,6.505189124757119,6.365495967948356,6.505189124757119,6600
2017-10-13,6.289985179901123,6.384372713477214,6.289985179901123,6.34284196826542,19000
2017-10-16,6.206923961639404,6.399474602652489,6.206923961639404,6.286209138463785,24000
2017-10-17,6.248455047607422,6.376822163472162,6.184271489675052,6.184271489675052,6000
2017-10-18,6.222026824951172,6.222026824951172,6.184271662736795,6.210700780370735,4400
2017-10-19,6.135189533233643,6.214474713851814,6.120087182571297,6.15406675144186,24800
2017-10-20,6.0974345207214355,6.174832269394838,6.071006126557795,6.169169247822554,38600
2017-10-23,6.150293827056885,6.182385252173956,6.067232312410456,6.142742649339947,58600
2017-10-24,6.0710062980651855,6.116312632282578,6.067230710203757,6.116312632282578,11000
2017-10-25,6.040802478790283,6.123863253630532,5.855802989291703,6.123863253630532,31400
2017-10-26,5.938863277435303,6.003046827317324,5.882230902861686,6.003046827317324,5400
2017-10-27,5.938863277435303,6.021924405528482,5.938863277435303,5.965292030954866,3600
2017-10-30,5.784068584442139,5.935088870965323,5.757640187326042,5.923762106435648,43800
2017-10-31,5.863353729248047,5.96529244258661,5.682129830059333,5.852027325563723,53000
2017-11-01,5.6632513999938965,5.8255980553462,5.625496246636673,5.8255980553462,92800
2017-11-02,6.055904388427734,6.071006019059671,5.651925507317443,5.65947632263341,49200
2017-11-03,5.870904922485352,6.120087604578745,5.852027342915583,6.120087604578745,54600
2017-11-06,5.750088691711426,5.855802994426064,5.719884708095782,5.799170255101818,8600
2017-11-07,5.863353729248047,5.971333167214257,5.791619359167485,5.791619359167485,18000
2017-11-08,5.904505252838135,5.904505252838135,5.757638305339211,5.844474644656612,26600
2017-11-09,5.953965187072754,5.969067176511183,5.727434985436494,5.8293733241309305,22400
2017-11-10,5.810497283935547,5.908660055132232,5.780293298942736,5.897333650774904,15800
2017-11-13,5.742537021636963,5.7953941651318,5.742537021636963,5.7953941651318,5200
2017-11-14,5.738763809204102,5.810498559352893,5.6972334107379465,5.738763809204102,31600
2017-11-15,5.70100736618042,5.804455809813654,5.663252207440201,5.663252207440201,77400
2017-11-16,5.670804500579834,5.734987706988973,5.6670289119499,5.697232900869476,11400
2017-11-17,5.904884338378906,5.908659566145651,5.6632521183734195,5.6632521183734195,51000
2017-11-20,5.704782485961914,5.816159806070286,5.685905267009204,5.81427201216304,10000
2017-11-21,5.674579620361328,5.719885602872124,5.644375632020798,5.670804391863719,45000
2017-11-22,5.712536811828613,5.860948817700462,5.666988389570553,5.666988389570553,13200
2017-11-24,5.621439456939697,5.670783305082636,5.572095246810109,5.640417693000836,8800
2017-11-27,5.416471481323242,5.498078838861142,5.332965865764783,5.498078838861142,8800
2017-11-28,5.648009300231934,5.685966134496889,5.295767691853777,5.420266846695598,34000
2017-11-29,5.389901638031006,5.644213930791841,5.332966201377491,5.644213930791841,36800
2017-11-30,5.640417098999023,5.72771849603033,5.310190830896141,5.359535035829208,83600
2017-12-01,5.412674903869629,5.594868552847936,5.344352104509462,5.594868552847936,30800
2017-12-04,5.374718189239502,5.520473193743313,5.310191175674868,5.321578551235663,41200
2017-12-05,5.313986778259277,5.389900802694228,5.20011556061354,5.313986778259277,28200
2017-12-06,5.1014275550842285,5.3139872024566195,5.1014275550842285,5.306395618413803,28800
2017-12-07,4.953395843505859,5.124202521836401,4.7981513350356115,5.101428129131873,100800
2017-12-08,4.7674055099487305,5.059674598787296,4.763609718174906,4.987556365017768,24000
2017-12-11,5.006533622741699,5.078652204421798,4.7484259862715765,4.797770183740445,30800
2017-12-12,5.389901638031006,5.427858837124468,5.029309694589826,5.029309694589826,406800
2017-12-13,5.549321174621582,5.670783629906175,5.356499563055957,5.367127491694692,82800
2017-12-14,5.708738803863525,5.788448602375701,5.541727987069058,5.788448602375701,74400
2017-12-15,5.6328253746032715,5.849180409071521,5.617642571517544,5.788449196728614,40600
2017-12-18,5.659395694732666,5.727718495711044,5.613847281409285,5.678374290780728,14000
2017-12-19,5.427857875823975,5.583481712969398,5.427857875823975,5.5455245205983426,18800
2017-12-20,5.435450077056885,5.549321312713144,5.389901655191717,5.42785885440603,26200
2017-12-21,5.321577548980713,5.48099679495417,5.317781757842006,5.389899979544604,45200
2017-12-22,5.367126941680908,5.55691218960756,5.363331149845583,5.363331149845583,19200
2017-12-26,5.503771781921387,5.541728973487901,5.295007952278771,5.537933181933928,17200
2017-12-27,5.530342102050781,5.632826311413795,5.437347372436179,5.480997893318956,14200
2017-12-28,5.496180057525635,5.591072672015953,5.484793045143044,5.52275023573381,43600
2017-12-29,5.560707092285156,5.579685687675923,5.488588864184164,5.503771668099457,12600
2018-01-02,5.553116321563721,5.598664737002634,5.54248839415997,5.598664737002634,7800
2018-01-03,5.435450077056885,5.579686927289923,5.405084462480106,5.579686927289923,19000
2018-01-04,5.560707092285156,5.579685687675923,5.39103926758142,5.454427464878105,34400
2018-01-05,5.518954753875732,5.997213644612737,5.507567740854361,5.560707376278506,49800
2018-01-08,5.43165397644043,5.682170446777618,5.420266600889368,5.63851956447182,13800
2018-01-09,5.389901638031006,5.80742938011238,5.389901638031006,5.473407258844616,22400
2018-01-10,5.382309436798096,5.761879910772875,5.177341395331179,5.49618028940124,56000
2018-01-11,5.253255367279053,5.412674993776399,5.241868354525416,5.412674993776399,45000
2018-01-12,5.325374126434326,5.517057276432541,5.325374126434326,5.3652292180115015,24400
2018-01-16,5.313986778259277,5.397492386131034,5.279825376766894,5.332965374864671,49200
2018-01-17,5.317781925201416,5.401287160961616,5.2798247365929045,5.2798247365929045,13200
2018-01-18,5.219094753265381,5.302600370673893,5.219094753265381,5.2760301875972475,23600
2018-01-19,5.253255367279053,5.260846588452607,5.2126411937427175,5.226685550191698,9600
2018-01-22,5.090040683746338,5.222890512327913,5.071062085093733,5.222890512327913,34200
2018-01-23,5.184933662414551,5.310191915132753,5.090041024780356,5.090041024780356,64200
2018-01-24,5.154566764831543,5.219093771326875,5.135588169629399,5.219093771326875,9800
2018-01-25,5.241868495941162,5.276029535123673,5.222889899515356,5.257051300684484,6000
2018-01-26,5.230481147766113,5.306395171872742,5.230481147766113,5.2494597442894255,10600
2018-01-29,5.074857711791992,5.207707536042945,5.029309293702519,5.207707536042945,24400
2018-01-30,5.162159442901611,5.313987512757147,5.086245045987172,5.313987512757147,23000
2018-01-31,5.120405673980713,5.154567075002884,5.120405673980713,5.154567075002884,21800
2018-02-01,5.074857711791992,5.131793505893822,5.063470697766286,5.105223323851642,11200
2018-02-02,5.014126300811768,5.052083495465107,4.985658585815081,5.014126300811768,35000
2018-02-05,4.915436744689941,5.0217163582977555,4.896458151763336,5.0217163582977555,75600
2018-02-06,4.570028305053711,4.976168579741296,4.315716068944681,4.9154373643098745,114000
2018-02-07,4.664921283721924,5.321578416290884,4.48652305297961,4.48652305297961,39000
2018-02-08,4.604190349578857,4.704017217489549,4.566233153620633,4.704017217489549,50600
2018-02-09,4.228415489196777,4.554845988023255,3.9437376149453236,4.554845988023255,110400
2018-02-12,4.216945648193359,4.3431099071113906,4.144305763963725,4.301055275673704,49800
2018-02-13,4.213123321533203,4.2819399671021605,4.174891568190988,4.174891568190988,30200
2018-02-14,4.205477237701416,4.254413799276335,4.194007856415283,4.201653989071019,31800
2018-02-15,4.2666449546813965,4.304876686661479,4.176800858514465,4.2284135873061315,22600
2018-02-16,4.270469665527344,4.304878163190214,4.232237920434168,4.262823170666731,21200
2018-02-20,4.12136697769165,4.304878873992644,4.0984282185321534,4.2284157357859815,43400
2018-02-21,4.19400691986084,4.22841542064061,4.106074044023095,4.151951923527798,16800
2018-02-22,4.129012107849121,4.205475220760147,4.121365614255577,4.15577410621676,16200
2018-02-23,4.232239246368408,4.286528210151334,4.0984288258302035,4.10607495848136,29800
2018-02-26,4.239884853363037,4.274293354581021,4.239884853363037,4.2666468589303665,3200
2018-02-27,4.2666449546813965,4.304876686661479,4.2207670950681875,4.243706207177201,24000
2018-02-28,4.2590012550354,4.312525272794904,4.213123369267957,4.262824138728918,3600
2018-03-01,4.186360836029053,4.239885216351058,4.186360836029053,4.232238720045767,28000
2018-03-02,4.312524318695068,4.312524318695068,4.186360069595834,4.186360069595834,17400
2018-03-05,4.239884853363037,4.320171234670005,4.2016531043197265,4.274293354581021,16800
2018-03-06,4.331639766693115,4.400456755675166,4.239884024453654,4.274292518944679,20200
2018-03-07,4.285762310028076,4.3201708078465755,4.274292932290225,4.285762310028076,6200
2018-03-08,4.354578971862793,4.492212587981476,4.293408111205128,4.350755724708267,6000
2018-03-09,4.392810821533203,4.488389823035344,4.323994188383032,4.323994188383032,44000
2018-03-12,4.3889875411987305,4.511328910139412,4.3889875411987305,4.47309716398202,33400
2018-03-13,4.396634101867676,4.49221310408219,4.350756224557304,4.350756224557304,29400
2018-03-14,4.415750503540039,4.492213641538849,4.396634627889086,4.408104007437657,16200
2018-03-15,4.362227439880371,4.4004592027094205,4.293410412630127,4.4004592027094205,4200
2018-03-16,4.224592685699463,4.5763235025381075,4.224592685699463,4.427220102594002,56400
2018-03-19,4.243707656860352,4.259000281955499,4.2245917843401815,4.228415031765204,4800
2018-03-20,4.453981876373291,4.656609647195682,4.232238594564449,4.232238594564449,18800
2018-03-21,4.274293899536133,4.595439465708762,4.274293899536133,4.377519051745891,31800
2018-03-22,4.308701515197754,4.36604876962446,4.262823274130446,4.262823274130446,12600
2018-03-23,4.507505893707275,4.511329141440028,4.2628235078857415,4.304878503736067,15200
2018-03-26,4.396634101867676,4.4501584743655895,4.33546359878718,4.4501584743655895,21800
2018-03-27,4.513241291046143,4.538091674993864,4.270470500811031,4.270470500811031,131000
2018-03-28,4.587791442871094,4.669989431225986,4.518974454554457,4.526620948636264,30000
2018-03-29,4.6833720207214355,4.702487897808651,4.587792999890386,4.595439496567284,20600
2018-04-02,4.591615200042725,4.695222799969682,4.5877919525770565,4.695222799969682,14800
2018-04-03,4.748364448547363,4.748364448547363,4.645138960072239,4.681841550430466,16400
2018-04-04,4.603085517883301,4.897469069970121,4.595439385995408,4.70248778466106,30600
2018-04-05,4.789654731750488,4.789654731750488,4.583968685902768,4.587791933352415,1200
2018-04-06,4.595439434051514,4.752188967745229,4.587792937478637,4.752188967745229,13200
2018-04-09,4.587791442871094,4.622199937029412,4.587791442871094,4.622199937029412,10200
2018-04-10,4.603085517883301,4.64131727113783,4.599262269636844,4.614554898017651,4000
2018-04-11,4.687194347381592,4.740718355174932,4.687194347381592,4.72542572943327,3600
2018-04-12,4.801888942718506,4.855412947390528,4.721602571105535,4.721602571105535,21200
2018-04-13,4.908937454223633,4.912760701694464,4.801889077274987,4.801889077274987,37200
2018-04-16,4.908937454223633,4.908937454223633,4.908937454223633,4.908937454223633,400
2018-04-17,5.1459736824035645,5.161266308734134,4.8821757870500075,4.8821757870500075,20000
2018-04-18,5.363893032073975,5.42124064713946,5.06186342613151,5.06186342613151,29800
2018-04-19,5.337131977081299,5.604753134371474,5.314192854065574,5.314192854065574,19000
2018-04-20,5.333309650421143,5.505351826640201,5.333309650421143,5.505351826640201,4200
2018-04-23,5.256845951080322,5.36771759655527,5.256845951080322,5.36771759655527,2000
2018-04-24,5.333309650421143,5.367718158585965,5.199499230964121,5.287431761069731,27400
2018-04-25,5.337131977081299,5.34477810834988,5.24537621422838,5.268314972639114,12000
2018-04-26,5.318016052246094,5.543582573936156,5.318016052246094,5.340955175047196,10000
2018-04-27,5.348601341247559,5.394479222545019,5.275961453677827,5.37536371212482,19200
2018-04-30,5.134503364562988,5.646806799829916,5.130680117528482,5.367715964594318,14600
2018-05-01,5.233906269073486,5.449915029327315,5.203321015965772,5.449915029327315,4000
2018-05-02,5.161265850067139,5.344777349725822,5.077156230421107,5.249198352502356,15800
2018-05-03,5.230082988739014,5.298899620703246,5.142150119277843,5.245375614131615,4200
2018-05-04,5.1803812980651855,5.203320051340949,5.161265427265443,5.203320051340949,1400
2018-05-07,5.126857280731201,5.237728901369206,5.073333276384883,5.237728901369206,11800
2018-05-08,5.084803581237793,5.1918519740603255,5.084803581237793,5.147885715440982,5200
2018-05-09,4.977754592895508,5.027455353020493,4.889821721571776,4.996870101587445,44600
2018-05-10,5.115388870239258,5.115388870239258,4.901291718569968,4.931876973864866,36400
2018-05-11,5.103919506072998,5.103919506072998,5.092449761849011,5.100096257998336,2400
2018-05-14,5.015986442565918,5.1115654533570485,4.993047684154842,5.107742205420205,10200
2018-05-15,5.123034477233887,5.23390610747745,4.950992342663526,4.973931464088558,28200
2018-05-16,4.99304723739624,5.217466693817868,4.973931364027431,5.084802992040577,14600
2018-05-17,4.9586381912231445,4.985400192224155,4.931875825617215,4.939522319963172,6800
2018-05-18,5.130681037902832,5.130681037902832,4.954815653421626,4.993047401415137,4000
2018-05-21,5.06568717956543,5.241552560383598,5.06568717956543,5.069510427206142,3200
2018-05-22,5.061863899230957,5.119593625654978,5.031278647512731,5.119593625654978,3000
2018-05-23,5.050395488739014,5.163178762788239,5.050395488739014,5.058041620831234,3800
2018-05-24,5.054218292236328,5.226260442126684,5.04657179621209,5.226260442126684,4000
2018-05-25,5.054218292236328,5.054218292236328,5.054218292236328,5.054218292236328,0
2018-05-29,5.207143306732178,5.241551801305647,5.046570575125928,5.241551801305647,3800
2018-05-30,5.27213716506958,5.363892909552573,5.1956740446670855,5.1956740446670855,15400
2018-05-31,5.275960922241211,5.30501702018434,5.275960922241211,5.283607052718114,3400
2018-06-01,5.375362396240234,5.409770525336504,5.268313668146616,5.409770525336504,3000
2018-06-04,5.337131977081299,5.417418360728851,5.329485481207727,5.402507839617381,2800
2018-06-05,5.264491558074951,5.268314441020984,5.1180643853957255,5.268314441020984,17400
2018-06-06,5.29125452041626,5.478589309097394,5.29125452041626,5.425064927500633,7200
2018-06-07,5.2969889640808105,5.3199280886604265,5.291254456389669,5.295077704587108,1800
2018-06-08,5.27213716506958,5.325661531653784,5.27213716506958,5.308457283987608,2600
2018-06-11,5.306546211242676,5.405948460386728,5.245375708570938,5.245375708570938,2600
2018-06-12,5.27213716506958,5.352423532643428,5.203320174404876,5.32183828448243,4400
2018-06-13,5.249198913574219,5.3600709122249715,5.157443153937366,5.272138035785921,39400
2018-06-14,5.325662612915039,5.333308744205212,5.25302236033094,5.333308744205212,11600
2018-06-15,5.306546211242676,5.314192341774165,5.241552461002715,5.241552461002715,7000
2018-06-18,5.274049758911133,5.455650022304979,5.2453761290607845,5.352424517317744,16000
2018-06-19,5.275960922241211,5.375363170675621,5.200644477025732,5.29431185414875,6800
2018-06-20,5.302724361419678,5.348602250516435,5.302724361419678,5.348602250516435,2400
2018-06-21,5.295076847076416,5.364658057055393,5.1000955958434595,5.285901198730519,6800
2018-06-22,5.226259708404541,5.279784079244843,5.138326839495827,5.233905838750329,7200
2018-06-25,4.947169303894043,5.3371318323516235,4.878352665922985,5.3371318323516235,7200
2018-06-26,5.103919506072998,5.230083775696825,4.8936456018316195,5.230083775696825,23000
2018-06-27,5.0045166015625,5.2090556074446335,4.964373231139908,5.073333599655538,58000
2018-06-28,5.046571731567383,5.084803481988837,4.966285347366322,5.084803481988837,26400
2018-06-29,5.077156066894531,5.180381555581527,4.958638318333455,5.015985568978501,27200
2018-07-02,4.973931312561035,5.084802939426967,4.928053435713576,5.03127856746912,10800
2018-07-03,5.199498653411865,5.199498653411865,5.199498653411865,5.199498653411865,1400
2018-07-05,4.970107555389404,5.061863299676028,4.89364443515055,5.058040052512856,17400
2018-07-06,5.019808769226074,5.019808769226074,4.970107648983647,4.970107648983647,1600
2018-07-09,4.970107555389404,5.019808674695888,4.931875812967519,5.012927121486112,38400
2018-07-10,4.920407295227051,4.970108423211766,4.920407295227051,4.970108423211766,2600
2018-07-11,4.939523696899414,4.939523696899414,4.916584572071978,4.918496196191349,4800
2018-07-12,4.920407295227051,4.943346417606527,4.840120913806353,4.943346417606527,20200
2018-07-13,4.87453031539917,4.931877585032435,4.836298559240294,4.866883818325375,10600
2018-07-16,4.87453031539917,4.87453031539917,4.836298559240294,4.8592376858566295,15400
2018-07-17,4.85541296005249,4.928053201732433,4.836297087789087,4.859236207426158,5200
2018-07-18,4.778950214385986,4.928053592332617,4.752188209859014,4.832474588044898,55000
2018-07-19,4.73689603805542,4.828651803466396,4.725426293925297,4.828651803466396,10800
2018-07-20,4.767481327056885,4.821005341624313,4.683371692530207,4.7292495755615755,20200
2018-07-23,4.748364448547363,4.821004323522323,4.687193950756886,4.821004323522323,2000
2018-07-24,4.6833720207214355,4.75983516446527,4.6833720207214355,4.71013402988052,12000
2018-07-25,4.73880672454834,4.740717983586901,4.68337073270191,4.7063098518188635,162000
2018-07-26,4.8286519050598145,4.836298036702434,4.691018254047578,4.691018254047578,17800
2018-07-27,4.9586381912231445,4.9586381912231445,4.77894958474727,4.817181327267215,15000
2018-07-30,5.031278610229492,5.031278610229492,4.928053477596646,4.931876360579375,7800
2018-07-31,5.103919506072998,5.184205892615888,4.9433467329872185,5.149797389153935,15200
2018-08-01,5.0389251708984375,5.180382052036828,4.996870176097185,5.124946055109708,5000
2018-08-02,5.168912887573242,5.241552772663838,5.096272637877669,5.18038226635492,5400
2018-08-03,5.172735214233398,5.275960705977483,5.145973211753794,5.275960705977483,13000
2018-08-06,5.161265850067139,5.233905727530799,4.96246136083196,5.184204969826944,48800
2018-08-07,5.123034477233887,5.165089472412285,5.038925216087023,5.134504220248886,32000
2018-08-08,5.262580394744873,5.2759613977391355,5.1268580116495235,5.161266513409049,66400
2018-08-09,5.157443046569824,5.40594867950247,5.065687288843142,5.210967420879541,23000
2018-08-10,5.191850662231445,5.210966532985269,5.012162060513358,5.210966532985269,4400
2018-08-13,5.157443046569824,5.157443046569824,4.966285035670083,5.092449293695514,10200
2018-08-14,5.077156066894531,5.1612656838315365,4.954815071062471,5.0618634424155236,19200
2018-08-15,5.096273422241211,5.1842063120476976,5.023633525970665,5.023633525970665,6200
2018-08-16,4.962461471557617,5.2224364664797545,4.962461471557617,5.07715634370591,10200
2018-08-17,5.0045166015625,5.031278605440923,4.966284854931932,4.966284854931932,25000
2018-08-20,4.970107555389404,4.970107555389404,4.970107555389404,4.970107555389404,3800
2018-08-21,5.027455806732178,5.12303481723739,4.979666301479572,4.985401173367681,7200
2018-08-22,5.096273422241211,5.333309352972775,5.069511412763384,5.086715665886282,5000
2018-08-23,5.088626384735107,5.180382141995816,5.088626384735107,5.134504263365462,4200
2018-08-24,5.126857280731201,5.191851027098817,5.123034033390769,5.123034033390769,4400
2018-08-27,5.100095748901367,5.157443005876823,5.100095748901367,5.1383271320166815,5600
2018-08-28,5.176558971405029,5.176558971405029,5.077156717256025,5.077156717256025,1400
2018-08-29,5.073334217071533,5.103919472256177,5.008340458652915,5.092449728108184,10000
2018-08-30,5.0446600914001465,5.084803465674375,5.0446600914001465,5.080980217723497,3000
2018-08-31,5.103919506072998,5.103919506072998,4.989224616068155,5.069511002611045,10600
2018-09-04,5.08098030090332,5.08098030090332,5.034719947913364,5.034719947913364,1000
2018-09-05,5.195674896240234,5.195674896240234,5.0071930821382615,5.0071930821382615,5400
2018-09-06,5.195674896240234,5.195674896240234,5.145973768681349,5.145973768681349,1000
2018-09-07,5.153620719909668,5.184206342556509,5.054218813576319,5.054218813576319,4800
2018-09-10,5.161265850067139,5.161265850067139,5.153619355278891,5.161265850067139,4200
2018-09-11,5.0045166015625,5.314192363771258,5.0045166015625,5.295076855060932,24800
2018-09-12,5.14215087890625,5.161266754622147,5.08289199233147,5.157443506557967,3200
2018-09-13,5.260669708251953,5.260669708251953,5.119212792725759,5.157444184578621,19200
2018-09-14,5.14215087890625,5.314193031139321,4.970108726673178,5.226260513293196,27200
2018-09-17,5.275960922241211,5.329484929394392,5.1956745469064884,5.21861330294215,19400
2018-09-18,5.260669708251953,5.261434285044303,4.970491850764662,5.222437951794041,59400
2018-09-19,5.019808769226074,5.195674131389692,4.840120159827286,4.970107648983647,174000
2018-09-20,5.056129455566406,5.073333705448421,4.985400832206458,5.073333705448421,5800
2018-09-21,4.606907844543457,5.035101718153284,4.606907844543457,5.008339714991716,74200
2018-09-24,4.905115127563477,4.981578268309377,4.775127605992938,4.790420234142118,21200
2018-09-25,4.880646228790283,4.908937751339869,4.759834372397408,4.908937751339869,25800
2018-09-26,4.847766876220703,4.878352126292353,4.805711883918479,4.8248277563644955,9000
2018-09-27,4.866883277893066,4.8821762703424785,4.783538583752815,4.8821762703424785,5600
2018-09-28,4.977754592895508,5.077156477750435,4.851589974977988,4.8707058482748815,15600
2018-10-01,4.989224433898926,5.061864321640225,4.882176043952016,4.989224433898926,10400
2018-10-02,4.96628475189209,5.015985875638652,4.94716887897342,5.015985875638652,2200
2018-10-03,4.939523696899414,5.023633335126654,4.87835318349961,4.970108953599316,2800
2018-10-04,4.985400676727295,5.023632422962769,4.928053421979037,4.928053421979037,4600
2018-10-05,5.096273422241211,5.165090434732806,4.954816513479069,4.954816513479069,11400
2018-10-08,5.046571731567383,5.302723511418147,5.023632972998505,5.061864358814966,16000
2018-10-09,4.985400676727295,5.138326932459285,4.985400676727295,5.058040557048752,17000
2018-10-10,4.99304723739624,5.075244873053692,4.989223989801486,4.989223989801486,19400
2018-10-11,5.029367446899414,5.111565454535536,4.98922443736828,5.023632939597818,9400
2018-10-12,5.015986442565918,5.157443334784192,5.015986442565918,5.142150707641811,11200
2018-10-15,4.99304723739624,5.08862623963533,4.778950111954497,5.073333613861274,42800
2018-10-16,5.019808769226074,5.04657077066241,4.928053023211557,4.962461154513308,36600
2018-10-17,5.310369968414307,5.310369968414307,5.008340309034961,5.0389255633059085,14200
2018-10-18,5.172735214233398,5.188027839165307,5.054217462162344,5.149796459138005,12800
2018-10-19,5.287430286407471,5.344777540951345,4.977754528502625,5.142150161677376,108200
2018-10-22,5.153620719909668,5.287431497296343,5.084804071618124,5.260669487661023,28200
2018-10-23,5.27213716506958,5.317632931356892,5.134503548345091,5.168912043677443,5600
2018-10-24,5.000693321228027,5.337131449716773,4.966284822406855,5.226259822740194,35800
2018-10-25,4.977754592895508,5.019809222464709,4.942581517287007,4.989223971031661,5400
2018-10-26,4.939523696899414,5.008340706776703,4.874529935260868,4.981578333710524,2200
2018-10-29,4.868794918060303,4.962462309492856,4.813359278667775,4.950992929722852,26000
2018-10-30,4.870706558227539,4.939523566285121,4.857325554350789,4.90511506225633,4000
2018-10-31,4.905115127563477,4.981578268309377,4.840121366778207,4.840121366778207,4800
2018-11-01,4.99304723739624,5.000693367980789,4.894027093558897,4.894027093558897,5400
2018-11-02,5.008340358734131,5.065687619909982,4.9089380990646605,5.058041123963871,5600
2018-11-05,4.9127607345581055,5.046571115487793,4.874528988803938,5.046571115487793,10200
2018-11-06,4.8439435958862305,5.005280916529302,4.8439435958862305,5.005280916529302,7200
2018-11-07,4.767481327056885,4.868794848690948,4.767481327056885,4.8439444654425,12400
2018-11-08,4.740718364715576,4.82482798876647,4.683371109220169,4.782773359043502,30600
2018-11-09,5.061863899230957,5.065687146846976,4.6030847588526,4.9089376406398255,67600
2018-11-12,4.878353595733643,5.054219018921691,4.645140537933484,5.054219018921691,14200
2018-11-13,4.821004390716553,4.851589640038083,4.763657139389918,4.851589640038083,2600
2018-11-14,4.782773494720459,4.870706004255198,4.754099866159346,4.870706004255198,12800
2018-11-15,4.782773494720459,4.782773494720459,4.782773494720459,4.782773494720459,200
2018-11-16,4.85541296005249,4.85541296005249,4.813358332756954,4.813358332756954,600
2018-11-19,4.970107555389404,5.058040052512856,4.870705316776435,4.885997940824207,46400
2018-11-20,4.847766876220703,5.004516373989143,4.847766876220703,4.889821503917987,3400
2018-11-21,4.8439435958862305,4.870705598365788,4.702486724115098,4.786596343542912,11600
2018-11-23,4.8439435958862305,4.8439435958862305,4.8439435958862305,4.8439435958862305,200
2018-11-26,4.541914463043213,4.778950356997702,4.518975340903434,4.778950356997702,10600
2018-11-27,4.583968639373779,4.702486756875222,4.51132876159253,4.572499261746201,13600
2018-11-28,4.706310749053955,4.717780128496548,4.511329475504876,4.702487501038091,21800
2018-11-29,4.580145359039307,4.756010728019401,4.5036822343968606,4.756010728019401,10600
2018-11-30,4.629846572875977,4.717779441409505,4.496036193253575,4.496036193253575,24200
2018-12-03,4.6795477867126465,4.736895405894955,4.6413164051960605,4.687194281778935,5400
2018-12-04,4.702486515045166,4.72160238651137,4.641316018037249,4.72160238651137,1800
2018-12-06,4.687194347381592,4.708603950498928,4.664255226466619,4.675724604621626,5000
2018-12-07,4.6833720207214355,4.7323085785595005,4.6833720207214355,4.7323085785595005,1800
2018-12-10,4.817181587219238,4.870705592109603,4.736895215278753,4.736895215278753,2600
2018-12-11,4.8492960929870605,4.870705695397215,4.801889064135295,4.801889064135295,6600
2018-12-12,4.817181587219238,4.870705592109603,4.80953509246065,4.870705592109603,6600
2018-12-13,4.813359260559082,4.870706523798361,4.668079113800567,4.870706523798361,7000
2018-12-14,4.79806661605835,4.8477677475087875,4.683371725373109,4.70631084935216,8400
2018-12-17,4.79806661605835,4.79806661605835,4.568676834687868,4.717780229039182,6200
2018-12-18,4.663872718811035,4.740717946897011,4.492212708845406,4.740717946897011,8000
2018-12-19,4.507505893707275,4.654697649973471,4.4310427620771,4.654697649973471,8000
2018-12-20,4.526621341705322,4.568675968992354,4.434865592385469,4.568675968992354,17600
2018-12-21,4.201653480529785,4.530445530847884,3.9952028193415656,4.492213778381357,155600
2018-12-24,4.26282262802124,4.327816367643152,4.021963904251682,4.209298629230181,14800
2018-12-26,4.285762310028076,4.285762310028076,4.079311687722025,4.113720185540524,32000
2018-12-27,4.209299087524414,4.30105483653191,4.132835963351501,4.136658846106444,7400
2018-12-28,4.450159072875977,4.6642558624519985,4.20547666304123,4.453981956378936,23600
2018-12-31,4.507505893707275,4.626024021187777,4.507505893707275,4.626024021187777,4000
2019-01-02,4.648962497711182,4.836297250046743,4.587791996099974,4.836297250046743,8000
2019-01-03,4.710134029388428,4.992665737442783,4.683372020232139,4.759835163967985,12200
2019-01-04,4.721602916717529,5.182293684221604,4.591615413676469,4.996870184163931,22400
2019-01-07,4.79806661605835,5.191087478261037,4.587792710569577,4.618377966138306,16200
2019-01-08,4.530445575714111,4.717780362524294,4.47156879300619,4.717780362524294,15600
2019-01-09,4.606907844543457,4.938375671576548,4.549560226133736,4.938375671576548,17000
2019-01-10,4.587791442871094,4.587791442871094,4.530444195677167,4.58396819583019,2400
2019-01-11,4.450159072875977,4.503683087967478,4.346933561590925,4.503683087967478,12600
2019-01-14,4.434866428375244,4.532356702526802,4.369872669204201,4.500242293592643,9800
2019-01-15,4.4769206047058105,4.595438731224029,4.4769206047058105,4.595438731224029,1600
2019-01-16,4.568676948547363,4.568676948547363,4.4769211795544575,4.545738188601645,4200
2019-01-17,4.87453031539917,5.027456610824576,4.583969989485851,4.618378497107829,24400
2019-01-18,5.0389251708984375,5.096272427039285,4.970108171845451,4.985400797790008,22600
2019-01-22,4.977754592895508,5.195674600507215,4.868794224484697,5.195674600507215,8200
2019-01-23,5.103919506072998,5.149797389153935,4.989224616068155,5.149797389153935,7800
2019-01-24,5.103919506072998,5.103919506072998,5.103919506072998,5.103919506072998,200
2019-01-25,5.061863899230957,5.195674648951918,4.989224017551409,5.195674648951918,7000
2019-01-28,5.031278610229492,5.184205232292354,4.931876360579375,5.084802982642238,102800
2019-01-29,4.950991153717041,5.1345029872332955,4.878351288424174,5.084801873251911,43200
2019-01-30,5.008340358734131,5.180382506866678,4.950992732953285,4.989224483473849,20800
2019-01-31,4.9586381912231445,5.103918302352051,4.9586381912231445,5.042747441399155,35800
2019-02-01,4.950991153717041,5.020190242773673,4.7789490604614056,4.989222892042683,15800
2019-02-04,5.058040618896484,5.058040618896484,4.778950107621753,4.92423023464605,33000
2019-02-05,4.973931312561035,5.04657119308494,4.973931312561035,4.997252539279788,2600
2019-02-06,4.973931312561035,5.10391881259798,4.8936449369267425,5.04657119308494,19000
2019-02-07,5.019808769226074,5.084802513804254,4.973930896218816,5.084802513804254,17200
2019-02-08,5.027455806732178,5.065687556776259,4.874529535765834,5.027455806732178,23000
2019-02-11,4.939523696899414,5.038925963476605,4.857325682791545,5.038925963476605,15400
2019-02-12,4.9586381912231445,5.000692816311149,4.823680409935376,4.931875825617215,11400
2019-02-13,4.939523696899414,4.981578333710524,4.897469060088304,4.981578333710524,20000
2019-02-14,4.889822006225586,4.966285139259395,4.889822006225586,4.931876638242937,23600
2019-02-15,4.851590156555176,4.950992409735322,4.850825579931478,4.866882782844047,18000
2019-02-19,4.847766876220703,4.970107876507302,4.847766876220703,4.970107876507302,14000
2019-02-20,4.840121746063232,4.870707004758336,4.817182984344426,4.845474148104624,6400
2019-02-21,4.832475662231445,4.832475662231445,4.813359784203737,4.821005916651791,1400
2019-02-22,4.8248291015625,4.859237608637687,4.821005853086358,4.855414360161546,4000
2019-02-25,4.813359260559082,4.832475136507178,4.733072873261087,4.816800038016638,27600
2019-02-26,4.759834289550781,4.81718191027125,4.759834289550781,4.81718191027125,1000
2019-02-27,4.790419101715088,4.851589599851461,4.7445412281128085,4.763657099931657,12800
2019-02-28,4.87453031539917,4.87453031539917,4.803801675886764,4.803801675886764,1800
2019-03-01,4.812593936920166,4.970108015659713,4.798065888038637,4.813358513502623,15400
2019-03-04,4.834386348724365,4.870706108866182,4.759834475338317,4.799977847870031,5800
2019-03-05,4.870706558227539,4.870706558227539,4.754864983575953,4.754864983575953,2400
2019-03-06,4.817181587219238,4.817181587219238,4.721602590366515,4.813358339839945,6400
2019-03-07,4.817181587219238,4.817181587219238,4.817181587219238,4.817181587219238,200
2019-03-08,4.817181587219238,4.817181587219238,4.817181587219238,4.817181587219238,200
2019-03-11,4.702486515045166,4.702486515045166,4.599261027890614,4.694840020616716,3400
2019-03-12,4.664256572723389,4.698665081724789,4.650875566912858,4.650875566912858,11800
2019-03-13,4.643228530883789,4.643610636915437,4.626024279729856,4.630229633707931,2000
2019-03-14,4.606907844543457,4.64513922554499,4.520886599231349,4.629846600223387,8200
2019-03-15,4.782773494720459,4.813358747132974,4.591615484839752,4.59543873254256,15600
2019-03-18,4.648962497711182,4.8171817417469525,4.599261374000839,4.7827732434394115,32800
2019-03-19,4.642081260681152,4.642081260681152,4.642081260681152,4.642081260681152,2000
2019-03-20,4.700575351715088,4.778950104256498,4.622200599173678,4.652785850672523,8800
2019-03-21,4.721602916717529,4.721602916717529,4.614554170327854,4.6172303707573485,5000
2019-03-22,4.721602916717529,4.721602916717529,4.721602916717529,4.721602916717529,200
2019-03-25,4.625258922576904,4.712044747211517,4.599261495167737,4.599261495167737,5800
2019-03-26,4.369872093200684,4.698663729205655,4.205476092895719,4.599261479504748,54200
2019-03-27,4.404281139373779,4.548031766392603,4.228415739059792,4.228415739059792,41800
2019-03-28,4.538090229034424,4.586644298689791,4.404279866881149,4.419572490115949,9800
2019-03-29,4.549561023712158,4.698664420190645,4.27047047151462,4.698664420190645,54800
2019-04-01,4.355725288391113,4.583967946951325,4.31634686690153,4.583967946951325,24600
2019-04-02,4.366049289703369,4.38898804836451,4.2934090365314335,4.32781753912814,7400
2019-04-03,4.232239246368408,4.350757401604302,4.148129964180414,4.350757401604302,20800
2019-04-04,4.216945648193359,4.431042782341972,4.119072912180119,4.431042782341972,31000
2019-04-05,4.308701515197754,4.308701515197754,4.228415140237393,4.285762394664101,3000
2019-04-08,4.251354217529297,4.31061310019698,4.19782984197479,4.201653089786893,28000
2019-04-09,4.236062526702881,4.2513551567247125,4.167245509302111,4.216946648024328,5800
2019-04-10,4.243707656860352,4.4119265329069774,4.194006534149886,4.278115789870728,22800
2019-04-11,4.2326202392578125,4.325905139740903,4.205475766843817,4.303348491157789,9800
2019-04-12,4.2666449546813965,4.2666449546813965,4.140480749593868,4.264733331621911,8000
2019-04-15,4.205477237701416,4.205477237701416,4.140483469404899,4.151952850691032,11000
2019-04-16,4.243707656860352,4.358402162771489,4.236061162010307,4.259000281955499,4800
2019-04-17,4.167244911193848,4.301055678133332,4.155775531474894,4.301055678133332,11200
2019-04-18,4.276204586029053,4.297231717928548,4.129012839707852,4.171067468111789,13800
2019-04-22,4.331639766693115,4.377517637812846,4.331639766693115,4.377517637812846,2800
2019-04-23,4.287672996520996,4.312523370288522,4.23223701446325,4.312523370288522,7200
2019-04-24,4.224592685699463,4.434866599075503,4.197830312619226,4.209300057341479,23000
2019-04-25,4.261295795440674,4.305262065418038,4.261295795440674,4.266648198234263,5600
2019-04-26,4.26282262802124,4.411925977378254,4.201652135342946,4.224591252399755,43200
2019-04-29,4.2590012550354,4.308702389101386,4.213123369267957,4.224592749558561,5000
2019-04-30,4.3048787117004395,4.308701959617888,4.3048787117004395,4.308701959617888,1000
2019-05-01,4.232239246368408,4.327818274440721,4.220769865089147,4.220769865089147,10200
2019-05-02,4.232239246368408,4.232239246368408,4.232239246368408,4.232239246368408,0
2019-05-03,4.237208366394043,4.237208366394043,4.224591941107249,4.23185596564237,1400
2019-05-06,4.186360836029053,4.298761998244763,4.14812944831763,4.197830215881978,8600
2019-05-07,4.209299087524414,4.288820882506219,4.205475840164534,4.2819389643374475,2400
2019-05-08,4.224592685699463,4.301055827489381,4.181391001473034,4.301055827489381,2000
2019-05-09,4.427219867706299,4.5916158872862995,4.262823848126298,4.281939723710833,48200
2019-05-10,4.664256572723389,4.664256572723389,4.365285525569339,4.587793421945313,18200
2019-05-13,4.721602916717529,4.759834299338159,4.480743784248205,4.480743784248205,15600
2019-05-14,4.778950214385986,4.782773462062687,4.675724714744866,4.756011092930748,28000
2019-05-15,4.85541296005249,4.85541296005249,4.759833963340414,4.813358332756954,5400
2019-05-16,4.790419101715088,4.805711726249181,4.790419101715088,4.805711726249181,3000
2019-05-17,4.9586381912231445,4.9586381912231445,4.828650704181231,4.828650704181231,59800
2019-05-20,4.859236240386963,4.931876117954693,4.855412992987361,4.931876117954693,31800
2019-05-21,5.096273422241211,5.14215130903393,4.8707068720565685,4.966285894025991,68200
2019-05-22,5.161265850067139,5.310369216993523,5.142149977701458,5.157442602673015,49200
2019-05-23,5.061863899230957,5.291253651722616,4.977754639308315,5.2262599006701445,24000
2019-05-24,4.970107555389404,5.069509794002372,4.782772819652983,5.0656865468392,5200
2019-05-28,4.744541168212891,4.950991779119171,4.69866329518982,4.950991779119171,27800
2019-05-29,4.816799640655518,4.859236743209545,4.740718613792493,4.859236743209545,6600
2019-05-30,4.872617244720459,5.3000465328501845,4.691017368385369,4.836297123611465,110600
2019-05-31,4.817181587219238,5.058040338435756,4.7751265952568795,4.878352086868191,16600
2019-06-03,5.199498653411865,5.20714478515192,4.83629809833143,4.83629809833143,30400
2019-06-04,5.06568717956543,5.302723064215141,5.06568717956543,5.237729312742886,13400
2019-06-05,5.1650896072387695,5.218613617619394,5.107741984481703,5.145973732986414,14600
2019-06-06,4.924230575561523,5.174265370425828,4.916584079849565,5.174265370425828,16600
2019-06-07,4.96628475189209,5.000693250224706,4.7449239716798495,4.88982162482236,9600
2019-06-10,4.970107555389404,4.970107555389404,4.970107555389404,4.970107555389404,800
2019-06-11,4.970107555389404,4.994957932740188,4.9280529304092635,4.993046673763518,6400
2019-06-12,4.668079376220703,4.97010906644345,4.568677107386628,4.97010906644345,31000
2019-06-13,4.664256572723389,4.7751282325028646,4.614555433566373,4.660433324033219,4200
2019-06-14,4.743776321411133,4.767480015400931,4.614553416098724,4.614553416098724,2000
2019-06-17,4.840121746063232,4.851591126922636,4.840121746063232,4.851591126922636,2200
2019-06-18,4.92805290222168,4.92805290222168,4.6757240599693635,4.801888663397979,10800
2019-06-19,4.87453031539917,4.87453031539917,4.87453031539917,4.87453031539917,1000
2019-06-20,4.889822006225586,4.966285139259395,4.725425996749162,4.8554135052091265,5400
2019-06-21,4.702486515045166,4.947168503076835,4.702486515045166,4.893644500497368,27400
2019-06-24,4.96628475189209,5.077156377294436,4.847766996085245,4.85158987898502,64400
2019-06-25,5.107359886169434,5.245375995324702,5.046571486168369,5.123034618688122,62000
2019-06-26,5.008340358734131,5.119211997717772,4.970108608213567,5.119211997717772,7800
2019-06-27,5.046571731567383,5.103919357199565,4.970108595329466,4.970108595329466,11800
2019-06-28,4.989224433898926,5.161266580321994,4.97202018279612,5.161266580321994,20800
2019-07-01,4.970107555389404,4.970107555389404,4.905113812035149,4.924229683246092,3400
2019-07-02,4.905115127563477,4.985401516497926,4.8592372431159365,4.905115127563477,5400
2019-07-03,5.012163162231445,5.199498299270957,4.893645393795315,4.989224403968641,12000
2019-07-05,4.897468566894531,5.035102208183857,4.897468566894531,5.035102208183857,9400
2019-07-08,4.778950214385986,4.908173141939733,4.740718466828913,4.893645092452243,9400
2019-07-09,4.748364448547363,4.778949697442602,4.7063098224676425,4.778949697442602,5000
2019-07-10,4.740718364715576,4.778950111449152,4.629846736714154,4.775126863854803,9200
2019-07-11,4.771304130554199,4.771304130554199,4.771304130554199,4.771304130554199,600
2019-07-12,4.511329650878906,4.778950824107949,4.446335890502637,4.778950824107949,19000
2019-07-15,4.606907844543457,4.664255098348231,4.606907844543457,4.664255098348231,1400
2019-07-16,4.6795477867126465,4.6795477867126465,4.605378388831437,4.605378388831437,3800
2019-07-17,4.713955879211426,4.717779126415212,4.68337063079098,4.702486502204989,3000
2019-07-18,4.6795477867126465,4.6795477867126465,4.587792033546897,4.675724539179502,1000
2019-07-19,4.618760585784912,4.628318341731584,4.618760585784912,4.628318341731584,600
2019-07-22,4.62602424621582,4.62602424621582,4.62602424621582,4.62602424621582,1800
2019-07-23,4.631758213043213,4.657755639568145,4.616848058346909,4.641698437709064,2400
2019-07-24,4.622200965881348,4.622200965881348,4.622200965881348,4.622200965881348,200
2019-07-25,4.61073112487793,4.622200502799617,4.54573737564678,4.60690787736905,6200
2019-07-26,4.62602424621582,4.664255631588147,4.572499869168575,4.610731619145891,13000
2019-07-29,4.614553928375244,4.698663549098493,4.612260198672357,4.698663549098493,4400
2019-07-30,4.740718364715576,4.778950111449152,4.691017604408868,4.691017604408868,6400
2019-07-31,4.847766876220703,5.1536193769372,4.747982160602376,4.771303386436639,77200
2019-08-01,5.100095748901367,5.333308389101179,4.874529239482631,4.8821757348686745,34800
2019-08-02,5.210968017578125,5.333309041889419,5.142151009100515,5.218614149295075,8200
2019-08-05,5.160884380340576,5.291254370765435,5.160884380340576,5.268315246557025,13600
2019-08-06,5.157443046569824,5.314192557170816,5.15553142270823,5.275961173753851,10400
2019-08-07,5.42124080657959,5.543581805616159,5.256844815670496,5.314192067817654,51800
2019-08-08,5.363893032073975,5.792086880713611,5.318015158784541,5.509173146459642,40600
2019-08-09,5.356247901916504,5.478588920190202,5.356247901916504,5.40977191510875,5400
2019-08-12,5.287430286407471,5.367716661531866,5.226259784332684,5.367716661531866,2400
2019-08-13,5.532113552093506,5.532113552093506,5.532113552093506,5.532113552093506,600
2019-08-14,5.346689224243164,5.428887224048152,5.310369466109996,5.428887224048152,4600
2019-08-15,5.357011795043945,5.3600704659525045,5.27213759683463,5.27213759683463,10400
2019-08-16,5.352424144744873,5.490057777209098,5.344777649527714,5.356247392353453,9000
2019-08-19,5.394478797912598,5.520643052700702,5.371540041372013,5.459472549119193,12600
2019-08-20,5.505350112915039,5.696508108010769,5.386832360134453,5.486234605089418,42000
2019-08-21,5.467118740081787,5.6926852329378,5.4097711227122405,5.6926852329378,24800
2019-08-22,5.42124080657959,5.581813550117556,5.360070307061305,5.581813550117556,69400
2019-08-23,5.425064563751221,5.539759451136859,5.425064563751221,5.425064563751221,14600
2019-08-26,5.470942497253418,5.532113003129925,5.4021254958398615,5.532113003129925,4400
2019-08-27,5.367334842681885,5.451826946191978,5.364276535969752,5.451826946191978,6800
2019-08-28,5.463296413421631,5.463296413421631,5.394479406822135,5.402125902935413,2200
2019-08-29,5.505350112915039,5.603987781309573,5.413594362774274,5.603987781309573,16800
2019-08-30,5.42124080657959,5.47094192858943,5.405948181700018,5.47094192858943,3400
2019-09-03,5.417418479919434,5.543582747769229,5.275961584591025,5.275961584591025,2400
2019-09-04,5.413594722747803,5.413594722747803,5.352424218586466,5.390655965989784,4400
2019-09-05,5.333309650421143,5.4480045561022,5.333309650421143,5.425065429123967,6400
2019-09-06,5.344778060913086,5.344778060913086,5.287430800790237,5.287430800790237,1000
2019-09-09,5.333309650421143,5.518733196730452,5.329486401823928,5.505351826640201,8400
2019-09-10,5.314192771911621,5.428887656007157,5.314192771911621,5.428887656007157,2000
2019-09-11,5.371540069580078,5.425064078192494,5.371540069580078,5.425064078192494,4400
2019-09-12,5.264491558074951,5.543582066407866,5.264491558074951,5.543582066407866,64200
2019-09-13,4.794243335723877,5.161266764685728,4.683371693881495,5.161266764685728,60400
2019-09-16,4.6833720207214355,5.165090373215133,4.6833720207214355,4.903203695711844,9800
2019-09-17,4.645139694213867,4.706310566277029,4.645139694213867,4.694840822674882,4000
2019-09-18,4.396634101867676,4.645139361783431,4.327052527001876,4.645139361783431,14400
2019-09-19,4.357637882232666,4.518975215558252,4.337375325792457,4.473097337156211,12000
2019-09-20,4.603085517883301,4.603085517883301,4.228415940251007,4.473097994343927,17400
2019-09-23,4.645139694213867,4.725426076403971,4.498712874021979,4.498712874021979,19800
2019-09-24,4.587791442871094,4.660431313623727,4.415749336684408,4.599260819388897,9400
2019-09-25,4.530445575714111,4.556443007222604,4.530445575714111,4.547649828033926,4400
2019-09-26,4.618378162384033,4.62334845804278,4.536562618491396,4.62334845804278,5200
2019-09-27,4.587791442871094,4.683370431264241,4.550324642763977,4.561029442794582,13800
2019-09-30,4.606907844543457,4.64513922554499,4.549560226133736,4.62220046986506,5600
2019-10-01,4.767481327056885,4.7942433343405995,4.568676802649282,4.7942433343405995,14000
2019-10-02,4.717779159545898,4.885998027039668,4.606907542091956,4.652785415044802,16400
2019-10-03,4.645139694213867,4.928053838115412,4.645139694213867,4.928053838115412,3000
2019-10-04,4.92805290222168,5.222436004608676,4.637492682371072,4.637492682371072,33800
2019-10-07,4.977754592895508,5.145973475777272,4.7969189200775295,5.084802972911176,38400
2019-10-08,5.0045166015625,5.0045166015625,4.847767096666097,4.993047223415313,3000
2019-10-09,5.06568717956543,5.130680931037685,4.893645046387974,5.126857683396973,26400
2019-10-10,5.0695109367370605,5.25302246667623,4.977755171767475,5.092449695676956,34200
2019-10-11,4.931875705718994,5.084802307476078,4.916583082003776,5.050393812965612,9000
2019-10-14,4.790419101715088,4.9739309607291355,4.747982004827117,4.889821343489158,9000
2019-10-15,4.759834289550781,4.962461674377861,4.668078533923986,4.668078533923986,8400
2019-10-16,4.323993682861328,4.7139557738046935,4.323993682861328,4.627934536667599,33800
2019-10-17,4.323993682861328,4.47194962736927,4.26473444634248,4.343109189242982,17400
2019-10-18,4.289585590362549,4.476920341471787,4.153863221771811,4.473097093994876,11000
2019-10-21,4.26282262802124,4.289584992021666,4.217709334980264,4.217709334980264,41600
2019-10-22,4.129012107849121,4.288437780304709,4.129012107849121,4.205475220760147,27400
2019-10-23,4.129012107849121,4.129012107849121,4.129012107849121,4.129012107849121,3200
2019-10-24,4.064019680023193,4.125190190059234,4.052550300542686,4.125190190059234,4200
2019-10-25,4.205477237701416,4.205477237701416,4.075489701108381,4.075489701108381,6600
2019-10-28,4.098428249359131,4.197830147472958,4.098428249359131,4.197830147472958,600
2019-10-29,4.079311847686768,4.233002682136582,3.964616971995812,4.233002682136582,9000
2019-10-30,4.144306659698486,4.205477178503548,4.0831361408934255,4.155776040823173,5200
2019-10-31,4.236062526702881,4.236062526702881,4.129014116550064,4.167245509302111,8000
2019-11-01,4.236062526702881,4.236062526702881,4.083136226484569,4.182538139323943,4400
2019-11-04,4.197829723358154,4.236061471188926,4.136659218512895,4.236061471188926,2600
2019-11-05,4.113338470458984,4.182537584787718,4.0410806846893905,4.163422073248628,17800
2019-11-06,3.826984167098999,4.067843348728136,3.765813650737003,4.067843348728136,29400
2019-11-07,3.991379499435425,4.2590010326810335,3.9760868716446764,4.2590010326810335,17400
2019-11-08,3.968440532684326,4.377518578164579,3.968440532684326,4.377518578164579,3800
2019-11-11,4.060195446014404,4.1519511887864455,3.91988563180728,4.1519511887864455,12200
2019-11-12,3.976087808609009,4.079313343975394,3.9749411255931166,4.005526388382025,6600
2019-11-13,3.9607932567596436,4.165332603818247,3.870949136455242,4.165332603818247,9600
2019-11-14,3.949324607849121,4.062107867213084,3.9015351035289676,3.972263730348988,22800
2019-11-15,3.9015347957611084,4.0219645413267315,3.869037920802681,4.0219645413267315,17200
2019-11-18,3.874772787094116,4.041080044614521,3.8747727870941158,4.041080044614521,1400
2019-11-19,3.884330987930298,3.968440620549102,3.8460996019072016,3.888154235914106,3800
2019-11-20,3.91109299659729,3.9722638705543654,3.8575689832167184,3.888154237892758,19400
2019-11-21,3.853745698928833,3.9378553307981305,3.853745698928833,3.9187394556544275,46800
2019-11-22,3.9179742336273193,3.968439931515326,3.8805070661803533,3.9110923155303614,3000
2019-11-25,3.804044008255005,3.9072695000410054,3.7849281359311227,3.899623005269477,31000
2019-11-26,3.6855263710021973,3.796397996410311,3.639648494757973,3.7944863726578495,17400
2019-11-27,3.5937700271606445,3.758166013450298,3.5478921538110746,3.7008187629145675,30800
2019-11-29,3.6167097091674805,3.6167097091674805,3.5478927061276075,3.5899477033653002,7800
2019-12-02,3.5173075199127197,3.641560160869,3.435874453665999,3.6320024056435134,14400
2019-12-03,3.4790759086608887,3.620532791528402,3.4790759086608887,3.620532791528402,51200
2019-12-04,3.425551652908325,3.502014786199921,3.425551652908325,3.4446675273824687,18600
2019-12-05,3.5861237049102783,3.670233317176059,3.4140815979249743,3.670233317176059,19800
2019-12-06,3.4981918334960938,3.5746553378432298,3.490927807875216,3.5020150816344526,4200
2019-12-09,3.4943687915802,3.5574509245838777,3.3758506568979914,3.5092789481969815,8600
2019-12-10,3.4542253017425537,3.486722179149857,3.4542253017425537,3.486722179149857,6200
2019-12-11,3.4790759086608887,3.4790759086608887,3.4064356610825914,3.4064356610825914,1400
2019-12-12,3.475253105163574,3.509661609508562,3.4217287245597023,3.5062204673900528,5200
2019-12-13,3.4446675777435303,3.4867222105175024,3.4446675777435303,3.459960204625428,5600
2019-12-16,3.3643810749053955,3.486722085576692,3.3299725745028503,3.486722085576692,26800
2019-12-17,3.2114551067352295,3.364381766097174,3.1388152078769647,3.364381766097174,60800
2019-12-18,3.127345323562622,3.2535095875816777,3.115875579848171,3.2535095875816777,15000
2019-12-19,3.069997787475586,3.318503439391417,2.9514798335405352,3.1846926756978924,62000
2019-12-20,3.1502842903137207,3.194250550314486,3.0742036208386603,3.1732234146560834,23800
2019-12-23,3.1349916458129883,3.3357077977876215,3.0776443821659556,3.25542140991877,32600
2019-12-24,3.058528423309326,3.226747326165139,2.9973579131799397,3.226747326165139,26200
2019-12-26,3.1388144493103027,3.1541070750901783,3.0967598195668855,3.134991201714094,13000
2019-12-27,3.115875244140625,3.138814364493055,3.0050038013837446,3.0394121173074407,27400
2019-12-30,3.1349916458129883,3.142638142088598,3.005768884976768,3.0891137619743603,21400
2019-12-31,3.1617534160614014,3.184692171309849,3.113581446671757,3.113581446671757,34800
2020-01-02,3.1319329738616943,3.2038082803690546,3.1319329738616943,3.2038082803690546,5400
2020-01-03,3.1502842903137207,3.375850827159402,3.12084608162895,3.375850827159402,29200
2020-01-06,3.1732230186462402,3.3414419059452483,3.130021340747507,3.2458629015559337,87200
2020-01-07,3.146460771560669,3.4217284169709825,3.146460771560669,3.3414420355848486,69400
2020-01-08,3.1999855041503906,3.2458633893999815,3.177046743828106,3.1999855041503906,9000
2020-01-09,3.2191007137298584,3.295563839967099,3.2114542188036617,3.22407064374793,21000
2020-01-10,3.337618827819824,3.3567347025897916,3.2649789412199306,3.2649789412199306,15600
2020-01-13,3.2879176139831543,3.4217279898538457,3.2879176139831543,3.4217279898538457,13800
2020-01-14,3.2955639362335205,3.4007010569102043,3.2496860591510415,3.2496860591510415,9200
2020-01-15,3.2840945720672607,3.3070333284034814,3.261155451126082,3.3070333284034814,10000
2020-01-16,3.31659197807312,3.31659197807312,3.2573330893500083,3.264979221150563,19600
2020-01-17,3.280271530151367,3.4064357917260364,3.2535095245461285,3.3376187891925873,9600
2020-01-21,3.188516139984131,3.3643815499589516,3.1464611381739416,3.3643815499589516,8600
2020-01-22,3.165576457977295,3.1690172349770114,3.1464605845728086,3.165576457977295,13800
2020-01-23,3.1999855041503906,3.2187189101547613,3.192339372244636,3.2187189101547613,4800
2020-01-24,3.1426377296447754,3.2018966095834984,3.1349912343727016,3.2018966095834984,10400
2020-01-27,3.127345323562622,3.2550387409016093,3.127345323562622,3.1541073296863646,7800
2020-01-28,3.001180410385132,3.19080906524555,2.8559002940463825,3.1701640402180087,22600
2020-01-29,3.089113473892212,3.089113473892212,2.9591259661692018,3.058528220852089,10000
2020-01-30,3.0317656993865967,3.0929363810322847,2.970595200043377,3.0470583242224016,7000
2020-01-31,3.0432355403900146,3.0696154391661485,2.9820650353940295,3.0206788893273724,8200
2020-02-03,3.089113473892212,3.6320022622618557,3.0011807802506145,3.6320022622618557,9000
2020-02-04,3.146460771560669,3.427463288714628,3.104406139255544,3.104406139255544,8800
2020-02-05,3.360558032989502,3.360558032989502,3.1770465057433146,3.238217014825377,3000
2020-02-06,3.349471092224121,3.394966872518148,3.242040220026952,3.299387851438037,4200
2020-02-07,3.379673719406128,3.4408442250705873,3.2879179609094393,3.4217283508992002,29200
2020-02-10,3.3261492252349854,3.4523134797897463,3.3261492252349854,3.4484905967766935,8200
2020-02-11,3.303210496902466,3.3062688033389853,3.2573326189099965,3.2722427743004396,3400
2020-02-12,3.391143321990967,3.4159940694362065,3.2496864271499795,3.4159940694362065,5400
2020-02-13,3.3261492252349854,3.360557724587186,3.2649787217666115,3.360557724587186,10200
2020-02-14,3.3337955474853516,3.3987892951993106,3.284094424844975,3.343353301429487,5000
2020-02-18,3.4981918334960938,3.513484461444519,3.345265554011842,3.345265554011842,31600
2020-02-19,3.4523138999938965,3.580772264596974,3.284094994980824,3.4790762719724575,25800
2020-02-20,3.4026126861572266,3.4026126861572266,3.346412472036516,3.3796739274236702,4000
2020-02-21,3.4167582988739014,3.566243780576012,3.4133175218586285,3.4140820984614715,9400
2020-02-24,3.4981918334960938,3.6281793533602125,3.4370213217023933,3.5096615779111704,12600
2020-02-25,3.505837917327881,3.577331117763318,3.440844165042023,3.5020146696393084,39600
2020-02-26,3.4790759086608887,3.513484044003013,3.467606165608547,3.491309863724093,5800
2020-02-27,3.6167097091674805,3.6167097091674805,3.368204432020136,3.47525281983384,31800
2020-02-28,3.5211310386657715,3.632002684991848,3.284095117713642,3.632002684991848,46400
2020-03-02,3.4488728046417236,3.574654956912772,3.448872804641723,3.574654956912772,3600
2020-03-03,3.4331977367401123,3.5134841167438666,3.410258979370454,3.4676062373995746,22000
2020-03-04,3.425551652908325,3.4381680790165627,3.3567346506433986,3.4370210317508194,7400
2020-03-05,3.375849962234497,3.4408437058466608,3.3414414668392434,3.3414414668392434,4400
2020-03-06,3.4408442974090576,3.471429550884295,3.341442041312045,3.341442041312045,10600
2020-03-09,3.5478923320770264,3.7390503296075446,3.268801830692844,3.268801830692844,55200
2020-03-10,3.4637837409973145,3.63582589889938,3.4523139964268323,3.63582589889938,20200
2020-03-11,3.523043155670166,3.5975946834870487,3.459961009531634,3.459961009531634,10600
2020-03-12,3.3108561038970947,3.440843586617196,3.104405503284259,3.440843586617196,30000
2020-03-13,3.3949663639068604,3.45231362212153,2.9610375857062734,3.3831145145653676,45200
2020-03-16,3.544070243835449,3.544070243835449,3.2305708096649233,3.299387820878824,36000
2020-03-17,3.3643810749053955,3.5173073382445157,3.287917943235835,3.5173073382445157,34600
2020-03-18,3.35673451423645,3.643471525881596,3.287917879372991,3.482898770191917,20800
2020-03-19,3.4465792179107666,3.7237581270261333,3.291740959821748,3.515395856900899,29600
2020-03-20,3.081467390060425,3.5123375043424256,2.9705955726406534,3.47907605026774,209600
2020-03-23,3.612886428833008,3.6128864288330074,3.1158755144008787,3.280271524805078,123400
2020-03-24,3.784928798675537,4.431043135807332,3.6893497849250942,3.7084656605961834,110000
2020-03-25,3.784928798675537,3.9990259499027303,3.503544158859513,3.7084656605961834,113200
2020-03-26,4.587791442871094,4.928052772808465,3.823159535725911,3.823159535725911,90800
2020-03-27,4.6833720207214355,4.85159093695787,4.343110575305088,4.343110575305088,59800
2020-03-30,4.572499752044678,4.794243021181219,4.484566875191232,4.7483651411465875,36600
2020-03-31,4.694839954376221,4.8707053130951214,4.3469324840987,4.6374927053916535,38200
2020-04-01,4.63749361038208,4.997635104326939,4.601173484481488,4.671902112329485,38600
2020-04-02,4.645139694213867,4.962461975106898,4.419573539113086,4.794243079596912,82800
2020-04-03,4.905115127563477,5.046572029094647,4.702487713435586,4.721603589773315,82800
2020-04-06,5.1803812980651855,5.447237818951652,4.973930695558764,4.973930695558764,88800
2020-04-07,5.096273422241211,5.585637912635245,4.973932390793961,5.386833736533464,43000
2020-04-08,5.1077423095703125,5.318016210519415,5.0848035506915,5.096272930130906,53600
2020-04-09,5.08098030090332,5.348601463561046,4.794243262783257,5.348601463561046,59800
2020-04-13,5.126857280731201,5.3638931467640045,4.878352037282035,4.878352037282035,60400
2020-04-14,5.008340358734131,5.398302536860906,4.847767589915755,5.103919370430545,79800
2020-04-15,5.191850662231445,5.272137027713577,4.928052812564388,4.928052812564388,58800
2020-04-16,5.237729549407959,5.363893810412447,4.985401027398981,5.363893810412447,223600
2020-04-17,5.092448711395264,5.463295312225393,5.092448711395264,5.363893070418565,54000
2020-04-20,5.249198913574219,5.291253910194842,4.7865968675871775,4.916584011436895,24000
2020-04-21,5.233906269073486,5.253022143417051,5.077156755745208,5.077156755745208,7600
2020-04-22,5.237729549407959,5.312281423350596,5.0962726617545915,5.0962726617545915,24800
2020-04-23,5.329484939575195,5.428887188199492,5.184205178791936,5.337131434671658,32400
2020-04-24,5.409771919250488,5.428887794521637,5.318016155474966,5.379186664658647,32400
2020-04-27,5.3868327140808105,5.486234965567085,5.279784331882882,5.409771470820742,41000
2020-04-28,5.54740571975708,5.734740488199743,5.409771714693099,5.534024716954744,62800
2020-04-29,5.63724946975708,6.09794022823054,5.528671936885306,5.730916847558224,68600
2020-04-30,5.654453277587891,5.811202769608814,5.507261539137052,5.562697530737339,43400
2020-05-01,5.71562385559082,6.373207446445439,5.470941860560214,5.61622161280717,41000
2020-05-04,5.474766254425049,6.0080973713127435,5.436534864451346,5.734741310508372,145400
2020-05-05,5.256845951080322,5.6965092847832155,5.069511164692481,5.482412490227117,135000
2020-05-06,5.375362396240234,5.579901370347301,5.184204421993646,5.295076032472471,39400
2020-05-07,5.371540069580078,5.792087466213896,5.310369565677338,5.704154958004949,57200
2020-05-08,5.837966442108154,6.7115585854948865,5.837966442108154,6.5070195506491535,212200
2020-05-11,6.117056846618652,6.239397866877425,5.960307323260849,6.0711789640216125,106400
2020-05-12,6.120879650115967,6.345681222054449,6.078824654002563,6.308214414933027,74800
2020-05-13,6.136171817779541,6.354092561306182,6.0788245607293465,6.0788245607293465,52600
2020-05-14,6.185873985290527,6.422909534815643,6.0482399699469,6.422909534815643,39000
2020-05-15,6.269983291625977,6.380855299992256,6.101764384217674,6.101764384217674,27000
2020-05-18,6.155289173126221,6.327330975493217,5.933545870876932,6.319685207919845,37400
2020-05-19,6.139995574951172,6.247044331747991,6.120880064084953,6.206901321402932,30000
2020-05-20,6.304391384124756,6.304391384124756,6.195431371544966,6.289099121781788,14800
2020-05-21,6.254690647125244,6.422909179677334,6.197342657762966,6.323507650991997,34600
2020-05-22,6.503195285797119,6.517341228728618,6.277628786132153,6.312037284671548,26600
2020-05-26,6.426733016967773,6.6102452871787305,6.341094589518031,6.591129045901525,48000
2020-05-27,6.522310733795166,6.763170221339319,6.294832977078929,6.491725483066849,66400
2020-05-28,6.453494548797607,6.6331835574787,6.453494548797607,6.6331835574787,36600
2020-05-29,6.476432800292969,6.669884152169272,6.380853806843822,6.499371554542006,53800
2020-06-01,6.472609996795654,6.709645508442581,6.332299803113198,6.480256491806174,52800
2020-06-02,6.484079360961914,6.598774604696298,6.312037589175248,6.518487861161236,57000
2020-06-03,6.487902641296387,6.652298647695325,6.380854621657965,6.644652152232597,31200
2020-06-04,6.549072265625,6.568188501710386,6.426731271517913,6.487901768571457,33000
2020-06-05,6.575835227966309,6.684795225259779,6.522310494250136,6.549072496503287,37800
2020-06-08,6.560543060302734,6.803313828480197,6.503195801261514,6.58348181807723,84200
2020-06-09,6.637007236480713,6.8319885205065445,6.583482490592618,6.723027769224725,60000
2020-06-10,6.721116065979004,6.803314074284898,6.568189793273848,6.587305303908247,58800
2020-06-11,6.507018089294434,6.629359084992825,6.3904115998913245,6.572011834410436,34600
2020-06-12,6.5414276123046875,6.633183373481536,6.499372614978226,6.549073378828615,42600
2020-06-15,6.602598190307617,6.805225224951248,6.514665676058119,6.5184881947559425,128400
2020-06-16,6.671415328979492,6.958152364966404,6.575836316983854,6.694354087679647,82600
2020-06-17,6.789932727813721,6.8243412285845135,6.694353721052622,6.789932727813722,88200
2020-06-18,6.805225372314453,6.9768857798050465,6.740231614894383,6.912274128421037,95400
2020-06-19,6.931390285491943,7.030792554886259,6.682884976611184,6.977268536447035,81800
2020-06-22,7.210479736328125,7.2601804937041745,6.805224265742412,6.961973761818252,73000
2020-06-23,7.382521152496338,7.495304392447702,7.193275156319713,7.283118913114642,111000
2020-06-24,7.367229461669922,7.424576715568416,7.0919614762213135,7.378698474923683,80200
2020-06-25,7.47810173034668,7.627205485640198,7.118725168544851,7.409284724705055,136200
2020-06-26,6.893158435821533,7.49721774740873,6.801402674098032,7.49721774740873,1054800
2020-06-29,7.095784664154053,7.252534163792286,6.851102660662155,6.919919656446724,111400
2020-06-30,7.283120155334473,7.3060596424035005,7.083551430619696,7.216215141074719,45400
2020-07-01,7.260180950164795,7.32517470110275,7.121017799868594,7.275473940601923,47800
2020-07-02,7.283120155334473,7.48192466800626,7.142045737146784,7.344290662431951,59400
2020-07-06,7.707491397857666,7.726606908396376,7.39016911012917,7.39016911012917,49600
2020-07-07,7.455163955688477,7.76866304125407,7.413108951309159,7.6119134984712735,73400
2020-07-08,7.61573600769043,7.650144511713325,7.420754727964031,7.504863999347763,33800
2020-07-09,7.328997611999512,7.799246108188005,7.286942619439441,7.638673362024875,47600
2020-07-10,7.6042656898498535,7.67690594055491,7.264004652626637,7.264004652626637,53400
2020-07-13,7.749545574188232,8.208324341349678,7.520155826002554,7.520155826002554,75200
2020-07-14,8.3153715133667,8.487413974292677,7.799244859798536,7.93840798142603,118600
2020-07-15,8.204500198364258,8.376542673029235,8.051573959334183,8.376542673029235,58000
2020-07-16,8.017166137695312,8.238909385213722,7.969376638409363,8.238909385213722,36400
2020-07-17,8.311551094055176,8.372721605591863,7.975113280603391,7.975113280603391,47600
2020-07-20,8.950017929077148,8.965310919828228,8.17391614949834,8.17391614949834,106400
2020-07-21,9.179407119750977,9.22910787820691,8.927078621599545,8.950017377101522,133400
2020-07-22,9.068535804748535,9.274986807228103,8.88884753642035,9.160291562780584,64200
2020-07-23,9.01501178741455,9.3973278101704,8.965311025308665,9.141176045755584,50800
2020-07-24,8.83532428741455,8.950018812529345,8.682397281648148,8.846793302400025,57600
2020-07-27,9.47379207611084,9.577016856441936,8.934726498565102,8.950018761528597,91400
2020-07-28,9.343802452087402,9.458496950680578,9.25586922534214,9.45085045631841,42600
2020-07-29,9.313218116760254,9.599955120559917,9.267339875299948,9.599955120559917,28000
2020-07-30,9.290279388427734,9.473791640012234,9.152263276018106,9.175584869246146,32600
2020-07-31,9.209992408752441,9.401150406893073,9.102943667278126,9.401150406893073,25400
2020-08-03,9.25204849243164,9.31513026006573,8.942371973904356,9.25587101114039,29400
2020-08-04,9.232932090759277,9.274987087917074,9.045597321289955,9.271163840065459,42000
2020-08-05,9.339981079101562,9.374389581426021,9.248225315973002,9.248225315973002,77000
2020-08-06,9.882868766784668,10.282771122788041,9.290278528002975,9.36597707866235,121600
2020-08-07,9.699358940124512,10.13137577495903,9.508200906634718,10.089320774244069,87800
2020-08-10,9.481436729431152,9.657302472721637,9.439382464313143,9.64200948234424,53200
2020-08-11,8.896493911743164,9.519668700081786,8.787151069760629,9.519668700081786,98200
2020-08-12,9.053242683410645,9.106766688211422,8.697688699040043,8.919431942198822,83600
2020-08-13,9.007364273071289,9.164113766333504,8.888846523602023,9.072358018756344,33000
2020-08-14,9.190878868103027,9.305573399855973,8.950019330527772,9.05706809491789,61000
2020-08-17,8.544763565063477,9.445882597632073,8.422422550007726,9.194700389849643,82400
2020-08-18,8.571524620056152,8.678573360959248,8.068778883450202,8.602109870427052,72000
2020-08-19,8.586819648742676,8.590260791317792,8.41477783339949,8.498887116731039,55200
2020-08-20,8.472125053405762,8.529472324836364,8.18156471838591,8.445363042018823,52400
2020-08-21,8.686219215393066,8.728274208536446,8.380366708559116,8.445360457412567,56200
2020-08-24,8.88502311706543,8.999718346388722,8.762682122488464,8.900316105992475,39600
2020-08-25,9.118237495422363,9.118237495422363,8.653723458899396,8.930902727527375,53400
2020-08-26,9.011187553405762,9.1755835418712,8.904139545444911,9.11441304326218,28400
2020-08-27,9.034128189086914,9.097210689092487,8.946195670179161,8.951165965643604,24400
2020-08-28,9.236756324768066,9.236756324768066,9.080006792166417,9.102181340389249,18800
2020-08-31,9.144999504089355,9.255870774052646,9.057066991840891,9.244401759800214,26200
2020-09-01,9.25204849243164,9.309395752792625,9.198523750779405,9.213816742454323,27000
2020-09-02,9.420268058776855,9.462323061285343,8.85826367886462,9.213817752992588,38400
2020-09-03,9.164115905761719,9.324688683811074,8.862086590627234,9.324688683811074,37400
2020-09-04,9.404973030090332,9.424088536951615,9.044448766176183,9.187053043348396,48800
2020-09-08,9.680243492126465,9.680243492126465,9.175586359052208,9.26734213513752,67800
2020-09-09,9.810230255126953,9.88287051228932,9.657303973635152,9.829345766859667,45400
2020-09-10,9.963157653808594,9.9975661621538,9.833170117662279,9.9975661621538,137800
2020-09-11,12.67377758026123,12.67377758026123,11.27832342106638,11.473304693139168,783600
2020-09-14,12.929927825927734,13.353534634249646,12.559080815640131,12.998744826979452,252400
2020-09-15,12.348808288574219,13.03124238862011,12.042955736165137,12.91845985240239,158400
2020-09-16,12.666131019592285,13.249544221057981,12.299106506822886,12.299106506822886,132200
2020-09-17,12.708187103271484,12.991100184918423,11.488597878294245,12.92610715155254,241600
2020-09-18,13.673110008239746,13.673110008239746,12.783857148756503,13.096556247954819,208400
2020-09-21,13.512957572937012,13.809242351752538,13.180638179499914,13.641080307737381,136800
2020-09-22,12.307801246643066,13.528972624877486,12.083586471875215,13.524967930483111,182200
2020-09-23,12.159660339355469,13.272727944184604,12.159660339355469,12.39588615643405,114800
2020-09-24,12.572054862976074,12.808281435511505,12.107609579540384,12.107609579540384,100600
2020-09-25,12.820293426513672,13.010475179428113,12.47195907670635,12.491978731104316,63000
2020-09-28,13.817246437072754,13.993416314253835,13.251504759683664,13.360809077727637,272800
2020-09-29,13.412860870361328,14.033455620088471,13.22067677848512,14.033455620088471,356200
2020-09-30,13.500944137573242,14.06948848100038,13.344794677824751,13.472917389789831,294000
2020-10-01,13.372824668884277,13.813246407160666,13.044509948930553,13.813246407160666,140400
2020-10-02,13.685120582580566,13.787218895473657,13.159016515618461,13.232686388972319,82200
2020-10-05,14.073493957519531,14.282894249701442,13.67311007852715,13.70513999462803,255200
2020-10-06,13.941365242004395,14.269679869921404,13.841269281606694,14.169583909523702,106400
2020-10-07,14.313725471496582,14.373783671824869,13.259514817877951,14.017440691803703,185600
2020-10-08,14.433838844299316,14.453857733213132,14.087907800744887,14.453857733213132,114200
2020-10-09,14.814207077026367,14.994380171269743,14.417826269690941,14.513919095735293,126600
2020-10-12,14.814207077026367,14.994380171269743,14.257673596075227,14.814207077026367,136200
2020-10-13,14.958340644836426,15.014394138578881,14.287698012115198,14.814202216731163,60600
2020-10-14,14.890277862548828,15.03441632226289,14.826216494602965,14.886274695264987,83400
2020-10-15,14.974358558654785,15.05443411724916,14.303714300351562,14.702097382872454,98200
2020-10-16,14.497901916503906,15.05243452166567,14.41382165673539,15.014397559099365,137400
2020-10-19,14.493898391723633,15.010394021580785,14.453859082814088,14.581981816637704,121400
2020-10-20,13.589029312133789,14.850639399512334,13.392842052172997,14.666063004092,184200
2020-10-21,13.420869827270508,14.013437874093825,13.098960797980663,13.569011457140459,118000
2020-10-22,13.200657844543457,13.496941079109451,13.10856972961925,13.272727069674296,51200
2020-10-23,13.488933563232422,13.512957148005844,13.164623569180076,13.300754161542612,51600
2020-10-26,12.544027328491211,13.264718793597135,12.165264508099362,13.232687349054423,103200
2020-10-27,12.800271987915039,13.048510322146344,12.503988017169045,12.503988017169045,38800
2020-10-28,12.511995315551758,12.764236805097783,12.247742035581032,12.520003175834892,73800
2020-10-29,12.572054862976074,12.723800251705434,12.235332147035956,12.391882558215103,82000
2020-10-30,12.44393253326416,12.73220868839201,12.27577125185498,12.608089883726487,63000
2020-11-02,12.003509521484375,12.64012000387822,11.84335610911177,12.64012000387822,110600
2020-11-03,12.255753517150879,12.467956531653817,11.507035160224111,11.507035160224111,116000
2020-11-04,11.935441970825195,12.247741638703333,11.639158022994351,12.011515113706709,105400
2020-11-05,12.015521049499512,12.363854618289123,11.853365293473642,11.987494298409736,92800
2020-11-06,11.57109546661377,12.067571449990172,11.46299162183691,12.051556489840866,76600
2020-11-09,10.738295555114746,12.027532139349802,10.52208865670785,11.671189966332017,139000
2020-11-10,11.819332122802734,11.979485519384419,10.858410979641,11.078621804481863,157400
2020-11-11,12.668146133422852,13.813244312074072,12.011516793107889,13.733167227984683,291400
2020-11-12,12.015521049499512,12.86433526191162,11.611133214858658,12.572054431629864,134400
2020-11-13,12.263760566711426,12.80508016634048,12.175676368939843,12.255753467766237,150800
2020-11-16,12.4479341506958,12.70017564409327,12.339830326237628,12.443930220493097,190400
2020-11-17,12.556039810180664,12.824296299922205,12.495981612034402,12.532016225453475,171600
2020-11-18,12.4479341506958,12.61209147064861,12.419907402948482,12.556037975153973,105000
2020-11-19,12.391880989074707,12.924390737964332,12.207704013146117,12.924390737964332,164600
2020-11-20,12.846322059631348,12.934684844128222,12.44237572353132,12.44237572353132,116600
2020-11-23,12.623309135437012,12.947307595862974,12.54756915221345,12.947307595862974,69400
2020-11-24,12.47182846069336,12.564399902739703,11.823832379210627,12.564399902739703,129000
2020-11-25,12.7158784866333,12.77057993676058,12.421335118310266,12.421335118310266,67400
2020-11-27,12.816865921020508,12.886715051043971,12.715879546104128,12.715879546104128,36000
2020-11-30,12.871565818786621,13.199772099491954,12.459625182887244,12.459625182887244,141200
2020-12-01,12.467619895935059,13.351251596206959,12.137310075040418,13.052500365616714,217000
2020-12-02,12.366634368896484,12.766372794531936,12.23619373842771,12.480244338612035,71400
2020-12-03,11.979517936706543,12.438164817418427,11.785960949835669,12.354009919783879,62600
2020-12-04,12.004767417907715,12.19411657562509,11.785963197703808,12.076299535952517,133200
2020-12-07,12.665388107299805,12.829490883675462,12.185701772206542,12.185701772206542,182800
2020-12-08,12.606477737426758,12.72850344494167,12.31614220363931,12.678009855005199,101600
2020-12-09,12.614891052246094,12.825279498624722,12.47182684450317,12.530736155235582,75600
2020-12-10,12.800036430358887,12.867360686459822,12.454999417199486,12.63172579010655,83600
2020-12-11,12.728503227233887,12.850528932661675,12.362426913518895,12.757957486456215,78600
2020-12-14,12.467619895935059,13.03146103789102,12.42975071116539,12.762164063548456,108400
2020-12-15,12.812658309936523,12.88839748595987,12.248817138829963,12.602269837212235,114000
2020-12-16,13.098787307739258,13.410162985700179,12.650660392532753,12.842113890327079,94800
2020-12-17,13.309175491333008,13.44382479875724,13.064283783961187,13.254474837198474,83600
2020-12-18,12.96834659576416,13.36808505397408,12.757958102510184,13.304968666511568,148200
2020-12-21,13.275514602661133,13.351254594345113,12.909439046279857,13.010425434335673,123600
2020-12-22,12.030013084411621,13.915093630883137,11.937442444184585,13.262889678342109,906200
2020-12-23,11.823831558227539,12.375049096177644,11.39463890918168,12.206738489464056,169400
2020-12-24,11.760717391967773,11.962690157993618,11.647107410115074,11.815418048469946,39600
2020-12-28,10.923370361328125,11.874326462537253,10.767683323238415,11.874326462537253,220400
2020-12-29,10.55308723449707,10.99069570415033,10.55308723449707,10.940202110510167,168200
2020-12-30,10.759265899658203,11.049602204133592,10.59516315487869,10.742435239906397,160400
2020-12-31,10.792928695678711,11.07989904663684,10.662488064825933,10.75505870566204,238200
2021-01-04,11.222121238708496,11.293653351993195,10.877084269653487,10.877084269653487,174200
2021-01-05,11.327316284179688,11.415679064360534,11.190563445250213,11.36097841032978,158000
2021-01-06,11.680768966674805,12.219363785645148,11.32310837605264,11.32310837605264,175800
2021-01-07,12.013181686401367,12.122583790483,11.46911739439128,11.86717203235476,142000
2021-01-08,11.882741928100586,12.160454673247443,11.4661728103803,12.05105256113377,174800
2021-01-11,11.60502815246582,12.05315582521126,11.39884754498727,11.891156604499184,144200
2021-01-12,11.912195205688477,11.950065195317352,11.676560338884183,11.950065195317352,45600
2021-01-13,11.886947631835938,12.034219709912158,11.693390639700754,11.853285511352937,122800
2021-01-14,12.160455703735352,12.366636346993987,11.907989331507144,11.907989331507144,117600
2021-01-15,12.000558853149414,12.088921627759245,11.71022253180448,12.088921627759245,111000
2021-01-19,11.83224868774414,12.15203847701408,11.613444471870286,12.15203847701408,83600
2021-01-20,11.882741928100586,12.030014032967776,11.684977034607643,11.975312575626736,74400
2021-01-21,11.815417289733887,12.255129255644288,11.575574545158828,12.255129255644288,87600
2021-01-22,12.038430213928223,12.080507271828408,11.520873894530537,11.77334025477382,56400
2021-01-25,11.735468864440918,12.106173575239776,11.63869035867473,12.07209090557354,88400
2021-01-26,12.046843528747559,12.05105139448708,11.617651656704545,11.992142879270425,98200
2021-01-27,11.520873069763184,11.945857905191996,11.369393906516198,11.878533654289251,155000
2021-01-28,11.77333927154541,12.194958130172145,11.596612914390926,11.710222887397745,120200
2021-01-29,12.02580738067627,12.253027360132398,11.797746309446909,12.253027360132398,85600
2021-02-01,14.058157920837402,15.115991153892054,12.833697053092115,12.833697053092115,614000
2021-02-02,13.002006530761719,14.676699264703123,12.955721615794868,14.676699264703123,196200
2021-02-03,13.805691719055176,13.843561707146911,13.006214906068152,13.006214906068152,105800
2021-02-04,14.34007740020752,14.34007740020752,13.805690549147117,13.805690549147117,123800
2021-02-05,14.096031188964844,14.666183899663244,13.7425784024092,14.596755301111566,142000
2021-02-08,15.114307403564453,15.147970330319666,14.529427694854538,14.714570581734819,190400
2021-02-09,15.547707557678223,15.800173068316166,14.32324678132471,14.975450688086541,290600
2021-02-10,12.833697319030762,14.449480914550268,12.429751821435065,14.205429506542416,755800
2021-02-11,12.768478393554688,13.35967039606917,12.68642700299766,13.35967039606917,225200
2021-02-12,12.728503227233887,12.945624456394496,12.450790493754253,12.736918959174087,152000
2021-02-16,12.661178588867188,13.292344018810443,12.65697072302603,12.943099179677908,181000
2021-02-17,12.505491256713867,12.846321180187836,12.467621265216758,12.694841214199405,122000
2021-02-18,12.143623352050781,12.600165969531874,12.130999754295372,12.518114590542616,171000
2021-02-19,12.168869972229004,12.509278546476734,12.055259998013906,12.210947829631083,143200
2021-02-22,12.206738471984863,12.564399012344268,12.0720899868068,12.257231252642498,148200
2021-02-23,11.76913070678711,12.206739109021697,11.508249453781993,12.206739109021697,232800
2021-02-24,11.630274772644043,11.735469011333134,11.18004355946567,11.596612648366268,343200
2021-02-25,11.4535493850708,11.693392943658006,11.041188127264167,11.562951498838189,211600
2021-02-26,11.966897964477539,12.74954262955909,11.95848223195974,12.74954262955909,442800
2021-03-01,12.539154052734375,12.602271243650328,11.992144283631196,11.996352149863489,254200
2021-03-02,12.147831916809082,12.67380314835043,12.105754057772092,12.60227102875807,245800
2021-03-03,12.055259704589844,12.286687513384154,11.415678534837056,12.198323934733713,650000
2021-03-04,11.929025650024414,12.997798592242964,11.735467852612196,12.26564685956531,2739600
2021-03-05,11.912195205688477,12.358219349635599,11.756508183941623,12.067883030003667,1377800
2021-03-08,13.161904335021973,13.517460597214747,11.836456194718956,11.912196180172659,646000
2021-03-09,13.094576835632324,13.38491230447109,12.842110547564012,13.380704439370326,227000
2021-03-10,14.154937744140625,14.207534868103773,13.216605245254476,13.24185164003763,363400
2021-03-11,15.47197151184082,15.77913854965772,14.125484701242632,14.306418951689666,426000
2021-03-12,15.434102058410645,15.774932040930091,14.75244369850879,15.463556322995865,199800
2021-03-15,15.156386375427246,15.766513291820381,14.478935209268183,15.766513291820381,310800
2021-03-16,15.13534927368164,15.232127791513053,14.845012115050526,15.147972070096253,126600
2021-03-17,15.526670455932617,15.5687475098505,14.790310776412662,14.832387830330543,139600
2021-03-18,16.103132247924805,16.810037572387937,15.989522291657178,16.317727761894883,333000
2021-03-19,16.7216739654541,16.86894523182223,16.414505429652433,16.498661126921256,529200
2021-03-22,16.683807373046875,16.810040142039643,16.439755961875676,16.78058588277922,195200
2021-03-23,15.55612564086914,16.65435382796039,15.413061401839308,16.65435382796039,325800
2021-03-24,14.592544555664062,15.968485356040489,14.453687393589655,15.720226894716241,232400
2021-03-25,15.27420425415039,15.501424211575953,14.21805472669995,14.537844529451737,150000
2021-03-26,15.543500900268555,15.682358072677328,14.849219853635018,15.400436664364111,120600
2021-03-29,15.194257736206055,15.753890311880518,15.0427777592906,15.530879015386581,114000
2021-03-30,15.114307403564453,15.328904548787198,15.000699038607348,15.190047383626988,109400
2021-03-31,15.147971153259277,15.42904986536127,15.034361176993418,15.110101161170657,288200
2021-04-01,14.887088775634766,15.320488515693192,14.584128861344864,15.076438722065953,161400
2021-04-05,14.773479461669922,15.115150471980199,14.690585385322192,14.937582220794804,99000
2021-04-06,14.853425979614258,14.866050379577997,14.57571325746212,14.773478937148393,179400
2021-04-07,15.577162742614746,15.812798410361275,14.693530192417768,14.93337452850328,232800
2021-04-08,16.32614517211914,16.410300882286403,15.673941227312016,15.758096937479278,135600
2021-04-09,16.284072875976562,16.410305675530136,15.997944340915323,16.410305675530136,81800
2021-04-12,16.044225692749023,16.36401547127556,16.040017024335807,16.32193841796357,67600
2021-04-13,15.943239212036133,16.347184719917685,15.690773670894353,16.09051211531614,92400
2021-04-14,16.044225692749023,16.17045845782169,15.804382957569949,15.854875742571677,55200
2021-04-15,15.892743110656738,16.172560123914284,15.791755952177231,16.090508759896874,95200
2021-04-16,15.686566352844238,15.93482485190025,15.463555052130788,15.93482485190025,123200
2021-04-19,15.14376449584961,15.72864425201825,15.05960877726965,15.67814985778818,101400
2021-04-20,14.866053581237793,15.198466222655759,14.377950674314302,15.068026367652502,125000
2021-04-21,15.183734893798828,15.364669099249621,14.744023779365175,14.878672266425777,95800
2021-04-22,15.526670455932617,15.657110286160082,15.063814837152329,15.240541994908211,114200
2021-04-23,15.593992233276367,15.764406361306957,15.480382279543818,15.764406361306957,57600
2021-04-26,15.867500305175781,15.979428104495003,15.593996217906126,15.762306055040481,47600
2021-04-27,15.817005157470703,16.025289292261398,15.593993894061205,15.593993894061205,124400
2021-04-28,15.83383560180664,15.871705587981625,15.46775853373628,15.779134153967988,84400
2021-04-29,15.87170696258545,16.05937312149263,15.644487025856664,15.989523994161855,54600
2021-04-30,15.682358741760254,15.812800187606154,15.48038597747866,15.749682996520786,60800
2021-05-03,16.28827476501465,16.67539037980007,15.711810813630402,15.779135059010047,182400
2021-05-04,16.128379821777344,16.568090924743082,15.737057164858204,16.465001030649578,113000
2021-05-05,16.810041427612305,16.818457160206993,16.214641588917186,16.515497207345646,108000
2021-05-06,15.993728637695312,16.977505517933484,15.90747021123732,16.873152388532358,129400
2021-05-07,16.591236114501953,16.7603886368187,16.03581064053805,16.03581064053805,69000
2021-05-10,16.873157501220703,17.811491648392167,16.0316034791122,16.0316034791122,169200
2021-05-11,16.759546279907227,17.63476147987435,16.484356838691284,16.507079152987306,271200
2021-05-12,16.523910522460938,17.29814015139556,16.292483527944224,16.725883259773887,181000
2021-05-13,19.111690521240234,19.35574195108923,17.3696740024641,18.977042009991433,803800
2021-05-14,20.247783660888672,20.85370341466958,19.549294082052928,19.57033260569555,753400
2021-05-17,22.87343406677246,23.45831373996958,20.81162647716893,20.836873670702374,896400
2021-05-18,22.58730697631836,23.992702064220005,22.418995552982704,23.311043849470312,599000
2021-05-19,21.81307601928711,22.650422812557483,20.975729226016735,22.21702148507436,738600
2021-05-20,23.71078109741211,23.90013105078657,21.733971757538207,22.183361885510468,672000
2021-05-21,23.19743537902832,24.248535133216375,22.93234543193644,24.03057360760886,390000
2021-05-24,22.532604217529297,23.23740525228316,22.270881879517994,23.19743253553771,359400
2021-05-25,22.28014373779297,23.033334995849454,22.221235211265547,22.410583587921693,213600
2021-05-26,22.326425552368164,22.63359253335521,21.914064333845694,22.490528306101563,196800
2021-05-27,21.733129501342773,22.71816814679179,21.49328677496582,22.591513235416624,284400
2021-05-28,22.43583106994629,22.491794170852593,21.74996406286873,21.838328458910404,222000
2021-06-01,22.928136825561523,23.528584752885084,22.078167189726386,22.87764243561249,387800
2021-06-02,22.25068473815918,23.32366559973848,22.02767187145784,23.14273138955467,326200
2021-06-03,21.333393096923828,22.259102769173516,21.240821648157823,22.259102769173516,237800
2021-06-04,21.36284828186035,21.50591252472139,20.975732610827077,21.50591252472139,221600
2021-06-07,21.653186798095703,21.93089958933128,21.1903326810821,21.54799253467106,209400
2021-06-08,21.29131317138672,21.707883060953325,21.236613323216613,21.653181607646527,147000
2021-06-09,21.09775733947754,21.547988575806134,20.71064329166247,21.219783047864073,269800
2021-06-10,20.67697525024414,21.3249720188892,20.660143790117584,21.110374915116534,300600
2021-06-11,20.11313819885254,21.011497899819965,19.953242505950783,20.828459345900715,272000
2021-06-14,20.281450271606445,20.618071526522314,20.03024636919444,20.230957484653253,279800
2021-06-15,20.71063995361328,20.782171257605185,19.986903157223807,20.20991440512388,167400
2021-06-16,21.249235153198242,21.362845117920845,20.092098585449826,20.294071321022244,427000
2021-06-17,20.336153030395508,21.544203107902696,20.26041304254348,21.152459826522314,287800
2021-06-18,20.411888122558594,20.7022252308991,19.866562224098917,20.695913833785017,577800
2021-06-21,21.45541763305664,21.459624696344793,20.113558665675672,20.40768230926907,230200
2021-06-22,21.270275115966797,21.362846561284908,20.971523858068736,21.362846561284908,139200
2021-06-23,20.61806869506836,21.606893796552736,20.46658874987458,21.396505340480612,179200
2021-06-24,20.756929397583008,20.90672558017706,20.188879505925847,20.85791497489752,268800
2021-06-25,20.500253677368164,21.06830192223935,20.23095668409185,20.870536240554753,1152800
2021-06-28,19.940624237060547,20.84529554089734,19.429380054685257,20.68119274744254,180600
2021-06-29,19.296833038330078,20.329839715185365,19.145353064950335,20.329839715185365,202200
2021-06-30,19.566129684448242,19.70498685912612,18.901301281693797,19.179015631049555,181800
2021-07-01,19.69235610961914,19.835420301739543,19.3136579105731,19.578746168364443,104200
2021-07-02,19.34732437133789,20.08578838340644,19.174805882450247,19.692361349113177,88800
2021-07-06,19.69235610961914,19.816065568391387,19.170593718452693,19.35152789099133,150800
2021-07-07,19.51984214782715,19.86698344716522,19.263167955527035,19.696569298729134,167200
2021-07-08,18.897092819213867,19.372571223634633,18.724574333381437,19.309454038883167,159200
2021-07-09,19.284208297729492,19.423063855901475,18.892042910916626,19.423063855901475,90200
2021-07-12,19.54088592529297,19.827014452113428,19.01070754038276,19.258966067914127,145600
2021-07-13,19.12851905822754,19.92378720765601,18.998079235812543,19.185324843264784,138800
2021-07-14,18.69512176513672,19.56823433906091,18.690913096366614,19.355741510001927,100800
2021-07-15,18.77086067199707,19.082234727328736,18.09761656468099,18.94337916350157,150600
2021-07-16,18.58992576599121,19.25475251184021,18.40688721502414,19.109585555687946,110000
2021-07-19,18.472110748291016,18.514187805794897,17.756789534767023,18.034502287648472,145600
2021-07-20,19.343114852905273,19.45251614203803,18.3542881622344,18.417405340092557,131200
2021-07-21,19.915372848510742,20.024774143947063,18.72457336727256,18.72457336727256,108400
2021-07-22,19.860673904418945,20.083685191605625,19.53667543512432,19.848049503444948,82200
2021-07-23,19.915372848510742,20.18466982663393,19.468507633703975,20.11313691393062,77000
2021-07-26,20.626487731933594,21.19032894878462,19.915375214282104,19.915375214282104,178400
2021-07-27,20.517080307006836,20.849494433020567,19.94061642116662,20.57599041951048,116600
2021-07-28,20.67697525024414,20.866325163826968,20.138381367285334,20.655936727654137,78200
2021-07-29,21.43859100341797,21.838329521663653,20.78638689740504,20.899995288304357,98200
2021-07-30,21.434377670288086,22.05292031241165,21.112483554125568,21.3375991625301,167400
2021-08-02,21.14404296875,22.003269473637516,21.026225929533073,21.821494154520888,138600
2021-08-03,21.691051483154297,21.796245720807942,20.887367571685914,21.31656025392919,70600
2021-08-04,21.615312576293945,21.930895304915694,21.481084619658077,21.691052559574107,88200
2021-08-05,21.501699447631836,22.00663206039346,21.324973915990356,21.670010853597887,95800
2021-08-06,21.56061363220215,21.74575492959517,21.140677734714114,21.63214494989826,91400
2021-08-09,20.870534896850586,21.834114443052982,20.786801341508856,21.834114443052982,270000
2021-08-10,21.101964950561523,21.240820511140836,20.62227787319988,20.786382234083355,105800
2021-08-11,21.215572357177734,21.291312334120512,20.86212127162694,21.291312334120512,136400
2021-08-12,21.089336395263672,21.425957572156616,20.77796240856384,21.122999315521156,163400
2021-08-13,21.089336395263672,21.298463194265526,20.815832391285323,21.236609263685597,92000
2021-08-16,21.10617446899414,21.409134425698227,20.491840428021423,20.845293175797227,111000
2021-08-17,20.55074691772461,20.967316816961507,19.70372268654774,20.967316816961507,245000
2021-08-18,19.92378807067871,20.525499241522777,19.890126749129756,20.462383661692225,124600
2021-08-19,19.31787109375,19.747063806103174,18.934964106033462,19.305248297989753,133800
2021-08-20,19.873292922973633,19.949032893874627,19.325862724698442,19.549294515260826,144000
2021-08-23,20.193084716796875,20.487627271140987,19.81690973364471,20.066850359064787,82000
2021-08-24,20.420307159423828,20.546541542686835,20.003738831093855,20.176257335731524,72400
2021-08-25,20.30669593811035,20.57178587959078,20.26882594647029,20.374020189344154,48800
2021-08-26,19.898544311523438,20.28565837320382,19.71340140799209,20.264619844658032,61200
2021-08-27,20.34456443786621,20.346668772007668,19.91958043408042,19.91958043408042,75400
2021-08-30,20.44134521484375,20.86632923251983,20.226748069227124,20.3656052346422,209200
2021-08-31,20.411888122558594,20.82425092555999,20.327734020855388,20.411888122558594,57200
2021-09-01,20.601238250732422,20.681186895275438,20.216226971874057,20.529706942600896,77800
2021-09-02,20.79058837890625,20.870535419033004,20.432928624752748,20.660146950675266,94800
2021-09-03,20.85370635986328,20.995086799640042,20.45186359944966,20.69801773161956,151800
2021-09-07,20.807424545288086,21.18612291085775,20.458178838398943,20.921034536500084,195200
2021-09-08,20.71063995361328,21.013598236293102,20.24778439110092,20.950482663089048,285800
2021-09-09,21.897233963012695,22.51998368767365,20.76113581992528,20.79900581153275,431600
2021-09-10,24.527090072631836,25.667395281031734,23.146940513568605,24.405064365571157,1027800
2021-09-13,24.54391860961914,24.617554249878502,23.189016408300578,24.405061455012994,570200
2021-09-14,24.190465927124023,25.372848049438765,24.022575062224654,24.4050614508629,331800
2021-09-15,24.888957977294922,25.053060735870236,24.320908114761078,24.628075104811206,229200
2021-09-16,25.705263137817383,25.81382334355002,24.09789536737093,24.994150692350082,371800
2021-09-17,24.970083236694336,25.982371978242533,24.2871037590079,25.170191514094064,540000
2021-09-20,24.439359664916992,25.01358442682782,23.704178389605545,24.28710372784414,317800
2021-09-21,24.922231674194336,25.087537651396257,23.886451510158793,24.626418707301532,224600
2021-09-22,25.122339248657227,25.696564013012168,24.817825713750146,25.23109396401938,229200
2021-09-23,25.62261199951172,25.979327338661033,25.222393777865364,25.23109435436477,188200
2021-09-24,24.769973754882812,25.644362609158847,24.539414285793793,25.250669405049415,175000
2021-09-27,25.122339248657227,25.46600454747329,24.743438523948758,24.800424561020538,103000
2021-09-28,24.943981170654297,25.300696498404683,24.36540529792182,25.222392971877504,148000
2021-09-29,25.30504608154297,25.44860310070565,24.552463659068184,25.191941909037872,99200
2021-09-30,26.109832763671875,26.623155162776193,25.218044412504305,25.448603882461818,256600
2021-10-01,27.37138557434082,27.40183842091473,25.761817137573033,26.318640741234745,174600
2021-10-04,26.945064544677734,27.906457377779617,26.666217991420588,27.50623920890495,159200
2021-10-05,27.73680305480957,27.928210764575653,26.93636824934136,27.15387768931136,159400
2021-10-06,27.989110946655273,28.493734400887355,27.15387555923363,27.314833727000153,188200
2021-10-07,29.450773239135742,29.718312207178016,28.11613845262163,28.31102603733125,290800
2021-10-08,30.024999618530273,30.45131955259601,29.15496191702753,29.68133764709548,199600
2021-10-11,28.954858779907227,30.016306026075657,28.789552782115024,29.98150371529908,149800
2021-10-12,28.337129592895508,28.859150921603437,28.301457726099017,28.859150921603437,149000
2021-10-13,29.389877319335938,29.58128670714597,28.38933578971753,28.44806095457935,144800
2021-10-14,29.659587860107422,30.577477977553663,28.937454914316053,29.820546043175924,193000
2021-10-15,29.929304122924805,30.738439609360157,29.181071022012024,30.164211427694084,244400
2021-10-18,29.79444694519043,30.91723141230601,29.528215560300396,30.303421638890075,119000
2021-10-19,29.29851722717285,30.829785351195845,28.94180192309879,30.02065007043,136600
2021-10-20,29.468175888061523,29.585632835837167,28.954853513726402,29.246318664806065,75400
2021-10-21,29.12886619567871,29.394227999758147,28.350181938339325,29.207169733258397,93400
2021-10-22,29.542131423950195,29.637832782165425,28.783457122773846,29.198466137350138,85200
2021-10-25,30.412168502807617,30.9907410339169,29.607380998815056,30.744957647762888,166000
2021-10-26,30.816734313964844,31.869482472928315,30.129407040570808,30.6949295647287,133400
2021-10-27,31.134294509887695,31.247400324015352,30.464365178408425,30.577470992536085,105400
2021-10-28,31.651979446411133,32.24360547860059,31.003798827114743,31.01250106463789,182600
2021-10-29,32.62206268310547,32.85697326074369,30.768884768843538,32.03043678066781,210400
2021-11-01,32.495906829833984,33.398572936675755,32.36540316594162,33.398572936675755,166200
2021-11-02,33.43555450439453,33.496456887766904,31.982589583678458,32.330606047747125,156000
2021-11-03,34.36648178100586,34.67099358313909,33.20498249710234,33.444240821941385,152800
2021-11-04,33.80531311035156,35.20390038413283,33.73571182292316,34.801506636081015,162800
2021-11-05,31.303953170776367,33.22238771605157,29.36376967635824,33.22238771605157,458600
2021-11-08,29.24631690979004,31.234352796726945,28.737342364855557,31.16474819201001,393600
2021-11-09,29.985857009887695,30.5557307847518,29.220222711897694,29.255025025199803,170600
2021-11-10,30.46001625061035,30.75800639854249,29.711786669719714,29.85534035762425,172000
2021-11-11,31.564964294433594,31.817276004796643,30.562245788651133,30.87328596860028,171800
2021-11-12,32.687320709228516,32.93528135575799,31.669378050506744,31.669378050506744,171600
2021-11-15,32.42195510864258,32.95746454673295,31.756376783791985,32.58291328167678,119200
2021-11-16,32.00433349609375,32.62205940544924,31.669370475055384,32.33494871869208,102200
2021-11-17,31.421409606933594,32.03043327610417,30.89503393454605,32.00433320997688,79600
2021-11-18,30.32951545715332,31.212603212126055,29.911897749729636,31.212603212126055,193200
2021-11-19,29.163663864135742,30.45131925134974,29.163663864135742,30.36431680963233,109200
2021-11-22,30.290361404418945,30.651427847341168,29.194115360079813,29.194115360079813,225000
2021-11-23,30.386072158813477,30.59053159072466,29.742245989104983,30.098961385546474,173800
2021-11-24,30.533973693847656,30.66882847330375,29.687862175816562,30.24250854625328,116600
2021-11-26,30.7645320892334,31.021191605017634,29.698733967818658,29.698733967818658,100800
2021-11-29,31.13864517211914,31.70851871374981,30.729726455506643,31.025539359643997,154800
2021-11-30,30.125059127807617,31.312662197074587,29.446430699044118,30.694932830477946,549800
2021-12-01,28.99835968017578,31.13430062171271,28.846100419413514,30.873289961582643,168400
2021-12-02,27.532344818115234,29.05926198874383,26.971170074740098,28.994008494131727,390800
2021-12-03,26.731910705566406,27.75855553547255,25.88492789116117,27.606297930667456,253800
2021-12-06,27.380084991455078,27.48013912478571,26.40999318450314,26.727556736239098,113400
2021-12-07,27.719402313232422,28.713418683313463,27.493192306708867,27.83250648676157,171800
2021-12-08,28.95050811767578,29.389874801794807,27.775955137087017,27.775955137087017,199800
2021-12-09,26.975521087646484,29.09406265255174,26.875466940417287,28.933107784688897,157600
2021-12-10,26.540502548217773,27.3148373241796,26.34039425106158,27.11907848588966,149800
2021-12-13,26.061981201171875,26.662307724063194,25.723971343389092,26.52310181432975,131000
2021-12-14,25.435556411743164,26.201188969590284,25.305049410077856,25.761820596975518,165400
2021-12-15,25.931472778320312,26.001075724893372,25.057083998814498,25.618258689008957,262000
2021-12-16,25.55300521850586,27.910807993698867,25.470350583877845,26.344739307212414,130600
2021-12-17,25.779216766357422,25.97062612572314,25.10493786909743,25.47905435207743,143400
2021-12-20,25.23109245300293,25.566057155394134,24.173996550231973,25.566057155394134,182600
2021-12-21,25.666112899780273,25.67698903513408,25.198467290475968,25.631310594220295,145000
2021-12-22,25.79661750793457,25.953224559660438,25.05056011279872,25.05056011279872,212800
2021-12-23,26.762361526489258,26.90591689305407,25.620436973753517,26.06415642766667,139800
2021-12-27,26.67100715637207,27.25828195914284,26.24468886867402,26.75366014314665,80600
2021-12-28,26.05545425415039,27.353985788622477,25.935823406456983,26.618802869097927,87400
2021-12-29,25.600860595703125,26.270790073662376,25.492105874974623,26.11418301029888,76600
2021-12-30,26.41434669494629,26.536151449258245,25.44425480011744,25.44425480011744,98000
2021-12-31,26.579652786254883,27.03207281771875,25.810105612316576,26.414346807403543,112800
2022-01-03,25.75746726989746,27.05599888129073,25.45730484262947,26.579652680668094,180400
2022-01-04,25.7357177734375,26.686669436781248,25.161492964535547,26.009780142061512,127600
2022-01-05,24.922231674194336,26.53180183888394,24.835227567555517,25.840121763276542,93400
2022-01-06,24.548112869262695,25.226742845882423,23.691125237561938,24.90917763758837,130600
2022-01-07,24.491559982299805,25.0048823383385,24.26970110748688,24.73517112634932,93000
2022-01-10,25.218042373657227,25.23109240766682,23.926035903821987,24.308852942933385,150200
2022-01-11,25.62696075439453,25.72701489219263,24.51766300288966,25.00488365722201,139800
2022-01-12,25.661760330200195,25.800966216632876,25.347676696300134,25.744413306686766,116400
2022-01-13,25.679162979125977,26.083730654902748,24.94615725625048,25.644362332970967,131800
2022-01-14,25.557357788085938,25.71744474035767,25.104937779608164,25.574758940596293,133800
2022-01-18,25.774869918823242,26.070682904657264,24.78694203315425,25.64436458024127,222800
2022-01-19,26.192487716674805,26.42087330423355,25.361601679423664,25.992379419831487,200200
2022-01-20,25.69221305847168,27.649797820997737,25.513855402042356,26.266437789388775,235000
2022-01-21,24.97878074645996,25.71831309895741,24.84175041063778,25.392048972220167,253200
2022-01-24,25.86187171936035,26.001077622666873,24.110920133209973,24.469811026829866,280000
2022-01-25,25.731365203857422,25.88362113498301,24.584654844413766,25.618259375479678,193000
2022-01-26,25.8183650970459,26.714504421787996,25.226740923435756,25.922770339133,170000
2022-01-27,25.583457946777344,26.28427330728279,25.43990093657497,26.00542508273297,137200
2022-01-28,25.67481231689453,25.818367672184433,24.878727037540354,25.809668755652478,122400
2022-01-31,26.92766761779785,26.975518297594096,25.37465044803775,25.718314080118322,138000
2022-02-01,27.832504272460938,28.19792015247101,26.318638957980674,27.158225424438754,156200
2022-02-02,27.98041343688965,28.1022181888132,27.188679230455993,28.067415882854878,108000
2022-02-03,27.4844913482666,28.058716103202837,27.05599751125364,27.858607828490413,128600
2022-02-04,27.410537719726562,27.6454483030949,26.684057017915364,27.358335921022018,102000
2022-02-07,29.059261322021484,29.12016369721397,27.201728921859033,27.201728921859033,250600
2022-02-08,30.08155632019043,30.103305272907516,28.748222386305002,29.146265061158175,342000
2022-02-09,32.1913948059082,32.1913948059082,30.529622936522593,31.53886653281547,503400
2022-02-10,32.648162841796875,33.49644818914473,31.198245076241,31.843375392498007,448400
2022-02-11,32.609012603759766,33.00357369182789,32.25403639899936,32.62641375603464,328800
2022-02-14,31.982587814331055,33.27894558639195,31.825111186190025,32.84392668983781,260200
2022-02-15,31.973886489868164,32.709069431761,31.64327122407374,32.52635898657454,161200
2022-02-16,32.05219268798828,32.50461274230559,31.856435510540877,32.01739037944138,130400
2022-02-17,31.003787994384766,32.38758267217571,30.960286778761883,31.786823151316742,160800
2022-02-18,30.677526473999023,31.32918516017263,30.016299311807376,30.838484636138112,201400
2022-02-22,29.698740005493164,30.673184769276705,29.603908191555973,30.386070690948266,161200
2022-02-23,28.87220001220703,30.153330292546404,28.86349777728629,29.763986593632623,173800
2022-02-24,29.594327926635742,29.65088249378337,27.945606304572454,28.393675129877543,168400
2022-02-25,30.68187713623047,30.821083027201077,29.079703391019837,29.581280042161247,165000
2022-02-28,31.190853118896484,31.35616242138954,30.02065456041373,30.355617645743628,185400
2022-03-01,30.921146392822266,31.580199807363527,30.73365333988349,31.330061930835225,219200
2022-03-02,32.369754791259766,32.626414324190094,30.92114119872241,31.164750696951938,335800
2022-03-03,33.8314094543457,33.961916417437834,32.17703572298203,32.62640888003878,294400
2022-03-04,32.97007751464844,33.69873206333422,32.6438133922407,33.496449900527956,215200
2022-03-07,30.895034790039062,33.16148573751286,30.808032354585592,33.06142994970422,435000
2022-03-08,31.108196258544922,32.27839460907932,30.829784483635386,31.00378935375623,214400
2022-03-09,32.495906829833984,32.82869598520865,31.699824855192293,31.699824855192293,190200
2022-03-10,31.926036834716797,32.537237858747474,31.46926566172625,31.891234526141535,174200
2022-03-11,30.486122131347656,32.987480545661654,30.325163960307265,32.80912122216307,268400
2022-03-14,30.199007034301758,31.471438467106136,29.89884629199141,30.925487699549187,177800
2022-03-15,30.11200523376465,30.738433437861385,29.531255469104313,30.064152894900015,301200
2022-03-16,31.691118240356445,31.78682290534422,30.04892164159258,30.538317781155524,503400
2022-03-17,32.361045837402344,32.361045837402344,31.216947674095405,31.730269952321635,338400
2022-03-18,32.430660247802734,32.848277992568214,31.891234423416204,32.35670451258582,386200
2022-03-21,35.280029296875,35.303955467213434,32.662086749028646,33.113637207213564,504800
2022-03-22,34.17943572998047,36.10656963990365,33.29634787102141,35.845558956895346,378400
2022-03-23,34.42739486694336,36.106568056532716,34.15768195893491,34.15768195893491,213400
2022-03-24,34.80586242675781,35.42793957415526,34.15333408972262,34.59270078036285,196600
2022-03-25,34.540496826171875,35.00031139842933,34.22293161019336,34.64925153701062,138200
2022-03-28,33.8662223815918,34.77236687490731,33.518209235682534,34.54050303762065,177600
2022-03-29,36.14571762084961,36.254472342277985,33.80531721052593,33.866219589011365,356400
2022-03-30,34.63185501098633,36.300152099825354,34.56051127391167,36.145718929476416,173600
2022-03-31,33.64435577392578,34.744956236233065,33.14843455769216,34.744956236233065,334400
2022-04-01,34.74496078491211,35.1669263305822,34.17943488657321,34.17943488657321,176600
2022-04-04,34.188133239746094,35.31483389951345,33.75311434633939,34.80151147253631,140000
2022-04-05,33.49645233154297,34.718854270155795,33.48340229672839,34.06632597798288,201600
2022-04-06,32.85262680053711,33.51385740591434,32.68296969023408,33.335498058762944,176400
2022-04-07,32.930931091308594,33.39640120542325,32.469812095717714,32.92223217319202,118400
2022-04-08,33.71395492553711,34.24902947694251,32.62640799245527,32.874368560440736,185400
2022-04-11,33.33984375,34.25773377116077,33.02228185427787,33.713960219237585,100000
2022-04-12,33.957576751708984,34.74496327508118,33.50515666439912,33.50515666439912,216400
2022-04-13,35.67589569091797,35.68894572497689,34.14462752868458,34.148978646347665,184400
2022-04-14,36.545936584472656,37.328968567394845,35.67589883527204,35.697647787643675,305400
2022-04-18,37.4377326965332,37.84665160350268,36.59379812454688,36.89831008573811,246600
2022-04-19,38.3208122253418,38.39476795863995,36.41978181016205,37.80749312401676,222400
2022-04-20,38.4295654296875,38.760180700592194,37.71613474752989,38.58617248859338,190600
2022-04-21,35.614990234375,38.799327707206906,35.07556453450896,38.57311607334566,312800
2022-04-22,34.188133239746094,36.16703575238851,33.957573757269465,35.27133267395894,246800
2022-04-25,33.857513427734375,33.91841579318961,32.91352344424822,33.64435182971105,159000
2022-04-26,32.94397735595703,33.7226581386283,32.535058594943976,33.62260566663379,156600
2022-04-27,33.735713958740234,34.04022583351255,32.848275085064536,33.27894282765124,160000
2022-04-28,34.42303466796875,34.53614047941652,32.909171180904295,34.34038335711797,139400
2022-04-29,34.279483795166016,35.554089050131985,33.96191860131716,34.244681493579535,300800
2022-05-02,32.79606628417969,34.23162961750828,31.673717010408602,34.23162961750828,410200
2022-05-03,32.93962478637695,33.88796592384439,32.365400090594015,32.58290949534407,252600
2022-05-04,33.69221115112305,33.794440854113205,31.578019114834426,33.20933992561696,316600
2022-05-05,32.45240783691406,34.018475143671104,31.908634236031016,33.809667939533185,355000
2022-05-06,30.590526580810547,33.44424928497866,29.898848175680882,32.73516972690521,450200
2022-05-09,28.689489364624023,30.303412080097527,28.606838047098993,29.894493334178403,304800
2022-05-10,28.237075805664062,29.340716450104168,27.784654133367287,29.150614748200756,304000
2022-05-11,26.849361419677734,28.624238956753818,26.771057901308787,27.99781080980223,233800
2022-05-12,26.710159301757812,27.74550301831695,25.93582458414243,26.42739637226027,290400
2022-05-13,27.65414810180664,28.428481122099523,26.97551809986999,27.3191833888968,331600
2022-05-16,27.384437561035156,27.95431286487912,26.16333996653432,27.484491699670613,204200
2022-05-17,28.267526626586914,28.563339580413,27.63239783780429,27.880356792654272,162800
2022-05-18,27.049474716186523,28.041317254476017,26.70145993603805,28.041317254476017,211800
2022-05-19,28.12396812438965,28.615538209241905,26.92766633758903,26.92766633758903,192200
2022-05-20,27.510597229003906,28.358884454836538,26.83631657547958,28.358884454836538,162600
2022-05-23,30.238162994384766,30.544413999607002,28.071767531981926,28.071767531981926,364600
2022-05-24,30.703622817993164,30.85152759338663,28.989647956495176,29.7509307354345,298800
2022-05-25,33.887969970703125,34.18813072823053,30.2864491088285,30.703632037649914,457000
2022-05-26,34.80150604248047,35.24522378419278,33.6199934254575,34.183780106769696,399000
2022-05-27,33.7966194152832,35.236530912746204,33.56170881092653,35.127776187706864,301000
2022-05-31,33.07448196411133,33.89666730843269,32.5263572949203,33.89666730843269,397800
2022-06-01,31.78682518005371,33.25718760310254,31.72157169298969,33.25718760310254,255800
2022-06-02,33.01358413696289,33.32679827676483,31.952571736223437,32.208799833762846,336000
2022-06-03,32.19574737548828,33.09623630020449,31.943435635305047,32.37410338566569,134800
2022-06-06,30.007598876953125,32.73951646387731,29.698732602194838,32.60031057788531,453600
2022-06-07,30.451318740844727,31.17345160692847,29.52907760702136,31.17345160692847,282900
2022-06-08,29.459476470947266,30.425218829894302,28.998357561116126,29.990199988489717,246800
2022-06-09,28.48503875732422,29.355076548924544,28.224024764699493,29.05056133050596,235000
2022-06-10,29.37247657775879,29.729191966198712,27.841211410510372,28.328433805009475,246400
2022-06-13,26.423049926757812,28.3632322519117,26.275143427602742,28.31103210563583,324100
2022-06-14,26.884166717529297,27.197380845250507,25.918425922831144,26.423047762234567,186500
2022-06-15,27.4844913482666,28.058716103202837,26.66665543750748,27.162576665910116,182400
2022-06-16,27.223480224609375,27.406187343690682,26.13245154979596,26.82326202270024,160500
2022-06-17,27.02337074279785,27.945610248524115,26.744958941783523,27.266981898418003,182500
2022-06-21,27.9630126953125,28.38063041616478,27.058174300132563,27.397488490891874,146100
2022-06-22,27.82380485534668,28.42412966506572,27.293082994267465,27.293082994267465,136900
2022-06-23,27.9630126953125,28.458933946257748,27.47579202098484,27.876010248067256,174200
2022-06-24,29.14626693725586,29.424678773828607,28.250129045720502,28.250129045720502,172500
2022-06-27,29.824888229370117,30.024996481536906,28.82434696853617,29.14625995515839,109400
2022-06-28,28.58944320678711,30.22511523257057,28.26753014369486,30.007605778251047,146900
2022-06-29,27.84120750427246,28.589440486978674,27.5714962712251,28.406733359275222,87600
2022-06-30,28.0587158203125,28.189222802862872,26.74495869439615,27.232179341664494,146800
2022-07-01,28.102218627929688,28.702546798834263,27.641099683033637,28.00651394451414,115200
2022-07-05,24.09134292602539,28.041312983097868,23.826850737721962,28.041312983097868,418800
2022-07-06,23.656326293945312,24.165297568389022,22.454803739950073,23.89993579577877,539600
2022-07-07,24.761276245117188,25.00488743885874,23.55192417291676,23.926040711372703,502100
2022-07-08,24.343656539916992,25.234575367318964,24.152248826874146,24.752575356118808,173600
2022-07-11,24.917882919311523,25.083190571656154,23.595426678950894,23.595426678950894,206300
2022-07-12,24.308856964111328,25.231096581401903,24.143549314962165,24.709073561617743,102900
2022-07-13,24.482858657836914,24.839573957469007,23.575410036578727,23.734627415895623,140500
2022-07-14,24.308856964111328,24.39586107731959,23.290912656345114,24.282755232309217,125100
2022-07-15,24.961383819580078,25.01793507921155,24.11744612962816,24.848277981386467,109800
2022-07-18,25.492103576660156,26.131581807918643,25.352897679435415,25.50950472867955,129100
2022-07-19,26.657955169677734,26.992919890509782,25.003144716471596,25.70961392354681,195300
2022-07-20,26.266437530517578,26.7362570059716,25.17018987517133,26.7362570059716,180200
2022-07-21,25.68351173400879,26.188133502817433,25.28329355352463,26.127231133050632,142700
2022-07-22,24.587265014648438,25.77051678945285,24.274050919090758,25.67481211370685,144300
2022-07-25,25.057083129882812,25.387698359238616,24.291450744129794,24.78737192869841,79400
2022-07-26,24.92658042907715,25.291996339072075,24.487212109179385,24.917879852712357,99200
2022-07-27,26.5622501373291,26.5622501373291,24.717769583232776,25.170189560959344,125900
2022-07-28,26.222930908203125,27.092968447660056,25.84881450072226,26.562246677027467,92300
2022-07-29,26.362138748168945,26.727554608376625,25.631307027753586,26.388240473707008,96100
2022-08-01,26.614452362060547,26.858063506189314,25.83141879377793,26.196834680238506,98300
2022-08-02,27.171279907226562,27.789007603863066,25.837512805450185,26.614456250118476,134800
2022-08-03,28.19792366027832,28.71124607127964,27.24958236940913,27.475792386076265,232900
2022-08-04,29.137571334838867,29.398582046458788,27.867313452141065,28.197928790289637,240000
2022-08-05,28.58074188232422,28.67644657630869,26.884169080155772,28.67644657630869,186900
2022-08-08,29.259368896484375,29.328970186916923,28.4850358714385,29.11146076105323,142000
2022-08-09,29.68568229675293,29.972796300876816,28.815644687548552,29.442072828233332,231000
2022-08-10,30.590526580810547,31.23435596400803,30.138106561064046,30.451320676190896,227700
2022-08-11,30.886335372924805,31.408356615035995,30.259907227247282,30.89503428875694,164400
2022-08-12,31.055994033813477,31.42837137396711,30.581825101808718,31.103846370667387,130800
2022-08-15,30.538318634033203,30.860234937788043,29.777035729007434,30.56442201907797,141200
2022-08-16,30.790630340576172,31.060343193209523,29.703083333243416,30.529619722602327,107600
2022-08-17,30.703622817993164,30.96028227609225,30.13809714035214,30.399107715059717,91300
2022-08-18,31.060348510742188,31.33005809061975,30.164207366408153,30.755833305197957,144800
2022-08-19,30.407821655273438,30.642732258629582,30.007605065376655,30.57312764181407,132000
2022-08-22,29.08536148071289,29.99890043032667,28.819999708448954,29.58998163655657,154600
2022-08-23,29.398574829101562,29.929298359830362,28.91135251980798,29.08536072447929,223200
2022-08-24,30.99073600769043,31.21694762495528,29.337666685733247,29.337666685733247,223500
2022-08-25,32.26100158691406,32.28710165753735,30.620978558184408,31.25175460373849,176300
2022-08-26,31.895593643188477,33.05274580152411,31.62153286202398,32.017398434817146,239400
2022-08-29,31.678071975708008,32.36540254334955,31.11254615292843,31.504063774935034,180500
2022-08-30,30.71232795715332,32.41760093106449,30.503520782637363,32.026086649114525,174700
2022-08-31,26.892864227294922,30.829786008740744,25.47905301457785,30.40781720807018,1305500
2022-09-01,24.352352142333984,26.77975783465071,23.939083951841546,26.77975783465071,642200
2022-09-02,25.152788162231445,25.631308202777596,24.421956408312337,24.665567546107077,263100
2022-09-06,24.317554473876953,25.309396924726563,24.134845693240578,25.196291093983756,346600
2022-09-07,25.074487686157227,25.23109474665089,24.15224813592993,24.247952819446127,168000
2022-09-08,25.874921798706055,26.005427125847174,24.452409916097746,25.030985801025906,325800
2022-09-09,26.15401840209961,26.460124098520968,25.676854953188503,25.910935880875776,179000
2022-09-12,26.15401840209961,26.87426780664643,25.883925948648265,26.12701018707804,180700
2022-09-13,25.568817138671875,26.118007077758378,25.30772799394951,25.316731304761444,185700
2022-09-14,25.145668029785156,26.15401464729913,24.78554423781588,25.5598099612484,117200
2022-09-15,24.07430076599121,25.44277303591886,23.96626447569506,25.019627750714836,137700
2022-09-16,22.867881774902344,23.867226779186158,22.300687029112346,23.741183883945194,446500
2022-09-19,23.20100212097168,23.691671414779016,22.552777458499747,22.552777458499747,115000
2022-09-20,21.661466598510742,22.91289915608039,21.517417079499314,22.76884963706896,185400
2022-09-21,21.994583129882812,22.28268218028918,21.34635854926269,21.976576509930965,246700
2022-09-22,23.273021697998047,23.624142166994265,22.318693256733212,22.525764214489666,263100
2022-09-23,23.84922218322754,23.89423873334961,21.913555175329392,22.46274506637803,256700
2022-09-26,22.975923538208008,24.245361159756722,22.876888837296598,23.66916301017601,209000
2022-09-27,24.12831687927246,24.30837963754397,23.191995000995526,23.32704121109629,151100
2022-09-28,25.27171516418457,25.34373993465255,23.858227970496777,23.858227970496777,175400
2022-09-29,25.49679183959961,25.5238017714742,24.537960723125686,24.88458045475628,161300
2022-09-30,25.559812545776367,26.46012297533897,24.884579723604418,25.45177625586414,501200
2022-10-03,26.307065963745117,26.559153462258877,25.64083655753618,26.289061063084247,159200
2022-10-04,26.712209701538086,27.234389666117565,26.27105781053179,26.78423446502471,151100
2022-10-05,26.559158325195312,26.67619792834591,25.946946943285322,26.334080712269927,101400
2022-10-06,26.504772186279297,26.885483760408196,26.423191011185423,26.441320545412406,92600
2022-10-07,25.580188751220703,26.43225791041672,25.358107990272774,26.2872250827571,97600
2022-10-10,25.38076400756836,25.72521647265733,25.10882794191535,25.634572270057888,59300
2022-10-11,24.764379501342773,25.761481521936826,24.474313836208736,25.290123951630147,132700
2022-10-12,24.655601501464844,25.27199006941314,24.4652448608756,24.87315071290438,57900
2022-10-13,25.552989959716797,25.607376824625216,23.830724253580552,24.383661126158557,92900
2022-10-14,23.966693878173828,25.852122033664017,23.912305280712058,25.552991663333803,73500
2022-10-17,24.981922149658203,25.44421482966999,24.764372958286884,24.764372958286884,99500
2022-10-18,25.707090377807617,26.051542865786494,25.363543847815283,25.49860420276328,86200
2022-10-19,25.081632614135742,25.444214596430935,24.67372680347411,25.389827731318473,59600
2022-10-20,25.29012107849121,25.78867289661305,25.027249747675462,25.244798971810837,58200
2022-10-21,25.788671493530273,25.89291371636567,25.05444095697713,25.38076563988964,113500
2022-10-24,26.03341293334961,26.31260186346781,25.40795960458833,25.979026063224158,66900
2022-10-25,26.10593032836914,26.776709244087687,26.019817636654764,26.078737756736967,192800
2022-10-26,26.7857723236084,26.967064203099394,26.114995135775715,26.368803421277608,149400
2022-10-27,26.912677764892578,27.42482413419908,26.812967056671567,27.121162219420583,128100
2022-10-28,27.302452087402344,27.77834108247025,26.767642975557678,27.103030685674057,136900
2022-10-31,27.565322875976562,27.63783927643944,26.776707237058723,27.139289239373095,151900
2022-11-01,27.57438850402832,28.381133700509725,27.257128593739058,28.254230427964988,86900
2022-11-02,27.23900032043457,28.091069388603664,27.054084608726182,27.42029220010544,127100
2022-11-03,25.906511306762695,27.00966908312798,24.827828228634132,26.903613210053862,197400
2022-11-04,26.01528549194336,26.83744063466011,25.253862383862167,26.776708600024552,323600
2022-11-07,24.818763732910156,26.205641991382024,24.365535747270304,26.087803475843785,271300
2022-11-08,25.38076400756836,26.3778657965083,24.483372916200615,25.235731208696443,206900
2022-11-09,28.743715286254883,30.601949159114294,28.10013243772756,28.190778372021835,506100
2022-11-10,29.50514030456543,30.28469297016255,27.92790716846446,29.713624756876637,390800
2022-11-11,30.07621192932129,30.171389399355515,28.29502565786839,29.677372513293754,420000
2022-11-14,29.632047653198242,30.34814877765195,29.178819618661286,30.00369450320433,188600
2022-11-15,30.357213973999023,30.75605338247414,29.622983344681415,29.97650064321589,221600
2022-11-16,29.496076583862305,30.139659459733846,29.17881493588899,29.967434079077428,103100
2022-11-17,28.97939682006836,29.867724987154105,28.480846726735873,29.0156541599281,111500
2022-11-18,28.9703311920166,29.595788007519165,28.236102360166978,29.50514033824451,118600
2022-11-21,29.713624954223633,30.139660357520235,28.995713736251318,29.079108555086183,153200
2022-11-22,30.72885513305664,30.919210034365676,29.59578530451996,29.849591839598673,139100
2022-11-23,30.710725784301758,30.982661853203975,29.940236221581632,30.420660183092096,102600
2022-11-25,31.082374572753906,31.23647042060347,30.366273560399595,30.946404800535515,34100
2022-11-28,29.641111373901367,30.819503461750198,29.477949020122512,30.819503461750198,87900
2022-11-29,30.10340118408203,30.46145169825731,29.541399464878257,29.541399464878257,58900
2022-11-30,31.27273178100586,31.535604849050287,29.278527903399663,30.212179928203113,153400
2022-12-01,31.2999210357666,32.813704182753746,31.2999210357666,31.689697348339976,186200
2022-12-02,32.179176330566406,32.45111234038068,30.62007146944541,31.23646160254655,169800
2022-12-05,31.200204849243164,32.26075986102711,31.16394924768418,32.0250828905497,113000
2022-12-06,30.991729736328125,31.830204311842206,30.620082910551258,31.20021420368049,116000
2022-12-07,31.290861129760742,31.45402348427639,30.70166335424811,30.89202173975315,69900
2022-12-08,31.88912010192871,32.02508987545715,31.21381139787544,31.571861907502335,97400
2022-12-09,31.74408721923828,32.840898069341605,31.66250604687535,31.889120030344053,99200
2022-12-12,32.47831726074219,32.550831936229436,31.29539200897374,31.62624648324634,122700
2022-12-13,30.248437881469727,32.92248396130945,29.949309178494012,32.92248396130945,427600
2022-12-14,30.320951461791992,30.565694977122018,29.323847866982067,30.248433327832746,344300
2022-12-15,29.74081802368164,30.33907875321395,29.29665313064257,30.18497945886602,203800
2022-12-16,30.36627769470215,30.638213818307502,29.487014219117935,29.64111354580273,359300
2022-12-19,30.873886108398438,31.046111467331198,30.179538551834607,30.819497515014913,173900
2022-12-20,31.852855682373047,31.907244274216502,30.049010609411713,30.710722916495644,129900
2022-12-21,31.762218475341797,32.21997625711746,31.608119160141598,32.09760622086435,118200
2022-12-22,31.426822662353516,31.69422893621026,30.810435865528333,31.48121125818573,86600
2022-12-23,31.191144943237305,31.773088036442083,30.728853991819406,31.653435894655203,56900
2022-12-27,31.626249313354492,31.916314956970144,31.182087809379688,31.916314956970144,134400
2022-12-28,30.493179321289062,31.79847817579519,29.758952173484598,31.79847817579519,117300
2022-12-29,31.43589210510254,31.490280706034955,30.57022502733351,30.783242725333427,96600
2022-12-30,31.481216430664062,31.553734570355342,30.946407252934133,31.38150571751616,112400
2023-01-03,31.14582633972168,32.39673649259282,31.105034024745628,31.73502062010772,223300
2023-01-04,31.589984893798828,31.906340557135717,31.145823465041016,31.145823465041016,139200
2023-01-05,31.617183685302734,31.852860704742398,30.819501501763586,31.381503208008127,115600
2023-01-06,33.239742279052734,33.35758253582732,31.780350917452655,31.952576325157448,287700
2023-01-09,33.43916320800781,35.29739742320259,33.00406471795163,33.75642490094938,234800
2023-01-10,33.85612106323242,34.63567356572289,32.940602272216076,33.43915224585287,307700
2023-01-11,34.49971008300781,34.89854940278341,33.91504565859006,33.946771474278414,313200
2023-01-12,34.9553337097168,35.584091057790204,34.5999489705396,34.91888310156495,218100
2023-01-13,35.347171783447266,35.500260178147464,34.27190309287932,34.445038280772884,127500
2023-01-17,35.183143615722656,35.47929871380501,34.36302234043634,35.14669300879411,217600
2023-01-18,33.92563247680664,35.274273925990386,33.83450941682849,35.274273925990386,216300
2023-01-19,33.71604537963867,34.363028118870616,32.81391182512232,33.79805752095834,186500
2023-01-20,33.41533279418945,33.834507889078665,32.98705026028434,33.71604513555855,179700
2023-01-23,34.645503997802734,34.97355245742867,33.20573653080464,33.4153222742055,315800
2023-01-24,35.36539077758789,35.98503714889595,34.32656940725076,34.42680683145073,270100
2023-01-25,35.83924865722656,35.948597026364546,35.06468872918407,35.19226240586538,141200
2023-01-26,35.71166229248047,36.167284435168455,35.14213461412049,36.039710791395194,181800
2023-01-27,35.49296569824219,36.08527239952619,35.374502967536955,35.711662380644526,138400
2023-01-30,35.00089645385742,35.893915528028344,34.96444584443295,35.33805590073019,112800
2023-01-31,35.082908630371094,35.29249442063874,34.6546226594077,34.78219631642962,141200
2023-02-01,36.16728591918945,36.44977291065064,34.77308321771586,35.06468112291137,217400
2023-02-02,35.49296569824219,37.299050458058765,34.90976991034117,37.12409380736111,172800
2023-02-03,34.45415115356445,36.162734360825795,34.30835219225634,35.33805583569175,181600
2023-02-06,33.17840576171875,34.317461168913326,32.485861603637794,34.171662215837266,282800
2023-02-07,29.332956314086914,31.765980696999733,27.625285526804284,31.765980696999733,1149200
2023-02-08,28.613073348999023,29.332955509548935,28.08728564461285,29.077808194039932,418400
2023-02-09,26.909048080444336,28.62218680824469,26.83614859709242,28.585737935599123,460600
2023-02-10,26.836145401000977,27.501353324620837,26.252947865581685,26.827032749409675,369100
2023-02-13,26.63567543029785,27.2826599075304,26.599226555304114,26.836150325976533,342200
2023-02-14,27.738277435302734,27.81117691098043,26.480759307286725,26.480759307286725,304300
2023-02-15,29.168933868408203,29.287396622469792,27.31910871217171,27.464907687892985,366000
2023-02-16,29.260059356689453,29.483313269894385,28.385263795517268,28.64041286295516,211300
2023-02-17,29.533430099487305,29.752130279312354,28.87733477419431,29.150707391884545,197700
2023-02-21,28.558401107788086,29.405858721580795,28.08911077376645,29.168933218734608,351200
2023-02-22,28.43082618713379,28.977571440760354,27.975203983737803,28.53106188999958,242500
2023-02-23,27.264434814453125,28.813551120184915,27.209760632504036,28.558402040987648,185100
2023-02-24,27.17330551147461,27.200643466944605,26.435198094390902,26.991057689189827,192500
2023-02-27,27.06395721435547,27.537802943596002,26.881707653682522,27.282655644326628,167200
2023-02-28,26.70857048034668,27.273542722389227,26.64934085106607,27.118631118769546,185000
2023-03-01,26.817922592163086,27.282657438181186,26.59011149537347,27.009283079197207,174200
2023-03-02,26.5172119140625,26.73591035758965,26.426087128077672,26.553660785619993,127000
2023-03-03,26.909048080444336,27.09129591979373,26.334963128244834,26.608337494360097,124100
2023-03-06,26.498991012573242,27.155086452177635,26.06159405283698,27.155086452177635,180000
2023-03-07,25.624191284179688,26.571884482102615,25.5285093087536,26.553659178396632,215300
2023-03-08,25.760879516601562,26.052477445509698,25.615080552147493,25.715316253921692,133800
2023-03-09,25.42371940612793,25.87934162393689,25.378157879571365,25.678868473802847,177300
2023-03-10,25.25969123840332,25.87478218052793,24.694720748667265,25.341703364019935,244000
2023-03-13,25.24146842956543,26.052475320446092,24.94986878638191,24.94986878638191,278500
2023-03-14,25.496620178222656,26.189166192811108,24.895198959407065,25.69709507653513,377500
2023-03-15,26.161823272705078,26.20738653098374,24.813182112747256,25.159455923422737,272200
2023-03-16,27.52869415283203,27.72916904530228,25.97046696896344,26.088927983373335,311900
2023-03-17,27.168752670288086,27.665380945078972,27.073070685961547,27.255320263853182,385900
2023-03-20,27.136857986450195,27.51958069168499,26.27117513901937,27.40111795017431,299800
2023-03-21,27.30088233947754,27.537806100286964,26.69946115360008,27.20064663387184,219800
2023-03-22,27.947866439819336,28.27591498730322,27.07307089254924,27.291771082912362,394600
2023-03-23,28.603960037231445,28.913783260117004,27.911414111843765,28.093663679915515,257600
2023-03-24,29.642780303955078,29.67012000071778,27.89319266049461,28.485501194548725,389700
2023-03-27,30.262426376342773,30.35355290408322,28.9593483147488,29.733906419934588,320700
2023-03-28,30.745384216308594,30.82283914755165,30.15307403076737,30.15307403076737,161400
2023-03-29,30.371776580810547,31.018759250523203,30.020945551037496,30.809173462142542,193800
2023-03-30,31.6839656829834,31.720416290350972,30.599586184707434,30.763606965619026,308500
2023-03-31,31.57461929321289,32.193351532423065,31.242013563589317,31.9117787419486,218500
2023-04-03,32.212486267089844,32.23071157115936,31.09165613772448,31.547278311098435,165700
2023-04-04,32.34917449951172,32.467637238598556,31.633847822158916,32.21248645624834,332700
2023-04-05,32.23982620239258,32.36739985571206,31.611065373716063,32.36739985571206,137000
2023-04-06,32.60432052612305,32.640771133045554,31.647514689195084,32.22159958180034,147800
2023-04-10,33.0326042175293,33.10550542640949,32.33094572460174,32.440294061801076,132500
2023-04-11,32.9870491027832,34.171666168051324,32.95970940608605,33.13284807272202,223800
2023-04-12,32.60432052612305,33.260417546243346,32.57698430899177,33.260417546243346,207500
2023-04-13,32.7501220703125,33.260420179261054,32.203376827677346,32.604323107201694,238900
2023-04-14,32.722625732421875,33.144142905884934,32.35609042767823,32.68597115327559,142700
2023-04-17,32.73179626464844,33.14414811028723,32.23696985519356,32.55768873415119,113100
2023-04-18,32.93339157104492,33.07084452532392,32.2461337907976,32.91506427743613,238400
2023-04-19,32.8967399597168,33.391562897041815,32.438568113456526,32.942556445228064,131400
2023-04-20,32.56686019897461,33.18997427616768,32.40650072960307,32.860089941703784,194100
2023-04-21,32.91505813598633,32.99752919405111,32.4752136581652,32.4752136581652,127500
2023-04-24,32.713470458984375,33.272440669635294,32.67681587241656,32.96088367495644,136800
2023-04-25,32.68597412109375,33.04335105685949,32.40190984585028,32.42939903491941,171000
2023-04-26,32.649330139160156,32.90590528116896,32.43857148742805,32.55769366303262,162200
2023-04-27,32.516456604003906,32.99845428285047,32.356097156357364,32.75928712409349,115100
2023-04-28,32.80509948730469,32.9150597382193,32.530197112231484,32.75928300738804,99500
2023-05-01,32.750125885009766,33.217459641219946,32.64932751715149,32.731798591256094,118600
2023-05-02,32.53019714355469,32.75470034226375,32.01246427840874,32.74095574783286,171500
2023-05-03,31.9345703125,32.67680982300649,31.86126464850912,32.5301949994516,143200
2023-05-04,32.0536994934082,32.562270483507106,31.636764962897193,31.76046981387396,150000
2023-05-05,33.26327133178711,33.290764016240544,32.41107152077103,32.41107152077103,135700
2023-05-08,33.593162536621094,34.16129469641451,33.13499065069033,33.13499065069033,120500
2023-05-09,33.49235916137695,33.84973261974843,33.43738078044199,33.529013745715964,197100
2023-05-10,34.82106018066406,35.12345527589787,33.15331494639395,34.36288833618164,505300
2023-05-11,34.2437629699707,34.73858940517052,32.69331170014792,34.61946374582824,205500
2023-05-12,34.21627426147461,34.811899071034446,34.10173129775724,34.50950396894516,144400
2023-05-15,33.65730285644531,34.45452087714139,33.03418887607462,34.45452087714139,232400
2023-05-16,33.00669860839844,34.078818998292334,32.960882125129864,33.593157983612905,177800
2023-05-17,33.336585998535156,33.42821897364196,32.933392518687775,33.25411492270946,175400
2023-05-18,33.978031158447266,34.18878982151695,32.98837813647727,33.32742437745247,153700
2023-05-19,34.04216766357422,34.59197244998023,33.75351717947352,34.262088179907195,156700
2023-05-22,34.18879318237305,34.47285756263837,33.94595910538137,34.042178293843456,109300
2023-05-23,33.89555740356445,34.39038038000134,33.83599282167529,34.13380524439895,278600
2023-05-24,33.08000564575195,33.84973448133514,32.960883483459305,33.84973448133514,129200
2023-05-25,31.85210418701172,33.153314006136696,31.7787985116719,33.153314006136696,105000
2023-05-26,32.539363861083984,32.81426977271461,31.73298390672736,31.769634998780752,144500
2023-05-30,32.12701416015625,32.795944699565766,32.01247118774556,32.63100253964845,78500
2023-05-31,31.036556243896484,31.870428766388812,30.124795355620012,31.870428766388812,222400
2023-06-01,31.595523834228516,32.01704101027649,30.9907372568983,31.146517471438777,91000
2023-06-02,32.16365432739258,32.43856016424085,31.604687748214307,32.026204904541366,115800
2023-06-05,33.1624755859375,33.74893846088694,32.82342941265591,33.199130171041894,203600
2023-06-06,34.17046356201172,34.637797395071,32.94164680268629,33.16248321324895,322700
2023-06-07,34.68360900878906,35.73740570340098,34.234602535678,34.234602535678,307100
2023-06-08,34.71567916870117,35.18301640827196,34.36288838599079,34.68360727936387,132600
2023-06-09,34.142967224121094,34.56448801362372,33.68479534057072,34.42703505032899,95400
2023-06-12,34.01467514038086,34.36288670441285,33.758100038238126,34.21627186096363,95800
2023-06-13,34.20710372924805,34.69276465425504,34.042161623477185,34.042161623477185,112700
2023-06-14,33.78559494018555,34.573651167779396,33.3457503354859,34.24376684036111,102100
2023-06-15,33.08000564575195,33.96886013920154,32.69972567293503,33.565670176019395,196200
2023-06-16,32.97004318237305,34.54615533473,32.896737510128325,33.354909322271766,268500
2023-06-20,33.69396209716797,33.85890426155652,32.7226364063881,32.92423316187948,167400
2023-06-21,34.82106018066406,35.04098420406808,33.69395786270616,33.69395786270616,211700
2023-06-22,34.57364273071289,34.821055915899926,34.0238379829017,34.821055915899926,101500
2023-06-23,33.0250244140625,34.408701721693824,32.750122031253284,34.133799338884614,575600
2023-06-26,33.1533088684082,33.89554837880174,33.07083781169781,33.07083781169781,169700
2023-06-27,32.860084533691406,33.318256368248015,32.54852754636997,33.318256368248015,132900
2023-06-28,32.786773681640625,33.07084146291096,32.57601506801689,32.86924474745631,99800
2023-06-29,33.574825286865234,33.675623631175405,32.823423896373285,32.823423896373285,119100
2023-06-30,34.30332946777344,34.42703433571165,33.474035998770916,33.65730544750168,288200
2023-07-03,34.509498596191406,34.692768008720904,34.20252434015914,34.307901892851625,53200
2023-07-05,33.51985168457031,34.417868023071996,33.37323334792657,34.417868023071996,111900
2023-07-06,33.10749816894531,33.36407328100804,32.75928659145037,33.290767604236,86600
2023-07-07,33.574825286865234,33.88638221674529,33.180797302147134,33.180797302147134,154000
2023-07-10,34.115474700927734,34.115474700927734,33.34574587184523,33.51068801347532,93800
2023-07-11,35.0684700012207,35.08679729269461,34.02383885622196,34.13379910949198,98100
2023-07-12,35.87485885620117,36.067290202861734,35.30672322000242,35.407521590798126,167800
2023-07-13,36.49797058105469,36.51629437861446,35.6915871610488,35.96648956690402,180400
2023-07-14,36.484153747558594,36.60387707406396,35.7888218308201,36.4335002197238,128700
2023-07-17,37.207115173339844,37.29921058431151,36.17562830174057,36.34140285206136,111500
2023-07-18,37.464988708496094,37.5819506644946,36.71900316089143,37.243954782578584,140500
2023-07-19,37.63996505737305,37.82415937900822,36.94923898615198,37.336047412907305,131500
2023-07-20,37.400516510009766,37.64917832794942,36.91240452287709,37.63075854367078,168600
2023-07-21,37.37289047241211,37.57550108325195,36.76504810024819,37.57550108325195,211300
2023-07-24,37.88862609863281,38.45041718731629,37.29920709188766,37.33604665811283,142400
2023-07-25,38.05440139770508,38.50567730999073,37.842579157477765,37.88862685957684,104500
2023-07-26,38.57014465332031,38.68065984059339,38.054401257355195,38.054401257355195,169000
2023-07-27,36.64532470703125,38.781970602504714,36.56243743034414,38.57014834279651,197700
2023-07-28,37.34525680541992,37.520242997811465,36.91700648631552,36.949240230195876,126800
2023-07-31,37.566287994384766,37.759690443729994,37.068964399027614,37.068964399027614,96200
2023-08-01,37.40972900390625,37.77351188105839,37.01371237881481,37.32684172160304,101100
2023-08-02,36.29535675048828,37.28079244693396,36.12037405662363,37.28079244693396,133100
2023-08-03,35.788818359375,36.203254677271765,35.52450168598066,35.97301266879737,100800
2023-08-04,35.705936431884766,36.70979187938333,35.632257291819116,36.046693671651504,179900
2023-08-07,35.49411392211914,35.98222592533833,34.98758213401426,35.70593617848246,148500
2023-08-08,34.738914489746094,35.36517301811372,34.68365514434395,35.36517301811372,145000
2023-08-09,34.407371520996094,34.692869406298094,34.103450337425194,34.64682170027017,131500
2023-08-10,33.642967224121094,34.62380060564712,33.47719266705232,34.407372516517626,193900
2023-08-11,33.624549865722656,34.540915820449264,33.35747173846827,33.63376151578857,159800
2023-08-14,33.154850006103516,33.54165490316518,32.93381612691519,33.54165490316518,130200
2023-08-15,32.14178466796875,33.13090199722927,32.09573345730765,32.99828519069623,163600
2023-08-16,32.1510009765625,32.427290744705154,32.00825202421871,32.22468012178188,171200
2023-08-17,32.22467803955078,32.33058741244143,31.9575964252108,32.13257911397763,84100
2023-08-18,32.12337112426758,32.32598173502133,31.69051495514014,32.03127219827515,223800
2023-08-21,31.976015090942383,32.252304831560224,31.68130556585473,32.08653028454658,105200
2023-08-22,31.874706268310547,32.26151118111821,31.672092163574458,32.24309139766816,119100
2023-08-23,31.943788528442383,32.31677958647644,31.561585819495004,31.874715199454293,305600
2023-08-24,30.962949752807617,32.0496925046881,30.935321831167983,31.782610884788777,285000
2023-08-25,31.027416229248047,31.211610564980965,30.58535193141789,31.045836014142814,206800
2023-08-28,31.46027183532715,31.506319540143018,31.096488994816827,31.1195146038321,170900
2023-08-29,32.16941452026367,32.243090137970995,31.46026869460727,31.46026869460727,227400
2023-08-30,31.976015090942383,32.34440024069462,31.510925194419972,32.08653028454658,183600
2023-08-31,31.42342758178711,32.15559897810637,31.24844492428622,31.87470345342457,327600
2023-09-01,34.85865020751953,36.00986063066371,32.37203850410043,33.15486018655231,664000
2023-09-05,33.75348663330078,34.97837253775943,33.15485588563528,34.78497005493147,335900
2023-09-06,32.97065734863281,34.07581977366484,32.924609646176165,34.07581977366484,309100
2023-09-07,32.65753173828125,33.16406354888697,32.26151512868416,32.97066106881813,228500
2023-09-08,33.40351486206055,33.827159363322956,32.510174641960326,33.15485304265488,220100
2023-09-11,33.52663803100586,34.227475303687385,33.024683105626956,33.74446602726223,189600
2023-09-12,32.721614837646484,33.479278151208206,32.64585031270214,33.33721831212869,168700
2023-09-13,32.57008361816406,33.10991897879919,31.90712683461206,32.645851759289464,366000
2023-09-14,32.03025436401367,33.204635485583395,31.65142081181066,32.99627667058929,255700
2023-09-15,30.00349998474121,31.98289767862428,29.904057000728017,31.98289767862428,569000
2023-09-18,30.794307708740234,30.950576786407524,29.709902408127878,30.117145318339038,305500
2023-09-19,30.183443069458008,31.092640889358602,29.99402633010858,30.73274944587707,215100
2023-09-20,29.56783676147461,30.723273703811326,29.217418175295812,30.429681217887254,466200
2023-09-21,29.425779342651367,30.192913741962496,28.81017761958905,29.19848032827814,350800
2023-09-22,29.018535614013672,29.876590371686675,28.810178628478198,29.586784073051934,322200
2023-09-25,28.611289978027344,28.67758710478639,26.414064356406328,27.938863950036428,701300
2023-09-26,27.768390655517578,28.772295142942387,27.43691223043604,28.554467134556152,489100
2023-09-27,27.465322494506836,28.232456858385657,27.219081455372862,27.83468315000184,427100
2023-09-28,28.166162490844727,28.166162490844727,27.389557083157676,27.408499119055403,260000
2023-09-29,27.777860641479492,28.573408109536203,27.7020943019699,28.33663807276723,205300
2023-10-02,26.916017532348633,27.777860311434683,26.64609983815201,27.777860311434683,326900
2023-10-03,26.556127548217773,27.171729267632276,26.513508870374586,26.830779844886777,371600
2023-10-04,26.736068725585938,26.988939280632586,26.37617911018866,26.556124821093196,382200
2023-10-05,27.05807876586914,27.105433855762694,26.442477048548742,26.745542398219587,349700
2023-10-06,27.601720809936523,27.678021277047854,26.32368662146177,27.306054908126818,234300
2023-10-09,27.391895294189453,27.887849278609288,27.239294348082854,27.63987228639937,277900
2023-10-10,28.11674690246582,28.14536025817851,27.401429381967322,27.4586560933927,243300
2023-10-11,28.441022872924805,28.584086005896264,28.02136943961495,28.107207683227113,192500
2023-10-12,28.441022872924805,28.565012255540786,28.07859614812068,28.441022872924805,179300
2023-10-13,29.156341552734375,29.8907346363601,28.631776103942578,28.631776103942578,367500
2023-10-16,28.545936584472656,29.499693226417502,28.431484987014848,29.328016739804,218900
2023-10-17,28.69853973388672,28.89882777108369,28.398105858944696,28.402875661247425,180800
2023-10-18,28.36472511291504,29.022817770175777,28.231199751989845,28.536401616474066,202900
2023-10-19,27.916460037231445,28.412413975443673,27.754321319706165,28.183510758463722,181000
2023-10-20,27.62079429626465,28.28842474141703,27.534957863344623,27.992760661602283,219400
2023-10-23,27.534955978393555,27.811544467893253,27.01325023363937,27.401428807015936,176400
2023-10-24,26.943628311157227,27.781980221744536,26.872095826920276,27.573107623514478,134300
2023-10-25,26.7814884185791,27.229753418634065,26.6098119192378,26.810101774851507,323900
2023-10-26,26.82917594909668,27.01039023671613,26.39044872755616,26.781488840371523,274400
2023-10-27,26.457212448120117,27.086691767614905,26.266462186569775,27.086691767614905,160800
2023-10-30,25.999408721923828,26.74333962747062,25.75143175340823,26.51443641103576,220200
2023-10-31,25.82773208618164,26.266461126418363,25.713280478553532,26.056633482291264,236600
2023-11-01,24.8262882232666,25.889726754056095,24.335102272543022,25.82773205752854,434100
2023-11-02,25.589292526245117,25.684668561334252,25.16963906334085,25.20779020503513,394500
2023-11-03,26.01848602294922,26.314150120043323,25.760971251699488,26.07571092128914,196600
2023-11-06,25.923105239868164,26.6574982743507,25.923105239868164,25.961254558737362,635800
2023-11-07,25.131486892700195,26.018480825959056,24.431428438947968,25.98032968858836,457300
2023-11-08,23.424264907836914,24.99796315713368,22.06993027104739,22.680335818612956,1023400
2023-11-09,23.195362091064453,24.249262782440155,23.13813719981167,23.605477753193476,367500
2023-11-10,23.424264907836914,23.662704091643896,23.17628793838006,23.22397686662942,399300
2023-11-13,23.576866149902344,23.624555078778663,23.128601133344738,23.367040320286435,382300
2023-11-14,25.08380126953125,25.179177306353687,23.710392888215907,23.710392888215907,614000
2023-11-15,24.67368507385254,25.42715187339343,24.425708129188855,25.093336685609763,368100
2023-11-16,24.883512496948242,25.112413887096036,24.292182541373197,24.51154796535139,306500
2023-11-17,25.303165435791016,25.350852542246432,24.826287094650827,25.21732718885406,306800
2023-11-20,25.70374298095703,25.904031008441773,25.1601001510417,25.18871350603087,177600
2023-11-21,26.74810791015625,27.325130302643647,26.066171693890553,26.581201207914972,388500
2023-11-22,26.543048858642578,26.810101389237605,26.304609683908403,26.781488033376753,256000
2023-11-24,26.53351402282715,27.000854638958238,26.476289123890844,26.72426611147715,75200
2023-11-27,26.80056381225586,26.93408916901792,26.41906149354529,26.533511279585184,184900
2023-11-28,27.296518325805664,27.78293265570245,26.457211387365355,26.810102176762285,292000
2023-11-29,27.25836753845215,27.716170336754953,27.086691034301943,27.391892899837146,274100
2023-11-30,27.334667205810547,27.71616952657778,27.10576581335021,27.38235431372649,249700
2023-12-01,28.43148422241211,28.517322463410427,27.191601348886326,27.372815615343484,402000
2023-12-04,29.137269973754883,29.142039776552586,28.10244470255797,28.250277663791852,298600
2023-12-05,28.173973083496094,29.16587908062448,28.059521481946497,29.089578619306913,281100
2023-12-06,27.98322105407715,28.87021505492066,27.84015791632902,28.374261146190406,206400
2023-12-07,28.04998207092285,28.383797252016976,27.84015626924908,28.183507415701946,181800
2023-12-08,28.183509826660156,28.522094838544295,27.973684007036834,28.040446685137592,230200
2023-12-11,27.410966873168945,28.29319289714142,27.363279766639195,28.040446138923514,231500
2023-12-12,26.60980987548828,27.315589570348237,26.590734306105098,27.315589570348237,360600
2023-12-13,28.669925689697266,28.669925689697266,26.485823808113754,26.70518741096581,321700
2023-12-14,28.841602325439453,29.614144741357094,28.78437743292799,29.06096592935551,256500
2023-12-15,28.43148422241211,29.299402597709435,28.383797119255878,29.20402839139697,271100
2023-12-18,27.811546325683594,28.8225279582803,27.792470754334484,28.65085327357817,200400
2023-12-19,28.746227264404297,28.994204232539253,28.107210182442152,28.240737361681955,230200
2023-12-20,28.507787704467773,29.328019063659628,28.460100596250534,28.77484024026541,228000
2023-12-21,29.404319763183594,29.575996264771565,28.76530268457647,28.99420408031157,223100
2023-12-22,29.452009201049805,29.900276061569677,29.184958461145268,29.575998603845537,187400
2023-12-26,29.642759323120117,29.8525851504376,29.29940631555823,29.3900143698574,169200
2023-12-27,30.119638442993164,30.215014482933196,29.536893003744094,29.69044717283635,139600
2023-12-28,30.110097885131836,30.338999268427127,29.952728979992912,30.091022315070607,137300
2023-12-29,28.85114097595215,30.062412455174083,28.68900225968507,30.062412455174083,180400
2024-01-02,28.069061279296875,29.50923418166625,27.968917257728133,28.69854058508129,315900
2024-01-03,27.201143264770508,28.49825122292324,27.17539142473044,27.782933652056077,316300
2024-01-04,27.916460037231445,28.183510758463722,27.15345355864034,27.277442952766698,262100
2024-01-05,27.8020076751709,28.44102474231515,27.504435320309227,27.70663164053884,174600
2024-01-08,27.964149475097656,28.030912160965666,26.94362997592265,27.639872013041536,203500
2024-01-09,27.363283157348633,27.916462029714616,27.13438174317789,27.773398873251242,219200
2024-01-10,27.172531127929688,27.35851341364804,26.59073889535701,27.162993341591985,327500
2024-01-11,26.31414794921875,27.296518021936727,26.295072378296872,27.08669038008919,195700
2024-01-12,27.50543975830078,28.269212980352183,26.7464711671192,26.7464711671192,336900
2024-01-16,27.46701431274414,27.53426449145568,26.948224078518066,27.08272626837109,237800
2024-01-17,27.255653381347656,27.313296123625268,26.631183315692866,26.90018583370462,188200
2024-01-18,27.130760192871094,27.448758235482277,26.80411491382843,27.303690262061895,176100
2024-01-19,26.30453872680664,27.26525967396061,26.20846809803507,27.26525967396061,253600
2024-01-22,26.727258682250977,26.804116291126142,26.323755777548865,26.41022081658717,235300
2024-01-23,27.05390167236328,27.274867049993496,26.477468738712034,27.025079384330297,169800
2024-01-24,26.70804214477539,27.495834876813305,26.621577111166715,27.495834876813305,120900
2024-01-25,26.170040130615234,27.03468867438829,26.093182523000515,27.03468867438829,145700
2024-01-26,25.929859161376953,26.50629211877664,25.910644301896664,26.410219653805047,189200
2024-01-29,27.101938247680664,27.121153107263368,25.7185013414635,25.891431412848114,201400
2024-01-30,26.083572387695312,27.02507844143327,26.083572387695312,27.01547284485386,141300
2024-01-31,25.910642623901367,27.0154731508801,25.82417759426947,25.843392452505388,180400
2024-02-01,26.74647331237793,26.74647331237793,25.910645219678027,25.94907493999983,190900
2024-02-02,26.131610870361328,26.45825614367308,25.920251086200892,26.45825614367308,160000
2024-02-05,25.61281967163086,25.958679790437525,25.065209038473466,25.901035215683255,287700
2024-02-06,26.04514503479004,26.948221390892765,25.800160171139698,26.43904047004181,286300
2024-02-07,25.151676177978516,25.526356783161987,23.720202101906136,24.978746104069252,682300
2024-02-08,25.305391311645508,25.64164402846436,24.901888417948864,24.978746024727755,282500
2024-02-09,25.430282592773438,25.910643062219002,25.084424300824875,25.459104880614888,243300
2024-02-12,26.352577209472656,26.53031008062534,25.257355860576297,25.257355860576297,215400
2024-02-13,24.96913719177246,25.82514027383225,24.786599698768452,25.67046304327499,319400
2024-02-14,25.02678108215332,25.199711153719164,24.6809227714515,25.18049629411632,213800
2024-02-15,25.507143020629883,25.52059305662679,24.652101876660744,25.055604788997975,236800
2024-02-16,24.87306785583496,25.382250681379706,24.680924741757146,25.382250681379706,303600
2024-02-20,24.44074249267578,24.765465556860132,24.253402192860587,24.70974319705458,230100
2024-02-21,23.98920440673828,24.320654347932116,23.614523776620047,24.238992104293775,305700
2024-02-22,23.528057098388672,24.027632458772324,23.49923480867927,24.01802502886919,241000
2024-02-23,24.33506202697754,24.38309734236778,23.26866116695985,23.595306442416984,232900
2024-02-26,24.21017074584961,24.238991204062156,23.893132878501984,24.21977634363383,161300
2024-02-27,24.70974349975586,24.997960899673714,24.296635008337745,24.363885185256276,216800
2024-02-28,24.48877716064453,24.834637294177544,24.181346745250657,24.498384590179317,204200
2024-02-29,24.680925369262695,25.17089334612795,23.998812441004382,25.007570687172866,625900
2024-03-01,25.94907569885254,25.94907569885254,24.440743948280925,25.026782540887044,550500
2024-03-04,26.30453872680664,26.927086589556012,26.064358490018147,26.20846809803507,285700
2024-03-05,26.66000747680664,27.27486832412841,25.901037015017703,26.333362193559488,347900
2024-03-06,26.977046966552734,27.121154757330896,26.439043692513614,26.727259274069937,238700
2024-03-07,27.03468894958496,27.385351902423515,26.909796023100924,27.24604874699938,167800
2024-03-08,27.390155792236328,27.66876392797258,26.981848269830433,27.370940932549722,253300
2024-03-11,27.390155792236328,27.931041448648084,27.25565543928985,27.57269329439931,174500
2024-03-12,26.87136459350586,27.390154791510405,26.761843928639387,27.390154791510405,119900
2024-03-13,27.46701431274414,27.62072953049336,26.804116290931916,26.804116290931916,158200
2024-03-14,26.66961669921875,27.4381928100314,26.371793685332598,27.274870157429962,138500
2024-03-15,26.679224014282227,27.08848992111583,26.006718545906946,26.496686501592368,348200
2024-03-18,26.487079620361328,26.933815064735956,26.32375696507996,26.708045026791996,171900
2024-03-19,26.371793746948242,27.05966964259723,25.93946853833729,26.179648802581152,138400
2024-03-20,27.64954948425293,27.822477715283767,26.24689595029548,26.32375355267467,273400
2024-03-21,27.6207275390625,27.95698024080661,27.342117581710866,27.793657604669747,175600
2024-03-22,26.996259689331055,27.48622760511769,26.660006982524955,27.48622760511769,201900
2024-03-25,27.294082641601562,27.851300731526955,27.053902398833205,27.053902398833205,250600
2024-03-26,27.217226028442383,27.6591586440945,26.775295245220164,27.6591586440945,192900
2024-03-27,28.869665145874023,28.869665145874023,27.418978057012733,27.56308583967241,350000
2024-03-28,29.484527587890625,29.83038589696806,28.62948466387869,28.98495223514228,410900
2024-04-01,29.878421783447266,30.18585219294106,29.54216908590226,29.820779039774624,332300
2024-04-02,29.455705642700195,29.92165591295929,29.30199042966356,29.849601105160296,196600
2024-04-03,30.426034927368164,30.59896500501331,29.215526216282086,29.4460990423323,264900
2024-04-04,29.513347625732422,31.165787039329178,29.446097450822936,30.57014106233388,378800
2024-04-05,31.44439697265625,32.587653609946024,29.436489994653417,29.436489994653417,614900
2024-04-08,37.50654602050781,38.00612134434038,33.63483817702029,33.740518065792884,1758300
2024-04-09,36.25761032104492,38.8035186435267,35.753230355578935,37.89083300665755,1178000
2024-04-10,38.227088928222656,39.18780991461764,35.2392460741567,35.42178174222225,1262700
2024-04-11,38.47687530517578,39.370346128089345,38.034944524878256,38.91880608547331,948400
2024-04-12,39.0725212097168,40.81142753456466,38.55373465635326,38.909200399272294,1160000
2024-04-15,37.52777099609375,39.36216317810442,36.97745407808478,39.26561408891002,668900
2024-04-16,36.205081939697266,37.91396224920754,36.1857721207062,37.325025660379715,926000
2024-04-17,35.490631103515625,36.58161186755891,35.297540291872835,36.03129495184043,744800
2024-04-18,35.60649490356445,36.475414724288484,35.500292732782576,35.59683815187247,400800
2024-04-19,36.66850662231445,36.76505571746925,35.34581532395057,35.47132730616611,358400
2024-04-22,35.92509078979492,36.30162300763449,35.64510397238618,36.205077607203656,345600
2024-04-23,36.436790466308594,37.122272361423654,35.72234200568768,35.857507034812244,420400
2024-04-24,36.90021896362305,36.99676437108624,35.60649061557168,36.185770426293274,298800
2024-04-25,37.209171295166016,37.845415666285746,36.3016281963264,36.63954451207551,423100
2024-04-26,38.7346076965332,38.83115678749183,37.17054925271581,37.17054925271581,547600
2024-04-29,39.63248825073242,40.18280509915874,38.80218460350094,38.80218460350094,645100
2024-04-30,38.68633270263672,39.5455993049654,38.444965513983895,39.34285175041008,594700
2024-05-01,39.3718147277832,39.98006107586135,38.049123562063706,38.61875027595285,505800
2024-05-02,39.931793212890625,40.33728837209329,39.00494397788041,39.6518063555527,474600
2024-05-03,39.89317321777344,40.50141963411723,39.67111582072095,40.28901530520987,333400
2024-05-06,39.73869705200195,40.92622327562276,39.729043984171305,40.35659651636029,397800
2024-05-07,38.9470100402832,40.665543259587615,38.93735697316207,39.864206101575384,501200
2024-05-08,36.83263397216797,37.25743889268246,33.79140596236659,33.96519063052501,1496200
2024-05-09,39.44905471801758,40.00902469212054,36.81332540541057,36.880907924992464,669200
2024-05-10,35.8768196105957,39.680765266593255,35.596832781316785,39.41043518754939,840200
2024-05-13,35.838199615478516,36.958143238369374,35.674071692842865,36.04095085569518,389500
2024-05-14,38.4256591796875,38.50289845488316,36.06991653079016,36.10853616838799,573400
2024-05-15,36.011985778808594,37.57604421553785,35.77061857696273,36.82297972432954,663300
2024-05-16,35.80923843383789,36.10853509184075,35.316850959545434,36.01198600072471,463500
2024-05-17,37.43122863769531,37.614666397644264,36.31128489264747,36.504379403787745,494600
2024-05-20,37.923614501953125,38.2518740518018,37.1029674688171,37.653284407832324,346600
2024-05-21,37.32502365112305,38.26152956543401,37.170548790481455,38.02016236549582,236400
2024-05-22,37.87534713745117,38.782886640657104,37.3829595847368,37.7401820713324,342200
2024-05-23,37.054691314697266,38.47392785969583,37.045034564822515,37.865685204541144,295000
2024-05-24,36.68781661987305,37.8386567955129,36.62023409442152,37.305716099984956,266700
2024-05-28,38.09739685058594,38.7973639199102,36.72643296248229,37.06434555941739,294700
2024-05-29,37.122276306152344,38.078088361084106,36.82297965059316,37.74017575236504,207300
2024-05-30,36.68781661987305,37.65328547829076,36.53334174984507,37.38295537648465,168800
2024-05-31,36.6298828125,37.21881933547081,36.27266040853955,37.17054663487686,279900
2024-06-03,35.7706184387207,37.180202008139865,35.59683375942561,37.180202008139865,309800
2024-06-04,34.01829147338867,36.18576775263884,33.994153281820765,35.69338031820359,619100
2024-06-05,34.25482940673828,34.747220511559185,33.50176499109555,34.15828400887619,526000
2024-06-06,34.872737884521484,34.882394636608,33.89761585317661,34.01347109741213,453700
2024-06-07,33.83002471923828,34.843766135243754,33.7431323874109,34.31275907761906,313000
2024-06-10,34.0810432434082,34.4093027378432,33.60796565855731,33.830023010238236,165600
2024-06-11,33.154197692871094,33.752787298745844,32.84524798126019,33.743134231557846,503100
2024-06-12,32.85490036010742,34.19690133235821,32.68111569059585,34.04242647978915,294600
2024-06-13,32.30458450317383,32.79697564356396,32.10666531836804,32.719736373318014,350500
2024-06-14,31.426010131835938,32.512162581205644,31.276363639584723,32.19838447034901,309900
2024-06-17,31.483938217163086,31.778406496360912,31.10740597372225,31.454975331658776,216700
2024-06-18,32.25631332397461,32.28527621019898,31.01085765472871,31.483938999897372,248700
2024-06-20,32.89352035522461,33.723824078015724,32.72939243386736,32.79697495242282,492500
2024-06-21,32.285274505615234,32.6618104215083,32.10183676426048,32.6618104215083,581400
2024-06-24,32.8259391784668,33.183161603000535,32.15976703277342,32.719737021261075,331500
2024-06-25,32.45906066894531,32.982344592147705,32.26596616851895,32.71973769207521,246700
2024-06-26,32.06321716308594,32.45905921387819,31.841159786589902,32.23700183738216,243900
2024-06-27,31.242572784423828,32.410789216831134,31.068788095622743,32.410789216831134,364900
2024-06-28,31.252222061157227,31.860468398172387,30.92396254246328,31.32946132813037,668000
2024-07-01,31.358423233032227,31.68668274148087,31.1170560557309,31.52255482874197,228600
2024-07-02,31.18463897705078,31.469454165122123,30.8177616730262,31.223258609835185,250600
2024-07-03,31.976329803466797,32.043912333660856,31.218436843743437,31.522561912588365,195600
2024-07-05,32.41079330444336,33.21213432419828,31.61910903693495,32.150116238365435,537100
2024-07-08,32.208038330078125,32.57491748905297,31.995634024939367,32.3818230010151,221300
2024-07-09,32.55561065673828,32.574920475609545,31.744616679001943,32.15011182638443,295500
2024-07-10,33.154197692871094,33.79140693343997,32.381823413843826,32.584570971531406,391100
2024-07-11,34.476890563964844,34.59757416606467,33.12523643022956,33.820371473904096,389900
2024-07-12,34.650672912597656,35.20098980648234,34.51067950163106,34.70860236357484,316400
2024-07-15,34.9403190612793,35.34195448754571,34.52516712899376,34.9692856334429,251800
2024-07-16,36.06991195678711,36.43679110150008,35.14306286980047,35.15271593649015,362500
2024-07-17,35.42304992675781,36.185771183785555,35.20099253856707,36.01198650033692,385100
2024-07-18,35.60749435424805,35.7822315351909,35.06386715763057,35.27743564615124,323000
2024-07-19,35.5201301574707,35.6366203914562,34.9619420772553,35.3745145876205,327800
2024-07-22,36.06375503540039,36.08316698714889,34.86971632920349,35.685155319469104,266500
2024-07-23,36.5394287109375,36.80153451960788,35.91814251401121,36.15112668943749,342800
2024-07-24,36.10258102416992,37.34515696036889,36.10258102416992,36.374396477515795,279000
2024-07-25,35.549251556396484,35.84047899102392,34.51247848221767,35.74340441386736,334600
2024-07-26,37.27720260620117,37.335445862938265,36.11228933041541,36.180242265380166,295800
2024-07-29,36.655914306640625,37.45194131173249,35.92881787283342,37.45194131173249,162700
2024-07-30,36.58795928955078,37.09275515775021,36.199657339275404,36.75299048836462,187100
2024-07-31,37.31603240966797,37.76258505553719,36.859777491313515,37.053926629426506,256500
2024-08-01,35.48129653930664,37.40340193936761,34.89204641000551,37.083052890936216,286800
2024-08-02,34.258140563964844,34.90854835239957,33.675682014353534,34.90854835239957,401700
2024-08-05,33.500938415527344,33.61354771349344,30.821641449611562,31.753570507046888,535500
2024-08-06,33.74363327026367,34.336767993601875,33.23884107024417,33.685390010423106,208700
2024-08-07,33.141761779785156,34.56878085253032,32.918487316559265,34.209600516311035,209000
2024-08-08,33.78246307373047,33.986321880404226,33.311643660824004,33.79217275204289,170500
2024-08-09,32.79228973388672,33.918371807960554,32.714630816618296,33.918371807960554,246900
2024-08-12,33.60772705078125,34.09310729468167,33.14176246101573,33.14176246101573,245400
2024-08-13,33.860130310058594,34.321240107601625,33.35144974797359,33.55919319496412,290500
2024-08-14,33.141761779785156,34.11252224763197,32.77287176511932,34.11252224763197,163600
2024-08-15,33.432987213134766,33.97175953735425,33.403865585822494,33.79217123138581,127600
2024-08-16,34.65614700317383,34.879421450682514,33.510649435498294,33.55918671484243,318800
2024-08-19,35.092994689941406,35.30655948869356,34.74352030614645,34.8503045571013,266500
2024-08-20,35.170650482177734,35.67544635801698,35.00562298402346,35.325972005270025,210900
2024-08-21,36.044342041015625,36.301593006983175,35.07358144300508,35.59778935153085,284700
2024-08-22,35.1512336730957,36.02491952623559,34.71439074652576,35.68515115972248,497400
2024-08-23,36.46176528930664,36.53942420276208,35.21918934560325,35.38422055432679,329400
2024-08-26,35.694862365722656,37.18012467648759,35.53954084108813,36.88889728069252,595400
2024-08-27,35.558956146240234,35.6948620160695,34.821176134085334,35.66574038772244,264000
2024-08-28,34.92795944213867,35.568661170752286,34.7629319483726,35.07357498629695,237800
2024-08-29,34.66585922241211,35.41334530906493,34.636737590191125,35.41334530906493,370700
2024-08-30,37.83053970336914,38.10235147153141,33.976619146588526,36.45205780092274,1012900
2024-09-03,38.76246643066406,39.99533268998666,37.374278641994536,37.66550604662536,821500
2024-09-04,39.14106369018555,39.34007137338615,38.35474633946416,38.70422071756255,372700
2024-09-05,42.2572021484375,42.38340204664358,39.35463041179877,39.65556378800756,720900
2024-09-06,42.577552795410156,42.65521170369987,41.67474530470474,42.28632540879873,697400
2024-09-09,42.36398696899414,43.004688740908854,41.92714401015289,42.84936721144945,314300
2024-09-10,42.470767974853516,42.65521111977918,41.84948190441222,42.45135232225759,262900
2024-09-11,42.839664459228516,42.888201746494495,40.68457483556852,42.228084270835716,420600
2024-09-12,44.548194885253906,45.4267318764775,43.10176393958713,43.10176393958713,525600
2024-09-13,45.54808044433594,45.99463308443998,44.81030410082222,45.09182553187192,339800
2024-09-16,43.499778747558594,46.004338877913376,42.62609282815728,45.548080264097436,549900
2024-09-17,43.13089370727539,44.16960725189142,42.5678507823729,43.72305826513567,320800
2024-09-18,41.995094299316406,43.82012493273222,41.88831376336282,42.88819581475028,594500
2024-09-19,42.16012954711914,43.34348463238114,41.73299625280059,43.08235277884719,526100
2024-09-20,41.79124069213867,43.60656187312401,41.68445643975878,42.03393082821748,720200
2024-09-23,41.61650085449219,42.14071240388311,41.25732051279427,41.79123803762249,291700
2024-09-24,41.69416427612305,42.33486605892631,41.15053706219766,41.616501658494805,265500
2024-09-25,42.26690673828125,42.354275318342694,41.555337739172785,41.61649537490011,223200
2024-09-26,43.422115325927734,43.747319194224595,42.56784507648233,42.76199791087773,206900
2024-09-27,43.67451477050781,44.95591828279661,43.46580112326304,43.95603248980298,262200
2024-09-30,42.86878204345703,43.71334261224956,42.616385951609566,43.71334261224956,155200
2024-10-01,43.13089370727539,43.227968285906535,41.93685861495484,43.04352510524424,294300
2024-10-02,43.37357711791992,43.66480451172223,42.63579710358636,43.02410276409426,253200
2024-10-03,43.29591369628906,43.30562337435697,42.64550598571123,42.9755646800341,232500
2024-10-04,42.732879638671875,44.05796570893383,42.71346398339142,43.78129910171317,237900
2024-10-07,41.04375457763672,42.849369780324615,40.160362631533864,42.6552169310713,260000
2024-10-08,40.5950813293457,41.02424844497274,40.009858179909976,40.965724641725956,270700
2024-10-09,39.77576446533203,40.478035182024115,39.60019678615901,40.429267209088906,176600
2024-10-10,40.32197570800781,40.32197570800781,39.26856962586814,39.931824480380264,213200
2024-10-11,40.89744186401367,41.32660518681611,40.40975474779196,40.419506852983126,197900
2024-10-14,40.87793731689453,41.12178089519163,40.379519495020055,40.76089344112409,71700
2024-10-15,40.43901824951172,41.31685662223942,40.409758210673374,40.897445368687045,135800
2024-10-16,41.72651290893555,42.11666413169008,40.526802921988406,40.88769038454377,159400
2024-10-17,41.570457458496094,41.81430106771892,40.98035637066782,41.81430106771892,135700
2024-10-18,42.47755432128906,43.54168740336342,41.64360965685117,41.83380736694623,225600
2024-10-21,40.67311096191406,42.9164712129868,40.46828324228851,42.88721117325682,211200
2024-10-22,40.117149353027344,41.08276790709076,40.117149353027344,40.741388361867934,143700
2024-10-23,38.55654525756836,40.00009878890066,38.12738190093153,39.892810740309734,311700
2024-10-24,38.56629943847656,39.121287634935506,38.20540828047616,38.87841890648511,242500
2024-10-25,38.0883674621582,39.18078568772288,37.883539742506926,38.71260644819516,151200
2024-10-28,38.595558166503906,38.829649619947496,38.322454571450905,38.36147043381774,100400
2024-10-29,38.32246017456055,38.888175378562934,37.91280100132754,38.37122814927072,122800
2024-10-30,38.13713455200195,38.79063728339457,38.04447652140549,38.117630339803156,107500
2024-10-31,37.89329147338867,38.1663988176423,37.49338814437359,37.89329147338867,333500
2024-11-01,36.36195373535156,38.38097829543793,35.97180623684063,38.224918551882,420500
2024-11-04,36.91791534423828,37.18126684871562,36.30343222121545,36.478999890867016,187100
2024-11-05,36.71309280395508,37.615313403967384,36.66432482680055,37.09348823482181,198300
2024-11-06,36.703338623046875,37.41536146739571,35.69870049078766,35.89377610914193,340700
2024-11-07,30.812076568603516,35.10372529486181,30.548725041601678,32.626273496333084,1378600
2024-11-08,30.802322387695312,32.08494019921812,30.31463520495132,31.075427879768373,793800
2024-11-11,30.538970947265625,30.636508756160875,28.802805762521846,30.636508756160875,622900
2024-11-12,29.690397262573242,30.860845426569234,29.55384358148944,30.061038716077217,380200
2024-11-13,29.50507354736328,30.704783529409763,29.2417220311934,29.875714975011377,414700
2024-11-14,28.822309494018555,29.666009891084812,28.471176015057832,29.397780473323323,339600
2024-11-15,28.188318252563477,29.50507399291826,27.798168885889933,29.183200532865218,300100
2024-11-18,28.178565979003906,28.614558829393655,28.04201415755796,28.285857758928028,330100
2024-11-19,29.349014282226562,29.70014964285266,27.866444826670737,28.110288413687986,427400
2024-11-20,30.070791244506836,30.236604959019843,28.95886507681898,29.22221473838051,302900
2024-11-21,29.173446655273438,30.23660484544354,29.105170748444355,30.090299065041375,208500
2024-11-22,29.007633209228516,29.22221489844113,28.432162188671246,29.22221489844113,231800
2024-11-25,29.485565185546875,29.602610922269204,28.529698800433536,29.085661864012135,223600
2024-11-26,29.134431838989258,29.417289425188574,28.861326358883986,29.241721749433676,192700
2024-11-27,29.72941017150879,30.168329379508794,29.290492823887746,29.475812613595338,246700
2024-11-29,29.553842544555664,30.304881252838847,29.413389513955728,29.74891816190004,85300
2024-12-02,29.25147819519043,29.602613576461604,28.632115224505572,29.602613576461604,179200
2024-12-03,28.978368759155273,29.18319832389148,28.695511187369483,29.18319832389148,194600
2024-12-04,29.027141571044922,29.74891838400145,28.529700417444012,28.754036076799625,256400
2024-12-05,29.36852264404297,29.583104334011587,28.802805588326656,29.056403145769,164700
2024-12-06,28.04201316833496,29.508975939650426,27.222698547803724,29.36852290831486,529500
2024-12-09,28.09078025817871,29.192954304596224,28.012750385365173,28.08102815190857,231400
2024-12-10,27.895708084106445,28.232211580826313,27.69087849364899,27.93472209253038,165300
2024-12-11,27.632354736328125,28.276101646272632,27.554324864225123,27.8566903860769,259000
2024-12-12,27.49580192565918,28.120040879789606,27.144666583771404,27.417772056392877,246800
2024-12-13,27.720138549804688,27.827430321490915,26.598458441701087,27.222697417957928,319700
2024-12-16,27.310482025146484,27.72013932993884,26.920332654005897,27.661617389362487,328600
2024-12-17,26.57895278930664,27.466543357477015,26.520430845355587,27.105655866003286,335500
2024-12-18,26.38387680053711,27.44215899292449,26.091265224414908,26.83254999235405,315800
2024-12-19,25.40850067138672,26.80328626748188,25.184165020926645,26.461904878306736,558100
2024-12-20,25.154905319213867,25.788898273119113,24.950075738807566,25.320717172352825,555500
2024-12-23,24.725740432739258,25.232935547141253,24.559926716891642,25.047613897575342,317200
2024-12-24,25.310964584350586,25.388994456263596,24.39411219408854,24.706231681740583,151800
2024-12-26,25.71086883544922,25.774266829648916,24.735494471256203,25.271949627410777,148400
2024-12-27,25.476778030395508,25.715743696734105,25.08662681449932,25.56456000755539,162400
2024-12-30,25.457271575927734,25.608453413507295,24.64966059574585,25.35973376628929,206700
2024-12-31,26.725255966186523,26.76427183192497,25.613329837945024,25.691359709043045,262100
