Price,Close,High,Low,Open,Volume
Ticker,BAH,BAH,BAH,BAH,BAH
Date,,,,,
2015-01-02,22.004776000976562,22.211899273222794,21.7065195634951,22.013061121493433,349900
2015-01-05,21.797653198242188,22.26989401629943,21.689949789653333,21.938497089612348,632300
2015-01-06,21.7562255859375,21.971633947805188,21.391688236605646,21.781080943923172,514200
2015-01-07,22.25331687927246,22.36930536437885,21.764506006003252,21.863924256030273,416900
2015-01-08,22.81669044494629,22.824973981613258,22.319594493031275,22.319594493031275,376600
2015-01-09,23.08180809020996,23.603757817677128,23.015528734655014,23.3303552784849,897800
2015-01-12,23.065237045288086,23.181225518374955,22.940963455520095,23.08180727865033,754500
2015-01-13,23.57890510559082,24.109141589596263,23.206084281454203,23.38835213457268,1034400
2015-01-14,23.570621490478516,23.694895098115776,23.305502459234468,23.43806276496882,469000
2015-01-15,23.57890510559082,23.85230925560553,23.421492606171313,23.81088366610724,425500
2015-01-16,23.97658348083496,24.026292609287815,23.537481702198118,23.58719083065097,556100
2015-01-20,23.951736450195312,24.241709364020185,23.70318914133128,24.134004371347253,378400
2015-01-21,23.72803497314453,23.943443306084774,23.512626640204285,23.943443306084774,564900
2015-01-22,23.984867095947266,24.067715111435486,23.496056219488683,23.769458779183772,490500
2015-01-23,24.06771469116211,24.133994050530067,23.868876613058234,23.943441089875257,349600
2015-01-26,24.382551193237305,24.432260334750623,23.852316136494906,24.026298921904086,741800
2015-01-27,24.539960861206055,24.970775976449623,24.09257392816776,24.208562430707392,1037900
2015-01-28,24.34111976623535,25.93182613598436,23.736320351856886,25.476155690679978,1068600
2015-01-29,24.324554443359375,24.730515814681524,23.52920035937469,24.730515814681524,1187300
2015-01-30,24.117420196533203,24.490240920019673,23.976576390711852,24.191984657275345,830000
2015-02-02,24.374263763427734,24.523392754062485,23.98487262805642,24.41568778072629,1005300
2015-02-03,24.241703033447266,24.33283776033658,23.587192868014597,23.728036727650434,3465900
2015-02-04,24.23341941833496,24.390833525395674,24.026296175443207,24.241704537677624,2188000
2015-02-05,24.16714096069336,24.45711382778805,24.018011967317516,24.32455507372619,1155800
2015-02-06,24.05063247680664,24.26700514224824,23.900835894016378,24.200429059596903,1489200
2015-02-09,23.792648315429688,24.058952623207325,23.642851745480048,23.95908930144015,1248600
2015-02-10,24.100557327270508,24.150490565614096,23.401509450744513,23.88418631030923,2259500
2015-02-11,24.266998291015625,24.391828212331628,24.08391451223872,24.100557337728574,1576700
2015-02-12,24.949411392211914,24.966055810370605,24.400158291367685,24.458412167624033,1253500
2015-02-13,25.09920310974121,25.598524446499212,25.0825586948129,25.540270581548885,1545000
2015-02-17,24.791292190551758,25.13249479890674,24.666460651686172,25.090883756851895,1030900
2015-02-18,25.107526779174805,25.132493403021037,24.67478148963325,24.741357565924346,826900
2015-02-19,25.165775299072266,25.307249629535875,24.99101373118703,25.182419711432345,906100
2015-02-20,25.06591796875,25.232357370091364,24.974375266267963,25.182425708418844,1183700
2015-02-23,25.34886360168457,25.41544126301891,25.107525928542838,25.107525928542838,805500
2015-02-24,25.165775299072266,25.41543672257785,24.924437669045247,25.382147897857696,753300
2015-02-25,25.04926872253418,25.232352504897925,24.957726037703008,25.21570809178342,715900
2015-02-26,25.090883255004883,25.33222253219907,24.882832810788756,25.02430717634768,807400
2015-02-27,24.766321182250977,25.13249035103537,24.724710147560323,25.124168144097236,987600
2015-03-02,25.24068260192871,25.315580897059288,24.76632779096779,24.76632779096779,1120600
2015-03-03,25.18242645263672,25.315578612564426,24.8828332991499,25.19074866104457,862300
2015-03-04,24.99933624267578,25.240673875650177,24.841217497921043,25.090877337177115,607600
2015-03-05,24.558279037475586,24.999346629876186,24.558279037475586,24.991024420136643,613100
2015-03-06,24.15049171447754,24.54994811643739,24.100558473758575,24.475049842657583,405200
2015-03-09,24.45840835571289,24.508341602406734,24.125527980914768,24.167139019826305,764600
2015-03-10,24.000699996948242,24.308613773521532,23.934123916556807,24.300293152359195,492300
2015-03-11,23.81761360168457,23.984052991047246,23.776002563869806,23.95908795565718,421300
2015-03-12,24.217065811157227,24.4833700574638,23.850896678836428,23.86754109105522,644100
2015-03-13,23.751039505004883,24.17546101494363,23.63453017672661,24.158818185731523,587700
2015-03-16,24.13384246826172,24.325248424127366,23.83424943313404,23.83424943313404,459700
2015-03-17,24.117204666137695,24.208747360242374,23.85922258592304,23.992374729730525,497300
2015-03-18,24.34190559387207,24.46673556150902,23.975736313144417,24.06727903015112,511000
2015-03-19,24.816253662109375,24.974372424596435,24.275322891525857,24.425119446797943,899600
2015-03-20,24.774642944335938,24.916117285146502,24.591557569581884,24.916117285146502,1335800
2015-03-23,24.991016387939453,25.165777974403294,24.7579993520223,24.7579993520223,691500
2015-03-24,24.824575424194336,25.007659217744713,24.716389906937,24.891151493421628,550200
2015-03-25,23.418153762817383,24.882828847270662,23.343255487846005,24.882828847270662,1149900
2015-03-26,23.81761360168457,23.82593422194873,23.051987966179645,23.28500342874715,775800
2015-03-27,24.300289154052734,24.32525418802999,23.759356804164575,23.79264563253252,656100
2015-03-30,24.508337020874023,24.58323528961464,24.383505514773965,24.41679433968026,558500
2015-03-31,24.08391761779785,24.4667296375027,24.017341545357933,24.366866322492204,541600
2015-04-01,24.200424194335938,24.242033642390716,23.742713916538587,24.03398322751943,616300
2015-04-02,23.892507553100586,24.358541599348207,23.817610868227206,24.13384678283224,453500
2015-04-06,24.025663375854492,24.142171103971613,23.71774805358943,23.734392468262943,466800
2015-04-07,23.734394073486328,24.08391886877578,23.70110524188788,23.95076671697969,317300
2015-04-08,23.767677307128906,23.934118262437504,23.659491797287327,23.759355100633616,685700
2015-04-09,23.767677307128906,23.90082943645635,23.626202971306174,23.767677307128906,367200
2015-04-10,23.742717742919922,23.892512732437332,23.501378460871567,23.817616031328104,501000
2015-04-13,23.30164909362793,23.742716594327767,23.176819148086125,23.72607217830916,730600
2015-04-14,23.709423065185547,23.751034096988448,23.23506841372239,23.251712826443555,681100
2015-04-15,23.55963134765625,23.784326203488483,23.409834777101427,23.676140673253826,568800
2015-04-16,23.867544174194336,23.867544174194336,23.459765545949438,23.476408373019584,735500
2015-04-17,23.634523391723633,23.7593533051223,23.301643093561026,23.701099451356153,754700
2015-04-20,23.925792694091797,23.975724338748968,23.60123462287264,23.72606452816475,578200
2015-04-21,24.009023666381836,24.10888699939629,23.92580316400375,24.017345875349548,593600
2015-04-22,24.05063247680664,24.108886350714183,23.892513685272583,23.992378602899098,384000
2015-04-23,24.15049171447754,24.192101161111363,23.90083027277865,23.984050753344945,349400
2015-04-24,24.142169952392578,24.16713657321195,23.759356369655606,24.15881436627216,512500
2015-04-27,23.66781997680664,24.21707304572144,23.5596328523634,24.19210641993477,501500
2015-04-28,23.5346622467041,23.76767768306345,23.443119561106577,23.617881138376088,447300
2015-04-29,23.260038375854492,23.61788377699943,23.15185126491631,23.484731630689968,405000
2015-04-30,22.885540008544922,23.3432501737965,22.81896395564836,23.09359037225897,807700
2015-05-01,23.260038375854492,23.434799972648616,22.960445253008807,22.993732495936776,505200
2015-05-04,23.15184783935547,23.309966584939662,23.08527177605137,23.260034934286224,372000
2015-05-05,22.885540008544922,23.068623757185893,22.810641750624004,23.068623757185893,410500
2015-05-06,22.802318572998047,23.02701333717676,22.685810882223116,22.952115082450522,361500
2015-05-07,23.00205421447754,23.03534304399659,22.760716549659442,22.785681584499972,423600
2015-05-08,23.218429565429688,23.418157804053937,23.10192182305694,23.176820110953404,241100
2015-05-11,23.06863021850586,23.309969469914336,23.06030801115052,23.185139534181804,362000
2015-05-12,22.74407196044922,23.010376245364007,22.486089882850358,22.92715575950345,795100
2015-05-13,22.977096557617188,23.06031548353903,22.74407943805795,22.752401648109988,740900
2015-05-14,23.49304962158203,23.56794788885029,23.101915460413288,23.110237666476262,503900
2015-05-15,23.57627296447754,23.609561792781154,23.19346096277816,23.526341309320816,781200
2015-05-18,23.49304962158203,23.701100011260863,23.41815135431377,23.526338445833925,555000
2015-05-19,23.84257698059082,23.87586580852986,23.434798362129673,23.50137443070907,422900
2015-05-20,23.717744827270508,23.842574745743804,23.651168764931516,23.809287508223573,495400
2015-05-21,20.913227081298828,22.386224404951957,20.680211631657905,22.303003921237895,4864600
2015-05-22,20.89658546447754,21.31268631984476,20.663568414044327,21.27939748951196,2482900
2015-05-26,20.347326278686523,20.871612498703623,19.86464949664124,20.74678259748987,2121900
2015-05-27,20.846660614013672,20.888271668686613,20.280764556156583,20.43888180201546,1739400
2015-05-28,21.071352005004883,21.087996424075932,20.746793769615206,20.80504764906472,1138100
2015-05-29,21.0963077545166,21.445832438267466,20.938189029479737,21.004765084132362,1740300
2015-06-01,21.296043395996094,21.329330641361135,21.046383500212112,21.12128019910818,1637000
2015-06-02,21.512420654296875,21.54570790679192,21.154573563004433,21.2128274453452,1688600
2015-06-03,21.63724136352539,21.66220798268002,21.445835378568937,21.520733648734257,893100
2015-06-04,21.329326629638672,21.570665859163327,21.0463795417077,21.537377032760503,1529900
2015-06-05,21.129596710205078,21.34596930228454,21.079665061970886,21.30435985997246,912100
2015-06-08,21.01249122619629,21.238340827396176,20.9288424575638,21.13796358141124,765800
2015-06-09,20.719722747802734,21.045951212719665,20.51060160968313,21.012492660263714,1075700
2015-06-10,21.531116485595703,21.547846562895785,20.72809192080768,20.81173911637211,1176400
2015-06-11,21.514381408691406,21.706774061997326,21.45582774721606,21.55620659222209,885000
2015-06-12,21.338716506958008,21.51437745913665,21.2885278914023,21.397270157684222,484200
2015-06-15,21.27179718017578,21.47255323181748,20.96229727006112,21.16305332170282,775900
2015-06-16,21.57293701171875,21.62312563729311,21.204883368082285,21.24670695681631,603700
2015-06-17,21.656583786010742,21.723502484019956,21.531111426676915,21.57293661009993,695300
2015-06-18,21.89916229248047,21.932620839517636,21.706771259481368,21.706771259481368,595900
2015-06-19,21.98281478881836,22.083192042454403,21.765328611983357,21.949354640627888,1202200
2015-06-22,22.108287811279297,22.22539514249431,22.007908959189482,22.116652848575757,396600
2015-06-23,22.091554641723633,22.16683837137703,21.957717254665926,22.108284713972722,883900
2015-06-24,21.974454879760742,22.166845990349557,21.940994723761964,22.099927273820054,528400
2015-06-25,22.200307846069336,22.283955051534452,21.94099640362932,22.074833846935313,790800
2015-06-26,21.790422439575195,22.258854948140996,21.539477706425284,22.258854948140996,2276900
2015-06-29,21.154699325561523,21.63986039913495,21.087779016340924,21.589670167219502,958300
2015-06-30,21.11286735534668,21.28852991972941,20.845192586256307,21.28852991972941,932500
2015-07-01,21.497661590576172,21.497661590576172,21.171431409493103,21.338729020072535,861300
2015-07-02,21.347082138061523,21.472554478187188,21.112865933150882,21.472554478187188,670000
2015-07-06,21.204883575439453,21.321990901414,20.9957624387891,21.146329912452178,1013400
2015-07-07,21.380544662475586,21.489288547494475,21.04595116139374,21.27180237292436,883900
2015-07-08,21.213247299194336,21.32198958151526,20.995761139084934,21.163057080768475,555400
2015-07-09,21.204883575439453,21.623125848740163,21.204883575439453,21.506016927297956,443600
2015-07-10,21.698415756225586,21.748604396563508,21.330362004321902,21.464199442201767,623200
2015-07-13,21.857345581054688,21.91590085311979,21.664954473530585,21.748603266726985,713400
2015-07-14,22.0580997467041,22.06646318874658,21.740234703185827,21.848978595351255,540800
2015-07-15,22.250484466552734,22.33413322229078,21.957714619203227,22.066456884835567,694700
2015-07-16,22.367591857910156,22.51815929975508,22.23375448637407,22.367591857910156,359300
2015-07-17,22.233766555786133,22.375969039670053,22.04974046889384,22.375969039670053,317600
2015-07-20,22.091554641723633,22.267217209404063,22.016270912070233,22.233757064905884,343100
2015-07-21,22.016267776489258,22.233753898350294,21.982809232223786,22.049727916222007,323200
2015-07-22,21.840614318847656,22.016275326280187,21.690046829352443,21.949356619334296,559400
2015-07-23,21.840614318847656,22.033005401883617,21.73187042289319,21.865707836784974,370500
2015-07-24,21.60639762878418,21.85734237610929,21.54784396077284,21.848978933937207,456100
2015-07-27,21.104503631591797,21.430733672738704,21.037584935158407,21.422368636251083,382800
2015-07-28,21.681678771972656,21.89079990148803,21.14632919096293,21.63985518425662,798600
2015-07-29,23.413206100463867,23.46339473474447,21.83225055914762,21.97445301916592,2347000
2015-07-30,23.262632369995117,23.513578665104372,23.053511255137817,23.413199827967173,2003000
2015-07-31,23.195714950561523,23.421566149919393,22.99495886073261,23.279363720190464,1060700
2015-08-03,22.760740280151367,23.15388897826663,22.426146831571558,23.15388897826663,998800
2015-08-04,22.5850887298584,22.802574960935424,22.534900090523106,22.72729120419845,501300
2015-08-05,22.677091598510742,22.760738758462832,22.44287540242989,22.585077808002673,764500
2015-08-06,22.088733673095703,22.777955682142153,21.81976753988887,22.69390386571221,706900
2015-08-07,22.4921817779541,22.508992462850035,21.929036659181573,22.00468313805812,606400
2015-08-10,22.483776092529297,23.164592788877588,22.424940299446188,22.651879732613995,962400
2015-08-11,22.870412826538086,22.929250224335934,22.24843190678591,22.29045861949866,1083900
2015-08-12,22.786365509033203,22.904037113302838,22.1895989377614,22.52580466649991,681000
2015-08-13,22.895627975463867,23.046920929113018,22.584638329100706,22.81998149863929,528300
2015-08-14,22.853609085083008,22.971280701866096,22.71072143477974,22.862014429589735,520400
2015-08-17,23.21502113342285,23.38312314349253,22.73592631667936,22.83678880524506,662800
2015-08-18,23.206615447998047,23.31588167276379,23.038511837268608,23.21502078885,797300
2015-08-19,23.13938331604004,23.2570549273836,22.937659866670167,23.164597745239107,461800
2015-08-20,23.16459083557129,23.31588377825903,22.80316916207391,22.988083471205588,779000
2015-08-21,22.593042373657227,23.004896132228836,22.54261192281065,22.929249654381408,1582800
2015-08-24,21.853391647338867,21.954254160330283,21.12214283682806,21.273435804737556,1478800
2015-08-25,21.491973876953125,22.433351626904454,21.4751631878286,22.433351626904454,772200
2015-08-26,22.382917404174805,22.408133435433427,21.643264788631313,22.004686554227884,1098100
2015-08-27,22.382917404174805,22.534210385415733,21.971065179216392,22.44175481044492,835900
2015-08-28,22.382917404174805,22.59304618853045,22.029900982331107,22.265245797945372,678100
2015-08-31,22.441747665405273,22.551013893093476,22.130756458184425,22.172781560413377,1260800
2015-09-01,22.097143173217773,22.223220120009884,21.676885615140495,21.92063416518453,1375200
2015-09-02,22.39972496032715,22.39972496032715,22.055113930410975,22.357699850593047,856400
2015-09-03,22.845197677612305,23.046921082771064,22.416534840466774,22.492181317795698,937200
2015-09-04,22.416534423828125,22.727525669639675,22.357698632144746,22.559422033554227,829400
2015-09-08,22.626670837402344,22.836799652161595,22.42494736761214,22.836799652161595,915900
2015-09-09,22.87881851196289,23.290670683789205,22.702311125389553,22.90403453996845,1775200
2015-09-10,22.794769287109375,23.09735362061496,22.719122802944163,22.794769287109375,1268800
2015-09-11,22.433347702026367,22.450156785054467,21.634857743024064,22.07192596486017,2074700
2015-09-14,22.273645401000977,22.4165330016619,22.172782905117685,22.408127660075376,951400
2015-09-15,22.719120025634766,22.76955047452826,22.240025150103847,22.32407696702971,706700
2015-09-16,22.962873458862305,23.11416644116388,22.59304634692017,22.769555360657144,969700
2015-09-17,23.299076080322266,23.6100673471557,22.81998276919538,22.979681073956076,1171400
2015-09-18,23.290668487548828,23.36631496127708,22.946057486411267,22.996489537666793,3004200
2015-09-21,23.366315841674805,23.593255271410193,23.072136880708676,23.42515323702313,1138900
2015-09-22,23.030113220214844,23.315888479996012,22.98808810684039,23.105759706813114,1234400
2015-09-23,23.030113220214844,23.206622223329244,22.954466733616574,23.088949020201206,961000
2015-09-24,22.702314376831055,22.862012704094653,22.50059093336118,22.845202016349972,1141500
2015-09-25,22.836790084838867,23.030108128670708,22.727523852328904,22.93765257905611,950800
2015-09-28,22.340892791748047,22.87041663486232,22.256840955481618,22.819986174364633,2004400
2015-09-29,22.105545043945312,22.450156084169514,21.962657422158067,22.374511205016475,1148000
2015-09-30,22.029903411865234,22.42494659604003,21.786154828772055,22.32408406303748,1617000
2015-10-01,22.113956451416016,22.19800829960435,21.760939971549544,22.04671529349648,721800
2015-10-02,22.18959617614746,22.223217546414638,21.433132979842863,21.85339048925155,911500
2015-10-05,22.450153350830078,22.55101584934601,22.290456665982813,22.35769779727509,1384700
2015-10-06,22.63507080078125,22.643476143751887,22.256838382878808,22.408131350039785,971000
2015-10-07,23.181398391723633,23.223423490954563,22.660278504224333,22.710710547087174,788200
2015-10-08,23.324295043945312,23.349511075182818,23.03011442546267,23.08895022852812,515400
2015-10-09,23.24864387512207,23.534419092353048,23.139377634724376,23.374720799628662,595000
2015-10-12,23.273860931396484,23.3495074100796,23.10575728917731,23.23183421926412,494500
2015-10-13,22.845197677612305,23.265455172481833,22.828386993060295,23.189808695152905,885400
2015-10-14,22.63507080078125,23.04692298741099,22.584640346112675,22.81157819369889,434800
2015-10-15,22.87881851196289,22.88722385463141,22.542612820998063,22.677095097383994,322200
2015-10-16,22.786365509033203,23.01330337395959,22.67709764522108,22.95446757182477,601900
2015-10-19,22.996498107910156,23.030117884788087,22.668696065205438,22.702317445239004,422300
2015-10-20,22.98809051513672,23.055331665473403,22.75274568738058,22.929254708986555,427500
2015-10-21,22.735933303833008,23.16459620645189,22.719124219868718,23.03011391580542,598500
2015-10-22,23.172996520996094,23.24864299346232,22.80316950040067,22.82838552560775,666100
2015-10-23,23.551237106323242,23.685719414739268,23.122574147063826,23.282272489491195,1016200
2015-10-26,23.290668487548828,23.685711539941916,23.12256645949553,23.559634618113183,1164100
2015-10-27,23.23183822631836,23.408347241408485,22.971278978776706,23.15619173458765,1438000
2015-10-28,25.46760368347168,25.694543116667134,23.803384379681955,24.20683119214823,2587900
2015-10-29,25.047351837158203,25.46760942907801,24.8372230411983,25.46760942907801,1664700
2015-10-30,24.76156997680664,25.215448825174207,24.744760895987707,25.047345191744355,1253600
2015-11-02,25.005319595336914,25.064155384938786,24.593467464968793,24.677519280037906,1334100
2015-11-03,25.114591598510742,25.190238089124318,24.78679120795552,24.89605907357753,971900
2015-11-04,24.374935150146484,24.593469243871244,24.080754577703345,24.097565262564128,6807600
2015-11-05,24.1732120513916,24.618685586986324,23.988299325016236,24.467392627608675,1637700
2015-11-06,24.409624099731445,24.409624099731445,23.945242408183674,24.15632528805713,2052700
2015-11-09,24.570049285888672,24.637595747832254,24.240758874783374,24.3927388167651,1479200
2015-11-10,24.586931228637695,24.679806588116687,24.308301929332014,24.49405425872435,801000
2015-11-11,24.688257217407227,24.78113421411342,24.434958366943746,24.59538022070104,1188300
2015-11-12,24.215425491333008,24.662920115251993,24.190094968863594,24.595373665767934,1348800
2015-11-13,23.852365493774414,24.249200729312623,23.818591459889678,24.114107814642825,1343100
2015-11-16,24.66291618347168,24.66291618347168,23.78481248016688,23.81858489430769,1217400
2015-11-17,24.5784912109375,24.857120549802406,24.39273724473784,24.570047702434373,1123800
2015-11-18,24.933107376098633,24.958436287983798,24.61226053512196,24.88244633145955,993200
2015-11-19,24.992218017578125,25.059764487472865,24.857125077788638,24.950000467372114,535400
2015-11-20,25.346834182739258,25.752112950871606,25.0091018759623,25.093533744830538,939500
2015-11-23,25.600130081176758,25.7352229884309,25.270841321049105,25.372160196272464,844400
2015-11-24,25.37216567993164,25.549476165546178,25.237072743480006,25.448155657990036,933500
2015-11-25,25.633907318115234,25.718339187879398,25.3215039245099,25.397493895645397,798100
2015-11-27,25.76055335998535,25.878759250524478,25.50725295255718,25.617016945573063,315300
2015-11-30,25.709897994995117,26.005412768151025,25.56636155784736,25.77744445892143,682000
2015-12-01,25.625463485717773,25.811215851463725,25.549473515541095,25.76899991711431,959700
2015-12-02,25.186410903930664,25.617020201904833,25.169523885868614,25.57480426718439,1455600
2015-12-03,24.831789016723633,25.46503763485246,24.66292207438214,25.35527524963465,1201400
2015-12-04,25.431264877319336,25.44815028298323,24.83178868930253,24.865562721499305,677100
2015-12-07,24.671375274658203,25.39750115737585,24.603828793272967,25.39750115737585,865700
2015-12-08,24.975326538085938,25.042872995920085,24.392737332744804,24.468727299112544,594700
2015-12-09,24.831789016723633,25.186408307293156,24.798016594516042,24.85711954120521,1611900
2015-12-10,25.161083221435547,25.24551671085678,24.620711465835438,24.91622787359232,1340400
2015-12-11,24.603818893432617,24.91622225065954,24.485613001179757,24.814901764132443,1017000
2015-12-14,24.5784912109375,24.966882939473912,24.40118075324097,24.637594160024815,782200
2015-12-15,24.907785415649414,25.009105929321393,24.646043036779627,24.679815467713663,635300
2015-12-16,25.22863006591797,25.287734636695845,24.747361262628036,25.059764695000123,814100
2015-12-17,24.80646324157715,25.498816549384543,24.77269081290364,25.313062555158364,430000
2015-12-18,24.629154205322266,24.806463078168544,24.39274076442575,24.772690649717507,976000
2015-12-21,25.101974487304688,25.127305011434274,24.595375277754442,24.688252255795092,1290100
2015-12-22,25.85343360900879,26.08140191098022,25.372163257117663,25.72678258404894,1374300
2015-12-23,26.2418270111084,26.385363452708525,25.617021797800437,25.95475412790815,1153100
2015-12-24,26.284046173095703,26.385366689775832,26.224943209380204,26.241830230566055,264900
2015-12-28,26.16583824157715,26.241828220658295,25.946311814279934,26.19961228136204,545500
2015-12-29,26.199604034423828,26.461346318627797,26.13205758655073,26.26715048229693,487100
2015-12-30,26.022300720214844,26.275601176850973,26.022300720214844,26.18272418170758,538000
2015-12-31,26.04762840270996,26.191164829322027,25.811214991103437,25.904091976097895,686100
2016-01-04,25.346834182739258,25.676122980542456,25.19485424208096,25.65923596259494,1136600
2016-01-05,25.676128387451172,25.785892416789586,25.363726541809548,25.363726541809548,539100
2016-01-06,25.87876319885254,25.92098074508228,25.287732045548683,25.448153889917528,958400
2016-01-07,25.971643447875977,26.19961339480781,25.819663483254754,26.03074640957647,1445900
2016-01-08,25.895652770996094,26.165838651771416,25.701456870493192,26.115179201734765,1556800
2016-01-11,25.608577728271484,26.03918704365591,25.304617832603714,25.895650605194437,1317900
2016-01-12,25.76055335998535,25.95474921170948,25.42282109384893,25.76899686794307,1102900
2016-01-13,25.46504020690918,25.920980031021994,25.177967342194002,25.861875467928545,1053200
2016-01-14,25.507253646850586,25.650790065169854,25.16952137152128,25.465037716347368,1362900
2016-01-15,25.448150634765625,25.49036817559519,24.941553028287,25.101974852135793,845500
2016-01-19,25.076650619506836,25.64235288875497,24.806463139061233,25.64235288875497,1389300
2016-01-20,25.27928924560547,25.676124528691346,24.375854666591277,25.051319320872512,2049300
2016-01-21,24.71358871459961,25.329950455854362,24.63759873439726,25.2370734555104,1942400
2016-01-22,24.966888427734375,25.296177279568262,24.84868250357553,24.966888427734375,1240600
2016-01-25,24.451841354370117,24.9584406155602,24.350522468392892,24.93311169928322,941100
2016-01-26,24.949995040893555,24.96688205730313,24.13099407024337,24.477169854467075,1514900
2016-01-27,23.320436477661133,24.223870914883168,23.067136064234568,23.73415871477989,3477400
2016-01-28,23.193790435791016,23.801710269934713,23.08402802708999,23.38798794416184,1807200
2016-01-29,23.88613510131836,23.8945769977906,23.185338521985894,23.261328473710275,1280900
2016-02-01,23.455535888671875,23.886145261461394,23.31199943107537,23.75105070392795,1350500
2016-02-02,23.067140579223633,23.421759939083746,22.864501175079972,23.30355402260865,1264900
2016-02-03,23.16845703125,23.371096399924927,22.763176683465606,23.17690053958244,1420800
2016-02-04,23.29511070251465,23.46397767922704,23.016481318243592,23.219120724037555,1437900
2016-02-05,22.906715393066406,23.28666525381773,22.771622467118092,23.210675281667466,1007200
2016-02-08,22.422773361206055,22.847286301205244,22.10014423933755,22.694461383703402,1453100
2016-02-09,21.802976608276367,22.584080187118868,21.7605243587053,22.17654830756306,1535800
2016-02-10,21.904870986938477,22.38881718566585,21.845439423775986,21.964304169489612,807100
2016-02-11,21.853927612304688,21.98977163384378,21.25111996914852,21.62469021868679,841900
2016-02-12,22.26145362854004,22.30390588585463,21.785999682332875,22.091649457445783,655500
2016-02-16,22.575592041015625,22.635023577092294,22.269942290463725,22.41427671495902,572600
2016-02-17,22.753887176513672,22.89822160435358,22.65200500356076,22.677474737105015,604000
2016-02-18,22.465221405029297,22.90671520013803,22.414280311559263,22.813323465340996,395900
2016-02-19,22.76238250732422,22.89822651330917,22.286928486376897,22.448243850754633,540700
2016-02-22,23.1104793548584,23.246323339563567,22.762378941627897,22.88973247486549,912700
2016-02-23,22.881242752075195,23.101988004086998,22.728417870383968,22.98312492694403,544000
2016-02-24,22.99161720275879,23.000107654569682,22.42276988653393,22.711438770551805,490200
2016-02-25,23.27179718017578,23.29726853729971,22.804833635287878,23.042559824225048,583800
2016-02-26,23.47556495666504,23.50103631571776,23.178405578603286,23.373682759230817,568500
2016-02-29,23.43311309814453,23.806684914641263,22.73691218061988,23.43311309814453,1021000
2016-03-01,23.43311309814453,23.908567106802394,23.33122928659515,23.611407744120637,668300
2016-03-02,23.670839309692383,23.670839309692383,23.212366205863205,23.382172018770753,714200
2016-03-03,24.265153884887695,24.392507413090208,23.679325711890566,23.679325711890566,881900
2016-03-04,24.706649780273438,24.800041512086207,24.078370916258674,24.256665547400598,763800
2016-03-07,24.341567993164062,24.621746422157923,24.17176219766981,24.579295782978402,669200
2016-03-08,24.078372955322266,24.282138959335178,24.061392050140793,24.15478540925064,380500
2016-03-09,24.2481746673584,24.375528204409285,23.951015334647607,24.171762221250248,367900
2016-03-10,24.05289649963379,24.43495868829909,23.80667990424008,24.324584447401158,324000
2016-03-11,24.265153884887695,24.30760452115921,24.05289746475418,24.1632700906929,379800
2016-03-14,24.205726623535156,24.367041984769887,24.044411262300425,24.214217076167326,740900
2016-03-15,24.180255889892578,24.256668346166574,24.027430977344586,24.086864147304148,334000
2016-03-16,24.4774169921875,24.553829453862285,24.078375396299045,24.078375396299045,321700
2016-03-17,24.774574279785156,24.867967640425153,24.47741491179376,24.47741491179376,601000
2016-03-18,25.309457778930664,25.309457778930664,24.54533490894303,24.808532444512384,1469600
2016-03-21,25.122671127319336,25.38586864649319,25.05474913464905,25.258515112659907,435800
2016-03-22,25.012298583984375,25.241535932160563,24.978338395025766,24.978338395025766,471400
2016-03-23,24.74909782409668,24.986825593403367,24.681175835635905,24.961354240460096,490000
2016-03-24,24.817020416259766,24.842491769822654,24.417978926769063,24.553822906995173,463000
2016-03-28,25.11418342590332,25.173614973574278,24.698160972818393,24.918907878016395,529900
2016-03-29,25.48775291442871,25.72547908345729,25.037768692586212,25.037768692586212,976400
2016-03-30,25.521711349487305,25.750948670501938,25.419829175295,25.615104691986886,329300
2016-03-31,25.70850372314453,25.742463915593866,25.470775898445908,25.470775898445908,351500
2016-04-01,25.9377384185791,26.014150872711838,25.394362406424783,25.555677767303692,497200
2016-04-04,25.666046142578125,25.954715005857864,25.589633701157723,25.954715005857864,378700
2016-04-05,25.377378463745117,25.674537792095204,25.30096601875829,25.538693805315972,580600
2016-04-06,25.530200958251953,25.547181859853072,25.343415898803336,25.343415898803336,354300
2016-04-07,25.08022689819336,25.496249412033116,25.003814434489275,25.36889422626734,433100
2016-04-08,25.122671127319336,25.360398911359358,25.08870932129017,25.233043758138034,268200
2016-04-11,24.86796760559082,25.317950263924242,24.800043983847225,25.23304735613302,443300
2016-04-12,23.968000411987305,24.47741626829092,23.73027419993042,24.443456074877805,1323600
2016-04-13,24.214216232299805,24.214216232299805,23.73027178484937,24.052900876686927,901600
2016-04-14,24.069875717163086,24.32458274552739,24.035913916374355,24.20571968154242,434200
2016-04-15,24.078372955322266,24.180255147634597,23.934038500056253,24.069882502731527,470900
2016-04-18,24.08685874938965,24.222702725791997,23.866111882888852,23.934033871090026,726700
2016-04-19,23.65385627746582,24.061388220630562,23.484050491453182,24.018937583821398,935700
2016-04-20,23.730268478393555,23.917053545601377,23.551972242951017,23.670835320320723,783500
2016-04-21,23.356698989868164,23.772721420398565,23.33971808591473,23.70479942397295,614600
2016-04-22,23.585939407348633,23.619899600290985,23.220858021735392,23.33123067303346,879100
2016-04-25,23.781211853027344,23.840643397427886,23.50952386754593,23.585936315886094,408700
2016-04-26,23.492542266845703,23.976486679054776,23.475561363409714,23.832152238625046,549300
2016-04-27,23.696311950683594,23.7472530495592,23.288779920902087,23.390662118653296,1418600
2016-04-28,23.85762596130371,24.086863322273793,23.441603502166284,23.670839243748127,1619300
2016-04-29,23.407638549804688,23.798191218222954,23.186891671027063,23.798191218222954,684200
2016-05-02,23.458581924438477,23.71329063371492,23.382171092982546,23.51801509017471,640300
2016-05-03,23.23783302307129,23.509520975126435,22.9406737182405,23.31424384262236,769000
2016-05-04,23.28028678894043,23.339718334021097,23.008598800349873,23.178402983524897,399700
2016-05-05,23.12746238708496,23.4246217382568,23.034069031731136,23.36519019190007,741800
2016-05-06,23.407638549804688,23.501031896045845,23.02557795219528,23.042557235648925,545000
2016-05-09,23.526500701904297,23.662346299885346,23.373677440528045,23.373677440528045,818000
2016-05-10,23.90007781982422,23.97649027736581,23.56895825006956,23.645370707611146,1237400
2016-05-11,23.43311309814453,23.85762601072183,23.399151287831987,23.840645105565557,760100
2016-05-12,23.59442710876465,23.82366283770917,23.50952420722794,23.52650349202476,782800
2016-05-13,23.467069625854492,23.721778305273745,23.407638086473067,23.56046297024702,575200
2016-05-16,23.687816619873047,23.815170150531742,23.501031549532833,23.501031549532833,1340700
2016-05-17,23.356698989868164,23.721780327926385,23.101990288731017,23.66234878347749,2861700
2016-05-18,24.57080841064453,24.698161963531987,23.144444731773138,23.518016557046188,2787300
2016-05-19,24.53684425354004,24.72363095801183,24.21421517577951,24.54533470550586,918200
2016-05-20,25.02928352355957,25.088715078360238,24.630241927477663,24.638732380933245,909800
2016-05-23,24.630239486694336,25.216067761968404,24.604768128851724,24.834005491270478,1159000
2016-05-24,24.112329483032227,24.27364481897188,23.815170165055385,23.900073058675623,8241800
2016-05-25,24.78306007385254,25.173611109680778,24.04440701908926,24.11232900877191,3851700
2016-05-26,24.621749877929688,24.8340063423946,24.545337421171254,24.8340063423946,1186600
2016-05-27,24.859474182128906,24.88494391785081,24.621746392599956,24.664197031728516,1058900
2016-05-31,24.850982666015625,25.029277285984616,24.570804249358634,24.94437439197595,1211000
2016-06-01,25.012298583984375,25.037769940244445,24.681179049544205,24.757591498936268,1299900
2016-06-02,25.105697631835938,25.105697631835938,24.901931593703136,24.901931593703136,813600
2016-06-03,25.071727752685547,25.139649739165584,24.74909710236445,25.00380576620551,1296800
2016-06-06,25.131162643432617,25.156632379645398,24.876453945588047,25.06324064788502,765300
2016-06-07,24.94437599182129,25.199084690183415,24.884944448019894,25.114181790729376,754100
2016-06-08,25.072385787963867,25.251597021224537,24.92731064778085,25.055319369123545,788300
2016-06-09,25.09798240661621,25.132118492279677,24.80783218926935,24.910238818561602,533600
2016-06-10,24.92730712890625,25.07238224860967,24.841970163655763,24.94437517303566,510900
2016-06-13,24.620092391967773,25.03824973953997,24.611558369237926,24.952911139939882,494800
2016-06-14,24.662765502929688,24.748104118533337,24.073930845733084,24.603028960316745,722100
2016-06-15,24.500619888305664,24.96144739065929,24.45795139854635,24.70543319670631,634300
2016-06-16,24.500619888305664,24.551824029255098,24.24460569435268,24.33847832506143,457800
2016-06-17,24.244606018066406,24.457951725108664,24.056862381840702,24.432349654292107,1104700
2016-06-20,24.671295166015625,24.756633766533625,24.312874345998754,24.415280992160042,642600
2016-06-21,24.645694732666016,24.756635409009288,24.40674858860087,24.756635409009288,580100
2016-06-22,24.679828643798828,24.81636975053284,24.534753514431646,24.637160158331344,784300
2016-06-23,24.850509643554688,24.92731260360845,24.68836644411089,24.88464411161207,802500
2016-06-24,24.32994270324707,24.517686324632457,23.92031936875253,24.07392689841415,1826100
2016-06-27,23.664297103881836,24.236063462582784,23.442417451342873,24.167792925470643,974200
2016-06-28,23.928857803344727,23.988594347176246,23.775248617664396,23.894721705327434,1041700
2016-06-29,24.47500991821289,24.594482945190887,23.988582162433424,24.09952116924186,900300
2016-06-30,25.29426383972168,25.29426383972168,24.295805970906436,24.457949146922147,1676300
2016-07-01,25.046783447265625,25.499075252370506,25.012647356775542,25.294263592525173,622300
2016-07-05,24.867576599121094,24.978517285018004,24.773705589168326,24.969983260895265,553500
2016-07-06,25.19186019897461,25.19186019897461,24.81637131789167,24.859039806054017,1360500
2016-07-07,25.251598358154297,25.37960545857574,25.183327796082953,25.183327796082953,572400
2016-07-08,25.413732528686523,25.5844080594063,25.362528404542378,25.405198507995834,993900
2016-07-11,25.75509262084961,25.789227085725948,25.456408321613882,25.541746925352445,776600
2016-07-12,26.10496711730957,26.275644244276812,25.64413985111664,25.77214851019093,1088000
2016-07-13,26.335390090942383,26.34392411308733,26.096442353978706,26.113510398268602,1194000
2016-07-14,26.463396072387695,26.64260564691917,26.301252913741443,26.454862050595978,893000
2016-07-15,26.40365982055664,26.659673966162554,26.386591776796717,26.4719303678981,672300
2016-07-18,26.113513946533203,26.369528134875303,25.900168247015284,26.318325622746585,893500
2016-07-19,26.301254272460938,26.49753190071553,26.10497664420635,26.147645127670977,847400
2016-07-20,26.599939346313477,26.659675876054482,26.343925182366778,26.343925182366778,1170200
2016-07-21,26.676738739013672,26.77914373362058,26.480461142935397,26.66820471818009,808900
2016-07-22,26.702346801757812,26.881556396438835,26.642608642499063,26.68527875625531,610300
2016-07-25,26.531675338745117,26.787689565843763,26.369532126809965,26.72795302136733,736900
2016-07-26,26.55727195739746,26.67674502180933,26.36952671023775,26.480467379504567,839200
2016-07-27,26.787675857543945,26.881548452367934,26.42072112617519,26.5999322955939,1493800
2016-07-28,26.693815231323242,26.813288305419718,26.437799408361222,26.7108816506952,810200
2016-07-29,26.352462768554688,26.642613079625903,26.122050626691163,26.642613079625903,1388700
2016-08-01,26.250049591064453,26.42072513847507,26.19031306808583,26.35245459397119,860000
2016-08-02,25.942832946777344,26.258585252134232,25.831893915418494,26.258585252134232,751800
2016-08-03,25.994035720825195,26.13057844747175,25.806292116695907,25.891630710463144,706800
2016-08-04,25.840431213378906,26.087911373645056,25.763626632817367,26.03670886250352,532900
2016-08-05,25.79776382446289,26.036711614543933,25.712425211741184,25.908704509310702,716800
2016-08-08,25.669116973876953,25.840643668379343,25.566199648523206,25.840643668379343,700000
2016-08-09,25.686267852783203,25.806336691852675,25.454705118164725,25.71199595497509,692700
2016-08-10,26.003599166870117,26.14082119657796,25.591933077746596,25.64339092993313,1381600
2016-08-11,26.020740509033203,26.260879769841097,25.84063565447356,26.11508122503182,912600
2016-08-12,25.900676727294922,25.934981407893492,25.797759413868807,25.917828249686607,893900
2016-08-15,25.952131271362305,26.1322345022241,25.952131271362305,25.960707849376913,650200
2016-08-16,25.780603408813477,25.977861434779854,25.77202683065711,25.94355512215439,586000
2016-08-17,25.669116973876953,25.883526568866483,25.566199648523206,25.797762403707594,548600
2016-08-18,25.703418731689453,25.79775946620351,25.52331547759739,25.69484215256861,397000
2016-08-19,25.56619644165039,25.617655915780187,25.43755102795627,25.56619644165039,525000
2016-08-22,26.020740509033203,26.020740509033203,25.377511923547836,25.540463623232295,867900
2016-08-23,26.28661346435547,26.3037666228836,26.055050731671397,26.055050731671397,690700
2016-08-24,26.14939308166504,26.39810898822764,26.132239922078238,26.200850924610105,771200
2016-08-25,26.23515510559082,26.33807078309322,26.055050216238822,26.055050216238822,470800
2016-08-26,26.28661346435547,26.54390593483174,26.132238309232754,26.28661346435547,661200
2016-08-29,26.14939308166504,26.45814341096611,26.12366334228484,26.312344826108973,524600
2016-08-30,26.22657585144043,26.278033684943036,26.08077729333718,26.15796486149861,535600
2016-08-31,26.03790283203125,26.260889016478917,25.892104235885295,26.175124847719744,622300
2016-09-01,26.15796661376953,26.312341760433675,25.86636947802951,26.020744624693656,700300
2016-09-02,26.209428787231445,26.33807421879837,26.166547521980945,26.18370068240731,722800
2016-09-06,26.34664535522461,26.37237509054784,26.123659223201845,26.286610941952148,706900
2016-09-07,26.28661346435547,26.32091978141173,26.14081488849682,26.3037666228836,881600
2016-09-08,26.14939308166504,26.303768246315574,26.05505233975297,26.278038506935374,590200
2016-09-09,25.506160736083984,26.05504867922451,25.506160736083984,25.934979850616294,540700
2016-09-12,25.832073211669922,25.93498891908689,25.377524202433886,25.377524202433886,786400
2016-09-13,25.669116973876953,25.76345771913327,25.54904812414374,25.694845078353847,442400
2016-09-14,25.574771881103516,25.832064332842425,25.514737466442305,25.677689188962102,547200
2016-09-15,25.883525848388672,25.926407111866805,25.489011353965395,25.5833520965957,463800
2016-09-16,25.437559127807617,25.832073709348492,25.437559127807617,25.832073709348492,619400
2016-09-19,25.8577938079834,25.917828225837052,25.437551247192605,25.56619666199547,713700
2016-09-20,26.020740509033203,26.423829833710673,25.81490755797567,25.94355294790977,611500
2016-09-21,26.492446899414062,26.57821105766444,26.16654506104094,26.16654506104094,854100
2016-09-22,26.78404426574707,26.84407868624794,26.561058106875777,26.586787845296982,395900
2016-09-23,26.69828224182129,26.801199567920882,26.629671236360025,26.784046407601714,316600
2016-09-26,26.741165161132812,26.844080851488254,26.56106024928768,26.698282260305206,482900
2016-09-27,27.075641632080078,27.169982371198845,26.706856890959752,26.7840444709996,682100
2016-09-28,27.307199478149414,27.307199478149414,26.904110126929005,27.101366513538036,488300
2016-09-29,27.27289390563965,27.384387786878317,27.135671925511314,27.315776796814152,1010500
2016-09-30,27.109947204589844,27.392967778346495,26.895537629446462,27.392967778346495,564400
2016-10-03,26.86123275756836,27.10137208354373,26.72401075295824,27.10137208354373,678500
2016-10-04,27.015607833862305,27.23001741984534,26.878385829698388,26.929843672306028,598000
2016-10-05,25.995019912719727,27.238596269374668,25.360367681622215,27.1785618420272,4902400
2016-10-06,26.655397415161133,26.784042828734552,26.235154858386533,26.24373143740012,2249900
2016-10-07,25.892099380493164,26.68112664064812,25.343209784853745,26.621092224519234,2350700
2016-10-10,25.93498420715332,26.14939380043582,25.823491938405187,25.99501863154196,736100
2016-10-11,25.71199607849121,25.926405655468255,25.523316239644906,25.926405655468255,784000
2016-10-12,25.64338493347168,25.754878828922283,25.51473951518004,25.64338493347168,501100
2016-10-13,25.79776382446289,25.900681155484584,25.411825877900895,25.411825877900895,527700
2016-10-14,25.87494468688965,26.0722010812657,25.866368108549597,25.94355567779502,387800
2016-10-17,25.463279724121094,25.934980100322196,25.446126566779025,25.83206442790001,565400
2016-10-18,25.80633544921875,25.83206518598694,25.557619567905085,25.686266615930865,686400
2016-10-19,25.87494468688965,25.926402521114913,25.7034163917187,25.78060396096412,535500
2016-10-20,25.977861404418945,26.080777070545015,25.763451858205446,25.857790946185172,974600
2016-10-21,26.020740509033203,26.106504647594228,25.797754403100488,25.85778880934874,622800
2016-10-24,26.175119400024414,26.33806948735586,25.977862998003115,26.19227255736934,635600
2016-10-25,26.78404426574707,26.946996004117487,26.08935768652726,26.166545265975603,1172900
2016-10-26,26.578208923339844,26.921263892977564,26.526751086847966,26.732584068630597,496400
2016-10-27,26.09793472290039,26.663975891554465,26.046476880972378,26.655399311930577,1003800
2016-10-28,26.15796661376953,26.355223018589207,26.020744624693656,26.12366029859299,723900
2016-10-31,26.13223648071289,26.243730367529082,26.10650838053617,26.243730367529082,759500
2016-11-01,25.763456344604492,26.218003614809493,25.643385865461873,26.08935819184233,1004300
2016-11-02,26.749740600585938,27.54734289218168,26.501024693838254,26.92126728913558,2594700
2016-11-03,27.221439361572266,27.615953828976913,26.72400921454222,26.72400921454222,1956300
2016-11-04,27.032756805419922,27.478729067770256,27.032756805419922,27.290047614413922,1103700
2016-11-07,27.495880126953125,27.693136507854366,27.332928421253648,27.40153940747212,1705300
2016-11-08,27.668214797973633,27.85778318522144,27.452797371377148,27.573430604349728,1000200
2016-11-09,28.909025192260742,29.15029500530841,27.883639169590307,28.004272432609195,1956500
2016-11-10,28.822858810424805,29.115826707885102,28.19384017790913,28.97795965537495,2291200
2016-11-11,29.572513580322266,29.701765392693115,28.684994548873505,28.73669264421374,1366900
2016-11-14,30.279071807861328,30.442791149549866,29.84823697101183,29.917172122672046,1645300
2016-11-15,30.21876335144043,30.572047881548418,30.149831468180494,30.201529558872988,1144200
2016-11-16,30.279071807861328,30.37385599788965,30.20152140574806,30.235988981578167,700600
2016-11-17,30.16705322265625,30.58927280055343,30.011955708560773,30.322154023760614,1040600
2016-11-18,30.261842727661133,30.85639699869162,30.235993685271794,30.684062379740617,1797900
2016-11-21,30.675451278686523,30.675451278686523,30.19291817303728,30.19291817303728,588200
2016-11-22,31.45956802368164,31.545736989779606,30.813315569491703,30.85640169604567,1469900
2016-11-23,31.78699493408203,31.959329532714552,31.47679331394531,31.47679331394531,1289700
2016-11-25,31.881772994995117,32.011024740859284,31.64050657552434,31.916240565493354,325600
2016-11-28,32.05411911010742,32.18336761553353,31.761151229328114,31.830083108153445,985300
2016-11-29,32.91579055786133,33.208758452853665,32.191987716527905,32.191987716527905,1470000
2016-11-30,32.57973861694336,33.11397301022372,32.41601923972139,32.86408796173416,1555000
2016-12-01,31.752517700195312,32.26952133885875,31.459549957721787,31.657736822431353,7705100
2016-12-02,32.34709548950195,32.45049497841111,31.674990594066223,31.76115957399926,2225200
2016-12-05,32.34709548950195,32.61421110976815,32.3212431520168,32.55389446732026,1266000
2016-12-06,32.708984375,32.71760291360826,32.18336527821527,32.26953422925094,1619400
2016-12-07,32.416015625,32.93301945598329,32.30400092224485,32.691749686720705,3579300
2016-12-08,32.64866256713867,32.933015129878115,32.45047894174854,32.57973070426808,2937900
2016-12-09,32.484947204589844,32.78653027417661,32.329846401085526,32.65728179592897,3093300
2016-12-12,31.45956802368164,32.38155788237511,31.20106769940766,32.29538891627714,3473300
2016-12-13,31.743915557861328,31.812847432604222,31.425098652280404,31.52849810789946,1490900
2016-12-14,31.338930130004883,31.90763207422543,31.235530672967368,31.743915993331907,1132300
2016-12-15,31.244138717651367,31.59742312746207,30.649587868070057,31.132124034619995,1315600
2016-12-16,31.313072204589844,31.502640561223004,31.20967277688473,31.356155025549597,2068300
2016-12-19,31.4337158203125,31.528500029995634,31.21829835721797,31.485417194778652,935400
2016-12-20,31.519872665405273,31.65773965732632,31.390620922413127,31.571570732995436,1554500
2016-12-21,31.321699142456055,31.53711661465179,31.321699142456055,31.38201577171008,634600
2016-12-22,31.269994735717773,31.459559837787843,31.03734351830491,31.407861758591054,574700
2016-12-23,31.166589736938477,31.39062568719683,30.91670803597028,31.244140137103468,885200
2016-12-27,31.252763748168945,31.442332154239143,31.06319534209875,31.244145209524266,429500
2016-12-28,31.02872657775879,31.338928216944797,30.93394566534909,31.26999634546417,465300
2016-12-29,31.23552703857422,31.35616027225002,31.080426227559883,31.17521042173632,771900
2016-12-30,31.080442428588867,31.321709021703377,30.873643430779516,31.321709021703377,526400
2017-01-03,30.778844833374023,31.18382738480681,30.39970803585064,31.18382738480681,1788900
2017-01-04,30.942564010620117,31.2786147243371,30.81331221903223,30.81331221903223,1843400
2017-01-05,30.96841049194336,31.175212683972152,30.70129496570911,30.925327660648417,1170400
2017-01-06,31.201061248779297,31.36478060701248,30.899478147311772,30.97702855726189,1118400
2017-01-09,31.09765625,31.25275704223012,30.95978924435197,31.25275704223012,909800
2017-01-10,31.407865524291992,31.44233310589514,30.968412076375618,31.071814821185058,868100
2017-01-11,31.34754753112793,31.468180774461715,31.089047254411337,31.3906303627458,1171800
2017-01-12,31.34754753112793,31.36478132117695,30.847777480734415,31.218295749264957,610500
2017-01-13,31.304458618164062,31.51125748455991,31.244138721205832,31.433707087909287,496800
2017-01-17,30.8477783203125,31.261379431717817,30.74437886421353,31.05458051951988,505800
2017-01-18,30.890850067138672,30.977018988805114,30.744367830818117,30.90808385147196,631900
2017-01-19,30.66683006286621,30.951179403841984,30.597894897169287,30.804697107250444,506200
2017-01-20,30.709917068481445,30.83916887821141,30.554816211609513,30.61513284628081,694600
2017-01-23,30.60651397705078,30.813312903775426,30.3652474668688,30.632363021138943,678900
2017-01-24,30.839157104492188,30.87362467886255,30.44278986025945,30.58065687073209,918500
2017-01-25,30.873628616333008,31.106276555481703,30.640977390175085,30.994261855005437,1260300
2017-01-26,31.192453384399414,31.226920971875195,30.70991702076865,30.77023365534624,1428000
2017-01-27,31.244138717651367,31.31307386444795,30.959789454637253,31.071807424677342,2042300
2017-01-30,29.210603713989258,30.623741475226062,28.219682258800304,30.623741475226062,6475900
2017-01-31,29.14167594909668,29.68452891007434,28.92625847266219,29.210611119320433,2755100
2017-02-01,29.021034240722656,29.469102855722994,28.779767789187428,29.365703417494878,2510000
2017-02-02,29.701759338378906,29.89994299980964,28.891787615042613,29.02103940106718,2055700
2017-02-03,29.736223220825195,29.917176376155854,29.400172526225905,29.848241214694763,2602700
2017-02-06,29.822389602661133,29.8913214711725,29.67590404068464,29.76207298508526,1371700
2017-02-07,29.882707595825195,29.951639467509697,29.65005636574759,29.805157185799327,1289000
2017-02-08,29.596956253051758,29.926004669924257,29.29388751593334,29.88270630473463,1200400
2017-02-09,29.614276885986328,29.726846697119502,29.449751015129753,29.614276885986328,1414500
2017-02-10,29.527692794799805,29.770151180347256,29.380488867148454,29.770151180347256,1055100
2017-02-13,29.544992446899414,29.822084734782127,29.536334758053354,29.59694848957766,1125100
2017-02-14,29.4843807220459,29.648906550124117,29.33717687923997,29.363153250746695,1252700
2017-02-15,29.926000595092773,29.969295651185696,29.484382434622248,29.536338483854383,852200
2017-02-16,30.099191665649414,30.142490040545866,29.72685140651736,30.00394382920303,950400
2017-02-17,30.055892944335938,30.246395200500913,29.822095621733965,30.0732116315511,653800
2017-02-21,30.636051177978516,30.67934623561567,29.8740456114001,29.98661540381764,1562900
2017-02-22,30.843862533569336,30.999727352079272,30.618726297499702,30.618726297499702,1405700
2017-02-23,30.60141372680664,31.207554441670837,30.49750492812171,30.94778079335794,1528700
2017-02-24,31.10365104675293,31.1209697352487,30.38494364178993,30.410920022932544,1266500
2017-02-27,31.76174545288086,31.822359206160257,31.077672176497007,31.077672176497007,1715600
2017-02-28,30.973756790161133,31.70112497850312,30.973756790161136,31.588555187764175,1479700
2017-03-01,31.33743667602539,31.536596564498733,31.17291415159981,31.224870197671443,809400
2017-03-02,31.34610939025879,31.36342807875885,31.19024449696032,31.242200562460503,793100
2017-03-03,31.216217041015625,31.43269566585374,30.826554855666686,31.311468164456663,1336900
2017-03-06,31.120956420898438,31.380733333993614,30.73995534659986,30.965091594321596,1204200
2017-03-07,31.328777313232422,31.406709726576807,31.07766139210044,31.17291248654365,1033300
2017-03-08,31.44136619567871,31.675163577790435,31.346115043351418,31.346115043351418,1036900
2017-03-09,31.52794075012207,31.6664869113519,31.250848427662415,31.337438539730666,972600
2017-03-10,31.839693069458008,31.900306851628585,31.605895636855767,31.683828114389847,1382700
2017-03-13,32.177391052246094,32.24666581579057,31.796389762359052,31.796389762359052,1116600
2017-03-14,32.02151870727539,32.203359964581836,31.89163351057155,32.09079345474552,980500
2017-03-15,32.42850112915039,32.54107094752907,32.03883891414874,32.134090044838246,1304800
2017-03-16,32.24666213989258,32.636321079202965,32.20336376601173,32.41118472975247,1146200
2017-03-17,32.57569122314453,32.61032858385316,32.25530389459105,32.48044013279607,1057800
2017-03-20,32.3245964050293,32.56705145701761,32.27264033537365,32.549732767132404,694000
2017-03-21,31.67514991760254,32.610335739539615,31.61453287146098,32.53240331244476,1333900
2017-03-22,31.787723541259766,31.822360917339633,31.56258720314461,31.753086165179898,1051100
2017-03-23,31.68380355834961,32.03017059076655,31.6405085050977,31.6405085050977,1074600
2017-03-24,31.49331283569336,31.813703613542906,31.39806170191117,31.813703613542906,857200
2017-03-27,30.956439971923828,31.172918573126093,30.783256430321753,31.172918573126093,1157200
2017-03-28,30.999736785888672,31.086330213190937,30.731305419255396,30.809237852226683,1045500
2017-03-29,30.956439971923828,31.069009769445373,30.765937745841416,30.973758656404165,1425900
2017-03-30,30.627403259277344,30.87851932525519,30.488857033772767,30.739973099750614,1674700
2017-03-31,30.644716262817383,30.79192345814632,30.63605857048131,30.65337725835542,916900
2017-04-03,30.376283645629883,30.82655629956622,30.246395143362438,30.70532879249091,1029300
2017-04-04,30.28104019165039,30.47153919253056,30.220426422751792,30.35031165473336,967700
2017-04-05,29.90868377685547,30.445549772924206,29.900022783176237,30.229071175760865,1930000
2017-04-06,29.97795867919922,30.237732365214836,29.77014105166738,29.83075480163097,1283700
2017-04-07,30.22041130065918,30.255045363268678,29.874044248956093,29.943318980577114,1010900
2017-04-10,30.263704299926758,30.462864185002918,30.177110891284435,30.1944295730129,650000
2017-04-11,30.584087371826172,30.60140605112985,30.064540205517137,30.21174402479791,987000
2017-04-12,30.099191665649414,30.61008143932654,30.029920211579114,30.61008143932654,854800
2017-04-13,29.735504150390625,30.159803710058792,29.718185463955017,29.96064046765015,747600
2017-04-17,30.23772430419922,30.26370397811605,29.787451796850288,29.848065530654978,924900
2017-04-18,30.341644287109375,30.462871786257153,30.064551916713988,30.064551916713988,1055300
2017-04-19,30.584087371826172,30.79190822026998,30.324313788671653,30.384927514634363,920200
2017-04-20,30.939130783081055,30.982425855969087,30.65338065945817,30.67069604605152,624100
2017-04-21,30.869842529296875,30.91313757862594,30.514817839677722,30.843862857139015,1505400
2017-04-24,30.96510887145996,31.14695347272783,30.826562648666947,31.14695347272783,852200
2017-04-25,31.086332321166992,31.36342470092098,31.05169494789731,31.190241137774308,717300
2017-04-26,31.46732521057129,31.5192812567601,30.939116968854684,31.05168675066335,727600
2017-04-27,31.328777313232422,31.73575806105318,31.26816358098686,31.588550923313484,862300
2017-04-28,31.112302780151367,31.302804993688298,30.843868143185794,31.259506633738198,724600
2017-05-01,31.034387588500977,31.415388923923928,30.358975079232085,30.454222935685625,1046300
2017-05-02,30.809236526489258,31.120962941759164,30.72264310291315,30.999735451953974,1057600
2017-05-03,30.73996925354004,30.774606631382966,30.42823945935799,30.757287942461502,916100
2017-05-04,31.04302406311035,31.051685055269367,30.57543288574451,30.87850154729651,1075200
2017-05-05,31.034387588500977,31.224889907813917,30.835227574311507,31.17293382894595,962300
2017-05-08,30.973756790161133,31.103641961135814,30.869847992741168,31.103641961135814,752500
2017-05-09,30.809236526489258,31.07766788157179,30.653371667253623,30.973759076481823,1012900
2017-05-10,30.947782516479492,31.0603490116552,30.71398522902009,30.8265517241958,547200
2017-05-11,30.999736785888672,31.034374156809577,30.705325739463966,30.869851599737522,359700
2017-05-12,31.164257049560547,31.26816584046141,30.835208691306754,30.9824125364829,507700
2017-05-15,31.57124137878418,31.66649250079262,31.198897885406613,31.198897885406613,673900
2017-05-16,31.49331283569336,31.75308655306167,31.380746316861714,31.709791484033957,749300
2017-05-17,30.852540969848633,31.22488454646321,30.84387997325628,31.112314713179128,787000
2017-05-18,30.81789779663086,31.051695112639,30.765941736450692,30.930467608753684,1085700
2017-05-19,31.129627227783203,31.285492103502087,30.80057878979871,30.878511227658148,1081000
2017-05-22,33.337711334228516,33.4243014709587,32.203362045131925,32.68827539914614,3348200
2017-05-23,33.19049835205078,33.67540827007222,32.826812610333626,33.62345552354196,1374900
2017-05-24,33.38966369628906,33.50223020091771,33.05195427279827,33.33770763809011,1252800
2017-05-25,33.935184478759766,34.05641527063458,33.35502341062196,33.45893221474191,1356800
2017-05-26,33.978492736816406,34.108377953990626,33.72737669246305,33.96983174041675,569000
2017-05-30,33.98714828491211,34.1170367970907,33.874578461237476,33.995805977563045,1533300
2017-05-31,34.15166473388672,34.20362079006213,33.74468718838451,34.07373230122434,857300
2017-06-01,34.12569046020508,34.246917962216195,33.80530301871832,34.246917962216195,1054700
2017-06-02,33.96116256713867,34.27289226810474,33.96116256713867,34.168980165648605,812300
2017-06-05,33.640777587890625,33.97848702344435,33.597482522779146,33.96982602850101,761100
2017-06-06,33.13854217529297,33.5282042887816,33.13854217529297,33.48490592923759,1782800
2017-06-07,33.52993392944336,33.59951774689048,33.1385332511509,33.28639720425652,746000
2017-06-08,33.84307098388672,33.92135115773758,33.521253966029,33.59083449948496,629200
2017-06-09,33.547340393066406,33.86915735472625,33.20812747159522,33.80827315435655,904200
2017-06-12,33.921348571777344,34.121397152381135,33.434271602954816,33.50385544904678,910300
2017-06-13,34.08659362792969,34.17357340594099,33.86045284097885,33.9822212122554,618800
2017-06-14,34.38233184814453,34.50410026762526,34.025722911976416,34.23447114390095,1056300
2017-06-15,34.20838165283203,34.269265867544625,33.99963340385967,34.095309546391135,817000
2017-06-16,27.745922088623047,28.702678365948696,27.250148818646426,28.65049048355211,12616600
2017-06-19,28.232999801635742,28.259095404044132,27.01531064368494,27.65894631775936,4572500
2017-06-20,28.0329532623291,28.57221486105929,27.998161335200496,28.24170150715993,1374500
2017-06-21,28.137317657470703,28.21559781209303,27.980757348226046,28.050341182530264,1203400
2017-06-22,28.607004165649414,28.659192051558012,27.8763903526315,27.972066484493684,1419100
2017-06-23,28.02425193786621,28.667885885168328,27.858991972470648,28.615701321729897,3303400
2017-06-26,28.22429656982422,28.63308997081876,27.78070959379312,27.78070959379312,1304700
2017-06-27,28.0329532623291,28.337377647793193,28.0155572987648,28.189513616467025,948800
2017-06-28,28.433046340942383,28.572210711304127,28.180813200745686,28.198205843843134,761700
2017-06-29,28.137317657470703,28.39825371817169,28.024248903636103,28.38085775959564,996300
2017-06-30,28.302581787109375,28.415650557651603,28.059041648997688,28.189509698626818,1045500
2017-07-03,28.311275482177734,28.763560476207594,28.311275482177734,28.476535438768273,592900
2017-07-05,28.79835319519043,28.859237396275983,28.433044670737004,28.45044063075289,1214500
2017-07-06,28.676589965820312,29.207155229220046,28.563517864290684,28.667890325273035,2367200
2017-07-07,29.355009078979492,29.38110135864225,28.641791346051335,28.80704798048203,1210200
2017-07-10,28.928821563720703,29.4072022295881,28.911428919453282,29.381106627305904,951700
2017-07-11,29.067989349365234,29.154969170596505,28.85924441429203,28.981012846074886,844000
2017-07-12,29.450687408447266,29.546363531654773,29.189754638388727,29.36370760646763,1150800
2017-07-13,29.441997528076172,29.659442128188818,29.320229082883692,29.528977358886003,591200
2017-07-14,29.42459487915039,29.642039405358926,29.40719891890089,29.50287172336291,525700
2017-07-17,28.702674865722656,28.981003568682354,28.14601745980326,28.702674865722656,1524800
2017-07-18,28.702674865722656,28.77225870043251,28.563510514242807,28.702674865722656,1965900
2017-07-19,29.14626693725586,29.355015171704075,28.754869389318973,28.80705395947556,1579900
2017-07-20,29.17236328125,29.407203806741435,29.00710329038156,29.146267677568257,596600
2017-07-21,29.276729583740234,29.320217823474362,29.02449314816628,29.111472945574544,560900
2017-07-24,29.433292388916016,29.44198871042187,29.22454417543223,29.294128019240254,429000
2017-07-25,29.69422149658203,29.96385388109634,29.459381029670833,29.563756782480176,704800
2017-07-26,29.71162223815918,29.763810122964703,29.424597166579844,29.72901819976102,472800
2017-07-27,29.528972625732422,29.83339368991843,29.355016309937234,29.79860176317124,464600
2017-07-28,29.798593521118164,29.815989479680177,29.441984665446537,29.51156849969458,568400
2017-07-31,29.83339500427246,29.95516343531155,29.56376585495473,29.85079096841246,861200
2017-08-01,29.91168212890625,30.04215023127822,29.711633471759782,30.04215023127822,859300
2017-08-02,29.58985710144043,30.024746235821492,29.555065174384158,30.024746235821492,846500
2017-08-03,29.972557067871094,30.076932844591642,29.52027198923731,29.52027198923731,915800
2017-08-04,30.10301971435547,30.39874439264906,29.87687555675094,30.094320075556812,1194200
2017-08-07,29.041885375976562,29.972547522051613,27.8763827839845,29.798591267527204,2135500
2017-08-08,28.833145141601562,29.82469163783356,28.798353221537955,29.10277422724423,1325700
2017-08-09,28.09383201599121,28.659189109164995,27.45019641993175,28.54611702694221,1426300
2017-08-10,28.565996170043945,28.71464252100242,28.146294123712657,28.242476468068958,932400
2017-08-11,29.081884384155273,29.27424909815825,28.329920203634853,28.408614556136452,1818900
2017-08-14,29.45786476135254,29.615253448292606,29.239269733435272,29.26550340492223,1044200
2017-08-15,29.466609954833984,29.96500634360293,29.44037628377037,29.702692981434332,1478100
2017-08-16,29.685209274291992,29.912546664932144,29.501590227756196,29.501590227756196,1546400
2017-08-17,29.300474166870117,29.72892186131281,29.28298950101101,29.72892186131281,804300
2017-08-18,29.44911766052246,29.65896698547442,29.18680433658507,29.20429233624688,861700
2017-08-21,29.658971786499023,29.728923796469694,29.265503404647966,29.36168575060993,786500
2017-08-22,30.104909896850586,30.209834584625455,29.63274379862015,29.790132498030296,1357900
2017-08-23,30.061189651489258,30.192344669029456,29.938776967586886,29.956261634862532,1021700
2017-08-24,29.728925704956055,30.15737345479262,29.69394969772539,30.15737345479262,825200
2017-08-25,29.70269012451172,29.965003461449978,29.56278945577831,29.91253945986431,915400
2017-08-28,29.32670783996582,29.88631054138635,29.282989504322693,29.85133453867377,654600
2017-08-29,29.658971786499023,29.658971786499023,29.239269733161255,29.25675773565392,808900
2017-08-30,29.632736206054688,29.755148866343138,29.492835546368624,29.65896653740369,923300
2017-08-31,29.825103759765625,30.236063446774047,29.746409422583056,29.763897423678642,1315000
2017-09-01,30.306013107299805,30.39344978014359,29.860080739004076,29.886311073758158,779100
2017-09-05,30.12239646911621,30.550840869540263,29.90380143426848,30.201090815081212,874600
2017-09-06,30.375972747802734,30.47215177790369,30.087425651011557,30.183608016608616,777800
2017-09-07,30.393451690673828,30.48089170450935,30.21857833399373,30.288527009566675,938900
2017-09-08,30.323503494262695,30.43717384629732,30.08742045641949,30.306015491219252,988800
2017-09-11,30.489633560180664,30.594561575138407,30.1661138527995,30.542097567659535,1332200
2017-09-12,30.62079620361328,30.760696907673076,30.524613844166694,30.603308198668824,1551300
2017-09-13,30.253551483154297,30.620792876088505,30.236066815605763,30.48963452100582,889500
2017-09-14,30.12239646911621,30.227321151904373,29.991238114009363,30.166114808986652,1110400
2017-09-15,30.8219051361084,30.891857160150455,30.026219207858492,30.069937555136732,1814500
2017-09-18,31.416471481323242,31.451447479408905,30.813150524072032,30.821892855846063,698200
2017-09-19,31.77496910095215,31.871151433927672,31.329036771832417,31.477679769707336,836200
2017-09-20,32.150962829589844,32.20342684640757,31.608847997790768,31.783721382857813,898200
2017-09-21,32.22090530395508,32.33457565072852,31.932361605832195,32.14221096164968,825500
2017-09-22,32.229652404785156,32.30834675058695,32.098494049950325,32.15970039274111,480500
2017-09-25,32.229652404785156,32.26462841080718,32.01105737039079,32.212164401774146,557000
2017-09-26,32.483219146728516,32.62311981680817,32.30834247525518,32.30834247525518,745300
2017-09-27,32.57066345214844,32.859210528064544,32.48322676365645,32.70182182038228,786900
2017-09-28,32.49196243286133,32.64935110825666,32.081002743162934,32.081002743162934,1311100
2017-09-29,32.693077087402344,33.06906086258824,32.57066438580618,32.57066438580618,865700
2017-10-02,32.95538330078125,33.06905364265843,32.62312127913292,32.71055795104138,723200
2017-10-03,33.17397689819336,33.40131757223119,32.8679452240983,33.34885357003129,1366800
2017-10-04,33.23517990112305,33.3488502267463,33.147743241717315,33.200207238657605,1745700
2017-10-05,33.16523742675781,33.34011411368245,33.06905508217449,33.243931769099134,1270500
2017-10-06,32.95538330078125,33.27890632493206,32.87668896186555,33.27016065644408,699400
2017-10-09,32.91167449951172,33.07780889396112,32.736797769536864,33.007856867772695,1932400
2017-10-10,33.04282760620117,33.22644664239016,32.98162126080484,33.09528828197193,617000
2017-10-11,32.78926086425781,33.12152630828786,32.763030522925156,33.12152630828786,922900
2017-10-12,33.514991760253906,33.66363478032401,32.894179337120725,33.05156802630993,1351800
2017-10-13,33.71609115600586,33.75106381807887,33.506238506094235,33.663627159654276,523900
2017-10-16,33.322628021240234,33.8734884492006,33.226445671144475,33.76856042973491,1143100
2017-10-17,32.88542938232422,33.28764334570809,32.745528728299625,33.28764334570809,691300
2017-10-18,32.999107360839844,33.20021438918243,32.95538568622563,32.999107360839844,506300
2017-10-19,33.02534484863281,33.02534484863281,32.70182506650349,32.9379048159653,362800
2017-10-20,33.17397689819336,33.21769856777416,32.89417555745071,33.06905222928864,522800
2017-10-23,32.999107360839844,33.37508774565739,32.95538568622563,33.10403204182391,870100
2017-10-24,32.99036407470703,33.340117483911584,32.91166972441079,33.12152243703267,536000
2017-10-25,32.8504638671875,33.42755466611949,32.77176951571969,33.182729277328875,1634400
2017-10-26,32.763031005859375,32.9816260815099,32.61438461995902,32.90293172085587,1130800
2017-10-27,32.82423400878906,33.13026574925495,32.70182131260271,32.754281990684966,1255300
2017-10-30,32.701820373535156,33.034082443500914,32.66684436548748,32.771769054134786,656000
2017-10-31,33.04282760620117,33.15649462736826,32.771768551234814,32.85046290038662,433000
2017-11-01,33.02534484863281,33.34886463076214,32.90293213839448,33.13901522335249,450900
2017-11-02,33.060306549072266,33.12151287769369,32.82422356632045,33.03407288288112,583400
2017-11-03,33.340110778808594,33.43629311377119,32.955381438958206,33.0603094419147,1002700
2017-11-06,32.002315521240234,33.15649717377703,31.224117639582413,33.00785413368326,2314800
2017-11-07,32.693077087402344,33.75982206216195,32.57066438580618,33.392580621877514,1427800
2017-11-08,32.41325378417969,32.78923730545507,32.33455948122685,32.73677332498861,1609400
2017-11-09,32.01979064941406,32.47446859263746,32.00230265134841,32.22964329070739,615900
2017-11-10,31.993566513061523,32.21216152795385,31.85366583695024,31.89738417282966,611200
2017-11-13,31.835445404052734,31.993565386948724,31.659752438422682,31.817875772383267,757900
2017-11-14,32.14291000366211,32.16047963774926,31.607047892731714,31.686109570591363,1003700
2017-11-15,32.00235366821289,32.265891455865386,31.967214402908617,32.09898497226725,1225000
2017-11-16,32.59091567993164,32.63484142954359,32.1956107419377,32.265885909401256,614800
2017-11-17,32.5206413269043,32.590916496127804,32.43279317654456,32.573350217120144,574400
2017-11-20,32.65241241455078,32.66998204671517,32.4942924272007,32.529428340464776,629900
2017-11-21,33.17070770263672,33.37275681446411,32.92473953319813,32.92473953319813,809500
2017-11-22,32.898380279541016,33.372750242382224,32.872024158673625,33.091639509870745,602700
2017-11-24,32.74905014038086,33.091649657133196,32.511865086229555,32.96866555892111,249700
2017-11-27,32.75783157348633,33.10921417823205,32.69633953387921,32.76661471440242,797600
2017-11-28,33.153133392333984,33.19705579037481,32.71390270979734,32.9159484216365,622100
2017-11-29,33.381534576416016,33.53087141206274,32.854459055108904,33.11799681576246,859700
2017-11-30,33.987674713134766,34.057953242647685,33.17070523840312,33.240983767916035,1023200
2017-12-01,33.86469268798828,34.18093938781502,33.44303153857427,34.07552493822775,870000
2017-12-04,33.90861129760742,34.47082945157785,33.785627228354834,34.17215241865104,1024300
2017-12-05,33.873470306396484,34.277561716508494,33.750482904521306,33.908606213011055,1119400
2017-12-06,33.48695755004883,34.04917247643195,33.46060477258252,33.75928187110672,559500
2017-12-07,33.47815704345703,33.6977723446069,33.39909540100054,33.46937055481545,442000
2017-12-08,33.56601333618164,33.7768455720661,33.41667648868971,33.70656704308304,480100
2017-12-11,33.706573486328125,33.970111318262255,33.451822147728834,33.627511801641354,452100
2017-12-12,34.03160095214844,34.13701539684776,33.55723092440432,33.83833834431236,622000
2017-12-13,33.66264724731445,34.14580044279744,33.66264724731445,33.96132431651456,631400
2017-12-14,33.267337799072266,33.72413820498755,33.240985025040665,33.697785430955946,425400
2017-12-15,33.56601333618164,33.78562871265663,33.34639795970665,33.355184451361886,1177500
2017-12-18,34.32148742675781,34.59381167346352,33.79441191494641,33.79441191494641,802000
2017-12-19,34.2248649597168,34.4181275943799,33.96132713585408,34.347849054115045,836000
2017-12-20,34.119449615478516,34.523541158325365,34.119449615478516,34.321495386901944,328700
2017-12-21,33.9613151550293,34.50596024568181,33.9613151550293,34.29513140139364,513500
2017-12-22,34.014034271240234,34.101879090935334,33.855910914937006,33.97889500293617,471600
2017-12-26,33.680213928222656,34.00524374380683,33.65386115565398,33.89982930246744,625800
2017-12-27,33.77685546875,33.899839579440226,33.50453111574616,33.7241465565689,391300
2017-12-28,33.645076751708984,34.04916826113707,33.5220926706713,33.785630465904184,307000
2017-12-29,33.4957389831543,33.72413750584453,33.46059971779741,33.68021509968081,373000
2018-01-02,33.34640121459961,33.636295148353774,33.30247880523035,33.592372738984515,488700
2018-01-03,33.43424606323242,33.60993568325743,33.37275402601073,33.37275402601073,672800
2018-01-04,33.41667938232422,33.71535645423599,33.41667938232422,33.53966346762936,1709100
2018-01-05,33.697776794433594,33.89103935730635,33.3463909257675,33.54843662737811,1356600
2018-01-08,34.4971809387207,34.541103340237626,33.75048670867527,33.82076523195389,545100
2018-01-09,34.260013580322266,34.69924452365973,34.251230435924626,34.69924452365973,725100
2018-01-10,34.40932846069336,34.45325420775494,34.163360362255766,34.32148366869822,525100
2018-01-11,34.479610443115234,34.52353284353054,34.066732506869826,34.40054878194195,682000
2018-01-12,34.51475524902344,34.67287859677415,34.3917711676762,34.637739330370685,818300
2018-01-16,35.015472412109375,35.358071826556646,34.576241706189414,34.69922576767671,1119500
2018-01-17,35.156036376953125,35.314159745374894,35.00669615074798,35.182389154668314,697200
2018-01-18,34.81342315673828,35.22629769968185,34.80463666691548,35.182375303759855,444000
2018-01-19,34.83100128173828,34.866137196408275,34.277569575141854,34.787075524037355,797800
2018-01-22,34.804649353027344,34.953989574872665,34.532328388413006,34.86614139994447,859800
2018-01-23,34.78708267211914,34.874930854507305,34.505975190608055,34.769516386707025,538200
2018-01-24,34.59382247924805,35.006697197076285,34.541113571176915,34.848573823928305,644100
2018-01-25,34.65530776977539,35.25266187379726,34.60259887198589,34.74315258169311,422600
2018-01-26,34.92763900756836,34.9539951397755,34.57625630510885,34.69924041852296,666000
2018-01-29,35.059391021728516,35.358068003502524,34.611377224599494,34.75193090125409,923800
2018-01-30,34.62895965576172,34.8485750874225,34.39177793850575,34.76073025518441,562200
2018-01-31,34.41811752319336,34.88370098748392,34.382978263343134,34.76950341956708,512300
2018-02-01,34.78708267211914,34.962775685829946,34.26000698205224,34.27757661852987,1014500
2018-02-02,33.9613151550293,34.85734612091419,33.9613151550293,34.61137801888996,1017200
2018-02-05,32.27467346191406,33.469378156626085,31.88814829941918,32.50307195251751,1936900
2018-02-06,31.56312370300293,31.84423113041381,30.930630315796023,31.554337210922355,2052700
2018-02-07,32.7666130065918,33.39910635365901,31.668536140747133,31.686105772728407,1355700
2018-02-08,32.046268463134766,33.0565003187756,32.03748532442714,32.81931536090173,1291400
2018-02-09,31.92328643798828,32.58213246792662,30.948193777509267,32.41522601339202,1627100
2018-02-12,32.84567642211914,33.07407829896031,32.30981434691275,32.30981434691275,2047100
2018-02-13,32.889827728271484,33.05758671085045,32.66026262746969,32.75738412169068,1691700
2018-02-14,33.46373748779297,33.55203095883368,32.67791077553854,32.74854824691513,1162700
2018-02-15,33.81692123413086,33.825752603838865,33.2871535697932,33.59618414596005,1307900
2018-02-16,33.81692123413086,34.18776129371175,33.71096837489946,33.77277449013283,975200
2018-02-20,33.75511169433594,34.125951716293955,33.68447758474128,33.69330558537299,578700
2018-02-21,33.64033508300781,34.04649393568447,33.578528960070706,33.76395069706311,743900
2018-02-22,33.60502243041992,33.9581998232565,33.55204430581282,33.64033781197663,1487400
2018-02-23,33.99350357055664,34.002331570004394,33.68447306718716,33.86989136920885,774100
2018-02-26,34.25840377807617,34.31138190472209,33.9758605056609,34.09947276631989,662600
2018-02-27,33.958187103271484,34.55859215119473,33.958187103271484,34.276048995487336,571700
2018-02-28,33.490230560302734,34.178929182639486,33.48139919078629,34.08180432704213,825700
2018-03-01,33.61383819580078,33.77276914357791,33.09289861546022,33.48139461659313,892100
2018-03-02,34.29371643066406,34.36435055211615,33.295983782774016,33.43725539385908,976300
2018-03-05,34.66454315185547,34.77049935575455,33.63149542518881,33.657982792073625,1174600
2018-03-06,34.576263427734375,34.7705131772516,34.26723279730357,34.7705131772516,611800
2018-03-07,34.673377990722656,34.947093159260106,34.36434408401645,34.36434408401645,512800
2018-03-08,34.62040710449219,34.885290959646014,34.47913549053142,34.77933809122068,533900
2018-03-09,35.00890350341797,35.00890350341797,34.461473100098125,34.7263603002377,1059300
2018-03-12,34.638057708740234,35.12367854828563,34.52327349889784,35.08836317987114,589400
2018-03-13,34.4791374206543,34.70870591130477,34.434990670354175,34.68221516657977,473900
2018-03-14,34.51443862915039,34.67336954401268,34.214236164208224,34.54092599223429,1002600
2018-03-15,34.51443862915039,34.67336954401268,34.42614517341776,34.5320979939328,609100
2018-03-16,34.87645721435547,35.053047544773094,34.461470443101106,34.61157340281923,1263700
2018-03-19,34.25840377807617,34.84114969845536,34.00234788489311,34.814662319223146,734700
2018-03-20,34.611576080322266,34.72636030920033,34.21424864819101,34.382007622566135,362400
2018-03-21,34.735164642333984,34.94707358447038,34.50559970918306,34.62038049166934,365400
2018-03-22,33.91404342651367,34.51444852860658,33.8787246868187,34.42615504754956,819400
2018-03-23,33.2518196105957,34.090620835427934,33.2518196105957,33.96700866152871,779500
2018-03-26,33.74629211425781,33.77277949094254,32.96929650575455,33.56087037292122,544100
2018-03-27,33.63149642944336,34.20541409573782,33.53437159039229,33.90521157875272,1153400
2018-03-28,33.61383819580078,34.0288249336833,33.49905398503282,33.70213166981913,948200
2018-03-29,34.18776321411133,34.470306433386554,33.42842704924133,33.65799215183463,623900
2018-04-02,33.446075439453125,34.25838608610208,33.23416641048658,34.125945890155265,681600
2018-04-03,34.24955749511719,34.28487622736456,33.55202769004007,33.657980518602514,1057200
2018-04-04,34.602745056152344,34.61157642594382,33.60501583328052,33.746287436317814,990500
2018-04-05,34.849971771240234,34.955924628078996,34.620403318545556,34.761674917057434,740100
2018-04-06,34.29371643066406,35.07953997783606,34.06415132571866,34.752850008735756,527500
2018-04-09,34.284881591796875,34.752843078665975,34.276050223263375,34.399662437290665,704800
2018-04-10,34.796993255615234,34.93826485249052,34.40849720625334,34.540937433722355,499200
2018-04-11,34.823482513427734,34.991244859426864,34.59391741914042,34.59391741914042,577500
2018-04-12,35.14134216308594,35.27378575723021,34.84997097142126,34.98241119738501,310800
2018-04-13,35.03538513183594,35.31792828869106,34.894113553408374,35.31792828869106,495900
2018-04-16,35.79473114013672,35.89185600900363,35.20315392439328,35.317938166525174,559900
2018-04-17,36.11259078979492,36.20088428223536,35.724091339423,36.068440675393866,776300
2018-04-18,36.16556167602539,36.27151789745632,35.79472500555858,36.112586933490405,741800
2018-04-19,35.988956451416016,36.31564961338826,35.891835007558974,36.13022798669244,464500
2018-04-20,35.86536407470703,36.139079298958656,35.71526445920775,35.97132031078046,382200
2018-04-23,35.75058364868164,36.103761002104314,35.573993287879816,35.92717064130248,396800
2018-04-24,35.42388916015625,35.99780697221201,35.18549268598759,35.741751125714465,565800
2018-04-25,35.167823791503906,35.468022906518044,34.97357413526686,35.43270754298556,946000
2018-04-26,35.37091064453125,35.485691500174134,34.947095858314675,35.194320308229216,306100
2018-04-27,35.27378463745117,35.57398718889171,35.264953268425636,35.4680309696677,377800
2018-04-30,34.99123764038086,35.45919910229486,34.95591890449074,35.37090563074959,355800
2018-05-01,34.823482513427734,34.90294800148502,34.40849906973365,34.8941199997812,659700
2018-05-02,34.62922668457031,35.07070074890933,34.47912375124154,34.85879171602748,753900
2018-05-03,34.673377990722656,34.68220599117471,33.958188699616564,34.558593775764336,782400
2018-05-04,35.079532623291016,35.33558841725625,34.44380882259945,34.56742440354073,371000
2018-05-07,35.35325241088867,35.37091178190477,35.017731097943965,35.176662068908264,483400
2018-05-08,35.68877029418945,35.96248549219672,35.476864578722406,35.883020006851424,559800
2018-05-09,35.83887481689453,36.00663379625908,35.6181377222766,35.74174995635372,460000
2018-05-10,36.02428436279297,36.139068567028836,35.74174122019694,35.94481889342659,293500
2018-05-11,36.06843566894531,36.3421508466072,35.83004259880992,36.006629559179785,578200
2018-05-14,35.88301467895508,36.094923731138564,35.803549205408785,35.99779888922864,420500
2018-05-15,36.17439651489258,36.218543260632885,35.62696608953425,35.74175032300368,588100
2018-05-16,36.43044662475586,36.53640284947774,36.05078194146782,36.16556279931232,453200
2018-05-17,36.377479553222656,36.61587605685801,36.20088917628744,36.48343243211127,600700
2018-05-18,36.80128860473633,36.818947976449344,36.271520926068874,36.403961161645356,724900
2018-05-21,36.81895065307617,37.06617513866936,36.721825785684274,37.03085639267576,589700
2018-05-22,36.43044662475586,36.8895801606756,36.39513125136248,36.81894604570826,512800
2018-05-23,36.4481086730957,36.50108678934853,36.20088420027753,36.28917769251807,434700
2018-05-24,36.77480697631836,36.90724723258502,36.34216072221217,36.48343234980538,1147000
2018-05-25,36.898399353027344,37.08381763282841,36.66883097673886,36.66883097673886,1154700
2018-05-29,38.86738967895508,38.99982992045489,37.29574257619376,37.42818281769358,2577400
2018-05-30,39.767982482910156,40.04169423311688,39.13225878507327,39.379483170596664,1895800
2018-05-31,39.8121452331543,39.979904223951365,39.64438624235722,39.9357574756554,1063000
2018-06-01,39.57373809814453,40.068190303234104,39.45012588891716,39.909259357604604,1152100
2018-06-04,40.08585739135742,40.11234476467004,39.55608634783993,39.68852995076448,990700
2018-06-05,39.9180908203125,40.37722432882751,39.77681923062945,40.1476592586602,772300
2018-06-06,39.83863067626953,40.0063930271109,39.50311271094845,39.89160879256378,1084700
2018-06-07,39.37950134277344,40.05054408196914,39.114617469167214,39.909272458167074,992500
2018-06-08,39.441287994384766,39.45011936111402,39.06162342951518,39.29118844178278,1079300
2018-06-11,39.538414001464844,39.69734492554786,39.3529957127612,39.3529957127612,621200
2018-06-12,39.79448318481445,39.856289301909776,39.37066836694048,39.66203958064975,894600
2018-06-13,40.08708190917969,40.34422171652099,39.829942101838384,39.84767623156255,1269900
2018-06-14,40.30876541137695,40.450635108804946,39.89202507780495,40.22009811889961,955400
2018-06-15,39.92747497558594,40.31761903387363,39.80333945974499,40.17574938970696,841300
2018-06-18,40.10481262207031,40.13141212317065,39.510734547902075,39.75014020512243,1971700
2018-06-19,40.273284912109375,40.37082093368111,39.821076445886945,39.962946100235094,1153100
2018-06-20,40.38856506347656,40.66343906665205,40.211227106022704,40.31763190995915,678500
2018-06-21,39.97182083129883,40.40629523286867,39.84768190555329,40.30875919671711,996300
2018-06-22,39.54621124267578,40.06049096726672,39.4841434665962,40.00728856672418,1299600
2018-06-25,39.07625198364258,39.33339173696925,39.01418423386561,39.315657610970305,1376300
2018-06-26,38.978729248046875,39.1028647898496,38.88119321307621,39.08513404025478,1892900
2018-06-27,38.43784713745117,39.156064209275804,38.35804524058177,39.13833007858932,1368900
2018-06-28,38.56198501586914,38.641786910593794,38.04770538710146,38.41124660030501,1018200
2018-06-29,38.77479934692383,39.2358767222076,38.6063301334788,38.6949974284624,1186500
2018-07-02,39.5373420715332,39.59054446696829,38.464452465224,38.508786103533346,1651100
2018-07-03,40.12255859375,40.30876192129449,39.555079853172465,39.688080780372765,885700
2018-07-05,39.96295928955078,40.078229478764555,39.617152104349934,40.069360719818626,1809100
2018-07-06,40.50383377075195,40.60136981292786,39.86541850010246,39.90088676679189,1003200
2018-07-09,40.58363723754883,40.60137137157434,39.377743183335625,40.12255990020612,1291300
2018-07-10,40.62796401977539,40.663432281836215,40.36195881919848,40.592495757714566,1024400
2018-07-11,40.707759857177734,40.707759857177734,40.30875042450141,40.34421868128134,1437100
2018-07-12,40.97377014160156,41.11563980402183,40.58362941555571,40.787566843882374,1493900
2018-07-13,41.230918884277344,41.46145586718452,40.79644104647037,40.920579987586855,977900
2018-07-16,41.026981353759766,41.50579283578205,40.93831068165918,41.44372505653178,626400
2018-07-17,41.21317672729492,41.26637912027421,40.94717152727777,40.9560369015545,632500
2018-07-18,41.13337326049805,41.22204391208222,40.79643154935718,41.19544102538722,1317300
2018-07-19,41.23978042602539,41.32845109000733,41.018108839730516,41.159978519661635,953100
2018-07-20,41.25751495361328,41.47032116676629,40.86737417567945,41.12451403002766,622300
2018-07-23,41.062442779541016,41.275245592238235,40.920573110262964,41.275245592238235,549000
2018-07-24,40.7343635559082,41.32844507965054,40.46835836752723,41.22204368078605,834300
2018-07-25,40.707759857177734,40.85849825727285,40.50382245435187,40.76982761532304,1246300
2018-07-26,41.01811218261719,41.06244920944151,40.39743439635962,40.64570551086265,1014100
2018-07-27,40.55702209472656,41.053564126284286,40.46835145877775,41.053564126284286,1264200
2018-07-30,39.723541259765625,41.94912552580663,39.21813039411827,41.78065298229788,2128200
2018-07-31,41.91365432739258,42.303795012093566,40.53042272855221,40.769828392723,2938800
2018-08-01,41.81611633300781,42.00231960218818,41.64764719171687,41.86931871667608,1698800
2018-08-02,42.07325744628906,42.25946072136686,41.47917598171435,41.47917598171435,1390400
2018-08-03,42.31267166137695,42.34813654301019,41.762923715563915,41.97572991756248,903600
2018-08-06,43.013153076171875,43.022021833781764,42.23287152850017,42.31267343478932,1291200
2018-08-07,43.270286560058594,43.53629174772979,42.871277087332054,43.146151031307994,1958500
2018-08-08,43.66929244995117,43.93529761579806,43.31461664052919,43.31461664052919,856300
2018-08-09,43.67816162109375,44.00623795719046,43.62496261276201,43.92643606225335,930800
2018-08-10,43.56289291381836,43.98850187377202,43.3412213691067,43.926434111847904,901100
2018-08-13,43.56290054321289,44.185991357920486,43.53619776684186,43.58960671515569,912000
2018-08-14,43.945655822753906,44.01686775325385,43.45608568506792,43.61630913312104,539400
2018-08-15,43.776519775390625,43.927839990080244,43.58069041937277,43.803222543730975,587600
2018-08-16,43.84773254394531,44.0524651063219,43.71421529371793,43.87443871044765,657600
2018-08-17,44.27499771118164,44.31950346171874,43.6875129756071,43.83883320654744,437000
2018-08-20,44.38180923461914,44.42631498219101,43.990150506616544,44.26609157447557,695200
2018-08-21,44.77347946166992,44.809085429800675,44.37292080912902,44.50644149183333,981700
2018-08-22,44.89808654785156,45.147324871425084,44.56873990790977,44.817974835912075,508100
2018-08-23,44.3462028503418,45.0583049913318,44.31950008117057,44.87137881599146,853700
2018-08-24,44.81797790527344,44.835780886431586,44.24829609049851,44.39961973255705,473100
2018-08-27,45.44997024536133,45.476673018368956,44.83577930161519,44.93369399673827,791200
2018-08-28,45.20073318481445,45.70810625965745,45.04050975111968,45.51228025947494,898400
2018-08-29,45.50336837768555,45.60128305685576,45.120612847604214,45.21852752677443,768000
2018-08-30,45.49447250366211,45.59238719126263,45.307546315827146,45.4232605870177,573800
2018-08-31,45.53898620605469,45.7971243556116,45.37876276119672,45.42326851908578,770000
2018-09-04,45.79711151123047,45.81491448850736,45.280835356912846,45.50336747951788,716000
2018-09-05,46.090858459472656,46.09976164711575,45.51227689880579,45.797117783103275,659500
2018-09-06,46.518131256103516,46.687257907312656,46.001858299353785,46.16208176072453,853200
2018-09-07,46.38459396362305,46.76734946786786,46.2777795006342,46.446902683330755,865300
2018-09-10,45.74370574951172,46.57152557461735,45.72590277100105,46.57152557461735,925700
2018-09-11,45.9929313659668,46.188760694451446,45.5389673901536,46.019637526123056,714600
2018-09-12,46.126461029052734,46.17986996427266,45.78821123046838,46.064152302414946,680800
2018-09-13,46.19767379760742,46.277785504134386,46.055253363289594,46.251079338244736,756300
2018-09-14,46.65162658691406,46.73173827406384,46.00183330028597,46.12645072572558,933400
2018-09-17,46.25108337402344,46.78516259599625,46.18877464079564,46.78516259599625,1206000
2018-09-18,45.92172622680664,46.34008767901748,45.841614531608194,46.16206131240198,1194600
2018-09-19,44.604339599609375,46.259979149980154,44.48862194405369,46.14426149442447,1421800
2018-09-20,44.26609802246094,44.622150846041826,43.82993687892429,44.59544467715187,1464400
2018-09-21,44.123680114746094,44.5153355267969,43.95455688136379,44.266100573271075,1654600
2018-09-24,44.11477279663086,44.346204728917364,43.910043634646755,44.05246406887791,576800
2018-09-25,44.3462028503418,44.515326047711035,44.12367071905924,44.185979444172695,806600
2018-09-26,44.38180923461914,44.90698520533735,44.27499476133247,44.38180923461914,1273700
2018-09-27,44.301700592041016,44.72006211838164,44.301700592041016,44.41741826018077,1034400
2018-09-28,44.17708206176758,44.559837620089326,44.114773333256686,44.28389653984752,786000
2018-10-01,44.123680114746094,44.4441269953202,44.07917435812671,44.35511548208142,1074600
2018-10-02,44.13257598876953,44.40851367141808,44.123672801578344,44.23939046606668,900600
2018-10-03,44.061363220214844,44.435215581300184,44.04356024174826,44.257192587776274,835500
2018-10-04,43.99016571044922,44.079180631929084,43.509498716746165,43.883351200245436,1139600
2018-10-05,44.09697723388672,44.319509412020295,43.776530354082915,44.02576530700962,877200
2018-10-08,43.838829040527344,44.168175637889256,43.5361852118359,43.99905244369169,642800
2018-10-09,44.13257598876953,44.39071069260672,43.62519958157332,43.68751170519858,1145500
2018-10-10,42.79738998413086,44.26610031751428,42.770683813856266,44.0435681401315,998300
2018-10-11,42.067474365234375,43.39376741726986,42.067474365234375,42.628256310309744,1008800
2018-10-12,42.45914077758789,42.797390643178545,41.96066747016859,42.56595527361645,994300
2018-10-15,42.984317779541016,43.36707341036629,42.245509293575886,42.48584446145954,537300
2018-10-16,43.89224624633789,43.96345477473758,42.95760841985989,43.27805528658704,543100
2018-10-17,43.75872802734375,43.901148487658126,43.5094930706865,43.84773954170088,456700
2018-10-18,43.26024627685547,43.80322523696577,42.96650562033883,43.678607782954415,1451300
2018-10-19,43.63410186767578,43.73201655133071,43.31365504683089,43.340357816710984,948700
2018-10-22,43.97235870361328,44.088072988658084,43.45608243284174,43.81213526755118,752800
2018-10-23,43.945655822753906,44.16818801220861,43.0733300475601,43.473888667692904,706900
2018-10-24,42.0496826171875,44.079175031043825,42.02297644635091,43.82994007371315,1272600
2018-10-25,42.53923797607422,42.70836115334695,41.90724761326667,42.19208843581572,1000000
2018-10-26,41.675819396972656,42.20099538936288,41.36427575554245,41.951760476218716,2075900
2018-10-29,43.33146286010742,44.85358203338455,42.41463143916938,42.94870726978796,2310600
2018-10-30,42.77958297729492,43.936749511692035,42.21880099229485,43.70531416746987,1682100
2018-10-31,44.09697723388672,44.435223699838225,42.86859865982934,43.37597175432817,1215000
2018-11-01,42.815181732177734,44.274995400845384,42.61045257393329,44.24828923545981,1350100
2018-11-02,42.548152923583984,43.71422279074992,42.03188002213553,42.9042057763959,1415400
2018-11-05,42.83298873901367,42.886397679237,42.07638076149181,42.316715899139886,1069500
2018-11-06,43.616294860839844,44.13257100131144,42.832980859518045,42.93979872031463,1415100
2018-11-07,45.19182586669922,45.29864033951841,43.92784158865043,44.007953292157545,1255000
2018-11-08,45.28083801269531,45.51227333529815,44.266092017391436,45.058305877038464,2198700
2018-11-09,45.76151657104492,45.83272849729252,45.111723024107484,45.23634049946925,1194800
2018-11-12,45.832733154296875,46.162079857727676,45.45887729465304,45.68140949343069,2016100
2018-11-13,46.29730224609375,46.5117258337623,45.65403489123542,46.100747574743195,1743100
2018-11-14,45.76124572753906,46.645734880877555,45.52002048349754,46.52959204378679,1257000
2018-11-15,46.94056701660156,46.97630484726996,45.493215547855414,45.493215547855414,1442300
2018-11-16,47.10138702392578,47.18179544428048,46.54746083563903,46.7529516717712,1482400
2018-11-19,46.368778228759766,47.244334685450504,46.28836980885208,47.020978342167744,1111700
2018-11-20,45.58256149291992,46.48491959142965,45.49321691356678,45.88632624642614,1110300
2018-11-21,45.75232696533203,46.03822290222228,45.26094353681119,45.76126313044333,728100
2018-11-23,45.6093635559082,45.99353673007108,45.278797129819424,45.35920554785694,266900
2018-11-26,46.0918083190918,46.368771370732105,45.68976627901613,46.08287556626648,487300
2018-11-27,45.53788375854492,46.4670433809227,45.35919803603688,46.01139802626655,2201400
2018-11-28,45.886322021484375,45.966730431425056,45.1447774177929,45.74337411582838,1491800
2018-11-29,45.528961181640625,46.04714959070234,45.52002842651612,45.82379322296492,741000
2018-11-30,45.8416633605957,45.922071791445674,45.47535904408978,45.62723974227984,808400
2018-12-03,45.58256149291992,46.62786751024745,45.25199506968137,46.404511174085435,1989500
2018-12-04,44.22455596923828,46.10968405181645,44.144147549331954,45.54682511247217,1959900
2018-12-06,44.28710174560547,44.3585774214894,43.340069489030284,43.867190670156916,1680800
2018-12-07,43.40260314941406,44.51044862406998,43.25965182814534,44.27815954330247,1089700
2018-12-10,43.84931182861328,44.278155529099756,43.34899247397234,43.55447986744627,1532800
2018-12-11,44.081600189208984,44.769538012874875,43.71529598784369,44.3496270717439,1033500
2018-12-12,45.13585662841797,45.671910564677134,44.4657875040201,44.56406485423544,1034500
2018-12-13,45.001834869384766,45.41281312919924,44.78741468944855,45.25199629017342,658100
2018-12-14,43.88505172729492,44.69806865001289,43.78677439463442,44.6533980646619,763800
2018-12-17,42.5985221862793,43.68850223524688,42.3840985965252,43.670633318755094,1081800
2018-12-18,42.938026428222656,43.25965671295398,42.54491706663858,42.89335243120812,1266100
2018-12-19,42.178611755371094,43.3400640783026,41.81230748256621,43.02736655571822,886500
2018-12-20,41.624698638916016,42.21435939573689,41.19585476196885,42.08928035764582,1623600
2018-12-21,39.9986457824707,41.58894151484386,39.62340543402569,41.58894151484386,2293500
2018-12-24,38.82826614379883,39.73956043913153,38.783595556489324,39.426862919817665,609700
2018-12-26,40.2756233215332,40.29348883242773,38.631720259263524,39.069496847283595,791500
2018-12-27,39.9897346496582,40.10588095021781,38.97122985067831,39.74851269886716,1250800
2018-12-28,40.20414733886719,40.60618949388542,39.81104134737591,40.23988517667943,828500
2018-12-31,40.266693115234375,40.40964108057389,39.65023065373553,40.32029988029232,1114100
2019-01-02,39.605552673339844,40.15947550979176,39.32858955104004,39.59661651008789,1536400
2019-01-03,39.28390884399414,40.025450020025055,39.01587854581383,39.22136934992455,1053200
2019-01-04,40.88313674926758,41.16903595643289,39.91823927961665,39.91823927961665,1570200
2019-01-07,40.740203857421875,41.061837601836196,40.45430795308648,40.89208797368331,1479700
2019-01-08,41.00822830200195,41.05289889154755,40.44536933091437,40.97249046710647,1127700
2019-01-09,40.71339797973633,41.41026874861696,40.57938279734498,41.18691238339648,1335200
2019-01-10,40.865272521972656,41.05289100691862,40.356016992888534,40.49003214393386,1546700
2019-01-11,41.72297286987305,41.7497745451254,40.775940582564246,40.954626369925066,984500
2019-01-14,41.45492935180664,41.63361165972279,41.01714951786033,41.311981460585784,1799300
2019-01-15,41.696163177490234,41.95525737011644,41.446005147725636,41.45494131058726,787300
2019-01-16,42.0803337097168,42.330495131724774,41.70509668892582,41.89271519932131,731500
2019-01-17,42.47343826293945,42.73253240986076,41.8569726438407,41.94631721595854,660400
2019-01-18,42.518123626708984,43.01844318006833,42.36623950537834,42.79508678434243,825200
2019-01-22,42.08926773071289,42.616388810349996,41.91951473724595,42.28582239340213,632100
2019-01-23,42.37517166137695,43.01843911082638,42.15181528677899,42.30369598559466,710800
2019-01-24,42.40196990966797,42.76827419808555,42.2322203056224,42.49131449717685,786800
2019-01-25,43.19712448120117,43.33113967851766,42.54492423110022,42.57172931545234,863000
2019-01-28,42.66999435424805,43.11670704116003,42.59852209657874,42.95589360936726,1065200
2019-01-29,42.8754768371582,43.12563480249044,42.509172641573144,42.67892220259907,696900
2019-01-30,43.13457107543945,43.35792739361492,42.83080634639494,43.15243998987113,813000
2019-01-31,43.89398956298828,44.0280013241513,42.93802468580663,43.11670703402399,1473700
2019-02-01,46.0918083190918,47.351537772564335,45.609357871001,46.64573101422559,2134500
2019-02-04,46.958438873291016,47.119255713224845,45.79698316084725,46.458119437036046,1305500
2019-02-05,47.271141052246094,47.289009970461606,46.40451726360605,46.96737625887776,1054000
2019-02-06,47.64636993408203,47.708909428557085,46.851218603483716,47.30686738682689,1083900
2019-02-07,48.361106872558594,48.405777450783575,47.10137748099288,47.449812762553044,1270700
2019-02-08,48.647010803222656,48.65594355710373,47.97694179328336,48.075219126711346,951600
2019-02-11,47.762516021728516,48.906102730491774,47.691043769513534,48.691679157552706,1401000
2019-02-12,48.128814697265625,48.164552523315535,47.69997100910674,47.96799788818771,840000
2019-02-13,47.96731185913086,48.37107780193711,47.80580548200836,48.263408024775615,941400
2019-02-14,47.787864685058594,48.11985195024807,47.67122384105662,47.832730234186414,1249600
2019-02-15,48.27238464355469,48.514644237159395,48.039099529024725,48.039099529024725,1095100
2019-02-19,48.4967041015625,48.4967041015625,47.832736332060435,48.15574573673747,650800
2019-02-20,48.23649978637695,48.82868883944006,47.967323566395784,48.721019035999866,1142500
2019-02-21,48.146766662597656,48.34416411822197,47.725055161131436,48.29930199360573,683100
2019-02-22,48.550540924072266,48.73896393330722,48.227528095234476,48.28136470762787,1098900
2019-02-25,47.949371337890625,48.855602040111734,47.93142580269447,48.69409564610719,660500
2019-02-26,47.35718536376953,47.98526544433041,47.31232323432113,47.958348851213586,1253700
2019-02-27,47.31232452392578,47.47383093255112,47.177738131912115,47.18670918894189,1416100
2019-02-28,47.4289665222168,47.814786988415044,47.18670692092295,47.18670692092295,1453400
2019-03-01,48.02116394042969,48.02116394042969,47.195686255374625,47.805820893922665,674200
2019-03-04,47.743003845214844,48.326221771983946,47.24951359635841,48.20957750207794,1428500
2019-03-05,47.67123031616211,47.87759886368958,47.52766943863164,47.72506350601022,1031800
2019-03-06,47.33027267456055,47.70711870032354,47.20465733263955,47.66225656717481,590400
2019-03-07,47.37512969970703,47.545610579156815,46.827802835125915,47.339238627953286,782400
2019-03-08,47.84170913696289,47.86862573264555,47.11493024867848,47.14185026712255,1010600
2019-03-11,49.54648208618164,49.69901397763648,48.003200525408566,48.08395370993181,2262800
2019-03-12,49.968196868896484,50.031004529481734,49.47470664025777,49.65415856597025,1760800
2019-03-13,50.27327346801758,50.48861650348455,50.066904913024175,50.23738581440761,2026500
2019-03-14,50.488616943359375,50.52450802004347,50.12074196425104,50.24635730988391,1279100
2019-03-15,50.77573013305664,50.811621203677156,50.33607307485752,50.66806034395597,1769400
2019-03-18,51.2243537902832,51.25127037952602,50.6501104013658,50.91928656207576,1690200
2019-03-19,51.340999603271484,51.5922302378419,51.11668555875913,51.56531364778384,1473200
2019-03-20,50.9551887512207,51.448679057359875,50.47964055998579,51.34998031157978,1388900
2019-03-21,51.56532287597656,51.87039016801901,50.68601207485688,50.68601207485688,1060800
2019-03-22,51.25127029418945,51.78065155923384,51.206408171272585,51.439696686857204,1296900
2019-03-25,50.72189712524414,51.32306062112015,50.62319838541666,51.314086141447945,918000
2019-03-26,51.68195724487305,51.690931723878506,50.9372363571809,51.18846700515981,827900
2019-03-27,51.511497497558594,51.9062891404586,51.08978583115123,51.62814180539166,750700
2019-03-28,51.969078063964844,51.969078063964844,51.48456231164219,51.71784742033378,808100
2019-03-29,52.166481018066406,52.41771168814916,51.92422140501754,52.24723422241603,1066200
2019-04-01,52.695865631103516,52.73175670697921,51.870391422530794,52.444634945496404,764100
2019-04-02,51.99599838256836,52.63304947423072,51.75373879360644,52.63304947423072,894500
2019-04-03,52.229286193847656,52.435654723393284,52.00497212832923,52.26517726579325,755500
2019-04-04,52.040863037109375,52.37284689466268,51.8793566366216,52.37284689466268,671500
2019-04-05,52.579219818115234,52.713809637357684,52.220319338070844,52.34593467722445,1161400
2019-04-08,52.345924377441406,52.6958537313048,51.89729629858873,52.64201712964866,616200
2019-04-09,51.48455810546875,52.04085595210101,51.35894279391571,52.04085595210101,906800
2019-04-10,51.59223556518555,51.74476748827905,51.466620234929465,51.60120662187767,1143800
2019-04-11,52.292091369628906,52.345927974985045,51.601203669982326,51.69093134557588,999700
2019-04-12,52.552303314208984,52.579219908999484,52.05881301406914,52.46257904973312,642600
2019-04-15,52.33696365356445,52.63305646422251,52.09470403242897,52.480524530226816,872700
2019-04-16,51.6191520690918,52.426684080433965,51.5204533318432,52.426684080433965,894500
2019-04-17,51.03594207763672,51.75374647211769,50.802653510204564,51.72682987693757,880700
2019-04-18,51.08978271484375,51.251289154988314,50.83855199584635,51.17951041645842,758700
2019-04-22,51.57429122924805,51.708881042089395,50.81162475051007,50.89237795366266,827600
2019-04-23,52.624088287353516,52.74970363346368,51.690940826590186,51.95114599939637,873200
2019-04-24,52.704837799072266,52.92017739935583,52.62408459327562,52.7138088562669,881800
2019-04-25,52.704837799072266,53.09065486814375,52.66894672477126,52.72277991346153,777400
2019-04-26,52.92914962768555,53.03681942324702,52.65997000464024,52.794559816162895,765600
2019-04-29,52.561275482177734,52.902230410396676,52.417711188913586,52.902230410396676,449100
2019-04-30,53.198326110839844,53.207297167700546,52.7407234874385,52.83045116985107,892900
2019-05-01,52.624088287353516,53.31497269095942,52.61511380676767,53.16244074861464,637100
2019-05-02,53.305999755859375,53.467506173102244,52.633057491601214,52.740727295509345,915300
2019-05-03,53.74565505981445,54.077638940599286,53.49442096216321,53.62901077957499,682300
2019-05-06,54.37372970581055,54.42756631530644,52.60613714520918,52.97401208652836,680600
2019-05-07,53.440589904785156,54.014833426157075,53.0009327834315,54.014833426157075,740600
2019-05-08,53.29702377319336,53.611062098389134,53.12654289143477,53.368802494911954,684900
2019-05-09,54.06865692138672,54.16735565069147,53.32393605776491,53.32393605776491,1155300
2019-05-10,54.94796371459961,55.190219843594676,53.80844808497707,53.84433572679393,953800
2019-05-13,53.673858642578125,54.22118540116935,53.503381218902305,54.22118540116935,689900
2019-05-14,53.9340705871582,54.37372420725069,53.66489441242147,53.90715399651276,606500
2019-05-15,54.44552230834961,54.768535181839056,53.71874334299835,53.71874334299835,782400
2019-05-16,54.95694351196289,55.33378948169114,54.696738386525276,54.696738386525276,691100
2019-05-17,54.894142150878906,55.26201710663916,54.48140506349154,54.553183789542665,791700
2019-05-20,54.795440673828125,55.33379307201679,54.45448232950273,54.48140234534491,707200
2019-05-21,55.3966064453125,55.585029450173955,54.93003275034995,54.98386593873253,1231500
2019-05-22,55.7375602722168,56.150300770586604,55.181262325841594,55.23509893591448,900700
2019-05-23,55.55809783935547,55.7106331610512,54.93899234282229,55.2620050967563,1066000
2019-05-24,55.95289993286133,56.21310506512757,55.692694800595085,55.87214673397735,1108700
2019-05-28,56.38359069824219,56.58995925360098,53.57517728829406,54.83133758142576,2902000
2019-05-29,56.688655853271484,57.137284023415916,55.908043795593336,56.34769748558855,1421100
2019-05-30,56.302825927734375,57.25391872141666,56.03364975526149,56.93090594534491,1029600
2019-05-31,56.67967987060547,56.966805040826934,55.728590365678855,56.07851978147345,1280300
2019-06-03,56.563026428222656,57.87301953737356,56.32973792109359,57.047545552788755,1552200
2019-06-04,57.66666793823242,57.75639905795318,56.8232515461485,56.95783795744465,1007200
2019-06-05,58.31269073486328,58.6087869858059,57.83714594454374,57.83714594454374,829700
2019-06-06,58.824119567871094,59.057408117582426,58.240908461875996,58.581863384129356,690900
2019-06-07,59.263771057128906,59.5778093384656,59.039457021099686,59.1471233772602,785200
2019-06-10,59.13816452026367,59.64062584496394,59.03946578212296,59.48809392075452,663700
2019-06-11,58.276790618896484,59.37144433766988,57.8640535659285,59.20993793907181,654000
2019-06-12,58.66260528564453,58.743361899728285,57.94480446484431,58.23192616226865,598500
2019-06-13,58.365474700927734,58.977763204402216,58.11335711767747,58.2394159093026,758600
2019-06-14,58.68962478637695,58.90572457938428,58.221407423246326,58.40148943913767,725500
2019-06-17,58.779659271240234,58.9777535885503,58.248412574533965,58.74364149812133,590300
2019-06-18,58.707637786865234,59.25689693653536,58.5725796924295,59.09482035352304,713100
2019-06-19,58.995765686035156,59.24789012626885,58.68962488456996,58.69863104628617,809900
2019-06-20,59.3109130859375,60.32838941947688,59.14883654106781,59.60804769345874,1120400
2019-06-21,59.51801681518555,59.52702297745628,58.644604556527746,59.16685205320608,1506000
2019-06-24,59.52703094482422,59.83317180611432,59.32893656648831,59.74313078042252,919600
2019-06-25,59.53603744506836,60.04927885107369,59.46400187623148,59.59906685037814,810000
2019-06-26,58.83369827270508,59.65308737408696,58.779675033383946,59.65308737408696,1364500
2019-06-27,59.608055114746094,59.7791378416552,58.74364905771724,58.905725622765694,1740500
2019-06-28,59.61705017089844,59.85116224784344,59.16683833737434,59.689085712987264,1698100
2019-07-01,60.0312614440918,60.319396825366944,59.75213222558164,60.13931478820349,1401800
2019-07-02,60.07628631591797,60.24736906264764,59.69810991022134,60.031262371087166,1305100
2019-07-03,60.78763961791992,60.89568612523279,60.049292049285675,60.265391933602864,465700
2019-07-05,61.210819244384766,61.21081924438476,60.26537140923627,60.571512235283365,570000
2019-07-08,60.445457458496094,61.030734401561524,60.202346013983465,61.030734401561524,720600
2019-07-09,61.066749572753906,61.11177351632966,60.004249079445266,60.21134960232876,555700
2019-07-10,61.4809455871582,61.56198731407992,61.09376301777319,61.19281020085002,476900
2019-07-11,61.45392990112305,61.7870892103051,61.12077059194099,61.71505365107292,670400
2019-07-12,61.96717071533203,62.04821243620602,61.25583503072241,61.57098201259022,642700
2019-07-15,61.886131286621094,62.12924269188292,61.76907179509374,61.976172293396274,514800
2019-07-16,61.634002685546875,61.93114417054708,61.15677919916425,61.80508539564178,824900
2019-07-17,61.066749572753906,61.90414408756232,61.03073179183116,61.62501487252261,645600
2019-07-18,60.67056655883789,61.09376693737393,60.490484506975285,60.96770812713212,971100
2019-07-19,60.00424575805664,61.20181114611496,59.95922181697307,60.90466962221678,862200
2019-07-22,60.33739471435547,61.06673572095889,60.004235468657654,60.229341396097006,908500
2019-07-23,60.79661560058594,60.8596449955796,59.98623962772142,60.616533577658004,1007200
2019-07-24,61.048728942871094,61.16578154950849,60.41842823792437,60.97669339893074,594600
2019-07-25,61.57999801635742,61.688051371561826,60.88667454544351,61.22883319905569,619700
2019-07-26,62.30933380126953,62.354357746073894,61.679039792145296,61.706051411152124,1157200
2019-07-29,64.41632080078125,64.7584793787283,62.87659689548668,63.63294960558708,2868900
2019-07-30,62.69650650024414,63.65995968806561,62.228289148554985,63.362825056074605,1342900
2019-07-31,61.904136657714844,62.85858369370076,61.28284203332256,62.66949551881799,1117100
2019-08-01,62.08421325683594,63.236761398454675,61.715043100836766,62.05720164416379,798400
2019-08-02,61.94014358520508,62.24628432814895,61.24681352905318,61.77806705373854,1134700
2019-08-05,60.65254592895508,61.18379265783838,60.103286877577446,60.62553431490179,2293400
2019-08-06,61.99418640136719,62.129251365229486,60.89566810416499,60.98571599319948,903000
2019-08-07,63.44386672973633,63.49788996506121,61.43592529368474,61.489948529009624,978700
2019-08-08,65.05561065673828,65.09162842817717,63.488875382427594,63.84004006684744,1043800
2019-08-09,65.19969177246094,65.53284418756796,64.38930896463965,64.94756733360323,735000
2019-08-12,65.67691802978516,66.02808278284618,64.94757003753712,65.16367670841223,761100
2019-08-13,65.21623992919922,66.54405095908493,64.6020146531779,65.84853450560232,1286500
2019-08-14,63.8523063659668,65.03559060081075,63.83423706493851,64.51169113369696,552000
2019-08-15,64.5929946899414,64.74654930462405,63.761979057559365,64.18651807932177,609000
2019-08-16,65.86659240722656,65.92079341324396,64.95429265152481,64.9813897088243,779100
2019-08-19,66.39049530029297,66.74277084649123,63.76197034174728,66.38146065024668,883100
2019-08-20,66.46275329589844,66.73373075241183,65.94788854796295,66.40855229146118,826900
2019-08-21,67.79959106445312,67.9802495911764,66.82406258582002,67.22149756177494,845900
2019-08-22,67.71832275390625,67.84478031958847,67.14022905609599,67.79058618898765,736800
2019-08-23,66.36339569091797,67.82669193690978,66.13757768837172,67.56474911840445,830700
2019-08-26,66.5711669921875,66.86924851067518,66.19179427306912,66.76086024316757,857900
2019-08-27,66.54407501220703,66.89635069137788,66.25502812438937,66.65247017942168,999700
2019-08-28,67.37507629394531,67.52863781956428,66.06533423991362,66.39051281316932,862100
2019-08-29,67.93508911132812,68.46802319697458,67.60991062652457,67.9621861698253,718200
2019-08-30,68.2060775756836,68.59448485078173,67.94412784211332,67.96219025172337,877000
2019-09-03,68.11573791503906,68.47704116523683,67.71829607012022,67.79958723398939,738900
2019-09-04,69.15450286865234,69.27193264044035,68.46802110298977,68.55834692569078,686300
2019-09-05,69.64227294921875,70.46425381401322,69.32612911330503,69.63323829921586,930500
2019-09-06,69.17257690429688,70.00358555631516,69.15450760366835,69.6422753493536,961700
2019-09-09,66.54407501220703,69.35325268353867,65.94791882107998,69.17260096293566,1344400
2019-09-10,62.244483947753906,65.92982889182629,61.296045482698815,65.92080113261494,3583600
2019-09-11,62.81353759765625,63.36453408555471,62.063820161149344,62.28963816794646,1652300
2019-09-12,63.72587203979492,64.47558291152887,63.22906945181911,63.283263591808584,967700
2019-09-13,62.75935363769531,64.52073161919112,62.488369229117595,63.77101406135659,742400
2019-09-16,63.500030517578125,63.897465549974214,62.63288324899601,62.75934768137105,870800
2019-09-17,65.80338287353516,65.87564630839776,63.716826154675736,63.716826154675736,1291100
2019-09-18,64.99944305419922,66.39048256345116,64.303926745282,65.9027149258108,1430100
2019-09-19,65.51432037353516,65.99305345514041,65.071719000729,65.12591311821826,1095800
2019-09-20,63.391624450683594,65.55947846533174,63.38258980176839,65.55947846533174,1667600
2019-09-23,63.16582489013672,63.707786829008285,62.768382918968264,63.400677590501715,1639400
2019-09-24,63.13871765136719,63.743908270716595,62.96709375667274,63.65358244403172,1334900
2019-09-25,64.06907653808594,64.23166575674612,62.88579254703646,63.21999874159183,850100
2019-09-26,65.38786315917969,65.46916122723115,64.19554432863598,64.4032999323952,656400
2019-09-27,64.02392578125,65.7582134998708,63.54519265731185,65.5775549399002,1007800
2019-09-30,64.15037536621094,64.64717773020077,63.77100277448338,64.02391783563509,672600
2019-10-01,63.337440490722656,64.97236074407894,63.26517707065566,64.43942663535864,862000
2019-10-02,62.33481979370117,62.9851769151975,61.6302685425536,62.83161539548505,944000
2019-10-03,63.13871765136719,63.14775230146133,61.81090663570108,62.32577142836561,771600
2019-10-04,63.978763580322266,64.0871518202611,62.87677053148335,63.31937192454486,1135100
2019-10-07,63.581321716308594,63.90650021926786,63.2832402733594,63.60841877631867,887000
2019-10-08,62.939998626708984,63.725847814930624,62.632882536865715,63.183879055374156,1197800
2019-10-09,63.996822357177734,64.15941159927603,63.201945446596504,63.201945446596504,621000
2019-10-10,64.60202026367188,64.77364417510928,63.61745694134453,63.75294914029935,1524800
2019-10-11,64.56588745117188,65.61367941780176,64.46652697699767,65.09881463863478,655200
2019-10-14,63.7439079284668,64.60201361449411,63.43679874110336,64.38523025333058,569200
2019-10-15,64.06006622314453,64.37621013190191,63.84328281305666,63.96974037655961,551500
2019-10-16,64.12330627441406,64.3762214458692,63.075513865325384,63.680704724367565,888700
2019-10-17,63.978763580322266,64.80073759600792,63.816174328994904,64.42136497338377,637900
2019-10-18,63.16582489013672,63.906507814592516,62.49740539524245,63.74391854378905,666100
2019-10-21,63.22000503540039,63.382594270247004,62.524488631090016,63.16581092092433,736100
2019-10-22,61.503787994384766,63.409692491178944,61.404434413161454,63.40066473287954,645000
2019-10-23,61.08829879760742,62.07286911770643,60.84441832628065,61.39541494117399,909600
2019-10-24,61.8470458984375,62.01866981409349,60.880544962884755,61.25088296495017,874700
2019-10-25,61.76572799682617,62.22639858017629,61.41345251879887,61.74766559164777,950800
2019-10-28,61.63026428222656,62.28061446734566,61.503799836081875,61.9464081690386,1078100
2019-10-29,63.17485809326172,63.707785368364554,61.5489654225043,61.5489654225043,1023400
2019-10-30,64.078125,64.2316796031091,62.87677145267044,63.15678359850695,1324800
2019-10-31,63.563262939453125,64.9181711487442,63.52713122690168,64.32200822877475,1543700
2019-11-01,67.09504699707031,67.70927226879323,65.22527412293744,65.36980095930465,1685700
2019-11-04,66.30921936035156,67.40217795884752,66.02016562380349,67.33894917683273,1111200
2019-11-05,64.3400650024414,66.18273374382302,64.24070453512734,66.13757428049183,1237900
2019-11-06,64.84590148925781,65.43302970178712,64.2587732767285,64.63814588491587,1240600
2019-11-07,64.75558471679688,65.3878724855195,64.40330911830573,65.05365929838335,1167600
2019-11-08,64.84590148925781,65.08075415255331,64.50266059014814,64.78267272122659,1361200
2019-11-11,65.62271118164062,65.94788964801546,63.95165938530337,64.24070614525674,1373300
2019-11-12,65.32463073730469,66.25499979429264,65.07171568003632,65.93885597270719,845400
2019-11-13,65.78704071044922,66.33104053523734,65.27931491904178,65.43344497468402,632900
2019-11-14,66.42169189453125,66.5214247151145,65.41530209936838,65.60569923396083,594500
2019-11-15,66.79341888427734,67.04728173506463,66.18596036028721,66.920350309671,890400
2019-11-18,67.03821563720703,67.52781120961858,66.66648297552211,66.72994868395084,687800
2019-11-19,66.80247497558594,67.2467348818967,66.80247497558594,67.14700207801677,1386800
2019-11-20,67.11074829101562,67.31928244520766,66.51235826624732,66.83875534057329,1143600
2019-11-21,65.35183715820312,67.0835484030968,65.23396732308231,67.0835484030968,1040200
2019-11-22,64.68999481201172,65.80518629737175,64.25480319619757,65.50598773822077,1637700
2019-11-25,65.69635772705078,65.92302195061247,64.76250223273553,64.81689943287252,2013400
2019-11-26,66.55770874023438,66.78437304148747,65.66918163573425,66.01370888343055,9223800
2019-11-27,66.5667495727539,67.34647507928358,66.04088689770025,66.97474933812038,1034700
2019-11-29,65.9683609008789,66.6755522074234,65.95022388841988,66.43981946616073,460900
2019-12-02,66.5667495727539,66.72994809545183,64.8622370490983,65.86862678619488,1976000
2019-12-03,64.96198272705078,66.05903699015319,64.5721198965892,65.57850983296107,1655100
2019-12-04,65.5785140991211,65.99557556300898,64.89852122853854,65.46971274961962,1445900
2019-12-05,65.48783874511719,66.01369455276166,65.41530452432346,65.73263309374099,546600
2019-12-06,65.36997985839844,65.86864406334112,65.25211691779616,65.50597981585965,707500
2019-12-09,64.3182601928711,65.73264312803875,64.03719177370041,65.27931455474193,1547800
2019-12-10,64.00997161865234,65.08889547342356,63.719841706097405,64.35450564541573,1651100
2019-12-11,63.3571891784668,63.59292193718773,62.24200493316996,63.58385343028662,1989100
2019-12-12,62.876651763916016,63.493178704487605,62.43239184000561,63.393445896656694,1323700
2019-12-13,63.973716735839844,64.17318238580835,62.631868227905684,62.77692975327292,1162600
2019-12-16,63.275604248046875,64.08252856989294,63.058008465713556,64.0281313536209,1462100
2019-12-17,63.46597671508789,64.04623652024644,63.21211391498635,63.601976620068726,1062200
2019-12-18,63.21214294433594,63.8196016260096,63.048944366860624,63.57480721841947,1155300
2019-12-19,64.24571990966797,64.30918562726185,63.07613147065689,63.09426156829325,1223300
2019-12-20,65.10704040527344,65.1795746292542,64.02812322184789,64.49958184323424,1661700
2019-12-23,64.8894271850586,65.52408418095641,64.48143439015892,65.1704885807787,717400
2019-12-24,64.51770782470703,64.95289925968109,64.4905023074334,64.90756364813485,199200
2019-12-26,64.37265014648438,64.95291010146751,64.2094516018176,64.57211580299314,385600
2019-12-27,64.30917358398438,64.59930351254397,63.90118074974977,64.59930351254397,591300
2019-12-30,64.42704772949219,64.45424633422043,63.71078783025627,64.32731490065906,518100
2019-12-31,64.49051666259766,64.88944799782598,64.10972234292225,64.21852368450581,554600
2020-01-02,65.18862915039062,65.18862915039062,64.48143791141631,65.03449914543322,677700
2020-01-03,65.88676452636719,66.2766273248706,64.65371041562356,64.72624463796005,1027300
2020-01-06,66.94756317138672,66.98383028882976,65.21585154626493,65.41531723357899,1036900
2020-01-07,66.55770874023438,67.25583174450585,66.38544165776347,66.76623602372972,841900
2020-01-08,67.14701080322266,67.54594207058024,66.50328520550514,66.5576893256634,910600
2020-01-09,69.01475524902344,69.02381684148571,67.26490640658855,67.50970083074695,1266200
2020-01-10,69.50431823730469,69.71284544153696,69.01472270262825,69.27765402220872,1163400
2020-01-13,71.09098815917969,71.10911825800717,69.67659834706537,69.81259829862856,1288100
2020-01-14,71.1453857421875,71.24511857936851,70.61045444119436,71.16351584110909,915500
2020-01-15,71.98855590820312,72.5053500405702,71.2722961603184,71.2722961603184,917100
2020-01-16,71.61682891845703,72.47815715175689,71.35389757885456,72.15176010378438,936700
2020-01-17,71.98855590820312,72.29681591964463,71.30856326470733,71.71655608390766,710500
2020-01-21,71.29951477050781,72.0883089485565,70.97311765664247,71.64404198303464,1710500
2020-01-22,70.49259185791016,71.65311187755772,70.41099603648726,71.46271471032601,1122000
2020-01-23,71.06378936767578,71.35391939711664,70.17526917880807,70.75552923768979,734700
2020-01-24,70.6829833984375,71.53524324631688,70.51978485133814,71.4989761339343,602500
2020-01-27,70.32938385009766,70.57417819872677,69.08726125864321,69.49526106268375,1149700
2020-01-28,71.2179183959961,71.59871272012496,70.33845989699982,70.59232277975241,929100
2020-01-29,70.92778015136719,71.87976585099102,70.90964313771114,71.55336877762171,813400
2020-01-30,71.39926147460938,71.53526145134357,70.34753569959412,70.55606991955271,1087500
2020-01-31,70.75552368164062,74.34588510800667,70.5923251205674,71.48991374784767,1915600
2020-02-03,71.2179183959961,72.26963704129176,71.05471984033447,71.28138411668424,1288800
2020-02-04,71.12725067138672,71.87070925791417,71.00031922372924,71.6168463625992,1127300
2020-02-05,70.8733901977539,71.62591731832583,70.63766431104695,71.39018451437353,1244400
2020-02-06,71.0456314086914,71.56242553715136,70.81896719590647,71.02749439801264,674200
2020-02-07,70.20245361328125,71.3811105108462,70.0120564683966,70.94591209593547,800800
2020-02-10,70.2568588256836,70.4653930084555,69.26860587765378,70.11179728234896,942300
2020-02-11,70.06644439697266,70.7283069801265,70.02111570214278,70.54697144907733,1132700
2020-02-12,68.96941375732422,71.00032397293651,68.35288657721479,70.57419397704896,1256200
2020-02-13,69.38816833496094,69.7432108810913,68.77822416038298,68.77822416038298,757700
2020-02-14,69.7796401977539,69.78874581358531,69.02403383139371,69.48832300109754,713300
2020-02-18,70.43509674072266,71.22711157939041,69.56114526100885,69.77963139455005,1826600
2020-02-19,69.67947387695312,70.97219303209849,69.64305837244304,70.73549572555655,698200
2020-02-20,67.81322479248047,69.6521697211766,66.8755480471518,69.6521697211766,1297100
2020-02-21,66.58421325683594,67.7130659077554,66.19275533696643,67.58561513808122,927900
2020-02-24,65.7011947631836,66.9484002441727,64.43578499545416,64.84545437538712,982900
2020-02-25,64.15355682373047,66.38395295987875,64.0989370320765,65.7740088012486,1880900
2020-02-26,65.4644775390625,66.01979487694616,64.0534062722042,64.46306853907417,2491100
2020-02-27,65.25511169433594,65.96519689589512,63.56182839267194,64.29922349497578,2925700
2020-02-28,64.9091567993164,65.57372068590233,63.17945845873304,63.68926165343431,3540100
2020-03-02,67.41268157958984,67.42178024912542,64.7453058947724,65.07303858233388,2485900
2020-03-03,67.93157958984375,69.13326360253468,66.95748729884086,68.59614352766586,2526100
2020-03-04,70.12557220458984,70.33495968050241,68.26842260357374,69.03313453130947,1430600
2020-03-05,68.72360229492188,70.33495576058806,68.08634817861538,69.49741284916517,1607800
2020-03-06,69.4518814086914,69.59753647956073,66.40215413182882,67.05761931460887,2046500
2020-03-09,66.02891540527344,68.03172691213719,64.91826658751651,66.34754245654416,1598600
2020-03-10,67.9588851928711,68.040814873641,65.16405930488526,67.1759691640694,2696900
2020-03-11,67.22149658203125,68.06813817786218,66.31112957341946,66.64796786700349,1653200
2020-03-12,60.43925476074219,65.13675105186609,60.39373363991392,63.3433272417792,3262800
2020-03-13,63.716575622558594,63.96237856826174,58.73686770611021,62.54220152059972,2777200
2020-03-16,58.117820739746094,63.16125052726472,54.62201184289016,55.204646080237154,2808400
2020-03-17,60.06601333618164,60.58492221052217,56.62482396561769,58.88253354425835,2783000
2020-03-18,63.39794921875,64.5359078232588,52.56458538749073,57.0708986831263,2289400
2020-03-19,58.38182830810547,63.352430877328345,56.90703486429989,63.070219353597345,1962600
2020-03-20,52.75577163696289,59.055513475963004,52.173137276245484,59.055513475963004,3116200
2020-03-23,52.236854553222656,52.71934790686779,49.49664819441637,52.46444628196458,2224500
2020-03-24,57.55339431762695,58.18154620428966,53.848201454831965,54.05758541705287,1804500
2020-03-25,59.29218673706055,61.76838552569935,56.5792975829985,58.600312975065386,1707300
2020-03-26,62.27821350097656,63.54362315045301,59.965880350240255,60.038704435946165,1524600
2020-03-27,62.20536804199219,63.78029879069491,60.56670494656086,60.79429665728478,1724000
2020-03-30,64.89093780517578,65.06390970219138,62.323703967615685,62.64233092616012,1135900
2020-03-31,62.487606048583984,65.57375039952986,62.20539443014463,63.862262509252886,1775100
2020-04-01,63.36153793334961,64.0170032445249,60.56671169220675,61.05831067558822,1665100
2020-04-02,64.16265869140625,64.57232099598951,61.677354133030526,61.91405145895866,1774100
2020-04-03,63.78031539916992,65.49180995463972,62.69698329699554,63.64376589361616,1173600
2020-04-06,67.31253051757812,67.85874926610713,64.28100708675206,64.90916246761194,966700
2020-04-07,64.98198699951172,69.88886404830201,64.54501477582238,69.87976538007185,1114100
2020-04-08,65.42807006835938,67.4581843182229,65.1549572265477,66.86644445799634,1298400
2020-04-09,67.59473419189453,68.72358706731565,66.15635299603126,66.57512088617865,890400
2020-04-13,65.6192398071289,67.5947340719987,64.96377460787043,67.24879719263335,706000
2020-04-14,69.06043243408203,69.47920036760915,66.09263444498755,66.4476769744029,979600
2020-04-15,68.10453033447266,68.83282646980453,67.44906520178331,68.25929795147471,687000
2020-04-16,68.92388916015625,69.93439715065585,68.23200825099674,68.33214918306783,936700
2020-04-17,70.3349380493164,70.53521984845024,68.25019732872352,70.08913513381681,869700
2020-04-20,69.0877456665039,69.83424627024951,68.58704107747701,69.49740800621792,715700
2020-04-21,66.90286254882812,68.996709228738,66.53871439420705,68.39586373178099,596000
2020-04-22,67.94978332519531,68.3230370796257,67.24880388407348,67.85874802636168,600700
2020-04-23,68.66895294189453,69.44276316307915,68.02259348911464,68.55970644945651,534700
2020-04-24,69.06043243408203,69.33354527773143,67.92247382812306,68.76000969517732,470100
2020-04-27,70.18927764892578,70.28941855079763,69.03311488942441,69.77961537439354,586000
2020-04-28,69.34263610839844,72.33774365422903,69.27891071148916,71.37275708801792,966800
2020-04-29,68.16827392578125,69.9890078046856,68.04992872404995,69.75231740122298,855700
2020-04-30,66.85734558105469,68.1864803862515,66.70257793355279,67.95888866730243,992900
2020-05-01,65.9560775756836,66.28381020762012,64.44487216890788,66.07442971505117,863000
2020-05-04,66.24739837646484,66.75720857974842,65.18227073631894,65.29151726821152,1174100
2020-05-05,67.12135314941406,68.04992431140138,66.71168388589616,66.71168388589616,789600
2020-05-06,67.13045501708984,67.86785694834991,66.64796165875762,67.15776491351643,865200
2020-05-07,67.23058319091797,68.48689375279714,67.12134362591777,67.8860483631076,634200
2020-05-08,66.43858337402344,67.74040839636052,66.40216786238935,67.40357012290663,662200
2020-05-11,66.12904357910156,67.35803736595443,65.7466911912891,66.27470560048582,1639300
2020-05-12,64.83631134033203,66.59331918263094,64.73617045717928,66.55690368461666,1549700
2020-05-13,64.08982849121094,65.84683681316717,63.03379959714284,65.78311141063189,993700
2020-05-14,63.652854919433594,63.652854919433594,62.214473484102946,63.36153777580764,904200
2020-05-15,64.43578338623047,64.44488900214826,63.143063747899994,63.28871887483517,673300
2020-05-18,64.31742858886719,65.73759885647728,64.06252694550629,65.20958434063034,1182000
2020-05-19,65.6829833984375,66.67528013928161,64.86365167241294,65.19138436282277,1142000
2020-05-20,67.90428924560547,68.040845721013,65.83775866234771,65.91058970863851,1219500
2020-05-21,68.15914916992188,68.48688169833207,67.3398178488964,67.67664904242373,1104600
2020-05-22,69.01490783691406,69.07863323781744,67.78591399346445,68.1591677312898,632400
2020-05-26,69.41548156738281,70.5534402816022,67.66757864927354,70.12556669376791,1700400
2020-05-27,69.7796401977539,69.95260522525155,68.00442017032152,69.95260522525155,1331300
2020-05-28,71.68228149414062,72.64727504674508,69.75230828002702,69.95258314625667,1216000
2020-05-29,72.6108627319336,72.61996139974327,70.48970628022111,71.81884106297005,1501000
2020-06-01,72.5926513671875,73.1934968277859,71.7551155241242,72.35596098472261,933800
2020-06-02,73.2116928100586,73.78522831117125,71.33633951631188,73.78522831117125,996300
2020-06-03,73.20260620117188,73.7852404650166,72.4652042847838,72.98411314306888,1235100
2020-06-04,73.42108917236328,73.51212446990372,72.20119395956786,72.71100412778068,1027100
2020-06-05,73.31183624267578,73.57584344436013,72.29222988642987,73.45749826245228,1096900
2020-06-08,73.62135314941406,73.68507853680096,72.16476095963426,72.58353572880105,1117900
2020-06-09,72.82023620605469,73.45749711429524,72.70189102599659,73.31183509679548,880600
2020-06-10,74.4224853515625,74.850358855697,72.82934346330276,72.82934346330276,911600
2020-06-11,70.22570037841797,73.63047055569446,70.18928486985027,73.48481546697177,946400
2020-06-12,70.35367584228516,72.28230123676896,69.12885833875629,71.77043397886474,603900
2020-06-15,70.298828125,70.57303597353497,68.50730337475639,69.33908322119612,1553500
2020-06-16,71.25855255126953,72.23657500353839,70.61872738569973,71.70643016716839,670000
2020-06-17,72.67533874511719,73.1323588482018,71.11233082939658,71.6881736487968,1203800
2020-06-18,73.37914276123047,73.58937506592184,72.14518994276678,72.8855602391304,1118800
2020-06-19,72.9312744140625,75.09755237733822,72.85814951836969,74.19264748368096,1514100
2020-06-22,73.04096221923828,73.24204522330358,72.41941454906885,73.21462513063894,704300
2020-06-23,73.13236236572266,74.1012427993198,72.45596755965136,73.44313270345242,813200
2020-06-24,70.56388854980469,72.9403982411236,70.30795845346502,72.74844369529674,730300
2020-06-25,70.86553192138672,70.9386568072585,69.41221142594304,70.60960179440843,732500
2020-06-26,67.99543762207031,71.12145286702372,67.69380273696812,70.85638042013744,2010900
2020-06-29,69.26595306396484,69.55844559760465,68.08684057641226,68.12340301481375,921000
2020-06-30,71.10318756103516,71.38653778976301,69.26596481764335,69.33908970685482,1229100
2020-07-01,72.6387710571289,73.20547148096365,71.04834316578868,71.34997111213791,1171100
2020-07-02,72.72103118896484,73.8361612737287,72.21831329692353,72.91297878122492,823700
2020-07-06,70.78327178955078,73.6350726082433,70.31710935819798,73.1780525310351,1017900
2020-07-07,68.91862487792969,70.4633479036276,68.63526770513383,70.26226493959422,1371300
2020-07-08,68.98261260986328,69.10143532124304,66.88031743357291,66.90773752284723,1475000
2020-07-09,68.79067993164062,69.32996040053044,67.47445957240852,69.32996040053044,1056100
2020-07-10,68.83634948730469,69.13798435797717,68.251364450979,68.78150931939031,994000
2020-07-13,65.50924682617188,69.51274659314033,65.42698657135185,69.14712918893896,1303700
2020-07-14,66.00283813476562,66.05767831200633,64.64092026922899,65.41785299895501,1267500
2020-07-15,66.26791381835938,66.74321164909814,65.97542123631092,66.49642386600888,858500
2020-07-16,64.80545043945312,66.1033858270583,64.75060328638409,65.93885831499756,891600
2020-07-17,66.0394058227539,66.14909315952035,64.08336031197966,65.08880315816504,1280400
2020-07-20,66.51469421386719,66.71578414923604,65.81088641364866,65.92057373482416,730700
2020-07-21,66.78892517089844,67.43789295415148,66.51471028847641,67.15454268960309,802400
2020-07-22,68.71754455566406,68.89121443036503,66.58782915275981,66.58782915275981,1050900
2020-07-23,67.94975280761719,69.87837840568213,67.81265234096611,68.72669264436848,1107800
2020-07-24,67.94975280761719,68.3976375772577,67.2002400377702,67.94975280761719,665100
2020-07-27,68.21480560302734,68.6901103285282,67.53841792673833,68.07770517602908,1024500
2020-07-28,68.653564453125,69.58588244949951,68.09599933691004,68.09599933691004,590900
2020-07-29,69.924072265625,70.24398492702764,68.64441464644145,69.0374521943284,721200
2020-07-30,71.04832458496094,71.36823715565014,69.34820981093146,69.4121923250693,1133200
2020-07-31,74.73193359375,74.83247858021377,71.13061273859915,71.70645559178584,1681300
2020-08-03,76.33148193359375,76.60568974794548,73.9001321996257,74.95127958857,1028100
2020-08-04,75.93844604492188,76.64225378740574,75.29861385091012,76.01157091970697,1102300
2020-08-05,75.41747283935547,77.11758848449587,74.99701510621827,76.28580840094267,786600
2020-08-06,75.77392578125,75.9384532784025,74.4302857167666,75.31690573066776,658600
2020-08-07,77.39177703857422,77.5928669852977,75.26206183710877,75.62767928809939,836700
2020-08-10,77.38263702392578,77.96762212104862,76.7062423393499,76.87991218722377,904700
2020-08-11,78.64402770996094,79.45752301350095,77.37351225955241,77.39178999705459,1021500
2020-08-12,78.35151672363281,79.29297688966358,77.9950416505449,78.93650181657567,1069700
2020-08-13,78.66342163085938,79.6633381498516,78.2689575456414,78.2689575456414,649200
2020-08-14,79.28721618652344,79.77341458574048,78.43407335429336,78.43407335429336,626200
2020-08-17,78.59002685546875,79.71837982523418,78.45242181053882,79.42482566219589,1260200
2020-08-18,78.74597930908203,79.45234863683035,78.34234669210946,78.74597930908203,999900
2020-08-19,79.07624053955078,79.56244605863391,78.69095193851251,78.69095193851251,605500
2020-08-20,79.56243896484375,79.81012247231783,78.8652451306854,79.21383854832256,630700
2020-08-21,79.18631744384766,79.87433572805587,78.856068107517,79.81929650496205,795800
2020-08-24,80.15872192382812,80.23211222745003,79.35144958064086,79.70921856219195,483100
2020-08-25,79.27804565429688,80.61738697027074,78.85606197930922,80.12201300427218,485600
2020-08-26,80.25045776367188,80.34219213742519,78.78267978808243,79.40648332804271,658900
2020-08-27,81.25955200195312,81.91087517121747,80.26880394213511,80.26880394213511,670300
2020-08-28,81.433837890625,81.7273920672478,80.20458196316812,81.46136449999146,664900
2020-08-31,80.78253173828125,81.6540259135268,80.50732857679722,81.43385498567743,1099900
2020-09-01,81.10359191894531,81.28706064650312,80.28713718432806,80.91094065646128,492100
2020-09-02,81.31458282470703,82.0576402933398,80.73665001564639,81.29623875092504,1081100
2020-09-03,79.28721618652344,81.38796589166813,78.34233899576083,81.1861461035668,1067300
2020-09-04,77.95706176757812,79.66334067997944,76.63606441719368,79.36061795291963,688500
2020-09-08,76.8562240600586,77.81027687160133,75.23250407238679,77.08556347632704,1033200
2020-09-09,78.80103302001953,79.378965889487,77.39747676639549,77.55342590593499,704700
2020-09-10,77.1956558227539,79.55326495298334,77.14060959868345,79.05789092965429,849400
2020-09-11,77.07637786865234,77.9386962007879,76.30580089014344,77.63596653113827,777000
2020-09-14,76.81036376953125,78.20474440253679,76.65440764042724,77.67267525355574,631800
2020-09-15,76.93880462646484,77.51673754656254,76.75532885897636,77.36995693257175,561900
2020-09-16,77.7735824584961,78.43408110339873,77.31490362163412,77.36077430487376,764400
2020-09-17,77.81028747558594,78.27814190822015,76.65441470038328,77.3883037320101,641800
2020-09-18,77.65434265136719,78.32400995601598,76.81037511726066,78.09467049573368,1292800
2020-09-21,78.58085632324219,78.74597397430597,76.55348984377265,77.03051972090071,625800
2020-09-22,80.15872192382812,80.51649090537921,78.47996247150557,79.00285613676365,544200
2020-09-23,76.9112777709961,80.53484543007559,76.69111384958521,80.53484543007559,863500
2020-09-24,76.15904235839844,77.13144639690022,75.70036345308702,76.92045102094771,828900
2020-09-25,77.82862091064453,77.97540149645491,75.88382714084196,75.88382714084196,537700
2020-09-28,77.92953491210938,79.15879788682776,77.86532015216108,78.56251397365979,463400
2020-09-29,77.2782211303711,78.27814479790328,77.18648674775244,77.99375911323526,594400
2020-09-30,76.12235260009766,77.40664790878498,75.60862747773821,77.36078421855159,933500
2020-10-01,76.18655395507812,76.86539664144846,75.66366038604309,76.42506189963214,556000
2020-10-02,76.00309753417969,76.51682269659614,74.80136097353946,75.58111375715247,630400
2020-10-05,75.62696838378906,76.41589653811953,74.91143052262507,76.05812760753753,863300
2020-10-06,75.46183776855469,76.48927379627091,74.92976868341134,75.64530648810886,1140500
2020-10-07,74.84722137451172,76.12235518669598,74.48945238366566,76.03061380534284,938600
2020-10-08,74.63622283935547,75.96638870137022,74.51696885826131,75.4343265558946,875400
2020-10-09,74.45272827148438,75.7095034019769,74.12247905499024,75.21412957723568,1384600
2020-10-12,74.81969451904297,75.37928329649658,74.1867224420471,74.97565065291994,1173700
2020-10-13,74.29680633544922,75.30589851666564,73.90234220110553,75.03069537572549,661900
2020-10-14,75.56275939941406,75.92969689551045,74.51697213799433,74.52614067617786,677500
2020-10-15,75.24168395996094,75.65449917084695,74.87474643768618,75.09491035082796,514600
2020-10-16,75.45268249511719,75.8379711089769,75.02152318960923,75.26003818818734,557900
2020-10-19,73.3427505493164,76.2140848345056,73.25101617254684,75.61780088717694,404300
2020-10-20,72.96664428710938,74.15920529373032,72.94829321071914,73.52623313596685,530700
2020-10-21,72.22357940673828,73.49870613115179,72.19605279492029,73.159281240906,683700
2020-10-22,71.95753479003906,72.60885786795458,71.7006757732705,72.10430837152826,616600
2020-10-23,72.51714324951172,72.62722171587977,71.34291928346592,72.19606239224436,662100
2020-10-26,71.44381713867188,72.35200632606671,70.70075962069792,71.98506183610876,583400
2020-10-27,71.24200439453125,72.29696018082613,71.06770418686541,71.4713438261404,627600
2020-10-28,68.4715805053711,71.28786846054992,68.43488535625244,70.29712043099855,849300
2020-10-29,69.0862045288086,70.04943289079566,68.17802238677292,68.59083054254813,1370100
2020-10-30,72.0125732421875,72.54464234205282,69.10455126360438,70.425541478488,1704700
2020-11-02,74.48027801513672,74.49862209064072,72.47126230156434,72.73729688911972,1197300
2020-11-03,76.76449584960938,77.27821394360659,74.60870656357493,74.99399513407285,766500
2020-11-04,80.52566528320312,80.71830957827245,77.27821788299629,77.51673286688975,1326800
2020-11-05,79.16798400878906,81.58980813476913,78.6909540149199,81.01186821907704,1022500
2020-11-06,79.44316864013672,79.89267191508634,78.55333062725863,78.95697022045279,447400
2020-11-09,79.31475067138672,81.5714499092176,79.31475067138672,81.36046154490566,844500
2020-11-10,79.43401336669922,80.1036876808789,78.89277559129351,79.14045913282655,648900
2020-11-11,78.9202651977539,80.35134066885684,78.22307153283197,79.9935718010811,999300
2020-11-12,79.36978149414062,80.07615081020644,78.66341917695831,78.86523898154854,478600
2020-11-13,80.63109588623047,80.89808710726386,79.36058545344734,79.56313100209691,579500
2020-11-16,82.28826904296875,82.30668610500565,80.5022003482007,80.93490999340338,489800
2020-11-17,82.08574676513672,82.7302035828768,80.83365321291099,81.6254184598788,600900
2020-11-18,81.10982513427734,82.00286294079191,80.916488138648,81.93841727558213,876900
2020-11-19,81.1558609008789,81.53332636230773,79.95900480317138,81.01776103975101,951200
2020-11-20,80.27203369140625,81.37681856079095,80.08789819714153,80.96252599078441,740400
2020-11-23,80.88887786865234,81.57016168847586,80.24442115044786,80.44695967327539,509600
2020-11-24,80.8520736694336,81.2847834559636,80.28126396872648,81.04541073966017,567900
2020-11-25,81.01774597167969,81.37680132940295,80.0234355853463,81.09140015378944,442100
2020-11-27,81.13745880126953,81.77271406516554,80.84284898776234,81.04539455155829,233700
2020-11-30,79.90377807617188,81.14666294011296,79.44344982848617,81.14666294011296,1117900
2020-12-01,82.12255859375,82.19621280096044,80.01426134875283,80.17997277889859,890200
2020-12-02,81.51492309570312,82.68415369905638,80.69553941542024,81.74508720868262,493000
2020-12-03,81.36763000488281,82.14098522254264,81.02699154895933,81.32160138805531,491700
2020-12-04,81.41365051269531,82.17779705532999,80.90728665334672,81.29396770232715,518200
2020-12-07,81.58858489990234,82.22383313456211,81.29397508879946,81.29397508879946,685100
2020-12-08,81.04537963867188,81.92000741012143,80.87045267957181,81.8279361532999,647700
2020-12-09,80.46537017822266,81.24792670770769,80.0786961788137,81.11903537457137,667200
2020-12-10,80.68632507324219,80.9072806390552,79.63677735556688,80.09710554837362,601700
2020-12-11,80.80602264404297,81.24794088049144,80.16156586594319,80.49300278726653,534000
2020-12-14,81.28477478027344,82.74861545177319,81.08222919763891,81.30318482230719,861900
2020-12-15,82.15018463134766,82.47241300956169,80.76919984695735,81.34921092774262,1026900
2020-12-16,83.48511505126953,83.85337898263586,82.21461186330848,82.55525020498087,1386100
2020-12-17,81.97525787353516,83.97308084810085,81.6898565983263,83.59561532515222,1601100
2020-12-18,82.67495727539062,82.9051214025225,81.81874644149798,82.40796604503144,1574300
2020-12-21,80.71394348144531,82.10413658770842,79.6275686676064,81.6530169263836,825200
2020-12-22,80.28123474121094,81.06379829529344,79.86694217356208,80.74156293817671,892500
2020-12-23,80.54824829101562,80.88889377996001,79.75648301059026,80.61269397551291,761900
2020-12-24,80.43777465820312,80.91651302930423,79.83013789298144,80.35491190655796,268600
2020-12-28,80.6771011352539,81.09140064408915,79.94978188663374,80.95330080781073,562300
2020-12-29,80.29964447021484,81.14664658951797,79.95899910690696,81.14664658951797,426300
2020-12-30,80.07870483398438,81.21110838665463,79.94060495525464,80.61268026152686,394700
2020-12-31,80.2628173828125,80.48377293046757,79.0659613702513,80.00503473987321,649100
2021-01-04,79.15805053710938,80.81522805568304,78.83581513645035,80.44696404353829,1121900
2021-01-05,79.7840805053711,80.1247188502687,78.31102476595862,78.98310697386934,1123700
2021-01-06,81.65303039550781,82.61051403548193,78.51358823735745,79.58155319026962,1381100
2021-01-07,83.6416244506836,83.80734286762787,80.8428284223193,81.55173771526711,1224400
2021-01-08,84.33212280273438,85.19754204557354,83.1997193914945,83.45750205343363,895000
2021-01-11,84.13878631591797,85.08706126695962,83.3654383254163,83.76132085123523,723400
2021-01-12,85.33564758300781,85.54739463052006,83.85339015421727,84.23085564172011,800300
2021-01-13,84.11116790771484,85.81438081540155,83.87179528084593,85.41849828883214,1066100
2021-01-14,84.20323181152344,85.40928942362684,83.54956662352575,84.11116757818094,647400
2021-01-15,84.86612701416016,84.93057269621958,83.5956234146805,84.20325312780467,579500
2021-01-19,86.44964599609375,86.57853734303842,85.16993403424915,85.3356524837568,562000
2021-01-20,87.46236419677734,88.12523797559061,86.47726205994411,86.5417077315481,679200
2021-01-21,87.26903533935547,87.95031922057306,86.7442613860841,87.4439623317966,691800
2021-01-22,88.31856536865234,88.41062960033517,87.00202648584109,87.15853638210696,568900
2021-01-25,89.81922912597656,90.50051986611895,88.63158161978549,88.88937129186796,1081400
2021-01-26,90.07703399658203,90.6202250167015,89.55226004103724,90.22434241697107,834500
2021-01-27,89.82843780517578,92.3050055796907,88.64999882704315,89.4233467724238,1492500
2021-01-28,87.83063507080078,90.39005912086706,87.58205387223926,89.93893938428573,1253100
2021-01-29,78.41229248046875,84.19401270643868,78.15450984986624,84.00988426287972,2986600
2021-02-01,77.10497283935547,79.0567669192906,75.31889719096249,78.63326582180531,2411800
2021-02-02,76.77355194091797,77.62055431201811,75.33732991826534,77.28911738001331,2265200
2021-02-03,75.33731079101562,77.06814220000693,74.2509360172736,76.9668694396034,1813900
2021-02-04,76.78275299072266,76.96688147986919,74.78493008487119,75.4938324945421,1428600
2021-02-05,75.57669067382812,77.16022101875136,75.12557094386106,76.87481974404491,1119300
2021-02-08,75.44779968261719,75.97257362277257,74.62841593437548,75.63193520270356,1169500
2021-02-09,76.56179809570312,77.03132785451531,75.25446052427925,75.4938331815895,798300
2021-02-10,76.91165161132812,77.20626143625425,75.95416792430515,76.69989750713798,1008700
2021-02-11,78.22477722167969,78.35424900733103,77.1335765102209,77.16131794453953,915900
2021-02-12,76.37525939941406,78.4559512660856,75.91288342904261,78.16003092725978,622300
2021-02-16,75.11763000488281,76.75443841863499,74.82170956066152,76.66196460268458,728400
2021-02-17,74.62749481201172,74.99739707875493,73.53628700553365,74.48878763536956,906000
2021-02-18,73.63800811767578,74.59975116051767,73.17563206180749,74.2945812703729,2761200
2021-02-19,72.78726196289062,73.98019342856232,72.36187669731252,73.96170148453764,1650700
2021-02-22,71.4555892944336,72.77798503581771,71.27989119885977,72.49131415201433,1043200
2021-02-23,71.1689224243164,71.52957518727908,69.49512334208967,71.29838715690308,1844800
2021-02-24,72.13067626953125,72.29713195851909,70.64182456672334,71.09495119857363,2831400
2021-02-25,72.26013946533203,73.74899113607681,72.02895140534433,72.23239802698146,1896200
2021-02-26,71.33537292480469,73.81370871325376,71.2521486264369,72.3156078449493,2603900
2021-03-01,73.41607666015625,73.89695175556,71.27065183642256,71.45559945447054,1260100
2021-03-02,73.12015533447266,73.9246922791675,72.81498541869537,73.47155862654088,1323100
2021-03-03,72.750244140625,73.52703955338009,71.98269822411537,72.83347549623731,1720300
2021-03-04,70.90999603271484,73.39758160507999,70.7897807916162,73.05542076538508,1555300
2021-03-05,70.97471618652344,71.43709218773857,69.96673989041741,70.99320812224097,2052100
2021-03-08,72.36186981201172,73.58254260522277,70.32741750842675,70.97474131721278,1757600
2021-03-09,72.16767883300781,73.46233361645294,72.01971506104792,73.13866462911594,880600
2021-03-10,72.5190658569336,73.00918339426279,72.02894831960438,72.53756485190793,825200
2021-03-11,72.86123657226562,73.25888035443982,72.51907567192492,72.93521845157717,912600
2021-03-12,72.63928985595703,73.51780164468566,72.56530798492949,72.9537022248748,874400
2021-03-15,74.56277465820312,74.60901509485751,72.78725195335566,72.78725195335566,967200
2021-03-16,73.46231079101562,74.43329628542934,73.07390953795137,74.3963053539328,677300
2021-03-17,74.02642059326172,74.46104822524134,72.69477509271202,73.50855453454807,1135800
2021-03-18,74.50727844238281,74.8679312067735,73.11090075789905,73.80446485177326,706400
2021-03-19,73.74898529052734,75.00664880159852,73.59177911546823,74.79395269893685,1458500
2021-03-22,73.82296752929688,73.8692009046831,72.32486647185992,73.18488627339424,600400
2021-03-23,74.02642059326172,74.52578060066809,73.47156359783283,73.80447497297025,805100
2021-03-24,73.7304916381836,75.16385323000699,73.50854604352921,74.0726454165026,1177600
2021-03-25,74.3315658569336,74.7014680811151,72.99992772729755,73.55477753592075,875200
2021-03-26,73.75823211669922,74.3685648558325,72.07518351655145,74.3685648558325,1163600
2021-03-29,75.29330444335938,75.62621572025171,73.76746226681911,73.76746226681911,614100
2021-03-30,74.69222259521484,75.7371969637752,74.44254263728448,75.36729471973521,531900
2021-03-31,74.47028350830078,74.98814241286536,73.67499615897752,74.53501587137136,636700
2021-04-01,75.56149291992188,75.91289617650553,74.57200845938242,74.93266121240997,862100
2021-04-05,77.39250946044922,78.00284220887403,75.64472846658416,75.81118413529983,1067600
2021-04-06,76.29205322265625,76.94862640981535,75.93140044457307,76.94862640981535,1192000
2021-04-07,76.04240417480469,77.7162040080427,75.99616372586252,76.49553094216985,676300
2021-04-08,75.84817504882812,76.60647159770113,75.61698699057051,76.42152397321489,869300
2021-04-09,76.07010650634766,76.29204502548372,75.41353338973383,76.07010650634766,944000
2021-04-12,76.78216552734375,77.05034448225726,75.94064478736561,76.02386908959812,822800
2021-04-13,76.32905578613281,76.80068143521927,75.94990395610445,76.14410109271648,708400
2021-04-14,76.56948852539062,76.8376604671369,75.996139594951,76.4677652142594,756200
2021-04-15,77.08734893798828,77.83639601069765,76.75443756005082,77.1150903769331,1249900
2021-04-16,78.29875946044922,78.74264357758076,76.64345233691294,77.31852448154454,1299200
2021-04-19,78.44673919677734,78.7334101516958,77.70693453565218,78.24329256220292,710700
2021-04-20,77.11510467529297,79.00160048162479,76.99488939914234,78.55771621030506,1090000
2021-04-21,77.62370300292969,78.0583376718093,77.00411365830372,77.23530171151207,785600
2021-04-22,77.4110107421875,77.91962730667815,77.15208123855584,77.66994024581916,441600
2021-04-23,77.08734893798828,77.82715356791594,76.4030342412501,77.44800175487056,488100
2021-04-26,76.47703552246094,77.47577000185377,76.12563208206817,77.42953660604809,465900
2021-04-27,76.65270233154297,76.99486315437376,76.14408584561865,76.5139881030819,382600
2021-04-28,75.63549041748047,77.02261884829434,75.56150854123172,76.86541265274077,406900
2021-04-29,77.06885528564453,77.09660378181322,75.90367243737151,75.99614625869948,617800
2021-04-30,76.70819854736328,77.50348606992779,76.57873379302022,77.06885137093323,672200
2021-05-03,77.55899047851562,78.28029626026851,76.95789997528779,77.02263236453994,734700
2021-05-04,79.16806030273438,79.27903314013851,77.55899296453278,77.97512875802063,1220600
2021-05-05,77.4202651977539,79.26052033523115,76.28281674219443,79.0108403136841,1478000
2021-05-06,77.73467254638672,78.19704867536652,77.36477728744275,77.55897441497828,712000
2021-05-07,77.78089904785156,78.43747218674936,77.53121203196314,77.568202962291,610000
2021-05-10,77.08734893798828,78.30802163865903,76.87465281391164,77.71618075683683,979900
2021-05-11,75.55225372314453,76.86540724054888,74.80320668094241,76.6804525629499,926400
2021-05-12,74.6182632446289,75.90366834102826,74.49804093362037,75.32106989303291,649600
2021-05-13,76.85615539550781,77.04110301215859,75.17310668490818,75.17310668490818,766400
2021-05-14,76.8931655883789,77.54048946408317,76.26433365685145,77.2908094135404,516500
2021-05-17,76.994873046875,77.22606110558083,76.15334512664192,76.52324743163119,449300
2021-05-18,76.16259765625,76.99487611178112,76.0053914633441,76.88390329927701,463800
2021-05-19,75.21932220458984,75.96837610139089,74.64598049590238,75.47825868384929,808500
2021-05-20,75.8851547241211,76.03311844599332,75.05288348213482,75.50601003359601,1461800
2021-05-21,77.3277816772461,77.52197879304548,76.18108386686009,76.26431523380235,1524100
2021-05-24,79.28824615478516,79.5286836855974,77.53121568555521,77.81789364528095,1105500
2021-05-25,78.63169860839844,79.50096815708638,78.16007288992932,79.2882719921921,1412800
2021-05-26,79.24200439453125,79.41770248414987,78.5391908701623,78.82586174424912,1225800
2021-05-27,79.0293197631836,79.74138288650732,78.74264884759306,79.55642821894959,1137600
2021-05-28,78.53919982910156,79.51943484350885,78.49295939980732,79.35297917546808,576300
2021-06-01,78.56694030761719,78.98308300029997,77.87337620844475,78.72414647682454,619800
2021-06-02,79.59342956542969,80.00956527510283,78.64093583261776,78.8166410259598,984100
2021-06-03,78.80738067626953,79.7136338475324,78.56694313774506,79.20502438966422,501200
2021-06-04,79.16806030273438,79.41774036776678,78.81665690057356,78.983112629029,605300
2021-06-07,79.67666625976562,79.89860484938794,79.0293353783581,79.16804964260974,705200
2021-06-08,79.75985717773438,79.90782087904172,79.23274883859777,79.84308146824655,642800
2021-06-09,80.81409454345703,81.22098777091446,79.83385946490894,80.47193368806788,957600
2021-06-10,81.57238006591797,81.86830044907296,80.47192283388918,80.9712898033317,783100
2021-06-11,81.4984130859375,81.98853770388705,80.91582170953674,81.69261021140441,592500
2021-06-14,81.2848129272461,81.77699677538531,80.56046635186807,81.69342159440053,440100
2021-06-15,81.47984313964844,81.49842012872895,80.88550701988933,81.28482726457548,700100
2021-06-16,81.50770568847656,82.04632503851066,80.88551113846086,81.67486317348556,790300
2021-06-17,81.41484069824219,81.72129726339087,81.13624961768984,81.72129726339087,603900
2021-06-18,80.38402557373047,81.64699145781321,80.31902028933112,81.34982343126696,1596000
2021-06-21,81.94416046142578,81.99988433803581,80.34687964280265,80.65333616650133,564200
2021-06-22,82.28778839111328,82.57566801336378,81.48914774385692,82.0370485842752,630600
2021-06-23,80.92265319824219,82.23205460008202,80.88550630545467,82.09275552339018,614100
2021-06-24,80.30044555664062,81.35910703033967,79.68753255342318,81.35910703033967,608500
2021-06-25,81.23841094970703,81.29412775507947,80.07759693747157,80.07759693747157,1144400
2021-06-28,79.70613098144531,81.21054133033488,79.47396819080966,81.21054133033488,738400
2021-06-29,79.03748321533203,80.15186152545985,79.00962482033552,79.43680340871933,543300
2021-06-30,79.10249328613281,79.21393395790804,78.71246156248692,78.91676591821904,561800
2021-07-01,80.0404281616211,80.23544401216787,79.13034710735826,79.26964616776154,478900
2021-07-02,80.56046295166016,80.99692999405427,80.01256233932295,80.19828967925736,410600
2021-07-06,80.93193817138672,81.05266025390956,79.49252624994145,80.56047634471906,820400
2021-07-07,82.60353088378906,82.64067778625682,81.14554861590418,81.26627782018616,557500
2021-07-08,81.97203063964844,82.58494377514428,81.4519882835034,81.77701475609405,483600
2021-07-09,82.4642105102539,82.83566523715609,81.88844434748388,82.28776455544403,475900
2021-07-12,82.58491516113281,82.91923001283432,82.08344288358056,82.41775773528207,790200
2021-07-13,82.48279571533203,83.00283809751258,82.3899320163778,82.7428169064223,628600
2021-07-14,82.5106430053711,82.68708896915562,82.02774758480966,82.5942252827067,363100
2021-07-15,82.97496032714844,83.1792646681838,82.36205438908678,82.5849286315597,600400
2021-07-16,83.06784057617188,83.46716084466462,82.62209200230072,82.94711848013299,759100
2021-07-19,81.65628814697266,82.94711255606308,80.95979985062694,82.94711255606308,577400
2021-07-20,82.8263931274414,83.34643547152548,81.62843236906583,81.65629076820667,924400
2021-07-21,82.4642105102539,83.26285092617418,82.28776455544403,82.82638382851486,380000
2021-07-22,82.44563293457031,82.56636209649231,82.17632329995662,82.46420992180971,359700
2021-07-23,83.29071044921875,83.30928035179723,82.30633557148273,82.48278152868016,663900
2021-07-26,83.38357543945312,83.56930280832911,82.9563968230024,83.06783041031,596600
2021-07-27,83.37427520751953,83.52286274973717,82.78922770138654,83.38356370016913,833800
2021-07-28,83.50431060791016,83.85720258314439,82.66852314688973,83.39287700313815,368100
2021-07-29,83.30928039550781,84.18221460309637,83.19783972484389,83.903616468959,436900
2021-07-30,79.68753814697266,81.86987361308951,79.01890830927256,81.37768264336134,1310700
2021-08-02,79.650390625,80.98765028977851,79.37179958486757,79.87327195915951,810100
2021-08-03,76.85516357421875,79.80827422322582,76.78086978913856,79.76183883628937,1367600
2021-08-04,76.14938354492188,77.52379017022564,76.10294815996185,76.63227895729914,1165800
2021-08-05,76.15867614746094,77.14304401332124,75.83364969034153,76.01008857560899,883900
2021-08-06,75.94508361816406,76.86444619664351,75.8243615292875,76.03794730845722,696100
2021-08-09,75.19287872314453,75.96366081628504,75.1185849366874,75.80578474880228,1062600
2021-08-10,75.40645599365234,75.8615000705687,75.01642428633373,75.36002769613992,689700
2021-08-11,75.89865112304688,75.93579092907628,75.40646013009453,75.40646013009453,453700
2021-08-12,75.72220611572266,76.05652105455945,75.45289646582384,75.8057813079093,535400
2021-08-13,75.17180633544922,76.0300580432355,75.03187228981551,75.84348406061804,390100
2021-08-16,76.00206756591797,76.22595775352794,74.9572348281702,75.25575745076374,586400
2021-08-17,76.18862915039062,76.39386475456084,75.20910529049586,75.80615043862397,874700
2021-08-18,74.57476806640625,76.25395541996838,74.52812100769263,75.90879280791836,878800
2021-08-19,75.8528060913086,75.8714677595602,74.2109351522203,74.28556047320355,1178200
2021-08-20,76.7297134399414,76.73904427333656,75.70354240403036,75.96474880037057,820600
2021-08-23,75.8528060913086,76.82300643750133,75.56361428947825,76.74837399917703,719300
2021-08-24,75.61958312988281,76.01139986241645,75.33972216931978,75.79683338704467,935900
2021-08-25,75.92743682861328,76.18864323955542,74.96656733807292,75.67556125158791,735800
2021-08-26,75.66621398925781,75.99272193204509,75.27440445791309,75.8061479982636,531700
2021-08-27,76.19798278808594,76.4125492886656,75.3863709606868,75.60093746126647,528000
2021-08-30,76.27261352539062,76.50583457337416,76.12334863835721,76.25395185584067,471600
2021-08-31,76.41254425048828,76.82300843727458,75.86213890019532,76.21663231545196,875800
2021-09-01,76.94429016113281,77.45737218881507,76.22596535809963,76.72039283384532,624200
2021-09-02,78.01709747314453,78.25964934055703,76.96294096519736,77.07488962338952,468500
2021-09-03,77.54133605957031,78.27831542018268,77.50401983807002,78.11039598210212,471900
2021-09-07,76.40321350097656,77.62528946300655,76.29126484045165,77.6159586286275,935100
2021-09-08,77.1961669921875,77.41073348826737,76.28193735116334,76.40321685138561,885900
2021-09-09,76.822998046875,77.46669030177102,76.56179165861002,77.1681676984196,664900
2021-09-10,76.02072143554688,77.14951031454204,75.99273605201371,76.97226717971844,616600
2021-09-13,76.72038269042969,77.42004573168046,75.88078561746065,76.22595528005361,930600
2021-09-14,74.60275268554688,76.99093402635108,74.4814731810786,76.99093402635108,725000
2021-09-15,75.13449096679688,75.63824926638151,74.098988981652,74.50012945443191,928800
2021-09-16,74.74267578125,76.0487078121229,74.6400579620613,75.71287608799898,490400
2021-09-17,74.5654296875,75.19979118818149,74.45348102831815,74.49079724804544,1739100
2021-09-20,74.47212982177734,74.55608596364314,73.69783441031748,73.81910676545918,883700
2021-09-21,72.83025360107422,75.00387502940798,72.56904721982795,74.82662479184512,1098800
2021-09-22,73.11945343017578,73.75381490490317,72.77429086716735,73.1381150979465,600500
2021-09-23,73.16609191894531,73.78179165384084,73.09145949127917,73.28736427589776,676900
2021-09-24,73.8284683227539,74.11766019931795,73.27806996189422,73.32470990989394,545000
2021-09-27,74.13629150390625,74.68668963930607,73.85642346117889,74.11762983847643,500000
2021-09-28,73.21275329589844,73.99637258775479,73.15677540552196,73.76315154365352,731100
2021-09-29,74.11763763427734,74.59341051002033,73.25938598507327,73.3340184199625,635800
2021-09-30,74.02435302734375,75.07851663133191,73.76314661418097,74.83596476882035,854900
2021-10-01,75.38636016845703,75.59159580467148,74.10831353495183,74.35085827107737,822200
2021-10-04,75.79682922363281,76.4964922626202,75.33971803101639,75.37703424717658,1132600
2021-10-05,74.48146057128906,76.16065474059131,73.18475228618256,75.7595143066658,1871100
2021-10-06,74.89193725585938,75.27442316772122,74.23892120797466,74.48146595870834,1751200
2021-10-07,75.5636215209961,76.35657168139005,75.04120863741264,75.19979724602308,1037600
2021-10-08,75.39569091796875,75.91810372422933,74.75199862644007,75.66622815473674,643600
2021-10-11,74.92925262451172,75.69421732220788,74.87328185456892,75.21844442567092,501800
2021-10-12,74.8079833984375,75.339727087293,74.61207857805299,74.89193955688458,585600
2021-10-13,74.919921875,75.5262979803155,74.08965557231943,75.02253969823836,698500
2021-10-14,75.2464370727539,75.49831265532215,74.50945775861125,75.23710623863181,1028800
2021-10-15,75.53562927246094,75.56361465763364,74.77999540343376,75.29307740539575,1018900
2021-10-18,75.41436004638672,75.56362494408194,74.4721520697184,75.42369088182818,650600
2021-10-19,75.53562927246094,75.70354870083821,74.7706645692625,75.6848870324957,596500
2021-10-20,75.70355987548828,76.38456140635061,75.43302258331622,75.68489820439109,681100
2021-10-21,77.53201293945312,77.68127072296424,75.67557521847871,76.1047011324187,1074400
2021-10-22,77.38273620605469,78.50220143925128,77.38273620605469,77.73723673270378,706900
2021-10-25,78.04507446289062,78.1290306018412,77.0282272591157,77.30809529029698,797300
2021-10-26,77.09355926513672,78.34362794895083,77.05624303843484,78.18503220613222,445100
2021-10-27,74.34153747558594,77.11220443865676,74.33220664157122,77.11220443865676,812800
2021-10-28,75.15314483642578,75.15314483642578,73.79113483168841,74.42549633829744,872900
2021-10-29,81.03031921386719,81.17025326221079,75.9367725224858,76.11401567420243,1803800
2021-11-01,81.72064971923828,82.21507717755998,80.47058838063938,80.87172884788285,1103400
2021-11-02,81.8885726928711,82.47629428503889,81.08629172367499,81.7673003109569,1188800
2021-11-03,80.9183578491211,82.09379370640903,80.1160770230576,81.81392565365563,851600
2021-11-04,81.55274963378906,82.16845673217368,80.7971155742651,81.14228535220887,517300
2021-11-05,80.9743423461914,82.6068895135151,80.43326786257376,81.66467458409,648800
2021-11-08,81.84192657470703,81.91655189475901,80.81574835390636,81.1702488728524,464700
2021-11-09,81.92589569091797,82.34569076232576,81.29153410739241,81.72999084977153,874800
2021-11-10,82.33636474609375,82.61622574677372,81.44079673270244,81.68334150982336,748300
2021-11-11,82.79345703125,82.91472939198286,81.8792275571907,82.27104425598199,635400
2021-11-12,84.17053985595703,84.86376212355313,82.79345807035038,83.14007277771697,912900
2021-11-15,83.40238189697266,84.39537664485367,83.28060181471072,84.20802157258332,676900
2021-11-16,83.00891876220703,83.9363383726613,82.90587134469692,83.04639120013223,488300
2021-11-17,83.20565032958984,83.74899000208559,82.15644342550881,82.53116068747613,1238100
2021-11-18,81.33207702636719,83.66468125077915,81.3227071286802,83.645948602543,537300
2021-11-19,81.8191909790039,82.33442805958167,80.98544890107745,81.59436350163209,849000
2021-11-22,82.8777847290039,83.58974689212133,81.48197009696716,81.91289249520877,434300
2021-11-23,82.40936279296875,83.12132472202359,82.3063153895344,82.71850500327179,645400
2021-11-24,81.49134063720703,83.03704519749316,81.32271819159148,82.40939776270034,648700
2021-11-26,79.814453125,81.35078715197938,79.73951540566469,81.35078715197938,746200
2021-11-29,80.63883972167969,81.18217933248145,79.93624761544392,80.16107508824115,789900
2021-11-30,78.63414764404297,80.09553762234843,78.54046293495993,80.09553762234843,1244700
2021-12-01,78.60602569580078,80.98546520006904,78.60602569580078,79.5709179253147,720100
2021-12-02,80.947998046875,81.57564540450353,78.8027488652836,78.8027488652836,940100
2021-12-03,80.55455017089844,81.80985217686994,80.15173028466398,81.18220474745355,748800
2021-12-06,81.0135726928711,82.5967423533578,80.7044303907069,81.55690526217853,542200
2021-12-07,80.78872680664062,81.6131061645617,80.46085190162061,81.16344404686504,525100
2021-12-08,80.08612823486328,80.77935757514797,79.49595345318598,80.45147554930203,501900
2021-12-09,78.25940704345703,80.25476639502365,77.88468975965648,80.02056898604053,751300
2021-12-10,78.1563491821289,78.61537404128251,77.65985188488199,78.38117666355195,711200
2021-12-13,79.38355255126953,79.79574228233624,77.96900533263208,78.29688027909977,789300
2021-12-14,78.8121109008789,79.73953780289935,78.77463845711807,79.17745829362471,947900
2021-12-15,77.791015625,79.03694761055117,77.16336825680976,78.59665531887985,816100
2021-12-16,77.51934051513672,78.35308269935933,77.01347326620319,77.76290781583899,728700
2021-12-17,76.76055145263672,77.69734116664151,75.92680917894353,76.97600908446036,1133800
2021-12-20,76.0579605102539,76.46078038027497,74.79328865630372,76.08606305862818,749300
2021-12-21,77.07904815673828,77.86595514758422,76.10478610228678,76.45140083180837,834200
2021-12-22,77.1821060180664,78.11889575698906,76.71371114860507,77.0228534777628,418400
2021-12-23,77.75354766845703,78.01584764957956,76.94790792807302,77.36946044814302,271000
2021-12-27,78.6903305053711,78.81211058675503,77.60365108205171,78.00647091695282,240800
2021-12-28,79.32734680175781,79.57091410874436,78.53107703918617,78.58728213036086,345400
2021-12-29,79.78636932373047,80.17981924439725,79.40228930035695,79.63648670272588,345900
2021-12-30,79.62710571289062,80.44211513256819,79.62710571289062,80.1985478668364,325100
2021-12-31,79.43038940429688,79.86131175375745,79.18682211211923,79.4865944920543,338400
2022-01-03,82.62482452392578,82.73724182802782,79.5240538105898,79.5240538105898,1023400
2022-01-04,84.5733642578125,85.24785391585355,82.93398245173839,83.17754974983933,1179500
2022-01-05,83.10260009765625,85.06985672263258,82.8871425036183,84.25485438854733,546100
2022-01-06,81.50067138671875,83.35551739750088,81.30394648585533,83.03700531005389,523600
2022-01-07,81.8847885131836,82.60611341458828,81.3976538822206,81.82857627291064,536500
2022-01-10,81.051025390625,82.13770465459581,80.54516534389296,81.82856240048652,1047500
2022-01-11,80.92924499511719,81.49131727028681,79.72078567257728,81.49131727028681,1070000
2022-01-12,80.31097412109375,80.99482651450623,79.59901203658691,80.55453426681301,649500
2022-01-13,80.81684112548828,81.27587320654307,80.4702335241612,80.64821870017259,916700
2022-01-14,83.32743835449219,83.57100567008622,80.28287192454977,80.72316421334506,734900
2022-01-18,82.47496032714844,82.71852763345908,80.79810602275872,82.71852763345908,845400
2022-01-19,81.54754638671875,82.74663606127733,81.29460916487822,82.21266621722738,982000
2022-01-20,80.33909606933594,82.28761344140165,80.14237106698437,81.88480068454297,399000
2022-01-21,79.97371673583984,81.38826363846609,79.86129943053457,80.02992181492438,792300
2022-01-24,81.21028900146484,81.4163838475926,78.61537792560128,80.47959429038437,1453600
2022-01-25,80.01119995117188,81.23839199077005,77.61301381149563,80.14234991813028,1344100
2022-01-26,78.88705444335938,81.49132848966207,78.2500372045622,80.90115359155173,757100
2022-01-27,76.85423278808594,79.22430973796142,76.28279046256591,78.64349751364014,1357200
2022-01-28,70.49341583251953,72.96653974975654,68.68541165883653,70.36226586320676,3330700
2022-01-31,71.8798599243164,72.01100987970749,69.17253175253511,69.17253175253511,1711300
2022-02-01,71.81429290771484,72.68550035919054,70.79318854510342,72.07659284757472,1637200
2022-02-02,73.43492889404297,73.6691262708315,71.43019992050402,71.61755496308015,1531600
2022-02-03,71.72998046875,73.02274756329253,71.72998046875,72.52625021134078,1027100
2022-02-04,71.80491638183594,72.619918670142,71.00864673873167,71.61755419413474,754200
2022-02-07,70.7557144165039,71.84239373816182,70.43720939631,71.66440143444336,1523900
2022-02-08,70.21238708496094,71.03676661777607,70.09060699358525,70.6152069529124,1653400
2022-02-09,70.77445220947266,71.14916230566445,70.19364012495626,70.63393234983226,1019000
2022-02-10,70.51065826416016,71.17959256689211,70.07726916963588,70.19975354046987,1183900
2022-02-11,70.34105682373047,70.78386213167884,69.35179455871574,70.46353397000796,1459600
2022-02-14,70.03015899658203,70.6425592264217,69.31412147301337,70.6425592264217,827200
2022-02-15,69.44603729248047,70.40703655477368,69.27644961019641,70.1714985064931,1110200
2022-02-16,69.69097900390625,69.92651698502637,68.43791521921557,69.2575899812111,2394100
2022-02-17,69.59677124023438,70.08668712039666,68.43792111062356,69.49313394457612,1125000
2022-02-18,68.80535125732422,70.36932684227602,68.67345056799677,69.76635020876527,936800
2022-02-22,67.25080108642578,68.8053531833561,66.98699970038643,68.67345249033643,1351200
2022-02-23,66.40286254882812,68.40964331090908,66.40286254882812,67.23195355164958,1082500
2022-02-24,70.79330444335938,71.10421634490963,65.64915511427665,65.64915511427665,1418500
2022-02-25,71.97098541259766,72.69644642455879,71.13247076930145,71.23610805672448,1448300
2022-02-28,76.02222442626953,76.20122836481904,72.2159306229501,72.29130448552209,1714500
2022-03-01,77.70870208740234,78.4906828042552,76.15414981048971,76.28605051878053,1988600
2022-03-02,76.8890380859375,78.59433118944614,76.46507249062833,77.58622866926498,1472900
2022-03-03,77.85944366455078,77.9630809635342,76.50274243280406,77.27530681464881,1211300
2022-03-04,81.3359603881836,81.90124998726859,77.91594501583198,77.91594501583198,1850700
2022-03-07,81.91069793701172,84.39797866494968,80.47862285847206,81.40193498974494,2448700
2022-03-08,78.54721069335938,82.31581849499841,78.3493596463392,80.78010621547918,1481300
2022-03-09,78.66969299316406,79.0182918252627,76.97381649653478,77.47316310080019,1044000
2022-03-10,78.97117614746094,79.50820247134367,77.95365031650981,78.78274863271396,880700
2022-03-11,78.5000991821289,80.30902917785328,78.30224813772614,79.82853686489605,915300
2022-03-14,78.6602554321289,79.01827773315065,77.85942780244825,78.72620577367795,638700
2022-03-15,80.03581237792969,80.21482356448693,78.30225608639483,78.67911833743923,688700
2022-03-16,78.99002075195312,80.61052335275444,77.3318383963861,79.87564593798393,871300
2022-03-17,80.36556243896484,80.78952793190108,78.9146476053771,79.15960193158307,707400
2022-03-18,81.66571044921875,82.12736277412014,80.5351312732835,81.17579472312603,2367900
2022-03-21,80.50688934326172,83.20144476610976,80.3938356982511,81.55267868790797,1055200
2022-03-22,80.67646789550781,81.06275364050575,79.99812453783754,80.90258953611341,844700
2022-03-23,80.94026184082031,81.524391336642,80.28075129037812,80.80835398029384,676000
2022-03-24,82.09912109375,82.5984604816982,80.66705327948253,80.7706905699679,605100
2022-03-25,82.85284423828125,83.73846217758357,82.34408132606133,82.62672259637314,743900
2022-03-28,83.55003356933594,84.85962417902051,82.70209539341278,82.78689280502948,1059000
2022-03-29,81.67516326904297,84.39798211031028,81.42077819100018,84.28492127695242,2008000
2022-03-30,84.2378158569336,84.2849191452708,81.51498989648061,81.79763837870188,916200
2022-03-31,82.75862884521484,84.56756616158545,82.72094909041802,83.86095215633034,1003200
2022-04-01,84.14358520507812,84.65234810160251,82.56076970079629,82.71151745741773,949800
2022-04-04,83.15434265136719,84.65236097331669,82.91880463686822,84.25665883409037,1164000
2022-04-05,82.71151733398438,84.76540879257014,82.64556698757309,83.2296965734878,975400
2022-04-06,83.38987731933594,83.77615590982657,82.438301766294,82.54193906355844,614500
2022-04-07,84.1906967163086,84.79367337414752,83.10722056336252,83.19201797452202,618100
2022-04-08,83.71019744873047,85.22706262936816,83.51234640621888,84.19069694514366,586700
2022-04-11,83.28623962402344,84.6806205819272,83.00359114409864,83.80441891981965,572100
2022-04-12,82.5042495727539,83.64425261941415,82.39118874612466,83.33334073722065,699000
2022-04-13,82.97532653808594,84.49219183652296,82.47598712705685,84.13417666341988,1160300
2022-04-14,82.70209503173828,83.85152153317978,82.51366752148996,83.44639591690202,878200
2022-04-18,81.97663116455078,82.86224897984778,81.75993308507674,82.62671102687716,624600
2022-04-19,82.3252182006836,82.8151411411877,81.72224164933047,81.98604299204152,1052300
2022-04-20,84.65235900878906,84.66178254180427,82.78690200255683,82.90937917955604,992900
2022-04-21,84.699462890625,86.16921765237038,84.56756219088113,84.7936766492922,1027400
2022-04-22,82.92820739746094,84.9255720209188,82.7680432989703,84.25664503188564,656200
2022-04-25,82.31581115722656,82.44771184348217,80.81778595182612,82.23101375146322,816400
2022-04-26,80.76127624511719,82.73979414604621,80.71416576659871,82.24987823448323,663300
2022-04-27,79.9039077758789,81.59978422894199,79.59300308285836,80.52573153801845,972900
2022-04-28,78.63200378417969,80.68589539844388,78.59431684222402,80.68589539844388,1061200
2022-04-29,76.90785217285156,78.92405653701603,76.57810046619814,78.46240414770124,1236400
2022-05-02,77.68042755126953,78.64142659216249,76.75712264003418,76.75712264003418,1050000
2022-05-03,78.42473602294922,79.08424678249851,77.39779372046436,77.60506832523558,956400
2022-05-04,81.65631103515625,81.93895950663861,78.6037406081731,78.75448118839427,1001900
2022-05-05,80.4786148071289,81.43019025337634,79.30092491406725,81.1569653356202,1137500
2022-05-06,79.46109008789062,80.78952775547437,78.90522390111927,79.84737582829682,695100
2022-05-09,76.69117736816406,78.89580968789406,76.08820063859433,78.8392828657624,632300
2022-05-10,76.95496368408203,77.81231813301183,75.37214828262498,77.31297880072715,1011700
2022-05-11,75.30619812011719,77.55794048039051,75.19313730972608,76.58752521902355,640000
2022-05-12,75.01416015625,76.00341564556696,74.38291272434208,75.54176308388571,1435300
2022-05-13,75.87150573730469,76.12589082382705,75.1554681449361,75.41927676489814,871200
2022-05-16,77.45430755615234,77.98191032487938,76.00339275410437,76.5121556473977,1286900
2022-05-17,78.55663299560547,78.64143041535927,77.28472920369438,77.9253928660862,901700
2022-05-18,75.10836029052734,78.35878188889656,74.51479991673767,78.00076670848891,1574600
2022-05-19,76.16356658935547,77.6144815768721,74.11909841114775,74.22273570940247,1460800
2022-05-20,74.27925109863281,76.54984058977429,72.16883289071906,76.01281430331258,1845100
2022-05-23,76.38968658447266,76.51216375789616,73.53496714842584,74.1944706792438,1201200
2022-05-24,79.95101928710938,80.06408011479591,75.90918634494459,75.90918634494459,1595500
2022-05-25,79.73429870605469,80.95909883616994,78.73562016762205,80.11116083747841,1177800
2022-05-26,81.44903564453125,82.7680498516917,80.39383002924221,80.39383002924221,1471000
2022-05-27,81.8353042602539,82.30638015068223,81.1286904246114,81.74109051977777,1005700
2022-05-31,80.89317321777344,81.40193617243202,80.04523496000914,81.40193617243202,1256700
2022-06-01,80.34672546386719,81.26061410006602,80.00755015170989,81.10044997711665,1029300
2022-06-02,82.41002655029297,82.63614099009224,79.91332261684992,80.57282606128464,1661300
2022-06-03,82.16508483886719,82.43830981395948,81.33599356786486,82.43830981395948,1015100
2022-06-06,82.93763732910156,83.37102637566241,81.96722194353606,81.96722194353606,610300
2022-06-07,83.65367889404297,83.76673972437821,80.2996199959751,80.48804752515102,956200
2022-06-08,81.90126037597656,83.20142733759555,81.6186119465581,83.20142733759555,686500
2022-06-09,81.15697479248047,82.29697787923777,80.95912372995726,81.79763845648164,595600
2022-06-10,79.99813842773438,80.9591304089921,79.82855076185947,80.71416884982833,1049600
2022-06-13,78.48125457763672,79.34803258319207,78.00075510558061,78.18918260659754,1222400
2022-06-14,77.67627716064453,78.97372555627729,76.965996616206,78.33921000399556,987300
2022-06-15,78.7843017578125,79.47563727881888,77.8846089447422,78.3107815063057,722800
2022-06-16,76.40724182128906,77.96038794768535,75.91478385025849,77.827802831433,889300
2022-06-17,76.83341217041016,77.15540977724349,75.62120118659682,76.88076709726275,2516800
2022-06-21,79.79764556884766,79.90182061625626,77.43004399200957,77.63839408682678,1070100
2022-06-22,80.17646026611328,81.09508357426162,79.28623979442213,79.72187760121774,955600
2022-06-23,80.47952270507812,80.87727806914599,79.1631294710202,80.46057784468601,697900
2022-06-24,84.79801940917969,84.89272202770444,81.00985686541654,81.31290957990373,1262900
2022-06-27,84.0119857788086,85.0442639745417,83.40588026447541,84.5517987283037,800800
2022-06-28,82.94182586669922,84.63702957910947,82.66718319789393,83.93621426201443,809000
2022-06-29,83.84150695800781,84.18244216747193,82.43041842321543,83.20699146136221,700300
2022-06-30,85.57459259033203,85.86817287587287,83.37745860014552,83.56686383752412,1550800
2022-07-01,87.92324829101562,88.50094365117498,84.76960849621616,85.57459158362535,1386700
2022-07-05,85.34729766845703,87.17508623399053,84.61807239277094,86.7394412191062,1626100
2022-07-06,87.0425033569336,88.33994433000949,85.13894976407903,85.85870262947239,1650700
2022-07-07,87.4970703125,87.80012298035346,86.60684993959177,86.88149254879421,680300
2022-07-08,87.6391372680664,87.98007245928159,86.81520935173867,87.1182620522248,1196000
2022-07-11,87.06143951416016,87.67701732707823,85.76399133772335,87.06143951416016,875900
2022-07-12,85.65035247802734,88.29259656668441,85.37570984243078,87.05196849204526,1045700
2022-07-13,85.20523071289062,86.38903127914654,84.68435557359992,85.11999331494067,856000
2022-07-14,85.44200134277344,85.72610917843713,84.59913581388273,84.74119334438764,916600
2022-07-15,85.51776885986328,86.5121571522104,84.81695361533708,85.72611172206004,906400
2022-07-18,85.27154541015625,86.48375634889399,85.23366291515231,85.55565328466515,596400
2022-07-19,87.76225280761719,87.98954775940818,85.48935386713318,85.6124737723566,1137900
2022-07-20,88.1126708984375,88.57671883573774,87.26033279141342,88.40625121433291,863600
2022-07-21,88.33047485351562,88.39676740745541,87.43078916071185,88.16947968328279,587700
2022-07-22,89.27751922607422,89.59951680544376,88.44412605212109,88.87976388568842,1147200
2022-07-25,90.02566528320312,90.3476628020323,89.13545214952454,89.42903238480037,1423000
2022-07-26,90.11090850830078,90.27190366545003,89.21121566326592,89.66579830001507,796700
2022-07-27,89.22068786621094,90.30978592568665,88.9934001610838,90.30978592568665,787600
2022-07-28,90.5749740600586,91.01061192506961,88.77559524346712,89.55216834637326,1507800
2022-07-29,90.89696502685547,91.8440056795717,89.90256945136473,90.28138715752057,1572800
2022-08-01,90.72648620605469,92.74367994587904,90.66965886068009,91.14317912850846,1238700
2022-08-02,90.97272491455078,91.86294546102638,89.45746127985066,91.00113497874095,1157000
2022-08-03,91.11477661132812,91.82505707187045,90.16773599727169,91.36100919407981,884200
2022-08-04,89.99726867675781,90.97271935620482,89.77945338104354,90.86854431030791,788100
2022-08-05,89.99726867675781,90.08250608946734,89.0597004890321,89.39116325991023,480400
2022-08-08,89.41010284423828,90.9158938682653,89.334337865265,90.30978848717122,508400
2022-08-09,90.68860626220703,91.4746444375946,89.49533313070079,90.12984857331158,737700
2022-08-10,91.0579605102539,91.76824100218202,90.32873515901349,91.09584300353168,620300
2022-08-11,89.74156951904297,91.47464833041353,89.41957195700192,91.01060045826978,725300
2022-08-12,91.1781005859375,91.292266100509,90.09355360149465,90.22674307268716,409500
2022-08-15,93.42332458496094,93.54700573304716,90.61682223277113,91.08298548017943,565100
2022-08-16,93.29013061523438,93.64213556542835,92.07239396133946,93.28062226451672,1284600
2022-08-17,93.36624145507812,93.78484115388241,92.98569693419086,93.194996783593,482200
2022-08-18,94.23197937011719,94.33662929365057,93.3377008447529,93.51846112327112,601900
2022-08-19,94.18441009521484,94.39370994564061,93.62311254933034,94.01316542289223,561800
2022-08-22,93.24256896972656,94.26052140486229,93.13791904345516,93.76581134280049,542400
2022-08-23,93.08081817626953,93.54698859656537,92.5956310571107,93.28060964684317,390200
2022-08-24,93.69921112060547,94.48883969696155,92.94763772051407,93.16645316946531,833900
2022-08-25,93.56600952148438,94.02266431926773,92.6431915767943,93.92753002006171,489100
2022-08-26,92.19608306884766,93.48992293168102,92.129481058372,93.19500435172822,584400
2022-08-29,91.00686645507812,91.70135339994158,90.47410129297948,91.47302962091763,587100
2022-08-30,90.79756164550781,91.49204855222051,89.82717293596946,91.006861455733,877500
2022-08-31,91.044921875,92.02482632641578,90.76903455083932,91.05443748357602,1037300
2022-09-01,91.56816864013672,91.67281855638804,90.45508199449894,90.95930035919217,1305300
2022-09-02,90.50265502929688,92.20558617654103,90.3409259629259,92.05337271945163,611000
2022-09-06,90.80707550048828,92.0248192648823,90.30285715889028,90.43604663560363,525200
2022-09-07,92.04385375976562,92.28169317516554,90.48362777540484,91.08298048923076,462800
2022-09-08,91.42546081542969,92.03432907816915,90.98783720522835,91.73941055479659,479800
2022-09-09,92.76689147949219,92.966675725757,91.34936327869195,91.95823888510128,494100
2022-09-12,92.72882843017578,93.56602052322245,92.60514729421162,92.95715222677349,622900
2022-09-13,90.39800262451172,92.11044933410446,89.92232378943407,91.92018070338659,934200
2022-09-14,90.4740982055664,91.41594011289682,89.9413403199301,90.33139312669044,897300
2022-09-15,87.99105834960938,90.1030732859143,87.65808465656178,89.69398924637522,883700
2022-09-16,90.67388153076172,90.95929168573765,87.55343007390202,87.68661954401566,2048700
2022-09-19,91.36840057373047,91.60624001485587,89.6654693042785,90.05552947170035,597100
2022-09-20,91.08297729492188,91.35887187810401,89.45615662163355,90.94027219903005,612800
2022-09-21,90.46459197998047,93.21402216050119,90.46459197998047,91.99627831831442,609400
2022-09-22,90.04598999023438,90.60728743851227,89.16122721347017,90.06501394683626,694900
2022-09-23,88.75215911865234,89.66546162334443,87.38220173247267,89.60838248501463,667100
2022-09-26,88.18134307861328,89.33248496643598,87.85787770265523,88.41918249159193,681700
2022-09-27,87.66761016845703,89.06610709553051,86.85895760590549,88.79972085271602,725600
2022-09-28,88.91387176513672,89.02803727899914,86.85894332358573,87.94349030129243,1097500
2022-09-29,87.69615173339844,88.71410416647872,86.99214907849847,88.63799380965627,649700
2022-09-30,87.85787963867188,89.18026622331034,87.58198504254315,87.76274532304063,1027800
2022-10-03,91.30180358886719,91.91067196260303,88.29550964254835,88.55238029732402,1113100
2022-10-04,92.46246337890625,93.4518763241724,92.00580845867428,92.24364789960508,814000
2022-10-05,92.90957641601562,93.70871322758532,91.98675848483515,92.22459785850923,860600
2022-10-06,91.88211822509766,92.81444460313342,91.46351856083858,92.48147089669207,546800
2022-10-07,92.510009765625,92.5670961565005,90.76903089699326,91.39692313036478,605700
2022-10-10,92.01531982421875,93.46138036473036,91.34936506536094,92.67175897355881,554600
2022-10-11,91.79651641845703,92.70031072604695,90.7785638147856,91.76797684443665,891600
2022-10-12,89.68449401855469,92.15803003364378,89.62741487485638,91.92969894228295,705400
2022-10-13,91.46354675292969,91.95825691922781,88.32406281985864,88.59044912540323,674200
2022-10-14,89.76058959960938,92.52904374557954,89.71302607378864,92.11044407197461,528700
2022-10-17,91.73941802978516,92.20558124367909,90.52168140508427,90.72146563961023,1022800
2022-10-18,95.97296142578125,96.15372171004333,92.78591460691987,92.78591460691987,1462000
2022-10-19,93.82288360595703,94.8027807149905,92.9666603646669,94.18439685970974,1302700
2022-10-20,94.7076644897461,95.14528817254173,93.40430179265142,93.99414619552385,1320800
2022-10-21,96.11566162109375,96.47718217114898,93.32818343357856,94.69814076371875,1277000
2022-10-24,95.66851043701172,97.11457794033979,95.24040245387015,96.96235725229182,1161400
2022-10-25,96.54377746582031,96.76258566056899,95.06917020576819,95.45922306775981,1176500
2022-10-26,97.86617279052734,98.37990683830638,96.562810080887,97.1241076604353,1325900
2022-10-27,98.5701675415039,99.94963324250712,98.25621777232676,98.25621777232676,1012700
2022-10-28,103.39354705810547,104.71593357725152,99.75936121802734,99.8449799203702,1628100
2022-10-31,103.55528259277344,104.29734042597875,102.03311174795705,102.7180904426952,1161000
2022-11-01,102.88934326171875,103.8216698024785,102.10923018834922,103.69799590658123,1146400
2022-11-02,103.2413330078125,104.58275083056516,102.57538553017274,102.85128013041867,1544000
2022-11-03,103.4125747680664,103.89776920712347,102.28046408797717,102.28046408797717,1037400
2022-11-04,101.63352966308594,103.60283951781385,99.48345954968782,103.50770521367032,1806900
2022-11-07,103.92630004882812,104.40197883902012,101.64304040425009,101.79526110108704,1181400
2022-11-08,104.9823226928711,105.54362752060183,103.79312554578763,103.85021194448034,753300
2022-11-09,104.59225463867188,105.30577282347282,104.36392359357231,104.99182308017265,1238300
2022-11-10,105.86707305908203,107.0753012813399,104.79204157906355,106.55205169559319,1143400
2022-11-11,98.65579223632812,106.06686971424409,97.45708674024829,105.286756677531,2307800
2022-11-14,100.64286804199219,102.22870128294792,98.4647416100583,98.80865707704854,1758900
2022-11-15,99.63977813720703,101.35934802488254,99.21943543002808,101.23515917435503,1542000
2022-11-16,101.94207000732422,102.56302869558698,99.82126106909048,99.8499194674173,939400
2022-11-17,100.87211608886719,101.49307481270863,99.48690664134017,101.05362900667588,1060400
2022-11-18,102.43885040283203,103.21265639121056,101.5504035208584,101.90386685455975,1161200
2022-11-21,102.44840240478516,104.11066262952573,102.29555516243849,102.9929339160608,907700
2022-11-22,102.620361328125,103.9195957017958,102.314659551291,102.54393406179018,961600
2022-11-23,101.36891174316406,102.74457359928708,101.35935651124475,102.60127427452319,721800
2022-11-25,103.18399810791016,103.5279135005838,101.37844594062601,102.0471662660998,437900
2022-11-28,102.6585693359375,103.90048683605679,102.15225147909813,102.4483980092861,1163600
2022-11-29,101.33068084716797,102.68723200842891,101.3115776750891,102.10448686520319,1123000
2022-11-30,101.64592742919922,102.19045888393492,100.58552291916057,101.10139597446351,2101500
2022-12-01,102.10448455810547,102.28599748702675,101.41666105122984,102.2191254535039,882900
2022-12-02,103.59477996826172,104.47367157410238,101.90386149703103,101.90386149703103,1187600
2022-12-05,102.70634460449219,103.31774816280117,101.78923926702872,102.67768620152542,657300
2022-12-06,102.80187225341797,103.01204358747651,101.3020218013244,102.62035932154829,937600
2022-12-07,101.50263977050781,103.70942424166728,101.4166645623612,102.76366050952826,729900
2022-12-08,101.5121841430664,102.84007677589209,100.81479816805866,102.05671560193373,549900
2022-12-09,100.1460952758789,101.67460426025178,100.12698481378976,101.6555010866684,421700
2022-12-12,100.3753662109375,100.54732392106006,99.62066333253881,100.06966442499801,514300
2022-12-13,99.74486541748047,101.72237555762614,99.24809543037287,101.22560557051854,1188900
2022-12-14,101.07274627685547,101.32112395232633,99.21942520992876,100.18429937542726,962300
2022-12-15,99.57289123535156,100.6715021294127,98.73220594646408,100.28938040374173,1018600
2022-12-16,99.27674865722656,99.60156090700887,98.2832160233418,99.3531759264113,1688500
2022-12-19,98.99969482421875,100.29892910921353,98.21633361901644,99.17165251748291,670200
2022-12-20,99.018798828125,100.34669142733978,98.80862751800393,99.18120128103517,516700
2022-12-21,100.25115966796875,100.47087891580604,98.51247970078128,99.46779852425801,584800
2022-12-22,99.32450866699219,100.11742511495117,97.99661595944879,99.89769855776191,552400
2022-12-23,99.7926254272461,99.99324154978596,98.93283683885682,99.21943546448851,363700
2022-12-27,99.97412872314453,100.46134342427357,99.56334128660538,99.88814622835466,384200
2022-12-28,99.13345336914062,100.82437214801206,98.93283724577562,99.98369401841022,540000
2022-12-29,99.5346908569336,100.26072806317538,99.04747611678016,99.04747611678016,349800
2022-12-30,99.84992980957031,100.13652839953173,98.79908046055331,99.62065531070414,470500
2023-01-03,99.90725708007812,100.62374628927805,98.69399793760338,99.58244484855149,798600
2023-01-04,99.23854064941406,100.3085006131498,98.37875933210611,99.4487120073359,724300
2023-01-05,97.83421325683594,99.67797175966251,97.22280244785372,98.9614825758058,704400
2023-01-06,98.29277038574219,100.20340836744737,96.81202303451849,98.35008719287158,1012800
2023-01-09,92.3506851196289,97.99662385546566,92.02588016114024,97.99662385546566,1838000
2023-01-10,92.79969024658203,94.39507128183247,92.43667163804479,92.63728776027635,1482200
2023-01-11,92.541748046875,93.69768308597223,91.89213087820413,93.34421245543635,2334700
2023-01-12,91.1756362915039,92.48441849320712,90.32540307089953,92.48441849320712,2395500
2023-01-13,90.7457504272461,90.92726337088408,89.85730345926345,90.3540734244288,1322100
2023-01-17,90.6597671508789,91.62464130283111,90.60244305937846,91.25206021784554,1046500
2023-01-18,89.94328308105469,90.66932754386221,89.44651313178967,90.65021708277219,1444900
2023-01-19,88.37655639648438,89.92416840091735,88.31923230440924,89.79997956368045,1226400
2023-01-20,89.55159759521484,90.07702594052732,87.63141172635711,88.21414958865104,1060300
2023-01-23,90.11524200439453,90.56424309549892,88.98796530554931,89.64713045194223,946600
2023-01-24,91.90167999267578,92.01632089043545,89.82863962226496,90.23942706193898,1418100
2023-01-25,92.81879425048828,93.04806876158494,91.52910781536943,91.54821827625557,3682000
2023-01-26,92.83789825439453,94.01294380023698,92.51308601296847,92.93342869416502,1816900
2023-01-27,88.58672332763672,92.704145385698,87.41167789327685,92.15961391331285,2542100
2023-01-30,89.32230377197266,90.86992278204357,87.85111201169619,89.69487750409097,1464500
2023-01-31,90.41138458251953,90.67887272158238,88.80644845963731,90.27764051298811,1419600
2023-02-01,91.10875701904297,91.44311714295391,89.77130923489511,90.41137108473951,1205700
2023-02-02,91.20430755615234,91.63419819763178,89.59937131892042,90.4687078328138,1359200
2023-02-03,92.51309967041016,93.04808333141258,91.33806123960554,91.52912214735227,1460600
2023-02-06,91.92078399658203,93.61169521086057,91.67239904646888,93.07671896923657,1001000
2023-02-07,92.57040405273438,92.61816562524292,90.5737837361523,91.51955470698296,680900
2023-02-08,92.06407928466797,92.52262824655462,91.71060868981442,92.52262824655462,727000
2023-02-09,91.68968963623047,92.45768597531828,91.4400873470197,92.0256884923455,587900
2023-02-10,92.79368591308594,92.90888132787533,91.862483914337,91.94888047542905,747700
2023-02-13,92.00647735595703,93.4944815935661,91.71848149734653,93.06248414353776,1336300
2023-02-14,91.07530212402344,92.02570111142302,90.69130023971017,92.02570111142302,1251200
2023-02-15,92.56330108642578,92.84170227465503,90.11530276106134,90.99850198454435,932600
2023-02-16,92.62089538574219,93.24489014727764,92.06409307387956,92.43849286049125,854000
2023-02-17,93.04328918457031,93.32169033559144,92.45768802625446,92.91849169930948,1050200
2023-02-21,93.12007904052734,93.61927624159077,92.73607724974202,93.24487650973695,1138800
2023-02-22,92.70728302001953,93.66728388274076,92.05448214040008,92.84168255486247,1020400
2023-02-23,92.08328247070312,93.68648217933631,91.7856845422405,93.39848631043793,732700
2023-02-24,91.87207794189453,92.25607974476083,91.2192770742894,92.08327929968226,468500
2023-02-27,91.54568481445312,92.6592820304477,91.15208093668467,92.0832829653315,591100
2023-02-28,90.94088745117188,91.73768262274913,90.9024865366991,91.42088789574336,889700
2023-03-01,91.64168548583984,92.0928870829352,90.64328366602204,90.64328366602204,740800
2023-03-02,92.40010070800781,92.65929776785363,91.52649624023054,91.52649624023054,683800
2023-03-03,92.57288360595703,92.70728314097533,91.39207932061018,92.47688498440473,641900
2023-03-06,92.42890167236328,93.09130475315915,91.98730205990833,92.27530531005269,582500
2023-03-07,91.70889282226562,93.08169452224423,91.26729324856831,92.52489219375472,1523700
2023-03-08,88.81927490234375,92.09288129741694,87.0432748050265,91.42088363601857,1671100
2023-03-09,87.84968566894531,89.41448452165258,87.5328836095904,89.3952877260367,1159900
2023-03-10,86.91848754882812,88.72328671174725,86.71688822671157,87.73448689765016,1182800
2023-03-13,86.15047454833984,87.44647423581056,85.64167526782526,86.40967888036914,1186600
2023-03-14,87.6768798828125,87.8784791835425,86.40967904663448,86.40967904663448,1517500
2023-03-15,86.63047790527344,87.86887992716935,85.113682071745,86.99528292947215,1144300
2023-03-16,86.93768310546875,87.57128724384992,86.23688651823304,86.23688651823304,731300
2023-03-17,84.96968841552734,86.96648487870156,84.47048380656415,86.8320853280329,1827900
2023-03-20,86.80327606201172,87.2256787844491,85.04647272921112,85.09447570193366,1172300
2023-03-21,87.75366973876953,88.13766416917521,87.03366919542245,87.60966816525526,1048300
2023-03-22,86.5728759765625,88.00327517626243,86.51527826995954,87.82087999727797,752800
2023-03-23,86.46726989746094,87.16807368899973,85.66087275848724,86.5248676004663,802600
2023-03-24,87.25448608398438,87.29288700103427,85.65128624933773,86.3616849041958,992500
2023-03-27,88.0320816040039,88.27208183446655,86.91848434325469,87.57128526308209,1107500
2023-03-28,87.93607330322266,88.54087850496117,87.9072744506113,88.05127603789307,687200
2023-03-29,88.71369171142578,88.723286447527,87.84008732729632,88.29128894773892,676300
2023-03-30,88.07049560546875,89.02090193275654,87.9360960423784,88.97289894984134,518200
2023-03-31,88.98247528076172,89.23207021191179,88.44486985962942,88.71367623230795,926700
2023-04-03,91.20968627929688,91.80488214143656,89.13608084877978,89.33768015604247,1017200
2023-04-04,91.11369323730469,91.70888913590733,90.4800890977556,91.15208682979922,1075800
2023-04-05,91.21928405761719,92.14089138474037,90.92168611662005,91.19048520193692,1242300
2023-04-06,91.80488586425781,92.38089227890968,91.16168700201914,91.43048608926958,1125400
2023-04-10,92.95689392089844,93.08169140791146,91.58409226685112,91.58409226685112,920900
2023-04-11,92.37129211425781,93.2160903092689,92.33289119754468,92.88009144331143,876100
2023-04-12,92.75529479980469,93.15849344261655,92.20809454906686,92.47689364427477,538900
2023-04-13,93.3600845336914,93.59048269152615,92.40008366445036,92.90888295327206,530500
2023-04-14,93.11048889160156,93.43689301899902,92.50569093760527,93.07208797518857,673200
2023-04-17,93.05288696289062,93.44648352089466,92.54408766086742,93.35048489632482,894300
2023-04-18,93.7056884765625,93.97448755680581,93.11048528157689,93.1680903160759,950600
2023-04-19,94.33928680419922,94.3488888641436,93.80168863492571,94.06089298384383,1032400
2023-04-20,94.57929229736328,95.02089918867509,94.0992918125885,94.54089870390031,876700
2023-04-21,95.0208969116211,95.5392909774362,94.27209002096666,95.03049164764383,1121400
2023-04-24,92.61128997802734,95.08809411087906,92.2656890606887,94.78089410926978,889500
2023-04-25,92.28488159179688,92.86088797689355,92.02568457788372,92.35208136016143,493000
2023-04-26,90.32647705078125,91.44968361902794,89.58727961411276,91.11368478417862,757500
2023-04-27,92.05448150634766,92.16968424580183,90.38408206750118,90.38408206750118,840600
2023-04-28,91.89128112792969,92.68808357905259,91.66088297823788,92.12167927762151,707000
2023-05-01,93.08168029785156,93.76328001337006,91.73767766089988,92.06408175415142,674200
2023-05-02,88.94408416748047,92.60168522466775,88.49288257606591,92.48648248083033,1030400
2023-05-03,89.71208190917969,91.29608487198239,88.99208122828988,88.99208122828988,1049400
2023-05-04,88.39688873291016,89.28008784409124,87.37928275120278,89.09768532087251,543100
2023-05-05,89.35688018798828,89.99047693551404,88.40647408036187,88.9728783860991,706300
2023-05-08,87.79207611083984,89.59688242323413,87.5712800136163,89.32808335310528,627500
2023-05-09,88.68486785888672,89.12646733100792,87.38886829354036,88.38726996607615,949100
2023-05-10,89.5392837524414,90.0384883389125,89.00168557398872,89.31848763953086,1286000
2023-05-11,88.44487762451172,89.126477364138,88.04167901643287,89.126477364138,549500
2023-05-12,89.1360855102539,89.16488436647957,87.89768342296901,88.74248893479331,562700
2023-05-15,89.10728454589844,89.69288568938562,88.62728408889096,89.1840863768338,785400
2023-05-16,88.0320816040039,88.95368893429911,88.02248686822797,88.66568572805363,760600
2023-05-17,89.34728240966797,89.5968846914889,87.88808428164484,88.3008849567148,903300
2023-05-18,89.61608123779297,89.69288306648241,88.54088493304283,89.19368582845206,582400
2023-05-19,88.95368957519531,90.36488478813337,88.71368934300352,89.99048501185223,567600
2023-05-22,89.44329071044922,90.06729282039882,88.5024938393971,88.79048974260178,693500
2023-05-23,89.76007843017578,90.41287929354607,89.31847892322311,89.72167751771575,715400
2023-05-24,87.99368286132812,90.00968321435312,87.8976769153826,89.88487841431407,590500
2023-05-25,86.25608825683594,87.87849228817481,86.20809260144316,87.26409223502692,1305400
2023-05-26,92.40010070800781,93.7248995152036,88.3584971819206,91.08489663783195,2470200
2023-05-30,94.02249145507812,94.34888824880093,92.25608597234518,93.12008825606098,1333700
2023-05-31,96.55690002441406,97.36329732946498,93.36009501319177,93.70569595084964,2900500
2023-06-01,96.72970581054688,97.75690661943318,95.79850363979239,96.19210025340081,1515100
2023-06-02,99.5521011352539,99.68650068980848,96.9217004363946,96.95049929462395,1150500
2023-06-05,99.05289459228516,100.08009527722142,98.68809688171295,99.58089802463705,765000
2023-06-06,99.16809844970703,99.38889456081826,98.20809752502149,99.21609410140582,770800
2023-06-07,99.20649719238281,99.54250339284954,98.62090333620712,99.20649719238281,912200
2023-06-08,99.840087890625,100.11848901461165,98.83208407357765,99.37928426231687,973000
2023-06-09,99.36968994140625,100.53129008991353,99.17768537705057,99.84969036595761,741200
2023-06-12,100.00328826904297,100.25289054452591,99.24488670739409,99.68648622603293,534700
2023-06-13,102.02890014648438,102.16329969401045,99.72489639368222,100.0032975490508,928400
2023-06-14,101.9710464477539,102.45317905507189,100.74643286214051,101.64319980602235,1206400
2023-06-15,103.54278564453125,103.74528043634787,102.07710590324757,102.15424887825172,1438800
2023-06-16,104.72883605957031,105.07597209392239,103.5427867160742,103.5427867160742,1172100
2023-06-20,105.63525390625,105.9341737592864,103.92850040987427,104.36242415696144,1058500
2023-06-21,105.6063003540039,106.25236349997901,104.96024456478699,105.27845378279228,718500
2023-06-22,105.80882263183594,106.14631397729075,104.79634123871195,105.60632046780349,710100
2023-06-23,103.60066223144531,105.93418240274603,103.39816740898634,105.34598000365848,1228800
2023-06-26,104.91205596923828,105.02776308410317,102.71352514893064,102.97388087089583,482600
2023-06-27,105.17239379882812,105.72202460965602,104.33348051629761,105.18203850968725,720100
2023-06-28,104.77705383300781,105.20132549277835,104.32384803930726,105.20132549277835,690300
2023-06-29,106.08847045898438,106.84060361087619,104.84457463273583,104.96028176628782,632500
2023-06-30,107.61198425292969,107.98804705536092,106.08844362131862,106.40665287160934,1033000
2023-07-03,107.9880599975586,108.3834122692583,106.49345331965047,106.81165525131826,543600
2023-07-05,108.2484130859375,108.74982775145341,107.1780781286197,107.38057293719879,897900
2023-07-06,107.55414581298828,108.34484301596324,107.29379007825608,107.9302086682593,777100
2023-07-07,108.03626251220703,108.61482009992022,106.27165561643679,107.04307063789362,892600
2023-07-10,108.58590698242188,109.11625579597771,107.95913311824492,107.95913311824492,530800
2023-07-11,109.65624237060547,109.72374064196599,108.40269463761328,108.8173289779021,555100
2023-07-12,108.23876190185547,110.34086020009951,108.16161892507826,110.10943862652708,659000
2023-07-13,108.56661987304688,109.05839720548775,108.07484989736597,108.86554710013365,480200
2023-07-14,109.24160766601562,109.42482041199453,107.86270810702652,108.4701925472453,557200
2023-07-17,110.25407409667969,110.63978162935015,108.90410876747198,109.2416000997739,500100
2023-07-18,111.44012451171875,111.67154609077602,109.98408205676648,109.98408205676648,1067500
2023-07-19,111.8933334350586,112.56831612477956,111.30513108111907,111.83547987787095,945200
2023-07-20,112.09584045410156,112.25976378849798,111.35335941451993,111.45942182866557,573900
2023-07-21,111.69084930419922,112.71296814826516,111.56549010929737,112.71296814826516,916700
2023-07-24,111.72941589355469,112.33690034570301,111.03514374437948,111.51727636388894,512500
2023-07-25,112.06690216064453,112.1054736512628,110.91942422421988,111.12191903239606,649900
2023-07-26,112.3658218383789,112.86724385885971,111.78726419354378,111.98975900139808,603200
2023-07-27,109.88765716552734,112.64545612207658,109.69480707550322,112.45260603205247,1360500
2023-07-28,116.61824035644531,117.25465158865717,110.07087850095762,110.07087850095762,1456900
2023-07-31,116.75324249267578,116.89788375680169,115.58648238044461,116.7435977799313,1003700
2023-08-01,118.9228286743164,119.61710079418769,116.42537798515494,117.62107212793755,1101600
2023-08-02,119.28924560546875,119.38567065298216,117.75606748675484,118.56604671397889,748100
2023-08-03,120.08959197998047,120.71636584745545,118.41177254871316,119.28925007777026,780100
2023-08-04,118.3056869506836,120.42706721861128,118.25747075319299,120.42706721861128,887300
2023-08-07,118.9228286743164,119.53995781269985,118.24783862143725,118.4503334302731,688100
2023-08-08,117.61143493652344,118.83604857972027,116.67609645726375,118.83604857972027,1037400
2023-08-09,117.22571563720703,118.39247560227851,117.05214761349957,117.78499119768209,678900
2023-08-10,116.37715911865234,117.56320109067543,115.83716565149318,117.07143117874342,897100
2023-08-11,116.35787200927734,116.62786506984378,115.95288241842769,116.48323118508257,1265600
2023-08-14,118.21651458740234,119.01030351390617,116.74509628403746,116.85158079489382,773900
2023-08-15,117.9164047241211,119.0199646297879,117.71311815050089,117.78088034170761,699800
2023-08-16,115.92225646972656,117.91640732830123,115.73832735287839,117.91640732830123,690600
2023-08-17,111.22728729248047,116.56116529465484,111.16920013673828,115.71897169888251,1110100
2023-08-18,110.1333999633789,111.59513569443257,109.8236288864859,111.31440450201,1271700
2023-08-21,109.43643951416016,110.66584161111093,108.89433449665886,110.25926838712971,774200
2023-08-22,109.32994079589844,110.46254065225548,107.99404696842826,109.50418749576302,655200
2023-08-23,110.06564331054688,110.3850968268493,108.80720147850079,109.6881100223805,653000
2023-08-24,111.09176635742188,111.69194369638336,109.96884152816097,109.96884152816097,739600
2023-08-25,110.87879180908203,111.73066042680846,110.17212261415976,111.73066042680846,359500
2023-08-28,111.37251281738281,111.77908604826831,110.45287444977826,110.45287444977826,440600
2023-08-29,110.76262664794922,111.31440661996109,110.21084667593733,111.26600927343121,610600
2023-08-30,110.89816284179688,111.58546727410626,110.73359855212969,111.35314078366284,429300
2023-08-31,109.68811798095703,111.39186280599557,109.50419622820141,111.1982586287183,847400
2023-09-01,111.11112213134766,111.61450476630768,110.22053117475726,110.22053117475726,913400
2023-09-05,111.0724105834961,111.78876229607282,110.30766151878917,110.53031297227136,844100
2023-09-06,110.74327087402344,111.55641720915845,110.61742152297256,111.14016161792735,815400
2023-09-07,109.10729217529297,111.09176812015345,108.8459258115215,110.83039437085642,764500
2023-09-08,108.37158203125,109.43642709540067,108.20701775243599,109.35898247518509,462600
2023-09-11,109.14601135253906,109.25249585689576,108.30381774140663,108.37157993640405,436200
2023-09-12,109.63003540039062,109.7945996854191,108.33287119765912,108.67168219199004,401700
2023-09-13,109.61067962646484,111.12081287333997,109.34930586572054,110.09469745026081,554500
2023-09-14,109.47515106201172,110.28830487038637,109.28154688100761,110.05597837607623,497200
2023-09-15,107.86819458007812,109.1750410100385,107.25833488223651,108.84591248960722,1191400
2023-09-18,108.10053253173828,109.30090198057196,107.90692836800403,108.04245275972309,463300
2023-09-19,107.92630004882812,108.11991162359499,107.12283601650643,107.95533993866155,430500
2023-09-20,108.01342010498047,108.78784419728889,107.13250411430575,108.03277756843966,876700
2023-09-21,104.19935607910156,107.56812336822945,104.14127630385784,107.56812336822945,720200
2023-09-22,103.93798065185547,104.79953170871606,103.82181372596042,104.06382261576454,475200
2023-09-25,104.63497161865234,104.69305878078434,103.64757848872067,103.64757848872067,463500
2023-09-26,104.86730194091797,105.06090611339167,103.48301068970629,104.34456181260806,678700
2023-09-27,106.2128677368164,106.8711322434796,105.10930773822305,105.30291190496642,1278700
2023-09-28,105.26419830322266,107.01634791496862,105.16739621184236,106.52264764774507,361300
2023-09-29,105.77725982666016,106.65817587651219,105.40940891201697,105.9418315119854,740800
2023-10-02,109.93981170654297,110.21086051482577,106.31936033707419,106.6388138834901,1772300
2023-10-03,111.08207702636719,112.82454393393196,110.30764564844397,110.48189233920044,1698800
2023-10-04,112.12757110595703,112.97943981912161,110.77231971892522,111.47898899301836,1548500
2023-10-05,112.97943878173828,113.23113011636086,111.85652127858322,111.97268082877378,936300
2023-10-06,115.66089630126953,116.19331144794555,112.41797114508392,112.41797114508392,1247300
2023-10-09,118.83605194091797,118.86509182714029,116.22235139802707,116.4062805248024,966800
2023-10-10,120.51077270507812,121.12063997585106,118.7489478732849,118.7489478732849,1089200
2023-10-11,122.6017074584961,122.74691427233397,120.51074706449167,120.52042948822096,944400
2023-10-12,122.95020294189453,123.8020716063797,121.87568284101327,123.49230051151915,905700
2023-10-13,123.81175231933594,123.88919693836225,122.86307420007705,123.55037857650348,853700
2023-10-16,124.586181640625,124.95403990384969,123.40518438521484,123.73431295175725,747400
2023-10-17,124.56681823730469,126.17376093407837,123.97633068103826,124.41194376193313,921600
2023-10-18,121.29486846923828,124.74107297924193,121.22710626995818,124.67330339443602,1303700
2023-10-19,119.36846160888672,123.9279155601748,119.09741283588555,122.66946638778349,1457300
2023-10-20,117.95513153076172,120.0170520006801,117.94544910721287,119.37814498590954,845100
2023-10-23,117.3936767578125,118.43915700323419,117.00646841701248,118.12938589927876,651400
2023-10-24,115.90290069580078,118.70052286967463,114.9832624836967,118.04225839432048,843800
2023-10-25,115.5931396484375,116.65797737838135,115.0703995150776,116.20299944459445,1637800
2023-10-26,117.47112274169922,117.83898100945876,115.58345620908078,115.58345620908078,1317700
2023-10-27,113.60865783691406,114.95422672095307,111.02400457495644,113.72482476691599,1821500
2023-10-30,114.09268188476562,114.8477485073345,112.87295490225581,114.6541443322492,1249300
2023-10-31,116.09651184082031,116.63860942296552,114.29596500238013,114.64445841533795,1130500
2023-11-01,119.80408477783203,120.68499331022566,116.45468257605206,116.8031759737425,1325100
2023-11-02,118.81668090820312,120.30745653606033,118.74891871536985,119.56207241489429,747200
2023-11-03,119.07806396484375,120.99477036106752,118.99093691836502,118.99093691836502,729800
2023-11-06,119.68791198730469,120.11384998262336,118.68115415279458,119.19421180050574,564200
2023-11-07,119.21359252929688,120.1816281854251,118.67148753970743,119.3103946178045,730700
2023-11-08,120.80116271972656,120.8689249159182,119.12645789166847,119.12645789166847,592900
2023-11-09,120.61723327636719,121.14965580613442,119.97833362617195,120.62691570023352,562400
2023-11-10,121.97249603271484,122.47587133813899,120.99477792514021,121.10126244109023,521500
2023-11-13,123.26966094970703,124.4603554809583,121.89505204544237,122.13706096741261,979500
2023-11-14,125.65013122558594,126.10677980619289,123.10447217123327,123.61943792309496,900200
2023-11-15,123.16277313232422,126.23309395843174,122.97816263065859,125.40722437962643,771600
2023-11-16,124.20240783691406,124.62019806549321,122.91014915367617,123.20163863856243,598000
2023-11-17,123.22106170654297,124.67850164587969,122.61865359363766,124.35785729808275,563300
2023-11-20,123.9206314086914,124.05665785245438,122.88099649542569,123.13362021079345,480200
2023-11-21,122.79356384277344,124.44532539660902,122.73526890526985,124.00809112667332,597200
2023-11-22,123.80404663085938,124.03724119760194,122.67696920981416,122.90043807016833,363400
2023-11-24,124.51332092285156,124.89225281107497,123.66801474737734,123.66801474737734,161300
2023-11-27,124.25098419189453,125.22261333500003,124.21211843313947,124.5133187973843,644200
2023-11-28,122.36605834960938,123.95951759303294,122.06485053488264,122.78385604226838,749200
2023-11-29,120.9377670288086,122.90043980957746,120.81145145014715,122.43406549526367,658200
2023-11-30,121.57902526855469,121.9579571529114,120.63655841059412,120.72400080872926,1289000
2023-12-01,124.52304077148438,124.58133570142724,121.01548583747343,121.88022855842387,690300
2023-12-04,127.4961929321289,127.55448785847217,124.38700664574027,124.84367000312216,813100
2023-12-05,124.41616821289062,127.3310334666447,124.37729504040861,127.28244941392786,633600
2023-12-06,123.29879760742188,125.31005426897131,122.2980284230455,124.39672748110839,626800
2023-12-07,121.78306579589844,123.75546416241271,120.51024368378815,122.99759297551073,492000
2023-12-08,121.73448944091797,122.10370303574408,120.26733852890987,121.98711317047564,562900
2023-12-11,123.09476470947266,123.45426002099035,121.97739818870818,121.97739818870818,446200
2023-12-12,124.20240783691406,124.30928682051332,122.23972778616911,122.91986744660852,489700
2023-12-13,125.31976318359375,126.16508414728,123.68744583785727,124.20240415472205,688100
2023-12-14,121.66648864746094,125.65014414326866,120.55884033691419,125.30035968595007,889000
2023-12-15,121.47215270996094,121.60818658017618,120.06330408209928,120.73372548814076,1186900
2023-12-18,121.72476196289062,122.64780699963431,121.13207214954643,121.8996541604821,582400
2023-12-19,122.20087432861328,122.49236384284218,121.71506341348932,122.03570039656384,559400
2023-12-20,121.25840759277344,123.3182411322646,121.2098235360213,122.01627143563424,406400
2023-12-21,122.20087432861328,122.46321637399654,121.48187624983797,121.7345000013106,348000
2023-12-22,123.39596557617188,123.87205817089709,122.1911566493039,122.6089543095812,338000
2023-12-26,123.79432678222656,124.42587496930011,123.2016369405758,123.2890793371052,278800
2023-12-27,123.677734375,124.72708023908012,123.54170792201025,123.72631101513306,452500
2023-12-28,123.54170989990234,124.70766047504863,119.97585977265139,120.91832666548757,1099100
2023-12-29,124.2801513671875,124.41617782984623,123.23079801563196,123.55143499742164,403100
2024-01-02,123.86235046386719,124.65908004424068,123.00731853466613,123.58057925200647,519400
2024-01-03,122.5312271118164,123.78462013687329,122.01626873832735,123.54171468425496,563500
2024-01-04,121.82193756103516,124.12468387574468,121.74421345150122,123.18220955183969,629200
2024-01-05,120.25762176513672,121.88023573531807,119.67465019272409,120.597695310856,637000
2024-01-08,123.3668212890625,123.41539793139269,120.51996911492405,120.90861931799587,447300
2024-01-09,123.6485824584961,123.6874482169353,121.86079463472042,123.36681126947603,494500
2024-01-10,123.60972595214844,125.3197749741561,122.6963990926792,123.64859171349671,473000
2024-01-11,122.9295883178711,124.26071286814124,122.01626885590865,124.00808912156663,542400
2024-01-12,124.9797134399414,125.03800837421413,122.67696716865308,123.41539437906032,598400
2024-01-16,123.07532501220703,124.6202000329922,122.3174612350003,124.6202000329922,515500
2024-01-17,122.94901275634766,124.19268736599886,122.62837581117294,122.62837581117294,513500
2024-01-18,124.04694366455078,124.0955277158817,122.30773988987787,122.99759042404106,569000
2024-01-19,123.8720474243164,124.62019286540745,123.48339726498064,124.3870131478453,656700
2024-01-22,126.29139709472656,126.70920217707584,124.01780564663777,124.26071109602603,747100
2024-01-23,125.22261810302734,126.5925935272153,124.95056519426863,126.2039507506376,497300
2024-01-24,125.48493194580078,126.5537217062576,125.06714174674858,125.73756306687422,536000
2024-01-25,125.22261810302734,126.31082973806221,124.43560684370595,125.49467101178607,1031000
2024-01-26,142.22596740722656,143.3336153825508,135.91042732450094,135.93957478497515,2370100
2024-01-29,140.30218505859375,143.0130182423216,138.4366729408811,142.43976492596784,1297500
2024-01-30,140.57423400878906,140.98232820885912,138.42695814695125,140.98232820885912,1042700
2024-01-31,136.7751922607422,141.0308852687949,136.74604479550538,141.0308852687949,1306300
2024-02-01,138.1354522705078,138.14516315001674,135.41490860521392,136.9889458061043,1086600
2024-02-02,138.4075164794922,139.26254837088746,137.23186245459516,138.3686581325067,766400
2024-02-05,137.84397888183594,138.69901080301221,136.61002988059613,138.69901080301221,528900
2024-02-06,139.96209716796875,140.12727106408977,137.30957429958207,137.84395432936262,651900
2024-02-07,139.58319091796875,141.51670880554292,139.18482242300558,140.33132902711768,531700
2024-02-08,140.51593017578125,141.3612511643753,138.8058812642741,139.53459756347215,424500
2024-02-09,143.0316162109375,143.11936807846305,140.10643493415478,141.28624971730866,737900
2024-02-12,142.25155639648438,144.37719573397632,142.0272966779029,142.79758782167775,705100
2024-02-13,140.7987060546875,143.2461170112141,140.55494097157464,141.71526514771023,540400
2024-02-14,141.51051330566406,142.9048424641075,140.3306837361625,142.28080443546145,855100
2024-02-15,141.74452209472656,142.7975890861705,141.21799603812488,141.7152714737065,621700
2024-02-16,141.95901489257812,143.38260937056765,140.78894559570688,141.9297642760242,591300
2024-02-20,141.48126220703125,143.09985107451374,140.95472128818648,141.5787593147224,614700
2024-02-21,141.2764892578125,142.18330309266292,139.4823818386707,140.84746033622648,533400
2024-02-22,143.86038208007812,144.25041510523602,142.08578016988517,142.31003986045184,796700
2024-02-23,145.19622802734375,145.6154968008809,143.81164423266176,144.308919613,532400
2024-02-26,144.045654296875,145.98602965467214,143.87015058401107,145.82027118866526,447000
2024-02-27,142.87559509277344,143.6068903716397,141.50075639772712,143.03160832304263,536300
2024-02-28,143.63612365722656,144.14315915528755,142.36854235119344,142.70007414506335,512700
2024-02-29,144.0261688232422,145.09872626624266,143.597139894746,143.64589588720966,689100
2024-03-01,144.4844207763672,144.5916779990509,143.24610497057407,143.6556284903921,649800
2024-03-04,145.33273315429688,146.8343193920055,144.59167784265168,144.88419889313064,491400
2024-03-05,145.46925354003906,145.58625601902602,144.26017337029398,145.29373494331867,497300
2024-03-06,145.18646240234375,146.522305035627,145.03046407289034,145.54724480491083,744800
2024-03-07,144.68919372558594,146.18103475724672,143.37285640200804,145.70324986595597,639700
2024-03-08,143.47036743164062,145.64474766630255,142.9048306900502,144.84520598214985,380200
2024-03-11,140.97422790527344,142.9925951033524,140.58419483634592,142.8950979948007,550900
2024-03-12,142.00779724121094,142.56358881538623,140.2136896610765,141.25699656106295,520900
2024-03-13,142.456298828125,142.70006387411547,141.20822298291282,142.00776459707797,403100
2024-03-14,141.54949951171875,143.0511006795012,140.623195218425,142.85607672029056,500500
2024-03-15,141.17897033691406,142.21254672369028,140.61344847160197,140.61344847160197,622300
2024-03-18,140.886474609375,142.1833066536521,140.62320415031,141.17898081029153,583400
2024-03-19,142.52455139160156,142.64155385763814,140.61344168122508,141.1789635192275,576800
2024-03-20,143.16810607910156,143.4898777644898,142.0467778036748,142.59282407109205,380600
2024-03-21,144.5526885986328,144.72819231001387,142.57331739189215,143.57762830454425,439300
2024-03-22,143.9286346435547,145.56672861440055,143.07057691888056,145.07919852142436,424900
2024-03-25,142.48558044433594,144.6112049662963,142.0955473589481,144.15292538986614,430400
2024-03-26,143.50936889648438,144.08466578529203,142.22229702744661,142.56357408632033,597600
2024-03-27,144.52345275878906,144.8159738525762,143.40213925721935,144.2504370387853,415900
2024-03-28,144.7379608154297,146.07378873463958,144.62095833440114,144.62095833440114,418300
2024-04-01,145.3424835205078,145.38149426367318,143.75313049690135,144.60144306099716,569000
2024-04-02,143.18760681152344,145.76176533298224,143.14859606885219,145.06946599383824,407300
2024-04-03,144.05540466308594,144.65019200234178,142.93407646442932,142.95358183506153,438500
2024-04-04,142.70008850097656,145.57651356442355,142.55382052119708,144.78671705963114,557100
2024-04-05,143.16810607910156,144.49418868635024,142.16379515724108,142.95359162217608,655400
2024-04-08,143.64588928222656,144.11391405622942,142.17353872002025,143.00234591907304,589000
2024-04-09,139.92115783691406,144.03591363394523,139.7943952325407,143.48012210237582,490500
2024-04-10,139.15087890625,140.35019905540506,138.40007821790488,138.6145927002892,465400
2024-04-11,140.6036834716797,141.35448402152852,138.51705515559368,140.24291594432827,574200
2024-04-12,140.49642944335938,141.4909950755333,139.7163782588747,139.94065283124726,553100
2024-04-15,138.7120819091797,142.41731426489466,138.65358066790762,141.15949294282404,637900
2024-04-16,138.61456298828125,140.02839731676548,138.35129256574317,139.6676298001956,521100
2024-04-17,136.761962890625,138.75109438815664,136.45969655478456,138.75109438815664,535800
2024-04-18,136.03067016601562,138.26356679935583,135.4553881045227,137.1812491672423,436800
2024-04-19,138.59506225585938,138.8875833042192,136.3524207227523,136.51817917856718,747500
2024-04-22,139.44337463378906,141.0717236251517,138.68282875466736,139.27761616046664,499600
2024-04-23,142.31980895996094,142.77807361628285,139.44336915164217,140.05766190610532,583900
2024-04-24,140.78895568847656,143.4898768770693,139.6091261826831,142.9243401194215,514700
2024-04-25,141.6470184326172,142.97310107774146,140.43793826616155,140.57444611735494,469600
2024-04-26,141.51051330566406,141.92003686712803,140.69145130449596,141.36424532627254,405600
2024-04-29,143.8994140625,144.07491779104797,141.7445240553584,141.8907920407225,567100
2024-04-30,143.98715209960938,145.27423883165793,142.98284118516514,145.0792148699007,707400
2024-05-01,143.65562438964844,145.15721058611751,143.37284859326408,144.39666480270304,795500
2024-05-02,143.04135131835938,144.9524761634644,142.5830717605597,144.81596830868835,698700
2024-05-03,143.57765197753906,144.57221780739985,142.13456667025997,144.24068594528507,796800
2024-05-06,149.0672149658203,149.1744721878633,143.60687164438627,144.24065485212478,1525400
2024-05-07,147.6241455078125,150.9588653245103,147.49739776709288,149.18424817201915,804000
2024-05-08,147.3023681640625,148.55044417052545,144.87446263614777,147.72163695578132,1042200
2024-05-09,150.49081420898438,150.51031958232724,147.6826504554758,147.92641554841956,872600
2024-05-10,152.16790771484375,152.2459143240671,150.59806004004267,151.4366124913943,802000
2024-05-13,148.03366088867188,152.91870760254295,147.86788754593974,152.16790701070207,722700
2024-05-14,145.3424835205078,148.4334228347183,144.19191952719606,147.63388113869877,1164100
2024-05-15,147.18536376953125,147.92641919240924,144.6989567846071,144.94272188355572,704400
2024-05-16,148.74545288085938,149.07696981462317,147.05860271483584,147.24385167553473,533600
2024-05-17,148.491943359375,149.9057928571049,148.2481782567652,148.85272582844152,620000
2024-05-20,150.13978576660156,150.15929113915018,148.20917047500538,148.5016915502751,559000
2024-05-21,150.30552673339844,150.64680376117533,149.4669743503426,150.295781487379,470000
2024-05-22,149.6327667236328,151.0563464920316,149.07697518678884,150.2275541277556,281500
2024-05-23,148.56016540527344,150.8418025909663,148.25789913856676,150.69554951941055,733500
2024-05-24,154.5568084716797,160.3291638742339,152.58719730569408,156.58493575553496,1466200
2024-05-28,150.7443084716797,156.82867442002944,150.42253682968234,156.07788880027314,885800
2024-05-29,150.58831787109375,151.21235587939572,148.51143463301142,149.8180118881687,733800
2024-05-30,147.94590759277344,150.36406805243112,147.09760982148296,150.36406805243112,1091500
2024-05-31,148.4139404296875,149.008727830341,147.3901241002689,148.569938776133,1035800
2024-06-03,146.75633239746094,148.67720253579438,145.67401478082758,148.28718433519742,564900
2024-06-04,148.09217834472656,149.11597986235287,146.91234871404808,146.91234871404808,682300
2024-06-05,149.59375,150.64681691332657,147.92640521257925,148.17017028849077,612500
2024-06-06,148.48219299316406,151.13435840839648,148.16042128342184,149.61326660106272,617400
2024-06-07,147.95565795898438,149.84726247753736,147.72163812657797,148.84295154059933,650200
2024-06-10,148.0531463623047,148.86244816379227,147.02933011327877,147.77038543322533,797200
2024-06-11,146.9415740966797,148.01414630397744,146.19077355157125,147.68262939562666,673700
2024-06-12,148.13116455078125,149.2232273667357,147.23411082649866,147.48762115784808,489600
2024-06-13,147.15281677246094,148.2192088174515,146.56580403352544,148.1115903129251,394400
2024-06-14,147.16261291503906,147.5930869860041,145.3624621895088,146.0473005167914,376000
2024-06-17,149.58888244628906,149.62802458992587,145.98858150609848,146.77126016694325,522500
2024-06-18,150.5281219482422,151.0857706860179,148.36597350932524,149.0410337669137,505600
2024-06-20,151.1053466796875,151.2031871279905,149.42259248169987,150.5476979237585,565900
2024-06-21,151.49668884277344,151.82932247130987,149.29541317948173,151.11513499160378,1325200
2024-06-24,153.81533813476562,154.87195208680754,151.61406280010007,151.65319001535178,620800
2024-06-25,153.98167419433594,154.666512509599,152.57285541530587,154.0795146372402,503400
2024-06-26,152.84678649902344,153.41422820973605,151.92714010332904,153.02289630569194,677200
2024-06-27,152.86636352539062,153.01310926303267,150.48899300545455,152.4065403096378,586300
2024-06-28,150.56723022460938,154.167546169297,149.71607518692974,153.48270792470683,1816800
2024-07-01,147.73004150390625,151.7510385949547,147.5637247055362,151.25208819984454,944200
2024-07-02,149.47149658203125,149.69651167482752,147.04520599508214,147.5930766184234,515400
2024-07-03,151.1640167236328,151.18358779530672,148.63988589843044,149.7356419868644,261000
2024-07-05,149.4812774658203,151.45753790434526,149.28561151499773,150.83139790469988,401300
2024-07-08,150.37159729003906,151.68257577860254,150.1172330086089,150.22485153697502,490700
2024-07-09,151.04664611816406,151.3010103802404,149.89220647294502,150.37158584871796,437900
2024-07-10,152.27932739257812,152.27932739257812,150.5280971687542,151.64340938906219,339700
2024-07-11,153.58055114746094,154.01102521611034,152.71961793851796,152.72939601158515,369900
2024-07-12,154.73500061035156,155.6057267921407,154.12841674790985,154.4904144364967,373000
2024-07-15,153.81533813476562,155.99704239762843,153.67837048885391,154.12840064184076,461500
2024-07-16,154.7643585205078,156.34927223975973,154.54912148105927,154.59804170427142,493600
2024-07-17,152.8761444091797,155.155689455384,152.83701718787435,154.16756663759665,391600
2024-07-18,153.30661010742188,155.20460119666453,152.6413428830943,152.86635798210446,434000
2024-07-19,152.68045043945312,154.10884007296042,152.15215094277985,153.80555564631896,436500
2024-07-22,154.74478149414062,154.90132023105664,151.1933854081807,152.9446308046731,388500
2024-07-23,156.81886291503906,157.14171845233702,154.2262554723733,155.0480614245743,565900
2024-07-24,150.75311279296875,156.17315012761335,150.62593814881242,156.09488076978832,617700
2024-07-25,150.25416564941406,153.36529431573854,150.1856743617176,151.3205576819577,797600
2024-07-26,136.8117218017578,139.90329469388254,131.74390332740833,137.7020190780697,2954200
2024-07-29,141.36102294921875,141.8599733433221,138.45533816302165,138.74884454181668,2045100
2024-07-30,135.81381225585938,142.9948584451507,134.91372203575617,142.1730525172527,1221300
2024-07-31,140.2065887451172,140.99904563240358,136.59649410005102,137.97596382966043,1207700
2024-08-01,139.8543701171875,141.20449056324995,137.58461820453078,140.206574801884,896900
2024-08-02,140.86207580566406,140.881646881004,137.03675910048773,137.70202637848135,953500
2024-08-05,141.5077667236328,141.8599713876605,135.71596830389774,136.33233019803475,1420700
2024-08-06,143.03399658203125,146.28210825218906,141.84041481681479,142.437205699423,1147900
2024-08-07,142.2219696044922,145.39181192577522,142.21219153133282,144.0808335613336,754000
2024-08-08,144.58956909179688,144.61893316941172,141.83064456303433,142.848116570149,700500
2024-08-09,144.41346740722656,144.8145923327062,142.94595029988196,144.32541996359134,425300
2024-08-12,143.1709442138672,144.98088768297995,142.90680192206665,144.47214431447816,522200
2024-08-13,143.09268188476562,145.05916416823385,142.51546212911322,143.59164720605375,653700
2024-08-14,145.2820281982422,145.47837880719598,142.8276081348416,143.34794398983522,739400
2024-08-15,145.25257873535156,146.30307773037933,144.35916622229664,145.8121937096579,456000
2024-08-16,144.97767639160156,147.0099433090528,144.92858499628616,145.04640734116126,561500
2024-08-19,145.99871826171875,147.11793312415944,145.10530583294337,145.10530583294337,664300
2024-08-20,147.90333557128906,147.93278741132116,146.0772465863492,146.0772465863492,436200
2024-08-21,150.80938720703125,150.98609826118442,147.82481899680053,148.27642390003055,584100
2024-08-22,151.3199005126953,152.87109568761826,150.21049792378307,151.19226588406923,627300
2024-08-23,152.11514282226562,152.17404650789018,150.52468338803695,151.7715180153338,375100
2024-08-26,151.16282653808594,153.44052060430596,150.81920173134736,152.79256508220882,525900
2024-08-27,152.91036987304688,153.1754514343265,150.1319645650021,150.97628566561144,378900
2024-08-28,152.6649169921875,154.12775663805112,151.4082552083196,153.20489236351904,607100
2024-08-29,154.50082397460938,156.01275507012215,152.69437446622203,153.51905598345223,408600
2024-08-30,155.8851318359375,156.09130972061632,154.01977850857898,154.3633883422546,577300
2024-09-03,153.60745239257812,156.4643863433956,153.02819779485984,155.84588259146255,393400
2024-09-04,153.94122314453125,154.5401022149955,152.72382544932455,153.4012477563109,627500
2024-09-05,153.03799438476562,155.07024627187516,152.3212929880054,154.7953524415472,577300
2024-09-06,149.33673095703125,154.4124697152072,148.42367892787112,153.25399066683872,558000
2024-09-09,149.18948364257812,151.329730860761,148.62986864774066,150.16142445168657,1038500
2024-09-10,149.08148193359375,150.40685979094744,148.28623724247194,149.67053376555384,572300
2024-09-11,148.86550903320312,149.15021520458217,146.34235770286736,148.7771385146572,665700
2024-09-12,151.90896606445312,152.27223042947446,148.8949459431917,148.8949459431917,653900
2024-09-13,154.12777709960938,154.99172282784465,152.14460137279744,152.3802311062755,466600
2024-09-16,155.56114196777344,155.9145790591839,154.52047024878465,155.11934934865818,410500
2024-09-17,152.6256561279297,155.345142635202,152.21330039512384,154.13757221938616,569900
2024-09-18,151.69296264648438,154.24556534380554,151.68315035986194,152.9299998680649,426700
2024-09-19,153.31289672851562,153.78414118087588,152.09549899761134,153.78414118087588,662600
2024-09-20,155.01133728027344,155.24696697559165,151.95803843033585,152.57655701767754,1001700
2024-09-23,156.94544982910156,157.46578572618674,155.1684519563474,155.1684519563474,526000
2024-09-24,156.82762145996094,157.52466833192668,155.91456945481502,157.01414479120626,444900
2024-09-25,156.99453735351562,157.32833490555504,155.94403831666017,157.32833490555504,388000
2024-09-26,156.71963500976562,157.45596103032554,155.72803971449986,156.6999954546518,495200
2024-09-27,159.0955047607422,159.53729735730585,156.33673912333495,156.96507003370317,778800
2024-09-30,159.7925567626953,159.8612877144438,157.93701581317058,159.40966783598677,595700
2024-10-01,160.4110870361328,161.0983217004878,157.563965577837,159.8514870167981,612800
2024-10-02,158.36900329589844,159.39005046700552,156.28765980335265,157.08288953472754,459700
2024-10-03,158.02537536621094,158.81077773946632,157.3185012458091,158.6046148596933,777100
2024-10-04,157.86830139160156,158.70279522436724,157.16142721526404,158.53589645781412,632400
2024-10-07,158.3199005126953,159.5176586577193,157.10251779391666,157.46576715605664,670500
2024-10-08,158.4573516845703,158.80097648217776,156.9356232452572,158.23154923560628,657100
2024-10-09,158.64389038085938,159.75329303462195,157.61303096618178,159.04641886344822,1667500
2024-10-10,156.18948364257812,159.66495111035866,155.36480203281718,159.05624470074164,834500
2024-10-11,157.887939453125,158.1824578733203,156.61163803677812,156.61163803677812,726200
2024-10-14,159.68455505371094,160.15581446747694,157.5148562192846,158.0450043340333,577600
2024-10-15,159.38021850585938,161.4026582521733,159.08568510053598,161.00014474484234,1362000
2024-10-16,161.13758850097656,161.1964921847646,159.7042006129072,159.87109937717022,900100
2024-10-17,160.3227081298828,161.57936989880375,159.83182415825462,161.54991805895327,588800
2024-10-18,160.92160034179688,161.28484971673558,158.7715259732426,160.1459952140306,1009100
2024-10-21,160.2638397216797,160.7448965321706,159.37042710134904,160.64672870459378,755800
2024-10-22,159.46856689453125,159.71400889121477,158.14318910079464,158.89915464514525,867900
2024-10-23,160.28343200683594,160.73505186060075,158.11373320097894,158.58497762794943,620000
2024-10-24,163.5134735107422,164.04362167207617,160.01838161143718,160.5779816161457,1308800
2024-10-25,178.61306762695312,185.68181010495223,173.37042943959773,177.70984275045163,2387400
2024-10-28,182.60885620117188,182.66775988692277,178.70142358025004,180.7238633541856,1493000
2024-10-29,180.82203674316406,184.07170165296097,180.5471428807933,183.4040915724949,1204600
2024-10-30,180.1348114013672,181.22457461946752,179.1923223903896,180.25263376318392,896700
2024-10-31,178.3479766845703,181.15583373560057,177.7981890069852,180.11516206294436,998000
2024-11-01,177.9748992919922,180.3900551288541,177.54291898128594,179.49664266631078,816700
2024-11-04,179.2904815673828,179.31993341126835,176.84588864133056,177.3563972557413,778900
2024-11-05,181.90196228027344,181.9117745666371,177.3858237750727,179.15300905887256,963500
2024-11-06,176.67897033691406,187.11515366319432,176.6298789423337,186.99734630067374,2456500
2024-11-07,172.59483337402344,178.03382200607592,172.31011223853463,177.7491158511793,2339700
2024-11-08,180.15443420410156,180.53732313806375,173.77294198433776,176.24700162410406,1537500
2024-11-11,180.05624389648438,183.1880861905709,179.6046390089041,180.40968097313404,944000
2024-11-12,178.1417999267578,180.98893610429022,176.93422948591328,179.9678889990404,1146600
2024-11-13,168.86410522460938,179.02541057193153,168.51066812607837,178.97631917313163,2272800
2024-11-14,151.75189208984375,166.9496570499589,151.23154125007824,166.9496570499589,4469400
2024-11-15,147.15185546875,152.116340150687,146.47219056517056,151.3578870245387,3898100
2024-11-18,138.43443298339844,146.56083206318073,136.91751176845293,145.68416658184182,4290900
2024-11-19,135.85369873046875,140.75908481102374,135.44983768979236,138.43444142225508,3980900
2024-11-20,142.02976989746094,142.276024435731,134.94748697198494,136.88797393596764,2895500
2024-11-21,147.63450622558594,148.77711571032341,140.79847873517807,141.22202927094978,3797200
2024-11-22,146.98439025878906,147.8413511271836,144.1278440106858,146.7676850918094,2296600
2024-11-25,145.2507781982422,148.27477600282222,143.68458796871036,147.2799131151612,2349400
2024-11-26,146.4032440185547,147.5655581541743,145.42807069531025,147.10259844790323,1661900
2024-11-27,145.1424102783203,147.87089935355226,144.7089999476198,146.78738855698305,1026600
2024-11-29,145.9599609375,147.42764317753586,145.18180332591794,146.20621543903863,540900
2024-12-02,146.49188232421875,147.67390095176327,143.89143533154785,144.8666085901178,1864000
2024-12-03,143.85202026367188,147.752698106976,143.78307682024976,146.82677879400987,1575700
2024-12-04,142.30555725097656,143.98992968022264,141.5470891527394,143.5466745688517,1911800
2024-12-05,140.56207275390625,143.497422334976,140.20746565463602,142.93596986207135,1667400
2024-12-06,143.55654907226562,147.0336619025443,142.0888666334353,145.4477820966241,1898200
2024-12-09,138.6905517578125,144.6302097100371,138.31624006942033,143.11327341616183,1955200
2024-12-10,139.65585327148438,141.231888111024,137.61687379164397,139.6854026095848,1671200
2024-12-11,132.9676055908203,140.48328386109475,132.0121367821047,140.01047935715002,2753500
2024-12-12,133.56845092773438,134.2087066353899,128.3675569298931,131.5196116209814,1666700
2024-12-13,132.44554138183594,133.78516660958823,131.371860221445,132.97744454674216,1177200
2024-12-16,133.529052734375,134.38601368136355,131.52946717127932,133.4108553707031,1262800
2024-12-17,133.76547241210938,134.79974451149224,132.2485359916319,133.1350613754678,1798600
2024-12-18,131.37184143066406,134.79971477707278,131.18468561213135,133.89348502100054,1677600
2024-12-19,126.732421875,133.20398244123564,125.87545349342119,131.9924144868595,2571000
2024-12-20,129.2245330810547,130.11104340108412,126.2694786407111,126.58467663198533,2892800
2024-12-23,129.14572143554688,129.3624266161749,127.08703724976384,128.8896221448879,873700
2024-12-24,127.7568359375,129.29346166491382,126.93926916608217,128.8502065558802,524600
2024-12-26,128.44635009765625,128.62366116565008,126.69301913845035,127.3332899009721,672600
2024-12-27,127.70758056640625,128.7418524957547,126.57481585294693,127.52043976754095,474700
2024-12-30,126.43692016601562,127.56968493533485,125.38295113088896,126.28917346747241,981100
2024-12-31,126.7718276977539,128.22965029149063,125.20565251075533,127.03778679579366,1097300
