Price,Close,High,Low,Open,Volume
Ticker,ECL,ECL,ECL,ECL,ECL
Date,,,,,
2015-01-02,92.92236328125,93.75083445593941,92.29878575040222,93.26088262355482,1191200
2015-01-05,90.84671783447266,92.81544853296876,90.8110838693186,92.49474964306602,2073800
2015-01-06,88.12968444824219,90.62400755189451,87.10523007365342,90.58837358795849,3396100
2015-01-07,89.42142486572266,89.65304234057837,88.26335108441775,89.02946467345164,2315500
2015-01-08,91.41685485839844,91.8979032310054,90.30331884675762,90.38349017728324,1935500
2015-01-09,90.26770782470703,91.57722759471187,90.16971608705455,91.36342373265946,1784900
2015-01-12,89.75991821289062,90.64183688497188,88.64638213322266,90.51712138776786,2157200
2015-01-13,90.79329681396484,91.07836184334596,89.81338620024766,90.19644297064914,2083000
2015-01-14,90.26770782470703,90.34787917561206,89.03835940560722,89.32342442519095,1721300
2015-01-15,89.68866729736328,91.22089432127173,89.66194351381611,90.62404050043112,1460000
2015-01-16,91.05162811279297,91.2119775990845,89.54612498019377,89.92027831253115,1754300
2015-01-20,91.36341857910156,92.1829864111006,90.30333670795417,91.74647531473059,1938000
2015-01-21,92.64622497558594,92.69076914849575,90.6864037043124,91.22089979679731,1716400
2015-01-22,94.7574691772461,94.81982692617392,92.89563330814146,93.31432396372176,2078700
2015-01-23,94.32095336914062,95.4879437493334,94.2229616548538,94.82872552658847,1749000
2015-01-26,95.33650970458984,95.37214367759475,93.9111847668203,94.43677737303604,1884600
2015-01-27,94.85546112060547,95.71065602070107,94.01807980746636,94.10716133521873,1462700
2015-01-28,92.27204895019531,95.28304785447804,92.23641498253414,95.28304785447804,1730500
2015-01-29,92.98472595214844,93.22525358140038,91.26542575875379,92.16516492640739,2048100
2015-01-30,92.44133758544922,93.21636139000508,91.7732157252591,91.7732157252591,2634500
2015-02-02,92.19190979003906,92.94911323254948,90.4815193982888,91.33671459416392,2059000
2015-02-03,94.49913024902344,94.55257780752936,92.45913127606481,92.56603318956172,1566400
2015-02-04,93.03815460205078,94.42784524397406,92.76199307453959,94.42784524397406,1384100
2015-02-05,94.76637268066406,95.05143764701455,93.21633235091359,93.64393319868176,1281700
2015-02-06,95.03363037109375,95.63048412207532,94.73965519351106,94.97127261795366,1052900
2015-02-09,95.53251647949219,95.71068638801201,94.90893879089047,94.95347617065514,1358500
2015-02-10,96.50350952148438,96.51241291822859,95.10490822971587,95.86211153862487,1305800
2015-02-11,97.37652587890625,97.82194042493947,96.10264000539179,96.43224921619154,1834700
2015-02-12,98.67713928222656,99.02456889408398,97.65269122466492,98.03574802064873,1585000
2015-02-13,99.43431854248047,99.86191258384157,98.54348969374597,98.89981579605197,1150200
2015-02-17,99.47885131835938,99.75501287033818,98.79291612692727,99.46103773265966,1029600
2015-02-18,99.38088989257812,99.38980008638562,98.59696274968114,99.16709281660377,1246900
2015-02-19,99.56795501708984,99.59468559631989,98.0001008598907,98.74839396266948,1323500
2015-02-20,100.24496459960938,100.28059856748007,98.81072967611505,99.53230563164882,2188100
2015-02-23,99.24726104736328,99.86192842890958,98.86420430976852,99.83520464664485,1481400
2015-02-24,100.66368103027344,101.00219361709155,98.32970651009313,99.08691662759828,2182500
2015-02-25,103.02437591552734,103.0510996982728,100.57459614873414,100.66367769004762,2135500
2015-02-26,103.46975708007812,103.97752917809261,102.01770191823319,102.7303676120882,1820600
2015-02-27,102.92638397216797,104.22699350286472,102.84620582760846,103.31835090893458,1612700
2015-03-02,103.3005142211914,103.3628719697923,102.2226121116705,102.90854734628022,1369800
2015-03-03,103.50540161132812,103.66575106899145,102.20479236427417,102.70365432301145,1179100
2015-03-04,103.49652862548828,103.8172276561009,102.23155289167566,103.14019561408682,1681300
2015-03-05,104.0220947265625,104.12899664855674,103.07781820331306,103.99537094518534,1029600
2015-03-06,102.458740234375,104.27224719380101,102.29793629229177,104.07570828506061,1360300
2015-03-09,103.52179718017578,103.83447634585379,102.29790729390697,102.45871119040713,1117400
2015-03-10,102.6374282836914,103.1823747040115,101.98528375822592,102.51235928385557,1665200
2015-03-11,102.28900146484375,103.09302118011877,102.11926207613347,102.29793691049903,1166700
2015-03-12,103.45929718017578,103.52183167099706,102.2354068861381,102.2354068861381,1030500
2015-03-13,102.2621841430664,103.21807218935176,101.85124231917939,103.02153331363473,1073600
2015-03-16,102.88752746582031,103.26273432376925,102.27111814654613,102.53912012404676,1220700
2015-03-17,102.11925506591797,102.61953775205046,101.31524222158431,102.20859588484176,1155600
2015-03-18,103.36099243164062,104.03100752557714,100.72560245512207,101.72616078240249,1338800
2015-03-19,102.74461364746094,103.20915458474872,102.11926195156629,102.87861806913465,968300
2015-03-20,102.97686004638672,103.64687520457173,102.95006053057878,103.40567274655365,1572500
2015-03-23,102.09247589111328,103.14663369645524,102.08354044429078,103.14663369645524,1290200
2015-03-24,101.46713256835938,102.3515509771116,101.4135267023069,102.09247754106316,1529000
2015-03-25,101.6814956665039,102.7177890038625,101.23481891400377,101.99416803010475,1893700
2015-03-26,102.07457733154297,102.42298466668778,101.37776266125336,101.40456217691886,1028500
2015-03-27,102.05671691894531,102.33366117932295,101.58324058493321,101.96738291897559,1076700
2015-03-30,102.5480728149414,103.33422162320619,102.14605955745824,102.63740682246615,1188900
2015-03-31,102.1817855834961,103.10194554616288,102.01205302877374,102.13712199151539,929500
2015-04-01,101.4313735961914,102.36046220419412,101.08296622015881,102.1817873858778,1279100
2015-04-02,101.27950286865234,102.16392104854542,101.09189942538697,101.09189942538697,900800
2015-04-06,102.41407775878906,102.71782159103984,100.98471306047263,101.13658156872376,1085700
2015-04-07,102.35150146484375,102.98578157768314,102.1906975759728,102.36043690748818,516700
2015-04-08,103.0394058227539,103.18234567706877,102.47659548182077,102.47659548182077,807200
2015-04-09,103.5039291381836,103.79873740641266,103.00365339748879,103.18232135752386,901700
2015-04-10,103.95064544677734,104.46879227027507,103.12876161238339,103.62903754362347,947200
2015-04-13,103.11981964111328,104.37944483563665,103.09302012017099,103.70942954908755,897800
2015-04-14,103.76300048828125,103.9148689330126,102.789241721998,103.17338396297743,1016000
2015-04-15,104.54024505615234,104.77251892229818,103.87916523869639,103.95957061440934,849400
2015-04-16,104.3705062866211,104.79931221244067,103.87915906354941,104.15609650796401,809700
2015-04-17,102.91434478759766,103.87023298579993,102.28006447063613,103.70050041540748,1189200
2015-04-20,103.76300048828125,104.02207379645303,103.31632378089799,103.6111320435499,857500
2015-04-21,103.52179718017578,104.19181227963543,103.14659036025743,103.83447634585379,981800
2015-04-22,103.67369079589844,103.6826194248008,102.78033717186054,103.52181549984408,1109400
2015-04-23,103.49505615234375,103.99533901069353,103.29851718825097,103.63799605922937,505200
2015-04-24,103.2627182006836,103.75406530633764,102.95898131045796,103.53072695208502,699600
2015-04-27,103.70941925048828,104.06676206431237,103.21807884525901,103.79876006575476,1533200
2015-04-28,100.92215728759766,102.18178231947256,98.29569552242644,101.68150648448645,3208600
2015-04-29,102.2086181640625,102.41408573458047,99.68042511017431,100.55590807418392,2125400
2015-04-30,100.03775024414062,102.02992517671301,99.91267445575363,101.90485620407384,1766800
2015-05-01,101.79765319824219,101.87805857686034,100.12708611162503,100.30575412850187,1500300
2015-05-04,101.8155288696289,102.44087377380583,101.57431953819761,102.06566683129968,1085700
2015-05-05,100.37722778320312,102.6195476016094,100.16282479185197,102.20860569495794,1342400
2015-05-06,100.50228881835938,101.11870503748457,100.07347605380541,100.77029764817406,1596500
2015-05-07,101.1990966796875,101.29736612285267,100.14493913861796,100.32361395153062,954600
2015-05-08,102.5480728149414,103.24488761568145,100.35935214397185,100.52909152929237,932800
2015-05-11,101.46713256835938,102.52129039073792,101.35099220503652,102.13714796014872,1191300
2015-05-12,101.35096740722656,101.71724567001266,100.52014825205653,100.93109692299856,976500
2015-05-13,101.85125732421875,102.2353996881459,101.11870756228184,101.4581795148753,1020100
2015-05-14,103.62008666992188,103.62902211472033,102.1371231735033,102.59272862201439,855000
2015-05-15,103.7362060546875,103.83447548038218,102.78924675397023,103.62900118599894,870700
2015-05-18,103.49505615234375,103.73626554127576,103.15558409711524,103.3431876130902,756800
2015-05-19,103.3878173828125,103.89702867329342,103.11980857066581,103.85235826601989,1134200
2015-05-20,103.24486541748047,103.75407664821103,103.03939111017854,103.62900770141731,800600
2015-05-21,103.66476440429688,103.90596690492255,103.04834816883994,103.12875354621373,854200
2015-05-22,102.96793365478516,103.72728282073886,102.8249938130426,103.28060603891353,998200
2015-05-26,101.6814956665039,102.67311860231395,101.35095241598512,102.65525453114233,862200
2015-05-27,102.24430847167969,102.40511237922118,101.4760238929533,101.68149820315773,1115200
2015-05-28,102.55699157714844,102.59271972174801,101.6547025717066,101.73510112067582,1350400
2015-05-29,102.42302703857422,102.7446349911011,101.91381558303158,102.691029121847,2303500
2015-06-01,102.78927612304688,103.19128938368317,101.94059282128345,102.72674163571428,1149900
2015-06-02,103.33422088623047,103.89703807954334,102.04779619240357,102.04779619240357,949400
2015-06-03,103.95064544677734,104.1471843671212,103.17342521153076,103.6111734671142,899000
2015-06-04,101.86019134521484,103.46823081786967,101.75299325753664,103.25382782676509,860700
2015-06-05,101.85125732421875,102.27113465406329,101.24377653511878,101.44924406945898,789300
2015-06-08,101.48497772216797,102.25326244008072,101.46711364731435,101.83338511566936,660400
2015-06-09,101.53857421875,102.13711949951669,101.15443189520252,101.75297717596922,959200
2015-06-10,103.28063201904297,103.44143597358003,101.90486636705899,102.04780624475792,810800
2015-06-11,103.36996459960938,103.87917597928238,103.27169513899278,103.56650352084253,780500
2015-06-12,102.36652374267578,103.2803475535262,102.27693424517915,103.2803475535262,687500
2015-06-15,102.02609252929688,102.25903073309603,101.55126195499832,102.13360404687535,1023600
2015-06-16,102.53675842285156,102.6890681121453,101.72148497715254,101.99921451515836,965800
2015-06-17,103.06534576416016,103.42371063935842,102.16047599221388,103.02950859311619,1024800
2015-06-18,105.01842498779297,105.30511551498158,103.36994933002741,103.5939265179948,1263900
2015-06-19,104.97362518310547,105.95912342778308,104.86612050910794,105.23343953733487,2385300
2015-06-22,105.47532653808594,105.79784735805688,105.03632638584571,105.30510171026869,997300
2015-06-23,105.01842498779297,105.68139555030889,104.73173446060434,105.68139555030889,655300
2015-06-24,104.1583480834961,105.16176145975886,104.14042608163942,104.83923377874841,683200
2015-06-25,103.88958740234375,104.7854962348944,103.65664919201284,104.14940178401247,710500
2015-06-26,103.68351745605469,104.41816232087895,103.53120778139379,104.32856598216985,771600
2015-06-29,101.17497253417969,103.24451950055858,101.13913536496969,102.85032430973092,1197600
2015-06-30,101.3003921508789,102.13358748004681,100.92411215325228,101.85585798207106,1608500
2015-07-01,101.41686248779297,102.13359218458822,101.19288531194957,101.83794067201711,886300
2015-07-02,101.06747436523438,101.99922038194079,100.4761780833342,101.9365070363568,816600
2015-07-06,100.25218963623047,101.25560305311024,99.72359992391738,100.02821245064249,901600
2015-07-07,100.5030288696289,100.68220785882788,98.96206495565262,100.25217555065421,945300
2015-07-08,99.10543823242188,99.90279655232503,98.90833719420006,99.73257168563491,1190200
2015-07-09,99.09646606445312,100.5299186783127,99.0695898959497,100.5299186783127,751200
2015-07-10,100.59262084960938,100.74492367771555,99.86693703961139,100.13570553005042,543100
2015-07-13,101.89168548583984,101.9723139768674,101.13015772707733,101.47060736094481,494200
2015-07-14,102.76072692871094,102.94887377396883,101.39894868872382,101.78418970977955,856500
2015-07-15,102.6711196899414,103.45952359791684,102.31275489861075,102.76967017843833,1110400
2015-07-16,102.76072692871094,103.28035562413329,102.2858964031578,103.09221561411644,825100
2015-07-17,101.04059600830078,102.9040880014103,100.41346256602444,102.5546841071075,1532300
2015-07-20,101.03157806396484,101.7841446057856,100.68217436658887,100.97782575213408,1178800
2015-07-21,100.85243225097656,101.61395320466875,100.24321412097477,101.22871222782584,941600
2015-07-22,100.2073974609375,101.13018242713635,100.1357231168028,100.73598720487882,924200
2015-07-23,99.6608657836914,100.63740966335179,99.60711345764693,100.29696003776384,879000
2015-07-24,98.1288833618164,99.66088648953621,97.77947949945441,99.66088648953621,999200
2015-07-27,97.10755157470703,97.74364598472332,96.50729433591947,97.65405647427228,1841900
2015-07-28,101.92753601074219,102.38445138948896,96.9731616910828,97.0985883699166,2405000
2015-07-29,103.31620788574219,103.72832513482645,101.28249781207218,102.02609695974483,1281400
2015-07-30,104.0149917602539,104.1493794233321,103.21763361729451,103.33409927983404,893000
2015-07-31,103.75516510009766,104.7854612808964,103.53118796667357,104.37334417562484,923000
2015-08-03,103.28035736083984,103.90749757334936,102.72489832247108,103.2534811925628,1022500
2015-08-04,103.31620788574219,103.89855000290721,103.02055632599412,103.82687565474247,685000
2015-08-05,104.59732818603516,105.43948445035588,103.86268341351287,104.58836718624192,843100
2015-08-06,104.2031478881836,104.98259098652552,103.8806201809553,104.40920991484003,743600
2015-08-07,102.45612335205078,104.37336749571064,102.25902233696107,104.04187880349237,889100
2015-08-10,104.45399475097656,104.45399475097656,102.77864981324305,103.07430133233994,774300
2015-08-11,103.86270904541016,104.05981007806238,102.73386202628306,103.33411929100264,1129800
2015-08-12,103.06534576416016,103.79999068245793,102.30382467638977,103.37891246674309,1180700
2015-08-13,103.28035736083984,103.79102506382726,102.42924680094121,103.2534811925628,626500
2015-08-14,104.3554458618164,104.41815919589133,103.10117234507702,103.47745234952662,697200
2015-08-17,104.23896789550781,104.50774321902182,103.28930693350834,104.05978890332541,817500
2015-08-18,103.83583068847656,104.55255362319993,103.54017914572287,103.94333536930216,577700
2015-08-19,102.90406799316406,103.67454997828956,102.61737749883181,103.13700615582168,633400
2015-08-20,100.89726257324219,102.89513558843838,100.85246439423642,102.20528874434972,1211900
2015-08-21,98.46036529541016,100.49407499142907,98.31701662569988,100.27009782143735,1448900
2015-08-24,94.38397979736328,97.90490124757537,92.35922422966033,93.59558260522911,2321900
2015-08-25,93.64933013916016,98.003446727225,93.52390347491472,97.7705085642375,2222800
2015-08-26,95.40532684326172,95.57555170369012,93.40745403348748,95.47700118820438,1952700
2015-08-27,98.478271484375,99.21291626156912,96.62374095930932,96.97314476582602,1824100
2015-08-28,98.96209716796875,99.23087257449433,97.84221103284972,98.08411026577124,988000
2015-08-31,97.77945709228516,98.89934276251495,97.09856469091832,98.05718655122544,1033000
2015-09-01,94.44670104980469,96.46249578565264,94.01666866722569,95.66513752584765,2168300
2015-09-02,96.74024200439453,96.85670769586142,94.54526118957655,95.65618626548594,2889800
2015-09-03,97.50173950195312,97.9407328242535,96.82980801802294,97.46590233591465,1101700
2015-09-04,95.45012664794922,96.74023753798537,95.41428947486578,96.03246874888174,1429500
2015-09-08,97.28673553466797,97.32257270771608,95.94287230395265,97.09859550259685,1386100
2015-09-09,99.01581573486328,100.34176347398954,98.54994626909686,98.83663674847008,2552200
2015-09-10,98.94414520263672,99.82213177833452,98.2722137714386,98.67536989606147,1620800
2015-09-11,98.83631896972656,99.03401068029532,97.7490214173242,98.28817626523166,1095800
2015-09-14,97.87483215332031,99.1148959482768,97.47046769758101,98.85430293130372,1231300
2015-09-15,99.03401947021484,99.58216222336101,97.96469068035158,98.40500656778143,1489600
2015-09-16,102.08026123046875,102.21505168075362,98.96213943612635,98.96213943612635,1600900
2015-09-17,102.02635955810547,103.6528124401146,101.57706257582866,101.94548253631714,1597600
2015-09-18,101.13672637939453,101.62196095731994,100.35494737144616,100.91207794839252,1898400
2015-09-21,101.2984619140625,102.32285809356685,101.0827945088956,101.62194931036233,881600
2015-09-22,99.61809539794922,100.36392979386531,98.86327314567643,100.19319480171627,984800
2015-09-23,98.88126373291016,99.77985754343564,98.53081269526336,99.75290082603614,1073900
2015-09-24,99.3305435180664,99.74389577697762,97.66814662626187,97.99164089075336,1417800
2015-09-25,99.25865173339844,100.35493706097196,98.67456450165717,100.18420207711942,1417600
2015-09-28,96.43708038330078,99.00705904096998,96.40113581083446,98.43195959296125,1454600
2015-09-29,97.3716049194336,97.70408702589687,96.17647376304627,96.82346226442063,1674300
2015-09-30,98.5937271118164,98.88127689523192,97.56933057991564,98.23428816861511,1696100
2015-10-01,100.9390640258789,101.00196533062811,98.52184401130744,99.03404230875896,1800900
2015-10-02,102.619384765625,102.6463483320105,99.47430721503216,99.63605433472023,1507500
2015-10-05,104.00322723388672,104.0391718026092,102.89796088250381,103.2933374270001,1526500
2015-10-06,105.30621337890625,105.62970770692432,103.83252004270257,104.00324820890937,1964800
2015-10-07,106.27666473388672,106.35754172490205,104.35367492988115,105.584750660968,1764400
2015-10-08,108.30750274658203,108.48722560861727,105.78245652259122,106.13290753390217,1650500
2015-10-09,108.31649017333984,108.49620617893498,106.8967104196693,106.93265499193356,2142600
2015-10-12,108.34344482421875,108.55012439686861,107.30107967132119,107.96603710622443,991900
2015-10-13,107.97503662109375,108.78376557390673,107.04049822630635,107.4987761380399,1645200
2015-10-14,109.03536224365234,109.52959154803217,107.74139190662137,107.94806462974294,1109300
2015-10-15,109.25102233886719,109.5116153313282,108.0379222300303,109.26899119612536,902700
2015-10-16,109.71829986572266,109.8980227363033,108.58606977610732,109.79917687141558,1077800
2015-10-19,107.2741470336914,108.67595830659948,106.42048549363493,108.43333409240877,2008100
2015-10-20,107.31906127929688,107.88517292354528,106.73497391926016,107.04948038828705,1113000
2015-10-21,105.9442138671875,107.83125953795637,105.61173168221714,107.74140152615344,1260600
2015-10-22,108.32546997070312,108.52315481985916,106.33957192128302,106.77089990063631,2349600
2015-10-23,107.822265625,109.28697787246745,107.53471588994267,108.95449570616854,1407400
2015-10-26,107.45384216308594,108.59505320792694,107.30108287111275,108.037929471148,1182500
2015-10-27,106.51029205322266,107.29207090735139,105.86330360231953,106.9955333914,998500
2015-10-28,107.46283721923828,107.55270209048274,106.22278015135404,106.61816364650284,1060200
2015-10-29,107.76834869384766,107.99299713131039,106.94164408935913,106.9596129478366,945600
2015-10-30,108.145751953125,108.67592580859954,107.57964038218103,107.73239966796696,1920200
2015-11-02,106.02509307861328,108.1367873871509,102.78116852859932,104.3267511442625,3627900
2015-11-03,107.86720275878906,110.0597738690169,105.50390348499842,106.03407054698448,1984900
2015-11-04,105.57577514648438,108.50519261835123,105.50389285862113,108.29851304446348,2174600
2015-11-05,105.71055603027344,106.51030382723422,105.10849993246707,105.31517263196456,1293000
2015-11-06,105.49490356445312,105.95318827893364,104.72211242071188,105.08155127803529,1537900
2015-11-09,104.20093536376953,105.70158535198762,103.66178045937264,105.32417760448246,864300
2015-11-10,104.55138397216797,104.91082285201394,102.90695572448797,103.92237107423232,1131300
2015-11-11,105.55782318115234,105.79145950734403,104.12905536050098,104.78503190321054,729900
2015-11-12,103.47306823730469,104.96473024764478,103.45509252369669,104.65022381676519,817300
2015-11-13,104.62325286865234,104.91979040130765,102.72721982878977,103.18550448328206,968900
2015-11-16,104.8658676147461,105.09950386419337,103.76060135507326,104.44353439268264,1047400
2015-11-17,104.91082000732422,105.99811761897422,104.30876384194984,104.85690657631345,1053500
2015-11-18,106.32160949707031,106.42944321236425,104.52442204319439,104.87487304824211,1000000
2015-11-19,105.95320129394531,106.45641164257555,105.52187324102881,106.05204030751754,741300
2015-11-20,106.15087890625,106.7169973654108,105.91724946366035,106.3665463458,984400
2015-11-23,107.39996337890625,108.52320599934036,106.09700468149425,106.09700468149425,1661700
2015-11-24,107.57964324951172,108.19068726466763,106.74395080019151,107.35499481534742,979000
2015-11-25,106.95063018798828,107.97503341890938,106.89671675426011,107.3819582249933,1087100
2015-11-27,106.85177612304688,107.24715267422395,106.07898502176924,106.73495455879349,389900
2015-11-30,107.07640838623047,107.22916764104315,106.10592572790658,107.0674205313225,2955100
2015-12-01,107.53472137451172,107.64255510155546,106.77091799453397,107.38196206966154,931000
2015-12-02,106.60918426513672,107.63358080608762,106.44743708205354,107.22921627624352,858100
2015-12-03,105.93522644042969,107.3729752023085,105.47694166592471,106.90570942559546,1223300
2015-12-04,107.13934326171875,107.29210256444199,105.94421184593324,106.22277373392583,1417200
2015-12-07,106.3575668334961,107.37297539874038,105.62970802115363,106.5822152921921,910000
2015-12-08,104.56935119628906,105.91724174447452,104.50644991160277,105.18937618656079,1042300
2015-12-09,105.09054565429688,107.18427092313476,104.64124873939056,104.99169978455933,1177900
2015-12-10,104.20093536376953,105.39606675326246,103.90439776684694,104.85691184886556,938800
2015-12-11,101.29869842529297,103.00218164653782,101.11843834293701,102.85797495594932,1378700
2015-12-14,102.42534637451172,102.69574338836901,100.73988632462897,101.10041338427811,1361500
2015-12-15,103.71420288085938,103.84940135768828,102.61459868815517,103.24552262119668,1224700
2015-12-16,106.25592803955078,106.40914979966468,103.79534418107684,104.25500946141854,1289700
2015-12-17,103.9215087890625,106.79669582392083,103.87644033767316,106.40012233291154,1056900
2015-12-18,101.5060043334961,103.81336640896224,101.46995094150677,103.79534315120827,1754900
2015-12-21,102.04680633544922,102.65970033564491,101.48798899287941,102.13693639031985,913400
2015-12-22,103.12837219238281,103.37173088447761,101.98370614986248,102.73179860855123,719100
2015-12-23,105.00310516357422,105.17435706345677,103.59705720048461,104.07475263017625,818300
2015-12-24,104.35413360595703,104.8047906050337,104.14683523721061,104.72367564591035,331100
2015-12-28,104.0747299194336,104.16485994521074,103.36269102577788,103.9395314425278,480900
2015-12-29,104.90394592285156,105.28249618862856,104.33612052418607,104.91296098912646,669500
2015-12-30,104.03870391845703,104.96705649363098,103.98462726405295,104.70567453654128,525300
2015-12-31,103.09233093261719,104.67864608410635,103.08332274035473,103.68720169310662,965400
2016-01-04,101.38882446289062,101.98369508884184,100.04586833586889,101.75836655655385,1769700
2016-01-05,101.75836181640625,102.47040077044556,101.20855967311616,101.44290326119409,1222800
2016-01-06,97.40501403808594,99.91066612365952,96.03501963840225,98.98231370541271,3837000
2016-01-07,94.88133239746094,97.22475456151344,94.58390397022241,95.49422626127021,1963100
2016-01-08,94.0521240234375,95.34100344866624,93.80877224451159,95.07962153709055,1297300
2016-01-11,94.29548645019531,94.80022016088378,93.38515725643414,94.33153984045607,1498400
2016-01-12,95.28692626953125,95.76462163486117,94.28646708398036,95.38607136910699,1349100
2016-01-13,92.9525375366211,96.22431271468707,92.85339241749897,96.12516759556495,1399600
2016-01-14,94.47575378417969,94.99851766840627,92.36668186548025,93.26799606180957,1485000
2016-01-15,92.45679473876953,93.65554404761176,90.66317487011797,93.18685690173524,2042300
2016-01-19,92.26753997802734,93.80878648243109,91.47437905659255,93.73667969384941,1426800
2016-01-20,92.33061218261719,93.32205624836325,90.12238866531689,90.9245576084053,1738000
2016-01-21,91.7988510131836,92.60102011083872,90.66319318193185,92.03319463345369,1627900
2016-01-22,94.6290054321289,96.26939751244369,93.38519392391784,93.62854580812818,1555500
2016-01-25,93.06974792480469,94.53888825363785,92.90751102104213,94.16935284180822,1206000
2016-01-26,93.85387420654297,93.88091941715466,92.94355153397834,93.2049335580213,1148000
2016-01-27,92.6370620727539,94.39462869316795,91.98811482069218,93.20489435654837,1146500
2016-01-28,93.73668670654297,94.8182611102563,93.17786936795109,93.80879350051916,1030200
2016-01-29,97.22479248046875,97.32393762037647,93.72768800332436,94.37663550945356,2133100
2016-02-01,96.81916809082031,97.0264733789975,95.07062324813586,96.04403734169405,1109500
2016-02-02,94.57490539550781,96.02602190144381,94.35859189893759,96.02602190144381,1330400
2016-02-03,96.6929931640625,97.25181048340541,93.87188199262312,96.35049621919678,1546100
2016-02-04,98.3964614868164,98.86514868317414,96.55777984456594,96.85521515650669,1382200
2016-02-05,95.69251251220703,98.14408786620835,95.24185548026504,98.14408786620835,1353100
2016-02-08,93.39418029785156,95.28693875103302,92.33062926202858,94.67404481722856,1654500
2016-02-09,96.62086486816406,97.07152189996796,92.1233096161757,92.75423358658952,1792600
2016-02-10,95.72859191894531,98.82911534190143,95.60240846582337,96.99944839515085,1239400
2016-02-11,93.10575866699219,94.27746298922833,92.42977302384311,93.7546991081708,1449000
2016-02-12,96.10710906982422,96.37750601964355,93.77270911720562,94.6019163444808,1201600
2016-02-16,97.92778015136719,98.13507854737166,95.88179325569953,97.5492298727217,1243500
2016-02-17,99.1085205078125,99.64930771745412,98.74799340922394,99.1445739053196,1353200
2016-02-18,98.02693176269531,99.14455941615351,97.64837458243501,98.90120761414752,1000300
2016-02-19,97.1346206665039,97.6393612548021,96.23330653741273,97.61232293116635,2189700
2016-02-22,97.42302703857422,98.66684476053373,96.30539960307911,98.48657783449896,2274700
2016-02-23,90.25761413574219,93.84484810257406,90.12241561442134,93.39419094915954,6287600
2016-02-24,92.05122375488281,92.21346059825186,88.88761562390981,89.5996547211138,2945800
2016-02-25,93.44824981689453,93.45726488366167,91.56449969846967,92.46581383371114,1250900
2016-02-26,95.79164123535156,96.04400802986424,93.93493678159736,94.1422351300273,1816400
2016-02-29,92.42977142333984,96.26936485887391,92.42977142333984,95.48522592734724,2055100
2016-03-01,95.4131088256836,95.66547566722979,92.55594484942323,93.33107550644691,1789700
2016-03-02,94.34955596923828,95.28692341575666,93.8267921646737,94.89034302933105,1385800
2016-03-03,94.85427856445312,95.0705988644122,94.15125478078551,94.39461339911954,1164400
2016-03-04,95.83672332763672,96.54876224295876,94.44869888369661,95.26889108265007,1235000
2016-03-07,95.50325775146484,96.14319004811992,94.88134871427972,95.26891411946316,1148300
2016-03-08,93.9890365600586,94.9985108631669,93.92594484589439,94.59291537798467,1362300
2016-03-09,93.93498229980469,94.93544177461645,93.66458524524046,94.4036627343689,2218900
2016-03-10,94.87232971191406,95.77364386531042,93.6285117792791,94.4847643508944,1639000
2016-03-11,96.18359375,96.59958063240309,95.81281878341447,95.86708274158707,1000600
2016-03-14,93.1812744140625,94.30263097646669,93.07275336631068,94.30263097646669,2158800
2016-03-15,94.09461212158203,94.22121652215735,92.58439065856665,92.93707533151537,1359900
2016-03-16,95.74047088623047,96.246888460274,93.62435606719349,94.00416924772613,1169000
2016-03-17,97.52198791503906,97.73902995508655,95.8851688680283,95.8851688680283,1762100
2016-03-18,97.79328918457031,98.9417809155061,97.43155934255692,97.86563653285756,2388400
2016-03-21,98.55293273925781,99.18595485370804,97.51296192315509,97.7842541581665,1343600
2016-03-22,99.98174285888672,101.15736309863695,97.70285662574625,97.70285662574625,2044300
2016-03-23,99.47533416748047,100.29826978913465,99.12264944374962,99.70141447240655,898300
2016-03-24,99.95458984375,100.01789203195787,98.64332727397799,98.81514355658732,1065700
2016-03-28,100.01790618896484,100.58763286289852,99.09550175888572,99.95460399179689,1109600
2016-03-29,100.79564666748047,100.87703916846435,99.26734153245114,99.5838594925373,879600
2016-03-30,101.66375732421875,102.387216828197,101.21159685908763,101.36532976137113,982100
2016-03-31,100.84989929199219,102.55002759908788,100.43391235924545,101.84465815228153,1289100
2016-04-01,101.66375732421875,101.8898375567843,99.32156942656174,99.90033426997586,1355700
2016-04-04,101.35631561279297,102.02551132842183,101.00363091810864,101.25683973486427,1279100
2016-04-05,100.65093231201172,101.3110827931076,100.35250471947266,100.61475864327167,656900
2016-04-06,101.60952758789062,101.69995832533954,99.90036112224105,100.59668538996299,940200
2016-04-07,100.13546752929688,101.34725435955367,99.88225185336907,101.0397885307739,1017600
2016-04-08,100.94937133789062,102.3329885456355,100.64190544689606,101.37440339849627,820100
2016-04-11,100.80470275878906,101.99840667393474,100.78661246797316,101.32921080165936,698200
2016-04-12,101.8175048828125,102.13402277350296,100.83179823865945,100.84084338110202,885300
2016-04-13,103.21016693115234,103.2734691335689,101.93507773978374,102.18828654944998,1509700
2016-04-14,104.42195129394531,104.88315695486392,103.1649456038955,103.45432805989067,1343800
2016-04-15,104.0059814453125,104.53952763287599,103.48147350201668,104.53952763287599,1551600
2016-04-18,104.15972137451172,104.20494019657431,103.21922645088306,103.57191118481586,1063200
2016-04-19,104.93745422363281,104.99171129885504,104.16878242714454,104.56667914448192,767900
2016-04-20,104.51239776611328,104.9012561467722,103.84320202942922,104.7203946718056,1081500
2016-04-21,104.2591781616211,105.49810052525662,104.09640009121222,104.75655061606547,819400
2016-04-22,105.1182632446289,105.51616666267807,104.28628964272718,104.4942864929132,1052200
2016-04-25,104.65708923339844,105.19968054096391,104.34961645614356,104.81082217231447,1071500
2016-04-26,104.86507415771484,105.24488736468521,104.53951800904811,105.11828296236176,849400
2016-04-27,105.4890365600586,105.71511678976321,104.4942849292425,104.91027172396846,863600
2016-04-28,104.2682113647461,104.65706966067214,103.71657501705052,104.32246841552877,1796300
2016-04-29,103.97884368896484,104.33152836796214,103.19208184382033,103.85223238679576,1326200
2016-05-02,103.3367691040039,104.12353094512147,102.9660010405502,103.5176374637322,2031500
2016-05-03,102.7218246459961,105.68800348228285,101.90794122141942,105.67895833995452,2659400
2016-05-04,104.27727508544922,104.61187641234719,101.5552732483099,101.94413163924742,2036900
2016-05-05,104.0331039428711,104.83794919909093,103.2915608899689,104.28631275614168,1241000
2016-05-06,105.85079193115234,106.10400074580932,103.39103733261709,103.9517120223796,1427000
2016-05-09,104.42195129394531,105.5071337790717,104.2320447040193,105.41670305521482,1085900
2016-05-10,105.90504455566406,105.95930161384003,104.83794538186137,104.94646639763575,862200
2016-05-11,105.41669464111328,106.24866827326555,105.3533924495239,105.85077174017005,1067300
2016-05-12,105.92314147949219,106.48382311685101,105.44385233922216,106.06783618568414,944300
2016-05-13,104.91936492919922,106.07690210719424,104.63902750532117,105.8960336890272,1091400
2016-05-16,106.85458374023438,107.0444903419752,105.1092437534668,105.1092437534668,984800
2016-05-17,105.83270263671875,106.86362819144111,105.63375088064552,106.43859614881609,1091400
2016-05-18,104.91030883789062,105.93218935387266,104.42197454104102,105.48907387872939,1086900
2016-05-19,105.04595947265625,105.14542846246016,103.98789836900228,104.77466033850423,943500
2016-05-20,105.5523452758789,106.33006186611138,105.25391769835265,105.63373085188344,1736100
2016-05-23,105.66993713378906,105.9683648034249,105.073088693941,105.5885515326649,678900
2016-05-24,107.21631622314453,107.55996268502834,104.01501843801405,105.94122695501072,990400
2016-05-25,107.18012237548828,108.06635999529568,107.09873679683768,107.59611610888598,1119900
2016-05-26,106.89075469970703,107.69559995265114,106.74606690675103,107.47856481350577,846000
2016-05-27,107.01737976074219,107.24346008665157,106.56521910892343,106.89077533018686,882900
2016-05-31,106.02261352539062,107.27058117311775,105.66992881609985,107.27058117311775,1486600
2016-06-01,107.18012237548828,107.2615148535606,105.10923334748796,105.85981453736758,829800
2016-06-02,107.49664306640625,107.49664306640625,106.25772077443582,106.66466247720746,763400
2016-06-03,107.42430877685547,107.58708685762072,106.447640292264,106.78224159700999,1091200
2016-06-06,108.6361083984375,108.82601503146786,107.14398386756694,107.61422787801021,1131500
2016-06-07,109.25103759765625,109.39573229559626,108.25628569729899,108.7446199537121,950600
2016-06-08,109.92024993896484,110.15536849475784,108.88027912875454,109.42287049512666,1109200
2016-06-09,109.2329330444336,109.85691673440255,108.9525957457735,109.54944401056945,840500
2016-06-10,108.74463653564453,108.91645979079303,107.40623797330542,108.57281328049602,1618000
2016-06-13,107.92166900634766,109.66700887989346,107.89454047920488,108.36479128108627,1011800
2016-06-14,107.93073272705078,108.12968449290676,107.36101286071853,107.61422169019953,1117400
2016-06-15,107.25247955322266,108.41000944083596,107.17109396710407,108.22010284047025,1089800
2016-06-16,107.90361022949219,108.06638832889341,106.38435026822202,107.00833413249727,1120000
2016-06-17,107.56800079345703,107.90358642794253,106.83334801819142,107.90358642794253,1359500
2016-06-20,108.05777740478516,108.99196726033867,108.01242556103757,108.30266628947034,925100
2016-06-21,108.32080841064453,108.68360242000549,107.86731762887338,108.23011163823433,608300
2016-06-22,108.32988739013672,108.8377948852908,108.2301188579142,108.62918606708358,705900
2016-06-23,109.69035339355469,109.89895527980808,109.06453389535403,109.55430477398234,807300
2016-06-24,105.54544830322266,107.1689461517527,105.31870290962438,106.89684891154667,1405200
2016-06-27,103.82217407226562,104.73822733061148,103.2054263715555,104.4570583584144,1563300
2016-06-28,104.52961730957031,105.11915666532528,103.87658952594757,104.74729093087134,1232500
2016-06-29,105.92637634277344,106.05335320654095,105.20986008595953,105.20986008595953,1045900
2016-06-30,107.56800079345703,107.9126581801501,105.72682951932948,105.97171147117821,1706200
2016-07-01,107.79476928710938,108.46593378035385,107.5589521171561,107.81291279541705,894700
2016-07-05,106.65196990966797,107.43197468961502,106.36173605571472,107.43197468961502,1063400
2016-07-06,106.84243774414062,107.17801651535996,106.22568996494219,106.33452333086387,888100
2016-07-07,106.65196990966797,107.80384049109436,106.47057634584252,106.9784838603305,899800
2016-07-08,108.11221313476562,108.49315069810862,107.38663194496971,107.66779405054004,1384900
2016-07-11,108.02149963378906,108.37522187951387,107.76754591067588,108.37522187951387,731400
2016-07-12,109.10989379882812,109.88989856093951,108.45686591243525,108.61105113013336,977200
2016-07-13,109.34569549560547,109.49081586778108,108.80150793938735,109.38197558864937,786600
2016-07-14,109.98966979980469,110.42502406873665,109.6903710921179,109.6903710921179,720900
2016-07-15,109.69940948486328,110.42499745161184,109.53615253833082,110.40686086631699,779300
2016-07-18,109.14614868164062,109.83545654838233,108.94661856732554,109.45452598507228,696000
2016-07-19,108.96475982666016,109.33662557326218,108.75615795101696,108.94662324084244,680900
2016-07-20,108.86500549316406,109.22779953427833,108.57477164421681,109.01012587749808,840500
2016-07-21,108.51126861572266,108.80150242564547,107.64056718595423,108.45685193877458,1053800
2016-07-22,108.85591888427734,109.19150453746374,108.30266652373518,108.60196516606918,573000
2016-07-25,108.6473159790039,109.02824655270163,107.94893634083827,108.83778126585277,532500
2016-07-26,108.61103057861328,108.88312778636397,108.27544494501669,108.55661390495091,640300
2016-07-27,108.12126922607422,108.70173686170996,107.36847288245536,108.64732018328162,796800
2016-07-28,108.04871368408203,108.62918134465798,107.03289873793429,108.02150534369883,807300
2016-07-29,107.36846160888672,107.80381574976185,106.67008893674459,107.75846390935344,982700
2016-08-01,107.63148498535156,108.13032754135203,106.3345012594695,106.76078364010279,1342100
2016-08-02,111.38640594482422,111.39547769817192,108.10313704443237,108.2754588397166,2023300
2016-08-03,110.11663818359375,111.93060136392697,109.52709876604138,111.33199019295122,1575100
2016-08-04,110.86036682128906,111.25036919595847,110.22547553337202,110.37059591451442,1015800
2016-08-05,111.30479431152344,111.36828275315298,110.32525242376364,111.10525723219594,822800
2016-08-08,110.87850952148438,111.5587457762174,110.67897244627399,111.5587457762174,571300
2016-08-09,111.37732696533203,111.95779455089425,110.70615569725366,110.88755614256651,606400
2016-08-10,111.43174743652344,111.76733308199897,110.99639327265572,111.65849281110212,577100
2016-08-11,111.69479370117188,111.83084233519796,111.26851121042661,111.50432838142375,481900
2016-08-12,111.05987548828125,111.60406989260468,110.81499354211115,111.37732453070969,631600
2016-08-15,111.26849365234375,111.54059087745918,110.0440699787641,111.47710244756156,720900
2016-08-16,110.86941528320312,111.52244306246986,110.66987824845833,111.15058425021607,790700
2016-08-17,110.8875961303711,111.17783002781509,110.24363988665853,110.97829292587448,608400
2016-08-18,111.00548553466797,111.24130270532117,110.7152516783721,110.76966836401478,550200
2016-08-19,111.35009765625,111.50428974523659,110.25265104955407,110.58823664124202,803200
2016-08-22,110.8875961303711,111.19596661902699,110.33433668216192,110.99642951708638,670400
2016-08-23,111.25942993164062,111.81268925485506,110.9691960997675,111.37734196690558,563600
2016-08-24,110.38872528076172,110.92384800156626,110.13477155009659,110.90570449525006,636100
2016-08-25,111.37732696533203,111.80360244244847,110.01685476422318,110.47034549792613,828000
2016-08-26,111.49524688720703,112.5654854378126,111.177804715358,111.7764089651704,909900
2016-08-29,112.3659439086914,112.61083280274195,111.13244844455859,111.56780263413727,658800
2016-08-30,112.44759368896484,112.67433911291283,111.95782274287063,112.54735530935847,787200
2016-08-31,111.60408782958984,112.6743263865315,111.2322220548506,112.3387407058927,786300
2016-09-01,111.64942169189453,111.9215189108202,110.3977897082198,111.32290779707161,864800
2016-09-02,112.51104736328125,112.6833691268213,111.90336455589562,112.21174183542671,577500
2016-09-06,112.19364166259766,113.00992663576946,111.82178273687155,112.61085936422458,740700
2016-09-07,111.32293701171875,112.89201846915643,110.88758965085246,112.89201846915643,698800
2016-09-08,110.99639892578125,111.2503595708083,110.64267667700076,111.01454243171463,546300
2016-09-09,107.6406021118164,110.5973647670854,107.63153035614162,110.18921879838524,1270800
2016-09-12,108.89219665527344,109.23685405382943,107.20521051201216,107.32312253561066,923800
2016-09-13,106.6156997680664,108.96477900917331,106.27104229937626,108.38431128474068,1061200
2016-09-14,106.59751892089844,107.15984985935012,106.0079796486008,106.59751892089844,996900
2016-09-15,107.09638977050781,107.41383194888097,106.13498456207991,106.38894522449894,649200
2016-09-16,106.73250579833984,106.96901704674467,106.1230232931337,106.78708424946537,1057300
2016-09-19,106.9963150024414,107.70586264010794,106.71431013956234,107.35108882127467,599700
2016-09-20,106.71431732177734,107.54212758163021,106.5778711824978,107.31470809577506,1130600
2016-09-21,107.78775024414062,107.86052615383987,106.44143061616845,107.11459043015454,749500
2016-09-22,108.3790054321289,108.91571890789656,108.10609933390258,108.5518464236916,596800
2016-09-23,108.28807830810547,108.66104270793056,107.6331089871227,108.15162520951857,1107300
2016-09-26,108.18798828125,108.72469488787492,107.68766268160702,108.29715212306974,806000
2016-09-27,109.08856964111328,109.16134553714132,107.76044076991303,107.95147229176806,866400
2016-09-28,110.34393310546875,110.47128745746808,109.13405982118343,109.57070133081208,888500
2016-09-29,109.82542419433594,110.79877934305118,109.53432752201807,110.12561264932877,777900
2016-09-30,110.72600555419922,111.04439146120579,109.79813012201753,109.91639270197157,956800
2016-10-03,110.17110443115234,110.74419907938834,109.89819825182525,110.57136497675411,735200
2016-10-04,109.30690002441406,110.30754432845279,108.8793503000714,110.11651280188744,932800
2016-10-05,109.17044067382812,110.04373057660959,109.06127683337124,109.37057091118682,672200
2016-10-06,109.6525650024414,110.04372674174984,108.50636900860655,108.92481997200541,607100
2016-10-07,108.26984405517578,109.6070714742266,107.92416900451735,109.6070714742266,538200
2016-10-10,108.31534576416016,109.16134647696832,108.23347808564235,108.8611511084867,493800
2016-10-11,106.57785034179688,108.37900843099982,105.97745968520218,107.7786247146957,864300
2016-10-12,106.55966186523438,107.05088873278885,106.14121089071563,106.43230752256741,705100
2016-10-13,106.44140625,106.78708133150161,105.54082018928939,105.94108066071632,660200
2016-10-14,106.21399688720703,107.178253270635,106.20489816463926,107.00541224330665,903700
2016-10-17,105.83192443847656,106.24128366107013,105.70457008663634,105.96837751267442,656400
2016-10-18,106.06843566894531,106.93263378855873,106.04114644395699,106.89624584181058,634100
2016-10-19,106.2685546875,106.76888022710541,105.86829425581567,106.25036418619183,778600
2016-10-20,105.91380310058594,106.3322541212128,105.44077362431398,106.18670925939524,588700
2016-10-21,105.32249450683594,105.54991395669188,104.63113743599246,105.54991395669188,741200
2016-10-24,106.16852569580078,106.25040033026566,105.65910820239377,105.65910820239377,676900
2016-10-25,105.47715759277344,106.04116043132787,105.38619118404972,105.86831939654832,621100
2016-10-26,104.93133544921875,105.40437180353537,104.71301471507547,105.19514285060859,755300
2016-10-27,104.57658386230469,105.01323236361225,104.2945858983036,105.01323236361225,891800
2016-10-28,104.70391845703125,105.71366141910119,104.23088903187625,104.8039835750952,860100
2016-10-31,103.8579330444336,105.15877283010737,103.70328945390054,104.96774128763262,1523400
2016-11-01,102.01127624511719,104.44011450326488,101.32901783955043,103.5213448474448,1673000
2016-11-02,101.87484741210938,102.40246237027124,101.42910709104513,102.02949796211755,919300
2016-11-03,101.13796997070312,102.1659033037618,101.0651940868697,102.05674641830193,943000
2016-11-04,100.67402648925781,101.68376926235368,100.65583598951017,101.13796404615614,1012400
2016-11-07,102.67535400390625,102.8027083632816,101.66561091150741,101.85664245057043,840900
2016-11-08,103.33938598632812,103.71235717702916,102.46609622163292,102.6298384862814,583300
2016-11-09,104.39462280273438,104.7766858003704,101.03790961136924,101.71106921772186,1346100
2016-11-10,105.65907287597656,106.42319886060658,104.33094418343596,104.61294206724601,1272900
2016-11-11,105.22244262695312,105.94108901171319,104.91315546759121,105.37708620663408,1062400
2016-11-14,103.68508911132812,105.70456820030998,103.49405064668527,105.33160387380259,1330000
2016-11-15,103.83064270019531,103.9579970604771,103.24844935596653,103.68509783428418,911900
2016-11-16,104.41282653808594,104.46740499029697,103.74876556854682,103.82153452473102,619000
2016-11-17,104.45833587646484,104.50381561641288,103.81246527074158,104.28549481990052,759500
2016-11-18,103.95797729492188,104.85855636862782,103.78513629299086,104.29456057755316,710300
2016-11-21,104.5401840209961,104.82218889322134,104.03076661097634,104.4674081223385,530300
2016-11-22,105.85012817382812,106.03206099004304,104.51290045974314,104.60386686785058,990200
2016-11-23,106.24126434326172,106.83255626374361,105.80461597328252,105.80461597328252,754300
2016-11-25,106.10482788085938,106.28676068162221,105.63179843470111,106.20489300336638,359300
2016-11-28,105.83192443847656,106.43231518883047,105.56812395273013,105.64999163307385,1070900
2016-11-29,105.89561462402344,106.41413078346037,105.32251306760384,105.55903128041656,725800
2016-11-30,106.18671417236328,106.76890752715383,105.66819799886882,106.05935286947887,1276500
2016-12-01,107.78775024414062,107.84233564656142,106.16852442494267,106.35046419919077,1925500
2016-12-02,106.3322525024414,108.01515528203365,105.89561098334413,107.7331573451045,1166000
2016-12-05,107.85140991210938,108.29715708139642,106.43231460493686,106.75070048279075,1008400
2016-12-06,106.3322525024414,107.68767067256478,105.90470276561861,107.54212581296296,1136900
2016-12-07,108.07881927490234,108.0879179963587,106.10482007662237,106.41411414351973,1134300
2016-12-08,108.80656433105469,108.9430173917688,107.72404550709128,108.11520724631656,922600
2016-12-09,109.61618041992188,109.6252791416615,108.38811671613867,108.72469307730145,1121900
2016-12-12,110.49859619140625,110.8078834036363,109.60710862973846,109.779949683804,833900
2016-12-13,111.18084716796875,111.20813639774227,110.29845839039878,110.9807168959064,1521400
2016-12-14,110.11652374267578,111.23542378662731,109.91639347392548,111.1444573754569,876600
2016-12-15,111.01708984375,111.06256957379459,108.93392665566267,109.76173686179719,1199900
2016-12-16,109.73965454101562,111.31818597897784,109.67578372915567,111.09007494213566,2066000
2016-12-19,110.01338195800781,110.27799157539881,109.59365851844147,110.02250834795808,707700
2016-12-20,109.87654876708984,110.5791348265517,109.48419741166776,110.32365151816485,848000
2016-12-21,108.91847229003906,110.00427621041385,108.90021950671338,109.8400359674685,1105200
2016-12-22,108.206787109375,109.01886909781724,107.98780238424169,108.74513297035142,942300
2016-12-23,108.36187744140625,108.69947734727859,108.12463999517927,108.38924965416379,815900
2016-12-27,108.7724838256836,109.1283365446531,108.25239085477452,108.36188667653342,457700
2016-12-28,107.6684341430664,109.25608537530663,107.63193553341286,109.08272568119978,574800
2016-12-29,107.40380859375,107.97864594781483,107.19395032095996,107.62279325795609,450500
2016-12-30,106.9566879272461,107.91474996056154,106.68295193978719,107.7140181260064,715200
2017-01-03,107.70492553710938,108.04253243273844,107.02059231509729,107.77792275152608,1080600
2017-01-04,108.38926696777344,108.69037527899802,107.67756147680484,107.89654617524178,720000
2017-01-05,108.22500610351562,108.36187412451085,107.39467854783553,108.05163947949522,731500
2017-01-06,108.50787353515625,109.10096371724259,107.95128196011802,108.30713467709033,864600
2017-01-09,108.43488311767578,108.93673029429597,108.0151595524107,108.46226229572609,914200
2017-01-10,107.5406723022461,108.59910393791618,107.46767509664218,108.12463602428409,784900
2017-01-11,107.96040344238281,108.10639786393573,107.05708558356497,107.21219943541706,771200
2017-01-12,108.25238037109375,108.3162511872515,107.23956674245167,107.45855140336441,897600
2017-01-13,108.18854522705078,108.78163555058286,107.99693271539871,108.35278551723813,596200
2017-01-17,108.28887176513672,108.61735221533462,107.38555400779067,107.8873941123623,754800
2017-01-18,108.64472198486328,108.75421778626784,107.65928065641101,108.4074845625182,1031600
2017-01-19,108.4439926147461,109.02795635034168,108.08813993091118,108.47136482713388,711400
2017-01-20,108.03340148925781,109.09183320811921,107.2578252625978,108.71773468243968,1355800
2017-01-23,108.90023040771484,108.96410123295395,107.75967498458965,107.96041385288333,927900
2017-01-24,110.99885559082031,111.31820971822417,108.94585582142683,109.35645299074638,1255900
2017-01-25,111.76528930664062,111.81091430168833,110.92584230437917,111.05358393683649,1127500
2017-01-26,110.36014556884766,111.90217880697261,110.01341920868978,111.90217880697261,910100
2017-01-27,110.67035675048828,110.87109558631131,109.88565418939645,110.20500826393459,671800
2017-01-30,110.85286712646484,110.89849213057951,109.5571977618277,110.60651020388103,975800
2017-01-31,109.6119155883789,111.09007764923952,109.28343513040988,110.57911114190838,1094100
2017-02-01,110.20503234863281,110.30540178847951,109.04623103594578,109.25608934733562,795600
2017-02-02,109.6849136352539,110.6247300233416,109.63929560326123,110.30537595380645,756200
2017-02-03,110.17765045166016,110.35101709823755,109.50244361133407,109.82179772761008,937900
2017-02-06,109.2196044921875,109.93131705384683,108.66301278708163,109.85831982269217,813100
2017-02-07,109.72142028808594,110.15939658800946,108.96408989519585,109.48418283556916,708800
2017-02-08,109.80353546142578,109.95865627142018,109.13745507090906,109.59367718659334,604300
2017-02-09,110.04989624023438,110.25975450922769,109.59367413724407,109.80353240623738,573600
2017-02-10,110.58822631835938,110.77071932209965,109.91301960801107,110.17762924238725,642300
2017-02-13,111.0992202758789,111.61018685788136,110.21414818819781,110.60649951692044,732800
2017-02-14,112.08463287353516,112.18500228410731,110.91670550840051,111.17218874934919,861600
2017-02-15,112.59563446044922,113.0609830292903,111.36383597718563,111.63756510602312,1045700
2017-02-16,112.48612976074219,112.68686861623031,111.55543965785782,112.47700336874799,829600
2017-02-17,113.09748077392578,113.22522243321552,111.82006418102848,112.522643307122,1249100
2017-02-21,113.17045593261719,113.41681977135697,111.15395503394762,112.04815343603761,2200000
2017-02-22,112.32188415527344,113.38944224157012,110.8619747687057,111.10833164962143,1290700
2017-02-23,112.01166534423828,112.79636800704566,111.79267369782858,112.6868721838408,1005200
2017-02-24,114.51177215576172,114.51177215576172,111.59195286144904,111.59195286144904,1758000
2017-02-27,112.99710083007812,114.94973807215375,112.96972861440284,114.51176173715602,1056800
2017-02-28,113.11571502685547,113.89129124872524,112.73249011177589,113.00621921051965,1328000
2017-03-01,114.8493423461914,115.12307140167303,113.818276049162,114.05551346636292,1051300
2017-03-02,114.13765716552734,114.81287097759923,114.06466691025821,114.59387932759864,763700
2017-03-03,114.28365325927734,114.6303796013859,113.76356026541558,113.99167134976544,909300
2017-03-06,114.11028289794922,114.49351479786097,113.81830099792927,113.84567321333776,729000
2017-03-07,113.800048828125,114.46612923724288,113.54456555003063,114.21064595914851,842900
2017-03-08,113.59931182861328,114.6577505252743,113.41682575882906,113.7270534697417,1081800
2017-03-09,112.86022186279297,113.64492440762794,112.5408608334744,113.34381616013152,1338900
2017-03-10,113.3711929321289,113.97340945134754,113.0335860688036,113.49893456443647,1125300
2017-03-13,113.84567260742188,113.854798999642,113.10659494973565,113.3712046329388,925600
2017-03-14,112.8510971069336,113.7726676832007,112.66861105444751,113.19782339121583,931100
2017-03-15,114.39313507080078,114.66686416164552,112.82372988892844,113.42593945790446,929600
2017-03-16,114.2288818359375,114.62123308676786,113.59016677383896,114.39312205631757,928300
2017-03-17,114.76885223388672,115.14405973505153,114.4119376606337,114.70478509399412,1732800
2017-03-20,114.51260375976562,115.09829862208451,114.22890977452683,114.49430384995782,766300
2017-03-21,113.66150665283203,114.88780998282225,113.44187284075655,114.41192857762019,913500
2017-03-22,113.69808959960938,114.26548439230878,113.39609578962197,113.74384983429039,732400
2017-03-23,113.64319610595703,114.36616460931126,113.15816828292971,113.60658931036579,996700
2017-03-24,113.32290649414062,114.027568177842,113.03005908270156,113.63405381415517,1007500
2017-03-27,113.5791244506836,113.64318459096923,112.17894782584632,112.17894782584632,791400
2017-03-28,114.2746353149414,114.49426907609609,113.15815264085538,113.4876067736031,1083000
2017-03-29,114.19229125976562,114.48513866088666,113.82623026285613,114.01841071527625,670400
2017-03-30,114.70478057861328,114.77799417957971,114.17399942668992,114.47599331211816,575700
2017-03-31,114.70478057861328,115.29048240431138,114.08248591649853,114.08248591649853,1167300
2017-04-03,115.19893646240234,116.27881240097503,114.37530807060209,115.30875683959053,1514500
2017-04-04,114.44851684570312,115.34536582135028,113.86282212031261,115.17148529967652,1140000
2017-04-05,114.2380599975586,115.15320906686782,113.91775921970702,114.75969468778352,1102400
2017-04-06,114.5857925415039,115.1074271334488,114.1922782365608,114.28379172984319,795600
2017-04-07,114.6224136352539,114.9335609476385,114.11907888635781,114.25635263442337,841100
2017-04-10,115.18981170654297,115.62907933400531,114.4851430386906,114.659023589829,750600
2017-04-11,114.99759674072266,115.43686423637888,114.48510868641578,114.94268306724241,617600
2017-04-12,114.35701751708984,115.14404621093769,114.10077691575012,114.52174461538434,854800
2017-04-13,113.90859985351562,114.7962955217319,113.89944640832897,114.16484046247848,598000
2017-04-17,114.77800750732422,114.77800750732422,114.14655932625811,114.36619317262745,472500
2017-04-18,114.67732238769531,114.75053598557425,114.00011406239769,114.00011406239769,672800
2017-04-19,115.04335021972656,115.49177115886503,114.8786231630182,115.015896873947,885300
2017-04-20,115.62907409667969,115.84870790046271,114.97931914821501,115.24471319455118,676000
2017-04-21,115.4918212890625,115.99515612026781,115.32709416085295,115.69315522154463,656600
2017-04-24,116.49846649169922,116.8004603449824,116.0317385627597,116.46185969511254,1243400
2017-04-25,117.36785888671875,117.64240637868207,116.77301064215338,116.93773774092483,773900
2017-04-26,117.87118530273438,118.05421229642755,117.1207634573407,117.35870413476765,1106400
2017-04-27,118.39281463623047,118.45688176518027,117.8162802960058,117.99930729233212,933100
2017-04-28,118.1365737915039,118.50264174742473,117.99014660913558,118.2464011603125,1384800
2017-05-01,118.28300476074219,118.83209973017053,117.52342943746122,117.77052357011048,1363600
2017-05-02,114.6315689086914,117.15738217447235,114.43938845114752,115.23556363496749,2895600
2017-05-03,114.91525268554688,115.31792045539112,114.6681655426176,114.85119253871096,1213500
2017-05-04,115.5101089477539,115.5467157459308,114.45768619177497,114.91526069593687,999200
2017-05-05,115.73887634277344,116.00427034749822,115.35451550090926,115.47348233804865,803300
2017-05-08,115.26303100585938,116.52594128335005,115.10745732826624,115.81212607365558,802500
2017-05-09,114.9518814086914,115.62908980185584,114.43940013624628,115.26302875780918,831900
2017-05-10,115.91278076171875,116.13241457635695,114.85120452390676,114.85120452390676,968200
2017-05-11,115.97682189941406,116.18730223417187,115.2813067880594,115.92190821823347,849500
2017-05-12,115.77550506591797,116.58083369409533,115.72059137665538,115.88531848037722,932400
2017-05-15,116.47099304199219,117.52341563374073,115.7754849312637,115.7754849312637,847500
2017-05-16,116.5716781616211,117.21228665663925,116.36119779965428,116.36119779965428,843100
2017-05-17,115.6656723022461,116.5716677848291,115.51925210461161,116.5716677848291,926900
2017-05-18,115.98597717285156,116.45270509716885,115.54670958222675,115.8029501737633,1079500
2017-05-19,116.3062973022461,116.51678467011817,115.9127898868061,116.21478378744531,2893200
2017-05-22,116.97434997558594,117.41362458673804,116.51677545573432,116.78216951509222,1122300
2017-05-23,117.18484497070312,117.39532535362584,116.84623729039386,116.84623729039386,730000
2017-05-24,118.33789825439453,118.7680193408156,117.20312259155051,117.41360292190649,872300
2017-05-25,119.25305938720703,119.44524681403324,118.52093742244125,118.78633844215055,803200
2017-05-26,120.1590576171875,120.3329381485942,119.65572291155354,119.66486937381433,870100
2017-05-30,120.3969955444336,120.4793555998692,119.55506017271802,120.03094154423204,1037300
2017-05-31,121.56837463378906,121.72394826868162,120.12243771859102,120.66238617388149,946000
2017-06-01,122.42860412597656,122.59333816964627,121.56836202830517,121.70564272537366,982400
2017-06-02,122.93194580078125,122.99599895850181,121.95272983566326,122.50182472728909,818800
2017-06-05,122.31875610351562,122.96850374117712,122.29130276468815,122.95935728292076,836500
2017-06-06,122.03512573242188,122.5658998683796,121.18402989415596,122.03512573242188,745700
2017-06-07,122.1906967163086,122.5933645050438,121.94360257975465,122.23645695849493,727400
2017-06-08,121.46773529052734,122.26392449757037,121.21149466143007,122.19071089439015,882800
2017-06-09,122.45606231689453,122.4835156645818,121.56836683750502,121.99848790335615,1091000
2017-06-12,121.87954711914062,122.60252270834742,121.53179996616777,122.45609550495531,775600
2017-06-13,123.07837677001953,123.17904370445929,121.49515916800681,121.91613379313583,774800
2017-06-14,122.52011108398438,123.44440623380954,122.30047037132555,123.3528857791865,650600
2017-06-15,122.4926986694336,122.97772652006643,121.58669613655776,122.38287129437666,980800
2017-06-16,123.2268295288086,123.2268295288086,122.51103583292785,122.68539834908863,1609100
2017-06-19,123.5296859741211,123.64898960888904,122.87812289555451,123.36449524884439,670400
2017-06-20,123.07080841064453,123.3828181337854,122.85974465708101,123.1166954882288,605700
2017-06-21,121.26300048828125,123.4654407969351,121.17122630759818,122.997426082109,1084300
2017-06-22,120.84083557128906,121.86865298630639,120.79496249256266,121.26297711718799,780300
2017-06-23,120.822509765625,121.46488699304749,120.50131415052708,120.85921103457486,1038800
2017-06-26,121.15289306640625,121.59337836536788,120.69405012917844,120.8959421417807,948700
2017-06-27,120.9326171875,121.55665072823163,120.85920065313321,121.13450915631563,869000
2017-06-28,121.9604721069336,122.32755493360584,121.47409961402369,121.70352112965206,620400
2017-06-29,120.62979125976562,122.04303518236023,120.10671765406917,121.9512610045598,826300
2017-06-30,121.82276153564453,122.26324669612754,120.96013484440267,121.13449734617761,995800
2017-07-03,121.99714660644531,122.48351893675738,121.584190816924,122.22656804537641,715600
2017-07-05,122.30000305175781,122.96073801586299,122.1623417659502,122.30917486970147,970500
2017-07-06,121.29969024658203,122.48351265227913,121.26298897945644,122.11644396993256,768500
2017-07-07,121.70347595214844,121.85948084453184,120.78579023028873,121.2996919940865,886700
2017-07-10,121.18038940429688,121.90535488576553,120.84083620165973,121.71264874634979,767800
2017-07-11,121.03359985351562,121.73103613721365,120.62981579350968,121.29055080028735,607100
2017-07-12,122.08889770507812,122.42845093134191,121.6484124958497,121.7401866657096,819500
2017-07-13,121.18956756591797,122.15314032177059,120.99686141641071,122.09808142191137,576800
2017-07-14,121.79524993896484,121.9971419176867,121.07027037825287,121.39146598152114,542000
2017-07-17,121.29055786132812,122.04306710837929,120.94183269778956,121.86870452661002,1017700
2017-07-18,121.5474853515625,121.78609262907658,121.08864243668097,121.14370134602284,630300
2017-07-19,122.09806060791016,122.10723242206582,121.44649773084615,121.75850744537496,812200
2017-07-20,121.5474853515625,122.18986263184175,121.23547553010894,121.91456808513243,812700
2017-07-21,122.09806060791016,122.43759976767565,121.37308120929177,121.40061065452845,611500
2017-07-24,121.17121887207031,122.21738005490054,120.80415017741073,121.83195372467605,710700
2017-07-25,121.9604721069336,122.29083964954958,121.63010456431762,121.83199661829283,584200
2017-07-26,121.5474853515625,121.89621044776031,121.27217680207869,121.89621044776031,595400
2017-07-27,120.96934509277344,121.88703086406339,120.31778203393718,121.57500705971687,829600
2017-07-28,121.06108093261719,121.64839914806947,120.57470869182563,121.07943856512935,847800
2017-07-31,120.8316879272461,122.10727063252995,120.67568302116379,121.59336882360611,1392900
2017-08-01,120.61140441894531,120.78576691288205,116.71124785534394,120.29022287996146,1603400
2017-08-02,121.9604721069336,122.10730523760249,120.39123678159122,120.57477119353831,1046600
2017-08-03,121.70347595214844,122.05220100734245,121.35476489972729,121.96042683404733,899100
2017-08-04,121.9604721069336,122.28166782992454,121.45575597477361,121.76776587536148,628200
2017-08-07,121.088623046875,122.22655833456353,121.06109359661234,122.05219581438513,892800
2017-08-08,120.43707275390625,121.19875354275547,120.06081826734723,121.08862174012106,636800
2017-08-09,121.46490478515625,121.48326242370686,120.53804707859348,120.54721889648108,690600
2017-08-10,119.51020812988281,121.43735375484503,119.47350686207712,121.18957468814466,770300
2017-08-11,119.1247787475586,120.10670917012324,119.06054802985417,119.9598760971238,618700
2017-08-14,120.63893127441406,120.63893127441406,119.2991044022173,119.69370241083433,674800
2017-08-15,120.3544921875,121.02441293198868,120.18931545780667,120.36367800766607,824000
2017-08-16,121.51077270507812,121.80442486167105,120.61143059409929,120.61143059409929,678900
2017-08-17,119.51020812988281,121.28134886181824,119.50103631362461,120.6848447384857,727400
2017-08-18,119.40007781982422,119.89562189855747,119.05135279971138,119.62032741191202,720800
2017-08-21,119.66621398925781,119.97823778060399,118.95960605680207,119.44597837509936,559800
2017-08-22,120.65730285644531,120.8041359180867,119.6753865126079,119.87727847167194,506200
2017-08-23,120.0149154663086,120.55634658175669,119.88644004903666,120.40034171812437,471000
2017-08-24,119.60199737548828,120.4646243067436,119.30833118494405,120.01495320351326,701900
2017-08-25,120.25352478027344,120.6940239865972,119.99657391130398,120.29941186461201,470400
2017-08-28,120.63893127441406,120.69399015907986,119.7671189246448,120.22596163388411,745000
2017-08-29,120.09752655029297,120.23518781093645,119.73045786078953,120.18930072405529,573500
2017-08-30,120.19844818115234,120.25350707314244,119.72126178205806,120.09750221158046,605400
2017-08-31,122.32750701904297,122.4743400921987,120.53802269862184,120.74908648955035,1254900
2017-09-01,121.9145736694336,122.67624062058354,121.11617743908249,122.57530861734993,726100
2017-09-05,122.26327514648438,122.41010823506998,121.31805989322226,121.97879478908351,856900
2017-09-06,120.11588287353516,123.22683689238413,119.27161369468114,121.92372485527645,1968200
2017-09-07,120.70320892333984,120.78579728246372,119.77635133114443,120.3086107612322,999000
2017-09-08,120.32695007324219,120.55637150886248,119.73963175816517,120.3453077088683,716100
2017-09-11,119.14312744140625,120.66648895321816,118.91370603310102,120.66648895321816,1716400
2017-09-12,119.28076934814453,119.64785198667094,118.56497570648162,119.13395029550485,1154700
2017-09-13,118.76688385009766,119.21655489256327,118.60170714231812,119.05136418201094,747200
2017-09-14,120.22599029541016,120.24434792893123,118.57416735057348,118.67511333078208,1101700
2017-09-15,120.2627182006836,120.66650216395105,119.79468951472673,120.24436056523334,1208200
2017-09-18,120.12466430664062,120.96212608133607,120.06944951576732,120.6032158982407,886600
2017-09-19,120.31794738769531,120.66764579422868,119.98664455248102,120.52041101157187,652600
2017-09-20,120.3731460571289,120.9069124446979,119.85778928083306,120.51118303562995,833600
2017-09-21,120.5019760131836,120.72283516185358,120.17067324776072,120.4283516161543,1095900
2017-09-22,120.86087799072266,120.96210977448298,120.31791389710676,120.55718263944166,761900
2017-09-25,121.00818634033203,121.16463298453208,120.06949243270797,120.87013527138575,861800
2017-09-26,119.84857940673828,121.46828820710905,119.79336461443823,121.29343200321274,563000
2017-09-27,118.68902587890625,119.89459564444547,117.45584169618473,119.89459564444547,1054200
2017-09-28,118.96511840820312,119.25040420572373,118.48656678909975,118.67062078339501,586000
2017-09-29,118.35773468017578,119.31482393330627,118.2841102695626,118.96512553591923,858200
2017-10-02,120.2350845336914,120.32711853959893,118.14605021528465,118.33010418468194,1175000
2017-10-03,120.15229797363281,120.95294070119571,119.99585135114478,120.46519121860891,849600
2017-10-04,120.33631896972656,121.03574372820324,120.00501620055815,120.29951379200476,835600
2017-10-05,121.23821258544922,121.30262515986875,120.03262881574335,120.71364399377353,772200
2017-10-06,121.44986724853516,121.49588425195893,120.80567132785605,120.8976912922857,769100
2017-10-09,121.53269958496094,121.66153877986304,121.03575241674403,121.48668257769182,619200
2017-10-10,122.1216812133789,122.35175220814504,121.53270002847438,121.53270002847438,776500
2017-10-11,121.983642578125,122.47139195701673,121.04494900034024,122.33334093657899,677000
2017-10-12,123.23522186279297,123.24441964663028,121.87319156429686,121.87319156429686,679900
2017-10-13,123.40086364746094,124.1186839594748,123.18000450063685,123.52970283058092,888500
2017-10-16,123.73223114013672,124.06353407611044,123.42853561195872,123.61260372049699,949700
2017-10-17,122.01126861572266,123.77821241642798,121.7903953747266,123.44690957614442,1266700
2017-10-18,121.20142364501953,122.67388394935064,120.82410376120164,122.09410042262667,1102300
2017-10-19,121.23821258544922,121.4406761777712,120.51118040145155,121.07255417245001,626200
2017-10-20,122.2137451171875,122.2137451171875,121.33947793174681,121.67078080693116,622500
2017-10-23,122.0296630859375,122.66464724546054,121.84559505340631,122.0296630859375,686800
2017-10-24,121.75358581542969,122.67386988955626,121.66155179104881,122.47140626985477,710200
2017-10-25,121.92842102050781,122.25051196548362,121.13697629147693,121.82718922810555,1079000
2017-10-26,122.09408569335938,123.20763559500564,121.86401467621448,122.67386915013904,806200
2017-10-27,121.46826171875,122.29651150747436,120.85167326849232,121.95601100093019,923400
2017-10-30,120.48360443115234,121.33947602963806,120.39158443763519,121.1554079577591,1103100
2017-10-31,120.24429321289062,123.07876920316629,118.85465558911031,121.25659703929219,2009300
2017-11-01,120.80567932128906,121.2198042946689,118.86387960463185,119.71973694678893,1269200
2017-11-02,120.77806091308594,121.12775923703971,120.03261917807065,120.87929270111881,1144000
2017-11-03,120.90689849853516,121.85478975469049,120.4099373484161,120.76884749353881,1869800
2017-11-06,121.39468383789062,122.296558359946,120.70447073539057,120.74127592219178,710600
2017-11-07,120.51117706298828,121.56951200124713,120.16147872064401,121.09096042879601,958500
2017-11-08,119.99584197998047,120.87932088538855,119.7381635580741,120.51119882379318,1012100
2017-11-09,119.86700439453125,120.25352203263232,119.18598910316024,120.03264879267985,825400
2017-11-10,119.91302490234375,120.21672035022,118.94672375772323,119.47129245198803,1298400
2017-11-13,121.14617919921875,121.29342800210775,119.45286009325154,119.83937766902109,1072600
2017-11-14,120.92530059814453,121.44986916911871,119.85778193088815,120.72283701381254,1359800
2017-11-15,119.84857940673828,120.8793070185431,119.74734760671511,120.74125599537376,1104500
2017-11-16,121.46826171875,121.9652087835014,119.96819465709234,120.11544343272836,1423100
2017-11-17,120.97134399414062,121.43148605120652,120.40997012282338,121.09098542255254,1425200
2017-11-20,121.59710693359375,122.12166141455987,120.62160832072388,120.81486006124204,1222400
2017-11-21,121.89160919189453,122.62783917742857,121.6155211920169,122.04805578192743,1247300
2017-11-22,122.38854217529297,122.9591136123494,121.68911753124623,122.26890079303955,1331200
2017-11-24,122.26891326904297,122.90391137438812,122.08485930692976,122.66462858546548,281900
2017-11-27,122.222900390625,122.94072069677138,122.020436812746,122.37014918224929,880200
2017-11-28,123.5481185913086,123.5481185913086,122.83029824355704,122.83029824355704,1827900
2017-11-29,124.23834991455078,124.30277654005351,122.98676301297404,123.56654647281651,897600
2017-11-30,125.08499908447266,125.87644388293977,124.37637647548691,124.4500008802768,1453200
2017-12-01,124.13711547851562,125.7292029600086,123.28125804868388,125.57275635592389,1019100
2017-12-04,126.31817626953125,126.80592566414838,124.30276611338357,124.68007187960593,1509100
2017-12-05,126.46543884277344,126.96240011858741,126.17095523398297,126.47463662846596,1154400
2017-12-06,125.96849060058594,126.59427704076725,125.72920775028771,126.34579640485019,1018100
2017-12-07,125.08499908447266,126.10651488200091,124.73528667232551,125.63717509918716,938100
2017-12-08,124.54205322265625,125.69240838723142,124.31198218974122,125.69240838723142,862500
2017-12-11,123.93463134765625,125.15861062191661,123.74137959206762,124.97455665007385,1488800
2017-12-12,124.10033416748047,124.14633714509216,123.09721368344772,123.96228310737652,1143600
2017-12-13,124.23834991455078,124.9193651841686,123.82422488998638,124.24754770001378,801000
2017-12-14,123.6585693359375,124.67088745727783,123.64017376458285,124.23835280928886,977900
2017-12-15,124.41320037841797,124.68928839615921,123.58493632519423,123.98066576052133,1462900
2017-12-18,125.39164733886719,125.81627190595911,124.79164875496225,124.93010563274491,1475700
2017-12-19,124.69934844970703,125.77935447021137,124.46857757134791,125.65012334173572,868500
2017-12-20,123.76702117919922,125.34548587003043,123.71163843006613,124.99472376380938,1326800
2017-12-21,123.24082946777344,124.50546299381378,123.14852960146901,124.2470008319511,1570100
2017-12-22,123.66549682617188,123.86857632167622,122.97318420562608,123.46241733066753,655600
2017-12-26,123.4162826538086,123.92398148436637,123.2501343557018,123.68398480316581,324300
2017-12-27,123.7855224609375,124.21013305007095,123.28704940482947,123.6839826965554,710300
2017-12-28,124.18241119384766,124.26548532110019,123.51779000555706,124.17318543030909,862100
2017-12-29,123.85931396484375,125.08701647906629,123.85931396484375,124.64394042626982,613900
2018-01-02,124.15471649169922,124.43164432692328,123.14855897268211,123.87778865647516,940700
2018-01-03,124.95781707763672,125.0685966827901,123.69319710699571,124.36704416232223,764500
2018-01-04,125.97319030761719,126.29627512547175,125.12395528612863,125.2808777709014,723200
2018-01-05,126.62859344482422,126.71168166825204,124.80089197674201,125.44704763867642,1048900
2018-01-08,126.18549346923828,126.46242129640328,125.5762550665022,126.13011072083216,1099900
2018-01-09,126.1485824584961,126.84089501746395,125.88088038135288,126.11165123434216,887400
2018-01-10,124.72704315185547,126.0193685561847,124.27474123270669,126.0193685561847,881000
2018-01-11,126.49009704589844,126.51778841668092,124.71777889015652,124.87470135296812,1563400
2018-01-12,127.09014892578125,127.4963079814235,126.4901501932161,126.87784363220045,1267000
2018-01-16,126.48094940185547,128.01325784369823,126.10248165390011,127.76403535272979,1133700
2018-01-17,126.85933685302734,127.22857864068312,125.77010527099424,127.16395604591811,1131700
2018-01-18,127.70858001708984,128.37320111900559,126.60086879047472,126.72087412655581,911500
2018-01-19,129.0009307861328,129.20401030130125,127.72707093373768,128.51169761371915,1068300
2018-01-22,129.5455322265625,129.6286063593451,128.60399721808756,129.03783349544202,1543100
2018-01-23,127.1639633178711,129.69321688869778,125.9178091867474,129.69321688869778,2388000
2018-01-24,126.74856567382812,127.6070404671276,126.0931844184798,127.16395034181603,2012500
2018-01-25,127.68090057373047,128.10551104315397,126.70242035411992,127.36704151812896,1319800
2018-01-26,127.52396392822266,128.2808990643393,127.08088784752259,128.01319699517234,1189200
2018-01-29,126.92398071289062,127.67167609110474,126.43474758677183,126.96089785527437,1109800
2018-01-30,126.99785614013672,127.6163205240692,126.53631429375672,126.53631429375672,1019000
2018-01-31,127.09014892578125,127.92093265372364,126.62860710530387,127.2840026878427,1738700
2018-02-01,127.83784484863281,128.0593758843055,126.46244529990422,126.73937317963215,1556300
2018-02-02,126.51781463623047,128.58552662234163,126.37935775362428,127.1362788537641,1641100
2018-02-05,121.89318084716797,127.47783892419038,121.89318084716797,126.11166518209983,1862600
2018-02-06,121.60700988769531,122.55778464491033,118.74544576773859,120.37006745037691,2828200
2018-02-07,122.88084411621094,125.01316428086017,120.86852928753821,120.86852928753821,2052300
2018-02-08,117.93315124511719,123.36087975023096,117.84084430260297,122.98241213058395,2457200
2018-02-09,118.63471221923828,119.81625814029923,116.06853380888312,118.96702288985783,2224200
2018-02-12,120.14852142333984,120.95159935845543,119.08696721512011,119.29928650784377,1551400
2018-02-13,119.3916015625,119.97314860193767,117.40697792001679,119.16083071639103,1385600
2018-02-14,119.81623840332031,120.37931988897259,118.24699930588915,118.597761450052,1339800
2018-02-15,121.63471221923828,121.63471221923828,120.30546977500732,120.62854053692108,1447200
2018-02-16,121.37628173828125,122.68705891237386,120.87780864868263,121.12704519348195,1301800
2018-02-20,121.58854675292969,123.17625133006635,120.13007328857694,121.37624151445644,1390400
2018-02-21,119.90856170654297,122.33627623769637,119.8439531746655,121.9208914080477,1597200
2018-02-22,119.4931640625,121.26548280804013,119.20701041243211,120.48087023287611,1332600
2018-02-23,120.77622985839844,120.88700944537509,119.37315321795442,120.17623127657626,1529500
2018-02-26,121.83776092529297,122.04084036324849,120.78544660367442,121.13620865412571,1100600
2018-02-27,121.00701904296875,122.23472185320294,120.97932766331316,121.84702845288749,908900
2018-02-28,120.41624450683594,121.89318379913665,120.40701874212121,121.33932804323965,1314400
2018-03-01,118.81006622314453,120.97930368194163,118.22851919538112,119.9085235970591,1309300
2018-03-02,118.02545166015625,119.13314899420136,117.44391161616774,118.35776226888336,1204600
2018-03-05,119.9546890258789,120.37007375274801,117.50852356810003,117.50852356810003,1186600
2018-03-06,120.93313598632812,121.51468296258756,119.41005420152777,120.26851489492681,933900
2018-03-07,122.58552551269531,122.9455276138327,119.9085741714196,120.13934511022921,2000000
2018-03-08,124.00702667236328,124.07164927440519,122.58548436393262,122.9454863442267,1887900
2018-03-09,124.5331802368164,124.57009737398226,123.46240015225989,123.63778824535001,2136600
2018-03-12,126.25934600830078,126.66550495690298,124.36702222602321,124.61625868723543,1450200
2018-03-13,126.30553436279297,126.9332244682377,125.53937326222602,126.52707950390553,1403600
2018-03-14,125.82546997070312,127.13624643732494,125.58547340700008,126.80393591866505,1536700
2018-03-15,126.18549346923828,126.38857293681698,125.46548956968995,125.89933987905042,1259900
2018-03-16,127.45939636230469,127.79170705086923,126.18553637528407,126.31476752721811,1852400
2018-03-19,126.3576431274414,127.84823434173111,125.95954184685338,127.20015427618904,1333700
2018-03-20,126.49651336669922,126.84832015025101,125.33922261022158,126.35762999967125,1160700
2018-03-21,126.30208587646484,127.59826003663599,126.0336006292844,126.48724957732219,931200
2018-03-22,124.17266845703125,126.19099094695213,123.99675799608805,125.45032201370515,1093600
2018-03-23,122.44133758544922,125.11699271504988,122.44133758544922,124.57075497756901,1289900
2018-03-26,124.74671173095703,124.84855390009997,122.78393666448278,123.70051618676925,1790400
2018-03-27,124.96887969970703,126.85758610440506,124.23747816567834,124.91333200434842,1397100
2018-03-28,125.27438354492188,126.57055742008716,124.95035067144184,125.48732104773238,1224400
2018-03-29,126.90382385253906,127.70002596634144,124.93179678600424,125.84836160402232,1319200
2018-04-02,124.03378295898438,126.8390543446147,122.94129324701328,126.57056913162657,1112000
2018-04-03,126.7464599609375,127.22789680270115,124.04303083378878,124.67260426180007,1611000
2018-04-04,128.57037353515625,128.7092569066932,124.88556360248353,125.24663776514386,1525400
2018-04-05,130.77381896972656,131.3478305040076,128.80179155061467,129.22768064600672,1666100
2018-04-06,129.4129180908203,131.4590149597539,128.69076957874694,130.09803950382593,1791800
2018-04-09,129.8480682373047,131.3849542892958,129.54254167561325,130.1998892708444,1470500
2018-04-10,131.13494873046875,132.06078147048254,130.15356828638798,130.95903824953228,1319100
2018-04-11,130.21836853027344,130.67203165618625,129.47771364392347,130.2368891405581,1047100
2018-04-12,130.89419555664062,131.53302220383767,130.26462214814137,130.792353422637,921700
2018-04-13,130.7090301513672,131.5885823588686,130.37574400168242,131.56080851306152,847900
2018-04-16,136.06033325195312,136.14365477594225,130.81085120734056,131.75520419379396,3491100
2018-04-17,137.08799743652344,137.49535178770313,135.07892888446284,136.8194981544523,1550900
2018-04-18,138.7267608642578,139.3007867135878,136.89361617312235,137.4028269559614,1416100
2018-04-19,137.93052673339844,138.85635926587918,137.4768778338162,138.85635926587918,1129000
2018-04-20,137.53240966796875,138.1064212512567,136.6621249274472,137.74534717030434,1160600
2018-04-23,138.08790588378906,138.5230482705515,137.22688847620523,137.22688847620523,1334300
2018-04-24,135.40301513671875,138.54158702506086,134.14388225993667,138.31938211959906,1538400
2018-04-25,134.40313720703125,135.19935392873083,133.0792031694734,135.19935392873083,1845800
2018-04-26,135.3381805419922,135.93072687103646,134.0790619740192,134.96785321342156,1021400
2018-04-27,135.82888793945312,136.1806946717662,133.92166118380416,135.10672561567236,1196800
2018-04-30,134.0327606201172,137.01394208087567,133.70871362900294,136.4491837513014,2107700
2018-05-01,136.2177734375,136.5418064152066,125.91325068095702,125.91325068095702,1998400
2018-05-02,133.54205322265625,135.9584760398008,133.0698697182789,134.78266508800476,1641500
2018-05-03,133.48651123046875,134.34754272518944,132.31996746967596,132.7736304401917,1432100
2018-05-04,134.60678100585938,135.5881611546685,132.57920565493976,133.0791630952915,949900
2018-05-07,134.9770965576172,135.74553912879827,134.58824865299803,135.10671252582358,999600
2018-05-08,134.69935607910156,135.5974146047148,134.30124081545037,134.86599912406197,1126000
2018-05-09,136.078857421875,136.3843838433092,134.45865054059487,135.10673046769037,1397200
2018-05-10,136.7084197998047,137.0231994350342,136.0047781127249,136.53250937803475,779600
2018-05-11,136.23622131347656,136.89356848178505,135.9584829169464,136.7084048417382,730900
2018-05-14,135.44003295898438,136.79175465234545,135.09747944769586,136.5047488318515,1364500
2018-05-15,135.36598205566406,135.44930359386643,134.74566182126836,135.217845458582,1208900
2018-05-16,136.7547607421875,137.40284083714383,135.4678537939576,135.8196606300273,1101300
2018-05-17,136.1621856689453,137.23614057804195,135.94923403321673,136.49547179008826,940600
2018-05-18,136.86582946777344,137.18986238853583,135.9955445983203,135.9955445983203,1020700
2018-05-21,137.02320861816406,137.61574084710526,136.62510742817855,137.28244058538317,711300
2018-05-22,135.64370727539062,137.43057125144395,135.52335866320738,137.30095527342056,911400
2018-05-23,134.82901000976562,135.39376847739896,134.2364776934851,134.69939400705067,1016200
2018-05-24,134.6808319091797,135.4029800057104,134.4956682662119,134.72712635169174,913000
2018-05-25,133.9772491455078,134.8290134891991,133.51433281999613,134.273508247751,932200
2018-05-29,131.2367706298828,133.47728381946033,131.0886340238568,133.02362076116225,1613400
2018-05-30,133.34765625,133.91241465026977,131.87558593894843,131.91261302369983,1057300
2018-05-31,132.032958984375,133.6161386025556,131.7181793592195,133.3198654538813,1042700
2018-06-01,132.94960021972656,133.32918094395626,132.66258017528224,132.91255899530697,766700
2018-06-04,133.5605926513672,133.92166676476353,133.2828542003569,133.57911325712885,573900
2018-06-05,133.8846435546875,134.10684844900888,133.32913838242573,133.32913838242573,1115200
2018-06-06,135.70851135253906,135.80108611387905,133.2828350483851,134.22717390028998,1509700
2018-06-07,135.0511932373047,136.07886796096315,134.42163386710584,135.66224612749815,834000
2018-06-08,135.3474578857422,135.85666859537778,134.63456289225232,135.05118469937852,743600
2018-06-11,134.5234832763672,135.5974525121745,134.47718881968703,135.03269404567968,1015900
2018-06-12,134.29197692871094,135.5511094123083,134.04199825401184,135.05115206291012,868000
2018-06-13,133.9772491455078,135.0789781334741,133.56988051872392,134.24573439838713,657200
2018-06-14,134.6160430908203,134.8752750668962,133.70873117455477,134.53272155431375,785500
2018-06-15,135.6992950439453,135.72706889261383,133.3384190175288,134.76419504848965,2301700
2018-06-18,134.5573272705078,135.38364341193795,133.94457435483648,134.8358590503847,746400
2018-06-19,134.24160766601562,134.7800984345475,132.8953878280403,133.4803029013387,1416900
2018-06-20,133.36892700195312,134.76157161735833,133.20181644812703,134.25094659174732,716900
2018-06-21,131.4285125732422,133.53605206328038,130.90859418217158,133.05326462869468,1134100
2018-06-22,128.93104553222656,130.64864637873043,127.75194985206195,129.6552196638937,2700900
2018-06-25,128.51319885253906,129.83156693135655,127.77045248183254,129.0516896171336,1128500
2018-06-26,128.51319885253906,130.02654334326664,128.4296436045956,129.13524486507706,1178100
2018-06-27,128.42970275878906,130.30513502113,128.42042356031317,129.16315610641055,1825300
2018-06-28,130.05441284179688,130.31437198201587,128.62462340388183,128.62462340388183,1057200
2018-06-29,130.2864990234375,131.53059101581258,130.24007472023072,130.37933346314273,1405200
2018-07-02,130.20294189453125,130.28649713906998,128.7267284074731,129.74800639641796,950300
2018-07-03,129.95230102539062,131.58633213177563,129.75732456286428,130.9271550045976,441700
2018-07-05,130.66720581054688,131.10356891868818,130.22154933837268,130.39795325443578,778400
2018-07-06,131.61416625976562,132.04125008076988,130.37007407835608,130.83428884754267,664900
2018-07-09,131.8834228515625,132.32906507713085,131.5491876407085,131.8555710978839,621500
2018-07-10,132.68190002441406,132.7747345001218,131.8834498664154,132.08770554637184,519000
2018-07-11,131.78126525878906,133.13676418726513,131.4656026772763,132.07835528647527,523200
2018-07-12,132.4497528076172,132.6447150647519,131.95768631733114,132.4590320023871,543400
2018-07-13,132.91397094726562,133.1367849611199,132.40333188766635,132.62616006823058,670900
2018-07-16,132.4126434326172,133.14611085197524,132.1248324832666,133.0068378925804,690000
2018-07-17,133.4338836669922,133.76811884061934,132.03196027670822,132.21764333612123,663700
2018-07-18,133.69384765625,134.21376590823962,133.2482054640746,133.69384765625,770200
2018-07-19,131.74417114257812,133.33179219160382,131.6791884290953,132.9047082885371,1149000
2018-07-20,130.8249969482422,131.48417392311904,130.51861353032555,131.17779050520238,1027800
2018-07-23,130.29580688476562,130.98284988994587,129.70161250642727,130.8528703123941,877800
2018-07-24,130.5464630126953,131.47489244478427,130.20294865616924,131.0199569230455,899900
2018-07-25,131.4656219482422,131.55845639756768,129.79444602657532,130.5928959576656,1238600
2018-07-26,132.4869384765625,132.87687731860402,131.82776120789066,131.9577408219045,919100
2018-07-27,130.8621826171875,132.81189094046175,130.28656065192453,132.50550739442065,1006400
2018-07-30,130.66720581054688,132.338367997703,130.47222933313148,130.7878920425531,1390000
2018-07-31,130.6300506591797,132.62618293325772,129.52521709431025,130.51864363304574,2095900
2018-08-01,134.34378051757812,134.8822714666752,131.14070074856647,131.27995954285296,2380800
2018-08-02,135.86639404296875,136.62771316978615,133.48033716592232,133.98168295265364,2127000
2018-08-03,136.59056091308594,136.6648369825565,135.83853518892505,136.29347080191536,1077300
2018-08-06,137.56539916992188,138.14102093433635,136.0149235840205,136.06134789298846,1155700
2018-08-07,138.2989044189453,138.6238463375861,137.10122208534776,137.5561577715016,1090200
2018-08-08,137.7974853515625,138.53095248698563,137.156866819793,138.24312748234252,963500
2018-08-09,137.259033203125,138.29888402287648,137.11048106220167,138.20603539312143,891500
2018-08-10,136.34915161132812,137.09189801566092,136.20989285845107,136.88764240030167,838300
2018-08-13,135.5229034423828,137.45403918912982,135.26294422327408,136.3863363844122,983500
2018-08-14,136.5162353515625,137.00831590424704,135.48567828217895,135.64352372677408,777500
2018-08-15,135.61573791503906,136.38632212681048,134.62231130059155,136.1170837375632,798900
2018-08-16,136.19134521484375,136.72054273928762,135.68998527935804,136.04279307346192,649800
2018-08-17,136.76699829101562,136.88769870429456,135.92212373149346,136.34920769383146,830200
2018-08-20,137.67678833007812,137.93676159325457,137.07331489185734,137.28684968537584,607300
2018-08-21,137.47256469726562,138.15031427461994,137.0826118353636,138.0388930997722,545700
2018-08-22,136.65553283691406,137.46326192403123,136.61838772560458,137.42613097943087,476300
2018-08-23,136.627685546875,136.77623766354404,135.96849438334968,136.47913343020596,564500
2018-08-24,138.27102661132812,138.63312778963348,136.6741405816036,136.9340997608643,757800
2018-08-27,139.0973358154297,139.24587379150296,138.4288653396078,138.4288653396078,694900
2018-08-28,138.80020141601562,140.14642127199303,138.57737325018203,139.26441613647052,696600
2018-08-29,140.07223510742188,140.20221474589474,138.586755548692,139.0416771999879,617400
2018-08-30,139.3758544921875,140.21144967702017,138.93949142345215,139.9329179487426,674800
2018-08-31,139.71009826660156,140.2485891963739,138.86523800039356,139.11590382111365,942100
2018-09-04,139.858642578125,140.50854050289033,139.45013126349758,139.8307908218288,1018600
2018-09-05,141.55764770507812,141.6040720136519,139.56152993679626,139.71006789083833,1015300
2018-09-06,142.2354736328125,142.62541253408438,141.4277440635149,141.4277440635149,870000
2018-09-07,142.37466430664062,142.5974783118318,141.00057849665137,141.78047001494858,873900
2018-09-10,142.8296356201172,143.21029523436584,142.36542072470596,142.7925046618386,839700
2018-09-11,143.81370544433594,143.9622575452998,142.22609913624737,142.64388952433868,754800
2018-09-12,144.57501220703125,145.11350290281533,143.59087941245264,143.88796942274672,763400
2018-09-13,145.3363800048828,145.49422552167653,144.0922875983318,144.83503419678613,906200
2018-09-14,145.87489318847656,145.977021038428,144.8721872526028,145.44782339174517,726800
2018-09-17,145.43740844726562,146.33102509120636,145.1302232872296,145.9679906663966,657700
2018-09-18,145.81900024414062,146.2472014681128,144.59027422555968,145.6514525067878,684500
2018-09-19,146.9174346923828,147.140845900383,145.78178590832502,146.05172868968702,789700
2018-09-20,148.1927032470703,148.37887214763134,147.1594495146134,147.23391991559316,983500
2018-09-21,148.37887573242188,148.8629262485964,147.79244439167545,148.8629262485964,2139700
2018-09-24,147.0570526123047,148.14615558065537,146.38683321581559,148.00653245796033,866200
2018-09-25,146.44273376464844,147.65283901127913,146.02383588289774,147.44804891026592,754600
2018-09-26,146.00518798828125,146.86157625974286,144.8229935009938,146.35890462411308,848400
2018-09-27,145.98654174804688,147.0197952617337,145.6607355882153,145.97723827631046,539600
2018-09-28,145.9399871826172,146.71260140336474,144.91603720240408,145.67934795197618,1153700
2018-10-01,146.51715087890625,147.11289986729057,145.6700802730775,146.6754093541841,530700
2018-10-02,146.34962463378906,146.8243575180355,145.69802630135914,146.7592047866817,732300
2018-10-03,145.3163299560547,147.18735054296937,145.13016108533958,146.74984588471293,891600
2018-10-04,145.3163299560547,145.53042344718835,144.16206023158196,144.86020414959444,885600
2018-10-05,146.69406127929688,146.8802302320406,145.21399892988043,145.4653348281638,935400
2018-10-08,146.4892578125,147.1687950235328,146.19139035602726,146.69404790297847,1128200
2018-10-09,144.24591064453125,147.0105486873575,143.85493738213106,145.7073518252919,966700
2018-10-10,140.38278198242188,145.20463687479045,140.2710834965934,144.32030984939885,1657900
2018-10-11,135.8588409423828,140.28973798352197,135.7657635833321,139.88946130789128,2256500
2018-10-12,135.88671875,138.10216650722552,134.30426215359893,137.5343422586834,1491900
2018-10-15,136.23118591308594,137.7577937192415,135.61681571939738,135.7285142259671,938600
2018-10-16,138.20458984375,138.26043909214295,135.6074861632678,137.09686573803566,1159800
2018-10-17,138.25111389160156,138.9399401185627,137.18993572757785,137.86015501051642,1271500
2018-10-18,137.30166625976562,139.34024920429465,136.7338418514894,137.76709563691736,951900
2018-10-19,138.279052734375,138.83755939175404,137.67398610082827,137.84154804068487,913400
2018-10-22,136.8362274169922,138.91203831843745,136.14738687309816,138.6048532463135,931800
2018-10-23,137.75778198242188,138.46522947005224,134.97450939937866,136.11015813200657,1559100
2018-10-24,137.45059204101562,139.6101767289144,137.21787737788392,138.60484767973233,1584000
2018-10-25,139.72190856933594,140.90408899329907,138.08358802600296,138.2883780939196,1836100
2018-10-26,137.1527557373047,139.01447365703066,136.2963671986844,138.45596680338116,1936400
2018-10-29,136.42666625976562,140.21526847145716,134.54632746805575,138.95860338411407,2317700
2018-10-30,138.69790649414062,139.4984453145396,128.17920336221977,128.17920336221977,2967200
2018-10-31,142.56097412109375,143.287042617479,139.55430513202296,140.5689374918724,2396300
2018-11-01,142.17007446289062,142.9613102018499,141.12751705005158,142.67274621820906,1564500
2018-11-02,143.90145874023438,145.17674495708232,141.7046314001577,143.3988012369985,1269400
2018-11-05,145.18606567382812,145.74458670266654,143.92940046083157,144.23658560631472,829800
2018-11-06,146.02378845214844,146.31235235426982,143.88282497043164,145.35356910358087,1144900
2018-11-07,149.2910919189453,149.4493361607048,146.5822902542872,147.05702297956572,1259200
2018-11-08,148.45333862304688,149.50521347887803,147.7738157622683,148.94669258818732,1000300
2018-11-09,148.31373596191406,148.71399843256287,146.7312788250278,147.978626222027,736200
2018-11-12,147.07565307617188,149.38417833727266,146.6474518871754,148.47194092183173,1060100
2018-11-13,146.6288604736328,148.0623765640217,145.71660875779116,147.04774403094427,723900
2018-11-14,146.07034301757812,148.09962233506124,145.13018085991254,147.31769024547734,816200
2018-11-15,147.36422729492188,147.71795811917534,144.81368374169583,145.48388888715033,856500
2018-11-16,148.34161376953125,148.63017763706569,145.6700543721688,146.31233481743556,986600
2018-11-19,149.21665954589844,149.5517692619837,146.65679799917888,148.29510427571958,1225500
2018-11-20,145.26980590820312,148.5557359706595,144.30171911347136,148.03445737320573,1791600
2018-11-21,144.30165100097656,145.16734236231974,143.35217160162455,144.26440871657934,1143600
2018-11-23,142.64480590820312,144.51582696031969,142.55171434781255,143.38017810168836,704500
2018-11-26,144.0504150390625,144.99057741642528,142.33763806882988,143.9107918853184,1251800
2018-11-27,143.30569458007812,144.4971925843974,142.76579482753084,143.33361920488431,1159300
2018-11-28,145.44667053222656,145.55836902998686,143.33361732567698,143.67804470006524,1301200
2018-11-29,147.43870544433594,148.30441140086344,145.63283733636192,145.63283733636192,1025700
2018-11-30,149.39352416992188,149.79378660997116,147.36424473246979,147.36424473246979,2510600
2018-12-03,148.4905548095703,151.64616461831392,146.50782162047318,151.1434930643413,1406400
2018-12-04,145.90277099609375,149.4027939529092,145.70728445527988,148.05305192617664,1263800
2018-12-06,146.6567840576172,146.74055792773046,142.55169397675692,144.81368789624608,1408100
2018-12-07,143.41741943359375,147.0198383765595,142.42139371853315,146.58233361249447,877500
2018-12-10,143.9107208251953,144.40407466318945,141.3508601095088,143.05431855917303,871100
2018-12-11,144.53443908691406,146.31236846760754,144.2831032525778,145.61422441961122,1016200
2018-12-12,144.18997192382812,146.9173946382836,144.05965230563464,146.47989001925413,1189600
2018-12-13,144.32032775878906,145.74455464871542,143.1660720519249,144.4878897121002,1017200
2018-12-14,143.7897491455078,144.19932925927256,142.70064613596628,143.3615478800873,1052700
2018-12-17,139.70968627929688,143.5936264618991,138.77604763422107,143.17349192085402,1306200
2018-12-18,139.1028594970703,141.20354694138865,138.05717428181688,140.41927946839894,1198900
2018-12-19,137.63706970214844,141.44631880933002,136.73143866644537,139.56036390293585,1144700
2018-12-20,136.04055786132812,138.14124581057146,134.0145485025113,137.5530486259987,1394700
2018-12-21,134.4066925048828,139.11222734958685,133.89318814529156,135.76979762721356,2722400
2018-12-24,128.748779296875,133.86512995859317,128.748779296875,133.86512995859317,850600
2018-12-26,133.35162353515625,133.35162353515625,126.76013628091455,129.03821709600925,1492200
2018-12-27,135.2842559814453,135.2842559814453,130.75611636389374,131.88581133034825,1039000
2018-12-28,134.78945922851562,136.58204441702247,134.23861563205688,135.7604517761656,841800
2018-12-31,137.57168579101562,137.78641873062645,134.89213269087236,135.25625126073325,1199400
2019-01-02,135.30291748046875,136.60067469197696,134.01449152724626,135.84442963115362,1429900
2019-01-03,132.14727783203125,135.70445492829168,131.92321355561987,135.06024164120353,1238600
2019-01-04,136.9368438720703,137.96385257143592,133.12759466833512,134.20128817152678,1238600
2019-01-07,137.33828735351562,139.0375027368733,136.4980037990693,136.85279113847102,871400
2019-01-08,139.009521484375,139.17758392611444,137.39432987149937,138.26260737418107,1092400
2019-01-09,138.84146118164062,140.24191967380636,138.0852016290627,139.60703774933364,902700
2019-01-10,139.70040893554688,139.803109795988,137.78644612525372,137.78644612525372,957200
2019-01-11,139.6444091796875,139.72843328089536,138.52403084544002,138.8508102339626,703900
2019-01-14,138.88816833496094,140.43801289380235,138.47737903581404,138.93485314624252,1241400
2019-01-15,140.0738525390625,140.12986859747443,138.17856658305843,138.17856658305843,588500
2019-01-16,140.2886199951172,141.10089578035044,139.70043699101447,140.4940217572494,623200
2019-01-17,142.3986358642578,142.66005366584864,140.26993991061713,140.5873737773772,1064300
2019-01-18,144.24722290039062,144.89143607817277,142.5946779112365,143.4629695736125,1202000
2019-01-22,142.77207946777344,144.32192368436594,141.6330387058152,143.90178896801766,956000
2019-01-23,142.8187713623047,143.52833193524216,141.20357974108813,143.16421326349504,686300
2019-01-24,141.83837890625,142.9774191741135,141.14748119168192,142.40789904018175,793500
2019-01-25,143.67767333984375,144.78870578333004,142.76271131128928,142.76271131128928,722000
2019-01-28,144.69540405273438,144.70474956261637,142.94950324929277,142.98684255020848,708600
2019-01-29,144.72341918945312,145.5823656146911,144.37797721577178,144.7794495128814,887600
2019-01-30,146.4692840576172,146.8520652026784,144.77939982570825,145.2742273329678,729700
2019-01-31,147.67367553710938,148.32721997289593,145.264885262753,145.8904216688773,2186600
2019-02-01,148.4112548828125,148.92474491223635,147.50562395476692,147.97244343329763,1221900
2019-02-04,148.61668395996094,148.93413212136014,146.68405818572697,148.40195092864693,852000
2019-02-05,148.1311492919922,151.60428709276968,147.82304674961046,150.41856171685185,2036400
2019-02-06,148.60728454589844,149.00875663375922,147.68297701484929,147.72033054433268,1142600
2019-02-07,148.08450317382812,148.51398344252186,146.76806857970885,147.78573181365812,698700
2019-02-08,148.60728454589844,148.62596131064012,146.75868372999753,147.5802904242634,747200
2019-02-11,149.47560119628906,149.83971981597352,148.46726942342445,148.8127112752226,827900
2019-02-12,151.60427856445312,151.8283427672544,149.48491442037005,150.2971756479208,915200
2019-02-13,151.85635375976562,152.9113702225627,151.5202432027983,152.11777149894039,965700
2019-02-14,150.88540649414062,151.68833664195347,150.15716917940352,150.90408326395988,805600
2019-02-15,152.63128662109375,153.29417652248435,151.44557545020254,152.5099232489344,1209400
2019-02-19,156.20712280273438,157.1501072136671,152.64996085665913,154.05041921314225,2009800
2019-02-20,154.3211669921875,155.6002619682888,153.63961458642194,154.66662307143773,1774900
2019-02-21,156.00180053710938,156.12317821525806,154.2558994558326,154.2558994558326,1083800
2019-02-22,155.92706298828125,156.3005271808548,154.9280765463268,156.3005271808548,858400
2019-02-25,157.05679321289062,157.30887979521597,155.6656656244482,156.58064233179087,971300
2019-02-26,157.05679321289062,158.18648870908933,156.6553209339129,156.85139144154465,823400
2019-02-27,157.3087921142578,157.71024992326636,156.11373569954907,156.74860318715224,725900
2019-02-28,157.70095825195312,158.0464001042056,156.91670495409355,157.37417892141173,1500000
2019-03-01,158.8679962158203,159.334815658688,157.71961012910265,158.4852008535811,1717400
2019-03-04,158.32650756835938,160.31516325038507,156.86068746093926,159.69895807479952,1338400
2019-03-05,159.20413208007812,159.75497569109643,158.223808245055,158.223808245055,787000
2019-03-06,159.0267333984375,160.56723205788992,158.7186308173069,159.53089219270538,1070400
2019-03-07,158.34518432617188,159.4655483068446,157.64495505747632,158.71863423766249,861800
2019-03-08,158.31715393066406,158.46652532643898,156.8980188243103,157.7009488421711,782000
2019-03-11,158.91470336914062,159.6149326319666,157.8690179825706,158.98005069231328,1509900
2019-03-12,159.64297485351562,160.08178642522955,158.58795797945396,159.32552669260068,942400
2019-03-13,161.631591796875,162.09841133348445,159.8670145183393,160.1937938924466,971500
2019-03-14,162.07977294921875,162.45322293564675,161.35153550334147,161.35153550334147,1059200
2019-03-15,162.89198303222656,163.3681337513921,161.75294241348615,161.75294241348615,1545100
2019-03-18,163.95916748046875,170.54937005143182,162.60181492113315,170.53999983792488,1272200
2019-03-19,163.8655548095703,164.70804550709423,163.43493924790315,163.8561845966651,1079600
2019-03-20,163.32260131835938,164.4459269433365,162.64860308660104,163.95914726843097,739400
2019-03-21,164.58633422851562,164.7361004878982,163.16344763544035,163.40683030531346,864600
2019-03-22,162.30224609375,164.24935048613634,161.82482235306762,163.50981791223464,831000
2019-03-25,162.9668426513672,163.42554016289898,161.51587413646936,162.2741327046401,811200
2019-03-26,164.14639282226562,164.87655524924477,162.67669775522975,163.76258546648234,959300
2019-03-27,164.04339599609375,165.40074829076084,162.95750844681638,164.35231302048436,828800
2019-03-28,164.7080535888672,165.5599145410948,164.21191793182513,164.64253351462145,793200
2019-03-29,165.26036071777344,165.46630544686846,164.09022670421652,165.2884570752523,1031400
2019-04-01,167.2542724609375,167.32916275133724,165.85011165463257,166.1403026025176,1009900
2019-04-02,166.7581329345703,167.32915888730244,165.91564218378744,167.32915888730244,634900
2019-04-03,169.8566436767578,170.8863672805582,166.8891856525391,167.32915716653912,2009400
2019-04-04,170.89572143554688,170.92380350773513,168.6958781722516,169.55709504836832,1377100
2019-04-05,170.10003662109375,171.6914159203477,169.32306597202933,170.89571912878995,889900
2019-04-08,169.66004943847656,170.1655409681885,168.65840802364372,169.71621357690452,685200
2019-04-09,169.90341186523438,169.94084985843364,168.2558687711545,169.0890033874589,860600
2019-04-10,170.9144287109375,170.93315485161637,168.43373643188156,170.0064037201239,688700
2019-04-11,171.2888946533203,171.46675731005777,170.21237706677397,170.6991568193403,610900
2019-04-12,173.26405334472656,173.4699980418685,171.1391005901823,172.03775537420148,769300
2019-04-15,172.0283966064453,173.20788634745088,171.36375431593694,173.08618786009552,1125800
2019-04-16,173.516845703125,173.89128290095587,172.0846027098198,172.5058481283454,1170600
2019-04-17,171.27017211914062,174.36868453043974,171.167199760282,174.04104131119993,775300
2019-04-18,171.49481201171875,171.8037290582416,168.5554363893665,170.38084231531036,1026900
2019-04-22,171.18588256835938,172.09390750132906,170.7271992798975,171.23269077514468,578900
2019-04-23,172.60879516601562,174.43420123428197,170.53999209940616,171.3076068113169,1023900
2019-04-24,172.74920654296875,173.13301390118883,171.9909620396656,172.60879618452796,881800
2019-04-25,171.67269897460938,172.3935055186701,170.58681119360975,172.15010850480263,625700
2019-04-26,173.0768280029297,173.08618393102924,171.18588780506045,172.2998574548752,793600
2019-04-29,172.6275177001953,173.563624821675,171.99095742998136,173.3576801122406,958300
2019-04-30,172.318603515625,173.36703893836687,167.6848760436395,169.2200911771664,1942000
2019-05-01,170.72723388671875,172.96452949951254,170.61489131089007,171.74758729571386,977500
2019-05-02,172.54322814941406,172.54322814941406,170.03445426637373,170.84886268666915,930000
2019-05-03,173.1798095703125,173.54489075967388,172.13137421293837,173.1798095703125,777600
2019-05-06,171.9066925048828,172.4215542224254,171.24205023608062,171.24205023608062,1087700
2019-05-07,168.13417053222656,171.24203819103008,167.1418994466817,170.5306020483783,1305400
2019-05-08,169.72557067871094,170.2591585651859,167.3853030022986,168.1248355870067,1266800
2019-05-09,169.20135498046875,169.66940852121695,166.4117598770905,168.3214120384445,819500
2019-05-10,169.50083923339844,169.7161397650219,166.92654592673716,168.82684129767335,1184200
2019-05-13,166.84237670898438,168.25590767565612,166.14029633232866,167.3853205809949,782300
2019-05-14,167.79718017578125,168.8924236544973,166.58960842761513,167.44145494404364,1059200
2019-05-15,168.3682403564453,169.44475791518363,166.402409536992,166.95472363676822,605300
2019-05-16,170.53997802734375,171.2795106067097,169.37921440989882,169.63196731660642,1070400
2019-05-17,169.93154907226562,171.28890173695893,169.14522240519872,169.18266041054625,856400
2019-05-20,169.40728759765625,170.35275054034,168.28396203675706,169.21069883966564,689400
2019-05-21,171.44801330566406,172.07521764582967,170.1374690512757,170.77401503658973,892800
2019-05-22,172.00035095214844,173.3951416105024,171.06424370380861,171.5229271138228,900900
2019-05-23,170.82081604003906,172.62751013290446,169.99705152227298,171.242061369467,1139600
2019-05-24,170.82081604003906,172.44964750220234,170.35276249981678,171.92542982257106,673200
2019-05-28,170.37147521972656,172.2904974402371,170.05320226557419,170.65231017850897,1154400
2019-05-29,170.92379760742188,171.47609738654077,169.24817212796555,169.84728012040293,793100
2019-05-30,171.663330078125,172.00032921629494,170.5774423791484,170.5774423791484,570600
2019-05-31,172.32789611816406,172.73978539255583,169.96891728386672,169.96891728386672,819900
2019-06-03,173.7788848876953,173.89121314521185,171.6913704936521,172.38408046014783,2045700
2019-06-04,178.23477172851562,178.23477172851562,173.82571564264455,175.4358208672879,1723800
2019-06-05,180.78099060058594,180.78099060058594,176.6621252559576,178.10372384141948,1628700
2019-06-06,184.1977996826172,184.56288088346594,180.37848096704352,181.65158720556806,1625500
2019-06-07,186.05128479003906,187.3618290070913,184.41309737679344,184.54415179849866,1242900
2019-06-10,186.9311981201172,187.6332783288208,185.53639362997032,187.39925159258627,880100
2019-06-11,185.01222229003906,188.0920086241136,184.51608662786774,187.74565353871225,1412300
2019-06-12,186.3976287841797,186.92184643989714,184.7594414681327,185.5925761603679,747400
2019-06-13,186.06063842773438,187.9422228037357,185.36792832890526,186.90314337163153,733500
2019-06-14,186.16357421875,186.57546353925255,185.0777010728933,186.01380797081447,749700
2019-06-17,178.685546875,185.71323530159245,177.76603904961885,185.71323530159245,2251300
2019-06-18,177.315673828125,180.4119923696966,176.311724371242,178.3947015182823,1986100
2019-06-19,176.9309844970703,177.64407020043802,174.93244895980632,177.31566736822873,1653100
2019-06-20,180.4870147705078,180.76850081262677,177.91612991738432,178.5635435191655,1494000
2019-06-21,177.8879852294922,180.5714588101543,177.6346606733242,180.39318383708977,1888900
2019-06-24,179.81146240234375,180.51517038205188,177.89738299700684,178.51663513824863,929100
2019-06-25,179.80209350585938,180.62776783989494,178.59170770453747,180.13987392518453,909900
2019-06-26,176.6307373046875,180.35570008138498,176.50875664968413,180.21496418482596,1192200
2019-06-27,180.3369140625,180.83419994092293,177.46578749893308,177.8317151135646,1467300
2019-06-28,185.2534942626953,185.2534942626953,180.32753785643067,180.84359329572047,5929200
2019-07-01,183.6772003173828,186.09795801272134,181.1626234611733,185.7414222942457,1371700
2019-07-02,185.75079345703125,185.8164654356598,183.25497192958383,183.86486088044447,908000
2019-07-03,187.44900512695312,187.47715229568163,185.45047024539153,186.05096703988792,586500
2019-07-05,184.9063262939453,185.57249520235055,182.21346053394026,185.57249520235055,850200
2019-07-08,185.35667419433594,186.63273183110036,183.7334585553919,184.8406188417888,871700
2019-07-09,183.77101135253906,185.07521636029503,183.08607286221522,184.59670004244853,737000
2019-07-10,185.9009246826172,186.92364371618498,184.48411650217272,185.25351092029203,1676700
2019-07-11,187.24261474609375,187.28015385540928,184.63420501070246,185.89149315024136,1103400
2019-07-12,187.46783447265625,188.0214147235159,185.74140742744436,187.84313972005796,813200
2019-07-15,186.6514892578125,187.65545280245354,186.0040899719029,187.64607518392438,656500
2019-07-16,185.7132110595703,187.2989019184902,185.27223391931975,186.74532177158173,847800
2019-07-17,183.85545349121094,186.09793590239258,183.71471760813597,185.77892502277138,887400
2019-07-18,185.4880828857422,185.51623006562974,183.21745303394826,184.3340055594166,688200
2019-07-19,185.10333251953125,186.51074837768886,184.96259666050528,186.0040849682209,627600
2019-07-22,185.06582641601562,185.835206384668,184.51223190834187,185.7601424799499,494100
2019-07-23,187.61793518066406,187.64608235430202,185.65692474304294,185.97594990589866,594800
2019-07-24,185.7320098876953,187.2614066428298,185.291018360963,187.2614066428298,765100
2019-07-25,186.08851623535156,186.7922241256757,183.79911760811459,186.03222189484143,738300
2019-07-26,187.2989044189453,187.48657132688896,184.35271435811472,186.0603858649721,623100
2019-07-29,188.2372589111328,188.78146167007216,187.3365203781842,187.34589800063836,1606300
2019-07-30,192.9849090576172,196.32518897920176,186.18239719214262,187.06438033162416,2193400
2019-07-31,189.27867126464844,195.0209379410194,186.81101175928015,193.29449686875833,1590500
2019-08-01,188.52806091308594,192.08414008425825,187.13941444494608,189.91672169820197,1150100
2019-08-02,187.64610290527344,188.8001801017498,186.03226462739866,188.27474704699557,1178800
2019-08-05,182.35421752929688,186.2386853737126,180.3181429822665,185.46929103730824,1325200
2019-08-06,184.5872802734375,184.86876631318916,180.6465186678384,183.72406691731385,1364300
2019-08-07,187.83377075195312,188.65945951464337,182.96410834677627,183.9211553838056,1196300
2019-08-08,192.38436889648438,192.5063495253973,188.8095347187231,189.5507817939975,806500
2019-08-09,193.25698852539062,194.14834915187754,190.8456088437713,192.03722509689345,704200
2019-08-12,192.22488403320312,194.08268357097185,191.7275981625718,193.02242554035425,938200
2019-08-13,194.65504455566406,195.44319417143174,191.1834065642052,192.55329792997267,833200
2019-08-14,189.19424438476562,193.5009339875461,188.8001696155873,192.3468568551684,1091600
2019-08-15,191.09893798828125,191.5305518503022,189.3631335551608,190.41399956081105,945900
2019-08-16,194.04515075683594,194.8145451126608,191.2866128539161,191.63378523453383,1177100
2019-08-19,195.69651794433594,196.91626707182513,193.29451585073716,196.30639250808053,963700
2019-08-20,193.84814453125,195.69655242125876,193.52911928832506,195.44321347795866,734100
2019-08-21,194.3172607421875,195.4056516759533,193.6886022675337,194.93651296273407,677500
2019-08-22,194.11080932617188,196.18439410877153,192.21548520148508,195.26488637811116,794400
2019-08-23,189.3631591796875,195.01157904137443,188.28413153710943,193.89502660079194,1167100
2019-08-26,190.3765106201172,191.19282183038865,189.7478663748603,190.62047194784446,1109500
2019-08-27,192.0841522216797,194.15773727704607,191.37106654530098,192.1216770185514,1761000
2019-08-28,192.14044189453125,192.53451667848034,190.27326474291314,190.9957423386415,1157800
2019-08-29,194.22341918945312,195.124171780816,193.10686680774432,193.28514180206446,1084500
2019-08-30,193.5760040283203,195.52762269727407,193.00365425368975,195.16169509165627,1079800
2019-09-03,191.86834716796875,193.11625780516303,190.56414217852125,192.3187163029712,1110300
2019-09-04,194.06394958496094,194.4392548824247,192.85356351422843,194.09209676642175,856100
2019-09-05,192.65646362304688,195.86537000278005,192.57202210917936,195.32116749623245,900900
2019-09-06,193.93255615234375,194.88021116273083,192.3937818044506,193.7167563612609,988900
2019-09-09,188.38734436035156,195.16170866215575,186.66091729672252,195.16170866215575,1381500
2019-09-10,185.0845947265625,187.87127974926833,183.77101209366077,187.58041604605273,1978500
2019-09-11,185.01889038085938,186.15419781844307,183.31121893989953,185.12210144945556,1335000
2019-09-12,185.5631103515625,189.53201942280162,184.78433845470894,187.11126220916637,1036000
2019-09-13,186.6139678955078,186.7922428696617,184.53099118577063,186.1823540466629,948800
2019-09-16,180.67034912109375,186.16258884771085,180.15309732231677,185.53248732926173,1396700
2019-09-17,183.2189483642578,184.82711397524605,180.8772166594668,181.42268078809877,1095900
2019-09-18,184.38510131835938,184.67663927593114,182.68288471434482,183.85845025304718,820200
2019-09-19,184.79891967773438,185.57949698923284,183.53871674839948,183.53871674839948,764100
2019-09-20,184.38510131835938,185.94625579779577,183.95250123620946,185.07162757491528,1585700
2019-09-23,184.16879272460938,184.93995622009984,183.59511619435716,183.62332861796264,541400
2019-09-24,183.25657653808594,187.0089872162914,183.0684889062573,185.5606823158613,1075500
2019-09-25,185.55125427246094,185.62649218359465,182.842746872304,183.9712868389813,752600
2019-09-26,186.61398315429688,187.4886114435739,184.42274145195526,185.28795603210224,746100
2019-09-27,186.0120849609375,188.09049120280136,184.72366968825133,187.88359051446503,985000
2019-09-30,186.24717712402344,187.24406866939725,185.7863646565193,186.20016598664353,786700
2019-10-01,184.197021484375,187.55442934267074,183.75500767513498,187.12182924224382,965600
2019-10-02,180.406982421875,184.04652855342366,179.2690287239376,182.88037678216315,946000
2019-10-03,181.3474578857422,181.45090823508468,177.75492243599965,180.23771647005307,775100
2019-10-04,183.03085327148438,184.6860587860797,181.64838700652834,181.72362492538866,783200
2019-10-07,179.7299041748047,182.88042625134148,179.6828786728834,182.01519719646137,1328900
2019-10-08,178.35679626464844,179.99318864656976,178.01823281839455,179.5041493686108,1103100
2019-10-09,179.91798400878906,181.1217621847533,179.23145763113004,180.0872729383107,833400
2019-10-10,181.68605041503906,181.8741380756943,179.1374174101293,179.56061823414575,695800
2019-10-11,183.14370727539062,185.68292590938967,182.91799353119507,183.4634576503773,794100
2019-10-14,182.45716857910156,184.05594917096383,182.39134437188088,182.814545090247,691200
2019-10-15,183.05905151367188,184.0841555223224,182.80513970112813,183.7361783807844,644700
2019-10-16,183.60455322265625,184.24406843930814,181.78007292095938,182.974451715914,784900
2019-10-17,182.4854278564453,184.7425228508449,181.57320197828,184.43217175098363,739600
2019-10-18,182.2785186767578,183.25658300689145,180.8584261534656,182.63588088479688,673300
2019-10-21,180.2001190185547,182.91802639457535,179.42894101662569,182.5042249642883,1111700
2019-10-22,177.18125915527344,180.42583201486028,177.12483429687495,180.20011823109894,1151800
2019-10-23,177.13424682617188,179.1656134658158,176.37246819236714,177.97124903722826,1588400
2019-10-24,179.46652221679688,180.81136217830962,177.29407960194465,177.67025479882773,1416400
2019-10-25,180.51046752929688,180.60450417564812,178.5072989748235,179.39132668149563,573200
2019-10-28,180.1812744140625,181.83647984552056,179.24082200079405,181.31922814818992,923800
2019-10-29,182.93679809570312,183.34118572465795,174.04011240688976,175.3755530434464,2174300
2019-10-30,182.17506408691406,183.60454158616426,180.8866343755263,183.05907740217407,1341600
2019-10-31,180.6327362060547,183.53873127085257,179.5888332550867,182.37256489088952,796900
2019-11-01,179.6076202392578,182.1938646978796,179.07156975901202,181.88351364082496,927200
2019-11-04,178.53550720214844,181.2252020473735,178.1969437128835,180.52927635011616,885100
2019-11-05,181.47909545898438,181.70480919443068,177.69847290370404,177.74549839235922,1325200
2019-11-06,181.4697265625,182.34434052760733,180.80199895190722,181.96816525555042,739400
2019-11-07,179.43833923339844,181.74244498019036,178.33801153432228,181.55435735089094,775800
2019-11-08,179.05276489257812,181.15938382325393,178.43206275003513,179.8521553201108,587800
2019-11-11,177.59503173828125,179.34427381535457,177.25646829271335,177.97122131678177,502700
2019-11-12,177.1060333251953,179.2032385199499,176.41949262296498,178.0558852465474,685000
2019-11-13,179.06210327148438,179.42887907623052,175.89278377021222,176.63574908634067,737800
2019-11-14,180.3411865234375,180.55750095489395,178.73302060360206,178.9963461852145,584900
2019-11-15,180.32241821289062,181.7236836477436,179.6170786395876,181.4603580217241,750500
2019-11-18,179.87094116210938,180.8584191636107,179.0245396466319,180.46343083304345,757300
2019-11-19,178.14990234375,180.62329690191035,178.0182395735532,180.09664582112313,1850900
2019-11-20,175.13107299804688,179.14680935848241,175.07464814172153,178.70479551704454,2228700
2019-11-21,172.12164306640625,175.0558506578891,171.9617678425286,173.98373524175742,2366800
2019-11-22,171.64199829101562,173.07149025632444,171.25642363242122,172.32853901886085,1627200
2019-11-25,171.21881103515625,172.46961480996393,170.6263212602029,171.9241505386078,1418600
2019-11-26,175.14044189453125,175.54484387813534,170.99305782415155,171.58553306268325,2211500
2019-11-27,175.8175811767578,176.66399698472875,174.3316645962521,175.43199223146544,745400
2019-11-29,175.55426025390625,176.38186301673562,174.68904570647817,175.0746346619024,458200
2019-12-02,174.1342315673828,176.15619920420613,174.04959426541419,176.15619920420613,996800
2019-12-03,174.303466796875,174.67024270605575,172.14983683787347,173.1467142140998,1110600
2019-12-04,172.930419921875,176.19379142661276,172.84576828603466,174.89596231228848,1128800
2019-12-05,174.0307159423828,174.9711683232115,173.16550147404016,173.78618913926206,1432500
2019-12-06,175.30975341796875,176.7204321635344,174.97118994502634,175.98688036385357,690600
2019-12-09,174.17178344726562,175.47901172304867,173.76739579907894,174.9241482452351,645400
2019-12-10,174.12477111816406,175.8081890952575,174.0025220537462,174.75488690858407,790000
2019-12-11,174.08718872070312,175.3097800224299,173.18434787245565,174.8113412713685,1087200
2019-12-12,174.1529541015625,175.413171119179,173.74856649117712,174.48211815433112,895300
2019-12-13,174.4539337158203,175.46962410853072,173.5887191628076,173.67335644132532,653300
2019-12-16,175.34962463378906,176.67903434753782,175.0667693605166,175.4721986090844,1274800
2019-12-17,176.217041015625,176.65075436293463,174.58592952267625,175.2459155845673,909900
2019-12-18,175.07623291015625,177.07505220050675,174.83108492325889,176.80163450737385,1717800
2019-12-19,180.81809997558594,181.94008340342512,177.5370163413071,178.75327526541017,1790300
2019-12-20,180.2901611328125,182.3267023199433,178.225335850301,181.8269974527242,2500800
2019-12-23,181.21409606933594,182.12865328674945,179.78097325648952,180.87467262383592,948700
2019-12-24,180.50697326660156,181.63838000731263,180.195833895248,181.0066780303041,249500
2019-12-26,180.6861114501953,180.81810866059786,179.8281223892704,180.31840390788705,454300
2019-12-27,180.72381591796875,181.92122841338494,180.37496923597703,181.45924537758333,646100
2019-12-30,180.667236328125,181.23294683467148,179.56411378831362,180.78981029475378,523000
2019-12-31,181.95896911621094,182.0815287167595,180.08270952884823,180.8181246786125,775100
2020-01-02,179.35670471191406,182.80750748126113,178.99843478435133,182.59065800054987,1590500
2020-01-03,178.49871826171875,180.5918126702883,176.65074302046224,177.8198713883279,1251100
2020-01-06,176.9807586669922,178.4704353610508,176.95246019040002,177.56531570862575,1294800
2020-01-07,176.75445556640625,179.045552966744,175.67961708477566,176.41503213080625,1556700
2020-01-08,176.82040405273438,178.03667706281468,175.54757726816771,176.78269674087258,1185900
2020-01-09,179.17752075195312,179.41323103279146,177.16927894210798,177.16927894210798,1115600
2020-01-10,178.13101196289062,179.63956389966617,177.93302333299204,179.56413486416565,828600
2020-01-13,180.46922302246094,180.5257911880505,178.45154359228783,178.45154359228783,645400
2020-01-14,179.10215759277344,180.84640554027163,178.63073689561966,180.03556136570242,1212600
2020-01-15,180.50697326660156,181.4026696702221,178.97015165167107,179.00785897549397,657000
2020-01-16,181.96836853027344,182.43036594043892,180.90295327143076,181.32724336019857,1393700
2020-01-17,184.4009246826172,184.4197855390691,181.26126106112014,182.42095196709423,1157300
2020-01-21,184.3632049560547,185.74918299452975,183.58065923759665,184.23120773270557,1273100
2020-01-22,185.17404174804688,186.2017497886887,184.48577156715032,185.24004755039115,1408200
2020-01-23,186.96539306640625,187.11625109524115,184.55172215150165,185.79626492285593,1253300
2020-01-24,186.6920166015625,187.8988524178537,185.7397519862974,187.20115900361463,891100
2020-01-27,185.5040283203125,186.1263070396388,184.2877693567354,184.9760394869266,1156700
2020-01-28,186.85227966308594,187.50284245405734,184.94775061853974,185.63602073094273,894900
2020-01-29,186.50343322753906,188.25711860197586,186.4091577305319,187.62541666422396,587700
2020-01-30,188.0780029296875,188.26656833686147,185.05149002000675,186.30547083831024,654100
2020-01-31,184.9005889892578,187.8611097927097,184.39146106949107,186.93712944155484,1095000
2020-02-03,190.0107879638672,190.28421997136306,184.98544258649403,185.7962866028296,1612700
2020-02-04,191.8210906982422,192.88650614364315,190.20883987043212,190.7556896394601,1388800
2020-02-05,194.5081787109375,194.69674410877985,190.91595537088614,193.11277750296287,1443900
2020-02-06,195.27188110351562,195.3284492851278,193.56534048733204,194.69674727942888,1235600
2020-02-07,193.8859100341797,195.639595659897,193.38620522992966,195.149314090713,832200
2020-02-10,193.2259521484375,193.96136741636377,192.65081821976483,193.27309710389338,877500
2020-02-11,192.92420959472656,194.11219900883842,192.82993408331072,193.09392853386478,901100
2020-02-12,194.9984893798828,195.63961470562978,193.10336872397232,193.8859289091892,1100000
2020-02-13,195.22471618652344,196.72383039236837,193.57474392073252,194.56473015753033,1088300
2020-02-14,195.46046447753906,196.23360139497828,194.6873419467191,195.65846751800643,1377300
2020-02-18,195.8092803955078,197.68553982030411,193.00905488271593,195.33785973078062,1355800
2020-02-19,198.28895568847656,198.66610084841076,196.31842078265208,196.69555155596947,1200800
2020-02-20,194.517578125,199.16579301966254,193.3013192292342,197.99666467762248,1200200
2020-02-21,195.63949584960938,196.8934760313279,193.83866619406245,194.0460923526391,1053800
2020-02-24,190.94422912597656,193.76331547968235,190.69908117409474,192.18877219366675,1307000
2020-02-25,183.64659118652344,191.783314610818,182.64718190671155,190.45390518618652,1285800
2020-02-26,183.31663513183594,186.34316216832045,182.76036219311004,184.32548227286983,1716300
2020-02-27,172.99256896972656,181.6950071064419,172.94542401342977,180.44102607937532,2116600
2020-02-28,170.13572692871094,170.28658500476865,164.0638260402582,168.14633100888085,3424800
2020-03-02,180.2901611328125,180.34672932357387,171.6820132353246,172.25714715243228,1778700
2020-03-03,182.8357696533203,185.77742968813837,180.0826749872391,181.21408158627563,3065700
2020-03-04,192.66018676757812,192.83932891548682,184.2311832884166,186.59772414630194,1897700
2020-03-05,187.5405731201172,191.1516571542176,186.25830833095,187.89884304398743,1599100
2020-03-06,183.29776000976562,184.56116375715476,178.08384935698058,182.82633941268477,1864400
2020-03-09,173.33193969726562,179.1115614219023,170.8899842033682,172.30424614160296,2081600
2020-03-10,179.9412841796875,180.7709748160383,170.56943850583545,178.15931453653377,2935700
2020-03-11,175.9153594970703,176.91476913237992,171.87999924131907,174.76509177694678,2145400
2020-03-12,155.6254425048828,168.19352359195767,155.56887430699433,164.64844412026707,2583500
2020-03-13,169.77745056152344,170.52228890563956,155.05025873882855,163.91297615274993,1908600
2020-03-16,157.03468322753906,163.8125451604634,148.8010521821138,154.36892008213005,2419400
2020-03-17,160.22982788085938,167.03604777324614,154.69031821019058,158.42428476562873,2791100
2020-03-18,147.96914672851562,161.55322602683094,135.75576194795127,155.95700112090532,2395700
2020-03-19,150.8523712158203,155.45602018691736,143.1953646137552,147.06168834216655,2084600
2020-03-20,134.1204071044922,150.71056376128112,132.8820549772167,150.70111586672576,2746200
2020-03-23,118.37154388427734,133.59101809319742,117.78544995671017,133.59101809319742,3445300
2020-03-24,144.6038818359375,146.01239707780857,124.80911413954071,128.0042623566995,3078900
2020-03-25,143.4789276123047,148.4228871882656,140.1041836588731,142.7604983218247,2236400
2020-03-26,152.84693908691406,154.28381209660355,144.6511158325192,146.2297793525259,2426000
2020-03-27,148.86721801757812,153.32907647470768,145.0292667977184,146.49449824611875,1800600
2020-03-30,152.57278442382812,153.68825594196878,148.65920785457047,151.26826851691746,1773800
2020-03-31,147.3074493408203,151.91109787181952,146.8820633312085,151.38172733325683,2442800
2020-04-01,138.67678833007812,142.9495878446157,137.36280976738448,142.19333797290523,2659600
2020-04-02,143.83816528320312,144.60386296924366,137.7976436858926,139.15889042741583,2486500
2020-04-03,139.20616149902344,146.25817112914865,138.5539105771262,143.02521693118783,1635000
2020-04-06,148.78216552734375,149.95435374294956,145.53976296031493,146.49451974588268,1708100
2020-04-07,150.40805053710938,155.7773964119892,149.48165215643928,154.00022606886392,1464700
2020-04-08,161.46812438964844,162.3850746853059,149.7557539708786,151.23043275689145,1723200
2020-04-09,170.0232391357422,170.47698331505146,162.60255938245714,163.85982180103278,2170900
2020-04-13,165.107666015625,170.25014905345594,162.385171601651,166.69577814092986,1287800
2020-04-14,170.9117889404297,171.61130803678319,167.6599252164458,170.15553921462305,1748400
2020-04-15,165.107666015625,168.62421649225146,164.15289473680411,168.35006881692408,1069800
2020-04-16,163.0563201904297,166.55395986741433,161.03335993433723,165.75990393682125,921300
2020-04-17,168.97390747070312,169.456009650332,165.4290003209681,166.99821601440752,1265900
2020-04-20,163.50059509277344,167.2156512691037,163.3020739239603,166.15691016680887,1011100
2020-04-21,160.85369873046875,162.96173265858317,159.3411993522196,160.70244590779123,875200
2020-04-22,165.20216369628906,165.99623406515732,162.54584822791784,163.6046039116529,985400
2020-04-23,165.466796875,168.34054285131856,165.4384387733615,165.83546662056406,1296900
2020-04-24,170.231201171875,170.36354381970295,165.37231478123934,167.4425432484718,1272900
2020-04-27,177.2548370361328,178.66335225457954,170.64713816047032,170.8456449187194,1783300
2020-04-28,186.77410888671875,188.89160572855405,180.79975052454083,183.38990175233576,2385200
2020-04-29,186.77410888671875,189.0144860604019,185.90442654746508,187.0198839746816,1638100
2020-04-30,182.91720581054688,184.64712220106216,181.54651128751698,183.5032925002219,2138400
2020-05-01,179.60867309570312,180.7619509926801,177.56680261342248,179.80719429159194,1356600
2020-05-04,181.04554748535156,181.31023279843728,175.68564825896433,178.6066490225466,1101800
2020-05-05,182.7471160888672,185.93280233740285,182.37843178546328,184.68498771616402,1092700
2020-05-06,182.47293090820312,185.75315313791313,181.70723319551712,182.68089996896543,1185300
2020-05-07,183.5033416748047,186.25419377512864,182.89834461306756,185.51685405689489,1014400
2020-05-08,186.94424438476562,187.58706180504774,184.2028549088473,186.22581496140666,1052600
2020-05-11,185.35609436035156,186.0367176414509,182.90774878142477,185.20484153693766,1193000
2020-05-12,183.57896423339844,187.1333345172706,183.56005401879324,186.15965319271285,919100
2020-05-13,181.47091674804688,183.82474066156897,179.74100005366554,182.72817908082456,1433000
2020-05-14,181.91517639160156,182.1136831059366,176.04480405521508,179.32502581854354,1748900
2020-05-15,184.098876953125,184.6471577527549,178.99421553132012,180.36491031826156,3032000
2020-05-18,193.68431091308594,195.66000275612896,188.61745539157573,189.0617516619226,3021800
2020-05-19,190.23391723632812,194.59179067416616,190.09211228477764,193.22108159717095,2594400
2020-05-20,191.37774658203125,196.69983926644827,190.73494357909235,193.78828669158472,3473400
2020-05-21,189.4398651123047,192.7768037997481,188.77815188130268,191.73697284367827,3440600
2020-05-22,189.53436279296875,190.5458498572062,188.13531018870225,189.1562451456309,1656100
2020-05-26,193.40069580078125,196.56748558989077,191.14140867435665,193.01311578732907,5241700
2020-05-27,196.009765625,196.28389880259604,191.28322210304935,195.69781202163932,10254900
2020-05-28,199.84771728515625,201.1522334928144,193.9111797568662,198.53373875889417,14058400
2020-05-29,200.95372009277344,205.04690839112752,196.81326347576206,199.81935256632622,21059600
2020-06-01,197.6167755126953,201.38854778217055,196.46349780957462,201.0293403048609,24301200
2020-06-02,200.53778076171875,208.33657729252005,197.86255549357443,197.86255549357443,38401500
2020-06-03,208.7808837890625,209.6600139721214,203.3075526649527,203.8369232385279,27343300
2020-06-04,209.85853576660156,209.99087841038462,205.23597670438897,207.18331035902528,5127500
2020-06-05,217.0050506591797,218.70660910833274,212.64717722030736,212.83623606482098,14131100
2020-06-08,217.5249786376953,217.9881850787459,213.2143734102386,215.84233035898222,5622300
2020-06-09,214.31092834472656,216.67419994719282,213.53576833547035,214.50943508174524,9422300
2020-06-10,213.5546875,215.95576520209013,211.4561010750891,215.37912632994315,4439400
2020-06-11,191.46278381347656,208.58232191291359,190.8294288276542,207.85444472840544,2292000
2020-06-12,192.899658203125,198.89291087988738,188.2960102329411,197.1724568391439,2066500
2020-06-15,189.3939971923828,190.25621757135553,186.36202853521345,188.29490403616924,3616200
2020-06-16,195.40106201171875,197.52344702526744,192.51121161265348,197.13497225115793,1848400
2020-06-17,194.29249572753906,196.8507184515046,192.94706028689887,196.8507184515046,1421000
2020-06-18,194.4630889892578,195.15475348120276,192.44492821169092,193.61033827902207,1374400
2020-06-19,189.26136779785156,198.91630546956117,188.93922425865037,198.44255986806468,2531800
2020-06-22,191.0615692138672,191.83851883387325,186.20094983730561,188.62652467258022,1211700
2020-06-23,189.3181610107422,193.81874294252125,189.23289029658707,192.39750654301207,1004100
2020-06-24,186.34304809570312,188.41805564168433,186.2103999376642,188.08642801780456,1296200
2020-06-25,185.73666381835938,186.38096523101868,182.20252635570583,185.22502502799472,1098500
2020-06-26,181.68138122558594,189.43184989703894,180.95180917984771,186.7978263349628,3866400
2020-06-29,185.34814453125,186.1156097613266,182.4772485814868,184.25853590096682,1030400
2020-06-30,188.50335693359375,189.2897763043643,184.4765196415269,186.03040451239823,1302000
2020-07-01,189.72560119628906,190.70151576017582,187.32845014624894,188.75915633758652,1470200
2020-07-02,190.35096740722656,193.43031366341535,189.64034904041378,192.30281133242923,1727300
2020-07-06,191.1373291015625,193.7808367243315,187.47054406214593,192.65332027614826,1972400
2020-07-07,192.28382873535156,193.0891874228839,189.4982028403874,189.77296887317712,1475700
2020-07-08,186.43780517578125,192.53964943269318,183.81325109908332,191.52582713906185,1939200
2020-07-09,187.12945556640625,188.2095946303604,184.32487609886763,187.27157342051967,1229200
2020-07-10,190.12353515625,190.6541277685077,185.964050515259,187.13893002595404,886200
2020-07-13,189.78244018554688,194.01772588885365,189.44134286522805,191.36474833721445,1206700
2020-07-14,193.42080688476562,193.61978635066578,188.550703855935,188.87284731733058,803100
2020-07-15,196.9833526611328,197.58974625985894,194.5293546957852,195.30630417473384,917800
2020-07-16,197.35287475585938,198.99204443523064,195.93163839465248,196.13061784654957,838300
2020-07-17,199.314208984375,199.84480163554656,197.42869667407965,198.03509034078505,826300
2020-07-20,198.8309783935547,200.42275622392947,197.46658913462525,198.84991780279893,1297900
2020-07-21,196.74649047851562,200.09113238380905,196.31065273665735,199.3710444647241,852100
2020-07-22,199.2763214111328,199.5037100066796,196.28224627086274,196.69914463945298,633900
2020-07-23,198.53724670410156,201.50289799509602,197.82662849374043,199.83531913283844,764700
2020-07-24,199.0299530029297,199.15313145678599,196.93600603276283,198.0445687447744,702300
2020-07-27,200.906005859375,202.20407849349328,197.61822505353658,199.09630885174025,896800
2020-07-28,183.54795837402344,194.7094012398278,183.1594835927317,194.7094012398278,2566900
2020-07-29,184.59963989257812,185.935605430875,183.00784778241186,183.1120723518725,2339900
2020-07-30,181.01815795898438,183.48162587787846,179.40742615479107,182.04144997116447,1447500
2020-07-31,177.25662231445312,181.16028070271955,173.6561535356069,180.35492200772393,1797400
2020-08-03,174.72679138183594,179.1894651958312,174.62256680987622,178.1377497724425,1586800
2020-08-04,179.36947631835938,180.59174751445522,173.42870511045155,174.7457167095189,2265900
2020-08-05,181.86141967773438,183.79429490139918,180.2696273251002,180.2696273251002,1588600
2020-08-06,184.00277709960938,184.8744672163585,180.98027803989146,182.27835073709213,1378500
2020-08-07,184.6659698486328,185.7934863280907,182.17407862327914,183.81323382525247,1354900
2020-08-10,185.0449676513672,186.87361806957875,184.01220608488822,184.73229393299442,761100
2020-08-11,185.91664123535156,189.47920134861974,185.3386712836517,188.1906133148739,786100
2020-08-12,188.25701904296875,189.43189881697583,186.93052275746808,187.12950226044185,850000
2020-08-13,186.2293243408203,188.46540326366807,185.66082406341937,186.4377734786965,618200
2020-08-14,184.4859619140625,186.50410772632367,183.68058885549985,185.77455013322438,630900
2020-08-17,184.61862182617188,187.02524253566492,183.5574221055316,185.49031178620734,637700
2020-08-18,184.16383361816406,185.52822306453413,183.41532203838491,185.14923242168302,619900
2020-08-19,183.87010192871094,185.74613006857058,183.6711369141014,185.13973640429447,688100
2020-08-20,184.2017059326172,184.5522729327142,182.06985144703876,182.06985144703876,508100
2020-08-21,184.61862182617188,185.10183701755835,182.8941813161095,184.42911206556707,704300
2020-08-24,187.14840698242188,188.07694401812142,185.81244134099168,186.25776322146842,578000
2020-08-25,185.6987762451172,188.90128616557453,185.46190348242473,187.5368967392553,664100
2020-08-26,186.75994873046875,187.8590417434659,185.16815635689267,185.47136041188435,783800
2020-08-27,187.30001831054688,189.40344953623043,187.21474758837297,187.2337014569335,869000
2020-08-28,189.97195434570312,190.1330260882953,186.27674505666846,187.4895324365345,748800
2020-08-31,186.7315216064453,190.43621475911917,186.6178273167681,189.97193898032918,826100
2020-09-01,191.071044921875,191.071044921875,185.50926273466763,186.29568202588422,1124900
2020-09-02,198.19615173339844,198.6604275077258,190.68255537311015,190.68255537311015,1372800
2020-09-03,194.0840606689453,198.3951477814669,191.56373103915536,197.5803049108418,2042300
2020-09-04,194.00828552246094,195.96012946452254,192.21752780092785,194.09357071496657,1632800
2020-09-08,187.489501953125,192.61541668064586,184.92179527971206,192.21747224172483,1322700
2020-09-09,192.3406982421875,194.320951222254,189.460331585506,189.68772020250594,1342700
2020-09-10,191.2699737548828,194.8230644515187,190.88151349313188,193.51553690629956,828600
2020-09-11,192.90914916992188,194.10298247535368,191.52580612222425,192.94704244383695,1012500
2020-09-14,194.58055114746094,196.61287220721718,194.11520125625506,195.15036674930437,1029500
2020-09-15,196.23306274414062,197.84752143806773,195.6157599113629,196.27104369967267,1433300
2020-09-16,197.36317443847656,198.9966162509551,197.20171553840794,197.53411046299726,1574000
2020-09-17,197.0592498779297,197.99944139531735,194.609065658598,195.60623584533985,1343900
2020-09-18,193.75437927246094,197.72404827206478,193.5549394154063,196.63191833914462,1910000
2020-09-21,188.483642578125,190.85785078867121,186.03345796591927,189.87967816520754,744500
2020-09-22,189.13890075683594,190.37349175738223,188.4646193402788,189.3383261045538,913300
2020-09-23,185.378173828125,189.9366564818938,184.90333218692027,189.24339174321963,1131500
2020-09-24,184.81785583496094,187.4389763594452,182.73804722171076,184.34301421516923,961700
2020-09-25,186.16639709472656,186.8216808232532,183.28885814938278,183.96313959945073,1021300
2020-09-28,188.29371643066406,191.30421082440438,187.7428983646302,189.85119650009793,1316000
2020-09-29,187.5149688720703,189.2338933648734,186.9166782336083,188.98698091812858,776900
2020-09-30,189.78469848632812,191.48463963029988,188.11326117178427,188.6925685378448,1390400
2020-10-01,187.16357421875,193.497959675081,186.25187193454053,191.62708253759158,1192800
2020-10-02,188.09425354003906,189.78468848814097,184.71338364383524,185.25471002716796,1162000
2020-10-05,189.35736083984375,192.11143673317284,189.07245293925368,190.3925122040038,1295500
2020-10-06,186.54627990722656,191.74104861291195,186.3183651940666,189.93665617565,1284300
2020-10-07,191.2661895751953,193.05159861797378,189.52828208136035,189.594752369647,1357100
2020-10-08,191.32322692871094,193.2320853737671,191.1902718304138,193.10862189284157,842000
2020-10-09,192.93763732910156,194.4191407636793,192.70021653532908,193.39348119566043,670800
2020-10-12,192.52931213378906,195.805716974252,191.80755796464663,194.06780909975137,1249000
2020-10-13,190.9338836669922,194.20079744959256,190.74394985217103,191.94054592746343,990400
2020-10-14,191.1807403564453,193.17508105731545,191.00029821319305,191.22822741904068,668100
2020-10-15,191.30421447753906,192.96616032383676,187.98032278494367,188.78754492996333,1054300
2020-10-16,194.23870849609375,196.3944934704007,191.9879638940694,192.33934204955412,1070600
2020-10-19,191.63656616210938,195.6632281386836,190.6868829640413,194.9699634615783,993900
2020-10-20,192.79518127441406,194.92247685983267,191.74103234244987,192.00694247925023,887200
2020-10-21,192.985107421875,195.83415669670148,192.1113862255026,192.1113862255026,1039900
2020-10-22,194.5615997314453,195.4733020131586,192.187391643773,193.0516068655296,689800
2020-10-23,194.5615997314453,197.28720046998413,193.77336090741616,195.8721672329656,748200
2020-10-26,188.19874572753906,193.11811296351053,187.8663652531874,192.26338926299678,1148100
2020-10-27,180.2213897705078,194.2007280099161,179.52811058232325,189.93664511042138,2387200
2020-10-28,176.02378845214844,179.67056849412148,175.69139353284217,176.56510034554307,1198900
2020-10-29,177.53379821777344,178.92032771922007,174.76072472386306,176.38467505003848,1206000
2020-10-30,174.3523712158203,178.83487800478804,172.13011554674407,176.29922507606997,1159000
2020-11-02,179.3477020263672,182.89001677713088,177.20140843398138,177.20140843398138,941500
2020-11-03,182.91848754882812,184.49496518880713,180.11692491793573,181.44647564381197,966500
2020-11-04,182.23472595214844,185.06477809907625,180.563288578389,183.2698772604821,837100
2020-11-05,186.53677368164062,188.05627260844554,184.6564049902567,185.4256460689585,917400
2020-11-06,189.35736083984375,190.71541555321534,186.8122164408795,188.50265162909133,914800
2020-11-09,205.98629760742188,209.12976143624613,198.34135879728092,199.43348877272481,2693800
2020-11-10,201.55128479003906,209.50963556363092,200.22173395266879,208.42699717005306,1829300
2020-11-11,199.27206420898438,203.11828477388846,197.26823170916143,202.6624263205982,1077900
2020-11-12,193.2415008544922,199.31948100298573,190.99075668759937,199.31948100298573,1180500
2020-11-13,197.9424591064453,198.2083837297277,194.64707178934964,194.90347581552578,1081700
2020-11-16,202.6434783935547,204.2009588194464,199.01568031522172,199.6899620046417,839600
2020-11-17,201.58929443359375,202.2730676241128,199.33853497687764,200.7060813579157,874000
2020-11-18,198.90164184570312,202.65288740114894,198.90164184570312,202.40597499818045,828300
2020-11-19,200.31668090820312,201.8931585805858,197.15424843872282,198.36984183908584,802700
2020-11-20,200.060302734375,201.65576384453152,199.19608738753107,199.8133757832663,847000
2020-11-23,203.15623474121094,204.65673598293114,201.34233629479445,202.07359643908572,730500
2020-11-24,208.27505493164062,210.56379530234435,205.50198126510662,205.50198126510662,979600
2020-11-25,207.05946350097656,209.38618485364498,205.99582276627518,207.4108417099008,757800
2020-11-27,213.49830627441406,214.03963272611244,207.81920404042617,208.40800306562716,792700
2020-11-30,210.97213745117188,213.3938327431692,208.41750156899647,211.6843999199348,2060500
2020-12-01,212.74806213378906,214.93233667548645,210.4403241229425,213.65025839268085,997000
2020-12-02,208.11355590820312,213.24183889994362,207.9331137989468,212.14970912109595,898600
2020-12-03,208.69288635253906,212.54859788422138,207.9901155571573,208.14206834929647,992700
2020-12-04,214.25807189941406,214.49549274879993,210.06996463840306,210.06996463840306,781200
2020-12-07,211.532470703125,213.70723915855683,210.60177060371893,213.55528634750877,794600
2020-12-08,213.11839294433594,213.29883505612776,210.78216608752862,211.39946881160665,712700
2020-12-09,214.53347778320312,215.16027231533073,211.74142071385265,213.89719163368653,734200
2020-12-10,211.85536193847656,215.85352069835025,211.4564966732575,213.89717532993495,924000
2020-12-11,210.11741638183594,213.20388690495895,209.19622248180715,210.76319402790926,734500
2020-12-14,206.52932739257812,212.0399422266452,206.1676584854207,211.5164924157882,758300
2020-12-15,212.19219970703125,213.27719177460384,207.55719189979447,208.8610819266304,942100
2020-12-16,209.3940887451172,212.56341157745607,209.31794715641715,211.4118045393604,751600
2020-12-17,209.96511840820312,211.85910208006374,209.18467810881126,210.71699290802476,925500
2020-12-18,208.03311157226562,210.65993122808771,206.4056158520935,210.39344290891117,2178300
2020-12-21,205.39678955078125,205.48244340872657,200.61900922197728,205.17789151741238,1241600
2020-12-22,204.82566833496094,207.1003451949257,204.03571584919644,205.8440310182823,946900
2020-12-23,203.02691650390625,208.63271236567326,202.98883844638513,206.23430303017759,510600
2020-12-24,205.69175720214844,205.92018193258727,201.82766294464693,202.93169402465332,279200
2020-12-28,204.34030151367188,208.10923014622725,203.93105682682173,206.86244253602644,729600
2020-12-29,204.1213836669922,206.46267548758016,203.07445511468296,205.5870691177039,395100
2020-12-30,204.85426330566406,207.85226396824135,204.40694054333974,205.2635080119266,477300
2020-12-31,205.9202117919922,206.37704679659223,204.36885779983163,204.86377085962008,752300
2021-01-04,203.96914672851562,209.8128798752989,202.82705183607897,207.4810997777148,1459900
2021-01-05,206.11058044433594,206.38659554500794,202.1798558727118,203.93108353475196,721700
2021-01-06,214.55255126953125,216.2181103207693,207.4049287977548,208.91820467890287,1310800
2021-01-07,214.84759521484375,216.9699891536339,213.44852451605033,216.45603710947375,814200
2021-01-08,211.05014038085938,215.55190481061354,208.0616519390054,214.0957313848947,981500
2021-01-11,210.39341735839844,211.25951155180445,208.29957459520907,209.23228359905733,673200
2021-01-12,212.36354064941406,212.88699044313472,209.38456469540412,210.40294204905157,595100
2021-01-13,206.49127197265625,212.48727332095072,205.71083156813444,211.74491097263763,1058800
2021-01-14,202.17984008789062,208.46138330022075,201.89432727848566,207.0623124440429,814300
2021-01-15,200.59994506835938,203.655048244835,199.66722150220298,202.8841346306313,1155500
2021-01-19,205.491943359375,206.23430574303967,200.83789555908143,202.1322736038729,1003500
2021-01-20,207.8427276611328,208.84205141798788,205.90115365734016,206.81483810427582,702300
2021-01-21,203.68359375,209.384569763954,203.60745216374676,207.77611324534547,724900
2021-01-22,202.14178466796875,203.6265094265639,200.5809183163016,203.49326526931878,856000
2021-01-25,201.0662841796875,202.72233098485498,197.96359082089123,201.9323783749343,743600
2021-01-26,199.22943115234375,201.80866036602652,198.9819818749035,201.07582478658,875900
2021-01-27,197.36398315429688,198.91533708113198,191.82481720451477,196.75486499963833,1123700
2021-01-28,200.9140167236328,206.64352945882365,197.10702456987394,199.92419063104288,1203000
2021-01-29,194.6420135498047,201.35184107112195,193.8425485702287,199.20089542916045,1116100
2021-02-01,198.37286376953125,199.02006007575838,194.81333491411783,195.4319654145703,1125700
2021-02-02,200.13357543945312,201.28519695057057,198.11587425446203,199.79094556629215,920400
2021-02-03,198.88681030273438,200.7617553034014,197.08800689609473,199.69580203206652,876100
2021-02-04,198.0873565673828,200.43817577196015,195.86025475289773,199.44834951607234,993100
2021-02-05,202.512939453125,203.74070251286048,200.70462405164244,200.72364855553698,818300
2021-02-08,206.576904296875,206.8148412945626,202.8650784194354,203.74069935074496,754100
2021-02-09,205.15879821777344,207.17649934690576,204.74002677077868,206.82435723126113,922100
2021-02-10,205.2444610595703,207.45252350515565,204.88280667608652,206.96713722803324,581100
2021-02-11,205.95826721191406,208.03308546226532,204.12140049080992,205.30157327227263,911400
2021-02-12,209.27037048339844,209.38457560470272,204.9399138561602,205.2825437425961,1001500
2021-02-16,200.73318481445312,209.38457110801048,200.34296462834638,209.19422440241684,1091800
2021-02-17,198.71548461914062,200.47622445931424,195.77458639843988,199.48641279927304,953500
2021-02-18,199.67672729492188,200.88545128484958,196.25995556316022,196.86907368392698,783800
2021-02-19,198.0397491455078,201.25666241546375,197.9731198067697,200.0955285555101,856000
2021-02-22,196.5740203857422,197.858885961126,196.0600828691016,197.0594211474533,955000
2021-02-23,200.9711456298828,201.65640546919957,195.5842475406801,197.22125554321184,1149000
2021-02-24,205.75839233398438,206.92903825016037,202.03705435142126,202.04656660284599,1004200
2021-02-25,201.73251342773438,205.72985214220932,200.75219962235963,205.28252941828367,960200
2021-02-26,199.2579803466797,202.87462598671146,199.04859460545256,201.82769728057588,1117600
2021-03-01,201.02825927734375,202.69381865478056,200.40962874616307,200.62852676946196,1080100
2021-03-02,201.332763671875,203.50276245256705,200.08597612698583,201.5231248881356,702600
2021-03-03,198.26815795898438,201.97045724052583,198.13489929223627,200.89497731194078,1097700
2021-03-04,194.6990966796875,200.3144041095816,191.64397918861195,198.3918690699561,1284600
2021-03-05,197.87794494628906,198.6583708128731,191.44411869128766,196.46934734485527,1601900
2021-03-08,201.38038635253906,204.15948919099216,198.7535667025688,199.88614931780816,1041500
2021-03-09,204.1309051513672,206.4151090444887,202.17030661247344,203.29337679415895,1114500
2021-03-10,206.50079345703125,208.14731365984352,202.53200548746466,204.64488750328053,765700
2021-03-11,204.0547637939453,207.95693637241354,203.75972423985797,206.06295263912898,790900
2021-03-12,204.359375,205.65375313501775,203.3219729457095,204.23564308658965,619000
2021-03-15,205.43724060058594,205.81880153728758,203.29100945497157,203.63440702047234,581800
2021-03-16,203.12879943847656,206.85847476633,202.18446729174596,205.59934583061218,640000
2021-03-17,199.53271484375,203.11931481814148,198.7028434711934,203.04300263197769,1235600
2021-03-18,199.88563537597656,201.66938701856984,196.56613574832434,200.009629927214,1388800
2021-03-19,198.00650024414062,201.2401543006637,196.76645278140495,199.69487267075044,2001400
2021-03-22,198.47389221191406,200.2099468872896,196.13687370093527,198.18772519474737,1842900
2021-03-23,198.3212890625,201.81249502401135,196.88092025897478,197.443720789754,1384200
2021-03-24,198.84591674804688,201.26876658613702,194.0478848932767,198.92221437242296,1474300
2021-03-25,199.1797637939453,199.87609240982502,194.23867031336636,197.90156755245113,1336300
2021-03-26,203.49130249023438,203.61531159681354,199.47545970045215,200.6964254181167,925500
2021-03-29,204.63597106933594,205.72339419638848,200.72505541578076,203.25284733261148,1097800
2021-03-30,205.08428955078125,209.7010672735007,204.66457983870492,208.25117952004075,1098400
2021-03-31,204.1971893310547,206.038171562756,203.634388819107,203.89194060897728,1061100
2021-04-01,206.84898376464844,206.89666614364404,203.85379969967613,205.32276920521028,702000
2021-04-05,208.7853546142578,209.83461436144958,207.65976813047277,208.7948881788018,738400
2021-04-06,210.64541625976562,211.1414381567957,208.30841212663856,208.59456461044417,1023900
2021-04-07,204.7599639892578,211.11281075510624,204.1017842042745,209.83459999576414,696700
2021-04-08,206.00955200195312,206.0190855661709,204.13040644179907,204.13040644179907,652800
2021-04-09,209.31954956054688,209.41492888220876,206.77269024668797,207.02069394908332,860400
2021-04-12,209.60572814941406,210.03497150812626,208.48014147350315,208.99524514800805,543900
2021-04-13,207.88873291015625,209.5675574667143,207.2973316167785,208.461052516794,613000
2021-04-14,208.3179473876953,209.5770765469356,207.46899438368402,207.6406858753657,635000
2021-04-15,209.75830078125,210.38786535840336,208.89981421608474,209.11920263961625,704300
2021-04-16,212.85841369628906,213.18274410671765,210.87435519576576,211.09374362086066,725600
2021-04-19,210.14939880371094,213.83137790877447,209.3767579709876,213.36397125024752,868800
2021-04-20,210.65496826171875,212.2956439027515,209.53892981201537,209.57709318323649,1200700
2021-04-21,213.650146484375,214.0126257254963,211.70423670348725,211.8950098890549,726300
2021-04-22,211.31317138671875,214.26065899260067,210.65499143383843,213.66925766917225,912600
2021-04-23,216.321044921875,217.21769502968283,211.8664241919726,212.3624461876869,830800
2021-04-26,216.34963989257812,218.48633751181887,216.3401063271351,216.75026796711168,995600
2021-04-27,208.33702087402344,214.61355562903555,207.287746615944,212.18115770716759,1178500
2021-04-28,211.82826232910156,213.15415572144005,206.99208091754744,208.93799085005645,982400
2021-04-29,214.38462829589844,214.68987702228154,212.42917048830532,213.09688388344287,612700
2021-04-30,213.78370666503906,214.98560548709023,212.77259559923,214.2129645615215,839200
2021-05-03,216.483154296875,217.93305658315754,215.11911230860764,215.11911230860764,687600
2021-05-04,218.4290771484375,218.63893199998975,215.05233239532228,215.1191110094797,989900
2021-05-05,217.4275360107422,219.1254422340438,216.4068768305786,218.2383257493625,1111300
2021-05-06,217.96168518066406,218.9823442596241,216.10162119407318,218.17154004633696,868600
2021-05-07,217.8948974609375,218.9441717454757,216.9600987242963,217.96167607679908,733600
2021-05-10,214.58493041992188,219.39248099044298,214.5467670550035,219.24940475964675,1155500
2021-05-11,214.90928649902344,214.92836818505663,211.54208938972363,213.37353826224174,794000
2021-05-12,207.4117431640625,213.9171995049997,207.33543099036373,213.54518675513,1027800
2021-05-13,211.2654266357422,212.62948317456002,207.4117562290913,207.4117562290913,641600
2021-05-14,213.7264404296875,215.02371835792025,212.42916250145478,212.95379963328784,702300
2021-05-17,211.4180450439453,213.40211796408784,210.87434080059774,213.03010520125233,931000
2021-05-18,207.87913513183594,211.55158025618277,207.65021316588982,210.7789395109969,1964400
2021-05-19,203.49130249023438,206.16217045577284,201.61215698389483,206.0286277852489,1930500
2021-05-20,204.4738006591797,205.94277005322994,203.32914710400215,203.37684403443865,2055900
2021-05-21,204.35939025878906,207.71703957781213,204.235381119968,205.99051797605688,926000
2021-05-24,205.3704833984375,205.88557248637562,203.23378574666984,205.1224651425256,829000
2021-05-25,205.0175018310547,206.8489649578877,204.40701897379682,206.09539131147068,765400
2021-05-26,205.1415252685547,205.6756959865902,203.83471372228493,204.55012405288116,795100
2021-05-27,206.25753784179688,207.27819677222638,205.12241793040653,206.7344780025452,4147300
2021-05-28,205.1605987548828,207.94592778409935,205.11290182373688,207.71699124763475,1094700
2021-06-01,205.18922424316406,207.44038268804078,204.73136570244387,206.99205771200164,944000
2021-06-02,205.046142578125,206.2575602383256,204.29256889148286,205.809235274136,1113300
2021-06-03,203.98736572265625,205.00801036395447,202.93809127359975,204.27351824961494,2064800
2021-06-04,205.5230712890625,205.84738712222367,204.025472119077,204.75041596174182,971200
2021-06-07,203.1383819580078,205.91416293627054,201.21153942175962,205.56123183621278,949900
2021-06-08,202.6041717529297,203.95869459978238,201.72660361550206,203.93006479986664,739100
2021-06-09,202.9475860595703,203.64392922227657,201.24014656970974,201.4404533003055,1614100
2021-06-10,203.710693359375,205.08428344708597,203.15744098765478,205.08428344708597,907000
2021-06-11,204.6073760986328,205.14154687292424,202.7568455197933,204.8649279201883,721700
2021-06-14,203.86170959472656,204.51179619117013,201.69154011503176,203.6513840281813,1380000
2021-06-15,205.46774291992188,206.72969586918532,202.82913391832872,204.96105366875764,1231800
2021-06-16,201.1752471923828,206.35688754338773,201.04140499878116,205.75459037832778,1041800
2021-06-17,200.4199981689453,201.22305133147205,198.19247019683507,200.73548646587477,966700
2021-06-18,195.9935760498047,199.81765451039445,195.79282009973664,198.12551029472866,1836300
2021-06-21,200.56338500976562,200.79283501057796,197.3511579369144,197.3511579369144,929400
2021-06-22,200.87884521484375,203.05856886094878,200.52512261060372,201.2230128741078,672200
2021-06-23,198.91905212402344,201.34733606257123,198.8808031618829,200.87888109643148,542700
2021-06-24,199.08155822753906,200.77370268389805,198.74694547956096,200.27658291645548,596700
2021-06-25,198.35498046875,200.67811612677056,197.2173145930823,199.29189035912586,3544500
2021-06-28,199.08155822753906,200.58250165121214,197.06435596913997,198.2307012325387,1343100
2021-06-29,198.9381561279297,201.12744963295825,198.27850013373074,200.37218582394328,916000
2021-06-30,196.911376953125,198.16376041449868,195.29570134104952,197.39894174403835,976000
2021-07-01,199.98023986816406,200.18101046995952,196.27089249811786,197.81964010048793,1065500
2021-07-02,201.5289764404297,202.20774232824712,199.47352512104132,200.52515273446835,920700
2021-07-06,200.26699829101562,201.452467944659,198.46969121396603,201.02226200660945,888700
2021-07-07,201.9400634765625,203.46970103108671,198.9190519173197,199.50221000616042,1290200
2021-07-08,200.6016387939453,201.49073021652603,199.19628850404933,199.34925517493568,822900
2021-07-09,203.4027557373047,203.82340675922552,201.81577404692646,202.61882713184607,927200
2021-07-12,204.02420043945312,204.62648302752729,202.0834813038363,202.724012855166,1072200
2021-07-13,203.39320373535156,204.29186464287997,201.91137019130178,203.66088810086592,784600
2021-07-14,204.34922790527344,204.92284560815938,202.65706881069366,203.66089249689196,1336900
2021-07-15,205.15225219726562,206.0222335755939,203.27846186146854,203.69911283946033,928600
2021-07-16,205.8119354248047,206.62455806638505,204.27274300781067,205.5442510555626,1252000
2021-07-19,201.0891876220703,204.3587733662738,198.91903332608456,203.48880649380493,1922900
2021-07-20,204.77943420410156,206.29950215507594,200.33394805685066,200.74502956064578,1317500
2021-07-21,205.0375518798828,206.50026089420047,204.46393420898423,206.07960988056863,1149100
2021-07-22,205.48687744140625,205.76411673688196,204.0050439831732,205.20962355822752,606400
2021-07-23,208.30718994140625,208.67048219678475,206.03185775280534,206.96876782323335,836200
2021-07-26,209.50216674804688,209.8750138658224,206.99739967928318,208.09681655311516,1013900
2021-07-27,211.08914184570312,211.51934777108693,204.35875533395281,207.50406815466775,1550000
2021-07-28,209.49261474609375,211.06048656950372,206.96872316236787,210.72587381831158,995600
2021-07-29,210.69720458984375,211.08917621159284,209.48305535092302,210.32435744878362,680600
2021-07-30,211.11785888671875,212.8482524292268,210.24787734829272,210.71633231230015,945000
2021-08-02,208.47923278808594,212.7526276274223,208.44098382917304,212.59967555488157,1018700
2021-08-03,209.71250915527344,209.89415525584812,207.94386664596755,208.41232161125464,593800
2021-08-04,208.2211151123047,209.09109663032913,207.50410026314918,207.886502347617,721900
2021-08-05,208.5843963623047,209.68382790285062,207.51365883691463,209.47350237640546,646900
2021-08-06,209.98974609375,210.2096411538909,207.7717877131607,209.13888904367448,635400
2021-08-09,208.93812561035156,211.2803711512751,208.28802457504918,210.73543287516702,755800
2021-08-10,209.42567443847656,210.1713686420554,208.68953518038356,208.68953518038356,591500
2021-08-11,210.92665100097656,211.19433537524299,209.02416636671484,210.31479891869557,798900
2021-08-12,209.91323852539062,211.2803396030783,209.17709932095005,210.96485137260376,570200
2021-08-13,211.83489990234375,211.87313428132518,209.27275887939146,210.1045061462297,577800
2021-08-16,211.5480499267578,211.62453325757647,208.8138328477318,210.00885753982877,744900
2021-08-17,211.55764770507812,211.7679732604864,209.5213351371078,211.43337503157812,717800
2021-08-18,209.68380737304688,211.3663968321637,209.43524749690448,210.85015260088235,838600
2021-08-19,210.80233764648438,211.30902690555723,207.9247236857402,208.41228846681904,725800
2021-08-20,212.2937469482422,212.62835970149362,210.48687017363318,210.62071235739296,560400
2021-08-23,212.73348999023438,213.6799400781868,212.00690574268916,213.23060968963702,645600
2021-08-24,212.55186462402344,213.72776478691137,211.92088811215064,213.5270088162175,411200
2021-08-25,214.2248992919922,214.52126306933891,211.72013230904574,212.23637653608466,486200
2021-08-26,213.21153259277344,214.14842788019217,212.72395317530854,213.78513570054443,560500
2021-08-27,215.09487915039062,215.93616657299424,213.5174378810656,214.2440221945861,585600
2021-08-30,215.56332397460938,216.59582703036662,214.96104146619518,215.10443859017394,618400
2021-08-31,215.44857788085938,216.05087489759853,214.33003669813053,215.38164950668772,1175100
2021-09-01,215.07574462890625,215.82143879860283,213.23061909476812,215.12354852956932,620200
2021-09-02,216.94000244140625,217.46581622755957,214.88456579009323,215.6398149827834,723600
2021-09-03,215.23828125,217.94381883417824,215.1713674545613,217.50404334015386,980200
2021-09-07,217.1503143310547,218.13501345620188,214.88455230744265,215.11398769958384,1032800
2021-09-08,219.50216674804688,219.87501391173402,216.64366210130842,217.0165092649956,1159200
2021-09-09,217.5040283203125,221.07954711220822,217.35107626085625,219.40651270162934,928600
2021-09-10,215.90748596191406,218.8329039155041,215.09487796797404,216.96866841446172,847100
2021-09-13,215.04527282714844,218.82000147937313,213.6081887159824,218.82000147937313,1015900
2021-09-14,214.1829833984375,216.52064222876064,213.761436446245,216.35777447337233,910400
2021-09-15,214.44166564941406,215.0739860867086,213.0141570171171,213.63690215764305,1068300
2021-09-16,214.19259643554688,214.5949782191379,211.70164487757395,213.93391721081872,908700
2021-09-17,209.18191528320312,213.54107241828982,208.865755091645,212.51596023848543,2256900
2021-09-20,207.98439025878906,210.01547908290746,205.71380203418317,206.5281555471879,1242800
2021-09-21,208.77000427246094,210.4657530115572,207.62991519622997,208.77957957051873,760700
2021-09-22,211.59625244140625,213.3207561952888,209.04781992837846,210.31246088748387,833200
2021-09-23,214.5087432861328,215.0548422504704,212.74592366643026,212.74592366643026,637800
2021-09-24,214.38418579101562,216.1949109666828,213.68479441623649,214.37459587542148,691200
2021-09-27,209.1244354248047,214.47996426265337,208.75079421794948,213.18659760143424,1025500
2021-09-28,203.8935089111328,208.84665725927889,202.66718363766708,208.3580392858108,1136400
2021-09-29,203.7784881591797,206.0682411883837,203.2802949951046,204.21920030793322,1006000
2021-09-30,199.86964416503906,205.73295700542945,199.82175305859144,204.89943831912782,1035100
2021-10-01,204.6886444091797,205.64670034298118,200.3678174104934,201.46957588685575,1439800
2021-10-04,203.46234130859375,205.89581165457398,202.3605827925652,204.27669472915326,1265900
2021-10-05,205.38807678222656,206.80599575415363,202.5330590038362,203.2899315291994,926100
2021-10-06,207.53408813476562,207.64906479669168,203.14618985626515,203.27074181552894,966600
2021-10-07,207.39039611816406,210.8872948835916,206.94010860124268,209.51728173717888,700600
2021-10-08,206.03948974609375,207.91728565332232,205.87662200506853,206.92089937805093,619000
2021-10-11,203.27073669433594,206.69100357966758,203.22283097130492,206.41315915735214,846300
2021-10-12,203.23245239257812,204.10427236428725,202.4276741297118,203.5486126710655,1129200
2021-10-13,204.32460021972656,205.0527174920461,202.5617661297955,203.81683172660817,1180300
2021-10-14,210.1495819091797,210.3507654754493,205.03355194242957,206.03951363009932,1027000
2021-10-15,210.9735107421875,212.89919797142724,210.16873262033795,211.64414699475057,2269200
2021-10-18,209.51727294921875,210.3316117933853,208.16641045511494,208.9520234070135,885000
2021-10-19,210.32203674316406,210.87771098859974,208.59753298470406,210.59988117526925,686800
2021-10-20,211.38546752929688,211.83575500234122,209.4789308962203,210.83938323101845,517200
2021-10-21,212.97586059570312,213.0333416190937,210.74358826846031,211.84534686684657,576800
2021-10-22,212.16146850585938,213.80932576413488,211.85489823063986,213.0237275561323,699100
2021-10-25,212.2668914794922,214.84406453690994,211.40464690076703,212.65969795994968,1137000
2021-10-26,220.62115478515625,221.20556958361382,211.31843835676824,214.70037517805977,1367000
2021-10-27,211.826171875,217.05714906392836,211.6728794177635,216.33860711675234,1279800
2021-10-28,211.73037719726562,214.27880968018204,211.3950517478597,212.50640022264986,780700
2021-10-29,212.89920043945312,213.83809120392544,209.9292210623924,210.59987194150384,920400
2021-11-01,213.1865997314453,216.7793093020152,212.38182167737045,213.99136316674753,957800
2021-11-02,217.39248657226562,218.11102855938748,213.0333289266382,214.02970071651987,1074200
2021-11-03,218.57089233398438,219.4618920038386,214.00096118180602,217.46913379621947,1385300
2021-11-04,218.53256225585938,220.34328736866118,217.63198734770242,218.43675081588697,945100
2021-11-05,221.00436401367188,221.07143495461392,218.90623353049358,219.15532284233123,902500
2021-11-08,221.1768035888672,221.837864552461,219.8930120872997,221.31093084098956,737000
2021-11-09,221.26303100585938,221.95283249763594,219.01160816969997,221.02351700506958,691300
2021-11-10,223.59109497070312,224.4150236454863,219.09781037326792,221.78994516564856,1057400
2021-11-11,222.71929931640625,224.2713454965646,221.8091489591378,223.94560993607286,727400
2021-11-12,225.78506469726562,226.00541349272527,223.34201887686967,223.67734433764412,839300
2021-11-15,225.58389282226562,226.83894395803813,224.96114759404992,226.1012366773168,743900
2021-11-16,223.63902282714844,226.81977601681467,223.47615504846442,226.10123395973923,663700
2021-11-17,222.6426239013672,224.34796234021886,221.91450663471636,223.77313753563362,608700
2021-11-18,221.19595336914062,222.89170180578319,220.3528594896078,222.3839333425481,638300
2021-11-19,225.00904846191406,226.63774085192537,220.54450368155418,221.2151400046441,709600
2021-11-22,224.70245361328125,228.90831897719545,224.61623207955944,225.4976418680791,769700
2021-11-23,223.63902282714844,225.14317788363863,221.95284939597062,224.5300225796853,585800
2021-11-24,221.64625549316406,223.48572120949538,220.47742603506174,222.7959197385244,616900
2021-11-26,216.7410125732422,221.21513249972364,216.52066377858293,218.43677584741994,730600
2021-11-29,217.62240600585938,219.06907986506013,215.2272660999231,218.43675942138722,1134800
2021-11-30,212.18063354492188,218.37925615962604,211.43335113988613,216.7313989026825,2057400
2021-12-01,211.05975341796875,217.85236739018885,210.93520145187964,214.77700099838876,1049900
2021-12-02,215.22726440429688,216.69308884567974,211.43337100969663,211.9794553021855,931200
2021-12-03,211.56752014160156,216.47276245966842,208.79873873052122,215.80212614567884,1784400
2021-12-06,219.9600830078125,221.87619509036242,214.00097326158024,214.00097326158024,1324100
2021-12-07,221.0809783935547,224.09886330677293,219.88340849595374,223.09290166903352,1158800
2021-12-08,222.5564422607422,223.17917289867734,220.285839288426,221.31096636609547,849000
2021-12-09,220.68821716308594,221.81871628608852,218.97328864553262,221.26304202233675,747700
2021-12-10,222.27854919433594,222.93003482304005,221.08097929186894,222.62344991099735,764100
2021-12-13,222.22096252441406,223.62279757022478,219.4652890425006,221.9617134374842,923100
2021-12-14,219.76295471191406,222.4418133064028,218.91800334402674,222.20177163606945,1023600
2021-12-15,220.05096435546875,220.47343998442636,217.29529102701184,219.6861110267154,959200
2021-12-16,220.69430541992188,222.3841934117199,218.26508502190842,219.78213540206775,1394600
2021-12-17,216.46954345703125,221.1359534262681,216.24870925516217,221.1359534262681,2552500
2021-12-20,215.09652709960938,215.31736131663416,211.45748745965363,214.10755666787,703700
2021-12-21,216.50794982910156,217.4681163311848,215.32693448283496,216.36391606320223,695000
2021-12-22,217.79458618164062,218.34187351142486,216.0950872399288,216.0950872399288,620100
2021-12-23,219.14845275878906,220.93436340582136,218.41871669057258,218.41871669057258,489400
2021-12-27,222.44180297851562,222.69144102971862,219.8493559894778,220.4830694859702,510100
2021-12-28,224.80381774902344,225.1014670601386,222.66263561561962,222.7586581390026,724300
2021-12-29,226.25367736816406,226.80097941181253,224.43896291714066,225.19748815286752,460200
2021-12-30,224.68856811523438,227.45385245553686,224.59256025123867,226.3016555307371,478400
2021-12-31,225.24546813964844,226.1000157857323,223.79562191905057,223.79562191905057,500200
2022-01-03,220.6750946044922,225.86959950130816,219.51328655538032,225.3318938907651,715000
2022-01-04,224.20852661132812,225.10148928381344,221.12639962957724,221.54887533260413,960800
2022-01-05,223.9396514892578,227.9243516604778,223.69001344819736,224.81340660943877,688400
2022-01-06,221.27996826171875,224.98621137404012,219.83010753413822,224.4869207138217,907900
2022-01-07,220.7135009765625,221.93291671234456,218.4571181618413,220.8575347632342,668200
2022-01-10,216.8440399169922,220.15661203924304,214.61646083356683,219.31167532186555,1122000
2022-01-11,217.59295654296875,218.07303985695535,213.57946707051127,217.62176036972954,981900
2022-01-12,217.46817016601562,219.06203581929617,215.70145223008333,219.06203581929617,990600
2022-01-13,214.38600158691406,218.58192502497454,213.78109192843672,217.97703001747712,784800
2022-01-14,207.42477416992188,212.74410494723605,206.67584544908362,211.83193502354206,1776300
2022-01-18,204.89955139160156,206.56065019731722,202.62396118447361,204.56350186429734,1856200
2022-01-19,206.2438201904297,209.25874319003813,205.21643473864532,206.37824294897342,1297100
2022-01-20,204.6787109375,209.83480085525434,204.6211032860582,206.93510829216729,1361100
2022-01-21,187.31886291503906,195.38426961439905,186.29149246659605,194.43369958651334,4800500
2022-01-24,184.93768310546875,185.22573600584175,177.47718477560534,182.7869047204599,2482400
2022-01-25,181.3658447265625,183.7950647342232,178.08207714289836,181.6827014211675,1389600
2022-01-26,177.87088012695312,183.29581608959597,176.22898863319574,182.91175527225138,1692400
2022-01-27,176.2097625732422,182.6140714570241,174.30862232874162,180.85696498006476,2194700
2022-01-28,178.67738342285156,178.81180614903485,173.18522977997114,175.95051403400277,2232400
2022-01-31,181.903564453125,182.7485157727256,177.63082589556285,178.59099252202537,2391200
2022-02-01,184.02552795410156,184.544011454433,181.03940934133922,183.03655756105937,1693700
2022-02-02,184.81288146972656,185.71544050776177,183.37263142630388,183.87192221029844,1347300
2022-02-03,181.70191955566406,184.4959930254364,181.404255624306,182.78689777275918,1126700
2022-02-04,180.0120086669922,181.83633378071528,178.1204795177673,179.5607292465592,1576100
2022-02-07,179.25352478027344,181.3946924334893,179.01348310364892,179.964038766454,968500
2022-02-08,179.1479034423828,179.87762485513457,177.4580153360719,179.20551109983938,2143500
2022-02-09,183.71826171875,183.8142842328652,180.65532812080644,180.66493916280515,1131000
2022-02-10,179.88720703125,184.71684355273678,178.8502254104983,181.65390994765124,1032900
2022-02-11,177.07395935058594,182.27806164413906,176.22900787897433,179.99287462470818,1376300
2022-02-14,175.62405395507812,177.7748174885339,174.47185711201573,176.97789220489088,1371300
2022-02-15,175.95053100585938,178.71581552662514,174.1550241362959,175.21119861504746,2145300
2022-02-16,175.52804565429688,177.1987407351003,173.4060857713412,176.37299691138995,1620300
2022-02-17,171.27452087402344,175.3840327038222,171.26490983150435,173.31006935486408,1186600
2022-02-18,171.52415466308594,173.18523871901257,169.95907847311526,171.5625548792725,1294300
2022-02-22,169.6710662841797,171.9850569275391,167.8947520049097,171.28413932939193,1304700
2022-02-23,166.1664276123047,171.29371368330817,165.89758213935932,170.90005651641064,902600
2022-02-24,168.9317169189453,169.4406040538161,162.32576590646133,163.55477800399603,1567800
2022-02-25,173.11802673339844,173.70372889747392,168.6820474419988,169.72864008503686,1107600
2022-02-28,169.2389678955078,170.85205548068822,166.78094362378562,169.93028905330223,2077000
2022-03-01,163.71800231933594,169.02772246561483,162.79625058435056,168.4900315117101,1637800
2022-03-02,165.96481323242188,166.32007020871703,162.83466054059144,164.09247652248234,2175500
2022-03-03,164.30368041992188,167.9331084770929,163.51635153896342,167.68347047112607,791500
2022-03-04,161.4136199951172,163.26673464166328,159.8005323658568,162.05692990795353,1159600
2022-03-07,152.21522521972656,161.22159352095372,152.1288137332795,160.27102321709262,1932800
2022-03-08,150.4868927001953,154.41398485275346,148.68178962777696,152.36882550235111,2143800
2022-03-09,158.44671630859375,159.92536661163308,153.9243246089092,154.99970664748324,2048900
2022-03-10,156.0078887939453,156.85284021877274,152.59929391531477,155.79665093773843,1172200
2022-03-11,152.52247619628906,157.14087537756922,152.292030928983,155.18212723291813,1302000
2022-03-14,158.96665954589844,160.08404370993244,155.30627176264446,157.06903780637865,1713900
2022-03-15,161.65415954589844,164.71731662449633,159.36159803800328,159.9684560131916,2501900
2022-03-16,164.48614501953125,166.11405551146666,160.05516126739766,163.1761118453853,2641300
2022-03-17,165.36270141601562,165.9213935033485,163.41691375987958,164.12973084333916,2657600
2022-03-18,164.8521728515625,167.17363096594755,161.4711384749552,162.5981499338243,5293200
2022-03-21,164.4476318359375,166.29708796149254,162.50184389937795,165.67097528447536,1826800
2022-03-22,169.8707733154297,172.1922169195367,167.4626252088779,168.94603797531917,3364200
2022-03-23,167.35665893554688,169.32170123912599,166.99061573561616,168.35844203776645,1934000
2022-03-24,169.7840576171875,170.5932064982414,168.16578925141698,168.23320975090644,1584700
2022-03-25,171.06521606445312,172.11516517699184,169.31209177632624,170.4198340953283,1475900
2022-03-28,171.74911499023438,172.42339347760804,169.697368230355,171.27711269998846,892600
2022-03-29,175.98748779296875,177.6153985154376,173.38669037694888,174.00317579925115,1888800
2022-03-30,173.77195739746094,175.03383932204127,172.40413106892996,174.31139490708813,1187000
2022-03-31,170.0730743408203,173.38668897063323,169.9478459175932,172.88578997589664,2268300
2022-04-01,173.74307250976562,173.83940431752137,169.31208861823572,171.42162880382256,1175200
2022-04-04,173.4541015625,174.2150699087713,171.71058995986834,172.91466403180826,1105000
2022-04-05,173.5697021484375,174.97605254836924,172.94357476098017,173.7719783780717,1301100
2022-04-06,174.6099853515625,174.81226153643,170.41980228700865,171.50828979947383,1589600
2022-04-07,176.87364196777344,177.63462493390855,173.16510302671324,174.34990767609685,1445800
2022-04-08,176.228271484375,178.26074902794352,175.74664187403334,177.55757391233212,1288300
2022-04-11,173.90682983398438,176.72918726302214,173.69492630752407,174.9567936553545,956800
2022-04-12,172.7412872314453,176.4209300121212,171.76840065682802,174.89899329481335,978800
2022-04-13,173.55043029785156,174.1380190722556,171.77803667276004,172.24039703187722,909600
2022-04-14,170.111572265625,175.40949760608348,170.05376436999506,174.48476235219127,1102600
2022-04-18,168.60887145996094,171.0459305784574,167.51075664091235,169.57213058888664,942700
2022-04-19,174.11874389648438,174.96641677474557,168.64743818668663,169.46619976394317,1663400
2022-04-20,175.56361389160156,176.89291627126082,174.49439560756448,174.9375013001738,1165600
2022-04-21,173.40594482421875,178.68460171908453,172.4715821191602,177.98142653939746,1522900
2022-04-22,168.76303100585938,173.25182299338616,168.5896513822703,172.1633352513961,1049400
2022-04-25,169.15797424316406,169.52401749785147,165.19897774541985,169.52401749785147,1283900
2022-04-26,162.28028869628906,170.96889133634673,162.17432958976994,169.53362974770963,1748500
2022-04-27,164.2742156982422,166.91355116862186,162.56925751563216,162.56925751563216,1656000
2022-04-28,168.8689727783203,169.61068649879388,162.9834583118671,165.17006087322278,1970700
2022-04-29,163.1182861328125,168.6185018474414,162.53069751670094,167.4336973159324,1540200
2022-05-02,159.53500366210938,164.0334229167264,156.50074268742648,163.3976829369845,1909900
2022-05-03,160.26708984375,161.92389704461493,158.93778728305887,160.0647989200128,1439300
2022-05-04,167.4818878173828,167.80940714613953,160.6523829882838,161.4229933588527,1085300
2022-05-05,160.56568908691406,166.32597537082978,158.76439896643475,165.33381950464567,1601200
2022-05-06,159.1304168701172,159.85286126997985,154.1503685708441,159.563880570401,1402100
2022-05-09,157.79148864746094,160.63310037388868,156.6741044376524,157.81075794712496,1085300
2022-05-10,154.46824645996094,160.90281088416876,153.28344175515267,159.66021297885797,1142600
2022-05-11,154.36228942871094,157.93598758876354,153.48572001422286,154.2659576278029,957200
2022-05-12,153.8614044189453,155.50858429497953,150.88493669895476,153.3412508622964,1451800
2022-05-13,156.0383758544922,157.61812048369958,154.4297346227762,154.6031142378278,817200
2022-05-16,153.4857177734375,156.03836347854227,152.647686970815,154.69943377521517,767700
2022-05-17,156.95347595214844,157.54106472527394,153.49537852091734,156.712661122149,868400
2022-05-18,150.47073364257812,155.0269457715024,149.7193779065958,154.48752294416713,1166300
2022-05-19,151.85781860351562,153.69764734364932,148.64053615725788,148.93914418036616,952300
2022-05-20,153.63023376464844,153.91919980122123,149.50748506360856,153.81324068842096,1010800
2022-05-23,155.1136016845703,156.4814277544971,152.95589614850985,155.84567326197484,1043100
2022-05-24,152.58023071289062,154.9113305952133,150.78856825588937,154.3140999774349,1028800
2022-05-25,152.0215606689453,153.2256345633648,149.81568906339496,150.81748677452586,1359500
2022-05-26,158.16717529296875,159.25566301345302,153.51463107569577,154.23707555605174,1142000
2022-05-27,159.929931640625,160.88356358671712,158.40798026623187,159.23638380677068,996500
2022-05-31,157.8878173828125,159.1689538694741,155.74938080485626,158.36944697788067,2008700
2022-06-01,156.88600158691406,158.85105834022,155.61450724492238,158.66803676339407,1004500
2022-06-02,166.76907348632812,166.84613598771966,161.16289776998954,161.34591937352332,1482400
2022-06-03,164.1971893310547,168.20433691155168,163.82151878606524,165.01595093004667,1007300
2022-06-06,163.58070373535156,166.64386129831425,163.34951620868299,165.22786893108187,960400
2022-06-07,164.43800354003906,165.28566173943744,160.84503572531526,161.43262449328094,1182600
2022-06-08,158.9281463623047,163.40729592263918,158.40797814479532,162.35734688478772,1143400
2022-06-09,158.65843200683594,160.77759934336754,157.8974489948745,158.07084329688146,1205500
2022-06-10,152.9077911376953,155.88425893598307,152.638079701498,154.58385296289728,1114200
2022-06-13,147.17636108398438,150.70189314899693,146.5791451061905,149.55561239303643,1141000
2022-06-14,144.75857543945312,147.57129022955044,143.2173550101164,146.37685836007344,1113400
2022-06-15,144.52743530273438,148.1300307848224,142.7165176080255,146.53101663783903,1023700
2022-06-16,140.27943420410156,141.4642388387748,138.5359375006945,140.337227401183,1428500
2022-06-17,143.22772216796875,144.9000131207783,139.16781798059577,141.46843674503145,2731800
2022-06-21,143.63372802734375,144.99670055249572,142.86040934109835,144.99670055249572,1395100
2022-06-22,146.1953125,147.95459773597574,141.39108838471515,141.4684217109966,1182800
2022-06-23,149.1435546875,149.44322683472353,146.1663029811915,146.2339604177872,1291500
2022-06-24,154.32476806640625,154.4021013861332,150.00386654423744,150.00386654423744,1496700
2022-06-27,151.67616271972656,154.05409947022878,150.70951840655488,153.7254439437076,1360000
2022-06-28,148.18658447265625,153.30980256985015,147.91592522976956,152.207828581005,902600
2022-06-29,148.35093688964844,149.05658326512557,146.18564783702791,148.21560724572373,847800
2022-06-30,148.63125610351562,149.72356913119373,144.88068539533592,146.57231330554367,1342500
2022-07-01,152.41082763671875,152.57515542213497,147.98359431550838,148.3702609428027,1132900
2022-07-05,152.74913024902344,152.7877895295412,147.27792019195493,149.82986045093284,1435800
2022-07-06,154.07347106933594,156.14208977384678,151.62786158806276,153.93814142510908,1742300
2022-07-07,153.59014892578125,156.11309174144088,152.07252468216663,154.07347119123463,1073200
2022-07-08,150.4195556640625,153.66748186968994,149.10491851536034,152.9908336497311,793500
2022-07-11,149.12425231933594,150.54522092551233,148.51526155959615,149.15325047457833,734800
2022-07-12,152.5171356201172,153.24211884105821,148.91155653125375,148.91155653125375,1936400
2022-07-13,150.4195556640625,151.50219281599666,147.72262391957474,148.776262915641,1243200
2022-07-14,148.58291625976562,148.87289777804506,145.93430531083797,147.5872589643223,873200
2022-07-15,150.00389099121094,151.54086700281198,149.2112501470181,151.17353736169883,981500
2022-07-18,146.64962768554688,152.25615337784214,146.0116388447581,151.1735163751627,1207000
2022-07-19,152.53651428222656,153.05849585389666,148.08028227752044,148.82460271752126,1228500
2022-07-20,154.08309936523438,154.47942707808195,152.3044773488058,153.40645128831284,1287400
2022-07-21,157.8917236328125,158.09472548643296,153.19383034011548,154.66313424539803,1018700
2022-07-22,157.55337524414062,159.44798999835746,156.29673458073063,158.84867519342683,852900
2022-07-25,157.34071350097656,157.8336968362404,155.5040802866117,157.39870980514607,919300
2022-07-26,153.0874786376953,156.35474163729307,149.9458841380279,155.4654305027507,1351600
2022-07-27,155.28176879882812,155.85208550251699,150.79653899810813,152.07251679262313,1480700
2022-07-28,157.53402709960938,158.51033255962392,154.13143493973305,155.88105881105884,1147900
2022-07-29,159.66065979003906,160.3759819829108,157.63071532349537,158.5200264350036,1010600
2022-08-01,161.47796630859375,161.8549570727454,158.13336985625938,158.65536614497677,900700
2022-08-02,159.84434509277344,161.4296415817872,158.43303754471006,160.7916526319849,655000
2022-08-03,161.4586181640625,162.16426446889105,158.47169041159896,160.11498299468153,972200
2022-08-04,161.255615234375,162.90856878926982,160.63694869941784,161.574594885457,740600
2022-08-05,160.9462890625,161.8162631034493,158.16234853174592,159.10967064279694,654400
2022-08-08,159.2159881591797,163.36288569063595,159.01298636751253,162.2995710672772,690100
2022-08-09,157.6016845703125,159.21599357610393,157.01203094090144,158.8776621617549,757000
2022-08-10,165.0062255859375,165.17055339329355,160.11500640875866,161.57463440338623,1162100
2022-08-11,165.421875,167.13282511404637,165.14153984019066,166.76551024059944,1163800
2022-08-12,168.2831268310547,168.45713049996797,166.15651201540263,166.74616571313476,888900
2022-08-15,170.67074584960938,170.93174398735684,167.82880873807335,168.5247939388505,1118000
2022-08-16,171.1154022216797,172.1207059453795,170.43875406632176,170.8544040939618,1022600
2022-08-17,169.1144256591797,170.10040702366163,168.10912202761813,168.5151108836231,964100
2022-08-18,169.53012084960938,170.11009871243996,168.5827985989505,170.11009871243996,831400
2022-08-19,166.05018615722656,168.8147899360915,165.33486393828105,168.58278995296277,903700
2022-08-22,163.48858642578125,165.36387908616894,163.17925311074546,164.3392235424811,919600
2022-08-23,161.93226623535156,163.03424020839685,160.74328306062253,163.03424020839685,726100
2022-08-24,163.27593994140625,164.51324382680323,162.28029720159188,163.56593626607057,602900
2022-08-25,165.23818969726562,165.9825099863929,163.35323614022343,164.0975416795283,832200
2022-08-26,159.74766540527344,166.56251210776307,159.641333919851,165.73119724441244,660400
2022-08-29,159.42868041992188,160.88832314741555,157.4470708690597,158.23971173943949,584900
2022-08-30,159.87332153320312,161.96127703994293,158.59735855674444,160.80130667502863,934700
2022-08-31,158.36534118652344,161.3136093212553,158.22033568819916,161.07194824053667,1173900
2022-09-01,156.98304748535156,157.6790326458633,154.47944198425077,157.44704742557488,884800
2022-09-02,156.24838256835938,160.22129119337342,155.42672902128533,158.52966368454446,892400
2022-09-06,157.592041015625,162.54125580154866,156.99272618602993,162.54125580154866,2436300
2022-09-07,165.2188720703125,165.45087205449255,157.53405143596703,157.56304959026153,1852900
2022-09-08,165.2188720703125,165.59586282596496,162.4446071440964,163.65291273911376,1234100
2022-09-09,166.88153076171875,167.4615234480896,165.01591367858643,165.8762268218129,1554800
2022-09-12,169.0661163330078,169.16278668247043,166.79451061888074,168.0994718376794,1499100
2022-09-13,160.75296020507812,164.9675302095767,160.46296394677609,164.48420802901413,1516800
2022-09-14,159.14833068847656,161.2362860965189,157.52437520432548,161.2362860965189,964700
2022-09-15,156.41273498535156,160.5209738687186,156.37407569754816,158.74235163328916,842500
2022-09-16,152.38182067871094,154.32477058794558,150.72885228591218,154.32477058794558,1732100
2022-09-19,154.9711456298828,155.02933017439284,151.33446362103558,151.5866015798114,705800
2022-09-20,151.790283203125,152.983110923068,150.5004713638342,152.983110923068,789500
2022-09-21,147.21290588378906,153.83651850913492,147.11592176778987,152.55639920689833,1398700
2022-09-22,144.9532928466797,147.67837745016382,144.91449328635943,146.8637642557971,1016100
2022-09-23,144.74964904785156,145.26363229937513,142.66462376696907,143.78957438444255,1109400
2022-09-26,141.91787719726562,144.807837862754,141.04507942170298,144.2550550865864,1140700
2022-09-27,139.67767333984375,144.0125992276847,139.00852152125546,143.89623014538972,1154700
2022-09-28,144.23565673828125,144.90480861178474,139.46433160257044,140.76383578716417,1533100
2022-09-29,141.51055908203125,143.28526155930143,139.6582722847076,142.42215634553904,1128500
2022-09-30,140.055908203125,143.45014504653983,139.86195477161237,141.84030344935834,1307200
2022-10-03,144.6235809326172,145.82610103015026,140.67656145713983,142.16032659520394,1610100
2022-10-04,148.91000366210938,150.00584707277187,146.73768702543845,146.73768702543845,1393300
2022-10-05,146.74740600585938,148.037202926662,143.83806027027325,146.65042189559412,1158500
2022-10-06,144.17747497558594,147.6783882672465,143.925337005822,145.45759420138205,923800
2022-10-07,139.1733856201172,142.5579295467307,138.44604924487876,142.3542688506775,803200
2022-10-10,137.21444702148438,139.9977163526759,136.26405010054788,139.76496336837965,1139300
2022-10-11,138.3878631591797,139.697074539087,134.98393428819546,136.03130043258204,1365100
2022-10-12,136.28346252441406,139.11522417306955,136.07981659224885,138.3878876770817,1340400
2022-10-13,139.86192321777344,140.71533588113098,132.8019133600746,133.82987963310347,1409900
2022-10-14,135.3136749267578,141.3457198675275,135.1875985374101,141.20995098580624,1237000
2022-10-17,140.3274383544922,141.35540480367382,138.36847476777584,138.42667411200097,1512900
2022-10-18,143.60531616210938,145.68064898988584,142.3155043638714,143.74108504625556,1307100
2022-10-19,141.32630920410156,143.48893345046181,140.24015823395635,142.4706595171021,1305200
2022-10-20,137.69932556152344,142.0730362302464,136.80712806535738,140.98688533016534,1323900
2022-10-21,141.50088500976562,141.56876205008766,137.00109744481935,137.70903411062417,2344400
2022-10-24,143.9447021484375,145.69031230768286,142.39306018287152,143.12039651608245,1222300
2022-10-25,148.366943359375,148.78394248795817,144.73026110811176,144.73026110811176,1052500
2022-10-26,147.61050415039062,150.19981995365134,147.25167479798512,149.11365420265474,769500
2022-10-27,148.5318145751953,151.35388374481428,148.00812400882324,148.29906156817452,982800
2022-10-28,153.00247192382812,153.28370212233284,148.4153935595196,149.01666831120824,1084000
2022-10-31,152.3236541748047,154.28260301040467,152.05210162172273,152.11999345941769,2108100
2022-11-01,138.65940856933594,145.9424799329402,137.99996399615955,145.25392828958525,3674300
2022-11-02,133.0831756591797,139.51283485841472,132.9764990505241,137.38900997553444,2591800
2022-11-03,127.38085174560547,131.01753367822425,127.0802069424438,130.34838183499093,3096100
2022-11-04,130.67813110351562,130.9108841224489,127.39057054929435,130.12534823268652,2665600
2022-11-07,134.14022827148438,134.18870552426458,131.2017757468113,132.0842807533149,1818400
2022-11-08,137.21444702148438,139.0376269398636,134.3632858540699,135.20699137588528,1711400
2022-11-09,136.3998260498047,137.91269832965054,135.67248958356464,136.46771788954894,1844400
2022-11-10,147.0480499267578,147.7462941530975,141.733633893206,142.9361689047241,1863400
2022-11-11,150.97564697265625,151.67389116093253,147.06742689539507,147.6880867518964,1320800
2022-11-14,148.26995849609375,150.8786742520878,148.2020814558835,150.15133780551835,1155800
2022-11-15,148.15357971191406,151.4508321350039,145.9327709535667,149.85069797626556,1144300
2022-11-16,145.27334594726562,148.13419987566837,144.95331611289058,147.62021660165055,1366600
2022-11-17,143.43075561523438,143.80897001317348,141.79183642263118,143.80897001317348,1198800
2022-11-18,143.63438415527344,146.5049448175497,142.72278688824593,145.85517798430547,1133300
2022-11-21,143.8380584716797,145.06967083000174,142.5870315343102,142.7034006270153,1421900
2022-11-22,144.419921875,144.58478302581818,141.35540745371446,144.33264505357232,2038700
2022-11-23,145.52548217773438,145.52548217773438,143.98353237434313,144.59449975963724,1274200
2022-11-25,144.44900512695312,145.56426314487615,144.19686717045505,145.17634152215197,553400
2022-11-28,141.08387756347656,144.27446854757216,140.98690824460684,143.5180397909747,1200500
2022-11-29,140.53111267089844,141.675448323927,139.97832982997187,140.60869700634598,1059300
2022-11-30,145.3024444580078,146.0588732634609,139.14432260064794,140.66688750245706,4354900
2022-12-01,147.34866333007812,148.8906129899661,145.7388218347209,147.0965105671322,1593600
2022-12-02,146.78619384765625,147.62020690124456,143.0234352155093,143.77017144664833,1703600
2022-12-05,145.90365600585938,146.9995140786484,144.5556600144378,144.72052113020075,1083000
2022-12-06,143.9447021484375,146.6794938642045,142.85855129277175,146.4273559291951,1268500
2022-12-07,143.49862670898438,144.9823918092364,143.03313554753402,143.45013465519435,1210200
2022-12-08,144.66233825683594,145.51575091077262,143.64406448524235,144.06107832212317,1059500
2022-12-09,145.8067169189453,148.14388008912127,145.7582248636293,147.14500589994165,1282300
2022-12-12,145.96185302734375,146.53403553416774,144.429596011436,146.24309803535309,1511100
2022-12-13,148.10508728027344,152.43030610193276,146.87346017108212,151.26657082603637,1073900
2022-12-14,145.8939971923828,148.68697391046513,144.49750883334164,146.81528707439807,1148700
2022-12-15,140.94810485839844,143.64409749169675,140.57959778036437,143.28528290597734,1375900
2022-12-16,139.6970977783203,140.50201860090004,137.31142758629016,139.16371472749054,2270500
2022-12-19,137.44862365722656,139.87228851355837,136.72832954421594,138.89892531603556,1141300
2022-12-20,139.03517150878906,139.32718338798037,136.39736601730158,137.50699927635566,1340700
2022-12-21,140.456298828125,141.35179110120805,139.32719406332112,140.48549853304732,1039200
2022-12-22,139.23960876464844,139.42455014906884,136.86460017969046,139.05466738022804,1019800
2022-12-23,140.6898651123047,140.91374926993566,138.40247123990267,138.85020985048666,1025100
2022-12-27,141.57568359375,142.80213081029163,139.7554990451934,140.83593286091855,787400
2022-12-28,139.96961975097656,143.2790484209834,139.6386798544444,142.0428730988279,714600
2022-12-29,143.77549743652344,144.1648368097862,140.19351282265688,141.14740468379216,896400
2022-12-30,141.68272399902344,143.3082385196204,140.11560888538875,142.76315758485035,828100
2023-01-03,143.28878784179688,143.98959560649115,141.41991762813825,143.13304618193496,1069200
2023-01-04,145.7708740234375,146.4327687523443,144.4081714232535,145.5178049269303,905600
2023-01-05,140.97216796875,144.29133943150876,140.44654362063952,143.87278560969182,995800
2023-01-06,145.47886657714844,145.57619398317993,141.47834333637263,142.73397529628556,1023000
2023-01-09,146.2186279296875,149.24578821733783,143.8630906578187,144.0285606272752,1043400
2023-01-10,148.14585876464844,148.2334578778535,144.8559016325413,146.34514596639553,1049700
2023-01-11,150.1412811279297,150.72530501814956,148.64230825980397,149.82979775918724,1039200
2023-01-12,149.29444885253906,150.98809127515008,148.7785675568767,150.87129244665095,854300
2023-01-13,150.31646728515625,150.58902263704113,147.49372003175688,147.57159086767496,728100
2023-01-17,149.1192169189453,150.88100167050695,147.2600899210362,150.7642028567632,1754700
2023-01-18,146.3451690673828,150.44301999025842,146.20889880788363,149.90766723781718,1048600
2023-01-19,144.64175415039062,145.3912329999167,143.1038387599607,145.18683507817008,1134200
2023-01-20,148.80776977539062,148.88564061315205,143.80468355488225,144.97271641661635,1277900
2023-01-23,150.18020629882812,151.03677069441835,147.21146032767822,148.92457426651447,1182500
2023-01-24,149.57672119140625,150.67662636037457,148.05827697547988,149.60592089922454,699100
2023-01-25,148.34056091308594,148.80778599056674,146.31597832005022,147.54241073066046,754300
2023-01-26,147.80519104003906,148.45734252754002,146.2380758722901,147.211438961517,968200
2023-01-27,148.2724151611328,148.7298970444431,146.57875787915359,146.86104151898851,764100
2023-01-30,146.4522247314453,148.76881890745676,146.28673992741184,147.99012542417992,758600
2023-01-31,150.705810546875,150.77393824065325,146.55928908794948,147.03622750142387,1321100
2023-02-01,151.5818328857422,152.75960878328308,148.7590858090926,149.66430637181497,834100
2023-02-02,155.0762481689453,155.31958899407684,151.91281744223545,152.7206959116083,1653600
2023-02-03,149.2068328857422,153.47016829713243,148.78829385431547,152.2437360572438,1129800
2023-02-06,147.6494598388672,148.92456319969227,147.25037737945598,148.23346882236206,890000
2023-02-07,148.23345947265625,148.79801185106615,145.93632197017632,146.7150154180638,1140500
2023-02-08,147.19200134277344,148.12642180570333,146.81239024489338,147.46454188215677,936000
2023-02-09,141.88717651367188,148.41843612873222,140.87487033500673,148.41843612873222,1858700
2023-02-10,142.13050842285156,142.38357752545744,140.0767113351442,141.3712862626891,1411000
2023-02-13,143.95068359375,144.21349581739184,140.54391238097392,142.90919268906293,1907000
2023-02-14,154.18072509765625,154.7647489591945,146.46196204284155,146.46196204284155,2512400
2023-02-15,159.5828857421875,159.63155687023848,154.62847086486252,154.95941077186046,1703200
2023-02-16,157.67510986328125,160.5659997508565,155.83545401231007,156.5557332736609,1353200
2023-02-17,158.08392333984375,158.41486326843798,156.26372402788746,157.03268928518204,1045700
2023-02-21,153.97633361816406,157.53884664821092,153.3047106048534,156.53628369720482,1285100
2023-02-22,154.99835205078125,156.0787857322988,153.35336596472507,154.0055174874655,1047800
2023-02-23,154.57008361816406,156.03012846055412,153.06136764389217,155.2319634842557,1157900
2023-02-24,154.35595703125,154.89130982759207,151.29959680126916,152.07829042755347,730300
2023-02-27,155.5044708251953,157.62640993333403,154.97886132909804,156.31236391457935,880600
2023-02-28,155.1248779296875,156.9645336590537,153.9568451392291,154.87180886166337,1394600
2023-03-01,154.29754638671875,156.31240058888497,153.99580615591054,154.2878032487285,886800
2023-03-02,157.61671447753906,157.79192759746843,153.3923212547684,153.60646237226788,1078700
2023-03-03,159.0475311279297,159.42714215841895,156.5070527385499,158.4829935768167,892500
2023-03-06,156.71148681640625,159.35903610484615,156.36107544433787,159.07675243860908,876000
2023-03-07,153.6162109375,157.18845264765753,153.15872897507626,156.2637455838142,1031100
2023-03-08,155.48504638671875,156.49733760229128,153.217108297796,153.74271790250123,1128300
2023-03-09,153.45069885253906,157.14948189414767,153.1781583512741,156.12744758823243,1179300
2023-03-10,153.85952758789062,156.22479302607636,152.65255187748096,155.12488786136709,1467600
2023-03-13,153.59671020507812,155.0372835287238,151.96145236681437,152.9348155305318,1234700
2023-03-14,156.3123779296875,157.34414044766422,153.89844158080405,156.37077733978546,1168600
2023-03-15,154.9886016845703,155.4947546533654,152.20478263471057,153.849768644038,1375100
2023-03-16,154.5408935546875,155.7381262415125,153.07110548278237,154.44355128484852,1329800
2023-03-17,150.4624786376953,154.00551993617313,149.77138426098145,154.00551993617313,2548300
2023-03-20,152.6503143310547,152.75775324888758,150.89224462606916,151.3806006337746,1737600
2023-03-21,154.11537170410156,154.6525662561435,152.69914236031212,154.1837486941076,1137900
2023-03-22,151.98614501953125,156.19577108086986,151.96660660783962,154.23258545394233,1120800
2023-03-23,153.38282775878906,155.8050839624224,151.5661430577844,151.98613691783848,1254000
2023-03-24,156.62551879882812,157.18223682464097,152.1228764035236,153.05074971550545,1113900
2023-03-27,156.47903442382812,158.9794147328531,156.3325186833111,157.90502558283038,926700
2023-03-28,156.44972229003906,157.40691078837145,155.7562651102769,156.24462111428392,690700
2023-03-29,158.4519805908203,158.4910574160091,156.63529570903484,158.2566411752025,1075700
2023-03-30,159.47750854492188,160.41515847178695,159.03799119622636,160.06354161214253,732400
2023-03-31,161.6751251220703,162.13418092298298,159.8096017526968,159.8096017526968,1716300
2023-04-03,162.15374755859375,162.8569814652269,160.89378059944104,161.56771433525148,1104500
2023-04-04,161.03048706054688,162.9253105414128,160.180752472022,162.32951568303167,1622100
2023-04-05,162.2318572998047,162.47603528195162,160.1319177112762,160.59097350998778,1747700
2023-04-06,163.14996337890625,163.25740229336893,160.30774282983393,161.25515464733874,1102400
2023-04-10,162.0951385498047,162.69093349708302,160.71797098099756,161.6653828627917,907900
2023-04-11,161.29421997070312,163.35508289817201,161.1672426409034,162.24163180818763,862000
2023-04-12,160.42494201660156,162.93509894792598,159.8877474492518,162.48580488156745,764100
2023-04-13,162.8667449951172,163.0425460219685,159.7998695535658,160.93285918253233,841400
2023-04-14,160.5421600341797,163.11091757710065,159.50684761255266,162.13420549580067,923900
2023-04-17,160.13192749023438,160.62028348435123,157.76828626712177,158.02222601882335,1346600
2023-04-18,160.46400451660156,161.37235440711166,159.5263693624308,160.7863212581734,608100
2023-04-19,160.8253936767578,160.93283258767133,159.33102558169625,159.67286582300898,579100
2023-04-20,160.5226287841797,160.79610696148373,159.37986258912147,159.85845685112497,615700
2023-04-21,161.74351501464844,162.24163277511664,160.45424800622357,160.59098709165264,1075200
2023-04-24,162.21231079101562,163.11088393204878,161.33326115710193,163.06204535736904,747900
2023-04-25,160.47377014160156,162.60299495636613,160.39563140021923,162.01697675116023,787300
2023-04-26,158.7938232421875,160.46399225316767,158.33476745473894,159.80959706548248,737200
2023-04-27,162.2904510498047,162.39788995373016,159.33101521846942,159.73145576633644,720300
2023-04-28,163.9313201904297,164.3415373961913,162.17323580613657,162.17323580613657,1200500
2023-05-01,164.8494415283203,165.8163917228838,163.3550734389123,163.92156815763664,1274700
2023-05-02,170.22137451171875,170.45579076844874,163.75554552387516,166.32428807545023,1831300
2023-05-03,169.30322265625,175.5834873846856,169.02974453996822,171.55942456729449,1520800
2023-05-04,168.3460693359375,170.06507697245104,166.33404513889153,169.36184318854973,1040700
2023-05-05,169.6255645751953,170.69995369428474,168.68792943802796,170.31903662541518,959600
2023-05-08,168.8051300048828,169.58650255435654,167.9553953679301,169.08836991605313,845300
2023-05-09,168.82467651367188,169.20559360058533,167.41820883785522,167.56470967765173,859600
2023-05-10,170.85623168945312,171.1883251129467,168.87350742096424,170.92460868658046,1204400
2023-05-11,170.16273498535156,171.1785087236985,168.90276838782927,170.76829154647535,703900
2023-05-12,170.13345336914062,172.0673388164164,168.95162537703575,171.23714261847945,836400
2023-05-15,169.70372009277344,170.66089373673546,169.16652548013641,170.377653797405,604400
2023-05-16,168.54141235351562,169.52790096499973,168.41443503042757,169.32278489719917,722400
2023-05-17,170.38739013671875,170.65110652602903,167.88701002553665,169.26417739884025,654400
2023-05-18,170.87574768066406,170.95388642279468,168.00421224698871,169.90881241661012,938800
2023-05-19,171.18829345703125,171.6571109812001,170.05530411213618,171.6571109812001,1019700
2023-05-22,168.96142578125,171.60830713604074,168.82468668805168,170.79763433227814,738200
2023-05-23,163.62855529785156,168.15073649236507,162.9839218202108,167.68190401583985,1314800
2023-05-24,163.74575805664062,164.42946836777853,162.92532356740568,163.29647889020146,834100
2023-05-25,162.84718322753906,164.49782884790127,161.41141543369986,164.45876692646164,1253300
2023-05-26,163.0229949951172,163.97040677798472,161.704427902504,163.56995130204243,705000
2023-05-30,161.93887329101562,164.26343801396288,160.6496061324792,163.28672588905138,793300
2023-05-31,161.20632934570312,163.05231455283638,160.19054045194318,161.24539127079694,1872600
2023-06-01,165.18153381347656,165.83592908543667,160.6886674156661,161.24538552320828,987800
2023-06-02,169.06886291503906,170.06509848203385,166.84196061884342,167.4084404964946,1079500
2023-06-05,169.36184692382812,170.85621502171637,168.84419078029518,168.84419078029518,1146100
2023-06-06,169.14697265625,169.557204800729,167.86748235370652,168.70745524824193,978900
2023-06-07,171.1687469482422,171.86221889995394,168.82464453486324,168.82464453486324,1079100
2023-06-08,172.8584747314453,172.87801314318216,169.89903874957463,170.75855002469848,1045200
2023-06-09,173.34681701660156,174.15748965010872,171.53990901478082,172.71196026796406,1071500
2023-06-12,174.86074829101562,175.4077046268505,172.91708604440595,173.35661836746974,1494600
2023-06-13,177.24392700195312,177.49786675552426,174.49936867936114,174.86074734856666,962100
2023-06-14,175.62257385253906,179.01176552110994,175.1439945338585,177.76157541377194,1056500
2023-06-15,177.97645568847656,178.4355115049052,174.86074213148112,175.32955970233354,805700
2023-06-16,178.31930541992188,179.4555999427786,177.45730177061418,179.4262143039907,2511300
2023-06-20,176.9087371826172,178.6621449407189,175.64509501803104,178.6621449407189,960000
2023-06-21,177.0752716064453,177.36914293806683,175.37082984057392,176.0369391887105,1065400
2023-06-22,176.19366455078125,176.79119746807538,174.6557612715629,176.69325031828853,811700
2023-06-23,174.5087890625,175.6940644687801,173.89167578617761,174.8026603567518,1218300
2023-06-26,176.7128143310547,177.18301441516633,173.50966033444666,174.4990116526307,651400
2023-06-27,177.21241760253906,177.819740754352,175.9585804812312,176.75202264973973,1122000
2023-06-28,177.37892150878906,177.77073996058417,176.35037938918214,176.8303696975096,797500
2023-06-29,180.12168884277344,180.59187395690128,176.39935390088283,176.85974878549882,1073900
2023-06-30,182.87428283691406,183.89301990836722,180.25885622629522,180.72904141720304,1365500
2023-07-03,182.76649475097656,182.99178959778484,181.02287735168164,181.83591478232825,703500
2023-07-05,180.00416564941406,182.12002148648645,179.23031885691384,179.7984661620676,1725300
2023-07-06,179.38705444335938,179.72010167728894,176.55612306112144,178.92665946537272,1281300
2023-07-07,179.65150451660156,181.66941299142513,178.289915149437,178.54461060820515,1317300
2023-07-10,179.935546875,181.26775031732944,178.49559113413977,179.11271929362655,889300
2023-07-11,180.8857421875,183.16812116589404,180.04331910941,181.19919394262544,1004300
2023-07-12,182.96241760253906,183.62852691033976,181.08166211973295,182.6783514655537,903800
2023-07-13,182.52162170410156,183.46199199058827,181.32655596538268,183.46199199058827,703300
2023-07-14,184.60809326171875,185.23501177388374,181.45390529356843,182.34529454350246,897500
2023-07-17,183.73629760742188,185.43093426276545,183.05059282426,184.6081064592721,802200
2023-07-18,184.75502014160156,186.01864738719163,183.7362831716381,184.01055908458656,729900
2023-07-19,183.4522247314453,185.10768559057806,182.60001125006002,184.49055723679248,655600
2023-07-20,183.90281677246094,184.69625891715944,183.0407981723356,183.40323101697146,612800
2023-07-21,185.30357360839844,185.5974449311359,182.55100927748765,183.46199393636573,1589200
2023-07-24,185.55824279785156,187.09616082311598,185.23500080416528,185.78355260145958,827300
2023-07-25,186.94923400878906,187.3508426831511,185.93048213759297,186.1068109005335,717100
2023-07-26,185.09786987304688,187.49779155066298,184.2848323759029,186.67496382352306,842300
2023-07-27,180.07272338867188,186.46925633868162,180.013952112683,185.92070450023002,1249300
2023-07-28,179.8278350830078,181.63022398541145,179.10295446170957,180.92493877196364,1267900
2023-07-31,179.39682006835938,180.82698585747772,178.45643483145855,180.23924321605017,1403700
2023-08-01,181.38531494140625,183.63830830984952,175.8312056701354,179.14212674933245,2467000
2023-08-02,181.13064575195312,185.45051377026755,179.54374661337704,181.90449244073702,1445500
2023-08-03,177.7805633544922,181.41472695006817,177.3201684056527,180.36660426331179,2091200
2023-08-04,178.79928588867188,181.9828594547946,178.3486961542014,179.3380474815528,1168100
2023-08-07,180.73880004882812,181.346138050606,179.21068723535726,179.71027292608704,675300
2023-08-08,181.42453002929688,182.051448577307,178.58379368134692,179.12255531172684,989300
2023-08-09,179.55355834960938,182.43347046702473,179.54375317227007,181.57145188850131,1024000
2023-08-10,181.2187957763672,181.79673321347533,180.22944448842364,180.23923471811656,1092300
2023-08-11,180.5918731689453,181.63999570491913,180.34698290998043,181.60081984012746,793900
2023-08-14,180.39599609375,180.89556693016144,179.4654159332576,180.85639105838945,844500
2023-08-15,178.14297485351562,179.74945439299327,177.9960466733775,179.74945439299327,848900
2023-08-16,178.57398986816406,179.31845091639042,177.59442877722176,178.55439446120872,750900
2023-08-17,177.29075622558594,180.33719162719206,177.27116081984695,179.19109206864516,945100
2023-08-18,175.68431091308594,177.27119530762218,175.08677797057618,176.26224844604445,1153900
2023-08-21,176.7813720703125,177.72174224517022,175.3903972659377,176.7323910317041,769200
2023-08-22,176.85977172851562,177.76096620871553,175.24348683447457,177.38872818216353,625800
2023-08-23,176.34060668945312,177.73158176259412,173.76435601939173,177.60423402698885,1297200
2023-08-24,175.21408081054688,179.07355375183042,174.65573878259445,176.02711827836833,1522000
2023-08-25,176.79119873046875,177.78056509472714,175.03779078351465,175.6353237050755,631000
2023-08-28,177.23196411132812,178.05480670892118,176.59525544168963,177.19278824806875,584400
2023-08-29,179.3086700439453,179.40661719000147,176.14469174021977,177.04588619728736,565100
2023-08-30,180.11190795898438,180.6702650016884,179.12255655589996,179.6613181900221,516900
2023-08-31,180.05313110351562,181.43431590087295,179.80824081803738,180.5429116744721,1042600
2023-09-01,178.9658203125,180.99351908108093,178.52502078143542,180.5918954196349,613300
2023-09-05,178.36830139160156,180.8367998847552,178.26054905805745,179.2988815738908,1371800
2023-09-06,177.9078826904297,178.97561565203543,177.359330864421,178.2997160996618,693900
2023-09-07,177.9666748046875,178.76992217748506,177.0850756877849,178.0352512644269,819800
2023-09-08,178.3388671875,179.67107069995114,177.58460105808282,177.62379186701872,777200
2023-09-11,180.09231567382812,180.69963877773867,178.57399296713538,178.57399296713538,738500
2023-09-12,178.39767456054688,180.47435439394513,178.20176531695913,179.47519782065527,605900
2023-09-13,176.5561065673828,178.4172667684559,176.34060191922694,177.83932927881833,896000
2023-09-14,174.0386199951172,176.64425612562056,167.3971968889191,176.64425612562056,2265500
2023-09-15,174.32272338867188,175.71369854420487,173.55865187669917,174.01904685140101,3205300
2023-09-18,172.70156860351562,174.25389990693188,172.46576631980452,174.11635232265763,844200
2023-09-19,173.2222900390625,173.62511332905422,171.23766199295247,172.18085616079134,1087500
2023-09-20,174.4209442138672,175.9732757247506,174.08690217763723,174.27357713657878,818200
2023-09-21,169.08604431152344,173.38932782916714,168.7716412279447,173.38932782916714,959600
2023-09-22,168.96812438964844,170.86433225604546,168.68320973177694,169.68535075438865,966500
2023-09-25,169.15480041503906,169.47902295359006,167.02280522962496,168.1526593860236,969500
2023-09-26,166.00100708007812,169.42005757990532,165.6767845770208,168.55546423841918,868900
2023-09-27,164.93011474609375,167.31756634042316,164.07535571422443,166.69859463234437,1002100
2023-09-28,166.3056182861328,167.4551265508511,165.06767477677047,165.73577389146158,874700
2023-09-29,166.43333435058594,168.417962795576,165.6964689122128,167.79899103004152,1029700
2023-10-02,163.97708129882812,166.7673558914515,163.20092313200354,166.05012955692925,949300
2023-10-03,162.6605682373047,164.81221746908335,162.25774491257926,162.90619002190837,1171000
2023-10-04,166.63966369628906,166.67895659014732,162.80796940356424,164.05571742181021,1208500
2023-10-05,165.49014282226562,167.04247436400638,164.2325604325251,166.58070419057114,800400
2023-10-06,166.57086181640625,167.97582621123001,163.41708651695072,164.5764141371318,819100
2023-10-09,164.7434539794922,166.91475738635913,164.04589643109907,165.9420896172361,812400
2023-10-10,166.1680450439453,167.5729943758298,164.93993619094283,165.40170631899682,650100
2023-10-11,166.7771759033203,167.57298801118984,165.47046633436864,167.2978928378908,464700
2023-10-12,162.6016082763672,166.69857751370867,161.91387033332956,166.1778605717257,839200
2023-10-13,161.74685668945312,163.92797925912734,160.86260930113025,163.51532148297193,666800
2023-10-16,163.39743041992188,164.34062465078287,161.74685925536977,163.19111652013473,976700
2023-10-17,163.37777709960938,164.5665931148164,161.8647535263642,162.24792290470032,736400
2023-10-18,159.4085235595703,162.63107987812137,159.17272127105588,161.58964600575047,893300
2023-10-19,157.531982421875,160.6955921716798,157.48285506718832,158.8976389294071,1298100
2023-10-20,157.129150390625,158.76008252979761,156.96212938720078,158.2197116413292,1326300
2023-10-23,156.36282348632812,157.94462839304413,155.9796540985678,156.58880632411908,1093900
2023-10-24,157.44357299804688,158.1804383942936,156.57897946914997,157.3846261649975,1316500
2023-10-25,155.89125061035156,157.78745880396175,155.3508796229722,157.19796045562686,1148800
2023-10-26,155.64559936523438,158.21971068364098,155.55717912717375,156.8049418999822,1213000
2023-10-27,154.68276977539062,156.5691431883145,153.97537787159877,155.42945456647615,1077500
2023-10-30,156.36282348632812,156.83442811092863,154.83014593528685,155.9501806834758,1480800
2023-10-31,164.80239868164062,165.60803034288574,156.36282273388846,157.37478329134893,2621100
2023-11-01,164.2816925048828,165.44102021337594,162.49355859190723,164.49782589821734,1862600
2023-11-02,168.12319946289062,168.62427751338655,164.37010627513615,164.93995063180802,1158700
2023-11-03,171.70928955078125,172.9570374820277,169.48885891768293,169.881862786692,1056800
2023-11-06,171.41455078125,171.90579440359747,169.98994727475548,171.02156187999827,1050200
2023-11-07,170.9527587890625,171.87629908002143,169.76394277820685,171.27698133747768,832100
2023-11-08,173.59564208984375,174.0377582712303,171.03135024792635,171.0411697216237,985800
2023-11-09,172.61317443847656,174.46025512760303,172.5542276065367,174.01812390492498,1083400
2023-11-10,174.78445434570312,175.2364050215723,172.2692896927718,172.80966061232277,749100
2023-11-13,175.86520385742188,176.1402990663653,174.05743105820375,174.28339891021488,649100
2023-11-14,180.6400909423828,181.41624920724288,178.22316591770823,179.1074133620565,875500
2023-11-15,180.08004760742188,181.68150632120432,179.30388942210155,179.52003777579841,762000
2023-11-16,181.88787841796875,183.05704070215168,179.6281546324922,180.08009039464764,991800
2023-11-17,181.12149047851562,182.59522102759527,180.71866719712554,182.05485016128694,986500
2023-11-20,181.74046325683594,182.2218873425906,179.195825214055,179.48073988256206,800900
2023-11-21,183.3321075439453,183.9412447775094,181.7109947571897,181.7109947571897,784800
2023-11-22,183.38124084472656,184.57005702407494,182.81141142724297,184.31461573376967,719800
2023-11-24,183.96090698242188,184.5405708269555,182.74261746899856,183.5973765276012,299400
2023-11-27,185.69004821777344,186.04374414737455,182.87031524584054,183.29277747176175,929600
2023-11-28,185.11041259765625,186.1616660813254,184.8844297530428,185.63112960208792,1057000
2023-11-29,185.3265380859375,186.1420041410326,184.57001885552546,185.6900534991914,969300
2023-11-30,188.3722686767578,188.58841706239903,185.02199868244927,185.55253517984534,1673300
2023-12-01,189.030517578125,189.76738292470017,187.7925891928417,188.30348669743836,1112400
2023-12-04,188.08734130859375,190.32741079833397,187.65504456643967,188.13646866412293,1642000
2023-12-05,186.67257690429688,187.85155860222142,185.49359520637236,187.60593679050524,1426200
2023-12-06,186.9673309326172,188.68668365928576,186.6824012283494,188.16596660424855,1065400
2023-12-07,189.05018615722656,189.20738770797732,186.25992609344326,187.60592876677967,792500
2023-12-08,188.75543212890625,189.4628240974739,187.58626998664678,189.0108883901785,726900
2023-12-11,190.0719757080078,190.91691527922046,188.17576766228765,188.7652659646461,969300
2023-12-12,190.62216186523438,191.52604824815674,189.00104906578323,190.3470666613695,1322300
2023-12-13,195.02371215820312,195.1612597686269,190.9758696301045,191.49658665467777,1579700
2023-12-14,193.25521850585938,198.08905346233954,192.7836288736956,195.24966621173746,1594500
2023-12-15,193.33380126953125,193.80539085777158,191.43760845143066,192.36113368919553,2716500
2023-12-18,193.8658905029297,194.49650830011151,192.1021362848336,193.32394980962164,773600
2023-12-19,193.95457458496094,195.2847913313838,193.50132601433384,194.25017997695656,1025700
2023-12-20,191.9937744140625,194.67390417754947,191.97406337657787,193.55060056767144,1403800
2023-12-21,194.0235595703125,194.41769007744242,192.3977373993927,193.1860134487676,936500
2023-12-22,194.72314453125,195.7676039124094,193.90530944116296,194.2009148406703,572800
2023-12-26,195.72821044921875,196.5756046345115,194.5852108439185,194.71331003411552,648900
2023-12-27,196.46719360351562,196.81206905921707,195.06801081586926,195.06801081586926,528200
2023-12-28,195.954833984375,196.79238016524536,195.65924360064773,196.37853859291104,521000
2023-12-29,195.44244384765625,196.38836303232932,195.05816135979887,195.87598137014803,703700
2024-01-02,195.29464721679688,195.39318736314567,192.33862324771786,193.59001093779364,1158600
2024-01-03,193.24513244628906,194.66402633493234,192.69334371962003,193.9545793906107,903700
2024-01-04,192.62435913085938,194.57533052265458,192.2400766592162,192.83127236591372,1065900
2024-01-05,192.3878936767578,193.3141169277343,191.53065153537617,192.24994649268356,760100
2024-01-08,193.107177734375,193.17615884007628,190.62412856119133,191.80653507724753,960900
2024-01-09,193.05789184570312,193.31409017718534,191.49120296441734,191.73753826154203,777700
2024-01-10,194.4965057373047,194.95961732047348,193.16628905626857,193.18600009079665,601000
2024-01-11,195.11727905273438,195.1961081571573,193.17615558227288,195.09756801785005,847300
2024-01-12,196.00408935546875,196.19130660786143,194.9497819839997,196.16174757170626,681000
2024-01-16,196.12234497070312,197.0091612487442,194.82170214540602,196.73326686049583,1078200
2024-01-17,194.54579162597656,196.43764514643397,193.88561474918532,195.19612050225996,1192800
2024-01-18,197.5215301513672,197.83683155954378,195.05817681983078,195.05817681983078,1034000
2024-01-19,196.94015502929688,197.78754912378625,195.10741966377867,197.6791609825685,2739700
2024-01-22,197.92550659179688,199.24587539031742,196.9894353426698,198.428040288625,1141400
2024-01-23,196.26026916503906,199.5118983998974,195.8759866667904,198.52655711873516,1025800
2024-01-24,193.73780822753906,196.75295030314658,193.5900130415252,196.05336637586015,795900
2024-01-25,195.70849609375,195.8365952817752,193.89547159994655,194.58520754485917,788400
2024-01-26,195.5803985595703,196.76280510353888,194.65417533900853,196.17159431399713,688600
2024-01-29,196.3292694091797,196.33911741030994,194.30931657887504,195.33408003083898,1070700
2024-01-30,197.79742431640625,198.01420061216572,195.60996535746293,196.3095492832285,870000
2024-01-31,195.31436157226562,198.27038559157936,194.5655075666811,198.05360929402045,1715100
2024-02-01,197.0978240966797,197.10767209729113,193.38308309047144,194.9202281874343,1129800
2024-02-02,196.4080810546875,197.62004663102942,194.16150411727153,196.14203469667078,1180000
2024-02-05,192.68350219726562,195.25524369811558,192.6243841224371,193.65898050216742,1769800
2024-02-06,197.01898193359375,197.35399435357243,192.8509926135493,192.97909178858825,1444500
2024-02-07,200.02427673339844,200.4282702603515,197.56092357165707,198.240811449916,1164900
2024-02-08,199.91590881347656,200.02429696496074,198.51672588030013,200.02429696496074,767700
2024-02-09,199.74839782714844,200.63519901989926,197.56093884757303,199.53162152934433,997400
2024-02-12,200.0045623779297,200.980055626426,199.02908416454764,199.4823327191194,1046800
2024-02-13,217.93777465820312,218.3023611516071,209.59194794216899,210.5181561055227,3193200
2024-02-14,213.78948974609375,218.10528918248392,213.14902395503668,216.97213773700295,1966100
2024-02-15,213.2968292236328,214.8044001872756,211.15864043882647,214.02598718736857,1988700
2024-02-16,212.2228240966797,214.2920319040039,211.86810061040757,213.30669055714978,1975700
2024-02-20,213.21800231933594,213.87817918306843,210.8039191525255,211.5133660880531,1188500
2024-02-21,213.7500762939453,214.7157215720034,212.25236837614756,214.1245107909521,1176700
2024-02-22,216.4991912841797,217.50424361836562,214.04568603855716,214.79455504780412,1039400
2024-02-23,219.08078002929688,219.22859024468835,215.22809195553015,216.75537397055203,1435900
2024-02-26,217.0509796142578,219.02166220747614,216.9524394705509,218.7457678472348,1378400
2024-02-27,218.83445739746094,219.31728007289198,216.9524518055073,217.07070299170186,1275700
2024-02-28,221.71165466308594,222.32257653198926,218.1742827785496,219.73112393621295,1166300
2024-02-29,221.5441436767578,222.3816898313147,220.44056618520437,222.2930127189825,1731600
2024-03-01,222.2042999267578,223.0122869688014,219.38622334969506,219.99714514871545,1015100
2024-03-04,222.58860778808594,223.93853567867097,221.37664212197055,221.37664212197055,898400
2024-03-05,220.13510131835938,223.29803844119036,219.71139674518594,221.62296125436845,1069600
2024-03-06,220.26316833496094,222.08605559468177,219.33696022341064,220.20405026774642,862800
2024-03-07,221.27810668945312,223.00245399353224,220.77557299550486,221.70179623874293,879400
2024-03-08,220.18438720703125,222.95319402660888,220.0661360197988,221.682095250893,860200
2024-03-11,220.61790466308594,220.637615698347,218.66693315545166,220.09567499202785,1422900
2024-03-12,220.2828826904297,220.92336351017596,219.7409420076025,220.2237646223238,1934500
2024-03-13,221.879150390625,222.68713748685744,220.35188337843127,220.7164548542304,825700
2024-03-14,221.53428649902344,222.5196277999833,220.3814389811142,221.84958789707076,1030700
2024-03-15,223.3768768310547,223.82027742318084,219.36654543034265,219.36654543034265,3366000
2024-03-18,225.34263610839844,226.76510653227479,224.02882703837415,224.16712193663915,1243900
2024-03-19,224.5721435546875,226.84414418737813,222.4878320934342,226.84414418737813,1279500
2024-03-20,225.82667541503906,226.90340105496395,224.54249989155332,225.7377747819473,1169500
2024-03-21,226.0341339111328,226.80463623997986,224.26591864064008,226.01437318979944,1388700
2024-03-22,226.47866821289062,227.00221431771368,225.24388681981452,225.95512210806754,1055200
2024-03-25,224.30543518066406,226.53791430609047,224.02883030708477,226.53791430609047,1003000
2024-03-26,225.4512939453125,226.25142977800783,223.95968363207882,224.16711843973374,979000
2024-03-27,228.93832397460938,229.03711250700826,225.48093636284236,227.1997573446915,1195200
2024-03-28,228.0887908935547,228.75064692064012,227.24914867108157,228.75064692064012,821000
2024-04-01,225.15493774414062,227.67389442739992,224.38443547486312,227.49609316818794,905500
2024-04-02,224.68080139160156,225.69825997269555,223.89053834831134,224.69068928868901,871700
2024-04-03,225.48095703125,226.51817642445818,224.3449641696028,225.71804048693093,828600
2024-04-04,221.84576416015625,227.50599779826354,221.72722997077648,226.74536824604195,960400
2024-04-05,224.97715759277344,225.58960430709283,222.19148368632543,222.67552339239302,1449700
2024-04-08,224.02883911132812,226.14278414045037,222.70515714617054,225.35253614949997,935000
2024-04-09,223.04100036621094,224.82897627953287,221.43085586406724,224.70055420602563,1168200
2024-04-10,219.4453125,221.34194971912908,218.3191926297119,220.08740777853197,1398100
2024-04-11,218.06239318847656,220.45292814762468,218.02288681617492,219.63303149697643,1053500
2024-04-12,218.99093627929688,219.61327087999274,216.55100721629933,219.01069700060845,1134500
2024-04-15,216.37319946289062,220.57145606398552,215.7113584663033,219.95900933613163,965500
2024-04-16,217.69688415527344,219.06007244214302,216.1855130706262,216.90662111950033,1733400
2024-04-17,216.5806427001953,218.56616562888124,214.9902437631935,218.50689853743003,911100
2024-04-18,216.54115295410156,217.77593436417624,214.5852483479723,217.14372688513862,924400
2024-04-19,215.50392150878906,217.24248821070623,214.40743507501358,216.83747631331744,2586600
2024-04-22,216.63990783691406,217.46967725577218,214.6247513806852,216.09660104849007,858000
2024-04-23,216.9856414794922,218.03273355990552,215.67183243064858,217.36100472700952,717000
2024-04-24,218.09201049804688,218.4179945690709,216.14599396900323,216.36331668301924,710500
2024-04-25,217.11404418945312,218.19078486554224,215.53353327641787,216.88684866610055,1106800
2024-04-26,218.40811157226562,219.28727521146777,215.5928043182855,216.53123504527449,1242900
2024-04-29,218.97119140625,219.94914369626468,217.29189172556036,219.68242669480338,1252300
2024-04-30,223.39662170410156,227.40720393694403,223.0311312709489,223.24845398066498,2358200
2024-05-01,222.2408905029297,224.80924183518832,221.46051529297497,223.88068381394075,801400
2024-05-02,223.99920654296875,225.00679233074666,221.58892604322747,222.0927114006093,1176300
2024-05-03,224.73019409179688,225.7772862108281,223.32748435941411,225.22410660628432,1068200
2024-05-06,226.1625518798828,226.73549224221,224.21653524210393,225.4216830606172,981100
2024-05-07,230.08419799804688,230.45957632272743,226.03412452765298,227.19975079669393,1218100
2024-05-08,230.3904266357422,231.82276990910185,229.35320734364944,231.0917890364567,1449800
2024-05-09,230.73619079589844,231.08192054027978,229.35322659932814,230.1632504238498,721300
2024-05-10,230.6769256591797,231.39803377451088,229.9261689231496,231.08192250186346,683500
2024-05-13,228.928466796875,231.2202282626395,228.87907252729968,230.00519253774883,1426500
2024-05-14,229.07662963867188,229.85701989145142,227.99003109630263,228.40491582044518,860900
2024-05-15,230.11383056640625,230.29164690424258,228.98771067015377,229.55077815478666,614200
2024-05-16,229.79774475097656,231.27948231660187,228.86918679816912,230.69665408529863,953500
2024-05-17,230.815185546875,231.1115360517575,229.61003788056232,230.7361577407055,785100
2024-05-20,231.83265686035156,232.97853750357027,230.3311586062379,230.3311586062379,638200
2024-05-21,232.13888549804688,233.1267105427194,231.65484579987228,233.1267105427194,874200
2024-05-22,230.85472106933594,232.23768524244522,230.5978919716083,232.0104746186324,587000
2024-05-23,230.29165649414062,231.76350615762257,229.43223845933449,231.18069300130404,687000
2024-05-24,231.45729064941406,231.73388046425964,230.0051865849676,231.01277238077043,541800
2024-05-28,226.1131591796875,231.08191822286656,225.67852879736807,230.7559492043807,881200
2024-05-29,223.37689208984375,225.17472591297812,223.12993581771437,224.4634906434043,851100
2024-05-30,225.91558837890625,226.13291109811237,222.75455119910933,223.21883018350292,771200
2024-05-31,229.3729705810547,229.84712237837962,224.76970229102594,225.75752732804426,2435600
2024-06-03,230.08419799804688,230.53860413176616,227.94061954929185,228.47403841903648,1256000
2024-06-04,232.65257263183594,232.86000746271387,229.52116886203066,229.7582372401769,997100
2024-06-05,236.2778778076172,236.7421567902721,231.53631451917144,232.63280093541817,1383700
2024-06-06,237.5916748046875,237.68057543775708,235.24064646564676,236.88043959410396,1285100
2024-06-07,236.2778778076172,237.0780136921459,235.32955912072237,237.0780136921459,1071600
2024-06-10,235.86297607421875,236.37663421425293,233.82805901520194,235.70492045897143,809100
2024-06-11,237.6805877685547,237.79912195213032,234.5096627007787,236.2877508194842,906000
2024-06-12,238.73756408691406,240.40699092566578,237.97694960880824,239.17220954469732,1188100
2024-06-13,238.58937072753906,238.92522760957016,236.40628592132356,238.115218948612,687700
2024-06-14,237.1273956298828,238.1547270036719,235.25051907526856,237.29532407208808,709400
2024-06-17,240.23902893066406,240.40695736627217,234.20341778010547,236.41615113220175,1445300
2024-06-18,240.89254760742188,242.8431359009847,239.2489171807306,239.61526626553155,1453400
2024-06-20,241.4866485595703,242.68473157567436,239.4766538774627,240.58561229285303,1569300
2024-06-21,241.58566284179688,243.30850674788266,239.66477770236452,243.30850674788266,3325600
2024-06-24,242.229248046875,243.50652937644114,241.40742528724655,241.7539823322021,1018200
2024-06-25,238.80332946777344,242.20943304739086,238.1300376528568,241.8430839780053,862500
2024-06-26,238.27857971191406,238.78356373715616,237.110214924934,237.93203774844537,712500
2024-06-27,237.1894073486328,238.6251156033999,236.9517669397045,238.13004274945092,687600
2024-06-28,235.65469360351562,237.5260685072065,235.4467563438053,236.23887598264508,1806000
2024-07-01,233.17930603027344,237.129992705233,232.8129569658982,236.60521670712964,819700
2024-07-02,233.32781982421875,234.9516581098578,232.25847580184265,233.62486654528936,922400
2024-07-03,233.52587890625,234.54572781014232,232.88227510996384,233.61498839686,678200
2024-07-05,235.8428192138672,236.0606524880991,233.24864217691928,234.10015302001196,1349600
2024-07-08,240.48658752441406,241.98170206175442,239.02116104036725,240.00141070231996,1548600
2024-07-09,239.86280822753906,240.80344366949143,239.28852187883362,239.72418842670845,982100
2024-07-10,240.8727569580078,240.9222672663964,239.3083248851634,239.68458509880662,844400
2024-07-11,242.09063720703125,243.34812654680925,240.7836375577958,242.02131975210577,985300
2024-07-12,243.6946563720703,244.07091657511725,242.33816158928983,242.66491148534251,745600
2024-07-15,239.4667510986328,244.08081872293874,238.87265761663085,244.08081872293874,729100
2024-07-16,242.7738494873047,242.9520684780622,239.49646932868498,240.001438244257,727600
2024-07-17,240.92227172851562,242.85305292403066,240.30837108829215,242.58570934052082,653800
2024-07-18,239.8826141357422,242.6748172833368,239.0706873719038,240.23906720867183,609200
2024-07-19,240.77374267578125,241.31832586553324,238.86276861079054,240.7044403289539,1026000
2024-07-22,243.9224090576172,244.0907320203822,241.22921143652692,242.06093023198642,679900
2024-07-23,244.28875732421875,244.96204917301205,243.18969495233856,244.96204917301205,705600
2024-07-24,243.01144409179688,245.9620890610679,242.27874596672766,244.318443625851,1230100
2024-07-25,241.2589111328125,246.1502334347683,241.1995048066227,242.68472339506638,928700
2024-07-26,242.82333374023438,244.42736491861947,241.04106848179305,242.26883946438937,848700
2024-07-29,245.4769287109375,246.54628791732483,242.34806456355508,243.51644438677317,1155600
2024-07-30,226.604736328125,233.59516226964263,218.78259165831645,219.86184680158135,2968900
2024-07-31,228.41671752929688,232.34759722856185,227.48597813936567,232.0505504922227,1803200
2024-08-01,237.87261962890625,238.39739566598914,230.69406296525082,230.69406296525082,1902600
2024-08-02,234.86257934570312,239.35784971176705,232.1990847421481,237.04089707110165,1660400
2024-08-05,228.97119140625,234.57541965220426,228.49592570417636,233.7238937522592,1305800
2024-08-06,231.41685485839844,234.95166716088096,229.83261569060815,229.83261569060815,1096300
2024-08-07,229.26824951171875,235.17942079832625,229.14942174898604,232.72384848085068,1484400
2024-08-08,234.82298278808594,235.0012017809781,229.38707687848532,230.84259242080856,1302700
2024-08-09,235.5952606201172,236.9913696259233,233.25851625954533,233.76348510681777,805000
2024-08-12,234.9021759033203,236.47650397110306,234.2981864101652,234.44670222470143,681400
2024-08-13,238.95187377929688,239.179603069645,235.0209939740698,235.90222308029507,1143900
2024-08-14,237.11019897460938,239.1003864512215,236.1101572271739,238.62512073157566,861900
2024-08-15,237.5755615234375,238.90235313456725,236.77354592429822,238.07063437312092,882900
2024-08-16,238.28846740722656,239.02116555466407,236.78344171527283,238.28846740722656,816700
2024-08-19,239.82321166992188,239.82321166992188,237.83300901884166,238.6251286501538,749000
2024-08-20,240.1796417236328,241.00144933192354,239.61525144133495,240.6053971084479,900600
2024-08-21,244.12042236328125,244.27884929936047,239.8330897218416,240.13013644988408,662200
2024-08-22,243.80355834960938,245.14026101598557,242.75400638148517,244.65508421008397,713500
2024-08-23,244.79373168945312,245.41752835212105,242.70452353428973,244.65511188757415,538400
2024-08-26,244.6352996826172,245.55612791023705,243.17978432866886,243.41740962177127,689200
2024-08-27,246.19972229003906,246.46706585942871,244.09072222252428,244.7541180285899,750400
2024-08-28,247.15029907226562,248.4176845149234,246.01163742108014,246.85325230417445,725000
2024-08-29,247.62554931640625,248.5959030385829,245.86309107353276,247.82357544658046,641500
2024-08-30,250.68508911132812,251.04154217909354,246.54628720467508,248.4572612149003,1459200
2024-09-03,245.48683166503906,249.80386779423583,244.2293574246255,248.25924282195516,1007300
2024-09-04,244.4471893310547,248.21964224800317,243.89271012446412,246.2987570620107,820600
2024-09-05,244.26893615722656,244.44717023595084,241.98170205449622,243.7738633173828,833800
2024-09-06,242.63522338867188,244.80364503721233,241.87280691720858,243.99171825568058,723100
2024-09-09,246.7344207763672,246.86314455799797,244.15013977587847,244.5758951944648,1081400
2024-09-10,248.2295379638672,248.4671783842985,245.28880386039026,247.45722548299702,597300
2024-09-11,246.96214294433594,247.53642927326086,241.52623751846227,247.53642927326086,1013200
2024-09-12,248.21961975097656,248.7344997283275,244.28874024315027,246.56607829960848,868800
2024-09-13,248.07110595703125,249.75436579434216,245.35811631079702,246.7047151155908,688000
2024-09-16,250.70489501953125,251.08115523043438,248.3186401917742,249.62563980327468,853100
2024-09-17,248.55145263671875,251.16140122710314,247.82700447641864,250.63544114182525,958700
2024-09-18,246.6361541748047,249.097251875744,246.21935646966682,249.097251875744,896400
2024-09-19,249.29574584960938,251.24080185292817,247.11249809127148,248.95832519626603,698900
2024-09-20,249.5239715576172,249.54382339290237,246.7453051757201,248.3926592265786,2334400
2024-09-23,252.90798950195312,253.34462387941963,250.2881075245865,250.38733641570974,842500
2024-09-24,252.32249450683594,254.03932254516428,251.2408041075526,252.37211652770068,753400
2024-09-25,252.8782196044922,254.02936862639876,251.8163659849374,252.5904209921304,1033300
2024-09-26,253.81103515625,254.6347121520514,252.26292519498975,252.84842560347687,1185700
2024-09-27,252.64996337890625,254.6148862367616,252.1339367983203,253.81104589899513,772600
2024-09-30,253.3843231201172,254.0690524271913,250.7346710074845,252.56064611137538,942200
2024-10-01,251.61788940429688,253.85074384857035,250.3972665479978,253.65227092647092,990700
2024-10-02,252.03469848632812,252.13394252312463,248.13463800643882,249.5041269731576,790500
2024-10-03,248.8590850830078,251.49880382569478,248.31327316802057,251.49880382569478,586900
2024-10-04,249.107177734375,249.95069146565544,246.9140117480183,249.14686626304723,656200
2024-10-07,247.1521759033203,248.14455563781064,245.85216087394008,248.0750817879901,718600
2024-10-08,250.69496154785156,251.07207068935273,247.41018707744507,248.2338640671639,725600
2024-10-09,253.73165893554688,254.25761901594836,250.91330394952482,251.42934568327283,572300
2024-10-10,253.85073852539062,254.4461572792031,251.23085663808183,253.1263055607879,742900
2024-10-11,252.064453125,256.03397207185037,250.99268119224882,253.95990205632418,726500
2024-10-14,254.4858856201172,254.83322461706626,251.84615164234464,252.62020669710282,559700
2024-10-15,256.2820739746094,259.5470118769783,255.0415992699888,255.0415992699888,849000
2024-10-16,257.7706298828125,258.8423866450758,255.94465484912575,255.94465484912575,464500
2024-10-17,255.14083862304688,258.0782741898964,254.6049450806737,257.26451553018643,936500
2024-10-18,259.4676513671875,260.60888224441203,256.92716113639756,258.74323339135725,1017200
2024-10-21,257.21490478515625,259.4973660514206,256.40114613769555,259.46759587090503,496000
2024-10-22,256.2721252441406,258.03855990706165,255.02174741006687,256.2721252441406,924600
2024-10-23,256.7485046386719,257.99891288553323,254.54542025778812,254.9225294297005,697800
2024-10-24,254.3866424560547,257.2149310337644,254.15838419212426,255.53780669517624,760800
2024-10-25,251.55836486816406,256.59965614772045,251.09194514350432,254.823287798268,621100
2024-10-28,254.4958038330078,255.5973308396071,252.36217824449386,254.4263299807825,1431900
2024-10-29,251.8262939453125,253.60266227663342,241.33684727724514,243.71855275299438,1468200
2024-10-30,250.67514038085938,255.04160538887743,250.39727525175897,252.78889903133637,1322600
2024-10-31,243.85748291015625,250.02016810296402,242.75594073144237,248.16442273096945,1987200
2024-11-01,242.70632934570312,245.06818291821347,242.42844907701175,244.0559513057012,1399800
2024-11-04,242.63687133789062,244.8895778188459,240.6521116541451,244.4430099185061,1027300
2024-11-05,244.96896362304688,245.33613930934197,241.0093627061209,242.72617554780186,719100
2024-11-06,242.8452606201172,249.6827566421252,242.52769182473435,249.6827566421252,1230600
2024-11-07,244.4132080078125,245.12772265687966,242.59716634582327,244.552140570547,1027200
2024-11-08,248.1346435546875,248.968254111881,243.96665133877724,243.96665133877724,1023700
2024-11-11,248.6506805419922,249.772074562845,247.59876037562347,248.0651800935438,852600
2024-11-12,246.41783142089844,249.5636736426374,245.81247912318122,249.2858085036047,1383600
2024-11-13,247.99569702148438,248.23387361620195,245.9712489651822,246.48729068248022,998100
2024-11-14,245.72317504882812,248.0254884247025,245.55447229157778,246.81479893987728,793000
2024-11-15,243.3712158203125,244.77045976225642,242.56737550151922,244.52236482426812,1025700
2024-11-18,244.09564208984375,244.9391709128231,242.6467610291118,243.07349218482898,787600
2024-11-19,242.43838500976562,244.20481981934958,240.89027496473824,243.06357397871048,1131100
2024-11-20,239.92767333984375,243.5994756456246,238.280319204313,242.46816325643778,1484600
2024-11-21,241.56509399414062,241.67425638005332,239.61010453712223,239.87805132845602,1750900
2024-11-22,243.43077087402344,244.96896261088568,241.9620529923972,242.99412133400946,1316000
2024-11-25,245.03842163085938,245.2567464011401,242.73610833860005,244.1254340199191,2308300
2024-11-26,245.4949188232422,247.38043437896806,243.1131982269151,244.6017679211768,809300
2024-11-27,245.8124542236328,247.3109572957483,245.12770979233673,245.2368721675073,648400
2024-11-29,246.8743133544922,247.54912431255175,245.3162698867455,245.3162698867455,722100
2024-12-02,246.55674743652344,247.90638451085925,244.64146177517537,247.05293731469817,968200
2024-12-03,246.2788848876953,247.34073850648315,243.92694968619335,246.7849931174133,948200
2024-12-04,246.96363830566406,247.26135527497695,243.9567287148837,245.32621768821443,680000
2024-12-05,246.09033203125,246.97354942410308,244.51245182534063,245.7132380141701,824300
2024-12-06,248.43234252929688,250.34764331742292,247.04301693882712,247.83692376588695,931500
2024-12-09,247.49949645996094,250.33770306886325,247.21171300346083,247.63842901525632,1017300
2024-12-10,245.1674346923828,248.12472228149468,244.6910966242574,248.00564155009187,1295800
2024-12-11,243.58953857421875,245.95139206753794,243.3116583148445,244.92924214283184,966700
2024-12-12,246.9140167236328,247.44991029784637,243.35137685984293,243.35137685984293,929800
2024-12-13,248.2934112548828,249.70258868751108,245.44528620842746,246.39796229181763,1428200
2024-12-16,246.5071258544922,249.30564404073445,246.12009835453458,248.91861654077684,1245200
2024-12-17,244.93505859375,252.59642763838494,244.6564644599263,247.55186976028148,1801300
2024-12-18,236.46775817871094,243.87043709419547,236.25880498479762,243.72118047504543,1291000
2024-12-19,234.3484344482422,238.0597182073293,234.2489300372728,235.32351391032782,1588500
2024-12-20,237.0946044921875,238.4278938810886,233.59227360743546,234.9653404727246,2427300
2024-12-23,237.89059448242188,238.02989156109837,235.25389435667282,236.59711293342986,1089600
2024-12-24,239.5323028564453,239.5323028564453,235.22402302634202,237.2736863470593,323200
2024-12-26,238.1592254638672,238.86567035281095,237.41298791940517,238.86567035281095,521400
2024-12-27,236.56724548339844,238.3383147040867,234.86583238752814,237.3532908640276,517400
2024-12-30,233.34352111816406,235.12453479953365,231.90079816340776,234.4081455065629,723800
2024-12-31,233.14451599121094,234.96532224046538,231.97042769242339,233.92060182335794,882300
