Price,Close,High,Low,Open,Volume
Ticker,INGR,INGR,INGR,INGR,INGR
Date,,,,,
2015-01-02,65.13835144042969,65.99907151730827,64.22383049553041,65.5763981547599,309900
2015-01-05,63.78579330444336,64.89244026932809,63.50144488618363,64.83864525649157,482700
2015-01-06,62.763671875,63.9702219900858,62.264143487548345,63.78578281401074,745600
2015-01-07,63.947166442871094,64.24688229621643,63.12486804926957,63.416897227006785,424000
2015-01-08,65.545654296875,65.74546681832977,64.1930866999139,64.33141754350329,455700
2015-01-09,64.92318725585938,65.53029994535316,64.73874216878603,65.53029994535316,269400
2015-01-12,64.37751770019531,65.01537683486367,64.10854272268901,64.86936519748298,234500
2015-01-13,64.5081787109375,65.27668212807723,63.58597109244037,64.74641289402177,329900
2015-01-14,64.89242553710938,65.09223218901724,63.839573824085086,63.93947715003902,477000
2015-01-15,63.60902786254883,64.38521798735657,63.10950531151795,63.10950531151795,757300
2015-01-16,64.38520812988281,64.4313164535117,63.33236231892253,63.57059647529192,572700
2015-01-20,64.9001235961914,65.01540030336672,63.79348245167233,64.42365513925157,485100
2015-01-21,65.80696105957031,65.92223777204265,64.25458636968992,64.89244576391532,605300
2015-01-22,66.36026763916016,66.70609768824544,65.69935424389385,66.029810941527,598700
2015-01-23,65.86074829101562,66.46786676592806,65.73779077860686,66.06824752157905,383100
2015-01-26,66.16043853759766,66.29108853934645,65.13064705049314,65.5917478038715,475900
2015-01-27,65.64557647705078,65.97603326145322,65.0845721292714,65.56104061151407,316600
2015-01-28,64.01634216308594,66.06824504539212,63.83189710656098,66.022136712869,623600
2015-01-29,64.74641418457031,64.80020919031372,63.63976736560198,64.1316090933177,635400
2015-01-30,61.97212219238281,63.26320831569147,60.688722745827015,62.93275157391555,1315300
2015-02-02,61.85682678222656,62.179602612826166,60.57342772389979,61.887567616722464,998700
2015-02-03,63.232452392578125,63.28624739058658,61.92599909053579,62.07969740964134,641000
2015-02-04,62.77903366088867,63.38615194447053,62.602275329936134,62.84819614046926,481000
2015-02-05,63.501441955566406,63.57829699597169,62.609980946385726,63.02497353906542,643200
2015-02-06,63.05570983886719,63.73967743403035,62.83284313682742,63.50143737973076,321500
2015-02-09,62.80979537963867,63.01728875058751,62.333321085644556,62.90969872665603,366900
2015-02-10,63.217098236083984,63.38616994068004,62.67146146602524,63.17098404005652,289300
2015-02-11,63.20939636230469,63.539853015505514,62.817458037993276,63.24013719785998,256300
2015-02-12,63.19402313232422,63.562901399030046,62.871247319938696,63.37077559168325,338100
2015-02-13,63.6474494934082,63.69355781983171,62.55617610447185,62.925054442290815,313900
2015-02-17,63.547542572021484,63.77809005431901,63.001905908404346,63.4015250623158,291300
2015-02-18,63.6705207824707,63.67820746001397,63.155624788195276,63.29395566788896,281300
2015-02-19,63.6397590637207,63.731981574342825,63.40152490696579,63.57828325318774,196100
2015-02-20,63.8473014831543,63.87035566061795,63.17101434038517,63.409254521687515,287100
2015-02-23,63.693565368652344,63.87032374625057,63.516812854270285,63.862637069863815,251000
2015-02-24,63.57061004638672,63.77810341022764,63.10950912201641,63.593664213122786,260800
2015-02-25,63.716636657714844,63.96255757660406,63.4630290610805,63.716636657714844,340500
2015-02-26,63.555233001708984,63.947171403106786,63.48607050551786,63.79347305831581,138100
2015-02-27,63.178646087646484,63.724282644999555,63.1555919302281,63.40151271471419,249000
2015-03-02,63.36310958862305,63.60903046772509,62.8328461743439,63.17867039510057,342300
2015-03-03,63.386165618896484,63.4092197837302,62.81746885799065,63.1095039144601,227600
2015-03-04,63.03264236450195,63.355418228453544,62.786721526338766,63.309304040337445,218200
2015-03-05,62.878971099853516,63.270909619830405,62.456291728974726,63.270909619830405,272200
2015-03-06,60.65797805786133,62.59460418848333,60.54270136673971,62.387110835037284,379400
2015-03-09,61.15751647949219,61.349642375044844,60.373639542235836,60.796318857738484,362300
2015-03-10,59.074859619140625,60.54269809285217,59.028745427256,60.47353559984885,494100
2015-03-11,58.78281784057617,60.004741179378975,57.72228536007276,59.021057858932615,859000
2015-03-12,60.47355270385742,60.54271521642229,58.75210034593364,58.78284119481272,680400
2015-03-13,59.950958251953125,60.29678247344798,59.17476809369886,60.1661382887247,441000
2015-03-16,60.52732467651367,60.74250467351539,59.84335717323742,59.84335717323742,809100
2015-03-17,60.957698822021484,61.12677053412051,60.35058033912795,60.35058033912795,398500
2015-03-18,60.93464660644531,61.38806088231048,59.989384669075186,60.880851592983056,724900
2015-03-19,60.8577880859375,61.16518476528381,60.67334304247072,60.880842250566886,306500
2015-03-20,61.15751647949219,61.46491908501984,60.90390889019061,61.14982980196932,765300
2015-03-23,61.280460357666016,61.926006271843775,60.996117848025186,61.06528034067866,545200
2015-03-24,61.31889343261719,62.033601904243206,60.95769585855015,61.20361673786146,553300
2015-03-25,60.8577880859375,61.98748905850425,60.7963064047819,61.46490649511337,289600
2015-03-26,59.34384536743164,60.78094326069708,59.32079119893043,60.60419072670995,638600
2015-03-27,59.44430160522461,59.84610632589954,59.04249688454968,59.575660273975856,656100
2015-03-30,60.518348693847656,60.93561074476976,59.53701442438152,59.591103621985475,581300
2015-03-31,60.131980895996094,60.45651600227229,59.85380626339395,60.32515739667654,503700
2015-04-01,60.688331604003906,60.78105844883543,59.86153639724657,60.186071511238254,414600
2015-04-02,60.7733268737793,61.57694180527521,60.448791775082526,60.448791775082526,643800
2015-04-06,61.306514739990234,61.47651106848024,60.672895812615515,60.672895812615515,790200
2015-04-07,60.65743637084961,61.56922991771309,60.61879870294709,61.36832465612475,401100
2015-04-08,60.97425079345703,61.306508809369724,60.47199057021868,60.69607608197981,403600
2015-04-09,60.20155334472656,60.87380408269549,59.45975007583161,60.611086758726366,616800
2015-04-10,60.44107437133789,60.88151662918577,60.124262028620684,60.45652589999925,384700
2015-04-13,60.162899017333984,60.69606812700028,60.12426135319475,60.44880240423675,402000
2015-04-14,60.626529693603516,60.719256562885484,60.04700002497265,60.16290713775495,318500
2015-04-15,60.82741928100586,61.182863345363145,60.53378721828701,60.83514799194034,412600
2015-04-16,60.9433479309082,61.121067078339614,60.47971943523396,60.69608215101317,269400
2015-04-17,60.44880676269531,60.83515985082501,59.96972681111359,60.64970612392096,386700
2015-04-20,60.44107437133789,60.95878606305243,60.38698517810323,60.61879347970322,227500
2015-04-21,60.1010856628418,60.78879369056904,60.031544936462325,60.618797387934386,196500
2015-04-22,60.077911376953125,60.33290585618574,59.69155824912706,60.33290585618574,324500
2015-04-23,60.139713287353516,60.533789128258874,59.37473005323986,59.946536774850344,284400
2015-04-24,59.64520263671875,60.13200549527825,59.56020447002531,60.13200549527825,442300
2015-04-27,60.479713439941406,60.52607982208131,59.62201495664175,59.66837544350102,471600
2015-04-28,59.7610969543457,60.35608405236363,59.71473646706975,60.32517509575276,589900
2015-04-29,59.336097717285156,59.66836155140648,58.92656445796152,59.56790599289212,840100
2015-04-30,61.35286331176758,63.40825839827531,60.88151213610298,61.81648577603192,1222900
2015-05-01,62.1101188659668,62.21057443949939,60.98969729483043,61.445591098376354,550600
2015-05-04,62.341941833496094,62.5273896868264,61.87831925252984,62.20285446967812,455800
2015-05-05,62.39603042602539,62.689656682199676,62.1024041698511,62.4037591392955,412200
2015-05-06,62.4500732421875,62.990964863718055,62.140989789051524,62.62006943617611,547000
2015-05-07,62.39603042602539,62.658747724400136,61.86286122072488,62.233762819038475,285600
2015-05-08,62.66647720336914,63.238278191445026,62.58920775556661,62.983289603224776,256600
2015-05-11,62.75148010253906,63.106924305493024,62.51967174162897,62.51967174162897,270400
2015-05-12,62.349674224853516,62.77465915944207,62.11013125925354,62.45785263695107,363100
2015-05-13,62.341941833496094,62.828744659218515,62.048315574449695,62.34967054684181,356500
2015-05-14,63.13011169433594,63.15329783880342,62.566039313217935,62.68194645442695,428300
2015-05-15,63.137786865234375,63.18414732428921,62.79779444475998,62.9600678420061,240900
2015-05-18,63.30783462524414,63.36192383661046,62.75921379701951,62.75921379701951,199100
2015-05-19,63.18418884277344,63.57827068952298,62.898291297035165,63.57827068952298,207500
2015-05-20,63.14555740356445,63.43918366421632,63.05283052875181,63.099196913798636,182200
2015-05-21,63.439178466796875,63.624626305947864,63.153280942955874,63.21509295915253,256000
2015-05-22,63.58598327636719,63.73279931631509,63.09145186265576,63.153269763189556,333000
2015-05-26,63.099178314208984,63.547343338829755,62.906001803418896,63.25371716472935,615500
2015-05-27,63.57826232910156,63.70189814526745,62.95237222178227,63.12236852137027,227000
2015-05-28,63.338714599609375,63.555071346053396,63.02190229568835,63.36189483740278,266200
2015-05-29,63.338714599609375,63.678707141323805,62.85190602483113,63.176447039776356,383600
2015-06-01,63.06828308105469,63.91825873432679,62.975556213408794,63.61690378357832,232500
2015-06-02,62.80556869506836,62.91374710815751,62.4346729631288,62.80556869506836,248200
2015-06-03,63.15328598022461,63.562819359685385,62.643297012780714,63.05283039224149,322400
2015-06-04,62.26466369628906,63.25372663639271,62.17193683492429,62.8055556493832,226200
2015-06-05,62.056060791015625,62.45787149608856,61.47653088181217,62.18742538418356,485400
2015-06-08,61.7701416015625,62.14103731275497,61.499689688686736,61.84741105012085,298700
2015-06-09,61.746952056884766,62.29557272288722,61.692856966231986,61.692856966231986,294500
2015-06-10,62.620113372802734,62.991009060579046,61.638773162696566,62.07149265880981,296100
2015-06-11,63.19963073730469,63.20735944875197,62.55055456716107,62.55055456716107,383700
2015-06-12,62.99100875854492,63.26918347068367,62.42693651663292,62.85965011539069,321300
2015-06-15,61.94786071777344,62.48102993458047,61.870591269247456,62.48102993458047,318000
2015-06-16,62.82102966308594,62.97556857755622,61.89377849041916,62.11013532879023,349200
2015-06-17,63.36962890625,63.585985670986716,62.79009933129964,62.882820290312694,376900
2015-06-18,63.431434631347656,63.949152147439214,63.3464423924302,63.45462076408417,283800
2015-06-19,63.47781753540039,64.10370769089036,63.14555362298262,63.6478138480719,432700
2015-06-22,64.02642059326172,64.10369001536647,63.555069454559984,63.709608298769496,223300
2015-06-23,64.00328063964844,64.13463932943122,63.63237892671046,64.13463932943122,310800
2015-06-24,63.36962890625,64.0264279121378,63.315539715065825,63.933701057845056,281700
2015-06-25,63.431434631347656,64.11914841583234,63.33871368151803,63.74824693067651,380200
2015-06-26,64.36347961425781,64.41784698220157,62.83341892635687,63.703296813456845,965500
2015-06-29,62.740196228027344,63.81978072643331,62.716896781033924,63.64114768241911,652800
2015-06-30,61.98682403564453,63.3537823874573,61.878089318231915,63.12854449407468,563700
2015-07-01,62.887779235839844,62.95767759009419,62.002364528363316,62.29750078898949,443000
2015-07-02,62.825653076171875,63.330496328390716,62.51497984976036,62.91108836157501,421700
2015-07-06,62.70138931274414,62.763519219501106,62.18100912376085,62.274212872294974,732300
2015-07-07,63.19843292236328,63.237263354217774,61.88584225839984,62.7013583600947,356800
2015-07-08,62.056705474853516,63.237255940437514,62.03340603335315,62.87998401104242,393500
2015-07-09,61.598487854003906,63.04311310343144,61.598487854003906,62.82564365523341,332100
2015-07-10,62.39845275878906,62.49165646870748,61.90914661430984,62.3052549744673,333600
2015-07-13,63.04310607910156,63.113010351432436,62.59263031482782,62.59263031482782,312900
2015-07-14,63.641143798828125,63.70327367848693,62.97319870632461,62.97319870632461,236200
2015-07-15,63.38484191894531,63.60231132502909,62.92659773418572,63.4935766219872,351000
2015-07-16,63.54019546508789,63.734365485138255,63.28389554207647,63.703297570858346,177100
2015-07-17,63.53239059448242,63.55569003326656,62.67803833509864,63.41588747496692,216200
2015-07-20,63.51689910888672,63.62563385137068,63.16739542598814,63.62563385137068,260800
2015-07-21,63.439212799072266,63.912987999648564,63.27611073543739,63.516879601908315,425100
2015-07-22,63.75764083862305,64.05278294991706,63.314933597278554,63.687742502114375,210500
2015-07-23,63.91297149658203,64.16927721279741,63.62559788213488,63.804236815568665,397800
2015-07-24,62.996517181396484,64.26250348651148,62.97321772878675,64.04503402802285,387100
2015-07-27,62.460609436035156,62.8567179285486,62.38294261461648,62.67807890624688,261700
2015-07-28,63.40815353393555,63.478057813932445,62.14216729095029,62.63924200755788,272500
2015-07-29,64.19259643554688,64.55763694526016,63.38484860940627,63.38484860940627,439000
2015-07-30,68.6196517944336,68.81382172363436,64.85275635305781,64.85275635305781,1138200
2015-07-31,68.50315856933594,69.42740946233071,68.09151920793059,69.11673634551259,577000
2015-08-03,69.38079833984375,69.61379869219152,68.46431606584592,68.54975130605217,497400
2015-08-04,69.70703887939453,70.18081421379264,69.14005979990864,69.40413411485788,410100
2015-08-05,70.71672821044922,71.2914698475116,70.00217798735639,70.05654535943528,464700
2015-08-06,70.0409927368164,70.91087634707476,69.59828543641646,70.91087634707476,444400
2015-08-07,70.11868286132812,70.39051972819429,69.55947220628956,69.55947220628956,374900
2015-08-10,70.80216979980469,71.31477564993912,70.12645589331873,70.53809545077812,413700
2015-08-11,70.64681243896484,71.21379144903726,69.81576507187114,70.20410507379528,387900
2015-08-12,71.72638702392578,71.79629129569459,70.0176936274089,70.48370037867738,693700
2015-08-13,72.25452423095703,72.4486941900537,71.47784439457035,71.59434755514773,548300
2015-08-14,72.47200775146484,72.79821784973251,71.88949776072707,72.21570785899473,415900
2015-08-17,72.89141845703125,72.90695537571624,71.92056843515923,72.03707162290353,273200
2015-08-18,72.49530792236328,72.89141637916298,72.28560693087998,72.58851165502148,262200
2015-08-19,70.56134796142578,72.35548205718771,69.84680407575564,72.1147073262369,738300
2015-08-20,70.56134796142578,70.89532046188401,69.83127308936965,70.18854503220473,380000
2015-08-21,68.62744903564453,70.55361222288612,68.58085012928176,69.76916964632004,427100
2015-08-24,66.19644165039062,67.87406743606473,64.48774202680585,65.225591611626,879400
2015-08-25,65.34204864501953,67.4546179767685,65.24885089106249,66.82550943517955,592800
2015-08-26,66.716796875,66.90319837026333,64.99256674842333,66.46825957278334,511800
2015-08-27,67.52455139160156,67.7808512513117,66.62359987679868,67.18281034452498,568600
2015-08-28,66.87216186523438,67.61001158665488,66.49935869966566,67.1129367488303,606500
2015-08-31,67.05852508544922,67.33036773159446,66.3439811555497,66.43718485642202,659000
2015-09-01,65.10131072998047,66.42166422521399,64.71297076954737,66.16536435478227,468600
2015-09-02,65.85468292236328,65.94788663436519,64.86053369673012,65.6216766051569,318100
2015-09-03,66.2585678100586,67.06631570779663,65.94790055566538,66.26633626909783,291200
2015-09-04,65.27996063232422,65.99450485683278,64.98481842067177,65.51296109217778,181500
2015-09-08,65.80033874511719,66.35178090274086,64.89938698859477,65.93237293942168,479900
2015-09-09,64.82171630859375,66.35177695629102,64.66638266872134,66.2741101363548,401700
2015-09-10,64.43338012695312,65.19452922916919,64.19261119310876,64.37124429705817,456300
2015-09-11,64.67411041259766,64.87604877628175,64.17703592167939,64.17703592167939,458000
2015-09-14,65.14012908935547,66.19641396378887,64.74402078004397,65.69157096966181,699700
2015-09-15,67.42361450195312,67.501287271921,65.10134207944338,65.17124638729439,685500
2015-09-16,68.44880676269531,68.63521423047649,67.5012621333328,67.5012621333328,734200
2015-09-17,69.56721496582031,70.27399648415613,68.30899145682544,68.5264667955729,641500
2015-09-18,67.29932403564453,69.00024922773399,67.19835184198564,68.8216161438114,930300
2015-09-21,68.86819458007812,69.2021671220637,67.34590292434747,67.91288177026584,830300
2015-09-22,67.16728973388672,68.22356909376339,66.77894972968562,68.16143919654584,425500
2015-09-23,67.28378295898438,67.76532666852609,66.87214352731706,67.40028613837647,253900
2015-09-24,67.46244049072266,67.57894370212048,66.2197533955446,66.96536565265143,346700
2015-09-25,67.76533508300781,68.58085151441811,67.47019879408528,67.80417145616015,396100
2015-09-28,66.4302978515625,67.67943272752125,66.22731849708825,67.61697479246,318200
2015-09-29,66.80503845214844,66.99240629806098,66.19608848569531,66.6254733807581,525700
2015-09-30,68.16346740722656,68.32741502090498,67.09390355280314,67.42960751118747,637900
2015-10-01,68.0463638305664,68.92855980352329,67.13293293459783,68.14785350508897,481500
2015-10-02,69.46726989746094,69.47507267423853,67.02365463817061,67.28909795656273,499600
2015-10-05,70.48219299316406,70.92719553015854,69.23306358724264,69.4360489770545,888500
2015-10-06,69.30332946777344,70.51342720613374,69.0925412846347,70.22456358982134,770000
2015-10-07,69.52192687988281,69.9122801898062,69.20964304068033,69.6702570873569,678500
2015-10-08,70.45095825195312,70.51341620622105,69.27209563581728,69.27209563581728,408300
2015-10-09,70.73983001708984,71.07553411476708,70.23236950344021,70.56807360111745,326100
2015-10-12,71.48148345947266,71.57517038142136,70.50560035869866,70.67735673744572,245600
2015-10-13,71.20824432373047,71.9655306367604,71.05990817193168,71.30973403182955,328400
2015-10-14,70.1308822631836,71.23948431561962,69.98254608844945,71.0130786644062,353400
2015-10-15,70.67735290527344,70.83349776672165,70.02156235614322,70.20893023356365,425500
2015-10-16,70.91939544677734,71.27852577883475,70.34948287783324,70.82571445260548,385200
2015-10-19,71.62199401855469,71.6688404466695,70.78663851902267,70.82567621639896,286100
2015-10-20,71.6688461303711,71.98112390888123,71.45024334657045,71.55173898527138,267700
2015-10-21,71.52052307128906,72.05921246328832,71.30972898036852,71.84841837236777,361600
2015-10-22,72.72282409667969,73.03510794132153,71.9030797490347,71.9030797490347,328200
2015-10-23,72.9101791381836,73.37860184421966,72.51201715770989,73.15219624576669,249700
2015-10-26,72.67597198486328,73.37080631429563,72.38711436504286,72.80869662900834,544100
2015-10-27,71.87964630126953,73.0194770619942,71.27069619203614,72.57447460091458,443100
2015-10-28,73.33955383300781,73.44104351064686,71.55954437092872,71.84840189817702,469700
2015-10-29,72.63693237304688,75.57239043629271,71.567362339995,73.48789958610735,606300
2015-10-30,74.21398162841797,74.79170891102973,72.82432456868662,72.82432456868662,528900
2015-11-02,74.77604675292969,74.77604675292969,73.83920159685597,74.6120991484326,410900
2015-11-03,74.98686218261719,75.24449080244783,74.0812397778469,74.38571483827052,430200
2015-11-04,75.0493392944336,75.79881707526617,74.86978007373742,74.96346107364154,399700
2015-11-05,75.86124420166016,76.00958033295626,74.90097860515776,75.27571436505028,413800
2015-11-06,75.59581756591797,75.71292474107568,74.86976022752216,75.39283219273248,443100
2015-11-09,75.48651123046875,75.62703863469933,74.62772933999423,75.36940406755697,341000
2015-11-10,75.98616790771484,76.08765761222452,75.20546137860565,75.20546137860565,388000
2015-11-11,75.9002914428711,76.63415750298128,75.70511480614547,76.12669705623101,575700
2015-11-12,73.74552917480469,75.43185793433943,73.71430020262989,75.22887259336194,389400
2015-11-13,73.33955383300781,74.13587166108447,72.9648121774728,73.5971823926018,440600
2015-11-16,74.21398162841797,74.21398162841797,73.04292150532035,73.32397641136936,321800
2015-11-17,73.80797576904297,74.72140072850007,73.6206079211248,74.54964438610989,362400
2015-11-18,74.76045989990234,74.84633809576384,73.94852438395975,74.13589228569475,305000
2015-11-19,74.99466705322266,75.45528700128835,74.70580945037014,74.8775658392652,210800
2015-11-20,74.99466705322266,75.7207243613494,74.73703842619815,75.11958295653474,322400
2015-11-23,76.5873031616211,76.64976110844854,74.71360645102094,74.94782077346508,304400
2015-11-24,76.6731948852539,76.94644100546562,75.8222275456919,75.99397799531162,444800
2015-11-25,77.38362884521484,77.68810389749642,76.36870803339775,77.18064349158787,276700
2015-11-27,77.55538940429688,77.6100445833898,76.91521024194633,77.27434051311339,127900
2015-11-30,76.9542465209961,77.64907489318425,76.64196270110605,77.5241649390193,387600
2015-12-01,77.1728286743164,77.5397616459091,76.92300285736438,77.10256795532239,398000
2015-12-02,75.85344696044922,77.15722539558261,75.74414256982774,77.15722539558261,387500
2015-12-03,74.55744934082031,76.16570236298855,74.25297436975576,75.861227391924,392500
2015-12-04,76.34530639648438,76.4546048543836,74.54187588482796,74.54187588482796,182600
2015-12-07,76.095458984375,76.40774275707429,75.3615930119793,76.29063559777236,182200
2015-12-08,75.34598541259766,76.00958474131237,74.8541365092762,75.37721438711948,387000
2015-12-09,74.6667709350586,75.931517639002,74.34668435983518,75.14300238773566,422900
2015-12-10,74.84634399414062,75.68950259655358,74.16712710688705,74.67458758888212,381400
2015-12-11,74.1827163696289,74.97904019948562,73.5581548498353,73.97973700276235,283600
2015-12-14,74.36228942871094,75.18983636042617,73.45666708687219,74.37790093694514,544100
2015-12-15,75.70510864257812,75.82221580634281,74.35448380561854,74.91659342663483,305700
2015-12-16,76.96205139160156,77.78959840990326,76.18914763599565,76.47020246415813,370300
2015-12-17,76.22037506103516,77.36801459329223,76.02519843191165,77.19625820665266,341800
2015-12-18,74.1515121459961,76.04862933672592,74.00317599266118,75.71292527560688,858800
2015-12-21,73.69869232177734,75.23668502825335,73.2068434312147,74.59650595795709,551100
2015-12-22,74.80731201171875,74.93222793650017,72.98046128418406,73.80019970436534,615700
2015-12-23,75.9471206665039,76.13448854220424,75.04150430368783,75.4084313230084,327700
2015-12-24,75.51777648925781,75.95497042078662,75.28356205089847,75.71295320245041,142800
2015-12-28,75.26011657714844,75.70511909584542,74.70581561219736,75.26792531082904,268900
2015-12-29,76.57783508300781,76.71118217257732,74.05217549947301,75.55816041473965,347300
2015-12-30,76.90727233886719,77.18964525187823,76.2013400563396,76.27977564678667,446400
2015-12-31,75.17381286621094,76.50724181940508,75.17381286621094,76.50724181940508,355500
2016-01-04,72.78935241699219,74.2012112191336,72.27166666722998,74.2012112191336,584300
2016-01-05,73.71490478515625,74.24827524652484,72.78935033702406,72.78935033702406,398100
2016-01-06,72.71089172363281,73.5031048669525,72.36577396539808,72.63245614149999,822000
2016-01-07,71.71475982666016,72.80503076677957,71.18923475163186,71.65200895626062,343400
2016-01-08,71.5186767578125,72.74228896183341,71.33043010740616,72.0912680491254,368300
2016-01-11,72.53834533691406,72.71090124650524,71.41669901118482,71.84025240702474,329400
2016-01-12,73.2991943359375,73.67569364562999,72.25598934249966,73.17369855554234,362600
2016-01-13,71.55003356933594,73.6364488608088,71.43237719936812,73.39329675132646,390900
2016-01-14,71.77753448486328,72.64818365137864,71.30691476940333,71.5814424380671,428600
2016-01-15,70.0205078125,70.47544255283623,68.45177228106569,69.87148200630452,508900
2016-01-19,70.07544708251953,70.7735402358944,69.54992186248548,70.64019310343842,460400
2016-01-20,67.92626953125,69.31460428183979,66.33400340353369,69.21263260902344,655800
2016-01-21,68.04393768310547,68.74202486474513,67.70665913591127,68.24002972253805,597000
2016-01-22,69.0714340209961,69.25184126757222,68.30275684506802,68.8282818916671,575200
2016-01-25,69.42442321777344,69.77738647421295,68.63220974964364,68.72633607734593,634900
2016-01-26,70.78919219970703,71.06371972606894,69.54205030098382,69.54205030098382,359800
2016-01-27,70.15387725830078,71.19708217143396,69.80090806058769,70.67155703699237,460800
2016-01-28,76.04446411132812,77.62104523689403,71.73828609519504,71.73828609519504,1041300
2016-01-29,79.00155639648438,79.51139686096174,76.50726558626403,76.50726558626403,1205500
2016-02-01,79.07999420166016,79.87220768428796,78.38190704845724,78.82115128393218,542600
2016-02-02,78.40542602539062,79.04076220228876,77.9818665793742,78.25639418764789,365200
2016-02-03,78.63288879394531,79.10350837790641,77.8328360996367,78.9936973411239,459800
2016-02-04,77.80146026611328,78.8132956578095,77.07983719118278,78.48385656488905,571200
2016-02-05,78.71133422851562,79.20548994003204,77.59753301098438,77.77794029924108,430700
2016-02-08,80.09183502197266,80.10751975243878,77.86422628776518,78.27210109093544,549100
2016-02-09,80.78205108642578,81.13502024395368,79.05644404157506,79.05644404157506,620100
2016-02-10,78.65640258789062,81.39384455383737,78.43678055980341,80.78203862295112,727100
2016-02-11,77.19749450683594,77.80930056861565,76.6876541272686,77.29946617330104,669600
2016-02-12,76.20133972167969,77.41710632889986,75.30716082915576,77.29945593587193,1299300
2016-02-16,77.36222076416016,77.78578024102538,76.51510779468322,77.01710288187455,643600
2016-02-17,79.1113510131836,79.21331669118938,77.78576727784595,77.80929735859709,476600
2016-02-18,79.95848846435547,80.63304552964158,78.62505906318934,79.33099157154155,507700
2016-02-19,79.56629180908203,79.94278509777793,78.8289839743609,79.52707101539362,430300
2016-02-22,80.07610321044922,80.42122694612144,79.45645793485765,79.85648119111278,478200
2016-02-23,79.11919403076172,80.2016196031036,79.03291308105487,79.88787123910163,399400
2016-02-24,79.73101806640625,80.06045123013828,78.00540466657691,78.68780706366783,365200
2016-02-25,80.515380859375,80.81343856156364,79.2839232704922,79.97416499441744,425900
2016-02-26,79.95848846435547,81.064444407229,79.61336457488243,80.72716587458595,306400
2016-02-29,79.39373016357422,80.38987489359064,79.28391912197408,79.77022345355958,406900
2016-03-01,79.53491973876953,80.60166074233237,79.18979588930709,80.0839749681387,542900
2016-03-02,81.18209075927734,81.27621707680764,78.6250493167759,79.30745165430095,523600
2016-03-03,82.31156921386719,82.43706496586229,81.03304570891991,81.38601485392621,433500
2016-03-04,83.57441711425781,84.7117483793534,82.19392768729966,82.19392768729966,561700
2016-03-07,82.93122100830078,83.70774355659627,82.60178194104472,82.81356462601306,381600
2016-03-08,82.55473327636719,83.04104359821702,82.07626831022947,82.72729519651561,303900
2016-03-09,83.45674896240234,83.51949983303311,82.42922290464386,82.84494293438338,320700
2016-03-10,83.77833557128906,84.13914409616797,82.39785234155732,83.82540171575313,379000
2016-03-11,83.41751861572266,84.63329116183978,83.00180461786053,84.1862017322567,343100
2016-03-14,82.72730255126953,83.27635781487021,82.10765104848959,83.21360693210055,469900
2016-03-15,82.88418579101562,83.1273440009393,82.3586605361962,82.3586605361962,231800
2016-03-16,83.57441711425781,83.85679008759591,82.20177304329607,82.88416940865211,571600
2016-03-17,84.27251434326172,84.49998182053272,83.38617452074816,83.7705192155788,550400
2016-03-18,83.71559143066406,84.52348943750037,83.71559143066406,84.02149444326709,666800
2016-03-21,83.50381469726562,83.94305885249645,83.14300614343277,83.78618764970054,427200
2016-03-22,82.28021240234375,83.41754371929979,82.1547106376916,83.41754371929979,492400
2016-03-23,82.25666809082031,82.62531599615608,81.72329765180481,82.27235281656233,539400
2016-03-24,82.20176696777344,82.35863817058772,81.82526770306522,82.09979530011663,351800
2016-03-28,83.04885864257812,83.07239470282016,82.22527606164462,82.53902437144126,682200
2016-03-29,84.0335464477539,84.23047545555144,83.05678025182114,83.05678025182114,568200
2016-03-30,84.915771484375,85.05756057851895,84.27771755582968,84.56129574411759,519500
2016-03-31,84.12017822265625,85.06543485986354,83.68693209155573,85.06543485986354,773300
2016-04-01,86.58572387695312,86.64874258663964,83.3718418004797,83.61603779806624,763100
2016-04-04,86.2863998413086,86.7275188192812,85.703491761874,86.7275188192812,451800
2016-04-05,85.4356689453125,85.92405498485978,84.73460224922749,85.92405498485978,787800
2016-04-06,85.25447845458984,85.54592943646347,84.46676270285482,85.26235128505533,517100
2016-04-07,85.11270141601562,85.23085398765029,84.22257864440044,84.70308580169844,560300
2016-04-08,86.4596939086914,86.87718235018318,85.38839986534138,85.49867960423373,465800
2016-04-11,86.0028076171875,87.2395211300616,85.89252789067345,86.99533116560828,343900
2016-04-12,86.82991790771484,87.113490075291,85.7980060918059,86.21549451688125,279600
2016-04-13,85.65621948242188,87.19226898927431,85.35688962421952,87.11349259677293,543900
2016-04-14,83.93900299072266,85.9476809063744,83.89174196063989,85.77438244967719,763200
2016-04-15,84.6007080078125,84.92366847480758,83.49790429627964,83.60818406645326,665500
2016-04-18,84.68732452392578,85.06542472986466,84.08865885309574,84.59279646754385,632500
2016-04-19,84.77395629882812,85.4277556891283,84.48249935895932,85.02602505419273,480200
2016-04-20,83.95476531982422,85.01818062410068,83.87599492872886,84.65583201722552,575500
2016-04-21,82.51324462890625,84.01778495743835,82.3635766773278,84.01778495743835,379200
2016-04-22,83.51362609863281,83.5845236454093,82.11149294246331,82.45808981604934,494200
2016-04-25,84.13592529296875,84.26196270959214,83.41122817676867,83.41122817676867,276500
2016-04-26,84.49828338623047,85.08119748920006,84.1832018287064,84.24621453433392,444300
2016-04-27,84.42739868164062,84.92365758377919,83.3403527965674,84.43527752415596,856300
2016-04-28,89.82324981689453,89.83900750155559,86.75903521806566,86.76691406039619,996200
2016-04-29,90.65819549560547,90.74484470192407,89.48450080519056,89.74444842414634,754100
2016-05-02,90.5794448852539,91.34353022955837,90.3352548922558,91.32777855669835,642300
2016-05-03,89.98078918457031,90.55581842150451,88.2714411277416,90.35888944807314,764900
2016-05-04,91.48531341552734,91.85554080667316,89.35060429806828,89.86262077497643,548200
2016-05-05,91.97368621826172,92.37541689560479,91.50105800328565,91.50105800328565,555700
2016-05-06,92.588134765625,92.79294259820243,91.12298259756317,91.91069855846541,547800
2016-05-09,93.005615234375,93.59640215405041,92.42270715637129,92.42270715637129,381800
2016-05-10,94.43926239013672,94.47077174851994,92.80869065502762,93.57277606888279,508000
2016-05-11,93.82484436035156,94.36837027204211,92.6511493141836,94.19507180687727,666800
2016-05-12,94.33687591552734,94.66771521447352,93.54128102156929,93.85636864381178,448900
2016-05-13,93.04500579833984,94.17143979421579,92.55661976879938,94.13205159465129,672900
2016-05-16,94.77008819580078,94.91975612444253,93.25767526670813,93.42309486740938,487300
2016-05-17,91.80828857421875,94.8725028785271,91.11509475085957,94.52590596684752,549300
2016-05-18,92.92684936523438,93.8090873619092,90.84727978764995,91.4538184103639,861900
2016-05-19,93.17103576660156,93.6357912730751,92.2179002479978,93.05287717954589,412900
2016-05-20,92.13124084472656,94.0217599994742,92.06822213728287,93.80907336430042,652500
2016-05-23,92.67476654052734,92.86381665278063,91.55621152915289,92.46995874653936,705100
2016-05-24,94.2580795288086,94.95126729881757,93.19465834566311,93.19465834566311,858700
2016-05-25,93.18678283691406,94.69919575154857,93.04499375055491,94.63617704432346,969600
2016-05-26,93.77758026123047,94.40774937509998,92.85594809115636,93.47037154113757,475800
2016-05-27,93.48609924316406,94.08476485615665,93.15526009248151,93.88783593173221,562900
2016-05-31,92.48570251464844,94.42348240065887,92.02882596979073,93.80905911112929,4036200
2016-06-01,93.04500579833984,93.31282632403284,91.68225462466793,92.48572822133788,714100
2016-06-02,94.02177429199219,94.02177429199219,92.76930283278466,92.88746142475452,519900
2016-06-03,94.10841369628906,94.5889208462631,93.76181679865665,94.17143240673042,426700
2016-06-06,93.5570068359375,94.52589995478378,92.88744957988342,94.32109215547251,361200
2016-06-07,94.12418365478516,94.53379934243618,93.76183501404537,93.88787245941374,504300
2016-06-08,94.19506072998047,94.43925071501775,93.62790436878882,93.93511306280182,488500
2016-06-09,96.9284439086914,97.07810584304563,93.64366403791571,93.81696249750044,874000
2016-06-10,96.5267105102539,96.92056847413949,95.8729048478529,96.29039332800431,616400
2016-06-13,94.84099578857422,96.6763752823106,94.53378706762379,95.83351950768848,632000
2016-06-14,95.92015838623047,96.29826464632959,94.3998665240193,94.84099149576747,748300
2016-06-15,96.2037353515625,97.11748862943126,95.80200459196385,96.58184160683803,560300
2016-06-16,96.24312591552734,96.32189630112367,95.36876081287926,95.70747887975911,578100
2016-06-17,96.32189178466797,96.47155971713981,95.05366880370906,95.8886516793049,602700
2016-06-20,97.85006713867188,98.21241572068007,97.51922791289856,97.75553906996727,783200
2016-06-21,98.44085693359375,98.66141642391229,97.51923077342187,98.12576937179783,694100
2016-06-22,98.11003112792969,98.81897072676965,97.99975136767475,98.75595801362125,403700
2016-06-23,99.22856903076172,99.5987964509502,98.44085316135475,98.86622045200993,629900
2016-06-24,97.52710723876953,98.9765076731105,96.97570849243066,97.71616338876765,1261400
2016-06-27,96.21160888671875,97.5664810461908,95.99104942071999,97.1726231398231,558100
2016-06-28,98.29095458984375,98.29886256539429,96.2748490977302,96.53575800273651,613600
2016-06-29,97.77704620361328,99.34249362481992,97.60310693103276,99.01833297464385,995100
2016-06-30,102.31526947021484,102.3231714146643,98.12493468087789,98.13284265734599,931000
2016-07-01,102.40222930908203,103.2719136126945,101.39812751443971,102.37059740623872,801300
2016-07-05,102.8212890625,103.24032140706032,101.52465817170136,102.59991393948847,811400
2016-07-06,104.63971710205078,105.09827114848879,103.1296133343888,103.1296133343888,1097000
2016-07-07,104.20487976074219,105.31175527114439,103.60399414306248,105.31175527114439,525800
2016-07-08,104.67923736572266,105.1140855731315,103.92024055282434,104.41042649715604,639600
2016-07-11,104.53694152832031,105.06666137981394,104.2918485290959,104.71088083048696,367100
2016-07-12,102.93986511230469,104.86900127266804,102.73430597182121,104.60809232664798,656100
2016-07-13,103.01101684570312,103.34309154452325,102.63943242376175,102.90032930077562,506200
2016-07-14,103.49330139160156,103.65143679717426,102.82127417406821,102.82127417406821,409500
2016-07-15,105.02710723876953,105.54892504447034,104.0546373747168,104.0546373747168,544300
2016-07-18,105.01132202148438,105.41453836264755,104.64762746871993,105.33547065777415,249700
2016-07-19,104.95598602294922,105.37501837302125,104.69507703938821,104.94017006708624,267900
2016-07-20,104.79785919189453,105.40664680007745,104.6555397219119,105.30386118642551,350000
2016-07-21,104.8531723022461,105.33545628246453,104.28391868415099,105.12199522370612,356200
2016-07-22,104.97969055175781,105.4461586459576,104.41835086254466,104.69506370267968,357100
2016-07-25,105.01922607421875,105.35128872608355,104.46578832111076,105.16944747807054,331600
2016-07-26,104.53694152832031,105.78613648749976,104.53694152832031,105.15363103089726,356500
2016-07-27,104.08627319335938,104.89271792016461,103.80956036108968,104.65552687533511,546800
2016-07-28,105.49359893798828,105.79404175371494,103.73841403527162,104.62391446389098,438000
2016-07-29,105.34339141845703,105.9442649962775,105.08248245249797,105.35129336383564,499400
2016-08-01,105.65171813964844,105.77030762026645,104.60808245406321,105.38289521018648,457900
2016-08-02,105.76241302490234,105.81775076502353,104.60808972252251,105.43825233664062,390200
2016-08-03,105.67545318603516,105.94426409508625,104.88482434950467,105.88891428579058,447100
2016-08-04,106.094482421875,106.25260577177936,105.44616100401734,105.44616100401734,295300
2016-08-05,106.86925506591797,107.10644603353776,105.94422114983111,106.41068907892868,296200
2016-08-08,106.92465209960938,107.18556107287573,105.7703286479497,106.71117892802071,473400
2016-08-09,107.43852233886719,107.98405801513377,106.75858124532314,106.86926876920077,280000
2016-08-10,107.25670623779297,108.11848873711084,107.05113502816762,107.52551713526196,354600
2016-08-11,107.61249542236328,108.06314760263497,107.37530434978072,107.65993122407198,285200
2016-08-12,107.49388122558594,108.22916011124738,107.29622405451097,107.90499945531572,230300
2016-08-15,106.71907043457031,107.79432606889506,106.68745059122453,107.39901167486445,393700
2016-08-16,105.04292297363281,106.72696585945907,105.01130313579289,106.40280521742979,402500
2016-08-17,105.96005249023438,106.18932948501778,104.89269901291438,105.25639349130087,389300
2016-08-18,107.38320922851562,107.52551662154116,105.73869987956043,105.85728937374837,426500
2016-08-19,108.4821548461914,108.50587273892256,106.79811207806976,107.35945162475367,395200
2016-08-22,108.79053497314453,109.00399607729695,108.18964932401923,108.18964932401923,427300
2016-08-23,108.66401672363281,109.2411723299804,108.5454151733725,108.84585795718723,315900
2016-08-24,107.93663024902344,108.65609317567305,107.67572133820211,108.57703754647751,211700
2016-08-25,107.73109436035156,108.11060493533199,107.56506903983275,107.86549983164207,366500
2016-08-26,107.454345703125,108.6323747033806,107.20925274505936,107.60456708104552,293600
2016-08-29,107.84175872802734,108.16591941706933,107.3199529117589,107.53341399221699,295500
2016-08-30,107.51763916015625,107.85760383026933,106.94838533034947,107.84178787276336,406600
2016-08-31,108.28448486328125,108.4584120346838,107.18551172886247,107.35943890026502,463400
2016-09-01,108.49799346923828,108.97237560381177,107.54924126413012,108.11059305457411,348500
2016-09-02,110.07133483886719,110.46664921134867,108.88539172142274,108.97236136593014,454800
2016-09-06,109.8420639038086,110.68804259149672,109.19375449907308,110.28482620796754,355900
2016-09-07,110.40338897705078,110.68801578591888,109.77879762472051,110.18201391060185,516800
2016-09-08,109.6839370727539,110.17413516370338,109.37559230356193,110.00019585143725,363600
2016-09-09,107.62831115722656,109.26490663302079,107.61249520200968,109.130501173775,678700
2016-09-12,107.0748519897461,107.52551619394426,106.03122825292817,107.31204304121681,749800
2016-09-13,105.30384063720703,107.1539089376809,105.12199941041774,106.52931756008113,841900
2016-09-14,103.6277084350586,105.40662299178189,103.26401392861912,105.31965335311395,1520400
2016-09-15,103.69884490966797,104.05462534915168,102.43383438702097,103.72256280136459,957600
2016-09-16,101.88835906982422,103.61983857295358,101.3428231097652,103.61983857295358,2731400
2016-09-19,102.3073501586914,102.7817322098902,101.71437862671128,101.99110350058335,697000
2016-09-20,102.0938949584961,103.3747096806632,102.06226305244604,102.77383617012352,363000
2016-09-21,102.85289001464844,102.93195771435818,101.39813602667174,102.0938931791985,501000
2016-09-22,103.85698699951172,104.07836207142249,103.07426023980369,103.31935320770228,578900
2016-09-23,102.21247863769531,104.03092708304042,102.04645336449808,104.03092708304042,469500
2016-09-26,102.1571273803711,102.61568135501062,101.90412043598434,102.16502932337,427400
2016-09-27,102.52873992919922,102.77384499800986,102.15715548147384,102.61570958225114,664900
2016-09-28,103.21659851074219,103.28775221168704,102.40225176249209,102.78175023157009,385200
2016-09-29,104.5499496459961,104.93885157644574,103.43881857388338,103.64516802715562,492500
2016-09-30,105.60552215576172,106.0817280705447,104.5737507473449,104.95472032333909,515300
2016-10-03,106.367431640625,106.61346688216585,105.18486148403792,105.76423596673905,617500
2016-10-04,104.57378387451172,106.60558592552866,104.26425356497477,106.42303340446132,553800
2016-10-05,105.58173370361328,105.87538721254353,104.43091664682034,104.69282874009131,612600
2016-10-06,106.40711975097656,106.50235607607965,105.01820016127374,105.71662006272595,407700
2016-10-07,105.335693359375,106.53412853782194,104.51027126646191,106.45476894724035,497900
2016-10-10,106.97061920166016,107.01823736497437,105.78804900087961,105.86742068001524,366900
2016-10-11,105.93094635009766,107.13732598271433,105.58173023720167,107.13732598271433,297200
2016-10-12,106.58968353271484,106.86746024552977,105.65314839158407,106.07379173390929,332100
2016-10-13,105.99442291259766,106.53411164046906,105.71663411356897,106.03410875680451,452300
2016-10-14,105.85950469970703,106.49442978914522,105.47060278856932,106.20872076514992,388800
2016-10-17,105.50235748291016,106.0896765860529,105.06584945656466,105.69284229997785,335500
2016-10-18,106.98652648925781,107.30398907555565,106.23254376398441,106.33571244379944,258500
2016-10-19,106.58968353271484,107.29604802364025,106.06585940854443,107.28810358785499,320200
2016-10-20,103.41498565673828,106.73251345786566,103.2006918170619,106.73251345786566,564700
2016-10-21,103.5022964477539,103.88325387962489,102.98640473397724,103.81975895590999,443500
2016-10-24,104.7642593383789,105.2801391045884,104.04996241433157,104.64521388784509,447200
2016-10-25,104.4864501953125,104.84361069844344,104.01025637517105,104.71662083557109,331200
2016-10-26,102.89910125732422,104.65311371652382,102.78798816785581,104.4388198616853,389800
2016-10-27,102.5419692993164,103.29595196341909,102.1848208911015,103.2404014650134,351800
2016-10-28,103.39913177490234,104.05787808674428,101.97847048074173,102.60546327057523,805500
2016-10-31,104.10551452636719,104.60552964716366,103.1689913399345,103.61344384267694,510000
2016-11-01,104.21658325195312,105.68487446121635,104.09753785030142,104.51023664963887,498500
2016-11-02,102.35942840576172,109.22465615312207,101.70861441645322,104.35153200031519,922800
2016-11-03,102.53402709960938,104.09755488606832,101.75623542389077,102.24037365386667,747700
2016-11-04,101.78005981445312,102.96261821028634,101.75625072664582,102.55785160714103,545600
2016-11-07,103.99436950683594,104.09755027419341,102.37529129905165,102.47052763173934,588900
2016-11-08,105.5102767944336,105.92298774459192,104.03405311734659,104.03405311734659,368400
2016-11-09,99.46253204345703,103.41500367345806,98.14504553692993,103.41500367345806,1221800
2016-11-10,95.01004028320312,99.65299905802293,94.96242211845096,99.38315471748179,1248400
2016-11-11,92.52587127685547,94.75607773003006,92.35126324539371,94.69258279946035,1209700
2016-11-14,92.23219299316406,93.30364399382285,90.41469184817299,92.84332097890267,1417400
2016-11-15,94.819580078125,95.4624496486064,92.66080071155741,92.66080071155741,899200
2016-11-16,95.47037506103516,95.47831344070151,94.14495025159972,94.63702079714297,646700
2016-11-17,95.14497375488281,96.19261589033442,95.08941720433651,95.73229278089786,560100
2016-11-18,95.93863677978516,96.33547099123312,94.73226344127552,95.16084511626447,796300
2016-11-21,96.41486358642578,96.43073429403326,95.55770005056155,95.93865758524953,498500
2016-11-22,94.54178619384766,96.96247128841341,94.35923978943441,96.96247128841341,622500
2016-11-23,94.35923767089844,95.80371394852078,93.90684691513786,94.31161950351611,496100
2016-11-25,95.1846694946289,96.28786829530225,94.52592314452598,94.52592314452598,225300
2016-11-28,94.89893341064453,96.53388842977999,94.54971736569927,95.41481909834744,707400
2016-11-29,95.41481018066406,95.7481494350247,94.29573489861325,94.66082161365713,438200
2016-11-30,93.16079711914062,95.8116527951857,92.97825677314559,95.24021056297431,690600
2016-12-01,93.21636962890625,94.22433208755304,92.27984048912295,93.66876046433993,904500
2016-12-02,94.09733581542969,94.30369132175058,92.6687361425877,93.23224005331656,717700
2016-12-05,94.99417877197266,95.1767191246586,93.76399025169198,94.16082447691674,489500
2016-12-06,94.82750701904297,95.97832382456532,94.24018801899648,95.01004736767692,600500
2016-12-07,96.77198791503906,96.81960608120517,94.69257453445168,94.73226037639633,397500
2016-12-08,97.9942626953125,98.0656899625813,96.16882249910569,96.51010023821529,515100
2016-12-09,98.74823760986328,98.8910981882826,97.8196468777429,97.8434559649444,375200
2016-12-12,99.60539245605469,100.30381852607019,98.66886342421964,98.66886342421964,388100
2016-12-13,99.4466552734375,100.9466881001864,99.38316034669872,99.92285511355931,383400
2016-12-14,98.85934448242188,99.89111593425953,98.2958405851047,99.63714226145166,518600
2016-12-15,99.14505004882812,99.81173461974102,97.7640687982923,98.6132937010345,419100
2016-12-16,99.85936737060547,100.24033090323476,98.75616867379662,99.05776051468777,659400
2016-12-19,99.4466552734375,99.98635004029808,98.29583243333285,99.64507237808904,386400
2016-12-20,99.50221252441406,99.81967504993467,98.58155424581757,99.24030049117097,365700
2016-12-21,99.81175231933594,100.93082175634285,99.41491806908196,99.8831795778808,286900
2016-12-22,100.46257019042969,100.93877012682242,99.24825823330445,100.02605004986343,395900
2016-12-23,99.89906311035156,100.58955087726291,98.97046629985374,100.1689075123145,214400
2016-12-27,99.85936737060547,100.31175815954717,99.41491496187959,99.94667138734948,361300
2016-12-28,99.30953216552734,100.19401939770884,99.03064116424666,99.77169787014554,239600
2016-12-29,100.146240234375,100.56059183058082,98.99879569200561,99.38924928617664,214700
2016-12-30,99.57252502441406,100.46498262947584,99.2697298395358,100.07452900761565,196500
2017-01-03,99.90718078613281,100.64027368478115,99.20596809978356,99.65219380206315,330200
2017-01-04,100.6402816772461,101.82756434616898,99.68407585151976,100.32154640200399,484200
2017-01-05,100.63229370117188,101.12633359377833,100.38527679455296,100.50479718203395,477400
2017-01-06,100.34542846679688,100.79165410660687,99.4609411597675,100.249806081394,363300
2017-01-09,99.6043701171875,100.75977837879955,98.91909156443178,100.44901323038339,339400
2017-01-10,98.87129211425781,100.05060455579539,98.64020922572315,100.0027963993292,373800
2017-01-11,100.21794128417969,100.99087225322387,99.09440702808386,99.29361579002848,428900
2017-01-12,99.67610168457031,100.79167206219762,99.36533647585999,100.13826751063111,354600
2017-01-13,100.7597885131836,100.80760274961942,99.66015834506202,100.08247994413692,409600
2017-01-17,100.93508911132812,101.42912900538465,99.92311132501739,100.24981051737207,365300
2017-01-18,99.81952667236328,101.70802797926511,99.66813214283957,100.93509698767193,722400
2017-01-19,99.95499420166016,100.9111938642007,99.50876242368794,99.7717194586658,425500
2017-01-20,100.27372741699219,101.42117192185107,99.92312410223931,100.21794920241541,309200
2017-01-23,100.8155517578125,101.19006514422767,99.8832563571841,99.93107058652238,333400
2017-01-24,101.76380157470703,101.85145391489309,100.38528036881517,100.90321827799059,285900
2017-01-25,102.28970336914062,102.75186912055304,101.57255674448443,101.61239484620505,274000
2017-01-26,100.7597885131836,102.23393820268205,100.71995040875079,102.23393820268205,339800
2017-01-27,102.05864715576172,102.1781675643967,100.60043737671779,100.86339443445418,421100
2017-01-30,101.31757354736328,101.79567334131175,99.97092042429941,101.59646458721916,390400
2017-01-31,102.14629364013672,102.32159833522323,100.4410670087178,101.48491904662647,448700
2017-02-01,100.9032211303711,102.26580834900597,100.56058181251304,101.68412216154842,541000
2017-02-02,92.28145599365234,94.7516492658428,90.09812987657665,90.45670318157546,1906000
2017-02-03,93.32533264160156,93.81936653155023,91.18184419587331,92.43287510716621,1414900
2017-02-06,93.07034301757812,94.43293032231553,92.80738597297018,93.75562169659732,905500
2017-02-07,94.79947662353516,94.91103305566182,92.75161057753915,92.78348471234243,908000
2017-02-08,93.6042251586914,95.49272055554954,93.50063269937367,95.16602130840893,671300
2017-02-09,94.6162109375,95.03056865029036,93.36517990356207,93.60423289781576,848900
2017-02-10,96.24967956542969,96.88714377995623,94.76756629958875,94.87912268911508,572900
2017-02-13,95.72379302978516,96.3214193214173,94.83930563182008,95.75566716152981,374000
2017-02-14,96.01863098144531,96.32142613538642,95.3174182715646,95.5166270495344,344900
2017-02-15,96.68795776367188,96.79952025874687,95.62020176209217,95.62020176209217,432200
2017-02-16,96.16206359863281,96.91905453933846,95.75567598067116,96.40111656905016,438900
2017-02-17,96.24967956542969,96.24967956542969,94.91896686224618,95.40503659348256,496000
2017-02-21,97.22980499267578,97.28558320005612,96.24173128506601,96.43296998474595,394700
2017-02-22,96.1142349243164,97.21386497894832,95.36520811760535,96.7516992437705,355400
2017-02-23,97.4369888305664,97.76369411879222,96.09830570491302,96.25767636235328,351200
2017-02-24,97.81948852539062,97.92307491035125,96.76766632960664,97.30951449588142,318400
2017-02-27,96.13018798828125,97.4927753082564,95.93097920911465,97.48480525486629,343000
2017-02-28,96.32938385009766,97.36527179460367,96.2736056425854,96.2736056425854,584000
2017-03-01,97.32544708251953,97.89119932314331,96.44095955833266,96.99077777049474,346600
2017-03-02,96.56047058105469,97.468862042099,96.11424490317157,97.468862042099,464300
2017-03-03,97.08638000488281,97.40511524217152,95.95487568790847,96.73577671529735,399000
2017-03-06,96.36126708984375,96.66406223362618,95.41303139312221,95.93097541434076,405800
2017-03-07,95.72379302978516,96.80748919162762,95.67598487185268,96.3214193214173,389100
2017-03-08,94.77555847167969,95.81144034183353,94.75165439396848,95.6998839262688,461300
2017-03-09,95.60427856445312,95.8512955015833,94.83134753997169,94.83134753997169,395700
2017-03-10,95.94690704345703,96.63217956311792,95.05444963837068,95.26959241742942,456300
2017-03-13,95.47677612304688,96.01862420405364,94.81540156782101,95.60427265004564,391200
2017-03-14,95.05445861816406,95.80348554818224,94.84727979253512,95.4927142700542,341900
2017-03-15,96.01863098144531,96.56047910069795,94.75963004562749,95.23772989688112,482600
2017-03-16,95.405029296875,96.04249346264807,94.9747377933106,96.04249346264807,510600
2017-03-17,95.62020111083984,96.17001921262515,95.50067464357755,95.62817116315564,755300
2017-03-20,95.76364135742188,96.13018476929008,94.87118386806713,95.85926375679286,469500
2017-03-21,96.35328674316406,96.37719082046564,95.46879940679426,95.69191223410041,631500
2017-03-22,96.52064514160156,96.6800158284875,95.73177999946893,96.2895622051445,658900
2017-03-23,96.1461181640625,97.26168234867244,95.81144282931066,95.98674750956904,384100
2017-03-24,96.48079681396484,97.16607549659147,96.01066093664218,96.27361798263438,416800
2017-03-27,95.6600570678711,96.9270219704438,95.58833874693843,96.13018686310417,319600
2017-03-28,96.1142349243164,96.48874224830365,94.8871083581727,95.52457267762681,511800
2017-03-29,97.23445892333984,97.39449297062359,95.61015149762667,96.12224823958528,467300
2017-03-30,96.36229705810547,97.04242497685192,96.33829347698233,97.04242497685192,228300
2017-03-31,96.36229705810547,97.12243894882066,96.15425584724694,96.15425584724694,443300
2017-04-03,96.2022705078125,97.33848479838291,95.6421604865677,96.4583188846266,424700
2017-04-04,95.78618621826172,96.42631020019225,94.9700339407413,96.1942654093593,475200
2017-04-05,96.76236724853516,97.48250516263064,95.61014658598236,95.81018455630475,629300
2017-04-06,96.31427764892578,96.76236071871412,95.77017416217967,96.63433349610375,374800
2017-04-07,95.83421325683594,96.59436140612186,95.81020967085314,96.2662961185543,530100
2017-04-10,95.36211395263672,96.18626952161534,95.34611359897096,95.85821038172807,317500
2017-04-11,96.70634460449219,96.71434783159958,95.21806180554424,95.24206538219282,570100
2017-04-12,96.4823226928711,96.80238469080972,95.66616429289388,96.80238469080972,436300
2017-04-13,95.47412109375,96.34628980839479,95.30608993324213,96.31428300096361,340200
2017-04-17,96.46632385253906,96.5783446449617,95.47413707479205,95.47413707479205,310700
2017-04-18,96.72236633300781,96.9384107799455,95.95422118709872,96.37830074742276,442600
2017-04-19,96.37831115722656,97.1784632003905,96.3063004035861,96.83439757764297,479100
2017-04-20,97.10643768310547,97.3784864061758,96.10624778121512,96.78637569356562,283400
2017-04-21,96.70634460449219,97.35446559269823,96.41028624825464,97.09841726732405,343700
2017-04-24,97.90660095214844,98.41869775289517,97.17845968893567,97.2904804825568,455700
2017-04-25,97.6745376586914,98.4106759074276,97.50650650004559,98.26664832792058,607300
2017-04-26,97.1544418334961,97.77056221258108,96.51432397893221,97.28246906721357,506300
2017-04-27,97.9225845336914,98.29065366464111,96.65834920727258,97.08242872543912,433600
2017-04-28,99.0748291015625,99.48290836672969,97.85860064074909,97.93061139683256,649200
2017-05-01,98.48269653320312,99.40287243181346,98.16263455481591,99.3708656235073,591400
2017-05-02,98.67471313476562,99.10679581043892,98.03458929569256,98.26663403473971,780800
2017-05-03,96.50630187988281,99.60289131233131,96.466291851001,99.49886767910793,715300
2017-05-04,96.68235778808594,97.06642729039027,95.57814423344298,96.53032697005837,541300
2017-05-05,96.50630187988281,97.30645362013244,96.36227432245094,97.16242606270058,410600
2017-05-08,95.86619567871094,96.29827843048054,94.93802266373041,96.15425084655733,692700
2017-05-09,94.7459945678711,96.0982472013184,94.68997807133363,95.89820921542696,354100
2017-05-10,95.49012756347656,95.68216842036819,94.22589216465093,94.72198244993419,417600
2017-05-11,95.1380615234375,95.29008623228808,94.23388597521935,95.27408588044703,345100
2017-05-12,94.42594146728516,95.2660974243924,94.32191779782752,95.08206587864886,193600
2017-05-15,95.2341079711914,95.39414206696196,94.09789336226494,94.16991023153082,499500
2017-05-16,94.5779800415039,95.31412464624154,94.40994882549055,95.0100629275424,346300
2017-05-17,94.50594329833984,95.00203968400155,93.64978099230531,94.57795404054455,343300
2017-05-18,93.03363800048828,94.40190281677364,92.93762370087047,94.0738376806177,601300
2017-05-19,92.46556091308594,93.55376809493997,92.04148134016894,92.95365410956495,702800
2017-05-22,92.43355560302734,93.14569649354328,92.3215348123114,92.58558643528836,462000
2017-05-23,93.705810546875,93.98586255384926,91.51339555769314,92.37755516426004,601700
2017-05-24,93.68978118896484,94.08985713105729,93.28170812339613,93.50574967422,351300
2017-05-25,93.32170104980469,94.08984603547746,93.25769354617056,93.74578662633874,380200
2017-05-26,92.68960571289062,93.77781293257217,92.64159854588789,93.2337093227314,319700
2017-05-30,91.64138793945312,92.56956699073734,91.15329483570434,92.56956699073734,412800
2017-05-31,91.2893295288086,92.009467477004,90.75322920808105,91.76942556405531,773000
2017-06-01,91.96946716308594,92.08148794780523,90.90526360357772,91.76942917541935,451600
2017-06-02,92.08148956298828,92.60958668526035,91.24132755818154,91.93746196515498,384400
2017-06-05,91.86543273925781,92.1774914750819,91.51337007339237,92.01746354556798,433000
2017-06-06,92.72160339355469,92.97765176680986,90.99327840025107,91.90545111151474,746200
2017-06-07,93.23370361328125,93.31372369295269,92.45756134067307,92.57757925083027,537300
2017-06-08,92.81761169433594,93.52974633016856,92.76960453833453,93.21768760681152,548100
2017-06-09,92.68160247802734,93.13768884851147,92.40954763870482,92.65759889610844,397000
2017-06-12,93.30570220947266,93.40971974615029,92.59356759338058,92.63357152071485,562200
2017-06-13,94.50594329833984,94.95402641785708,92.77761222933108,93.29771219572768,663600
2017-06-14,96.84239196777344,97.37849232263679,94.57796042719082,94.67398086128914,880200
2017-06-15,96.5543441772461,96.98642700682281,96.03424413582918,96.61035457526481,970400
2017-06-16,95.1780776977539,96.03424009122472,94.60197338725719,96.03424009122472,873800
2017-06-19,95.0980453491211,95.962210804951,94.6019551132986,95.53012807703605,589700
2017-06-20,93.8978271484375,94.95402744492006,93.73779920535746,94.95402744492006,312900
2017-06-21,94.17786407470703,94.49792601447467,93.59375668145431,93.96982900283075,377900
2017-06-22,93.68978118896484,94.47393272152279,93.52175002584696,94.24989117069892,418100
2017-06-23,94.12185668945312,94.61795301711979,93.60976001139188,94.06584630606123,1514100
2017-06-26,94.73797607421875,95.28207955236039,94.05784825271019,94.40991089997321,469500
2017-06-27,94.5219497680664,95.01004295684764,94.11387665981327,94.32191177609623,603500
2017-06-28,93.80677032470703,95.13263392763567,93.7665963552986,95.12459668150498,543200
2017-06-29,94.4175033569336,94.77106873555941,93.69430423275557,93.9353726510231,468700
2017-06-30,95.79156494140625,96.09691291437747,94.76301794758359,94.99604908378149,579400
2017-07-03,95.35765075683594,96.3620921934689,95.34158239132438,96.05674420375712,207700
2017-07-05,94.90765380859375,95.26925023868428,94.14428084257001,95.22103901617179,386200
2017-07-06,93.74250793457031,95.08444014517181,93.52554516362058,94.69873195827432,641500
2017-07-07,94.12018585205078,94.6746395321189,93.83090620424348,93.99162052559448,338600
2017-07-10,93.22824096679688,94.45768253098736,93.18002973587255,94.1121544045726,295400
2017-07-11,93.16393280029297,93.48534908205845,92.78626192553367,93.2201812626642,451200
2017-07-12,94.44961547851562,95.34155975290751,93.71837934357599,93.87105636749142,274200
2017-07-13,95.17282104492188,95.2129950172924,93.68624306288402,94.4415848586764,329000
2017-07-14,95.82369232177734,96.01654331930972,94.61032561228154,95.25317044488635,278800
2017-07-17,96.4103012084961,96.44243793673832,95.63085374021769,95.83174201016064,246200
2017-07-18,96.21746063232422,96.30585197677767,95.6469385830675,96.18531776792074,263100
2017-07-19,96.98886108398438,97.3183208125153,96.05674263394666,96.41030797566299,310500
2017-07-20,97.84062194824219,97.99329286026605,96.99688878604502,97.59151633171946,437200
2017-07-21,98.04151153564453,98.06561714678291,96.45047376365373,97.6316977544218,251700
2017-07-24,97.89688110351562,98.24240920100875,97.51921014455523,98.00937805333906,298600
2017-07-25,98.53166961669922,98.57184358773416,97.89686202036845,98.03346455700824,429300
2017-07-26,98.9173812866211,99.92182262001616,98.0897226088033,98.6763190449803,274600
2017-07-27,98.68434143066406,99.00576385503784,98.14596239494611,99.00576385503784,356800
2017-07-28,98.6361312866211,98.86916239356361,98.12989510089119,98.64416853323921,402300
2017-07-31,99.09414672851562,99.30307220614381,98.11381117651678,98.82897279121318,303600
2017-08-01,98.17813110351562,100.08255441165475,94.08804209083482,100.08255441165475,796700
2017-08-02,98.82095336914062,99.02987274086723,97.34241262034605,98.36292839170454,443300
2017-08-03,98.50756072998047,100.22716981463955,98.4352439016497,98.78880918848354,332300
2017-08-04,97.9852523803711,98.66023394112963,97.37455039876382,98.66023394112963,282500
2017-08-07,98.33078002929688,98.6763080547259,97.5593699068415,97.99328311959171,312500
2017-08-08,97.99330139160156,98.61204073258006,97.35849981618036,98.20222692120946,310500
2017-08-09,98.78075408935547,98.90128824541247,97.72810179640939,97.89684716264047,236500
2017-08-10,98.25042724609375,99.00576906351559,97.79240225971785,98.74059508966029,211900
2017-08-11,98.61204528808594,98.76472235107833,97.27814409286087,97.88080896598986,281600
2017-08-14,99.02183532714844,99.60038831662338,98.4914874235181,99.09415215184931,399000
2017-08-15,99.4316635131836,99.59237781905068,98.87721601715789,99.11024103207333,365100
2017-08-16,100.20307922363281,100.27540219785116,99.14238926988293,99.39952604259125,248300
2017-08-17,98.77273559570312,100.33163041391383,98.72452437637637,100.18699062531053,479900
2017-08-18,97.82453918457031,98.8932661315114,97.4066943276777,98.78880644994393,351300
2017-08-21,98.50756072998047,98.5557780794906,97.60758528076407,97.86472199920061,214800
2017-08-22,99.35130310058594,99.39951432396484,98.36293623757712,98.55578726171628,409200
2017-08-23,99.3352279663086,99.5602218342408,98.8772029835543,99.24683664238907,336900
2017-08-24,98.41919708251953,99.31113548028934,98.2424144004055,99.31113548028934,241400
2017-08-25,98.33078002929688,98.89326466110101,97.99328311959171,98.63612795361588,190200
2017-08-28,99.29505920410156,99.31916481690152,97.90490960327405,98.43525760736829,431100
2017-08-29,99.12630462646484,99.728969413284,98.3870372926496,99.02987605354942,259600
2017-08-30,99.4316635131836,99.89772580426228,98.92542724360607,98.95757010477948,245800
2017-08-31,99.49596405029297,99.75310084734359,98.35491989654491,99.43971556752017,277500
2017-09-01,100.17897033691406,100.4441443493461,99.64862844267402,100.01022491008204,269600
2017-09-05,99.62450408935547,100.39591423717972,99.27093880595243,100.09056017219605,185500
2017-09-06,99.63253784179688,99.98610313455588,98.84505931053572,99.98610313455588,261400
2017-09-07,99.57630157470703,99.72897862994395,98.87721428098808,99.47184187569556,208100
2017-09-08,99.82539367675781,100.17895283427151,98.75666669625232,99.46379114190269,242300
2017-09-11,100.12271118164062,100.52448771618221,99.39148107669908,100.12271118164062,260600
2017-09-12,100.20307922363281,100.52450172217428,99.79327151535107,99.80130263311203,250300
2017-09-13,100.08252716064453,100.72536587301127,99.97003023271479,100.28341540775091,243900
2017-09-14,100.2110824584961,100.33161662086562,99.11825001275747,99.95394577306477,323700
2017-09-15,100.31556701660156,100.4602068212039,99.47987717959211,99.91379046277545,484600
2017-09-18,100.9182357788086,101.23162714317552,100.06647141331469,100.31557092459146,265300
2017-09-19,98.34685516357422,101.23964485463635,98.2423954763668,100.89411680541411,456700
2017-09-20,96.94868469238281,98.35490264568536,96.79600763851036,98.29061692504182,424100
2017-09-21,96.36206817626953,97.42275782376359,95.94422334024807,96.94866452653496,377800
2017-09-22,96.29779815673828,97.34241961290346,96.18530121599723,96.63529510958492,225200
2017-09-25,96.31387329101562,96.72368708107835,95.53442581740313,96.28976767935727,354800
2017-09-26,96.79598236083984,97.29418736978843,96.1370692228741,96.42634875960269,260200
2017-09-27,96.90046691894531,97.17367816519089,95.90406277576011,96.96475263931177,327100
2017-09-28,97.06922912597656,97.44689398069454,96.56298668578383,96.7478066194751,270600
2017-09-29,97.42452239990234,98.58741655456474,97.06112105718259,98.09480201189383,340500
2017-10-02,98.91048431396484,99.15274992226543,97.44878865060842,97.56184716672743,320400
2017-10-03,99.37077331542969,99.48383180602721,98.73279688350038,99.06389498847155,255400
2017-10-04,99.82301330566406,100.19449210594863,98.78125472691505,99.41923119736876,174100
2017-10-05,100.22676849365234,100.48518872710218,99.73415396094728,100.11371002659456,166500
2017-10-06,99.45154571533203,100.31563927803361,99.20119659033647,100.11374820112925,193900
2017-10-09,98.54705810546875,99.76648176970738,98.47438028503029,99.54036478004213,129300
2017-10-10,98.45014953613281,99.38692075630784,97.77986980577468,98.83777688198953,285600
2017-10-11,98.57935333251953,99.15272312680948,98.26440381398315,98.49052078511436,337400
2017-10-12,99.62110900878906,99.65341231250571,98.57127320228652,98.57127320228652,273100
2017-10-13,100.33984375,100.66287063616862,99.44344706746415,99.70186734415397,224200
2017-10-16,100.37213134765625,100.6870808180477,100.13793704586334,100.34790541319913,365100
2017-10-17,99.8310775756836,100.6467128913505,99.39499221658954,100.27523413980191,316600
2017-10-18,99.63726043701172,99.98451326039113,99.07196800882447,99.98451326039113,239500
2017-10-19,99.4596176147461,100.121820064132,99.33848174301882,99.4596176147461,197400
2017-10-20,100.1218032836914,100.23486176869453,99.40306554156388,99.7422471577986,134700
2017-10-23,100.75977325439453,101.018193528174,99.87145394835422,99.98451243305615,225000
2017-10-24,100.82439422607422,101.16356972849722,100.54982534160594,100.80016828464774,229800
2017-10-25,100.67903137207031,100.84861912152289,99.61304683177829,100.4448370053331,232800
2017-10-26,101.30891418457031,101.49465663906683,100.67901517047581,101.13125525746621,231300
2017-10-27,101.76921844482422,101.93073495088417,100.76784075215134,101.28468124909378,216000
2017-10-30,100.5498046875,101.59963428809911,100.50942401926642,101.22815555300481,277200
2017-10-31,101.22817993164062,101.71271726100947,100.63866146529689,100.84862373924666,316000
2017-11-01,103.19862365722656,106.412731691064,101.50274017135956,103.70738685461902,619000
2017-11-02,104.40188598632812,105.02371379435348,102.92404220287708,103.42474032473852,398500
2017-11-03,104.97528839111328,105.26601203366762,103.73971599087065,104.17579529347549,428700
2017-11-06,104.67646789550781,105.12870187692948,104.07887827253712,104.98334623538044,727700
2017-11-07,105.33061218261719,106.20278315870634,104.98336542713615,104.98336542713615,504300
2017-11-08,106.56617736816406,106.75998489000277,105.06410746165511,105.27406971779764,310700
2017-11-09,104.99949645996094,106.50156630371266,104.87028323583253,106.29967526193126,491300
2017-11-10,105.22559356689453,105.91201558583532,104.79758562495235,104.79758562495235,360900
2017-11-13,104.28076171875,105.50825034382734,104.16770323163891,104.95911264141657,815000
2017-11-14,105.49211120605469,105.75860886018134,104.02233850555945,104.40189465030487,519800
2017-11-15,107.57561492919922,108.237811057341,106.50962444457375,106.63883765285254,782600
2017-11-16,107.37374114990234,107.88249821519484,106.46926086919574,107.72098784014243,743500
2017-11-17,108.04399108886719,108.068229347528,107.0668454684883,107.50292464273718,356100
2017-11-20,108.51239776611328,108.52048129449399,107.74521423950569,108.11669919391612,368000
2017-11-21,108.96461486816406,109.56221672053132,108.29434752878916,108.96461486816406,609600
2017-11-22,109.02922058105469,109.2068856621308,108.33471498842529,108.98076870847935,283700
2017-11-24,109.3845443725586,109.81255231864628,108.41547001014212,109.02114302695854,161600
2017-11-27,110.64437866210938,110.83012732051448,108.97272699363539,109.6672327742092,362500
2017-11-28,112.3079605102539,112.46138735917239,110.55553533218841,110.87048488094013,567900
2017-11-29,112.85710906982422,113.63237620695962,111.94455748263992,112.02531884029368,458000
2017-11-30,111.83146667480469,113.43045237284704,111.21772243024623,113.08319342217943,685500
2017-12-01,112.82477569580078,112.86514403921358,110.9996731074144,112.08988947344076,421700
2017-12-04,113.13164520263672,113.74540176915018,112.36446181694443,113.0589673952705,471700
2017-12-05,112.13838195800781,113.2124439822056,111.8234323661343,113.09938547031392,486300
2017-12-06,112.3806381225586,112.86516925380076,111.5165385053763,112.17066354214695,353100
2017-12-07,112.45330810546875,112.84093544793382,111.79918311429303,112.35640435046525,282700
2017-12-08,112.97015380859375,113.07514109625745,111.306573552285,112.52599104053763,308500
2017-12-11,112.800537109375,112.83284657094998,112.03335375003219,112.83284657094998,327600
2017-12-12,111.75880432128906,112.67135577108543,111.66190056465625,112.46138120177936,343000
2017-12-13,111.71036529541016,112.64714279214232,111.25004775354165,112.20297998572167,528500
2017-12-14,112.23528289794922,113.37395151767082,111.12085254387047,111.45194454161195,632300
2017-12-15,113.96344757080078,114.7871664444449,112.1060599055035,112.80055323682103,809100
2017-12-18,114.43992614746094,115.19095492518854,113.65658790174092,114.17342848755553,617300
2017-12-19,113.32546997070312,114.90021747813229,113.21241149125821,114.66602931444285,390400
2017-12-20,113.88270568847656,114.20572643596219,113.22049713694388,113.85847974853772,293700
2017-12-21,114.25419616699219,114.94063076571271,113.76966497006026,114.14113765546271,392900
2017-12-22,113.519287109375,114.45605206447917,113.34969323298428,114.33492238309279,317800
2017-12-26,113.34162902832031,114.86792472030119,113.11551206080097,113.6484950142677,161800
2017-12-27,112.54215240478516,113.80195064116167,112.33219013953985,113.40623972949885,224900
2017-12-28,112.97824096679688,113.09938300561818,112.3241158535032,112.9459438165832,174000
2017-12-29,113.38375854492188,114.00826481531836,113.05122810706537,113.39186451577399,215100
2018-01-02,113.5216293334961,113.60273854057888,112.46727151905725,113.52973530399339,337800
2018-01-03,112.02931213378906,113.90281845661545,111.96442724429598,113.2783122238309,436200
2018-01-04,114.23535919189453,114.72197734375187,112.45917385512354,112.45917385512354,281800
2018-01-05,113.8135986328125,115.21669873116251,113.62706231784182,114.32455938200039,284500
2018-01-08,113.34321594238281,114.47867075832018,113.27833104211078,113.71630102506471,285900
2018-01-09,113.18097686767578,113.90280415631214,112.91333137294198,113.54594349666708,408700
2018-01-10,111.6643295288086,113.45673896435582,111.35614178293616,113.45673896435582,543200
2018-01-11,111.90764617919922,112.33749773526159,110.91006732036834,111.92387049514319,415500
2018-01-12,110.26937103271484,112.1590896348852,110.07471632935568,111.98067162621784,379400
2018-01-16,110.6505355834961,111.8184389034193,110.51265982705071,110.86141457908262,413000
2018-01-17,111.1614990234375,111.72922637981051,110.88574750398891,110.99929297526351,298100
2018-01-18,110.62619018554688,111.33991153368788,109.80704172954046,111.33991153368788,306000
2018-01-19,111.2182846069336,111.46970585298837,110.96686336087882,111.21016625994541,253700
2018-01-22,114.24345397949219,114.3083388684938,111.32369585205501,111.44535965975575,435200
2018-01-23,114.32456970214844,114.4867757461361,113.85416351171469,114.1623512826329,260600
2018-01-24,113.7973861694336,114.73819856336078,113.75683156399175,114.58409848799863,303900
2018-01-25,114.86796569824219,115.727668861435,114.07313505162473,114.07313505162473,390400
2018-01-26,118.44465637207031,118.63931105210395,114.07313723414661,114.86796789597129,859100
2018-01-29,117.03343963623047,118.55819117834214,116.97666071883772,118.48520032071737,790400
2018-01-30,115.97908020019531,117.27675318061797,115.80064985599903,116.36027117411221,385500
2018-01-31,116.4981460571289,116.7738975413866,115.86553388711341,116.51437037253424,509500
2018-02-01,111.46967315673828,115.63843073686282,108.46070030707331,115.63843073686282,1000100
2018-02-02,109.71785736083984,111.95633079630879,109.09335100590606,109.85573313715749,679500
2018-02-05,105.51666259765625,110.22881881074329,105.51666259765625,109.56375784150435,579800
2018-02-06,105.67882537841797,106.64396779791053,102.94561030980921,104.08917685651409,880400
2018-02-07,106.14117431640625,107.6578328683706,105.54101052493591,105.58967111607872,410700
2018-02-08,103.47280883789062,106.84674877766567,103.44847855170936,106.63586979672532,463400
2018-02-09,103.80534362792969,105.07057432801018,102.06971290901632,104.42173775423741,440600
2018-02-12,105.00568389892578,105.67885072587814,102.97807744745278,104.46228685499433,420300
2018-02-13,104.113525390625,104.91646194877708,103.17271927549794,104.57582557197746,411800
2018-02-14,105.42744445800781,105.50043533048598,103.58637407381661,103.79724690725028,266500
2018-02-15,106.09247589111328,106.31956681915025,104.389293930836,105.73561518261879,448800
2018-02-16,106.34388732910156,106.67641772012934,105.3787447859131,106.12491476717952,304100
2018-02-20,104.82723999023438,106.12491290163919,104.34060955457606,105.84914905448558,410300
2018-02-21,103.01863861083984,104.7948302499556,102.91320528991243,104.78671190280748,437100
2018-02-22,103.83778381347656,104.42984145046547,103.04296552507097,103.31871704087094,269600
2018-02-23,104.40550231933594,104.54337806555804,103.60257194030683,104.42983260540295,238400
2018-02-26,105.62208557128906,105.98705230501679,104.46230047013864,104.94081268492675,230900
2018-02-27,106.26280975341797,107.17927951776966,105.28144271752136,105.57341856183098,489600
2018-02-28,105.95460510253906,107.17116900636897,105.5166475423926,106.78187202229124,477600
2018-03-01,104.58393859863281,106.87108462285619,103.91077176970595,105.7356175813842,407200
2018-03-02,106.40879821777344,106.5547923369261,103.84590035290937,103.84590035290937,239900
2018-03-05,106.68455505371094,107.56860103311283,105.75186086621737,105.88163067289489,300900
2018-03-06,108.3796157836914,108.41205203922252,105.99514879753696,106.99272763084741,528100
2018-03-07,108.6797103881836,109.60429847407686,107.0900614178703,107.56858596602565,444500
2018-03-08,107.13871765136719,109.08521467301722,106.7980689158285,109.08521467301722,409500
2018-03-09,108.0714111328125,108.50126265984652,106.9440625736151,107.71455045930665,273600
2018-03-12,109.31231689453125,109.6610716358626,108.40395317380732,108.40395317380732,408900
2018-03-13,108.11199951171875,109.81518183716506,107.83624795076985,109.61242115255025,723900
2018-03-14,107.33336639404297,108.89868492598353,107.10627547368792,108.49316365741707,214700
2018-03-15,106.32766723632812,107.82808830246462,105.94647630521457,107.63344604012602,249700
2018-03-16,106.91163635253906,107.56857884699536,106.40878154926044,106.52232701280194,597900
2018-03-19,106.66019439697266,107.15493081549624,106.02758223892955,106.90350962134147,166800
2018-03-20,106.59532928466797,107.146844720574,105.49232316391328,106.66833252838859,333600
2018-03-21,105.6383056640625,106.67643927094919,104.9002538789314,106.28714226224888,426400
2018-03-22,104.2270736694336,106.34389522044462,104.18653144234597,105.39497692178826,267500
2018-03-23,102.79153442382812,104.46228633927292,102.62121622527691,104.46228633927292,351000
2018-03-26,104.44605255126953,104.55149203683303,102.62931907703677,103.81344038894154,435700
2018-03-27,103.43226623535156,105.4193182156855,103.00241462891098,104.90836977107467,438800
2018-03-28,103.12406158447266,103.91888600697052,102.88074634409725,103.39981308165208,311100
2018-03-29,105.05531311035156,105.46275693055966,103.60481410514663,103.60481410514663,425900
2018-04-02,103.02628326416016,105.43835083833108,102.47215921218158,105.03905126846745,383300
2018-04-03,103.76781463623047,104.47677551279891,102.54548287534891,103.44186447367605,420100
2018-04-04,105.47908020019531,106.06580041860045,102.81439357778874,103.10775368699132,523900
2018-04-05,104.77015686035156,106.22880091949197,104.65606060271854,106.22880091949197,611500
2018-04-06,103.401123046875,105.2998133076615,102.59438578294427,104.34639597600689,696200
2018-04-09,103.84115600585938,105.70724987506874,103.22999013582971,103.72707220748856,305600
2018-04-10,104.97384643554688,105.60945788891178,103.9715255455327,104.68048634674767,372300
2018-04-11,104.94940948486328,105.39760032658972,104.25676221510682,104.89237379639056,301800
2018-04-12,105.84578704833984,106.15544842406163,104.80273154866917,105.34870494035597,276900
2018-04-13,104.83531188964844,106.02505356450934,104.17525475234802,106.02505356450934,308200
2018-04-16,106.2939682006836,106.78289342742693,104.81086641423262,105.24275595991313,484900
2018-04-17,106.68511199951172,107.55704793612291,105.76428478312819,106.7503045172753,506600
2018-04-18,106.56289672851562,107.3370377653012,106.53845108566367,106.83995563697314,204800
2018-04-19,105.50353240966797,106.75845424516883,105.30795484662023,106.34286591216963,235400
2018-04-20,102.84699249267578,105.78874427957793,102.54548175679089,105.53611860702195,276600
2018-04-23,102.86329650878906,103.70263000336973,102.70846582711269,103.34407735826694,182600
2018-04-24,101.5268783569336,103.61299556500482,100.93201368393096,103.29518978800864,561600
2018-04-25,102.28471374511719,103.0018189868321,101.11127954275729,101.40463964762239,272600
2018-04-26,101.95878601074219,102.48845822258002,101.33946940688489,102.29288684871526,347800
2018-04-27,101.64911651611328,102.99368281584178,101.64911651611328,102.04026544983664,445200
2018-04-30,98.67477416992188,102.11360214946635,98.29178207407378,101.80394698140788,566700
2018-05-01,98.31621551513672,99.55484225075219,98.02285540618294,98.21842673978526,551700
2018-05-02,96.53160858154297,98.47918993706156,96.17305595806654,98.29176922359021,649300
2018-05-03,94.2580795288086,94.86924543842807,91.86231339072903,92.89721826216017,1414000
2018-05-04,92.31047821044922,93.35353347791873,89.80062258741333,93.21500406019852,1038600
2018-05-07,90.8681411743164,93.05204074756195,90.40365537262727,92.13121354594799,664300
2018-05-08,90.46070098876953,91.12075815064277,89.85767950999313,90.56663416996498,722400
2018-05-09,90.55035400390625,90.63999217850832,88.96946934321737,90.63999217850832,686900
2018-05-10,90.72147369384766,91.38153092007097,87.82046846883965,89.11614349550561,444000
2018-05-11,91.07186889648438,91.82971485432014,90.41180550282033,90.745912509343,781200
2018-05-14,90.72147369384766,92.28605700931851,90.10215713339406,91.3407840371998,648100
2018-05-15,91.42227935791016,91.75638017815096,90.03696613904646,90.50960263314472,649400
2018-05-16,92.15567779541016,93.67952054163904,90.76222010894713,91.65860185208285,860000
2018-05-17,92.39198303222656,92.63645187628265,91.69117897750685,91.80526899727373,698900
2018-05-18,92.07417297363281,92.26975052660218,90.98222627984022,92.0008360540948,557100
2018-05-21,92.11492919921875,92.65275198171081,91.78897279495925,92.46533124580498,428100
2018-05-22,91.21040344238281,92.36754277521419,91.03112710857206,91.96824944260926,810100
2018-05-23,91.67488861083984,91.95194751221065,90.98223514031153,91.13705961344763,607100
2018-05-24,92.60386657714844,92.72610101364496,91.16966203759941,91.69934045101654,549300
2018-05-25,92.57127380371094,93.94843648710655,92.40829869363775,92.59571944851173,487200
2018-05-29,92.69351196289062,93.50024935918563,91.69119696614057,92.32681484196621,456200
2018-05-30,92.94612121582031,93.41875773737479,92.20457638526585,92.9216755711023,492000
2018-05-31,90.77035522460938,93.28836186158573,90.33846566783596,93.14982620497287,726200
2018-06-01,90.49331665039062,91.20226524526143,90.22440211304547,90.95780257075853,332200
2018-06-04,90.68071746826172,91.32447960527148,90.15918975017041,90.81110250633495,350700
2018-06-05,91.0229721069336,91.21039905155892,90.35476430577972,90.9822314439114,294500
2018-06-06,90.51773834228516,91.22668674954588,89.63765802592648,91.18594608979441,428600
2018-06-07,90.5910873413086,91.0881694631112,89.8658375997477,90.2732815542022,442400
2018-06-08,91.23486328125,91.49562720270468,90.1836569743258,90.59110099016763,365500
2018-06-11,92.09862518310547,92.57126164417811,91.35708044744423,91.35708044744423,282500
2018-06-12,92.13121795654297,92.32679551605959,90.69701982269297,92.12307355438877,505600
2018-06-13,91.67488861083984,92.44088522514949,91.29189030368502,92.44088522514949,308300
2018-06-14,92.18827056884766,92.26161371646364,91.11261873492546,91.70748966764909,349600
2018-06-15,93.58171081542969,93.72839086630749,91.99268211183714,91.99268211183714,746900
2018-06-18,93.25577545166016,93.27207047451759,92.03344357300512,93.10094475755805,423900
2018-06-19,93.91581726074219,93.96470853839061,92.9053581477054,92.9053581477054,424700
2018-06-20,94.35587310791016,94.59219135102545,93.14169184654666,94.05436233901793,365400
2018-06-21,93.14170837402344,94.84482144671895,92.97872703066098,94.29884793493544,334100
2018-06-22,89.36878204345703,91.97642785736807,88.61093581421238,91.67491700328898,731900
2018-06-25,89.27098083496094,90.02067628562482,88.39090032308496,88.82278995842172,591500
2018-06-26,89.26280975341797,90.1510344651932,88.84721523744491,89.43393544420677,622700
2018-06-27,90.99853515625,92.64461228365548,89.95547958333252,91.22670278568799,713900
2018-06-28,90.94148254394531,91.58524468956749,90.51774359874004,90.81110372122865,387100
2018-06-29,90.69570922851562,91.7034421091471,90.43353578610298,90.90053242573514,684900
2018-07-02,89.45858001708984,90.64655203942282,89.18821190142803,90.54823465626184,411600
2018-07-03,89.90916442871094,90.52363385311573,89.61421860494013,89.75350309167528,257100
2018-07-05,91.71979522705078,91.75256767797599,89.84362085455366,90.31880576620436,495400
2018-07-06,91.62969207763672,92.26055095365903,91.4166804772851,91.85909928300397,289700
2018-07-09,91.54776763916016,92.09669851723379,91.26101643461867,91.79355795774282,508900
2018-07-10,92.74393463134766,92.76032398636075,91.46583997145618,91.79355831393559,338400
2018-07-11,90.94967651367188,92.67018978477452,90.93328716069284,92.58006709550997,391500
2018-07-12,90.7530517578125,91.70343431244855,90.63016285049524,91.34294351576489,321800
2018-07-13,81.48685455322266,86.00935394417041,80.72491206076448,83.02712264250363,3024300
2018-07-16,80.29887390136719,81.38033994293716,80.29067922471778,80.896954031931,733200
2018-07-17,79.67620849609375,80.50369580496572,79.49596311686354,80.02850457803277,688200
2018-07-18,79.04534149169922,79.3812481592839,77.84098054185745,78.14411476004511,805000
2018-07-19,79.18466186523438,79.69261947452053,78.94706616865808,79.07814978531908,737200
2018-07-20,79.34030151367188,79.39765800295034,78.40630834225,79.15186769438365,501100
2018-07-23,78.95523071289062,79.32390988541269,78.60293464218235,79.20101474433649,622300
2018-07-24,80.43814849853516,80.53646586174348,78.89788064584397,79.05354199087398,624400
2018-07-25,80.34800720214844,80.91332097092716,79.54509788200917,80.24968986171146,546200
2018-07-26,81.7326431274414,81.97023876525084,80.446353812892,80.68394945070142,890200
2018-07-27,81.38036346435547,82.41266799510342,80.47094786533326,81.78181522631301,492200
2018-07-30,81.6343002319336,81.83092867217844,80.98705843830948,81.29839357362803,398400
2018-07-31,82.9943618774414,83.15821793466496,81.16733621092989,82.03578456548902,683100
2018-08-01,78.89789581298828,82.89604225812292,78.71765040447633,82.89604225812292,1136800
2018-08-02,80.1186294555664,81.65070897015518,77.87376933181997,78.50462192564659,1921200
2018-08-03,80.83142852783203,81.20830245586026,79.53694443762122,80.49551548830442,1129700
2018-08-06,83.32208251953125,83.84642945716071,80.87239858428967,80.87239858428967,1090400
2018-08-07,83.68254852294922,84.24786243648919,82.87964524791374,83.444952910747,518400
2018-08-08,81.92105865478516,83.3630152635964,81.86370842748218,83.3630152635964,549300
2018-08-09,81.65889739990234,81.95384325567302,81.02804480604708,81.88829834312244,734000
2018-08-10,80.06948852539062,81.56878960692448,79.9547817821217,81.47047847084832,369800
2018-08-13,79.66801452636719,80.24971155041196,79.10270685551059,79.77452656997002,374300
2018-08-14,79.65161895751953,80.57741724513696,79.47956828021218,79.65981363283106,432800
2018-08-15,79.75814819335938,80.2169563851694,78.97162790116631,79.15187330680158,1386800
2018-08-16,83.70712280273438,83.79724548810282,80.40537465005595,80.4135693261912,926700
2018-08-17,83.35484313964844,83.59243878867237,82.13409868495302,83.3302653571128,638400
2018-08-20,82.8632583618164,83.92014663347346,82.78952502344137,83.63339545528129,354800
2018-08-21,83.19098663330078,83.50231562822648,82.02759242779634,82.9697740902763,431100
2018-08-22,83.0271224975586,83.37941862250398,82.40446452147037,82.98616161136484,434900
2018-08-23,83.49412536621094,83.73990943552701,82.35530271742874,82.73218287498688,602900
2018-08-24,83.39579772949219,83.88737205836297,82.78952293224178,83.25651948227504,320900
2018-08-27,83.53508758544922,84.72306581691069,83.32206972140999,83.71533298958182,300500
2018-08-28,83.04351043701172,83.68255775725001,82.4126515434481,83.36303409713086,307700
2018-08-29,82.85506439208984,83.13362714664412,81.96203839371312,82.80590883275372,274000
2018-08-30,82.3716812133789,82.78952220205181,81.74901706859079,82.78952220205181,298500
2018-08-31,82.805908203125,82.92880335123782,82.08493291861372,82.27336672844073,519300
2018-09-04,82.58470153808594,82.9288029505738,81.32299010825689,82.9288029505738,803700
2018-09-05,84.05121612548828,84.82135308992389,82.37986489527125,82.46998757199056,809200
2018-09-06,83.89554595947266,84.06759661943647,82.92878064345801,83.6743335033012,369100
2018-09-07,83.76448059082031,84.07581580498159,82.39626333600661,83.7480974877783,350100
2018-09-10,83.38760375976562,84.83775523053856,82.96976276386583,84.05122879683069,868000
2018-09-11,83.10906982421875,83.67437764785524,82.2406151410336,83.15003071684572,428100
2018-09-12,84.46088409423828,84.74764154880658,82.92881069759278,83.08447831570615,297400
2018-09-13,84.89511108398438,85.28836807615919,84.1905188680717,84.77221592991455,394500
2018-09-14,85.20645141601562,85.37850215436686,83.94473975073197,85.13271806416854,406000
2018-09-17,85.12451171875,85.44403536770938,84.51004220141164,84.99342188804505,725200
2018-09-18,84.91969299316406,85.1408992806783,83.8791877222552,85.00981569381625,648400
2018-09-19,85.09992980957031,85.4931867811921,84.45268786595646,84.96064530852685,812100
2018-09-20,85.79633331298828,85.98476713528089,85.12451354299597,85.30475893872442,458200
2018-09-21,85.3293228149414,85.97656469835493,85.05895476540671,85.74716377779446,1140500
2018-09-24,84.19869995117188,85.37848332621687,84.05942170570313,85.31293841633511,426100
2018-09-25,84.89511108398438,85.21463473414161,84.39534204128569,84.60016521449967,542800
2018-09-26,85.40306854248047,86.50092400113859,84.81317680358443,84.854143938505,512300
2018-09-27,85.65705108642578,86.09127520109655,84.96884199375914,85.25559317790899,358800
2018-09-28,86.5101089477539,86.9304628040204,85.38916952324193,85.64468193579113,459200
2018-10-01,85.29849243164062,86.96341969710646,85.20782776429857,86.82329757320696,769100
2018-10-02,85.8177719116211,86.41120491360762,84.96882019517017,85.19960703229076,681400
2018-10-03,85.24082946777344,86.36176915212411,85.1584087268093,86.06504945401367,440100
2018-10-04,85.6858901977539,86.32054296923266,84.81221921645897,85.10893884940783,348600
2018-10-05,85.75183868408203,86.26285728308952,85.37269828674052,85.78480823449853,407700
2018-10-08,87.5239028930664,87.93601279456755,85.83424978159253,86.01557914438072,331500
2018-10-09,84.58967590332031,87.58159780512425,84.49077355172219,87.35081726699792,537100
2018-10-10,83.43577575683594,85.08421540891506,83.3698366615612,84.51550171669233,403900
2018-10-11,82.42198181152344,83.66655549760092,82.3642866757873,83.36159190111096,444300
2018-10-12,83.03189086914062,83.30388487950187,81.98513461633759,82.90825665640394,398000
2018-10-15,84.04570770263672,84.48254326166676,82.68574355344764,82.93301204904532,297500
2018-10-16,84.68856048583984,84.86164584026645,83.05660297678061,84.21051162792088,330700
2018-10-17,84.49900817871094,85.12541696556217,83.50170301012945,84.31768511121251,347200
2018-10-18,83.74075317382812,85.05126628179582,83.71602757923813,84.27649744704385,446700
2018-10-19,84.56497192382812,85.0759905947556,84.08692280795722,84.30946573251421,411700
2018-10-22,83.22972106933594,85.19136199786303,82.79287927795252,84.7874960425218,510900
2018-10-23,76.86674499511719,78.25967226599819,73.75119496729674,74.17978652257588,1112100
2018-10-24,78.30089569091797,79.14984123807058,76.68542533441703,76.68542533441703,1174100
2018-10-25,82.12525177001953,82.49614812586566,78.15251300151668,78.42450701622911,1121800
2018-10-26,80.57572174072266,81.91095366514436,79.61137988738788,81.50708776230178,704600
2018-10-29,81.12796020507812,82.37253394111261,80.33670990252261,80.99608201050299,459800
2018-10-30,83.36983489990234,83.38631652922365,81.11147438499808,81.5812794243814,598500
2018-10-31,83.39457702636719,84.32594333102737,82.00988722174445,83.28743069378484,550700
2018-11-01,85.65292358398438,85.793039446481,81.60600747161028,84.61441112139939,626000
2018-11-02,85.29849243164062,88.0596270860927,84.63912046441314,87.15298670096925,498400
2018-11-05,87.0953140258789,88.62011956049588,86.11449663553863,86.11449663553863,541400
2018-11-06,86.95518493652344,87.3590508593915,86.34526407304749,87.02112402670942,621400
2018-11-07,87.16949462890625,87.89480584586765,86.3947259440326,87.565116642413,675800
2018-11-08,87.17771911621094,87.91951813972803,86.63373735783013,87.2436582045897,404600
2018-11-09,86.33702087402344,87.12002713990071,85.5952218236515,86.63374049417222,459000
2018-11-12,85.38094329833984,87.58161538766694,85.23258974115979,86.27934633160356,521900
2018-11-13,84.23526000976562,85.54577274557963,83.9879978457823,85.19135798440205,454200
2018-11-14,84.25175476074219,85.60347482271028,83.54292518089326,84.60616955066666,541100
2018-11-15,82.28186798095703,83.6335880129397,81.72964219839182,83.6335880129397,459100
2018-11-16,83.46050262451172,83.94678931094418,81.63897753564542,81.84503249531308,738600
2018-11-19,85.98261260986328,86.92222271513906,84.23526430249694,84.38362412376671,660500
2018-11-20,85.66939544677734,87.04584080150418,85.33970631752076,85.66115148926423,531500
2018-11-21,85.8919448852539,86.98815873204259,85.30674957992937,85.30674957992937,314500
2018-11-23,84.96881866455078,85.54577631451151,84.54847108175304,85.36444694704666,96700
2018-11-26,86.4029769897461,87.23543459357744,85.50457399385706,85.50457399385706,472300
2018-11-27,86.6996841430664,87.0458549553402,85.90018991831634,85.91667154772541,407600
2018-11-28,86.45243072509766,87.59809596144781,86.21340618314197,86.7738760050348,416500
2018-11-29,85.562255859375,87.36729924277834,85.54577423014261,86.09799998974977,521600
2018-11-30,86.0979995727539,87.09530477638228,85.3644444536529,85.3644444536529,708500
2018-12-03,86.65847778320312,87.45797207388179,85.64469085104463,86.60078264306645,622600
2018-12-04,84.07866668701172,86.6749604112708,83.93854453669172,86.51011267215854,718800
2018-12-06,81.94395446777344,83.52645542765987,80.59223411183297,83.52645542765987,878000
2018-12-07,80.1224136352539,82.56210372104441,79.71854765550817,81.68843266208054,554500
2018-12-10,79.50424194335938,80.36967525727755,78.7706868171346,80.12240679950146,467500
2018-12-11,78.66354370117188,81.02905062225177,78.08658603902437,79.79272085974785,562100
2018-12-12,78.35860443115234,79.94934947113056,78.04540305783706,79.19930616389354,696200
2018-12-13,79.62789154052734,80.07297107744633,78.32562248305695,78.32562248305695,466200
2018-12-14,78.86137390136719,80.22957590171386,78.58113581706012,79.04270331680708,619700
2018-12-17,77.2129135131836,78.6965117145722,76.78432197072591,78.40802974497569,698000
2018-12-18,76.05901336669922,78.1937462337714,75.65514736579868,77.49315426970242,629200
2018-12-19,74.95455169677734,77.2376378085948,74.18802702027725,76.65244249681703,644900
2018-12-20,74.0396728515625,76.02603947962244,73.26490415710914,74.79795362707506,497300
2018-12-21,75.02049255371094,76.42167015711162,73.76768107218562,73.8995592746087,1509700
2018-12-24,72.81982421875,75.09467281948368,71.72361028303175,74.91334344205076,243100
2018-12-26,74.74026489257812,74.79796003721812,72.77862368651921,72.8363188311592,581300
2018-12-27,75.11116790771484,75.35843642820811,73.067105786396,73.99847214209453,706300
2018-12-28,75.06169128417969,76.50407582560382,73.8748128492669,75.32544134879392,581400
2018-12-31,75.85427856445312,76.09495482116117,74.29403335982899,75.1654471744011,457000
2019-01-02,76.80866241455078,77.45599532592055,74.98284498243612,75.26501947278388,610400
2019-01-03,76.4186019897461,78.39379811516903,76.01193893576834,76.82525871197262,536500
2019-01-04,78.04524993896484,78.51830149377767,76.9663573176537,76.9663573176537,473100
2019-01-07,78.4104232788086,79.32332910964385,77.54731035438613,77.7298927869038,346400
2019-01-08,78.94156646728516,79.46441096496036,78.36892273286497,78.59299713708208,927300
2019-01-09,79.42290496826172,80.2030275069711,78.6095913839391,79.03285003065933,810000
2019-01-10,80.40220642089844,80.7258729394731,79.62209020441833,79.63868572742753,470500
2019-01-11,80.4686050415039,81.43131004784013,79.6801878597738,80.50180242086923,394600
2019-01-14,80.34410858154297,81.2653151904956,80.10343235353487,80.3275130593623,382900
2019-01-15,80.48519897460938,81.14912750130479,79.97895006968739,80.36071039718146,465000
2019-01-16,81.1242446899414,81.77987873164491,80.52670448323678,80.52670448323678,475800
2019-01-17,81.5557632446289,82.18650056431109,80.99972158484023,80.99972158484023,575200
2019-01-18,81.91264343261719,82.78405709260849,81.497685752955,82.02053648165045,515000
2019-01-22,81.28191375732422,82.82555685953483,80.4602929781867,82.06202990330839,819600
2019-01-23,81.47280883789062,82.35252363527218,80.9416633871241,81.77157894541595,408800
2019-01-24,80.88356018066406,81.39811004662373,78.05355174726711,80.22792620576065,589700
2019-01-25,80.75906372070312,81.63877833039136,80.60138410386193,81.03293731612735,427300
2019-01-28,81.28191375732422,81.64707221630019,80.02873976966899,80.6677718216908,410200
2019-01-29,81.71348571777344,82.34422331966053,80.99145689725452,81.50600682665628,367700
2019-01-30,82.2861099243164,82.82555617934732,81.30680953774932,81.90434961521422,389400
2019-01-31,82.16162872314453,82.91685481428526,81.94584893542542,82.31931468321838,643300
2019-02-01,81.73836517333984,82.54338411654345,81.46449790615104,82.16162379608903,962800
2019-02-04,80.76737213134766,81.73007710201256,79.87106191695325,81.38150779746866,989300
2019-02-05,77.53898620605469,81.15741739603844,76.43519734492521,76.66757261426801,1178200
2019-02-06,77.04934692382812,77.79627209115621,76.65929198310069,77.2817285672487,614900
2019-02-07,76.55140686035156,76.94146817327619,75.59700273268018,76.4186236678098,466100
2019-02-08,76.22773742675781,76.80038114805474,75.63849818142818,76.49331013355079,570100
2019-02-11,76.32733154296875,76.60949978110216,75.12395023746555,76.31072968675329,689100
2019-02-12,77.21531677246094,77.77965940415534,76.51818465954388,76.60118125118352,657800
2019-02-13,77.25682067871094,78.02864224530893,77.07424461143403,77.66348377900317,572000
2019-02-14,77.29833221435547,77.87097595811808,76.80868508927087,76.85847799507526,463300
2019-02-15,77.8211669921875,78.53489476767528,77.40620927768309,77.77137409260769,420600
2019-02-19,77.24854278564453,77.87097946322852,76.77549116395083,77.63030318808565,695900
2019-02-20,77.59709167480469,78.80046649962753,76.88336390794011,77.09084276268557,743200
2019-02-21,77.8128662109375,78.4104062854021,76.98295084790372,78.0535424260275,651700
2019-02-22,77.7298812866211,78.2361238676754,76.2941248238621,77.51410150450222,1474500
2019-02-25,77.240234375,78.01205603371001,77.21533792338883,78.01205603371001,570800
2019-02-26,77.36470794677734,77.97884351706368,76.91655290951387,77.48919651242022,577200
2019-02-27,77.57219696044922,77.72988291974357,76.65929124549973,77.41451100115485,500900
2019-02-28,76.72570037841797,77.77969681438,76.33564533615866,77.51412405595133,550700
2019-03-01,76.45181274414062,77.21533343063744,75.94556381832696,76.9746571928119,774900
2019-03-04,76.09493255615234,76.60947596733477,75.66337307324021,76.60947596733477,436500
2019-03-05,76.14474487304688,76.92486744613592,76.01195535773275,76.22773515424191,483200
2019-03-06,75.14054107666016,76.39371510356489,75.08244725192958,76.26092560032242,699400
2019-03-07,75.91236877441406,76.47671154520583,74.70069295248666,75.15714266025415,544400
2019-03-08,75.68000030517578,76.20284481723255,75.03266719546177,75.81278349939126,466200
2019-03-11,76.5430908203125,76.63437567800038,75.30651246581928,75.79616578478836,556300
2019-03-12,76.58460235595703,76.89167337451403,76.26923674115059,76.60949880821111,597900
2019-03-13,77.2734375,77.59710405851666,76.22774213230986,76.83358327082368,555500
2019-03-14,77.49749755859375,77.92075618431566,76.9248602397662,77.29831963603425,515300
2019-03-15,78.75067901611328,78.87516760387173,77.46430749553035,77.68008729219481,1036600
2019-03-18,78.12824249267578,79.43951046586302,78.05355313899234,78.74237817272132,386900
2019-03-19,78.92495727539062,79.46440357909263,78.02035248276532,78.24442686615569,416900
2019-03-20,77.77137756347656,78.9664578607454,77.0742516112381,78.9664578607454,500000
2019-03-21,79.43949127197266,79.70506390715691,77.59707834524077,77.59707834524077,351000
2019-03-22,78.02034759521484,79.49759597649404,77.9207554689734,79.38970925521309,249100
2019-03-25,77.20702362060547,77.81286460911933,76.60948355844154,77.63028221993018,322500
2019-03-26,77.08255004882812,77.96226479227487,76.60120386666236,77.49750780253322,268100
2019-03-27,77.11573028564453,77.38130293570728,76.51819024006548,77.02443909358377,281500
2019-03-28,77.7215805053711,78.01204963660376,76.98295628662854,77.05764563533742,357000
2019-03-29,79.11267852783203,79.32155136680144,77.69233939826405,77.9513460531055,438300
2019-04-01,78.7032699584961,79.95650678187528,78.38578559131852,79.2630539174008,445200
2019-04-02,77.84272766113281,79.31319422404044,77.77588682320675,78.83696440883026,360400
2019-04-03,77.80097961425781,78.43594863690919,77.15764751655956,77.95971868277316,472000
2019-04-04,78.7701416015625,79.1043394933983,77.45006343467314,77.95971378550644,375900
2019-04-05,78.58631896972656,78.85367596250137,78.36909579542382,78.74506437535,328100
2019-04-08,78.94558715820312,79.45523746447677,78.54455482249884,78.6281026945794,490600
2019-04-09,78.4526596069336,78.94559657300078,78.21036628699903,78.94559657300078,211500
2019-04-10,78.75343322753906,79.07927441357118,78.1184578813481,78.56126737137666,283500
2019-04-11,79.3048324584961,79.50535495946177,78.60302282799442,78.9038002051502,271200
2019-04-12,79.00405883789062,79.44686822689927,78.89544725875608,79.42180450666,445900
2019-04-15,78.4944076538086,79.32989898114788,78.2938915200492,79.01241457150442,391500
2019-04-16,77.95137023925781,78.66153683724025,77.21613353841421,78.4359505315559,395200
2019-04-17,78.08501434326172,78.57795751359497,77.88449822065982,78.26882344493539,240200
2019-04-18,78.10173797607422,78.54454739308109,77.53360357565381,78.2019928633703,259200
2019-04-22,78.15187072753906,78.51948900404129,77.79260915031021,78.14351402826568,285600
2019-04-23,79.1628189086914,79.37169178180142,77.96806581953042,78.40251859090976,552800
2019-04-24,78.77847290039062,79.54712334176241,78.69492504794457,79.06253687356572,392600
2019-04-25,75.62866973876953,78.61973012526772,75.52841486222746,78.51111855091624,631400
2019-04-26,75.87933349609375,75.87933349609375,74.36709600614496,75.5534923394119,319800
2019-04-29,77.40827941894531,77.41663611774038,76.04642435855709,76.04642435855709,345000
2019-04-30,79.1628189086914,79.22130305819044,77.30802677558749,77.55867677303719,484600
2019-05-01,77.02396392822266,79.28814514310662,77.00725052850862,79.28814514310662,421300
2019-05-02,72.63764190673828,76.02137906975274,71.82721403303287,74.50914131013441,1213500
2019-05-03,72.45380401611328,73.51487512523,71.242337849004,72.52899517081704,792700
2019-05-06,72.06112670898438,73.29765667343324,71.7937697402242,72.06112670898438,522800
2019-05-07,71.37602233886719,72.37025903016652,71.03346784464739,71.59325186265797,540500
2019-05-08,70.20632934570312,71.49298664712909,69.93061570090633,71.09194803885262,541300
2019-05-09,70.64080810546875,70.78284012909145,68.77765927606818,69.66327821664999,764000
2019-05-10,71.61832427978516,71.79377670997701,70.01418231149377,70.44027833869102,509300
2019-05-13,70.32329559326172,70.96662741265486,69.76351799665166,70.67420038149858,533000
2019-05-14,70.81625366210938,71.25906308930797,70.27318297101364,70.3483741382163,637900
2019-05-15,70.55725860595703,71.28413854671183,70.34838571917292,70.59067903275785,539100
2019-05-16,70.7577896118164,71.64340871770682,70.2314257947495,70.79956036958185,508300
2019-05-17,69.88884735107422,70.85801392823416,69.47110170806037,70.2564591824074,737900
2019-05-20,68.49358367919922,70.06430512248832,68.21787000386279,69.54629819073136,654500
2019-05-21,68.19281768798828,68.86956375491012,68.13433353867768,68.8528567298046,389200
2019-05-22,67.90037536621094,68.12596158754546,67.34059772322833,68.00063661728103,671700
2019-05-23,65.46076202392578,67.49100675644762,64.83414335801527,67.48265005609963,701000
2019-05-24,65.452392578125,65.96204283709898,64.88426455098649,65.64455840294038,585100
2019-05-28,65.37718963623047,65.7280944277705,64.98450773290564,65.4356737681538,854700
2019-05-29,65.92861938476562,66.02887425793685,64.90096231471283,65.04299430123375,690500
2019-05-30,65.23516845703125,66.71398539441627,65.03464593641134,66.0873668596391,359200
2019-05-31,63.63102340698242,64.4748650694714,63.22162806158035,64.4748650694714,616200
2019-06-03,65.8617935180664,66.00382553685947,63.2634145597731,63.42215997742064,545900
2019-06-04,67.23197937011719,67.25704308678453,66.19597204401697,66.30458360767281,753100
2019-06-05,67.3405990600586,67.7917651373913,66.77246470796847,67.5411151918866,681100
2019-06-06,66.9729995727539,67.84190509578052,66.63044500897139,67.44087275812117,630600
2019-06-07,67.43250274658203,67.90037583958541,66.97298635146595,67.11501834408585,442400
2019-06-10,67.29046630859375,68.74421930459646,67.03146605983316,67.6998552379265,533600
2019-06-11,67.03147888183594,67.74999563279611,66.70563136635671,67.4158041669704,690900
2019-06-12,67.8251953125,68.10925934226444,67.14009258709268,67.14009258709268,607100
2019-06-13,68.00900268554688,68.6857486942085,67.46593198910402,68.37661457486874,516300
2019-06-14,68.17610168457031,68.3599108251813,67.449228195801,67.94216509626322,426600
2019-06-17,68.42674255371094,68.71916325012947,68.02570390269904,68.30977427514352,519700
2019-06-18,68.94475555419922,69.78860375129533,68.52700980553897,68.90298480390975,435700
2019-06-19,68.05913543701172,69.22046808838267,67.9505238389728,69.22046808838267,438700
2019-06-20,69.48780822753906,69.71339444274217,68.38495999291443,68.71915777977185,289900
2019-06-21,68.43511199951172,69.68834925271372,68.42675529968797,69.17869892646803,1101800
2019-06-24,68.15940856933594,69.32074142277688,68.01737652234999,68.66905897256343,444400
2019-06-25,68.46017456054688,69.50453892045614,67.70823094655336,68.07584924101556,538600
2019-06-26,67.3405990600586,69.028295094632,67.33224236206367,68.32647907179461,473400
2019-06-27,67.50770568847656,67.81683341785632,66.80588961844109,67.28211944749278,676300
2019-06-28,69.45694732666016,69.62535207600864,67.76452295760224,67.76452295760224,897000
2019-07-01,68.67386627197266,70.34945939616152,68.4128470036946,70.26525382989382,543500
2019-07-02,69.50746154785156,69.9874037696034,68.24445502492743,68.75807819150192,382500
2019-07-03,70.53469848632812,70.72836230490603,69.57481408325162,69.85267704834827,253400
2019-07-05,70.08001708984375,70.55153741777428,69.2127473095677,70.29893357124998,248700
2019-07-08,69.79375457763672,70.62733725884185,69.5074761225907,70.03793666081494,216000
2019-07-09,69.43167114257812,69.89477605939899,69.06960905051348,69.70953409267064,355600
2019-07-10,69.35591888427734,70.16424250223945,69.0948930987378,69.45695532153194,539400
2019-07-11,67.64663696289062,69.50747252018597,67.58769690614265,69.33064592595767,564400
2019-07-12,68.87596130371094,69.0948778186734,67.44454999396623,67.74767208666587,1209200
2019-07-15,67.99186706542969,69.00226995067804,67.52034657551178,69.00226995067804,349700
2019-07-16,67.20880126953125,68.1265895469098,66.88042001703396,68.1097458588929,1011700
2019-07-17,67.60454559326172,68.1602652517032,66.62781723893114,67.23406153831083,1642400
2019-07-18,68.86754608154297,69.45694663846186,67.85713686741651,67.86555871079658,570300
2019-07-19,68.20235443115234,69.44852373373111,67.93291328788985,68.80017676701651,595500
2019-07-22,67.69715118408203,69.07803780741246,67.66347023912478,68.59809558374253,368200
2019-07-23,66.54360961914062,68.17710028237136,66.49309140860245,67.50349416327018,589500
2019-07-24,66.15631866455078,67.0993663786382,66.01317938644439,66.2573615559131,495500
2019-07-25,66.13945007324219,66.8888334966659,65.71844786125206,66.1057691254049,339600
2019-07-26,66.62781524658203,67.13302309694795,66.02999280923267,66.4004768531051,379700
2019-07-29,66.16471862792969,67.23406157255782,65.92053653922267,66.76254108346005,434900
2019-07-30,66.35836791992188,66.66149003251101,65.73528643248157,66.10577044208698,1001800
2019-07-31,65.07852172851562,66.61096950031678,64.76697778366089,66.61096950031678,1195100
2019-08-01,68.08447265625,71.57879201414433,67.61295227314525,67.81503151962109,1438900
2019-08-02,66.12258911132812,67.51189733270452,65.5921287754494,67.5034754919496,611800
2019-08-05,64.5312271118164,65.64267284214786,63.95024192642106,65.12904956137498,476900
2019-08-06,64.73330688476562,65.15430915582051,64.02602615290614,64.70804777633991,770700
2019-08-07,64.85960388183594,65.33112433361799,63.23453498310492,64.26178147361672,585900
2019-08-08,65.238525390625,65.44060471497784,64.62385914807003,64.95224045913808,502600
2019-08-09,64.19441223144531,65.15429671220636,64.07653213198228,65.15429671220636,288800
2019-08-12,63.84920883178711,64.05970997674963,63.09982526963936,63.69764775045469,349300
2019-08-13,64.0933837890625,65.3311249873763,63.47029584413322,63.47029584413322,688900
2019-08-14,62.9398193359375,64.05968655952343,62.88930113528883,63.43659877293684,685700
2019-08-15,63.3271484375,63.520812270806225,62.619867844173434,63.25978654556882,580900
2019-08-16,63.90815353393555,64.53965701465826,63.53766943623616,63.579772237878586,318900
2019-08-19,64.53964233398438,64.66594428619645,63.78183704469611,64.39650311933663,515400
2019-08-20,64.39649963378906,64.75013994165428,63.89129185228584,64.28703494993759,476500
2019-08-21,64.49752807617188,64.94378932720292,64.0765259262961,64.80065013800107,456600
2019-08-22,65.04484558105469,65.5921497736533,64.50596323190709,64.63226518773513,364900
2019-08-23,63.975494384765625,64.80907690616911,63.83234876069958,64.80065506381617,645900
2019-08-26,64.75856018066406,65.00273579863081,64.37123251137474,64.37123251137474,427500
2019-08-27,61.67681121826172,64.80906805131305,61.46631015608335,64.80064621011078,797500
2019-08-28,62.89773941040039,63.293482589919364,61.626317122821064,61.626317122821064,362700
2019-08-29,63.89973068237305,64.39651675318959,62.880905853732095,63.25138994559626,431000
2019-08-30,65.06166076660156,65.38162646932322,64.15230112597817,64.21124116216656,524800
2019-09-03,65.87002563476562,65.91212201225989,63.86605048566023,64.91855628280027,599000
2019-09-04,66.29940795898438,67.01511023392943,65.9373459012147,66.13100969099101,493000
2019-09-05,66.9140853881836,68.13498910174748,66.64464425851513,66.71200614692806,611900
2019-09-06,66.66148376464844,67.52874722923998,66.50150730425672,67.14142599379053,518400
2019-09-09,67.68031311035156,67.83187416323202,66.5267711638574,66.6951694786206,357500
2019-09-10,68.47179412841797,68.53073417651245,67.21720943384494,67.66347071570078,379400
2019-09-11,69.06961822509766,69.06961822509766,67.4361276731326,68.36233762980368,475100
2019-09-12,69.6674575805664,69.80218139771097,68.66547649249071,69.33907630625801,459600
2019-09-13,70.39157104492188,70.81257327177426,69.3727464268172,69.88636965749585,563400
2019-09-16,70.11368560791016,71.11567264301291,69.80214817103304,70.20630658211203,641100
2019-09-17,69.64218139648438,70.26526283805246,68.69913417963741,70.0210872213172,412500
2019-09-18,69.74321746826172,70.11369499066514,69.28853437696468,69.81057935378342,620800
2019-09-19,69.76006317138672,70.14738442404331,69.50746570608048,69.65060491215239,886800
2019-09-20,69.09487915039062,70.7031106412095,69.0359390992288,69.86952808221103,1707700
2019-09-23,67.7560806274414,69.26326895247975,67.6382005505318,69.03592421559524,611800
2019-09-24,66.77937316894531,68.42970117678685,66.69517400584833,67.93292161772557,483500
2019-09-25,67.52874755859375,68.11815446896553,66.83830423568884,66.83830423568884,373300
2019-09-26,67.66346740722656,68.17709055435724,67.5708464184664,67.5792682603491,353600
2019-09-27,67.77291107177734,67.83185110430664,66.86355148760849,67.61293465433026,405700
2019-09-30,69.3683853149414,69.56357692130884,67.76444343419114,67.96811684652074,436400
2019-10-01,68.44336700439453,70.28492904117057,68.3839619862618,69.70784894731202,368000
2019-10-02,66.69515991210938,68.25667364865897,66.30478309663755,68.21423871179064,411000
2019-10-03,66.3556900024414,66.62725669751273,65.4391499785779,66.3811483684386,347800
2019-10-04,66.78849029541016,66.79697857500948,65.5664434941792,66.37265524028727,374800
2019-10-07,66.48300170898438,66.94976014068315,65.93986815646,66.33025146733314,300500
2019-10-08,66.26232147216797,66.69512653324011,65.5918899480852,66.60178137323837,418100
2019-10-09,66.31326293945312,66.89034304424263,66.26234620142101,66.52542464746895,321100
2019-10-10,66.91578674316406,67.2043299696316,66.26233167458477,66.26233167458477,240600
2019-10-11,68.29060363769531,68.62157534557907,67.56925520960662,67.56925520960662,211600
2019-10-14,68.06148529052734,68.46035040756793,67.3486249342815,68.0699735732434,454900
2019-10-15,68.81676483154297,69.40233318630754,68.23120295143954,68.3075780544117,363000
2019-10-16,67.84931182861328,69.21563375013528,67.61169175089842,68.78282852629528,297900
2019-10-17,68.59611511230469,68.67249020835546,67.46741343426572,67.90870687454486,268200
2019-10-18,67.7389907836914,68.82525770733749,67.69655585165522,68.44336921765807,325800
2019-10-21,68.85919952392578,68.99498611717974,68.19725606846559,68.2906077326624,239600
2019-10-22,68.00205993652344,68.88465330998962,67.5098497553675,68.88465330998962,448500
2019-10-23,67.56926727294922,68.29910411157252,67.41651057475686,68.16331750221846,400500
2019-10-24,67.22132873535156,68.3330542440822,66.94976195174321,67.73051564528437,331300
2019-10-25,67.93419647216797,67.98511322142434,67.08554945302615,67.08554945302615,340300
2019-10-28,68.34153747558594,69.01196933939642,68.06997071205052,68.20575733114941,274700
2019-10-29,69.03743743896484,69.30900424076316,68.24819540957235,68.324577012243,306600
2019-10-30,67.17039489746094,69.0628736182538,67.17039489746094,69.0628736182538,374100
2019-10-31,67.04309844970703,68.10390696948087,65.78709831344379,67.23829006619643,546500
2019-11-01,69.75027465820312,70.77713639285643,67.15341134176911,67.32314456732784,1177700
2019-11-04,69.44477081298828,69.894552591503,68.79979741708304,69.77574255471275,486100
2019-11-05,71.02325439453125,71.58335792856694,69.48719924849495,69.48719924849495,533300
2019-11-06,71.2099609375,72.03314295075381,70.76017266420283,71.2608776770703,399100
2019-11-07,71.61729431152344,71.80399762099073,71.08264922277112,71.43907928193933,415700
2019-11-08,71.8124771118164,71.83793547368967,70.94685396016726,71.45604062161163,307500
2019-11-11,71.84642028808594,72.22830864708956,71.46452545442294,71.54090701101929,602500
2019-11-12,72.05011749267578,72.90725260781564,71.83795578420185,72.13498088113305,643200
2019-11-13,70.4970932006836,71.79552183842614,70.31038985871719,71.71065844880366,434600
2019-11-14,70.70926666259766,71.39666864983285,70.02186467536245,70.6583499152951,339100
2019-11-15,71.15054321289062,71.53243815021983,70.58195142192753,70.81108967925728,1458000
2019-11-18,70.3528060913086,71.34572108276731,69.82664285604318,71.34572108276731,569800
2019-11-19,70.99779510498047,71.09962857821439,69.91152175141505,70.36979180495172,541000
2019-11-20,70.98081970214844,71.75309141831102,70.57347285323792,70.93838477116711,386000
2019-11-21,71.2269287109375,71.53244208775354,70.65833688867602,71.09963039148724,392800
2019-11-22,70.43768310546875,71.44757485080017,70.41222473788244,71.4136282024647,278700
2019-11-25,70.97232818603516,71.14206142756247,70.0557945804322,70.64135645838331,312700
2019-11-26,71.96527099609375,72.29624282102671,70.63289541312534,70.74321719654864,928000
2019-11-27,72.28773498535156,72.69508829990639,71.96525153088074,72.16043666988685,454400
2019-11-29,70.58193969726562,72.13496460683712,70.52253469128169,72.01615459486925,379200
2019-12-02,71.19298553466797,71.2693671199298,70.3697970333381,70.72622716546182,352000
2019-12-03,70.70075225830078,70.878967282678,69.93697543230134,70.64134725017504,330000
2019-12-04,71.28633880615234,71.70217396961623,70.02185675213903,70.65834192005111,330700
2019-12-05,71.93131256103516,72.62720275525145,71.20996399594029,71.67671590292545,466100
2019-12-06,73.0345458984375,73.28065426209682,71.92282059592611,72.55930573394316,387200
2019-12-09,73.30610656738281,73.52675654321392,72.61870474708184,73.08546306621281,366600
2019-12-10,73.67951965332031,73.68800793477111,72.66114601772117,73.30611296542519,662100
2019-12-11,74.51117706298828,74.65544543686524,73.37398720648414,73.8662038081749,837100
2019-12-12,76.08118438720703,76.22545278449515,74.39237912422114,74.68091591879738,793200
2019-12-13,74.41783905029297,76.14907927799857,74.2905407369235,76.14907927799857,541700
2019-12-16,76.75163269042969,76.88741283641997,74.58758036507963,74.58758036507963,934900
2019-12-17,75.89450073242188,76.70920106755558,75.37682554947294,76.45460438016136,592600
2019-12-18,76.36125946044922,76.44612286501834,75.25801577706248,76.04725774141447,508100
2019-12-19,76.9298324584961,76.98923747453944,75.80961895977813,76.38669903333958,434100
2019-12-20,77.63420104980469,77.93970789758093,76.57339270097224,77.20987771027171,1101900
2019-12-23,78.1518783569336,78.22825993346339,77.01469478692539,77.70209660238822,477100
2019-12-24,78.5422592163086,78.91565938313008,77.57480244034147,78.2876626017232,296600
2019-12-26,79.34848022460938,79.36545031270471,78.2452367332261,78.60167332984417,733200
2019-12-27,79.90010070800781,79.984964096467,78.91566727282915,79.535182310438,621500
2019-12-30,79.15327453613281,80.12073772686013,79.0005178717717,79.94251622288844,656300
2019-12-31,79.41815185546875,79.7684663704529,78.76879885778304,78.84569335013052,313000
2020-01-02,79.41815185546875,80.5716213902178,78.85423935551094,80.2469383726828,828300
2020-01-03,80.0589599609375,80.46908344850911,78.80297103988751,78.94822052808699,377800
2020-01-06,79.39251708984375,80.18712607151832,79.08492609573153,79.7684630868013,472800
2020-01-07,78.36722564697266,79.61467523457053,78.15362113158893,79.61467523457053,455100
2020-01-08,78.01690673828125,78.63208875108327,77.43590222826734,78.30741225263426,436000
2020-01-09,77.55552673339844,78.47829982999609,76.84636467681554,78.1108997925744,748600
2020-01-10,78.18778991699219,78.29886190587597,77.11976745917667,77.64096294008598,465700
2020-01-13,78.52957153320312,78.75171554810137,77.72641642469964,78.27324349300628,393400
2020-01-14,78.60643768310547,78.64916118062683,77.88018385607575,78.63206917414209,519100
2020-01-15,77.94854736328125,78.8798597390734,77.72639688553522,78.23050031418795,445300
2020-01-16,79.35834503173828,79.44379205050184,78.37576950288035,78.43557850479947,644800
2020-01-17,79.10202026367188,79.5804922592582,78.90550125480347,79.37543376382006,517400
2020-01-21,78.5466537475586,79.65739985044358,78.39285823360055,78.84569876950684,589400
2020-01-22,78.82005310058594,79.63174751690946,78.46119913876026,79.34979455758437,436500
2020-01-23,79.35834503173828,79.71720556194525,78.47829549548894,78.9909450146088,663200
2020-01-24,78.82859802246094,79.51212843769078,78.46119806124929,79.51212843769078,273600
2020-01-27,78.08525085449219,78.68334077314756,77.17102396815255,77.75202839714258,426700
2020-01-28,77.94001770019531,78.66627175886224,77.58116367384591,78.21343122294142,387700
2020-01-29,77.07703399658203,78.16214832401499,77.06848799278978,77.99980684541693,402100
2020-01-30,77.85457611083984,77.88875361554305,76.42769299392432,76.59858051744033,301200
2020-01-31,75.18879699707031,77.56407840466868,74.97519246014681,77.41882888404706,851200
2020-02-03,75.39383697509766,76.45331991098996,75.15460099560312,75.52200096945303,526600
2020-02-04,75.48782348632812,76.3336954193533,75.14605500753575,76.2140774295797,598500
2020-02-05,77.2052001953125,77.35899567453389,75.96629687619493,75.96629687619493,326700
2020-02-06,76.63273620605469,77.66658098391092,76.53874972455043,77.3248125528673,235600
2020-02-07,76.8463363647461,76.93177683805803,75.90647160224394,76.51311395574633,421900
2020-02-10,77.7691421508789,77.8716746822086,76.19701578265175,76.67548789146983,604400
2020-02-11,84.16871643066406,84.67281990627227,80.75958402148504,80.84503103382498,1091500
2020-02-12,83.56208801269531,85.02314209796678,83.1092409698693,84.58738706663208,642700
2020-02-13,83.1775894165039,83.7585939062168,82.9639849205608,83.2544904247632,407600
2020-02-14,83.16903686523438,83.73295581911044,82.84436040368509,83.17758286963317,464900
2020-02-18,82.31462097167969,82.82727694914476,81.89595800752865,82.75892194965722,549400
2020-02-19,80.80231475830078,82.4000788591341,80.58016423998292,82.32317784488498,597500
2020-02-20,81.11846923828125,81.5456783553673,80.02481494153197,80.68271411361921,404300
2020-02-21,81.05863189697266,81.35767687069388,79.61466349982965,80.73394890948259,1252400
2020-02-24,79.8880844116211,80.12732041285767,78.71752938420828,79.43524390661013,639900
2020-02-25,78.37577056884766,80.29821118071293,77.76912801709864,80.05042916405165,623400
2020-02-26,77.5213623046875,79.52069766443208,77.39319827731313,78.43558947254128,486400
2020-02-27,72.27523040771484,75.92359967115932,72.2581449124131,75.88087615486492,692500
2020-02-28,71.17302703857422,71.51478904777917,69.21640889802124,70.52366748743836,1410500
2020-03-02,73.13817596435547,73.13817596435547,71.05340057774166,71.57458953537633,581900
2020-03-03,71.4207992553711,74.24892733794631,70.99359024481754,72.8647677970236,683900
2020-03-04,75.56472778320312,75.74415477568213,72.44610087120085,72.80495485615889,584200
2020-03-05,71.3438949584961,74.0011351604815,70.60909503982347,74.0011351604815,871400
2020-03-06,72.7793197631836,73.05273324088134,69.02842556038104,69.26766153853012,843700
2020-03-09,68.35343170166016,69.97682700831282,67.09743635115156,69.0113306135645,1010200
2020-03-10,70.35276794433594,70.75434540710376,67.43066024150691,69.89138800699777,571100
2020-03-11,67.88351440429688,69.64362009621814,67.65282438903293,68.54996598785503,630000
2020-03-12,59.399131774902344,64.93576284346406,58.04915639630955,64.61108637597569,783100
2020-03-13,62.500667572021484,62.61173954675382,56.13525062323057,61.91111716443936,1143000
2020-03-16,54.520408630371094,59.518755416310576,54.3751558891598,56.442845690383876,612000
2020-03-17,60.43299102783203,60.50988552270199,54.83655024072229,55.31502225864828,673500
2020-03-18,51.948612213134766,58.467822273119715,50.50464700916613,56.169435835051814,774400
2020-03-19,55.88748550415039,57.023856510179606,52.11949892808237,52.324560685846116,773800
2020-03-20,56.60519027709961,59.15135868533541,55.75077231065283,56.25487578188439,1147300
2020-03-23,57.656124114990234,58.86939599701301,55.31501432052266,56.19506373521089,796000
2020-03-24,59.58711242675781,62.56049008128773,58.63016839163415,60.56114847319002,485100
2020-03-25,59.70672607421875,62.09909902483594,58.997564105279366,60.14248106909591,476900
2020-03-26,64.02154541015625,64.02154541015625,59.50167309661232,59.78363262051804,436500
2020-03-27,62.987693786621094,63.799388250582915,61.53517932651601,62.00511181745714,434300
2020-03-30,66.0294418334961,66.43956546492943,61.962409106449165,63.89339619178779,504200
2020-03-31,65.03876495361328,66.26200902175361,63.720761894195995,66.2189409353451,627500
2020-04-01,65.07322692871094,66.09834339650054,62.86794098684812,63.28142881481213,569500
2020-04-02,66.41706848144531,67.16652416422563,64.29792540892561,64.97846426684265,455100
2020-04-03,65.650390625,66.5721318502686,64.40991399575233,65.84852486472116,594300
2020-04-06,69.39765930175781,69.98343922894013,66.83056974754035,67.56279301345054,593000
2020-04-07,68.19164276123047,71.86137507724865,67.84706519813294,70.85349112731141,517900
2020-04-08,69.06168365478516,69.92312415911508,67.43356162738317,68.71710613859929,404500
2020-04-09,70.7242660522461,71.81829920355399,69.3115041117501,69.56993889912337,538100
2020-04-13,70.31938934326172,71.21528829900073,69.88866907063353,70.62089879191728,285600
2020-04-14,70.25049591064453,71.79246907216293,69.65609968900884,71.45650770487441,543100
2020-04-15,64.98706817626953,68.93246035280589,64.88369295859873,68.37252933082856,596200
2020-04-16,65.34027862548828,65.54702256225413,63.453727879491346,65.16799310689528,565000
2020-04-17,69.50965118408203,70.1557316997682,66.41707569808341,66.98562970657726,478100
2020-04-20,69.60440063476562,70.91378740842357,68.24332295780134,68.57928425407772,387400
2020-04-21,66.7099609375,68.79464557372935,66.08110641929242,68.20886571363589,394600
2020-04-22,66.64104461669922,68.13133315801295,66.02080633988444,67.96766391493748,309500
2020-04-23,67.88153076171875,68.67405463973138,66.9856316322071,66.9856316322071,348300
2020-04-24,69.4062728881836,69.62163305062332,67.7436921712581,68.94109414864133,697000
2020-04-27,71.8355484008789,72.56777177268982,69.59580361616888,69.59580361616888,523100
2020-04-28,71.59431457519531,73.80821621468687,71.03437698192889,73.3774960002156,557100
2020-04-29,71.60296630859375,72.95542818946903,71.56850788568501,72.69699330378957,512700
2020-04-30,69.94896697998047,71.06884227504044,68.76879768421108,71.06884227504044,1356200
2020-05-01,68.77741241455078,69.13060620530487,67.84706158764759,68.69988591742135,729900
2020-05-04,67.89014434814453,68.35532314828376,67.46804021501265,68.06243644390246,597800
2020-05-05,70.85350036621094,72.39548006862839,68.02797581046525,72.39548006862839,942400
2020-05-06,69.01000213623047,69.8197583463824,68.07964477634566,68.4069963875661,703200
2020-05-07,69.69917297363281,70.73289922598413,69.27706228174976,69.81115790308498,537800
2020-05-08,72.45577239990234,72.68835847975964,70.50891472283968,71.06023620394708,392200
2020-05-11,70.80179595947266,72.20594159182343,70.78456346920589,71.6890786123996,593400
2020-05-12,69.71639251708984,71.4823484898892,69.67331785540375,71.4823484898892,489000
2020-05-13,68.01935577392578,69.81115397804642,67.73507877021733,69.483808883403,430300
2020-05-14,67.32158660888672,67.45080401795583,65.90020825366726,67.45080401795583,649300
2020-05-15,67.30437469482422,68.5793101099832,66.46016629901847,66.9856457702388,944300
2020-05-18,68.90663146972656,70.34524226072186,68.88078930339631,68.9152477159267,368600
2020-05-19,67.00286102294922,69.08754607739016,66.95117668065988,68.99278706834544,336600
2020-05-20,67.98490142822266,68.13134477625701,67.02009200844691,67.77815749145232,341000
2020-05-21,67.89014434814453,68.28640630998059,67.11485292018394,67.5541829767559,381800
2020-05-22,68.51898956298828,68.74296597050241,67.16652801577506,67.82983441937736,328900
2020-05-26,71.76660919189453,72.1973294613401,70.0523443597367,70.63812418907345,430000
2020-05-27,74.40262603759766,74.47153628979204,72.51606904457009,73.02431583738803,477500
2020-05-28,72.3868637084961,75.50528152651201,72.11981918451806,75.04010274223751,319300
2020-05-29,72.55915832519531,72.95542028731654,71.37036586656018,71.7580181530909,665400
2020-06-01,72.5849838256836,73.17076367260127,72.49022483778,72.78311147510388,249900
2020-06-02,73.21383666992188,73.27413725060926,72.14565213820093,72.61944710950921,302300
2020-06-03,73.85993194580078,74.48017036995519,73.22246759754063,73.99776562773363,428100
2020-06-04,75.47942352294922,75.522491607182,73.48088170544646,73.48088170544646,562200
2020-06-05,77.09892272949219,78.64951821776398,76.7457289790589,77.46934239767549,561300
2020-06-08,77.85699462890625,77.95175361529242,76.59929221319062,77.09031306434171,355800
2020-06-09,77.00418090820312,77.40905907436509,75.9273800715046,76.9611062458269,308400
2020-06-10,74.41987609863281,77.34877636577865,73.98915566441349,77.06449930184856,409800
2020-06-11,70.2849349975586,73.0932331777419,69.95758993744698,72.56775388896394,427000
2020-06-12,70.80179595947266,72.23178375495421,69.24258420379844,72.18009942869264,308200
2020-06-15,71.51679992675781,71.52541617350026,68.53621606411485,69.0186272976336,263600
2020-06-16,74.0925064086914,75.30713421354467,73.10184842345812,73.92021434867209,466100
2020-06-17,73.98052978515625,74.41986641110601,73.17077994337737,74.24758088875427,439200
2020-06-18,74.23896789550781,74.69553046479938,72.86066393945639,73.29138433648943,380900
2020-06-19,73.9115982055664,75.06592533144492,73.21382692503511,74.69550565016296,675200
2020-06-22,72.98985290527344,73.73068565273827,72.37822439643682,73.34304007550803,364100
2020-06-23,72.3868637084961,73.73070914821939,72.22318786617603,73.73070914821939,460500
2020-06-24,70.7845687866211,72.23178918108621,70.3193900985141,71.8096851496126,375000
2020-06-25,70.39694213867188,70.5778439152011,68.79466174967402,70.37970964246627,384200
2020-06-26,68.79464721679688,70.50891217990606,68.69127197821608,70.50891217990606,597000
2020-06-29,70.0264892578125,70.56058465926854,69.10474831438044,69.27703376142122,742800
2020-06-30,72.05802917480469,72.37925409899705,70.03519375408798,70.07860485483971,504400
2020-07-01,70.44322967529297,72.21429516840702,70.39114165666138,72.01461339097987,251400
2020-07-02,72.78729248046875,73.07378986650468,71.2940472268483,71.2940472268483,699500
2020-07-06,73.24740600585938,74.45416014035062,72.60495630762762,73.8030335228797,519600
2020-07-07,71.77151489257812,72.44868551365512,71.1290718191977,72.44868551365512,328400
2020-07-08,70.6776351928711,71.99724904129839,69.83551027787857,71.62393613950593,389700
2020-07-09,68.08180236816406,70.84257968725119,67.98630326093125,70.26090812399897,340800
2020-07-10,70.23487854003906,70.36510522424445,68.29885861464996,68.39435774149362,279500
2020-07-13,70.16542053222656,71.02490601477653,69.77474711932312,70.5213730128042,382400
2020-07-14,71.84098815917969,71.87571571566012,69.67056555618332,70.16542164472233,355800
2020-07-15,73.40369415283203,74.06349784678893,72.87411051452185,73.46446572000185,451500
2020-07-16,73.35160827636719,74.35868765112812,72.9088467870268,73.67283324044193,255200
2020-07-17,74.32395935058594,74.81013194122504,73.55997290478096,73.6554654148524,265200
2020-07-20,71.84967803955078,73.81173547666906,71.4416374944318,73.69887587585933,385900
2020-07-21,73.7596435546875,74.9403540223742,72.11880453866492,72.11880453866492,503000
2020-07-22,73.80304718017578,73.88986275385001,73.19532491724874,73.46446180632368,323000
2020-07-23,75.70433044433594,76.00819487834283,73.98535961770895,74.08085873292195,335800
2020-07-24,75.83456420898438,76.6159176685688,75.68697706206402,75.70433752845295,429300
2020-07-27,76.52042388916016,76.58119546117233,74.92299592563752,75.29630890331362,362500
2020-07-28,76.3467788696289,77.04131004898133,75.9040108546545,76.65932021859868,358200
2020-07-29,76.96317291259766,77.34516271761326,75.83455071364446,76.69403605443325,312200
2020-07-30,76.5898666381836,76.82426934277527,75.75642523220814,76.29468574779031,268600
2020-07-31,75.09662628173828,76.39887991668172,73.85514421814803,76.39887991668172,341200
2020-08-03,75.938720703125,76.24257843722677,75.3136381509146,75.4699087889672,234400
2020-08-04,65.94610595703125,73.40367992524503,65.61620417399654,73.40367992524503,1257500
2020-08-05,68.15128326416016,68.42909714755392,66.30208522378345,66.45835594716779,1088500
2020-08-06,67.66508483886719,68.14257375020226,66.56250664859323,67.75190040241876,562400
2020-08-07,69.1409683227539,69.2277838850909,67.16154435761796,67.30044793263659,378300
2020-08-10,70.7557601928711,70.86861975714807,69.22778118563104,69.3753749218118,387200
2020-08-11,71.62395477294922,72.4487128148321,71.28536933482005,71.9104521817062,532300
2020-08-12,71.86702728271484,72.73519626486623,71.74548415510195,72.33583932790903,473300
2020-08-13,69.47955322265625,71.82361313287402,69.2104229939953,71.62393137949141,400900
2020-08-14,70.885986328125,70.92071387617392,69.19305313465377,69.23646422561553,357500
2020-08-17,70.1827621459961,70.88598337336964,69.9830870325411,70.52135406945877,413700
2020-08-18,68.6548080444336,70.2348754040175,68.46380979927444,70.2348754040175,438700
2020-08-19,67.6477279663086,69.22779530649626,67.5175012895165,68.57666854613974,355400
2020-08-20,67.5435562133789,67.87345807508052,66.74483563601001,67.01397255143398,506700
2020-08-21,67.52617645263672,67.82135732496666,67.05736444853842,67.46540489415749,393700
2020-08-24,68.35963439941406,68.53327219692976,66.77088994967492,68.14259212022299,457100
2020-08-25,68.11653900146484,69.01075201242729,67.59563892575508,69.01075201242729,326000
2020-08-26,67.57827758789062,68.31622660018803,67.24837572403847,68.1773163689212,252200
2020-08-27,68.51589965820312,69.03679976212801,67.84741240582694,68.06445466776267,370100
2020-08-28,69.74002075195312,69.84419679791401,67.4046439088027,68.29885696252232,443000
2020-08-31,69.83553314208984,70.45193248432831,69.46222011807438,70.21752308918084,630400
2020-09-01,69.47088623046875,69.72265605619366,68.4898575635581,69.38407064798537,239900
2020-09-02,70.3911361694336,70.70367750406675,69.3753801436774,69.47087262919018,386700
2020-09-03,69.31462860107422,71.32878758662113,68.84582304255484,70.31302454688084,402500
2020-09-04,70.76445770263672,71.05094844136185,69.5490197666138,69.87892160518412,453000
2020-09-08,70.6081771850586,71.71943230088897,69.93100651282465,70.39113496326038,687600
2020-09-09,71.18119049072266,71.85836140349562,70.47797556185924,70.79051700215527,561700
2020-09-10,69.0628433227539,71.36348576471683,69.04547623435975,71.23326571977819,421500
2020-09-11,68.57666778564453,69.1583460523847,67.89949702216,69.1583460523847,351200
2020-09-14,69.59243774414062,69.93970008280596,68.58535841591848,69.20175767773533,530200
2020-09-15,70.41718292236328,70.91203895089357,69.13228998281615,70.05255355894167,643400
2020-09-16,71.57184600830078,72.3705598041,70.66026601675397,70.82522022678319,452900
2020-09-17,71.5892105102539,71.94516295753267,68.87184409309069,71.085670931783,482500
2020-09-18,70.5907974243164,72.93485697304943,70.46925433181934,71.97987269331455,919500
2020-09-21,68.36831665039062,69.54034361110497,67.22233370290921,69.26252976394599,604400
2020-09-22,67.88211059570312,69.54030931525507,67.79528842960612,68.42905447466714,374900
2020-09-23,65.45124816894531,68.36829599460326,65.45124816894531,67.9428951185789,498400
2020-09-24,66.01557159423828,66.71878636510482,64.9303603435905,65.45994396379493,433700
2020-09-25,66.345458984375,66.62327273910759,65.54674526746908,65.8766470313383,344900
2020-09-28,66.50173950195312,68.00367468305069,66.44096794107654,67.21363776805171,413600
2020-09-29,65.13871002197266,66.74482112563054,64.56572200531116,66.51041844236059,364500
2020-09-30,66.26829528808594,67.26652224206092,65.59405685378628,65.59405685378628,685900
2020-10-01,65.45394134521484,66.72361378937516,64.7621865146116,66.38211549941238,634500
2020-10-02,66.34709930419922,66.96005001402492,64.46448263700522,64.47323420843082,556400
2020-10-05,67.23149108886719,67.33657006406567,66.180728059236,66.80243029783644,392700
2020-10-06,66.85496520996094,68.19469038619451,66.60102936836418,67.61677273475122,432300
2020-10-07,67.2752685546875,67.74811387222067,66.7498870954021,67.11765344884311,426900
2020-10-08,67.36283111572266,67.80065011252819,66.68859280010074,67.58174061412542,298000
2020-10-09,67.24900817871094,67.94951464438364,67.0038239011076,67.87946199363982,231200
2020-10-12,67.6430435180664,68.15091522160803,67.16143988874443,67.32781326625357,323800
2020-10-13,67.83567810058594,68.1071237474864,67.09138712384772,67.63427841764864,424400
2020-10-14,68.35230255126953,68.49240784288963,67.49418102215442,67.71309052986983,341000
2020-10-15,69.37681579589844,69.40308387234928,67.34533548976671,67.83569073175362,323500
2020-10-16,69.40308380126953,69.70955582719746,68.82515939758619,69.5344308639784,343100
2020-10-19,68.79013061523438,69.93722112934923,68.61500565826162,69.65701718983948,336000
2020-10-20,67.35408782958984,69.66577211187358,67.03885754740668,69.33303200538656,318100
2020-10-21,66.98632049560547,68.16843069764539,66.84621518069659,67.64304912791532,388400
2020-10-22,67.46793365478516,67.71311130977281,67.07389241162065,67.07389241162065,289000
2020-10-23,67.0826416015625,68.0370840124643,66.57476985308435,68.0370840124643,290100
2020-10-26,66.92501068115234,67.16142999488969,66.28579202009014,66.63604854612748,487400
2020-10-27,65.97057342529297,66.81119190796335,65.95306360217384,66.79367540425547,398800
2020-10-28,63.7814826965332,65.81296971527313,63.70267846593858,64.95484134768164,421600
2020-10-29,62.71320343017578,64.0441704091509,62.20533172637942,63.43997797944182,507900
2020-10-30,62.073978424072266,63.002152583308124,61.1458042648364,62.47677110978948,848200
2020-11-02,63.1597785949707,66.47844805032133,62.52932472628303,64.03541676216858,857200
2020-11-03,63.361175537109375,65.67285966279258,62.783251165394205,64.3506442176835,682100
2020-11-04,61.21586990356445,63.38744890321925,61.16332706864796,63.35242257347136,492500
2020-11-05,62.44174575805664,63.30863221745437,61.60113405124296,61.60113405124296,744700
2020-11-06,60.63793182373047,62.92334755037874,60.16508649953554,62.57309101239126,899500
2020-11-09,63.9390869140625,67.42412926213554,63.912818841685635,65.8479781136426,1054500
2020-11-10,65.30509948730469,66.39964725285785,64.0354200709094,64.73593331309917,632500
2020-11-11,63.89531326293945,65.55026873845188,62.879569859668045,65.55026873845188,691900
2020-11-12,62.91460418701172,64.01791020453769,61.89886733514464,63.6676535836703,809300
2020-11-13,64.28059387207031,64.47322863561637,63.063450809638525,63.29987682947189,581100
2020-11-16,67.5379638671875,67.58174844417604,64.97234398142974,65.31384230405718,578800
2020-11-17,68.49241638183594,68.70256766487763,66.45217791223081,66.77616642905292,601800
2020-11-18,67.22273254394531,68.99152520882727,67.02133952642973,68.73758936364766,959500
2020-11-19,66.6885986328125,66.81118742819288,65.007368460789,66.53973508363205,752100
2020-11-20,67.54671478271484,67.5729828538197,66.24201603333424,66.28579392497974,768800
2020-11-23,68.33479309082031,68.54494434877176,67.24900379738514,67.87945757123947,856100
2020-11-24,70.94418334960938,70.98796791908516,68.7901148070302,68.93897833489547,1031800
2020-11-25,70.69026947021484,71.20689276239443,69.7445786825156,70.5764322372616,1037500
2020-11-27,70.00727081298828,70.80410477478749,69.44686290427666,70.80410477478749,663800
2020-11-30,67.55548858642578,69.88468272866736,67.4941941795402,69.42059555073516,6118900
2020-12-01,68.59748840332031,69.28049176145099,67.99330263196572,68.57122032812083,835400
2020-12-02,67.6955795288086,69.03530475599376,67.52045458064148,68.30853020857056,460900
2020-12-03,68.50119018554688,69.02657185272233,67.35409941888791,68.02834468091186,950500
2020-12-04,70.94418334960938,71.0667788080241,68.67628427921545,68.7726049875923,449200
2020-12-07,70.77782440185547,71.35574203455637,70.52388856849409,70.76030789991988,1061200
2020-12-08,70.18241882324219,71.06681547436901,70.18241882324219,70.40132842239105,765800
2020-12-09,71.38201141357422,71.56590128432374,70.05104450739256,70.39254281491905,412400
2020-12-10,71.00547790527344,71.39951898971884,70.4363185842757,71.18060950300051,304900
2020-12-11,70.80409240722656,71.06678649130737,70.42756778302437,70.69026186710518,332900
2020-12-14,70.66399383544922,72.31894935304084,70.65524226424536,71.83735239386957,345500
2020-12-15,71.72351837158203,71.75853801587994,70.67274866675874,70.94419433389194,694000
2020-12-16,70.11233520507812,72.1788414434671,70.07730888300179,72.02998458508355,372200
2020-12-17,69.03530883789062,70.6464865147651,68.48365920601678,70.11234670650786,1007700
2020-12-18,69.77960205078125,70.1999045959892,69.07033064978651,69.3242664994527,990300
2020-12-21,69.28047180175781,69.36803425405898,67.55546410101873,69.00026794604197,456300
2020-12-22,68.58872985839844,69.49063597835547,68.36982034654136,69.08784327820904,244300
2020-12-23,69.72705078125,69.91969220806162,68.83390297036341,68.83390297036341,289600
2020-12-24,69.49064636230469,69.83214471738458,68.9127219579608,69.83214471738458,115000
2020-12-28,70.32249450683594,70.54140403443095,69.779603153977,70.05104883040647,236600
2020-12-29,69.33302307128906,70.64648018427339,69.08784547909279,70.48886506349173,246500
2020-12-30,68.96527099609375,69.61324143574817,68.84268217455345,69.324279207579,378000
2020-12-31,69.4508056640625,69.72448191380117,68.2943243118333,69.00939974515734,382000
2021-01-04,69.6185302734375,70.42188540737025,68.25016946253793,69.89219974148995,475300
2021-01-05,69.62735748291016,70.54548241008489,69.24774820278328,69.24774820278328,908200
2021-01-06,72.42588806152344,73.01737040969434,70.3424514681177,70.40424803083228,487500
2021-01-07,71.58721160888672,72.999715995132,71.4547952160813,72.75252974813509,533800
2021-01-08,70.99573516845703,72.15222339916225,70.21886307973375,71.86089384014578,344300
2021-01-11,70.08643341064453,70.94276199718837,70.02463684951869,70.43955950364364,421100
2021-01-12,70.04228210449219,70.40423816059078,68.75337773762752,70.40423816059078,704200
2021-01-13,69.5832290649414,70.66909059332933,69.45963594597951,70.45721090197765,557300
2021-01-14,69.68033599853516,70.19236846162138,69.30072665318772,69.77744583585563,580000
2021-01-15,68.83283996582031,69.59205868399468,68.22369764336604,69.30072916148875,563200
2021-01-19,68.63861846923828,69.24776077558589,68.12658600115824,69.24776077558589,435900
2021-01-20,69.83924102783203,70.20119035823667,68.70924301780866,69.08885235573709,567200
2021-01-21,68.40023803710938,70.06875123459075,68.17953516193653,69.34484607343649,496100
2021-01-22,68.0383071899414,68.33846671327795,67.62338455389015,68.02065391695442,416300
2021-01-25,69.150634765625,69.29188112032413,67.1996219231595,68.2148498825563,494200
2021-01-26,68.78870391845703,70.42190464069,68.25018810272803,69.91870211037346,477200
2021-01-27,66.71408081054688,68.72689043638015,66.55517443296431,67.96767182518776,1565300
2021-01-28,67.92354583740234,68.37377503109485,66.5816680547473,66.66994789260937,512100
2021-01-29,66.62579345703125,67.75579124310907,65.62821202454215,67.57923161477869,541500
2021-02-01,65.6105728149414,67.0407303580183,65.38103986067287,66.91713724463975,768400
2021-02-02,66.2550277709961,66.46690071546571,65.16916630186527,65.91955497898977,870900
2021-02-03,73.43229675292969,73.75010958718772,69.15066023097411,69.44198978493073,1603300
2021-02-04,73.98845672607422,74.3945493563925,72.90260195562567,73.80306705149324,784700
2021-02-05,73.63533782958984,74.80947244235608,73.26455174287024,74.55345620391721,503900
2021-02-08,75.60401153564453,75.63049481532903,73.6353447454661,73.82073443857794,461100
2021-02-09,76.91056823730469,77.45790725548574,75.79822345743145,75.93064657758867,491800
2021-02-10,76.55742645263672,77.1753919061396,74.91539626439389,77.13125536535698,561300
2021-02-11,76.29258728027344,76.96352607384071,75.54219866480265,76.55743349058967,329800
2021-02-12,76.88407135009766,77.28134067504583,75.99243634042897,76.29258909964756,353900
2021-02-16,76.65455627441406,78.12002047597687,76.65455627441406,77.04298891712466,467300
2021-02-17,76.18667602539062,77.31667427408941,75.91299973352203,76.65456529380613,489500
2021-02-18,76.3014144897461,76.97235325874829,75.59516244497341,75.93945846458746,798100
2021-02-19,76.68103790283203,77.57267975807052,76.1160388571197,76.36322509770386,574700
2021-02-22,77.81986236572266,78.01408204149183,76.23079841426542,76.32790825215001,343700
2021-02-23,79.05580139160156,79.47954729458286,77.36079757371728,78.09353300280041,511400
2021-02-24,81.89845275878906,82.16329900920354,78.62322158761769,79.33830376960881,749800
2021-02-25,80.03571319580078,82.32219230129661,79.90329009168398,81.89843971518663,523300
2021-02-26,79.62962341308594,80.01806276891122,78.77330160596513,79.77087653713865,724900
2021-03-01,78.82626342773438,81.11274266968867,78.60556048614097,80.60071696403465,700400
2021-03-02,79.25000762939453,79.60313367554684,76.98118170716373,78.62321209675075,569900
2021-03-03,80.0180435180664,80.98913493868352,79.27648500115379,79.2941382697535,375600
2021-03-04,78.6673583984375,80.69782819027715,77.6168102230148,80.31821885477042,409200
2021-03-05,80.80377197265625,80.97150838863347,79.11760474929257,79.67377382049875,567600
2021-03-08,81.13040924072266,81.83665466976937,80.22993739438935,80.7772831585394,385400
2021-03-09,80.00041198730469,81.32462975759695,79.90330214532433,81.05095350505236,484000
2021-03-10,80.68900299072266,81.05095234036841,79.15291228514648,80.1063439472132,510200
2021-03-11,81.54532623291016,82.07501195183002,79.47954317320756,80.84790412112659,297600
2021-03-12,81.52766418457031,82.00438334025942,81.19219814256057,81.71305384478511,308600
2021-03-15,81.71305847167969,82.68415684491458,81.23633928899697,82.02204799151964,360200
2021-03-16,81.24516296386719,81.995551592195,80.43297778344929,81.3599328001195,239500
2021-03-17,81.57181549072266,81.57181549072266,80.4418174114054,81.22751941140942,281800
2021-03-18,80.59188842773438,81.76602971486422,80.27407564722826,81.52766676182495,256700
2021-03-19,79.36478424072266,80.86556164580746,79.02048816855238,80.82142509584595,1302200
2021-03-22,79.63845825195312,79.79736465849967,78.24361387619128,79.1617390323135,628900
2021-03-23,77.89048767089844,80.00923059158153,77.6609547182073,79.39126502893554,543400
2021-03-24,79.14408111572266,80.30056244616429,78.04056633924945,78.04056633924945,435300
2021-03-25,80.22993469238281,80.36235781065673,78.92337698822313,79.19704649342152,355500
2021-03-26,81.90726470947266,82.0926543497718,80.12398812041535,80.22992120897574,488700
2021-03-29,81.02447509765625,82.39283623667133,80.27408632978228,81.65127073836604,527200
2021-03-30,81.38641357421875,81.82781942853546,80.81258461654325,81.35110029763516,317300
2021-03-31,79.93736267089844,81.8309011081242,79.93736267089844,81.33306593551113,438400
2021-04-01,80.1951904296875,80.57745355692802,79.19064164526704,80.20408216262007,298800
2021-04-05,80.15962219238281,80.5329935490182,79.85737112722207,80.3374229210694,196700
2021-04-06,80.18629455566406,80.63078622566753,79.82181491311162,80.0973975781443,596800
2021-04-07,80.07072448730469,80.54188454480968,79.83958693332714,80.54188454480968,257500
2021-04-08,80.43521881103516,80.58634435711465,79.26176102650304,79.59957226757572,314000
2021-04-09,80.36408996582031,80.8708101647379,79.83958630313485,80.62189593122108,253100
2021-04-12,80.63077545166016,81.47531358126106,80.4174213776405,81.2708444561229,236500
2021-04-13,80.30187225341797,80.66635192103773,79.99961437017721,80.23964368663385,191400
2021-04-14,81.13750457763672,81.40420228641935,80.05295062518505,80.62189940701049,287200
2021-04-15,81.70645904541016,81.96425823606151,80.9952696864699,81.64422370277883,257500
2021-04-16,82.63988494873047,82.8354623556425,81.6264445514628,82.05315951039853,259300
2021-04-19,82.45321655273438,83.89337221073926,81.96427293299043,83.09328573406988,306300
2021-04-20,81.97314453125,82.68433384301986,81.4486476701828,82.45319629933407,512400
2021-04-21,82.52432250976562,82.96881416592197,81.3330813444163,81.74201285419161,418000
2021-04-22,81.92869567871094,82.82656383517404,81.88424380536367,82.72877513973293,237800
2021-04-23,82.55098724365234,82.85323830080955,81.15528377684099,81.91980993393807,255300
2021-04-26,82.0086898803711,82.98656992083806,81.82200424575126,82.90656469845929,352200
2021-04-27,82.80878448486328,83.2266076642007,81.55531494685104,81.73311565210281,313500
2021-04-28,82.9510269165039,83.47553057368579,82.68433600442175,82.96881038008519,382200
2021-04-29,82.92435455322266,83.95557835488017,82.38207424069653,83.65332053003429,214200
2021-04-30,83.03992462158203,83.39551247845982,82.2487233275392,82.77322694652008,400000
2021-05-03,83.97334289550781,84.4533945838729,83.16437180055387,83.2532687541616,484100
2021-05-04,83.27106475830078,84.03559094509113,80.31074871752449,83.13771590573886,845300
2021-05-05,81.64423370361328,82.08872541179691,80.7997021710265,82.08872541179691,633200
2021-05-06,83.51109313964844,83.74222391367323,81.62644610723484,81.89314380945336,370200
2021-05-07,84.3823013305664,84.55121034419437,82.74657515667124,82.97770595358796,549100
2021-05-10,84.75567626953125,86.17805517185715,84.75567626953125,84.9423687568256,272400
2021-05-11,84.85345458984375,85.22683273626974,84.18671710448906,84.40007798313376,433000
2021-05-12,84.45339965820312,85.32460613367148,84.29338241913356,84.84455441646278,430800
2021-05-13,85.83133697509766,86.37361730950668,83.94669001105282,84.24005611636998,370700
2021-05-14,85.99136352539062,86.33806649371566,85.34240268736401,86.02691689132747,228500
2021-05-17,86.75590515136719,87.16484357061947,84.97793797426047,85.9113734552041,492900
2021-05-18,86.16026306152344,86.99590956544576,86.12470291429221,86.84478402651648,307900
2021-05-19,85.05790710449219,85.7868730079789,84.51562684651272,85.6979760504616,271300
2021-05-20,84.4800796508789,85.12904042675333,83.90223916487643,84.90679460770656,297600
2021-05-21,84.81788635253906,85.24459447019403,84.29338276251758,84.88011490229722,392400
2021-05-24,85.36905670166016,85.67131452037226,84.76454784663962,84.88900495363764,243800
2021-05-25,84.65789794921875,85.66244681817341,84.65789794921875,85.34241222971951,205500
2021-05-26,84.88900756835938,85.09347669752763,83.53775602972989,84.68454522159497,326500
2021-05-27,84.23117065429688,85.60909753099654,84.18671877476287,85.09348557098207,483200
2021-05-28,84.39117431640625,84.74676894812178,83.39551070408342,84.32894576453629,291800
2021-06-01,85.98246765136719,86.11581650562442,84.61343252697492,84.87123850323104,264700
2021-06-02,86.34695434570312,86.77366935773789,85.66244011873644,86.40029796121061,300400
2021-06-03,85.84022521972656,86.33806047942569,85.28905991483713,86.31138528322404,225500
2021-06-04,85.66242980957031,86.1958184236186,85.42240052468586,86.10692145167792,307900
2021-06-07,85.5024185180664,85.82245306532542,84.58676675656605,85.67132752423218,411500
2021-06-08,85.2890625,85.84911955393231,84.86234751909595,85.82245113932666,220100
2021-06-09,84.91567993164062,85.37795503544302,84.78233786554779,85.09348065710469,177500
2021-06-10,84.56009674072266,85.40462819075604,84.33785090835549,85.18238235838888,228500
2021-06-11,84.07115936279297,84.70233675912117,83.57333083214651,84.70233675912117,643900
2021-06-14,83.8133544921875,84.15117252744739,83.30663422170282,83.90225147636978,401900
2021-06-15,83.93779754638672,84.1600433607644,83.1199345772538,83.95558100968317,233800
2021-06-16,82.49765014648438,84.14226783905546,82.47986668294293,83.93779870275337,306800
2021-06-17,81.28862762451172,82.49764534358732,80.89747283822146,82.48875361233426,418600
2021-06-18,79.9996109008789,81.10195515382856,79.60846283337224,80.81748074909424,609800
2021-06-21,80.77302551269531,80.90637436802626,80.07961960385978,80.4440992405329,228800
2021-06-22,80.55078887939453,81.14640614782802,79.98184002859159,80.72858285186845,196900
2021-06-23,80.03514862060547,80.72855436392835,79.91958325751929,80.6307656788543,233000
2021-06-24,80.53300476074219,80.81748596624591,79.3684386509336,80.23075365350235,364000
2021-06-25,80.71968841552734,80.95971092840254,80.09739602018381,80.53299594924113,473400
2021-06-28,80.00848388671875,80.79078662083485,79.76846141931601,80.79078662083485,293500
2021-06-29,79.9996109008789,80.41743416648347,79.65290793205912,80.026279316572,458900
2021-06-30,81.0292739868164,81.10090371375539,79.88322567973975,79.88322567973975,741900
2021-07-01,81.4679946899414,81.98729996746503,81.14566774740858,81.28892720230618,456300
2021-07-02,81.87089538574219,82.26484516989234,80.572632372674,81.27100504060718,610000
2021-07-06,81.9693832397461,82.26484386542715,80.97554312622015,81.89775352340523,1081300
2021-07-07,83.10647583007812,83.24973526254458,81.53065622787574,81.8350791063741,581300
2021-07-08,82.42601013183594,83.0079896427924,81.83508202926998,82.61403302042446,668200
2021-07-09,83.51832580566406,84.13612007519895,82.89158294598,82.89158294598,368800
2021-07-12,80.79647064208984,83.1512480948055,80.51891402379458,83.1512480948055,488900
2021-07-13,78.53123474121094,80.82333109635094,78.28949297884282,80.44728531889565,376100
2021-07-14,79.04159545898438,79.6414790675063,78.1193849020952,78.53124559590071,323100
2021-07-15,79.050537109375,79.20274513319862,78.59390620691845,78.84460338285986,206200
2021-07-16,78.17308807373047,79.51611447837449,78.08355434628464,79.23855787399677,260600
2021-07-19,77.0628433227539,77.94029011511968,75.9705142503946,77.63586729005969,330100
2021-07-20,78.88936614990234,79.6414576060979,77.00913067842839,77.33145753993651,424700
2021-07-21,78.78192138671875,79.94588025377821,78.54017965669088,79.36390082024849,209500
2021-07-22,77.59112548828125,78.53123999481146,77.28670257831926,78.42379540935669,215300
2021-07-23,78.1462173461914,78.39691447920731,77.42098537839759,77.99400934842954,164300
2021-07-26,78.82669067382812,78.88936496089981,77.91342896965791,78.26262209018297,190600
2021-07-27,78.97891235351562,79.34600954919009,78.39693282653614,78.88937861805405,256800
2021-07-28,79.48925018310547,79.81157704699116,78.3432021475053,79.24750845068377,256300
2021-07-29,79.64146423339844,80.68007461379284,79.57878994016676,80.23239913899918,365500
2021-07-30,78.62076568603516,79.99960698545739,77.9313484518169,79.7041395289414,874000
2021-08-02,79.8026351928711,79.94589463716945,78.74612069962276,79.02368416520424,371200
2021-08-03,78.54019165039062,79.76681816163845,76.46297758148182,79.76681816163845,654000
2021-08-04,76.18539428710938,78.0477255415091,75.95260800354765,78.0477255415091,545000
2021-08-05,75.82727813720703,76.80320744526146,75.75564841799589,76.40030222892425,298100
2021-08-06,77.08971405029297,77.30459636177449,76.28389684350537,76.50773457700274,230400
2021-08-09,77.04496765136719,77.53740667544126,76.86589332635086,77.09868653337857,193800
2021-08-10,77.86866760253906,78.02087561363302,76.937501861929,76.97331671706613,189300
2021-08-11,78.51335144042969,78.7819527104806,77.72543798724307,78.05672040105905,221000
2021-08-12,78.0925064086914,78.7013452925098,77.94029839548313,78.59390072560588,205400
2021-08-13,79.104248046875,79.26541147681336,78.28052688540562,78.30738631856451,162100
2021-08-16,79.38182830810547,79.6414741043997,78.45961097770022,79.0505459565432,253800
2021-08-17,78.49542236328125,79.33705450884729,78.15519143449248,78.86251956072556,202000
2021-08-18,77.45681762695312,78.5401915270854,77.38518790686518,78.21786461767576,450300
2021-08-19,76.48982238769531,77.62691494668051,75.54075268503122,77.04494236658486,435300
2021-08-20,77.25086975097656,78.05668687701986,76.06900690977469,76.2122663237312,711600
2021-08-23,77.85076141357422,78.34320716241793,77.34041165158418,78.29843688307375,436000
2021-08-24,78.00298309326172,78.41484374153796,77.80600477648042,77.84181963689394,202200
2021-08-25,78.75506591796875,78.96994822558666,77.82390014364393,78.00297442581335,276700
2021-08-26,78.21786499023438,78.88042282673842,78.18205013001982,78.86251881212421,221000
2021-08-27,79.38182830810547,79.7936889762446,78.21786919698313,78.21786919698313,321500
2021-08-30,78.58494567871094,79.45343714678324,78.50436737638766,79.45343714678324,212300
2021-08-31,78.66554260253906,79.4176341942221,78.41484540531138,78.71031288675242,281400
2021-09-01,78.89832305908203,79.1669242280803,78.1462247577194,78.71924878209798,192400
2021-09-02,78.93415069580078,79.38182621427246,78.37903059374082,78.86252097340859,170500
2021-09-03,78.89832305908203,79.1758796496758,78.4864624684965,78.92518249288334,214300
2021-09-07,78.26263427734375,79.20274872981487,78.11937483830852,78.7013543551636,183800
2021-09-08,78.34320831298828,78.82669864686672,77.9671625525225,78.06565170373767,247700
2021-09-09,77.25086975097656,78.34319887394804,77.16133603274616,78.05668687701986,264200
2021-09-10,77.1971664428711,77.94925802474843,77.18821101994791,77.63588653229954,198800
2021-09-13,78.19994354248047,78.39692183146165,77.49262234984465,77.83285322927613,221500
2021-09-14,77.45681762695312,78.41484293242455,77.21506902940285,78.41484293242455,173300
2021-09-15,78.74610900878906,78.85355357606134,77.08971120817328,77.08971120817328,445200
2021-09-16,79.78471374511719,80.49204172707219,78.63866576508342,78.95203719228253,331600
2021-09-17,78.65657043457031,79.93692241725873,78.55808129505698,79.54296585920542,1185200
2021-09-20,77.69855499267578,77.73436985069121,76.36448397878351,77.55530239159981,762200
2021-09-21,78.00298309326172,78.21786542475668,76.77634974029671,78.21786542475668,423000
2021-09-22,78.2984619140625,78.90730102045914,77.93137146383138,78.49544027657137,441700
2021-09-23,79.51610565185547,79.80261764646977,78.70133994225861,78.77296964865839,323900
2021-09-24,79.34598541259766,80.18761046710236,79.0147031780792,79.53400824916734,288600
2021-09-27,80.57263946533203,81.2083378941789,79.71310327290585,79.71310327290585,315400
2021-09-28,80.13390350341797,81.45902580720848,79.82053206261838,80.7696018064643,369600
2021-09-29,81.39636993408203,81.85299406641687,80.02647704411763,80.60845661211768,570100
2021-09-30,79.69517517089844,81.78133730539973,79.65936031983182,81.64704015263041,516000
2021-10-01,81.60729217529297,81.7876768877579,79.75831790696672,80.16418695063068,703000
2021-10-04,82.50923156738281,82.96921466006413,82.03119899302565,82.07629861288973,519600
2021-10-05,83.94330596923828,84.30408227293566,81.7606193096608,82.86999835807836,837800
2021-10-06,84.80015563964844,84.91741191161223,82.79786028989771,83.22176510925132,481400
2021-10-07,85.21504974365234,85.99973088837869,84.66486737163878,84.90838744522094,416500
2021-10-08,85.666015625,86.54088910586229,85.03465532845374,85.38641035716026,274300
2021-10-11,86.24324035644531,86.82949405059435,85.68403679694696,86.08089137989643,250800
2021-10-12,86.42364501953125,86.99186312813156,85.8283698887933,86.22521768220642,356200
2021-10-13,85.2781753540039,86.47774674573508,84.82720669931585,86.37853309120486,363100
2021-10-14,86.97381591796875,86.99185163659916,85.27817623604825,85.68404527697123,245200
2021-10-15,87.37969207763672,87.6502760477867,86.5048185874557,87.28949971466547,373200
2021-10-18,86.95578002929688,87.93888840176972,86.82048805550856,87.31654945108487,461600
2021-10-19,87.67731475830078,88.16436167411568,86.25225232475735,87.16321082736863,244500
2021-10-20,87.36166381835938,88.02909561882984,86.91069508375344,87.83066827460534,219600
2021-10-21,87.63224792480469,88.05615275564288,87.07304421592582,87.36166393119693,181900
2021-10-22,87.4969482421875,88.21849402636562,87.20832855226901,87.6322402271072,210400
2021-10-25,87.6502685546875,88.16437254903346,86.9918512869357,87.69536817293573,248300
2021-10-26,86.82950592041016,87.83967823272242,86.81147020109918,87.67732923398002,270100
2021-10-27,84.95347595214844,87.12714125316992,84.9444546524595,86.82950029455428,474600
2021-10-28,85.74718475341797,86.18913213417213,85.21504501268647,85.37739401314008,393900
2021-10-29,85.89149475097656,86.35147783364792,85.21504175515146,85.47659752471641,487100
2021-11-01,86.24324035644531,87.30752656243574,85.56678743436414,85.8914853874619,497400
2021-11-02,83.438232421875,85.68405466476312,80.89476917970728,85.54876267588728,1070900
2021-11-03,86.5318832397461,88.09223121234591,85.37740437692993,87.45185643316621,640200
2021-11-04,86.92871856689453,87.10008886391371,85.90953184741939,86.57696355392365,377800
2021-11-05,88.5973129272461,88.96710367923636,87.10009355550413,87.26244256109982,559400
2021-11-08,89.31884765625,89.5713889934229,88.4980883104381,88.59730196164679,311600
2021-11-09,89.9772720336914,90.08550011178578,89.14748444129786,89.69766677573054,402500
2021-11-10,90.77098846435547,91.3662705108886,89.79689432343051,89.81493692672743,436700
2021-11-11,89.66157531738281,90.97840272964908,89.38197012185273,90.8340894827646,209400
2021-11-12,89.58042907714844,89.87807009318706,88.75064825780147,89.79689214279617,266700
2021-11-15,90.27490997314453,90.52745822233406,89.42709350662062,89.83296257922619,268400
2021-11-16,89.76080322265625,90.7980325650204,89.68865346344833,90.19373618408369,246200
2021-11-17,89.174560546875,90.42825308545045,88.57927851093952,89.62552928395212,424400
2021-11-18,88.72358703613281,89.47218986966317,88.41692473317681,89.28278383602996,262700
2021-11-19,87.38871765136719,88.51613944672617,87.1812758945136,88.44398280032644,505000
2021-11-22,88.2275161743164,88.75966281844808,86.87461007459909,87.1722510680336,219400
2021-11-23,88.80475616455078,89.53532326137847,88.2455524956138,88.6514284570352,151700
2021-11-24,88.53417205810547,89.41806679242936,88.09221780970776,88.7055354724213,270500
2021-11-26,87.13616943359375,89.2466995659223,86.76637181073639,88.93102286423674,295000
2021-11-29,88.17340087890625,90.00433267349854,87.74046790540706,89.6886559642992,414700
2021-11-30,83.99742126464844,88.01104652139831,83.99742126464844,87.39772886029591,597300
2021-12-01,83.88919830322266,86.36952611781582,83.84409868137195,85.26014010390843,384000
2021-12-02,84.86328887939453,85.4766066026621,84.15977879001865,84.46644109227066,417400
2021-12-03,84.8813247680664,86.18913117629326,84.52054845093062,85.4044500838515,286700
2021-12-06,87.23538970947266,88.25457653255398,85.90954058061648,86.18913898313514,317800
2021-12-07,87.36166381835938,88.0922309664252,86.90167378231503,87.36166381835938,237200
2021-12-08,87.62322998046875,87.97498505689357,87.32558895234403,87.32558895234403,244800
2021-12-09,86.91970825195312,87.5781186893765,86.6220672634672,87.32557732262582,311500
2021-12-10,86.90167236328125,87.50596880628869,86.73932334622467,87.30754834654104,278500
2021-12-13,85.38640594482422,86.91970354471542,84.98053689613184,86.60401997213715,609100
2021-12-14,85.99972534179688,86.89264139565768,85.23307996701797,85.23307996701797,470200
2021-12-15,86.29737091064453,86.74833961170742,85.3773977882202,85.71111022301551,363000
2021-12-16,87.1722640991211,88.0381233066262,86.4867896460489,86.98285804259535,367300
2021-12-17,86.00875854492188,87.0099096970757,85.73817454873661,86.58599798096267,877800
2021-12-20,84.45741271972656,85.1879797696414,83.56449667191555,85.02563077174523,449400
2021-12-21,86.18010711669922,86.90165278901898,84.65583095996293,84.94445060513787,284700
2021-12-22,85.55777740478516,86.4146151331212,85.29621474804651,86.1350167571615,230100
2021-12-23,85.51268005371094,85.74718569722197,84.96249770618662,85.69307165688714,343800
2021-12-27,86.41461181640625,86.42363311628847,85.10680546414439,85.4856174843703,326200
2021-12-28,87.8035888671875,87.8396671825067,86.31539104613651,86.31539104613651,328300
2021-12-29,87.50596618652344,88.71456591759178,87.40675940023802,88.3898678931995,326600
2021-12-30,87.02793884277344,88.04713252098543,86.95578907964789,87.64125655737695,155800
2021-12-31,87.75437927246094,87.99955784738195,86.77367882858782,86.77367882858782,184600
2022-01-03,88.19024658203125,88.44450070775746,87.05517857224973,87.86334644098174,337400
2022-01-04,88.77140808105469,89.80658963607974,88.25381730354216,88.67152153382368,291100
2022-01-05,89.52508544921875,90.14256275612235,89.12554619974397,89.13462868411327,449200
2022-01-06,89.69761657714844,91.27762936473887,89.2617543250779,89.97911123694004,311100
2022-01-07,90.36048889160156,90.40588745164685,89.40702906788837,90.04267125966543,296600
2022-01-10,90.5421142578125,91.99500008657947,89.86107337608678,90.79636841185845,322700
2022-01-11,91.0052261352539,91.086947717586,89.85199300214383,90.79637054500586,351000
2022-01-12,90.95072174072266,91.08692434299071,89.97002143696572,90.5874986362307,320400
2022-01-13,91.41383361816406,92.12211493265615,90.87808485439884,91.34118760439432,447900
2022-01-14,91.72258758544922,91.77706863887605,90.67832351802976,91.00522369440291,259900
2022-01-18,91.30486297607422,91.70440215858657,90.3968086726937,91.33210349671091,309100
2022-01-19,91.44108581542969,92.48534988099681,91.09602759782835,91.73166297970083,426200
2022-01-20,90.5421142578125,92.52167336447815,90.46946823439762,91.33212417466052,328400
2022-01-21,88.70784759521484,90.7146472376711,88.64428405641871,90.7146472376711,426500
2022-01-24,87.61817932128906,88.44451226579073,85.32988496281085,87.81795242558205,480700
2022-01-25,85.89286804199219,87.02793611693916,84.22205116106501,87.02793611693916,367500
2022-01-26,85.50241088867188,87.30943731600911,84.64883748323865,86.30149631577795,453400
2022-01-27,85.87471008300781,88.6806019694649,85.46608834679931,86.2016102431369,515000
2022-01-28,85.83838653564453,86.14712865290211,84.64883741634476,85.22999171340005,408200
2022-01-31,85.99274444580078,86.32872705040913,84.56709938890819,85.19365910931933,348000
2022-02-01,86.57390594482422,86.57390594482422,85.56597190219831,86.36505730575871,331000
2022-02-02,87.382080078125,87.46380165071112,85.76573738750987,86.54666474466934,489000
2022-02-03,78.84635925292969,84.46721085294766,78.82819428667624,83.8951391182493,1030900
2022-02-04,77.4025650024414,78.32878448836989,76.0404832284693,77.68406661337183,859500
2022-02-07,77.4025650024414,78.23798042235298,77.25727988239558,77.75670570944166,436500
2022-02-08,78.36510467529297,78.67383987420178,76.98485798113173,77.44796770740085,537900
2022-02-09,79.00983428955078,81.22548284754726,78.51948396424886,79.57282371911795,604700
2022-02-10,77.62957763671875,79.97235992062868,77.4752100336774,78.02004135070374,469900
2022-02-11,79.00074005126953,79.36396323018988,78.21981264135783,78.72832093510279,463100
2022-02-14,78.68291473388672,79.38211356994996,78.02003197707681,78.98257434701607,433500
2022-02-15,79.90878295898438,80.35372765155626,79.08245017344598,79.32762872806052,263300
2022-02-16,80.50811004638672,80.74419921290172,79.3821175517074,79.8361447721055,373200
2022-02-17,80.64430236816406,81.12557005184095,78.8735992059746,79.38210741093062,438600
2022-02-18,80.60799407958984,81.40708646515095,80.29017639347165,80.44454399417107,307200
2022-02-22,80.65339660644531,81.2708739144197,80.08132479249042,80.29017343800642,438800
2022-02-23,80.91673278808594,81.81570475593159,80.58075014673291,81.16190444189633,295900
2022-02-24,79.3458023071289,80.13581224197424,78.7918884898074,79.56374038233841,774100
2022-02-25,82.2697525024414,82.34239853943325,79.79076710928476,79.79076710928476,389800
2022-02-28,80.58074951171875,81.48880395674391,80.02683574602095,80.89856718189642,466500
2022-03-01,79.76349639892578,81.57960522689301,78.48314327771969,80.3718981215029,362100
2022-03-02,80.22660064697266,80.72603331194225,79.31854629459514,79.93602353132805,457400
2022-03-03,79.20051574707031,81.11651132408952,78.66475998178937,80.20845681092045,911100
2022-03-04,77.39347839355469,78.67383147574235,76.23116295963642,78.22888676626346,709000
2022-03-07,74.57849884033203,77.2935862464167,74.39689074741408,77.27542128038209,630200
2022-03-08,77.28450775146484,78.67382982490307,73.77941733962092,74.91448529869201,914000
2022-03-09,78.53762817382812,79.75442475069775,78.06544290369881,78.75556623195463,390900
2022-03-10,76.09496307373047,77.92922995159991,75.92243051721258,77.57508928246716,421900
2022-03-11,75.36852264404297,76.7760098742206,75.35944015933242,76.67612332612254,303400
2022-03-14,75.3231201171875,76.83049395487497,74.7601307452515,76.07680703603124,341600
2022-03-15,75.0870132446289,75.80437698215574,74.56034008119332,75.27770381872016,667500
2022-03-16,75.87702178955078,76.29472597307748,74.63299172258577,75.56828662568958,535300
2022-03-17,76.6761245727539,76.81232720609667,75.6863415603914,75.6863415603914,462000
2022-03-18,77.829345703125,78.09268232370478,75.68633665721879,76.63979659628674,625200
2022-03-21,77.8021011352539,79.18234077260081,76.73967915177911,78.22888781098443,322200
2022-03-22,77.52061462402344,78.03820540833495,77.08474541875302,78.00188239723691,346300
2022-03-23,77.28450775146484,78.13808107361592,77.23002670635904,77.56600238838487,309000
2022-03-24,78.28337097167969,78.30153593976586,77.05749888627031,77.76578022771103,261500
2022-03-25,79.50017547607422,79.52741600303068,78.48315192629413,78.51947493820478,201200
2022-03-28,79.4638442993164,79.52740783165243,78.33785182949917,79.37304024282287,232400
2022-03-29,80.49903106689453,80.50811355151149,79.00982227338471,79.36396296648121,293900
2022-03-30,79.89970397949219,80.50810568709059,79.2005051462173,80.02683104008763,237100
2022-03-31,79.72590637207031,80.66816207836752,79.47890310219788,79.78994296435852,334500
2022-04-01,82.38800048828125,82.4245938209188,79.84482319542026,79.84482319542026,473900
2022-04-04,81.93059539794922,82.5160747690704,80.83282332196315,82.39715167100239,259600
2022-04-05,81.74761962890625,82.5435087640665,81.37254327273294,81.91228610585446,273900
2022-04-06,81.33597564697266,82.36056109095136,80.93345594857252,81.50978526081055,392700
2022-04-07,81.19873809814453,81.82081071371164,80.45773542199935,81.3359613329465,318700
2022-04-08,81.89400482177734,82.33311785463326,81.35426884376233,81.6287153617304,369700
2022-04-11,82.4428939819336,83.30281287084185,82.1958907314814,82.1958907314814,255000
2022-04-12,80.14672088623047,81.90315914985892,79.89971761135024,81.17131336307969,523500
2022-04-13,80.95175170898438,81.13471838657921,79.7076062191999,80.10097585169743,253000
2022-04-14,81.88484954833984,82.37884901955675,80.99748051556857,81.25362683854094,205700
2022-04-18,81.44574737548828,82.314823348718,80.93345466164492,81.88486040125741,260100
2022-04-19,82.58927154541016,82.73564489584092,81.13472301769828,81.57382911005958,221900
2022-04-20,82.88200378417969,83.6595929446119,82.39715431871484,82.85456052831789,419500
2022-04-21,82.59840393066406,83.24791983026562,82.30566427197795,83.13813984095933,293400
2022-04-22,80.25650024414062,82.71734101726358,80.1284200785411,82.71734101726358,497000
2022-04-25,79.41485595703125,80.30222503186954,77.67671811747307,80.0826720274084,425400
2022-04-26,77.73160552978516,80.8511119751792,77.67671902289615,79.40571378454258,287800
2022-04-27,78.39942932128906,79.43317192452713,77.80480677331543,77.96032322495574,383800
2022-04-28,78.99404907226562,79.53379201572986,77.86883373263805,79.07638581730393,310800
2022-04-29,77.85967254638672,79.25018412025649,77.74989256181922,79.12211096132627,306000
2022-05-02,78.26219940185547,78.80193533867858,77.19186364703847,77.87797291013084,436000
2022-05-03,79.14956665039062,79.5795295998493,78.37197749770347,78.4817574995221,341700
2022-05-04,81.8573989868164,81.97632206058718,79.20444220250208,79.50633190453158,441600
2022-05-05,80.88770294189453,83.48577353697226,79.42400463876963,81.86655183643406,453000
2022-05-06,80.78707122802734,81.76592010074278,79.86311583883675,81.26277752810176,522000
2022-05-09,79.13126373291016,80.7138920785325,78.55493449809829,80.52177535413126,338000
2022-05-10,79.13126373291016,80.17414919369197,77.9877483610473,79.68929979273635,354400
2022-05-11,79.42401123046875,81.12556283015216,78.4726055096108,79.37826781929242,366100
2022-05-12,81.8573989868164,82.02206546251766,79.50633190453158,79.50633190453158,645900
2022-05-13,84.70246887207031,84.72076902686509,82.0678119182126,82.33310832702425,620700
2022-05-16,84.66588592529297,85.30625177957373,83.54066366195465,84.373146251984,335800
2022-05-17,86.93461608886719,86.99865267388299,84.46462554744161,85.19647123627009,380600
2022-05-18,84.50121307373047,86.33083763930638,84.26335992595573,86.21190757568709,519500
2022-05-19,84.23593139648438,85.27881702277543,82.80881923987687,83.87915510219877,413900
2022-05-20,83.99806213378906,85.34283728390625,82.36054733721168,84.34568828287813,326100
2022-05-23,85.7179183959961,86.3857345135676,84.71162616001538,85.11414584619354,294800
2022-05-24,84.15359497070312,85.26966727176847,83.35771260937608,84.95863439020735,373700
2022-05-25,86.42232513427734,86.61443489316045,84.31825390552326,84.31825390552326,501800
2022-05-26,85.98321533203125,86.78825470911238,85.84599207644108,86.77910463088244,358400
2022-05-27,86.55039978027344,86.74250954242697,85.72706724285506,86.12958692325172,296500
2022-05-31,86.62358856201172,87.035251351046,86.2759553824617,86.2759553824617,483200
2022-06-01,87.74880981445312,88.12388627459127,85.56240858527944,87.09014372408922,493300
2022-06-02,85.33370208740234,87.7305131591305,84.62014951094336,87.5201032299225,353700
2022-06-03,85.17819213867188,85.8643015112982,84.2816728208087,84.78482248585418,348000
2022-06-06,84.80309295654297,85.86427851885443,84.3822801582185,85.86427851885443,246100
2022-06-07,85.52581024169922,85.62644016513882,83.81511550215573,83.81511550215573,313100
2022-06-08,85.08670043945312,85.79110289298725,84.93117703224875,85.2605100436182,326000
2022-06-09,83.5406723022461,84.93118414941293,83.46748563148334,84.56526475452934,409000
2022-06-10,82.24161529541016,82.87283094526708,81.64698599034419,82.33309511631347,250700
2022-06-13,79.78993225097656,81.78422340234833,79.5429290142692,81.5555203206748,336300
2022-06-14,79.4697494506836,80.21074520297904,78.54578704509879,79.68930245516665,356400
2022-06-15,80.00950622558594,81.34513173509046,79.54294986243777,80.21991618683816,248800
2022-06-16,77.54863739013672,79.1312657766336,77.27419788148005,78.7104529464554,298600
2022-06-17,77.41143035888672,79.19531180605424,77.33824368939652,77.88712975164307,505700
2022-06-21,78.692138671875,79.54291425703863,77.96944320979345,78.5091790322655,453300
2022-06-22,77.55780029296875,78.1981732113247,76.93572753256126,77.70417363869535,273500
2022-06-23,77.64927673339844,78.79279227366125,77.18272741818598,77.67672696911531,557200
2022-06-24,80.86941528320312,81.20789139483344,77.85968173425051,78.34453117591035,528600
2022-06-27,82.27822875976562,82.3788586812304,80.63156366258276,80.63156366258276,307100
2022-06-28,81.976318359375,83.22961353337428,81.46402578230686,83.0740901615104,325800
2022-06-29,81.70188903808594,82.68988805470073,81.27192611532963,82.26907520972725,295000
2022-06-30,81.24112701416016,82.14421179259867,80.90937957659378,81.20426540658248,476000
2022-07-01,82.71556091308594,83.11181442900532,80.4854792257126,81.24113167849049,292700
2022-07-05,81.73875427246094,82.56812299962766,80.31040366016137,81.95992395346133,312800
2022-07-06,80.73430633544922,82.29167620032317,79.21379808620574,81.65582563430779,537200
2022-07-07,81.95069885253906,82.34695237098092,81.26877664544143,81.31484838487738,396900
2022-07-08,80.27352905273438,82.21793490865875,80.22745028565963,82.07048847852575,326200
2022-07-11,79.52711486816406,80.67901394197506,79.17693305011977,80.23668160415268,317400
2022-07-12,80.09844207763672,80.80801575362054,79.30593505363649,79.30593505363649,402900
2022-07-13,79.6745376586914,80.26430929889538,79.13084478407283,79.9694234787934,363600
2022-07-14,78.76225280761719,79.29673566936944,78.31071033575327,78.49501137674106,252500
2022-07-15,79.12164306640625,79.821999662319,78.75303396168195,79.61926430318896,239300
2022-07-18,78.513427734375,80.66978617292285,78.35677116828883,79.74826703505164,275300
2022-07-19,80.04315948486328,80.0892382578135,78.73460388842736,78.94654937047761,240900
2022-07-20,80.27352905273438,80.48547450775963,79.37043724475157,79.9141371675761,197100
2022-07-21,79.93257904052734,80.68822455625225,79.3704517266868,79.91415174871486,170400
2022-07-22,80.26432037353516,80.715862809918,79.53631936676003,80.00629612417355,173500
2022-07-25,81.94147491455078,82.12578294894904,80.4486185044044,80.91858817319653,239800
2022-07-26,82.42987823486328,83.1855235931979,81.48071471495142,81.79403485557593,337000
2022-07-27,82.23635864257812,82.7063353300222,80.86329721681835,82.7063353300222,267800
2022-07-28,82.60498046875,82.9643723940522,81.84933500649493,82.30087744560706,214200
2022-07-29,83.83982849121094,84.20843058443371,82.36539199578277,82.49440413453759,321200
2022-08-01,84.6138916015625,84.74290372549376,83.04731179346368,83.70158957358181,203800
2022-08-02,83.65550231933594,84.65074462928943,83.43433970511275,84.65074462928943,219600
2022-08-03,84.43880462646484,84.64153998223658,82.65106209871199,83.46199649116515,244000
2022-08-04,83.90432739257812,84.42959306424443,83.4251334633116,84.42959306424443,246800
2022-08-05,84.54938507080078,84.56781236098874,82.89064772854806,82.96437095056672,227400
2022-08-08,83.72923278808594,84.76133679493071,83.60943782638522,84.30978733720487,335000
2022-08-09,84.37429809570312,87.54432648343231,84.01490615995868,86.26341532154647,432000
2022-08-10,85.80264282226562,85.84872158890589,84.52173185275251,85.40638933331053,296400
2022-08-11,86.3371353149414,87.7931302944577,85.69206766241042,86.5030090506627,379900
2022-08-12,86.23578643798828,87.38768567861977,85.48014081735943,86.34636426548249,258200
2022-08-15,87.05592346191406,87.08356791412824,85.48012641000113,85.58149408854236,241500
2022-08-16,87.85762786865234,87.8944894764329,87.07433803755579,87.1757057012941,303900
2022-08-17,86.77945709228516,87.94057319553743,86.46614395445775,87.47981361828545,199100
2022-08-18,87.31395721435547,87.37846328674492,85.85795497398279,86.34635909787923,170000
2022-08-19,86.76104736328125,87.26787878246219,86.4753715867331,87.12965650581668,250700
2022-08-22,84.82585144042969,86.1620515669143,84.60468175403028,86.0146051093147,214000
2022-08-23,83.8766860961914,85.05623674113313,83.65552342616743,84.73369935199813,513900
2022-08-24,82.67869567871094,83.93196223083145,82.06127956232841,83.68314813396317,454600
2022-08-25,84.04254150390625,84.05175866374623,82.45753451244724,82.96436581351797,610500
2022-08-26,82.53125762939453,84.30057984369054,82.33773944030335,84.16235055701583,417100
2022-08-29,81.84009552001953,82.31928931012119,81.1950350686884,82.07047525701374,314600
2022-08-30,81.27799224853516,82.5681205603887,80.86331141251931,81.98756598383977,371600
2022-08-31,80.23667907714844,81.76640437369599,80.08923965627382,81.76640437369599,588000
2022-09-01,79.69297790527344,80.27353242941935,78.82674766838613,79.99707387660716,386000
2022-09-02,78.79910278320312,81.37935212909595,78.5871502898022,80.42097139011872,360000
2022-09-06,77.51820373535156,79.15850691553446,77.34311282376999,79.15850691553446,316300
2022-09-07,78.35677337646484,78.47657536736942,77.02057340114928,77.5181945932992,491000
2022-09-08,78.43970489501953,78.86360281881821,77.3430949641416,77.92364944074212,343600
2022-09-09,79.01104736328125,79.23221701408954,77.96973328893239,78.75302313463784,328100
2022-09-12,79.4718246459961,79.92337417745392,79.27830643135752,79.4533973529691,328500
2022-09-13,77.11273193359375,78.65166740995402,77.01136425257515,78.0803299685408,359600
2022-09-14,76.85470581054688,77.73936343483537,76.21885528689452,77.47212201229502,456900
2022-09-15,76.38471984863281,77.0297804250605,76.0806168494742,76.64274407920388,414400
2022-09-16,76.58745574951172,77.0758597653774,75.83181034124853,76.09905173364604,991000
2022-09-19,77.66563415527344,77.88679678644982,76.32943417734813,76.32943417734813,413600
2022-09-20,77.13114929199219,77.41682500654213,76.83626344808778,77.07586039333296,284500
2022-09-21,76.46766662597656,78.25540910054517,76.46766662597656,77.87758988291083,254000
2022-09-22,75.73965454101562,76.51372718437526,75.6382868809615,76.41235952432113,238800
2022-09-23,73.81367492675781,75.3341827741984,73.34369823995637,74.8549959588989,376000
2022-09-26,72.7907943725586,74.54168213199775,72.62492064733524,73.42664482435362,322400
2022-09-27,76.2925796508789,77.54584639496744,73.9703472006891,73.99799868395773,679200
2022-09-28,76.37550354003906,76.77175705015627,75.53692478133661,76.44922675834763,598400
2022-09-29,75.64752197265625,76.16357760248933,74.74443692405939,75.99770383408492,439200
2022-09-30,74.20072174072266,75.64750658107825,74.0532823269368,75.60143484017229,428700
2022-10-03,75.29732513427734,75.43555440598576,74.12699896582946,74.88264434978493,630500
2022-10-04,77.17723846435547,77.24174453169734,76.20964042359351,76.28336365216536,467400
2022-10-05,76.18277740478516,76.87053013988371,76.09912787321115,76.21995418651292,351300
2022-10-06,75.03033447265625,76.07125612205567,74.69575048799302,75.81102570970582,315700
2022-10-07,74.8816146850586,75.14184505347129,74.05445083228433,74.97455308938517,376900
2022-10-10,75.37420654296875,75.88537848381269,75.10468016422803,75.10468016422803,210900
2022-10-11,76.11772918701172,76.87983557945591,75.05821559485142,75.41138442865586,335500
2022-10-12,75.90396118164062,77.20512028360027,75.80172679636722,76.56383315611197,348100
2022-10-13,77.48394012451172,78.15310095551905,74.63068757923959,74.91879878803775,268900
2022-10-14,76.48017120361328,78.2181482192732,76.19206005900058,77.79061884948393,257100
2022-10-17,77.48394012451172,78.4319232864986,77.25159054561091,77.47464415594668,353800
2022-10-18,78.04157257080078,78.55273735636695,77.4932239134163,78.03227660284621,370800
2022-10-19,77.9950942993164,78.25532465765112,76.95417286597754,77.87427508744543,313900
2022-10-20,76.68464660644531,78.25532472510383,76.25712429013471,78.25532472510383,216600
2022-10-21,78.03227233886719,78.3017986688542,76.64747100063687,76.80546699350131,193100
2022-10-24,78.30181884765625,78.96169089150645,78.01370759927377,78.30181884765625,280300
2022-10-25,79.82600402832031,80.22564550389446,78.078738113883,78.32037651995485,293900
2022-10-26,80.18848419189453,80.904124853734,79.88178105110619,80.13272256293168,337700
2022-10-27,81.26659393310547,82.13093468159789,80.86695235927034,80.86695235927034,277900
2022-10-28,82.47480010986328,82.56773851828075,81.33164421391089,81.66622815681063,176800
2022-10-31,82.82797241210938,83.59936755033445,82.30750458410417,82.71644207237703,336500
2022-11-01,82.45621490478516,83.16255956901958,82.27962696604004,83.0417332569325,292700
2022-11-02,81.48963928222656,83.16255897752899,81.2294089053453,81.5825776895776,367400
2022-11-03,85.02135467529297,86.0994529536082,82.55844790491689,83.6458421511022,635900
2022-11-04,86.61062622070312,87.5400244818005,85.5882824608992,86.99167582056512,498500
2022-11-07,86.5827407836914,87.14037829242163,85.6440466047024,87.14037829242163,333000
2022-11-08,86.49909210205078,87.82813184105316,85.50463628970255,86.73144165718584,348600
2022-11-09,85.53251647949219,86.6013258434863,85.03993656070902,86.06227317771597,231000
2022-11-10,87.70732116699219,88.04190512623194,86.01581652450072,87.49355643552097,286300
2022-11-11,86.02509307861328,88.01400461208804,85.70910110168056,87.97683492482744,286900
2022-11-14,86.28533172607422,88.06978178812281,85.93216293719541,86.15521653592171,257500
2022-11-15,87.75379180908203,87.87461813445518,86.42475186520505,86.75933584343609,327300
2022-11-16,87.35413360595703,88.49729649583269,87.17755277214357,88.00471659126882,227600
2022-11-17,87.3634262084961,87.883886904104,85.92285623790899,86.57343919816405,288100
2022-11-18,88.60883331298828,88.60883331298828,87.50285412281539,88.20919883850107,651800
2022-11-21,89.10142517089844,89.73341635241499,88.59954919521644,88.66460679813373,231000
2022-11-22,91.02526092529297,91.17396094838715,89.33375650446717,89.45457571640277,336700
2022-11-23,91.07173156738281,91.3970195332879,90.37468288726654,90.59774357024077,202300
2022-11-25,91.72233581542969,91.81527424280293,91.10892943142082,91.34127904522767,99900
2022-11-28,90.71855926513672,91.98254138991213,90.17021063755617,91.4527846972302,174200
2022-11-29,89.8821029663086,91.23902354622366,89.8821029663086,90.54197486601583,236700
2022-11-30,91.05315399169922,91.12750755862662,89.22223817790405,89.82634850038289,415400
2022-12-01,91.12751770019531,92.01044336079292,90.55128812849912,91.29480969902664,227200
2022-12-02,93.35803985595703,93.7762732712952,90.83937176014648,90.83937176014648,451600
2022-12-05,92.48442077636719,92.67029758792526,91.527141724426,92.43794802810476,242200
2022-12-06,91.0345687866211,92.97701509445169,90.37469678552223,92.2799663071399,347500
2022-12-07,92.1033706665039,92.6238385393457,91.2204451124854,91.2204451124854,178000
2022-12-08,92.01972961425781,92.44725199040865,91.37844250465834,92.10337205946828,149500
2022-12-09,91.32268524169922,92.28926039125096,91.01598207976757,91.90820365841223,200300
2022-12-12,92.00114440917969,92.01044037846546,90.89516514957073,91.60150281885547,190200
2022-12-13,92.72605895996094,93.27440760682737,92.2055982164233,92.83758930103865,372900
2022-12-14,92.93052673339844,93.82274818043929,92.44724277528097,93.08852982095704,222700
2022-12-15,91.46208953857422,92.24278070216786,90.87656407513273,91.99184628265455,298300
2022-12-16,91.05315399169922,91.29479953884004,90.17951730716838,90.75574681473606,565600
2022-12-19,90.27245330810547,91.50855473494201,89.78916931748503,91.27620516256279,248500
2022-12-20,90.59774780273438,91.09961663600777,89.77987277511158,90.16092947493514,139900
2022-12-21,92.05690002441406,92.08478083755391,90.85797542417907,91.1275017691075,326200
2022-12-22,91.48067474365234,92.09407393306302,90.07728132844927,91.73160916415074,247600
2022-12-23,91.88961029052734,92.13124873744908,91.14608883189362,91.49925762483426,147600
2022-12-27,92.42865753173828,92.8468910186206,92.04760791826375,92.11266551523482,130200
2022-12-28,91.16468048095703,92.64242754031758,91.06245318624336,92.38219713759916,123300
2022-12-29,91.91361236572266,92.40041996129936,91.3706294434853,91.3706294434853,167200
2022-12-30,91.67957305908203,92.03531681327809,91.20212204342674,91.44552942390031,228400
2023-01-03,91.18340301513672,92.035318145458,90.2191443670219,91.72638597080459,332400
2023-01-04,91.78254699707031,92.4565937663484,91.14594806413483,91.52977588736879,207300
2023-01-05,90.79021453857422,91.38936570251965,90.18169962887941,91.2957425299164,280300
2023-01-06,92.60638427734375,92.88723949782214,90.8744627975803,91.53914586743785,171800
2023-01-09,91.57659149169922,92.3723384072175,91.20212025426568,92.3723384072175,258200
2023-01-10,92.45660400390625,92.5314925424393,91.80127750901408,91.80127750901408,152200
2023-01-11,92.9621353149414,93.43022258814365,92.35362043128951,92.4566002027896,213300
2023-01-12,93.97320556640625,94.78768005519797,92.59703487785168,93.11192663219039,275500
2023-01-13,93.75789642333984,94.27278821622636,93.21491339016114,93.81406461903211,256600
2023-01-17,97.7740707397461,98.27024210060013,94.53490770511786,94.78767168694061,603500
2023-01-18,95.7706527709961,98.52300090286515,95.60214107782497,98.01746582335177,512600
2023-01-19,95.93917846679688,96.6225819415259,94.75959644243522,95.70513481114669,355800
2023-01-20,95.63023376464844,96.5570445891671,95.19959431949385,96.47279230623138,363300
2023-01-23,94.75022888183594,96.17321825067131,93.73915861594428,94.72214478707983,405100
2023-01-24,94.87191772460938,95.302564267809,93.60808361376012,95.09660474082946,189400
2023-01-25,95.96725463867188,96.09831850361839,94.3851173715311,94.87192499241175,235800
2023-01-26,96.10768127441406,96.80981217627,95.67703470259093,95.86427389521944,306800
2023-01-27,94.8906478881836,96.12639794244399,94.8532000510915,96.07958636046773,147200
2023-01-30,94.9561996459961,95.48981893670927,94.39449625721056,94.92811554792374,194400
2023-01-31,96.23875427246094,96.23875427246094,95.00300405360198,95.33066374374535,216600
2023-02-01,96.1170425415039,96.37917028145927,95.30257522699192,96.15449038184684,438900
2023-02-02,94.77831268310547,96.39789785266376,94.16979777630802,95.733214756528,268700
2023-02-03,95.71449279785156,95.7332202903437,94.43193811752128,94.89066168933927,326200
2023-02-06,95.06853485107422,95.98598197246885,94.43193582824213,95.4242786328983,321900
2023-02-07,94.2540512084961,95.0685256143296,93.27106510291927,93.66426383061687,443100
2023-02-08,94.57234954833984,96.61321034548502,93.80468670587854,93.80468670587854,383700
2023-02-09,91.5953140258789,95.24639617872997,90.60297129407058,94.76895230348914,603000
2023-02-10,92.52213287353516,93.20553629809383,91.52042638658799,91.89489763662651,296500
2023-02-13,92.75617980957031,93.19618300832472,92.57830435242825,93.03702790024985,225600
2023-02-14,92.31617736816406,92.72809647547436,91.40808686838197,92.67192114292138,236600
2023-02-15,92.39107513427734,92.43787957960784,91.38000483485797,92.29745195872535,196500
2023-02-16,92.45660400390625,92.67192015866227,91.49234532425783,91.49234532425783,442300
2023-02-17,92.74681091308594,93.46766216248714,92.45659909276719,92.53148762732226,262900
2023-02-21,93.29916381835938,93.58937565801162,92.45660525209199,93.01830858212179,302600
2023-02-22,94.09490966796875,94.93746822411948,93.73915875401329,93.73915875401329,302800
2023-02-23,94.88129425048828,95.6208730413399,94.06682691991962,94.6098027594836,362300
2023-02-24,95.24639129638672,95.57405094174972,94.7221358638059,94.94681574313417,396800
2023-02-27,94.2072525024414,95.69577391071192,93.91704064638782,95.49917809121314,239700
2023-02-28,93.05575561523438,94.3383102315527,93.0276715203435,94.1323578215379,377400
2023-03-01,94.46939086914062,94.62853885136553,92.66257344182472,92.8404417750689,368200
2023-03-02,93.776611328125,94.56300173437545,93.32725150379244,94.52555389194013,209000
2023-03-03,94.02935791015625,94.35701751779455,93.13998795520229,93.98254633373202,155800
2023-03-06,92.42851257324219,93.8702150341997,91.6889338527826,93.50510754646511,459700
2023-03-07,91.25829315185547,92.5782954791563,90.70594648430237,92.49404320276126,258100
2023-03-08,91.25829315185547,91.86680086122732,90.87445817953702,91.48297303135345,169100
2023-03-09,91.27702331542969,92.06340654946577,90.66850839817108,91.44553502878675,293300
2023-03-10,89.76041412353516,91.20212380113352,89.28297024112318,90.93999606746928,211400
2023-03-13,89.00212097167969,89.79786797138844,88.6931816324277,89.01148471777853,235900
2023-03-14,91.05235290527344,91.25831248112245,89.96638682986816,90.50000612072873,286400
2023-03-15,88.9740219116211,89.9382804667063,88.21572288139765,89.83530070427543,269900
2023-03-16,90.06935119628906,90.79956619113055,88.64636904511656,88.79615325671345,322300
2023-03-17,90.43446350097656,92.20383289559223,89.29232936425211,89.5263730105499,837800
2023-03-20,92.1102066040039,93.05574482959375,90.8744565749184,91.00552043084834,276600
2023-03-21,93.34596252441406,93.36469001498284,92.12893990790569,92.77489548363005,463700
2023-03-22,91.55787658691406,93.72043757654788,91.52042874670002,93.40213450595104,372100
2023-03-23,91.76382446289062,93.09319772628342,91.28638059424057,91.79191569849786,657400
2023-03-24,93.78597259521484,93.81405669068755,91.08979229315312,91.69830007491635,238600
2023-03-27,93.90766906738281,94.94682341409286,93.73915735866105,94.55363180789045,328200
2023-03-28,95.08724975585938,95.42427316879245,93.90766781059362,94.18852303551954,290300
2023-03-29,95.31192779541016,96.05150654037296,94.54426495699035,95.4336350569838,275000
2023-03-30,94.92809295654297,95.88298777598395,94.34766221221176,95.34936861226367,223500
2023-03-31,95.90859985351562,96.57796990995934,95.13552386790924,95.33350595281715,307600
2023-04-03,96.64395904541016,97.10591722014074,95.90859499789353,95.90859499789353,301100
2023-04-04,95.3429183959961,96.89849997522751,94.68297818313857,96.89849997522751,253700
2023-04-05,96.05000305175781,96.12542684763636,95.07894505645096,95.45605684303464,281200
2023-04-06,95.85202026367188,96.77594377423566,95.74831434331853,96.28569629750908,228400
2023-04-10,95.88031005859375,96.05943978858964,95.18265787816125,95.59748159275821,204900
2023-04-11,95.73889923095703,96.50254543784098,95.47491592677076,96.11600385131827,262300
2023-04-12,95.7483139038086,96.57796126282713,95.5126199391436,95.70117942656098,269700
2023-04-13,100.14166259765625,100.82988501344266,96.89851102673276,97.80357507593729,832700
2023-04-14,99.06689453125,100.85817020210588,98.79348865371011,99.93424664377075,433600
2023-04-17,98.77462005615234,99.41570790509664,98.26552744013982,99.34029130560398,281400
2023-04-18,99.01032257080078,99.19888206785305,97.86956458666957,98.77462859409245,214400
2023-04-19,99.52885437011719,99.82111260591864,99.02918427943361,99.3403020617568,238100
2023-04-20,99.12345123291016,99.40628686200725,98.76519900315482,99.33086306854018,164500
2023-04-21,98.83119201660156,99.47227986891777,98.37865645322181,99.47227986891777,211100
2023-04-24,99.3874282836914,100.08508759083269,98.39751795784323,98.67092381721336,180000
2023-04-25,97.86014556884766,99.11403210404639,97.61502181016108,99.11403210404639,196100
2023-04-26,98.02983093261719,98.29380700599343,97.34160143319323,97.44530734670656,233900
2023-04-27,99.51942443847656,99.88710647416083,97.69986661373748,97.98270226863745,288300
2023-04-28,100.09451293945312,100.25478311195613,98.91604309550324,99.46285482937017,298200
2023-05-01,100.245361328125,101.112713413886,100.20764942968202,100.40563150190079,258300
2023-05-02,99.63255310058594,100.06622913273578,98.312665458977,100.06622913273578,345500
2023-05-03,103.65821838378906,105.87374773933902,100.93359631761278,102.76258406038677,1004200
2023-05-04,102.30061340332031,103.39422969081392,101.08443164724947,103.39422969081392,344700
2023-05-05,102.19691467285156,103.23396678187005,101.97065045827527,102.7342966779763,346500
2023-05-08,102.1874771118164,103.073688741184,101.85750699220374,102.59287102814316,368300
2023-05-09,102.20633697509766,102.23461910075106,101.15985516906662,101.87635966165013,285400
2023-05-10,103.63934326171875,103.69590750762706,101.81978569264707,102.23460934346397,533100
2023-05-11,103.35652160644531,103.56393345986793,102.44203500524206,103.27167522612304,359400
2023-05-12,103.30938720703125,103.4696573874163,102.31946961230577,103.4696573874163,339900
2023-05-15,103.9033432006836,104.04476104074797,102.25348518315627,103.46966709921364,496800
2023-05-16,103.27166748046875,104.28043735233777,102.96997949615677,103.3565138544273,606900
2023-05-17,103.62992095947266,103.79962090223809,102.68714509806667,103.2810984941502,570900
2023-05-18,104.90267181396484,105.35520741332799,102.91342127124095,103.35651990475552,508100
2023-05-19,106.0622787475586,106.30740247242827,104.94980300276075,105.31748499366093,433000
2023-05-22,105.09123229980469,106.96735435495255,104.95924424725013,106.31683667249835,372500
2023-05-23,103.92218017578125,105.07236061620755,103.73362069904931,104.74239052293736,265700
2023-05-24,103.3659439086914,104.73296601790466,103.15853207025984,104.04474367344602,306000
2023-05-25,102.31947326660156,103.07369690788246,102.07434950426382,102.90399694823475,311300
2023-05-26,101.40496826171875,102.55515595112684,100.76388039513763,102.34774411299634,499400
2023-05-30,99.70797729492188,100.83930545351237,99.54769993166086,100.83930545351237,319800
2023-05-31,98.6143569946289,99.92481491081158,98.29381664347481,99.67969835739112,374200
2023-06-01,99.48170471191406,99.58541063103138,98.28438254502642,98.45408248605392,474400
2023-06-02,101.35784149169922,101.5841056992236,99.61370747278025,99.61370747278025,261800
2023-06-05,99.98138427734375,100.88644825290739,99.52884869315739,100.6224721591358,269200
2023-06-06,100.367919921875,100.50933774328253,99.26487386195285,100.1133735975888,359900
2023-06-07,100.82988739013672,101.25414089348291,99.74570077591943,99.80226503257498,253200
2023-06-08,100.35848999023438,100.72617200962664,99.6891199756277,100.72617200962664,197400
2023-06-09,100.75446319580078,100.84873934740116,99.5948456719691,100.00966937038194,197000
2023-06-12,100.99015808105469,101.34841033748745,100.46219868027926,100.86759260934159,338800
2023-06-13,101.42383575439453,101.96121774402022,100.84874186462554,100.99958227238932,353400
2023-06-14,101.61238098144531,102.75313890825143,101.169275176651,101.53695718641458,390400
2023-06-15,100.66017150878906,101.83864128814685,100.21707291370986,101.6406592283518,423100
2023-06-16,100.58476257324219,101.02786839489143,99.87768065175322,100.99015649594156,752600
2023-06-20,99.11402893066406,100.51877021682927,98.84062305334619,100.36792261852588,391500
2023-06-21,97.79415130615234,99.11403186635413,97.48303352004352,99.10460928578811,449300
2023-06-22,99.01974487304688,99.08573889383375,97.60558111949223,98.15239283047414,336800
2023-06-23,98.1806640625,99.19886357837406,98.15238194141594,99.01973388776436,321800
2023-06-26,97.75643157958984,98.36923013656482,97.38874956828124,98.0864016932246,313300
2023-06-27,98.32209014892578,98.60491857641577,96.87021453748963,97.69985466139232,315800
2023-06-28,98.48236846923828,98.68978031559917,97.11534630776399,97.62444615079275,275000
2023-06-29,98.75577545166016,98.95375752737601,97.14362952699452,98.23724582992152,260900
2023-06-30,100.56876373291016,101.10032608366237,99.20190670414999,99.28733210011833,322500
2023-07-03,101.09083557128906,101.72680434809578,100.21756436356384,100.41689753650793,158300
2023-07-05,102.3627700805664,102.87534418513357,100.45486380688864,100.45486380688864,422800
2023-07-06,101.52747344970703,102.62856022994681,101.12880709488738,102.03055345582169,272500
2023-07-07,101.79324340820312,103.1506135316479,101.52746585819632,101.52746585819632,400300
2023-07-10,102.46717834472656,103.18857970310584,101.86917887508676,101.90714812993777,248000
2023-07-11,103.16960906982422,103.40691150508141,102.75195446636496,103.00823791000866,217800
2023-07-12,103.89099884033203,104.50798659413921,102.94178913967338,103.46385737179375,386000
2023-07-13,103.24552917480469,104.41306021638526,103.21705404435794,104.24220219180992,273200
2023-07-14,103.00823211669922,103.45436182859515,101.6508619736924,103.45436182859515,235500
2023-07-17,103.67268371582031,103.8340476254006,102.25836330251359,102.51464673291196,213700
2023-07-18,103.6536865234375,105.04902580895096,103.5777552584714,104.28966246602768,286000
2023-07-19,102.57159423828125,104.13779163628902,102.28683568348576,103.99540873794376,400400
2023-07-20,103.41638946533203,103.64420499768735,102.86585336687747,103.49232797611714,359600
2023-07-21,103.89099884033203,104.47951146182271,102.98925252146442,103.55877689348056,265800
2023-07-24,104.23271179199219,104.43204495413656,103.20757084980613,103.74862007331087,235100
2023-07-25,104.20423889160156,104.40357205801378,103.53030087890448,103.83404769085098,226100
2023-07-26,105.11548614501953,105.23888804787015,104.07135686385175,104.1472953822374,312300
2023-07-27,103.82455444335938,105.45719628707597,103.76760417873052,105.29583237603069,312400
2023-07-28,104.84970092773438,105.21039800092343,104.2327131841544,104.62189263108314,226600
2023-07-31,105.60906982421875,106.02671715418325,105.21989038373235,105.42871766966212,327300
2023-08-01,106.36843872070312,106.49184061890149,105.18192657276776,105.35278461174627,263100
2023-08-02,106.00774383544922,106.5392989713524,105.60907748352184,105.90333018491174,252700
2023-08-03,105.23887634277344,106.00773384069953,104.94461642723174,105.72296804937399,271700
2023-08-04,103.96692657470703,105.84636477357697,103.86251293910901,105.63753750238092,474500
2023-08-07,104.03338623046875,105.32431205839005,103.53030622612653,105.20091739906508,445000
2023-08-08,95.89865112304688,99.14494643342903,93.9242932853579,98.58491620820008,1168300
2023-08-09,95.92713165283203,97.00923015052446,95.60440382526203,95.92713165283203,628100
2023-08-10,94.90198516845703,96.69599084981782,94.40839208888448,95.94611434800588,575700
2023-08-11,93.68699645996094,95.03487976609672,93.34528038143586,95.02538564116674,505100
2023-08-14,93.58258819580078,93.962273553996,92.61439741220403,93.78192862132256,612800
2023-08-15,92.60489654541016,94.17109400776675,92.55744040527532,93.39274233898101,485400
2023-08-16,92.813720703125,93.46867769515468,92.54794315328544,92.54794315328544,424100
2023-08-17,93.49714660644531,94.21854793794127,92.99406667173305,92.99406667173305,499200
2023-08-18,94.76909637451172,95.19624509998539,93.50665293202495,93.50665293202495,416500
2023-08-21,95.3291244506836,95.88915466226693,94.49382257442723,94.49382257442723,524500
2023-08-22,95.6233901977539,96.0600258229067,94.7880882072741,95.16777356363613,408800
2023-08-23,96.56310272216797,96.69599149635026,95.12029997119592,95.537954542566,489900
2023-08-24,96.39225006103516,97.39841004785445,96.24986715451091,96.74345302298015,357900
2023-08-25,97.75910186767578,98.1198061770226,96.44919513039777,97.09465799555542,402800
2023-08-28,97.6167221069336,98.31914249935036,97.26551915262051,97.90148791379394,253500
2023-08-29,97.76860046386719,97.98692188434669,96.92380439843394,97.73063120631008,228700
2023-08-30,97.59774780273438,98.37609952079805,97.48384002378756,98.04387755123962,401500
2023-08-31,97.68318176269531,98.41407010556507,97.4458793181161,97.64521250253513,297600
2023-09-01,97.43635559082031,98.40454608412689,97.27499171558483,98.17673783427128,223600
2023-09-05,95.48100280761719,97.0851695610462,93.29782478420321,96.87634226274237,938300
2023-09-06,95.35759735107422,96.28782596310711,94.83553640633389,95.509474366057,538700
2023-09-07,94.49382781982422,96.09798727624938,94.18058688312937,95.62338242982514,587100
2023-09-08,94.8165512084961,95.46201405914633,94.6267121755557,94.70264344359491,453200
2023-09-11,95.78475189208984,96.26884361274006,94.88299835465091,95.48099784351622,325000
2023-09-12,95.64237213134766,96.61056284631991,95.45252584475824,95.79424191872383,287600
2023-09-13,93.98125457763672,95.803735466547,92.68083467943865,95.48100040223636,402900
2023-09-14,94.14260864257812,94.56026318498213,93.69647897080921,94.26600328379088,330600
2023-09-15,93.83887481689453,94.28500455026548,93.31680656680182,94.01922698363484,701300
2023-09-18,94.59823608398438,94.88299463050272,93.73445183652059,94.16159327724554,319800
2023-09-19,94.53178405761719,95.14877176864222,94.07616748835501,94.67416695122216,315000
2023-09-20,94.94944763183594,96.63903978361111,94.25652858805624,95.1297997969902,523700
2023-09-21,95.15826416015625,95.71829435840583,94.12362915312782,94.55077058427091,410400
2023-09-22,94.50331115722656,95.31963204180299,94.49382427481856,94.88299646850083,366700
2023-09-25,93.46868133544922,94.38941591317801,93.4117310702356,93.69648963819905,280500
2023-09-26,93.2029037475586,94.22804473057587,93.04153259300901,93.11747110786818,274600
2023-09-27,92.43404388427734,93.75344487221865,92.3675994907082,93.36427263614105,259100
2023-09-28,93.35477447509766,93.6680154206233,92.50048427907109,92.56692866976786,334100
2023-09-29,94.14891815185547,95.78504174278268,93.54613078165829,94.54120150884813,376200
2023-10-02,92.6467514038086,93.99583277789769,91.73778893068632,93.76620330354432,410800
2023-10-03,91.85260772705078,92.65631454076356,91.61340822776158,92.19705559001036,394800
2023-10-04,92.24488067626953,92.28314616498481,91.10628894260765,91.56554780507113,256100
2023-10-05,90.95320892333984,93.11557428987652,90.84796056701799,92.55106701486744,300000
2023-10-06,90.17820739746094,90.98191417699843,89.31708777667855,90.8766731175925,357800
2023-10-09,90.92450714111328,91.05845826883458,89.65196412797192,89.65196412797192,226200
2023-10-10,90.55135345458984,91.72821809366768,90.36955951608635,91.46987857055338,332300
2023-10-11,89.76679229736328,91.22112211397656,89.18314490588163,90.97235987810454,439300
2023-10-12,87.2886734008789,89.87202474502385,86.22662717500435,89.84332197672266,490100
2023-10-13,87.69053649902344,87.94886874222306,87.01121080786518,87.60442088476404,350200
2023-10-16,88.58035278320312,88.63775832220995,87.87231706977119,88.21676490338976,241900
2023-10-17,89.6041259765625,89.69023428479944,87.92972962948232,88.37942581637863,379700
2023-10-18,88.78128051757812,90.51308242942349,88.59948657552536,89.67110288163231,485600
2023-10-19,86.81983947753906,88.78127809415977,86.72416114741361,88.5899141341202,551800
2023-10-20,86.5423812866211,87.57572493954423,86.31275179701257,87.11646596032719,332200
2023-10-23,85.82477569580078,87.02077316814912,85.72909735797077,86.16922355182024,317500
2023-10-24,87.98714447021484,88.12109560815934,85.67169502884356,86.26491242530452,492100
2023-10-25,88.63776397705078,89.06832014664788,86.80071361374561,87.91059547082152,484300
2023-10-26,89.37450408935547,89.89116858210377,88.15936654955681,88.89610509253791,454100
2023-10-27,88.66646575927734,89.70937933813131,88.29331513651204,89.19270756050493,331800
2023-10-30,89.44147491455078,89.99641217359533,89.09702707112231,89.09702707112231,221800
2023-10-31,89.53715515136719,90.20691080571518,89.23098009512394,89.93900854397599,332000
2023-11-01,89.0491714477539,89.41275198584619,87.64267750598934,89.19269257850726,345900
2023-11-02,90.79056549072266,90.96278943002638,89.23098731243167,89.55629514234437,294800
2023-11-03,91.74735260009766,92.06309766783326,90.67573629435356,91.51772314164852,284700
2023-11-06,91.489013671875,91.94827255514075,90.96277193085348,91.53684918482983,373900
2023-11-07,97.43073272705078,98.54061450448008,92.04395583295461,93.87144334119813,664500
2023-11-08,95.69893646240234,98.3492711131504,95.68937373787958,97.31592748109433,474300
2023-11-09,97.02887725830078,97.47856613352472,96.18689044558339,96.31127884280131,378700
2023-11-10,97.96654510498047,98.64587079838913,96.63659648974827,96.96190430076538,426300
2023-11-13,97.8230209350586,98.82766170833837,97.42116754566231,98.07179044745162,290600
2023-11-14,98.722412109375,98.82766046715064,98.10049198609777,98.48321262348291,367900
2023-11-15,99.06685638427734,100.44464770931496,98.8467896532771,98.8467896532771,426400
2023-11-16,98.3492660522461,98.83723507001626,97.8038914911345,98.67457386423331,257800
2023-11-17,98.722412109375,98.93290882492629,98.07178921575695,98.56932093450534,203700
2023-11-20,98.55975341796875,99.03815236648845,98.39709222763268,98.65543174771496,214000
2023-11-21,98.65544128417969,99.30606420905006,98.14833951769631,98.74154959933828,292400
2023-11-22,99.74618530273438,99.80359084323513,98.74154454523729,99.0764296642623,256900
2023-11-24,99.39216613769531,99.96625073435517,99.27735505819444,99.70791120590046,110300
2023-11-27,99.1816635131836,99.65049239153267,98.87548120919801,99.37302015338666,199400
2023-11-28,98.33010864257812,99.5165431939355,98.31097589810567,98.8946231516541,264500
2023-11-29,96.81838989257812,98.49278635689406,96.54091760251677,98.02395009103732,316100
2023-11-30,98.06221771240234,98.20573886172934,96.6365908419423,96.9236331405963,443200
2023-12-01,100.05236053466797,100.35853558421347,98.05265633915272,98.05265633915272,339000
2023-12-04,101.20050811767578,101.9946521065878,100.00451077285231,100.03322084095039,408200
2023-12-05,100.87520599365234,101.34403493514078,100.30112869594156,100.81780045381792,228000
2023-12-06,101.18138885498047,101.59281228841547,100.48292310062266,101.00916492238467,283700
2023-12-07,101.52583312988281,102.09034042800154,100.73168906323077,101.43971751673553,204400
2023-12-08,101.53539276123047,102.32952944681232,100.15760149020618,101.58322827493699,232900
2023-12-11,102.13818359375,102.51133421914918,101.554536246374,101.57367629371147,215500
2023-12-12,102.32952880859375,102.67397662420154,101.17180426716307,102.252990527183,226500
2023-12-13,104.43450164794922,104.58758552984236,101.98509383955506,102.11905227342189,428400
2023-12-14,103.7264633178711,105.48696794106147,103.43942102940854,104.59714560657389,562700
2023-12-15,101.86070251464844,103.33417214153006,101.76502418558621,103.12367543772004,916500
2023-12-18,102.22428894042969,102.90362190519753,101.21008545465693,102.09990783550309,254000
2023-12-19,102.79837799072266,103.52553920450985,102.55917849413201,102.55917849413201,245600
2023-12-20,102.0137939453125,103.3533051552316,101.8511327557178,102.22428334987934,340600
2023-12-21,103.1141128540039,103.16195567188092,101.9755282463802,102.68355669226733,258300
2023-12-22,103.84127807617188,104.66412487917238,103.2193579623056,103.78387253635891,256200
2023-12-26,104.47277069091797,104.98944246085448,103.64035384494429,103.86998330943084,148900
2023-12-27,104.05177307128906,104.29097254961387,103.5446713452067,104.18572419516785,188000
2023-12-28,104.1474609375,104.55888436987658,103.62122641688123,103.62122641688123,175100
2023-12-29,104.59075927734375,105.12079924265497,104.12818562804995,104.17636640059376,252500
2024-01-02,105.70866394042969,105.94958987166234,104.13782216320821,104.13782216320821,285000
2024-01-03,104.08963775634766,105.2942673704766,103.81980189917888,105.149710346286,358000
2024-01-04,102.98136901855469,104.67748944181282,102.91391005951758,104.50402249679239,323200
2024-01-05,102.59589385986328,103.63669560869127,102.28750897344858,102.57662302117046,464700
2024-01-08,103.01992797851562,103.27049300158757,102.54771521972587,102.79827289032201,223300
2024-01-09,103.2704849243164,103.52104257531525,102.18149511256863,102.79826484998542,270400
2024-01-10,103.68487548828125,104.97624224384302,103.37649060452368,103.61741652472415,383500
2024-01-11,105.2653579711914,105.32317784017127,103.37649225645762,103.57887650283858,373700
2024-01-12,105.87248992919922,106.38325171794719,105.2653592401645,106.00740786009582,268600
2024-01-16,105.5448226928711,105.85320757314156,104.91842118941345,105.80502680113163,279500
2024-01-17,106.10377502441406,106.53744609732281,105.23644023107227,105.23644023107227,286800
2024-01-18,106.08450317382812,106.68199475161697,105.42918437538427,106.00740511460518,274600
2024-01-19,105.90139770507812,106.39288864473929,104.66785816061343,106.39288864473929,214600
2024-01-22,105.47736358642578,106.20978043324898,104.80277395940143,105.32317482273828,312600
2024-01-23,105.14971160888672,106.31579220706834,105.00515458296032,105.97849738155725,437900
2024-01-24,103.42467498779297,105.14970539631612,103.30902790338949,105.0822464351996,476500
2024-01-25,104.49439239501953,104.49439239501953,103.47286882669238,103.99326970654086,448200
2024-01-26,105.30389404296875,105.51591002124246,103.93543663180697,104.93768930479844,392200
2024-01-29,104.25347137451172,105.70866608740565,104.14746337441822,105.70866608740565,368900
2024-01-30,105.29428100585938,105.45810889000211,104.19565924370266,104.39803616278662,325500
2024-01-31,103.66560363769531,105.1882572030911,103.5499565502369,105.09188830644685,266000
2024-02-01,107.04820251464844,107.0674733524347,104.29200950526608,104.58111618691211,481300
2024-02-02,107.1831283569336,107.73243918037552,106.335064382163,107.28913635377992,391500
2024-02-05,106.57598114013672,107.22166816149692,106.03630945897615,106.56634939759829,521400
2024-02-06,105.72793579101562,108.66723512115564,103.50178251792742,105.32318198726796,1031900
2024-02-07,106.6627197265625,107.86734928285613,105.62191802533071,105.76647504258102,654700
2024-02-08,105.48700714111328,107.37586552910565,105.43882636713221,107.11566876267554,378000
2024-02-09,104.23419189453125,105.3135352933218,104.07999577900377,105.04369944362418,305900
2024-02-12,105.11116027832031,105.75683998052291,103.85834255100804,104.1378175010231,420400
2024-02-13,104.44620513916016,104.76422912712948,103.99327057285706,104.41729520434036,391200
2024-02-14,106.76873779296875,106.82655766433601,104.46548645214341,104.8316912249294,519800
2024-02-15,110.73920440673828,110.75847524716477,107.98301101974293,108.98525647639913,476400
2024-02-16,110.02603912353516,110.71026780268663,109.56346550923772,110.623538007184,309700
2024-02-20,111.65470886230469,111.83781491414815,109.70802331289958,109.92003929872347,453300
2024-02-21,111.01866149902344,112.09801227241479,110.28625199268079,111.70289758510832,318400
2024-02-22,110.54645538330078,110.70065151123826,109.58275164111964,110.70065151123826,557000
2024-02-23,110.79701232910156,111.73180606719308,110.31516049317608,110.64281621241716,315600
2024-02-26,110.45972442626953,111.39451087037813,110.41153629867149,111.01866700303654,254100
2024-02-27,110.9801254272461,111.7125349705815,110.31516749864916,110.3440774342445,379000
2024-02-28,112.1172866821289,112.40640073764044,110.42117343738721,111.01866503514646,350900
2024-02-29,113.36046600341797,113.86159605549936,112.38713053942783,112.75333530635201,585900
2024-03-01,112.87860870361328,113.75558257625718,112.37748602815644,113.63030374551185,329500
2024-03-04,113.09062194824219,113.77485065799716,112.5027621330699,113.13881007177122,387900
2024-03-05,112.4738540649414,114.04468839486454,112.32929704443272,113.15808278604199,325000
2024-03-06,112.10765075683594,113.28337042176065,111.89563477103304,112.98461728154949,457500
2024-03-07,112.06910705566406,113.38938380572431,111.88600099513302,112.51240988683972,459800
2024-03-08,113.20626831054688,113.39900609848183,112.04981952551115,112.04981952551115,343400
2024-03-11,113.350830078125,114.06396874634147,112.90752726531608,112.90752726531608,426500
2024-03-12,113.64958190917969,113.6592210052354,111.83782153193512,113.64958190917969,392200
2024-03-13,112.75333404541016,114.51691359891974,112.40640012168775,113.90977555616763,532000
2024-03-14,111.2210464477539,112.75333178643248,110.64281835148397,112.63768469668337,386900
2024-03-15,110.58499145507812,112.25220196874922,110.00677074803026,110.71990937497344,1765100
2024-03-18,111.18250274658203,112.31967344995242,110.18988172173142,110.29588972096327,358300
2024-03-19,112.86898040771484,113.03280827272569,111.20176976546854,111.20176976546854,341800
2024-03-20,112.33894348144531,112.96535237627012,111.0572157562997,112.84006618581958,404800
2024-03-21,111.86672973632812,112.59913927075463,111.55834483960226,112.59913927075463,334400
2024-03-22,112.87860870361328,112.95570676213758,111.60652014786457,111.96309315418277,309700
2024-03-25,113.1388168334961,113.92905358026299,112.89789090640282,112.9653498718899,360600
2024-03-26,113.27372741699219,114.06396411250054,112.78223649890916,113.62066131770077,301100
2024-03-27,113.81340026855469,114.32416202968356,113.35082663120133,113.81340026855469,367600
2024-03-28,113.3574447631836,114.3954630163847,113.30894366431355,113.77459270052748,340600
2024-04-01,113.7260971069336,114.51188451943189,112.94030229307695,113.37685661218805,337500
2024-04-02,112.91118621826172,113.64847243855726,112.50374149179211,113.64847243855726,322400
2024-04-03,110.9903793334961,113.01790733736873,110.87396337389576,112.7171753600987,366200
2024-04-04,111.59185791015625,112.57167201144502,110.80607043362508,111.43664401170912,307000
2024-04-05,110.94187927246094,111.78587839070926,110.77696220150071,111.41723152461162,267000
2024-04-08,109.88444519042969,111.04858257144424,109.77773981349398,110.67023995798795,391800
2024-04-09,109.7486343383789,110.14638332699985,109.33148638996683,109.99116204323806,371500
2024-04-10,109.506103515625,110.02026845242783,108.87553742203141,109.91355567321949,455600
2024-04-11,108.54570007324219,110.3015983054357,108.32257872731525,110.05907059816663,273600
2024-04-12,106.85770416259766,108.46808421269012,106.61517646699546,108.07034264060862,316500
2024-04-15,106.83831024169922,107.70170834646247,106.41146648066402,107.11964328951719,285300
2024-04-16,108.18675231933594,108.2449639998074,106.23683495545477,106.95471486950021,755600
2024-04-17,107.96363067626953,109.15686280286653,107.32335400240152,108.8173255067356,388400
2024-04-18,108.97254943847656,109.32178992338655,108.15765250656722,108.65241109374938,249400
2024-04-19,110.2239990234375,110.41801823567873,108.84643597163415,109.00165726251394,360100
2024-04-22,110.89336395263672,111.43663103734747,109.92325314587379,110.5926319709748,223700
2024-04-23,110.91278076171875,111.5142447817016,110.14639226401786,110.61204135036854,180100
2024-04-24,111.65975189208984,111.84407531300704,110.37920592879128,110.37920592879128,194500
2024-04-25,111.05828857421875,111.96049192185752,110.74785341166337,111.85377914085178,201900
2024-04-26,109.90386199951172,111.31051980877545,109.81654817198962,110.79636222885642,296600
2024-04-29,111.6209487915039,111.63065197210253,109.61281968636692,110.2724953412667,325300
2024-04-30,111.16500091552734,111.71797121610918,110.94187956043928,111.62095420813152,202000
2024-05-01,110.8836669921875,111.20379792997645,110.2239913545626,110.61202975204712,264400
2024-05-02,111.8052749633789,112.13510909825443,110.61203536660807,111.46573764766636,266300
2024-05-03,111.13590240478516,111.84408661882412,110.31130961954334,111.82468025605111,200900
2024-05-06,111.96049499511719,112.20302270381328,111.04858844198522,111.76646838734533,199900
2024-05-07,113.08582305908203,113.19253584617282,112.50375802126948,112.72687937510767,358900
2024-05-08,114.90962219238281,114.95813069330298,109.37999354995705,113.74549218387995,806800
2024-05-09,116.38419342041016,116.41329556008289,114.16263880864227,115.42378580441971,439600
2024-05-10,116.6267318725586,116.92746387871527,115.03575061198987,116.41330629346984,426300
2024-05-13,117.74234771728516,118.52813507854303,117.02446041303297,117.38340406515906,580400
2024-05-14,114.59918975830078,118.30501283526819,114.05593006158041,118.23710537317814,544800
2024-05-15,114.14324188232422,114.58949196842309,113.18282684786976,114.58949196842309,438600
2024-05-16,115.32676696777344,115.60809998239463,114.34696040805171,114.51187746447721,403800
2024-05-17,116.05435180664062,116.35509118618322,114.75440689326125,115.41408253028663,317000
2024-05-20,114.69620513916016,116.20957564509581,114.64769663777169,115.95734476032048,254400
2024-05-21,115.25885772705078,115.27826408712895,113.6678766630985,114.94842257802003,320100
2024-05-22,114.78350830078125,115.18125727706983,113.85220283116054,114.7058976613067,334600
2024-05-23,114.133544921875,115.38498882779977,113.75520227605573,114.31786095358277,477500
2024-05-24,114.18204498291016,115.03574727449698,113.8813129854785,114.59919294774687,170000
2024-05-28,112.95970916748047,114.49247867764642,112.77538573848396,113.67758912044617,302100
2024-05-29,111.97989654541016,112.77538715227942,111.57245176170214,112.38734132911816,265000
2024-05-30,113.11492156982422,113.15372689128056,111.97989367231992,112.30003202331599,326600
2024-05-31,114.06563568115234,114.25965489088424,112.91120139957984,113.30895040129617,328200
2024-06-03,113.08582305908203,114.41487760653014,112.300035628103,114.19174885133343,263200
2024-06-04,111.49484252929688,112.91120351062428,111.44633402527775,112.69777793511382,234900
2024-06-05,112.38733673095703,112.48434633243872,111.02918010613882,111.31051313138646,341100
2024-06-06,112.7559814453125,113.11491770414004,112.03809412494138,112.39703778512694,312200
2024-06-07,112.47465515136719,113.50297029155684,112.08660932821837,112.36794236496729,252700
2024-06-10,111.88287353515625,112.49404063749371,111.44631926089444,111.94107781118147,259400
2024-06-11,111.55304718017578,111.85378658363874,110.33071280954339,111.52394503821196,315700
2024-06-12,111.49484252929688,112.98881415651144,111.32992545780556,111.87318517629865,368800
2024-06-13,111.3202133178711,111.68885275412985,110.55382490446964,111.1649920385887,324200
2024-06-14,110.48593139648438,111.1650060756986,109.81655249743113,110.92247834721368,286600
2024-06-17,111.88287353515625,112.40673422345589,110.43740320209784,110.52471701749323,376000
2024-06-18,112.29032897949219,112.8141897177539,111.80527356273413,111.80527356273413,399700
2024-06-20,111.13590240478516,112.88210498641628,111.05829915776951,111.69856850346173,448200
2024-06-21,112.04780578613281,112.17391753508267,110.92247362125633,111.55304716872273,2333900
2024-06-24,112.85299682617188,113.30895010936135,111.23291348487352,112.04780304527806,354700
2024-06-25,111.60154724121094,112.91119534001282,111.18439930145173,112.91119534001282,417900
2024-06-26,110.69934844970703,111.25231133197914,110.3792100964552,110.7381537714368,529400
2024-06-27,111.37842559814453,112.32913749865176,110.77696160111206,111.25231385068642,357200
2024-06-28,111.2717056274414,111.99928872631664,110.6605384888751,111.99928872631664,520400
2024-07-01,111.12519836425781,111.89683421761328,110.69543206200991,111.58427351959897,481500
2024-07-02,110.19728088378906,110.65635601828335,109.24982921507271,110.02146503338773,776100
2024-07-03,110.32425689697266,111.25217678991892,110.18751206256535,110.3926293141763,268100
2024-07-05,109.76751708984375,110.16798946115021,108.94704801502348,109.92380117192486,885100
2024-07-08,110.26566314697266,110.86148316809174,109.88473001242573,110.21682250837529,363500
2024-07-09,109.37681579589844,110.20705444336835,109.3279751599153,110.02146896907415,367500
2024-07-10,110.63682556152344,110.7833400238212,109.6014696114802,109.6014696114802,264500
2024-07-11,112.10194396972656,112.60009011046363,110.80286808024779,110.80286808024779,312300
2024-07-12,112.33638000488281,112.87358975725168,111.74055999710214,112.8149869538749,302500
2024-07-15,111.34984588623047,113.0591636958875,111.29124308883604,112.89311746858047,289300
2024-07-16,114.37779235839844,114.44616478080735,111.37916048640442,111.98475012205132,388000
2024-07-17,116.48757934570312,118.02108144823248,114.60244552330404,114.87593520497272,544300
2024-07-18,116.98571014404297,118.2164210801818,116.08709912173468,116.08709912173468,241100
2024-07-19,116.2629165649414,117.4838579007104,115.31546489605914,117.4838579007104,343100
2024-07-22,117.17130279541016,117.4545620930388,115.01267930524173,116.71222763897873,208900
2024-07-23,115.12012481689453,117.27874834593064,115.0029117582372,117.00525866109855,311300
2024-07-24,115.88198852539062,117.15177055086083,114.7587209570185,115.20802649396039,277900
2024-07-25,116.9368896484375,118.470391813404,116.32153038759344,116.33130000577508,350500
2024-07-26,118.39224243164062,119.3201623484484,116.99548519967577,116.99548519967577,278000
2024-07-29,118.52899169921875,119.1150420910843,117.27874887602957,118.08945576832835,241200
2024-07-30,120.8634262084961,121.1173841004377,117.46432960204262,117.93316691574357,312800
2024-07-31,121.47879028320312,122.34809997862526,119.74016344032381,121.11738893992396,337100
2024-08-01,120.47272491455078,122.55321380649742,119.2224821270713,121.79134757362928,434800
2024-08-02,120.16016387939453,121.40064449775454,118.94899211393795,120.25784515166967,328000
2024-08-05,117.22013854980469,118.45084205813096,116.08710140648068,118.43131027553741,491000
2024-08-06,124.97555541992188,127.6225628629488,120.92203604068952,122.49460911848719,594800
2024-08-07,123.43228912353516,127.13418418261782,123.05135601935835,125.55183406182482,634700
2024-08-08,123.813232421875,125.02440425149146,123.39322826576124,123.93043803155824,362200
2024-08-09,127.1439437866211,127.16348302092271,124.28205702825646,125.41508670061445,462300
2024-08-12,125.27835083007812,126.76301975775712,125.11230458680882,125.93277363734065,405100
2024-08-13,126.73370361328125,126.94859046876603,124.78996720127331,125.94253605630013,275900
2024-08-14,127.83746337890625,128.15001665228468,126.63604621391481,127.0658200058723,268400
2024-08-15,127.72999572753906,128.46256048754367,127.14393795790812,128.46256048754367,308700
2024-08-16,127.94489288330078,128.04255925005666,126.80209355417809,127.33929583150895,250500
2024-08-19,129.2830352783203,129.34163807711542,127.6225580614938,128.32582145517284,249900
2024-08-20,128.81419372558594,130.01559577337665,128.3648807762286,128.83371805515964,204900
2024-08-21,129.42953491210938,130.19140106124124,128.306274921588,129.52721617392342,245400
2024-08-22,128.970458984375,129.73234003270403,128.5504623502094,129.37093128955706,145200
2024-08-23,129.73236083984375,130.23049958204146,129.05839878011898,129.73236083984375,255500
2024-08-26,129.62490844726562,131.06072177024066,129.34164170638243,130.3379340260614,216400
2024-08-27,129.5662841796875,129.97653357012157,128.79465583953842,129.41977718600998,180500
2024-08-28,130.66026306152344,131.00211769545135,129.12675357928467,130.1621094544952,349400
2024-08-29,130.42584228515625,131.0802650838761,129.90816432640668,130.61142776170226,382800
2024-08-30,131.1876983642578,131.3244431936393,129.7616472727177,130.3965307868314,304900
2024-09-03,131.17794799804688,131.99841704813247,130.513748121261,131.39283487841263,243900
2024-09-04,131.50027465820312,131.6467816616153,130.21095341189775,130.8849154357329,386600
2024-09-05,131.7835235595703,132.82865650749346,131.6370165594265,131.92026839439427,322700
2024-09-06,132.08633422851562,133.24867294902427,131.50029123691283,131.50029123691283,285700
2024-09-09,132.58447265625,133.121674944059,131.2560878290907,132.0863190310217,387300
2024-09-10,132.3304901123047,134.02028350572104,131.80305005868217,132.97515065878488,336800
2024-09-11,131.32444763183594,133.14120894305657,129.95699929180714,132.3305021043005,355700
2024-09-12,131.7444610595703,131.96911009629716,130.47467906646887,131.3635279520468,239300
2024-09-13,131.4709930419922,132.2816851216297,131.1779640870017,131.8519262122583,257000
2024-09-16,131.56863403320312,132.3793408604563,131.22677940508095,132.08631196201665,347800
2024-09-17,131.0900421142578,132.633298920286,130.94352020457455,131.8616705172719,295600
2024-09-18,132.54539489746094,133.4537830457113,131.37329413874704,131.54910254572272,269900
2024-09-19,132.99468994140625,133.79561963855036,132.00815988849564,133.79561963855036,256300
2024-09-20,131.84213256835938,132.48679320748897,130.4160813529065,131.99841664525198,1322800
2024-09-23,131.90072631835938,132.83841581128817,131.236541393256,131.9105033875378,446500
2024-09-24,132.59423828125,133.17051905481415,131.57842157707032,132.01795750768585,269800
2024-09-25,132.04725646972656,133.49284691191295,131.81283035583022,132.75051990734585,406400
2024-09-26,134.31332397460938,134.45006882319683,132.2328498428197,132.2328498428197,462500
2024-09-27,134.17657470703125,135.1533278516504,133.54169112465686,134.58680923928287,228300
2024-09-30,134.23516845703125,134.49889596142992,133.32679524775799,134.40122959599765,342700
2024-10-01,133.64569091796875,134.7558892908231,133.1741084639491,134.4906176017276,317600
2024-10-02,133.59657287597656,134.20571586744995,131.9656803280623,133.18393632833534,412000
2024-10-03,131.8477783203125,133.58675847119463,131.16987004159552,132.93832316187078,195800
2024-10-04,132.7320098876953,132.87937473189822,132.03444797868147,132.40779223911173,202700
2024-10-07,132.1326904296875,133.17410855404776,131.8968917068502,132.73199906614673,314800
2024-10-08,131.68075561523438,132.31935658676235,131.06179329511494,132.31935658676235,283700
2024-10-09,131.2091522216797,132.78109859009467,130.85546166530276,132.40776938543846,236800
2024-10-10,131.2386474609375,131.75935656407736,130.52144690231154,131.54321146564152,350600
2024-10-11,131.07162475585938,132.01478970837312,130.82600669657234,131.53338790662596,340700
2024-10-14,132.02462768554688,132.1719925286701,131.04215542115992,131.46461129900453,252600
2024-10-15,132.70252990722656,133.77342102875065,131.5235512505485,131.5235512505485,273500
2024-10-16,133.14463806152344,134.5790390925954,132.61409467311563,132.6828749236388,220900
2024-10-17,132.4569091796875,133.99938273795806,132.3095293549083,133.67516511304706,251500
2024-10-18,131.90672302246094,133.00710217105907,131.32706797471369,132.6534115503199,223000
2024-10-21,131.58250427246094,132.81059461320146,131.05197584144938,131.99515581932647,277900
2024-10-22,132.03445434570312,133.00710733835754,130.10880200434818,130.87514420516968,264400
2024-10-23,133.58676147460938,133.65552674096025,130.58039859821847,131.3565451285834,401000
2024-10-24,133.21340942382812,134.29413490058948,132.80077287579294,133.4000815508448,253100
2024-10-25,132.6337432861328,133.93061374966055,132.2505797385152,133.3411244496324,280700
2024-10-28,132.47654724121094,133.61621858589362,132.39794766661186,132.74181893156583,234200
2024-10-29,131.0225067138672,132.67305298437097,130.9930337441323,132.1130515680706,254300
2024-10-30,131.29759216308594,131.72988235589025,130.64915687387946,130.64915687387946,299700
2024-10-31,130.43301391601562,132.09339446044757,130.15792287814565,131.01268395205477,282200
2024-11-01,131.42530822753906,132.31934652140254,130.8554725619616,130.86529188691893,258100
2024-11-04,131.69058227539062,132.27025233364049,130.9930353281135,131.47445215850058,333100
2024-11-05,152.14564514160156,152.155464466698,140.60159681816174,140.60159681816174,1440500
2024-11-06,147.88172912597656,152.71549085776113,146.87960322080872,151.80178385828359,1165700
2024-11-07,147.37083435058594,149.80736128094142,147.24310816358775,148.36312590499875,688200
2024-11-08,148.8936767578125,149.22771373447583,146.38836945016305,147.87189719334705,489000
2024-11-11,147.0564422607422,149.55193022309916,146.84031215325038,149.30631215546057,358000
2024-11-12,147.5968017578125,148.15681813553908,146.09362041627048,147.25294546549227,485400
2024-11-13,147.3217010498047,148.08802815431574,146.53572030403197,147.8620637494819,384100
2024-11-14,146.57504272460938,148.1961159997273,146.3195903358324,147.3217162649741,477000
2024-11-15,138.36155700683594,146.3981721329463,137.34961187465012,146.1230811256338,955200
2024-11-18,136.39662170410156,139.18683924376344,135.37484218814816,138.99034779572213,840700
2024-11-19,139.4914093017578,139.82546126842223,135.6597734286815,135.6597734286815,490900
2024-11-20,139.85491943359375,140.8865032193023,138.49910304140224,139.0591043829581,396200
2024-11-21,141.82968139648438,142.46828230295617,139.81561047335234,139.81561047335234,369400
2024-11-22,143.9027099609375,144.5707838872227,141.5938942041118,141.92794615859103,528300
2024-11-25,145.68096923828125,145.7202765194386,144.31533354910104,144.31533354910104,568900
2024-11-26,146.19187927246094,146.61433515993824,145.4058984447623,145.6318628731493,288800
2024-11-27,144.452880859375,147.37082438143423,144.20726281873928,146.83046169376854,461600
2024-11-29,144.7574462890625,145.30762830701397,143.0872465941854,144.56095485284206,269700
2024-12-02,145.5139617919922,146.69292546330027,144.10901871525328,144.88518016787214,409000
2024-12-03,146.49642944335938,147.18415698087512,145.28799284234344,145.28799284234344,489600
2024-12-04,146.7715301513672,147.21363966958657,144.41360272663917,145.52378618504127,396000
2024-12-05,145.25851440429688,146.59467713742717,144.9834233996526,146.2704595266674,561300
2024-12-06,142.68443298339844,146.0051938067341,142.006524768804,145.5827229664978,531200
2024-12-09,140.30686950683594,143.73570329773773,140.15950465549057,142.8907765035692,665200
2024-12-10,141.36793518066406,142.03602412377646,138.7152630339815,140.3068633237236,512800
2024-12-11,141.89845275878906,142.9693588510243,140.9061612329104,142.1931974172819,510000
2024-12-12,142.2521514892578,143.9321856448501,142.16373258405216,142.30127810037328,426400
2024-12-13,141.78057861328125,143.04797630581353,141.24021583705965,142.25216113101195,294200
2024-12-16,140.473876953125,142.12443811505716,140.23809320951804,142.12443811505716,360300
2024-12-17,139.6682586669922,140.70967685344596,138.91175083686875,139.3440410255107,458600
2024-12-18,139.35386657714844,141.27951886949555,138.9805372995537,139.1082485036588,1240100
2024-12-19,136.34750366210938,139.14755569449275,135.16853990844072,138.48930105695555,771100
2024-12-20,135.76785278320312,138.05701509592078,135.08994448137344,135.62047293987524,1508400
2024-12-23,136.26890563964844,136.51452371578023,134.32361467425923,135.2274873954637,420400
2024-12-24,137.02540588378906,137.2612046206307,135.974153380624,136.0429336339541,154800
2024-12-26,136.4752197265625,137.26120050110876,135.8267844632116,136.3573128660119,309000
2024-12-27,136.1411895751953,136.98610133524903,135.1881902745102,135.61064615453702,246000
2024-12-30,134.7362518310547,135.66959752616015,133.95027098573618,135.5123983588289,230000
2024-12-31,135.1488800048828,135.89556850764498,134.73624345977905,134.73624345977905,336400
