Price,Close,High,Low,Open,Volume
Ticker,IP,IP,IP,IP,IP
Date,,,,,
2015-01-02,32.087886810302734,32.55196618759904,31.852831695819866,32.461561681655915,2774429
2015-01-05,31.58161735534668,31.955292245693066,31.436969167333835,31.79256364114842,4297286
2015-01-06,31.15369987487793,32.0577522954518,31.08137577834719,31.7744819057567,4078483
2015-01-07,31.099449157714844,31.286286567127945,30.94877500232303,31.25012574098541,3931488
2015-01-08,32.166236877441406,32.166236877441406,31.49723722137391,31.539426476364802,2965882
2015-01-09,31.979406356811523,32.30486604741868,31.828732147748703,32.29281162511773,1615891
2015-01-12,32.0698127746582,32.20240656199549,31.605730877158354,31.991460244950098,2917517
2015-01-13,32.124061584472656,32.5399283192213,31.85887151957383,32.30487310271641,4211011
2015-01-14,32.19034194946289,32.27472044956951,31.641881698769858,31.690099371904388,3014669
2015-01-15,32.166236877441406,32.4254008311735,32.00953427717226,32.3169134818029,3955248
2015-01-16,32.594154357910156,32.61826319651097,32.09391173815678,32.27472317190488,2943917
2015-01-20,32.684574127197266,32.967842166568765,32.33500554169122,32.82319636178415,3023539
2015-01-21,32.90153884887695,33.04016105132809,32.389241727355234,32.564024765649634,2421408
2015-01-22,33.257137298583984,33.28727214132436,32.90756875261215,33.11851507967449,2875805
2015-01-23,32.588130950927734,33.19686096486193,32.55799611422238,33.11850844712463,1939661
2015-01-26,32.907569885253906,33.088381375799194,32.588138598907676,32.997976844466436,3468010
2015-01-27,32.41334915161133,32.71470240838232,31.85886275241432,32.286783794338064,3380256
2015-01-28,32.03968048095703,33.44397838575211,32.00351963692211,33.14262749798131,4632778
2015-01-29,32.25062561035156,32.30486930223124,31.61778658488844,32.00954442368178,4334352
2015-01-30,31.738311767578125,32.172256219554924,31.65995926970869,31.84077067197165,3266630
2015-02-02,31.80461883544922,32.05172596032807,31.473133194196254,31.919132189402745,3985555
2015-02-03,32.38322067260742,32.461570780810945,31.62984229493467,31.62984229493467,2529859
2015-02-04,32.76292037963867,32.98592112830674,32.31089288493515,32.383219420621835,3108653
2015-02-05,33.130558013916016,33.20288209698959,32.69661108759571,32.95577501547811,2353085
2015-02-06,32.83523941040039,33.208914314271546,32.73880890015444,33.05221170027274,2260051
2015-02-09,32.672508239746094,32.937698191840425,32.50977721418397,32.76291274647231,1940189
2015-02-10,33.48013687133789,33.51027171301889,32.66648886231207,32.750864962291104,3138643
2015-02-11,33.69868087768555,33.83830850322493,33.44977903294338,33.60154851011516,2369558
2015-02-12,34.71855926513672,34.90675426816045,33.99614243664726,33.99614243664726,3928426
2015-02-13,34.791412353515625,34.924970272396806,34.56072451516101,34.61536162329525,2237875
2015-02-17,34.59107208251953,34.882469128224905,34.46358877904075,34.61535578103371,2535878
2015-02-18,34.76105499267578,34.76712714038237,33.935433652674824,34.07506125857718,2638099
2015-02-19,34.506099700927734,34.67607833126433,34.22684437764524,34.360399889155914,1975670
2015-02-20,34.961395263671875,34.961395263671875,34.087208822910846,34.39074533996183,3639293
2015-02-23,34.852115631103516,35.14958239874028,34.245042691243064,34.60321626376818,5645165
2015-02-24,34.45753479003906,34.742859838731846,34.202563157740464,34.51217191774442,2694384
2015-02-25,34.48787307739258,34.536438033221025,34.251113109693755,34.31789206376029,2193206
2015-02-26,34.45753479003906,34.99783147103045,34.43325107872789,34.57895090110535,3162509
2015-02-27,34.24504470825195,34.59107645108274,34.23290285746145,34.56679519499031,2373254
2015-03-02,34.59107208251953,34.60928363366103,34.19040328447688,34.24504038338965,1837651
2015-03-03,34.378604888916016,34.49394636531177,34.20255170907489,34.46359540456656,2253504
2015-03-04,34.14183807373047,34.30574936922437,33.856513177563976,34.263254119891315,2360477
2015-03-05,33.735107421875,34.287545831719164,33.546914816133736,34.24505056942346,2204717
2015-03-06,33.504425048828125,33.65619210977702,33.09768394540882,33.43157392498559,4825286
2015-03-09,33.41943359375,33.862597801365055,33.41336144418617,33.69868644547898,2509901
2015-03-10,32.95805358886719,33.27980413356108,32.93376988291206,33.04911381796539,2859226
2015-03-11,32.80628204345703,33.26159049694402,32.76378922892622,32.994477084607645,2980982
2015-03-12,33.3040885925293,33.340511706796505,32.745578015867395,32.994479893812645,3018787
2015-03-13,33.20088195800781,33.352651445804625,32.93376853986143,33.249446922448556,3126394
2015-03-16,33.2858772277832,33.48621170859641,33.24945166514022,33.29801908199752,2038291
2015-03-17,33.225162506103516,33.419427236386376,32.89734230218162,33.10981858671328,2502614
2015-03-18,33.467987060546875,33.61975651063436,32.672719152689254,33.134094759452054,3099782
2015-03-19,32.933773040771484,33.44371624179105,32.90949177797716,33.40729067936569,2051702
2015-03-20,33.59547805786133,33.67439642347887,32.98233290526433,33.09767682496675,4436784
2015-03-23,33.18267059326172,33.61976505770307,33.12803347952043,33.49834897766811,2266598
2015-03-24,33.14624786376953,33.26766395416418,32.933771539695755,33.08554104131678,1769750
2015-03-25,32.721290588378906,33.13409884822011,32.69700688645109,33.12195944274482,2693117
2015-03-26,32.90949249267578,32.97019931921384,32.58774191014331,32.64844873668137,2188666
2015-03-27,33.036964416503906,33.152308316664694,32.836630016699566,32.885194968429474,2506944
2015-03-30,33.51655960083008,33.62583382527104,33.10375129847282,33.16445811405608,1823818
2015-03-31,33.686546325683594,34.026508463102914,33.401221309705136,33.455858431146,3168528
2015-04-01,33.3283576965332,33.540833937218316,32.97625630810202,33.51048053790447,2530915
2015-04-02,33.18873977661133,33.44371133974842,33.06125644053168,33.304086151306684,1542182
2015-04-06,32.970191955566406,33.097677730116914,32.9034154394843,32.95198040077026,2125306
2015-04-07,32.763790130615234,33.20695185310238,32.75771798159453,32.96412458400869,1818643
2015-04-08,33.0794677734375,33.15231644163025,32.666657023352656,32.75164754382568,2196269
2015-04-09,33.0794677734375,33.28587192573548,33.00661665975587,33.085537476833196,2155930
2015-04-10,34.166114807128906,34.29359808365173,33.18872427171447,33.23729165847341,5225299
2015-04-13,33.765464782714844,34.287547360927576,33.66833240092274,34.17827557121443,4775760
2015-04-14,33.38908004760742,33.93544638072743,33.34658477967634,33.74118404553486,2893546
2015-04-15,33.225162506103516,33.546910561616684,33.17052539786842,33.38907138532012,2861232
2015-04-16,33.18873977661133,33.48620660027127,33.10375170105453,33.21909563026099,3335904
2015-04-17,32.81235885620117,33.14017913073606,32.63023593801753,33.030904890728024,3847642
2015-04-20,33.17659378051758,33.43763499524574,32.96411752010336,33.0794614264013,2772950
2015-04-21,31.883533477783203,33.061259011650634,31.768189539606634,32.90948951355506,6475709
2015-04-22,32.19919967651367,32.284190171952844,31.84102614444522,31.907805089572612,3987139
2015-04-23,32.10206985473633,32.27812054764414,31.944228266695742,32.13849295544711,2278742
2015-04-24,32.5816650390625,32.60594629704326,31.90781305443747,32.12028934607397,2638099
2015-04-27,32.36919021606445,32.61201992531103,32.30848340012503,32.57559681394293,2171242
2015-04-28,32.45417404174805,32.52702269494551,32.00493782729393,32.381325388550586,3170006
2015-04-29,32.2174186706543,32.78199638181551,32.114214163403624,32.3631159867289,2431546
2015-04-30,32.61201477050781,32.86091658929911,32.17492283024604,32.205273787929464,3062717
2015-05-01,32.800209045410156,33.02482717516464,32.7091488311528,32.7455719386603,2334922
2015-05-04,32.62416458129883,32.81235719417754,32.551315906813166,32.66665984520622,2311478
2015-05-05,30.9304256439209,32.62416402175796,30.81508415299517,32.56345720164262,11120842
2015-05-06,31.452512741088867,31.543572977300926,30.83936745898908,31.01542067268395,7185763
2015-05-07,31.567852020263672,31.63463098424455,31.325022314092756,31.507145205093153,6498730
2015-05-08,31.86531639099121,32.29026651003703,31.774256175228963,32.04136711966035,3418272
2015-05-11,32.08993148803711,32.162782593891755,31.78639499559721,31.834962399500306,3092179
2015-05-12,31.640701293945312,31.986733081635418,31.634631590507478,31.986733081635418,2010413
2015-05-13,31.90780258178711,32.04742771718781,31.671042664389464,31.737821604268383,2411482
2015-05-14,32.551326751708984,32.7030963006534,32.16886924912179,32.21136452718703,4585786
2015-05-15,32.338836669921875,32.636303490438515,31.932095624790062,32.53309896919579,3266842
2015-05-18,32.551326751708984,32.59989173571645,32.029241557551714,32.193152963870475,1936810
2015-05-19,32.551326751708984,32.78201470535176,32.44205248082981,32.4966896162694,2789952
2015-05-20,32.32062530517578,32.533099161310645,32.199209227609835,32.51488760559686,2163638
2015-05-21,32.479652404785156,32.534700645958736,32.118767460198676,32.290032761628886,2347277
2015-05-22,32.479652404785156,32.54693687377611,32.38790040816098,32.479652404785156,2022768
2015-05-26,32.1248893737793,32.449073090124905,31.99643852466087,32.302275287705456,2305248
2015-05-27,32.36344528198242,32.52247933242946,32.1921774639623,32.30227890811853,2002176
2015-05-28,32.24110412597656,32.363439315151,32.13712081677899,32.19828717936567,1328131
2015-05-29,31.702835083007812,32.47353764300329,31.592733661293735,32.35732057074999,2685197
2015-06-01,31.696718215942383,31.861867878174,31.372532077782715,31.67225068672254,2627434
2015-06-02,31.29912757873535,31.715063197323282,31.23184311478712,31.660012496274785,3411408
2015-06-03,31.341955184936523,31.458172276040614,31.158453606982178,31.34807083646772,2401344
2015-06-04,31.286903381347656,31.31748656594705,31.054469207191175,31.0972861584306,2499869
2015-06-05,31.29912757873535,31.476510980779988,30.950476424095644,31.091161001441677,2036496
2015-06-08,30.907663345336914,31.274663958152694,30.889313930696346,31.133981827240497,2884147
2015-06-09,30.80368423461914,31.023884632267393,30.76086482129732,30.797566119572643,2798083
2015-06-10,31.133983612060547,31.323598347551275,30.907665117182788,31.023882189903574,3403171
2015-06-11,31.531566619873047,31.653901804028244,31.127864700962547,31.17068164581672,3221539
2015-06-12,31.286903381347656,31.55603885542421,31.286903381347653,31.43981930434463,2146637
2015-06-15,30.93212127685547,31.189020394117758,30.840369304118816,31.036102082223426,2029210
2015-06-16,30.913789749145508,31.121756424750416,30.760871336611253,30.96884047621791,2378112
2015-06-17,31.14622688293457,31.219627037913817,30.834274376271306,30.962725263485478,2454144
2015-06-18,31.2196102142334,31.433694910890665,31.066694333764392,31.280776566421004,2637043
2015-06-19,31.280776977539062,31.696715077083198,31.158444271556053,31.16455992125493,3853133
2015-06-22,30.38162612915039,30.85261250558567,29.794425151154158,30.185893291151938,8840938
2015-06-23,30.155323028564453,30.620193991914345,30.088040986186524,30.4550417846184,3777629
2015-06-24,30.02686882019043,30.45503842445529,30.002403745662342,30.14920404883833,3087322
2015-06-25,29.58646011352539,30.112494805276544,29.580344462505536,30.039097137033444,4659811
2015-06-26,29.513065338134766,29.818899688664306,29.494715917743424,29.727150122705943,8923622
2015-06-29,29.176639556884766,29.513057001033005,29.158287677675958,29.409073696187292,4475645
2015-06-30,29.109352111816406,29.592572220317173,28.98701940424703,29.488586462082342,3622186
2015-07-01,29.696561813354492,29.79442947856869,29.305091152497692,29.36625998325734,2959968
2015-07-02,29.335676193237305,29.8617108788836,29.33567619323731,29.69656119925082,2899565
2015-07-06,29.158294677734375,29.451897711550195,29.023728160569767,29.146060909991856,2760067
2015-07-07,29.360132217407227,29.38459974166853,28.736230060747438,29.20109823770962,3212669
2015-07-08,28.638368606567383,29.170521358062427,28.613901077027094,29.023721108822613,2872954
2015-07-09,28.503801345825195,29.011486553953652,28.491567581388228,28.974787724643637,2808749
2015-07-10,28.71177864074707,28.962562259565058,28.61390849720616,28.834111392170012,2721312
2015-07-13,29.237802505493164,29.280619445316294,28.90138263659687,28.950317690109404,2568614
2015-07-14,29.20722770690918,29.354027981553916,29.146058872472718,29.176644521691646,2466394
2015-07-15,28.883039474487305,29.26227390128114,28.717889793141993,29.201107535153337,2930189
2015-07-16,29.42742347717285,29.623156324491656,28.852453772172055,28.852453772172055,3684384
2015-07-17,29.139942169189453,29.421308941435367,29.07266014974005,29.29286055375876,2679072
2015-07-20,29.75772476196289,29.916758775667905,29.25003954098161,29.256155191354477,3423974
2015-07-21,29.41519546508789,29.64151400106344,29.268395184888096,29.592581395664006,2581075
2015-07-22,29.855602264404297,30.27153561898986,29.684334429456467,29.97181937183293,4266346
2015-07-23,29.733257293701172,30.0390940209953,29.617040224369752,29.861708127804476,2821949
2015-07-24,29.20722770690918,29.75772996882763,29.078776850594693,29.574228393521018,2934096
2015-07-27,28.968671798706055,29.360139970255975,28.907505435901616,28.938088617303837,3125654
2015-07-28,29.806663513183594,29.95346379246189,29.072662116792134,29.097127187337538,3590294
2015-07-29,28.742355346679688,29.476361608616283,28.21632064669338,29.213341794621876,7408896
2015-07-30,29.03595733642578,29.060422404040242,28.60167220225482,28.60167220225482,3381418
2015-07-31,29.280616760253906,29.42129886620005,29.084881492154253,29.170515363947796,2911709
2015-08-03,28.956443786621094,29.286745660993347,28.63837568004064,29.286745660993347,2286662
2015-08-04,28.99925422668457,29.18275577433145,28.803521377995445,28.815752679037686,2419507
2015-08-05,29.231691360473633,29.464123044473695,29.02372227899822,29.207223829946866,3209395
2015-08-06,28.91362762451172,29.396845408353666,28.748475464868505,29.243927015795293,2198909
2015-08-07,29.078767776489258,29.17663541704636,28.766815442213698,28.852449319701083,2764608
2015-08-10,29.354034423828125,29.500834730690844,29.225583539322763,29.225583539322763,1824451
2015-08-11,28.91362762451172,29.213343830083904,28.760709231953346,29.048194134442117,3512256
2015-08-12,29.086345672607422,29.104851684008374,28.450948592560554,28.710045177319152,3253114
2015-08-13,28.913623809814453,29.141871283718054,28.888947466948853,29.049338725516282,2552035
2015-08-14,29.1850528717041,29.25291157028055,28.80258199251923,28.827258334734196,2710435
2015-08-17,29.709409713745117,29.740253899749383,28.999985980558588,29.14803906739085,2697341
2015-08-18,29.363956451416016,29.586036105199984,29.326941933270476,29.518177397781376,2150333
2015-08-19,29.006162643432617,29.215904148078852,28.747068442377838,29.197398129440664,2183174
2015-08-20,28.389272689819336,28.784081854799368,28.376934515127747,28.784081854799368,2811178
2015-08-21,27.334379196166992,28.247373865248655,27.322041027390924,28.105491136896248,4421683
2015-08-24,25.91554069519043,26.773017618951737,25.39118449961932,25.940217040991122,5208509
2015-08-25,25.09507179260254,26.865543232227807,25.070395453190958,26.668139972022587,5613590
2015-08-26,25.91554069519043,25.97723155969216,25.255469567775087,25.742811244645154,4446394
2015-08-27,26.618793487548828,26.723666711938094,26.02658108409271,26.365869647325255,3390077
2015-08-28,26.97658920288086,27.07529209352999,26.347362313165746,26.507753578584484,3318902
2015-08-31,26.612625122070312,26.89022530200582,26.513924713449,26.884057458353116,2217811
2015-09-01,25.718130111694336,26.143783288732756,25.539230382770523,25.995730225852355,3657773
2015-09-02,25.89702606201172,26.19930249989388,25.594749624129555,26.174626162303387,2113901
2015-09-03,26.00189971923828,26.46456743389206,25.88469082992911,25.964887693682353,2104925
2015-09-04,25.724306106567383,25.909373736335027,25.557746979297413,25.625603205022646,2235235
2015-09-08,26.489253997802734,26.50776001772309,26.008077599631843,26.29184816855159,2449709
2015-09-09,25.9032039642334,26.834707402856633,25.84151310221587,26.729834179941683,2520461
2015-09-10,25.798328399658203,26.014240184547464,25.699627999448364,25.823004742225393,1963738
2015-09-11,25.687292098999023,25.767488984675683,25.459044585596832,25.693462428297956,2562806
2015-09-14,25.600923538208008,25.779823300628255,25.4590407759824,25.76748512890656,2220557
2015-09-15,25.35417366027832,25.49605892777125,25.199950219303844,25.27397677516322,3371702
2015-09-16,25.422029495239258,25.594758951260097,25.218455848504682,25.37267928710325,2922480
2015-09-17,25.23695945739746,25.674953384809573,25.162935394772983,25.502223945273446,2645069
2015-09-18,24.9346866607666,25.36033995216063,24.82364559125957,24.984036866642086,6573706
2015-09-21,24.88534164428711,25.249306632977778,24.835988943090243,25.021056602517948,2312429
2015-09-22,24.410322189331055,24.718766462704036,24.305448999259376,24.675584115330082,2873693
2015-09-23,24.219093322753906,24.589228576648495,24.157404942114752,24.397993105649217,2622048
2015-09-24,24.015522003173828,24.126563087096258,23.53435059959017,24.089551049142166,5028250
2015-09-25,23.87363624572754,24.243769004446136,23.793439365071144,24.17591029658532,3026496
2015-09-28,23.12102699279785,23.78110051177502,23.10252097858272,23.670059456425363,3549955
2015-09-29,23.065505981445312,23.269079588631175,22.892776558981023,23.108688337061388,3473395
2015-09-30,23.312267303466797,23.47882892128911,23.096355475750812,23.312267303466797,3357130
2015-10-01,23.657724380493164,23.83045382917833,23.244406775416582,23.26291527708268,3427987
2015-10-02,24.009347915649414,24.009347915649414,23.2444036714803,23.43564159629465,4111114
2015-10-05,24.5213623046875,24.539870801195203,24.052526780368243,24.138891480640638,2704522
2015-10-06,24.58305549621582,24.681760870239035,24.379481874866833,24.53370529423377,3943526
2015-10-07,24.85448455810547,24.94084926401282,24.546040244877446,24.94084926401282,2519933
2015-10-08,25.34799575805664,25.391178109825944,24.798965839880243,24.86065420382806,2994922
2015-10-09,26.66814613342285,27.65517011757812,26.279504880530027,26.322687241962562,8311459
2015-10-12,25.878520965576172,26.489241704799333,25.52689184009058,26.372032824647153,3850282
2015-10-13,25.927879333496094,26.205479531132557,25.681123326149258,25.73047353360669,2764608
2015-10-14,25.977230072021484,26.217815732196062,25.853850835113523,26.01424210357312,2607581
2015-10-15,26.00189971923828,26.075926255379375,25.385011089719402,25.94021135329224,3138221
2015-10-16,25.989564895629883,26.09443562824784,25.66261452599221,26.020411567604167,2486669
2015-10-19,25.607099533081055,25.90320826483785,25.42203188636182,25.890867605355787,2803680
2015-10-20,25.56390953063965,25.829171504533974,25.403518280723386,25.50838900470145,2825962
2015-10-21,25.41585922241211,25.533068129935984,25.045726484186616,25.452873738749474,3427142
2015-10-22,26.335031509399414,26.464578623678918,25.607101525369988,25.699636598444087,4381978
2015-10-23,27.050617218017578,27.11847592496553,26.495416844893594,26.63113425878949,4614931
2015-10-26,26.810028076171875,27.081460383770555,26.631130808792665,27.03210769964566,3090173
2015-10-27,26.532432556152344,26.79152673793828,26.341194599336642,26.698991681569105,2954582
2015-10-28,27.099973678588867,27.254194645339247,26.310355370742712,26.54477074319727,3776678
2015-10-29,26.513917922973633,27.1431446706743,26.402876885426263,27.124638659426086,4315661
2015-10-30,26.335031509399414,26.779193399076327,26.31035764360591,26.618799603751928,2734195
2015-11-02,26.785356521606445,26.908733283911673,26.353532883478422,26.372041385848092,2407258
2015-11-03,26.390544891357422,26.791524300744243,26.372038875778998,26.600286361325235,2712758
2015-11-04,26.22397804260254,26.581772501674667,26.180795695642573,26.520084144597252,2532182
2015-11-05,25.934045791625977,26.372039731409817,25.816839365806814,26.230154475636024,3230938
2015-11-06,26.248661041259766,26.34119360912062,25.68112249131441,25.8168399062127,4585046
2015-11-09,25.977230072021484,26.223986060807768,25.785992130562658,26.131451011869384,2874854
2015-11-10,25.878520965576172,26.10677088377949,25.551568178552845,25.915532988240518,2523629
2015-11-11,26.106782913208008,26.17463914770231,25.835350520140203,25.97106547415901,3402538
2015-11-12,25.08444595336914,25.988335023377438,25.071978154238725,25.869892187207387,3118685
2015-11-13,25.05328369140625,25.364968699515618,24.928608181479472,25.09068458658741,3909734
2015-11-16,24.9285945892334,25.11560649658666,24.679246216474727,25.034569593787026,4784419
2015-11-17,24.853803634643555,26.000803634156355,24.847568478712628,25.07198135832569,7470883
2015-11-18,25.595609664916992,25.64547834837986,24.93483642556106,24.93483642556106,3307498
2015-11-19,25.720279693603516,25.832484835418178,25.45222835723384,25.576903806195553,2725536
2015-11-20,25.695354461669922,26.08184373811888,25.589379408426474,25.863663497820866,2257517
2015-11-23,25.676651000976562,26.113008919201437,25.608079358894447,25.664180690265763,2268605
2015-11-24,26.075607299804688,26.131713657280294,25.477172968572248,25.564445060399986,3354384
2015-11-25,25.957168579101562,26.137947929796862,25.763926449482494,26.06314363373399,2242522
2015-11-27,26.088071823120117,26.2501481703915,25.86988913082163,25.982096798600853,1127702
2015-11-30,26.075607299804688,26.412227866691964,25.9696372740485,26.206515437546297,5335123
2015-12-01,25.695354461669922,26.256387930357295,25.49587466735797,26.131714942265955,3830006
2015-12-02,24.978469848632812,25.66417610231975,24.87872998101769,25.589371829392768,5610317
2015-12-03,24.691722869873047,25.21535282946827,24.548346953676518,24.96600439261513,4773014
2015-12-04,25.078210830688477,25.140547309041537,24.523410146616122,24.71665473619314,3312778
2015-12-07,24.797693252563477,24.972234883288433,24.604448670112223,24.903665764083524,2256144
2015-12-08,24.498477935791016,24.884967168346527,24.41120584958327,24.535881334653432,3109814
2015-12-09,24.560813903808594,24.89120179779651,24.367569291613925,24.3800370909713,2952998
2015-12-10,24.161855697631836,24.6293843393953,24.136922611275104,24.52341181675047,2456256
2015-12-11,23.769136428833008,24.06211843108046,23.700564783847696,23.99978194171453,2683930
2015-12-14,23.420047760009766,23.800304357920435,23.24550358318926,23.731732713844394,3498317
2015-12-15,23.78783416748047,23.96861097053297,23.575889123290484,23.669393846702942,4260960
2015-12-16,24.049650192260742,24.099518875409146,23.538485517654475,23.924974717683217,3684278
2015-12-17,23.513551712036133,24.155624553857116,23.51355171203613,24.118223666430616,3592618
2015-12-18,22.940046310424805,23.426275335878998,22.915110715948977,23.40133974140317,6605914
2015-12-21,23.251733779907227,23.444975848711906,23.03355109427473,23.189394793524762,3140122
2015-12-22,23.469913482666016,23.60705424234935,23.12706032788887,23.30783712626294,3924202
2015-12-23,23.8938045501709,23.90627234773709,23.51978317887251,23.65068877547384,2652672
2015-12-24,24.01224708557129,24.13692256164948,23.85640336825798,23.924975005657867,1211971
2015-12-28,23.76289939880371,23.96237916240536,23.663162028140675,23.906275321946286,2369242
2015-12-29,24.09328842163086,24.155624909016804,23.819004361539633,23.912511603756457,3046771
2015-12-30,23.812767028808594,24.180558297487813,23.787833942816707,24.012246783569765,2561011
2015-12-31,23.501089096069336,23.812771563859247,23.494853940030648,23.737967269362038,2716560
2016-01-04,23.482383728027344,23.482383728027344,22.977454164230508,23.164466136841074,4345546
2016-01-05,23.681865692138672,23.68809833697612,23.326542157950765,23.5571901951465,3499478
2016-01-06,23.30783462524414,23.426274930247388,23.139525643290135,23.357705813332267,3734861
2016-01-07,22.622127532958984,23.201863814498754,22.55355841102797,22.93381494789786,5123606
2016-01-08,22.37901496887207,22.92758051732957,22.304210690043213,22.628363402014138,5048736
2016-01-11,22.690698623657227,22.777970695972062,22.410181965827398,22.553557871935695,6199459
2016-01-12,22.659534454345703,22.989919850912994,22.41018599025913,22.890182474188716,4181971
2016-01-13,22.47252655029297,23.095896498231856,22.42889050326896,22.784209013124297,4184189
2016-01-14,22.777969360351562,22.933813054957778,22.248104314282706,22.54732390659016,4336042
2016-01-15,22.703176498413086,22.940057225228294,22.12344248454512,22.12344248454512,5364163
2016-01-19,22.216938018798828,22.958750654793672,21.830448836661635,22.91511210624465,4665514
2016-01-20,21.99876594543457,22.198245764642255,21.213319493473605,21.861625139190842,4910822
2016-01-21,22.104732513427734,22.43512040366238,21.780579778369855,22.09849986938877,3543514
2016-01-22,22.72187042236328,22.940050637336014,22.460054164396,22.460054164396,3921773
2016-01-25,20.309423446655273,21.82421315475361,20.259552255882898,21.805512713782722,15465331
2016-01-26,20.49020004272461,20.752015002836888,20.309423255718063,20.45279790556571,8866176
2016-01-27,20.51513671875,20.988897984769412,20.27825483017149,20.427864642258257,7143840
2016-01-28,20.35306167602539,20.720850447481602,20.296956580361226,20.63357836536401,4515562
2016-01-29,21.325523376464844,21.331758532945106,20.465271417685976,20.49644092224146,6616896
2016-02-01,21.250713348388672,21.400324418787932,20.88915974869607,21.213312464142096,5886038
2016-02-02,21.107341766357422,21.250715183198512,20.8704585974132,21.2444825389985,5675155
2016-02-03,21.300582885742188,22.117197254513112,20.60864021404582,21.630968219156866,9367459
2016-02-04,21.86161994934082,22.061099721192907,21.132275015482882,21.337987431582516,6857558
2016-02-05,21.79927635192871,22.04239211563436,21.699538998183314,21.855382694008714,6897158
2016-02-08,21.419025421142578,21.574866628142207,21.020067160061856,21.50629750151746,4495498
2016-02-09,21.899017333984375,21.94265337015058,21.038765663867583,21.20084326646259,6488064
2016-02-10,21.680845260620117,22.516162903392285,21.630976562555176,21.986297628006263,8214624
2016-02-11,20.910587310791016,21.548259598841472,20.74643422478986,21.37147896109968,6215088
2016-02-12,21.56719398498535,22.192238556976896,21.163125152078624,21.194694023131056,6722813
2016-02-16,22.16067123413086,22.18592633128797,21.605076899864784,21.813425093128675,3854611
2016-02-17,22.46373176574707,22.836233119910972,22.261696012197902,22.286948573906272,4720848
2016-02-18,22.299575805664062,22.48266893527409,22.11648013274066,22.43847377881856,3180038
2016-02-19,21.472490310668945,21.97757696702184,21.106302866310013,21.97757696702184,6206851
2016-02-22,21.687150955200195,21.781856292662486,21.5166854170685,21.737661146730154,4254624
2016-02-23,21.586139678955078,21.66189989373402,21.31465497885871,21.579824632181342,3968976
2016-02-24,21.91444206237793,22.009147412265804,21.339907633190005,21.459865538843292,3848803
2016-02-25,21.964948654174805,22.065966490589936,21.661895144929407,21.958633608785476,3256598
2016-02-26,22.24906349182129,22.413216551184558,22.078595385955705,22.09753798214952,3522182
2016-02-29,22.539487838745117,22.85516896338008,22.198556700370638,22.22380925742338,4557696
2016-03-01,23.13296890258789,23.303434482571532,22.68470228761054,22.741524995376217,4198022
2016-03-02,23.221357345581055,23.39182547381668,22.994069051247017,23.013009106613154,3461146
2016-03-03,24.187328338623047,24.225210981020787,23.221350205576513,23.233977753042428,5420870
2016-03-04,24.452505111694336,24.730303593105457,24.07369131278217,24.136826522048647,4994774
2016-03-07,24.572463989257812,24.679794357878176,24.338863197157817,24.401998408897633,3003475
2016-03-08,23.884279251098633,24.55983147549679,23.84639660572157,24.4588136311375,3694522
2016-03-09,24.338869094848633,24.383064262438367,23.915857478400035,24.048442981169238,4148074
2016-03-10,24.780813217163086,24.850263478852124,24.282041463762894,24.484074658101054,5536502
2016-03-11,25.19118881225586,25.285891602146567,25.0712309277359,25.128053618995384,4430659
2016-03-14,25.260648727416992,25.52581714935147,25.165943357934882,25.241706127532392,5877907
2016-03-15,24.919713973999023,25.21645253584102,24.705050682818896,25.140687226026724,5213472
2016-03-16,25.500551223754883,25.614196601581952,24.806059039936816,24.84394168031669,6167251
2016-03-17,26.0561580657959,26.327641524897547,25.405858230135813,25.450053389290513,5302704
2016-03-18,25.847808837890625,26.460225995260277,25.576322845808463,26.460225995260277,10498330
2016-03-21,26.176109313964844,26.57386564488785,25.854115730363432,25.854115730363432,4766573
2016-03-22,26.06246566772461,26.39077177588832,25.86043250910012,26.024585563181976,3634224
2016-03-23,25.70259666442871,26.12560565471959,25.664714009636306,25.99933522537193,2789213
2016-03-24,25.753097534179688,25.77203758305253,25.39322134572019,25.570001917366938,2900304
2016-03-28,25.797300338745117,25.89200315454811,25.59526461305604,25.82255289697124,2280115
2016-03-29,26.10034942626953,26.112976976092117,25.468992281645427,25.740475701235003,3136003
2016-03-30,25.88568687438965,26.232933024988004,25.803609078017267,26.16979782366339,3163142
2016-03-31,25.910938262939453,25.986701009782266,25.639454874809985,25.88568570953376,4565510
2016-04-01,25.866741180419922,25.898308777300322,25.494239976593413,25.72784324548361,4211222
2016-04-04,25.607881546020508,25.96144264772254,25.56999890941859,25.89830492005268,3236640
2016-04-05,25.17226219177246,25.462685761692626,25.020734086472796,25.311160199706972,5114419
2016-04-06,25.380603790283203,25.40585634842015,24.84394941600131,25.12806040572035,3159130
2016-04-07,25.001789093017578,25.349035315982764,24.85657606505789,25.159627129222887,2570726
2016-04-08,25.39322853088379,25.551069098319616,25.191195351344312,25.210135405576352,2626694
2016-04-11,25.36797523498535,25.69628394381322,25.32378261973677,25.51318826216265,2901254
2016-04-12,25.5826358795166,25.63314608026029,25.24801470118597,25.475305517906108,2533133
2016-04-13,26.087718963623047,26.119286562998255,25.75941287814542,25.797295523383394,2755104
2016-04-14,25.879365921020508,26.169791850121598,25.70889786437968,26.138221713352543,2424259
2016-04-15,26.340261459350586,26.384456605724715,25.797294698165107,25.822547250869757,3149309
2016-04-18,26.529666900634766,26.573862042523988,26.138223125339145,26.22661340911759,2505466
2016-04-19,27.097890853881836,27.43882446936531,26.548609059120274,26.567549109060263,5066054
2016-04-20,26.86429214477539,27.20522581820114,26.8390395883346,27.123148015657364,2561645
2016-04-21,26.876920700073242,27.464085259782006,26.84535309585649,27.097896472903784,3666432
2016-04-22,27.37569236755371,27.457770173048605,26.958995923196884,26.97793852035002,3118579
2016-04-25,27.053699493408203,27.173657398665316,26.738020929221758,27.060011996500435,3638870
2016-04-26,27.38200569152832,27.451453399009374,27.10420723166481,27.1168347812013,3164515
2016-04-27,27.893400192260742,28.15857105767905,27.508273984843868,27.81763745118589,4279334
2016-04-28,27.50827407836914,27.943910476858814,27.217848117167577,27.558781724819873,2758906
2016-04-29,27.318870544433594,27.621921560692343,27.14840244030322,27.464083549438037,3424397
2016-05-02,27.438825607299805,27.58403605394549,27.072636881168055,27.325180216321336,4185350
2016-05-03,26.630695343017578,27.03476173942897,26.277134067015677,26.97162652394679,4690646
2016-05-04,26.371837615966797,26.668576188875278,26.213999572917785,26.517050650222778,2699242
2016-05-05,26.201364517211914,26.573868332240068,26.182424464294375,26.485478027540697,2885626
2016-05-06,26.580184936523438,26.75065052570887,26.062470578164657,26.176115999830632,3123859
2016-05-09,26.84535026550293,27.009503316111058,26.53598421615719,26.63700206498827,3284899
2016-05-10,27.20523452758789,27.28099730779102,26.883243347553083,26.908495912078138,2481494
2016-05-11,27.0284423828125,27.356748472062215,27.0284423828125,27.198910473372678,2053392
2016-05-12,26.895856857299805,27.426198635257798,26.7695864587267,27.344123384847858,2274941
2016-05-13,26.498109817504883,26.92743644450714,26.44760214902368,26.8390461171797,2862499
2016-05-16,26.64962387084961,26.769581745699547,26.315002795580735,26.5233509511951,3151526
2016-05-17,26.005643844604492,26.365517531265915,25.759413007602372,26.359202485371412,6276970
2016-05-18,25.437419891357422,26.08771957500291,25.367969645116634,25.936194077125673,4802054
2016-05-19,25.418481826782227,25.443736926173468,24.951275204609864,25.38060172100849,3964118
2016-05-20,25.525815963745117,25.65208893608501,25.399545534718733,25.570011122567056,2766931
2016-05-23,25.84149932861328,26.21400068667451,25.563700800405105,25.58895590569141,3390922
2016-05-24,26.150859832763672,26.226622596354677,25.974079203280187,26.037214415720452,3155011
2016-05-25,26.884716033935547,27.06977759055382,26.278486548343075,26.278486548343075,5157821
2016-05-26,26.69965934753418,26.96767742865502,26.616700268349703,26.871957787092267,2598394
2016-05-27,26.859188079833984,26.942144568092456,26.67412655257374,26.750705331825074,1716106
2016-05-31,26.903860092163086,27.120828198428082,26.667751143519865,26.993199446986182,2980032
2016-06-01,26.871959686279297,26.878339967919363,26.610321867856232,26.769857185690324,2078102
2016-06-02,27.37607765197754,27.497323527741244,26.846424480450803,26.89747442843858,3359875
2016-06-03,27.395217895507812,27.427127001260743,27.05700656660252,27.376074488552035,3029030
2016-06-06,27.516468048095703,27.599427108873748,27.395222167435772,27.439891837711553,2054765
2016-06-07,28.02059555053711,28.14822170185765,27.567518600356884,27.624948826079013,4080912
2016-06-08,28.148223876953125,28.19289354749111,27.995071455285867,28.15460672738449,3062189
2016-06-09,27.816389083862305,28.071643942993564,27.669616961472318,28.014213720450574,1754122
2016-06-10,27.554759979248047,27.68876900243152,27.37608128167008,27.663242739743065,2468083
2016-06-13,26.788990020751953,27.465415285391447,26.757083483911046,27.38883908284925,3678576
2016-06-14,26.629453659057617,26.763462650591322,26.361435675990208,26.661362765192315,3183206
2016-06-15,26.54012107849121,26.96767180641386,26.514594817814498,26.801756253256062,2519616
2016-06-16,26.629453659057617,26.648599636862436,26.0934202635428,26.39972506097984,2956483
2016-06-17,26.77623748779297,26.827287452815906,26.450789140857136,26.623085022103034,2966832
2016-06-20,27.235685348510742,27.510083608446447,27.06976982266357,27.088913229709785,2310845
2016-06-21,27.08892059326172,27.35693864724374,27.07615746155486,27.34417551553688,1826035
2016-06-22,27.037864685058594,27.24206962558897,27.037864685058594,27.13996715532378,1667530
2016-06-23,27.624956130981445,27.62495613098144,27.363320909217684,27.45266026701426,1671226
2016-06-24,26.399734497070312,27.0442534284503,26.323158270340315,26.495456708448504,10122605
2016-06-27,25.29574966430664,26.208283795817835,25.04049480451874,26.163616701709508,4240262
2016-06-28,25.691394805908203,25.697777655760024,25.212791603688363,25.525479269063204,3018259
2016-06-29,26.27210807800293,26.38059343193232,25.927516312346462,26.055142511386464,2429539
2016-06-30,27.044254302978516,27.044254302978516,26.163626381796284,26.36144595084314,3278880
2016-07-01,27.25482940673828,27.32502275779148,26.922998347115723,27.24844655715705,2052653
2016-07-05,26.648609161376953,27.069779693693995,26.501836989055334,26.9932008963446,1924877
2016-07-06,26.77623748779297,26.801763755615003,26.21467759005616,26.603941606547075,3661574
2016-07-07,26.737939834594727,27.108060321308603,26.5911702664647,26.769848944835516,2446752
2016-07-08,27.280357360839844,27.350550716259534,26.929380301260576,26.974049968627742,2401872
2016-07-11,27.45903205871582,27.510084573456552,27.10805758766364,27.26120999064568,2099962
2016-07-12,28.186508178710938,28.218414713245977,27.61856569449939,27.644091950375394,2998618
2016-07-13,28.231184005737305,28.33328648091646,27.9823093831519,28.199277464235163,2975914
2016-07-14,28.109933853149414,28.51195827155204,28.065264187702446,28.39709525370276,3216576
2016-07-15,29.016090393066406,29.33515835966987,28.33966506996931,28.33966506996931,5692157
2016-07-18,29.054384231567383,29.11819989680153,28.786368720067784,29.01609740304785,2237453
2016-07-19,28.697023391723633,29.13095697197319,28.594920919202483,28.996947958780513,3071165
2016-07-20,28.722543716430664,29.016087969206446,28.645970084287562,28.722543716430664,2549923
2016-07-21,28.639589309692383,28.92037045391574,28.543869691957745,28.76083518707104,1903440
2016-07-22,28.792749404907227,28.856565071035963,28.55664043740437,28.67788377649649,1680624
2016-07-25,28.792749404907227,28.799129686209604,28.524731319029502,28.741699442625226,1481251
2016-07-26,29.150100708007812,29.169244118500572,28.74807366393708,28.83741300706391,1689811
2016-07-27,29.092670440673828,29.264966291361265,28.779982712486305,29.150103247776535,3074016
2016-07-28,29.1820125579834,29.53298971438491,28.67150266741839,29.035240386056252,3395779
2016-07-29,29.23305892944336,29.284108879494287,28.89484497716731,29.079903938049835,2449603
2016-08-01,29.035236358642578,29.277730708052882,28.82465112225985,29.201151921531377,2178739
2016-08-02,28.965045928955078,29.130961508658,28.856563159653323,28.965045928955075,2116224
2016-08-03,29.18838882446289,29.239438773753527,28.82464861726838,28.95865762610418,1505645
2016-08-04,29.23944854736328,29.596806023709448,29.182015728576047,29.258591963418624,2176733
2016-08-05,29.34153938293457,29.65422705039619,29.284106586985676,29.424495866600612,1846838
2016-08-08,29.469175338745117,29.571277835447106,29.2522097825468,29.30964002698445,2231222
2016-08-09,29.392597198486328,29.673378403512007,29.367070933314665,29.48193655596628,1240906
2016-08-10,29.85843276977539,30.241316405499088,29.39897549165151,29.39897549165151,4281446
2016-08-11,30.232065200805664,30.290043210684654,29.929293455902734,29.929293455902734,2838634
2016-08-12,29.95506477355957,30.29004597788175,29.82622445149992,30.17408994753042,2291626
2016-08-15,29.839109420776367,30.199859216706866,29.839109420776367,29.95506545376076,2203133
2016-08-16,30.058135986328125,30.586376412591168,29.909973109041992,29.922854806613554,3063034
2016-08-17,30.476848602294922,30.489732888457603,30.09677383809659,30.12254241042195,2591846
2016-08-18,30.670127868652344,30.72810589699065,30.438215755299105,30.46398434456593,2378429
2016-08-19,30.57349395751953,30.65079452112842,30.186975569333367,30.489747355237203,1848106
2016-08-22,29.993717193603516,30.36735129970808,29.684504550636774,30.36735129970808,3655238
2016-08-23,30.25139617919922,30.425330242414596,30.08390556000502,30.264280472217813,1940822
2016-08-24,29.993717193603516,30.27716384633883,29.942182618116956,30.27716384633883,1561296
2016-08-25,31.17259407043457,31.378737556702877,29.858435184277273,29.98083466332782,7365072
2016-08-26,31.494686126708984,32.01648561031113,31.275660977064877,31.33363639077781,5747597
2016-08-29,31.50112533569336,31.84254992769961,31.417381345782108,31.436706482681153,2897664
2016-08-30,31.559112548828125,31.778140346003607,31.436715654386234,31.501134526192736,2612016
2016-08-31,31.23700523376465,31.49468323054524,31.03086179833098,31.436705227140585,2354035
2016-09-01,31.378732681274414,31.559104959954553,31.11461121834169,31.301429534690577,2231011
2016-09-02,31.64286994934082,31.713729694483682,31.417401226102783,31.565566757805595,1749792
2016-09-06,31.791019439697266,31.874763440343955,31.51401626021629,31.726600578426975,2686675
2016-09-07,31.87476921081543,31.971397520214037,31.597765981186978,31.662184854119385,2151600
2016-09-08,31.610639572143555,31.861874129527255,31.539777278895922,31.733036427283924,2377478
2016-09-09,30.73455047607422,31.488259745877865,30.695897587483902,31.41739741430783,2614762
2016-09-12,31.056636810302734,31.20480227302615,30.386674398886345,30.47042099782515,3105274
2016-09-13,30.74741554260254,31.172584076070304,30.528390429310633,30.844043811109653,2473680
2016-09-14,30.618581771850586,30.895584919725056,30.470416331816104,30.644347756404713,1803226
2016-09-15,31.08240509033203,31.185476828395107,30.56060555171048,30.612142718253764,2587411
2016-09-16,31.687944412231445,32.11955385192569,31.378731834242924,31.59131613036582,5422771
2016-09-19,31.559112548828125,32.14533102932928,31.559112548828125,31.76525605263754,2758061
2016-09-20,30.934228897094727,31.868312468885026,30.934228897094727,31.681496792536006,4111747
2016-09-21,31.23700523376465,31.39161151282841,30.850489536105247,31.12104922695534,3395146
2016-09-22,30.863361358642578,31.5913039968654,30.740967138968838,31.417370042283565,4003085
2016-09-23,31.185470581054688,31.378729726829693,30.882698870848934,30.908464853935424,3889987
2016-09-26,30.509075164794922,31.114618789570024,30.483306577988877,31.082409353574395,3420278
2016-09-27,30.5992488861084,30.721645725951472,30.328686631184972,30.509061467800592,2806954
2016-09-28,30.99221420288086,31.0115393406772,30.47041731721721,30.68300161804658,2938637
2016-09-29,30.483291625976562,30.97932240605934,30.328685371022146,30.921344411695788,2685619
2016-09-30,30.90846824645996,31.08240227525542,30.483299636102075,30.599255655299046,4491274
2016-10-03,30.792518615722656,31.075962660864192,30.67656258224066,30.908472054181075,2477376
2016-10-04,30.33513641357422,31.024423887563128,30.19341441018984,30.850492455910622,2768198
2016-10-05,30.0903377532959,30.579925134803936,29.478350931388054,30.521947135410027,5926272
2016-10-06,30.47042465209961,30.89559335610554,30.141884255359088,30.161209397807404,3636442
2016-10-07,30.161209106445312,30.7152181431438,29.967949898757578,30.592821250447123,4005197
2016-10-10,30.135440826416016,30.496190659093898,29.83267161116003,30.367352916008272,3324288
2016-10-11,29.452592849731445,29.99371493416022,29.246449373266724,29.99371493416022,3071059
2016-10-12,29.88420295715332,29.96794696209657,29.600758915012342,29.600758915012342,3666010
2016-10-13,29.517011642456055,29.67806139524823,29.14982100871527,29.600758240514562,2691322
2016-10-14,30.103229522705078,30.296486108682203,29.716711160703934,29.72315460391724,3682166
2016-10-17,30.4060001373291,30.811841028540066,30.232066102504394,30.251391241366022,2531760
2016-10-18,30.296485900878906,30.502629371868707,30.096785873058217,30.096785873058217,2772739
2016-10-19,31.101736068725586,31.243458113276848,30.296492343048715,30.431773538084734,3718176
2016-10-20,30.393112182617188,30.921352521438504,30.025924177064987,30.914911673718905,3101683
2016-10-21,30.27715492248535,30.560598896655023,29.929289504165364,30.148317224230578,2329325
2016-10-24,30.0903377532959,30.972884247337323,29.98082519612007,30.592809423005118,3743203
2016-10-25,30.019479751586914,30.103226339339695,29.68449859062212,30.045248331668258,2897242
2016-10-26,29.736040115356445,30.096789940834558,29.63296836593073,29.81978672270977,2890800
2016-10-27,29.078960418701172,29.63296682616387,28.76974778151489,29.523454233412366,4298026
2016-10-28,28.995208740234375,29.323749056003205,28.801952173333355,29.111164756393535,2507472
2016-10-31,29.008098602294922,29.240010679159347,28.905026856468922,28.91147030028387,2446858
2016-11-01,28.486297607421875,29.130493981838786,28.18996929930829,29.085400261579835,3258922
2016-11-02,28.46053123474121,28.634465281392387,28.280158934729528,28.383228079015197,2837789
2016-11-03,28.086896896362305,28.615137236046397,28.054684872641914,28.512065507201626,2602512
2016-11-04,28.331689834594727,28.647343264968665,28.099777802452973,28.170640100609972,2395325
2016-11-07,28.6473445892334,28.969444072092415,28.34457543498508,28.69888175210203,3206333
2016-11-08,28.82772445678711,28.87925902890951,28.363902927591436,28.57648725450955,2411376
2016-11-09,29.407499313354492,29.568546472531626,28.18997137187191,28.331693390952488,3911213
2016-11-10,29.812944412231445,30.125325310729195,29.520084042873766,29.559132965992397,4058102
2016-11-11,29.71532440185547,29.930086932106473,29.409450336248717,29.754373326270617,2217600
2016-11-14,30.72405242919922,30.769608188418317,29.89754192120092,29.904051384867895,3806563
2016-11-15,31.075485229492188,31.10802468616488,30.275004633215765,30.717548584479893,4094112
2016-11-16,31.199134826660156,31.9410406976895,31.11453014578177,31.30326003473922,5213578
2016-11-17,31.446439743041992,31.934536860595333,31.05596362196701,31.26421667933606,3643834
2016-11-18,31.53104019165039,31.576595951450624,31.25119616909897,31.42040290241235,2434291
2016-11-21,31.4399356842041,31.51152407771544,31.14057104350928,31.225173125283348,2644118
2016-11-22,31.61565399169922,31.784860787867476,31.452954040085594,31.589621370253813,2810016
2016-11-23,31.706754684448242,31.86294511639299,31.589610549683407,31.62215262615006,1727194
2016-11-25,31.791366577148438,31.817396573969862,31.596127182115538,31.758824493298675,860006
2016-11-28,31.687231063842773,31.849928335689775,31.570086930822928,31.66770529393113,1993517
2016-11-29,31.78485870361328,31.954065488686005,31.648191382406857,31.71327031013946,2229005
2016-11-30,31.706754684448242,31.86294511639299,31.557071094829297,31.86294511639299,2695229
2016-12-01,32.36405944824219,32.37707313327964,31.823897141133788,31.849929754433923,3715642
2016-12-02,32.839141845703125,32.845648688543555,32.12977538190985,32.370567891196984,3646579
2016-12-05,33.4573974609375,33.48993691902735,33.02787241957101,33.16453971651606,4053245
2016-12-06,33.691680908203125,33.71120405744577,33.190570140761835,33.35326742047162,2601245
2016-12-07,34.687400817871094,34.71343343321778,33.75676234616191,33.75676234616191,3700963
2016-12-08,34.92170333862305,35.18852857897674,34.5637639074393,34.78503336318491,2621626
2016-12-09,35.03232192993164,35.22105182711225,34.745971041206175,34.84359203275103,2984890
2016-12-12,34.88264083862305,35.36422850181806,34.85010137964082,35.077880214129294,2758061
2016-12-13,34.68089294433594,35.03232275462248,34.38152574158295,34.81105077397619,2984678
2016-12-14,34.44009780883789,34.980257520673746,34.375018894026695,34.73946238993703,3398525
2016-12-15,34.88264083862305,35.129942824178286,34.45311578547703,34.550734162423716,3269482
2016-12-16,34.980262756347656,35.214548457702335,34.82407228877787,34.908676987985835,4705536
2016-12-19,34.9347038269043,35.006292210408006,34.758990222175264,34.82406914084432,2943811
2016-12-20,35.136444091796875,35.24056928760301,34.93469529859338,34.98025105486316,1950115
2016-12-21,35.11041259765625,35.34469822808275,35.019301082221666,35.14295205008112,2102707
2016-12-22,35.00629425048828,35.20153363948642,34.76549909144434,35.110422099394825,2558266
2016-12-23,35.16249084472656,35.18201662216045,34.9151887989568,34.97376088803143,1279766
2016-12-27,35.325191497802734,35.435826211785596,35.26010994109497,35.30566571998362,1621382
2016-12-28,34.73946762084961,35.58550412723848,34.6288355463023,35.53343889025958,3063562
2016-12-29,34.73295593261719,34.915178993401305,34.57025602217058,34.680893324512915,1457914
2016-12-30,34.53122329711914,34.81757430830076,34.27741437811068,34.77852537066126,2131114
2017-01-03,34.7459716796875,35.04533625928147,34.46613025011617,34.56374862184215,2034912
2017-01-04,35.175498962402344,35.25359418910667,34.81756228820643,34.90867382296363,2461536
2017-01-05,34.8891487121582,35.31216693464596,34.70692826079877,35.07788125008701,2197642
2017-01-06,34.96073532104492,35.09740261883171,34.66136811019401,34.856607481548394,1323696
2017-01-09,34.89566421508789,35.253600958009805,34.76550373118048,34.94772683568281,3154272
2017-01-10,34.999778747558594,35.28612962725073,34.78501624319264,34.94771614289303,2902522
2017-01-11,35.23407745361328,35.273126384882325,34.78502654127951,34.86963124822241,2076518
2017-01-12,34.928192138671875,35.19501724117051,34.51819028902637,35.038826809385334,2023085
2017-01-13,34.850101470947266,35.19502183435287,34.778513088031076,34.93470354020014,1789392
2017-01-17,34.485652923583984,34.81755957744609,34.342478789375185,34.7199385854564,1899744
2017-01-18,34.51167678833008,34.62231143769867,34.27088172317748,34.58977198915567,2348122
2017-01-19,34.283912658691406,34.589786751471706,34.10819903724533,34.58327990763092,2043043
2017-01-20,34.94121551513672,35.11692913104685,34.57676935281873,34.9802618201776,3258077
2017-01-23,35.344696044921875,35.37723549533686,34.915171104864555,34.99326631018296,2541370
2017-01-24,36.37945556640625,36.45104392258212,35.455326884917305,35.47485002874276,4034448
2017-01-25,37.7396354675293,37.915351705310556,36.7439179849414,36.75693429384516,5478528
2017-01-26,37.42725372314453,38.30582702802976,37.33614218442046,38.143129724317504,3854928
2017-01-27,37.316612243652344,37.64201205796648,37.21899387232573,37.57042367935934,2158781
2017-01-30,37.02375030517578,37.10835498134482,36.646290548271416,37.10835498134482,2399549
2017-01-31,36.83502960205078,37.32963623335441,36.58122075354666,36.984713222334946,3956832
2017-02-01,36.76995086669922,37.1734433375471,36.45106047191353,36.91963448774743,3158074
2017-02-02,34.71994400024414,36.3013796739524,34.03661005780966,36.10614028113693,8508509
2017-02-03,34.49867630004883,34.928201412305675,33.98454910711791,34.85010617567836,6171475
2017-02-06,33.5810432434082,34.05612397675929,32.93024893929467,34.05612397675929,6526397
2017-02-07,33.92597198486328,34.27089499186478,33.63311683459139,33.782797831518856,4864147
2017-02-08,34.55724334716797,35.11692623170775,33.626604865688336,33.8543836983311,7998778
2017-02-09,33.94548416137695,34.55723207765871,33.87389580257419,34.55723207765871,4721376
2017-02-10,34.42057418823242,34.511685716367815,33.78279349128467,34.08866753265168,4028957
2017-02-13,34.5866813659668,35.10535155657582,34.37002220174079,34.468502678292545,4048387
2017-02-14,34.717994689941406,34.744254566050486,34.356894284595775,34.46194172332842,3048883
2017-02-15,34.63920211791992,35.05939181208417,34.599810987070185,34.73768523457438,4661501
2017-02-16,35.0462646484375,35.12505221481853,34.61951321008424,34.70486243984867,3084259
2017-02-17,34.23871612548828,35.03313220783698,34.09427491432286,34.92808477556174,4165286
2017-02-21,34.63920211791992,34.69829145895958,34.23871327871066,34.30436692663692,2658797
2017-02-22,34.15993118286133,34.38972163206612,33.78570215619873,34.35689480286051,3133046
2017-02-23,34.28467559814453,34.7245582673297,34.094276292957545,34.31093547370122,3818179
2017-02-24,34.54728698730469,34.58011645701584,34.074577534364,34.140231184256024,2467027
2017-02-27,34.72455978393555,34.842738485781,34.40942010536834,34.40942010536834,3185530
2017-02-28,34.59981155395508,34.796775145726,34.494764128692914,34.61950711970264,3646262
2017-03-01,35.23665237426758,35.36796229693764,34.934644048226424,34.9477726602052,3269798
2017-03-02,35.26947784423828,35.52552808426244,35.05281872817264,35.125039315116055,4031174
2017-03-03,35.45330810546875,35.617442187141556,35.223517746362376,35.27604276830923,3107597
2017-03-06,34.35689163208008,35.3745338225984,34.22558168261067,35.216963999047294,3412358
2017-03-07,33.798831939697266,34.343762041272846,33.77913637198776,34.23871725031192,2915827
2017-03-08,33.838226318359375,34.10084361046311,33.75287708692761,33.95640502547403,2395114
2017-03-09,33.306427001953125,33.84479284062835,33.142290204690305,33.83166157947546,3311088
2017-03-10,33.28672409057617,33.81195855224789,33.102891764514574,33.43772959337892,4189997
2017-03-13,33.28016662597656,33.56247947985609,33.20794601310008,33.37864711599996,4403731
2017-03-14,33.273597717285156,33.352382633625986,33.010980447893914,33.201379753419204,1963738
2017-03-15,33.720035552978516,33.88416963599704,33.30641290319579,33.45085142520499,2898192
2017-03-16,33.785701751708984,34.015492198162676,33.63469886812409,33.89731349862493,2864400
2017-03-17,33.720035552978516,34.00234829158195,33.64125066417673,33.92356340278017,3982070
2017-03-20,34.28467559814453,34.31749978139904,33.52308366692737,33.798832196013024,2358154
2017-03-21,33.43117141723633,34.44881378444246,33.332690921609554,34.38316012069127,3429254
2017-03-22,33.59530258178711,33.75943935837738,33.214506635375635,33.50338641005901,1655069
2017-03-23,33.687217712402344,34.06801364704522,33.51651663372075,33.61499710977219,2216333
2017-03-24,33.35893630981445,33.79882148435484,33.19480222173297,33.74629646035712,2187821
2017-03-27,33.00440979003906,33.08975899766795,32.57765581759999,32.96501601706543,2274096
2017-03-28,33.4377326965332,33.53621317544915,32.9190624934726,32.95188931977792,2012736
2017-03-29,33.3129768371582,33.5296359401384,33.2341919492349,33.29984822647469,1793299
2017-03-30,33.57560348510742,33.588737389025525,33.19481019349887,33.24733258534533,2227421
2017-03-31,33.339256286621094,33.647831689749445,33.299865145028335,33.418043859338184,3390605
2017-04-03,32.951881408691406,33.57559624828148,32.73522229127963,33.411462156160205,2852784
2017-04-04,33.28672409057617,33.36550899535043,32.8205789686764,32.97158182671414,2502298
2017-04-05,33.20794677734375,33.68065631405361,33.168552993568454,33.38521219241854,1609978
2017-04-06,33.45086669921875,33.66096159513134,33.1225957385253,33.17512078488628,1289587
2017-04-07,33.1619758605957,33.55590032217823,33.116017786347356,33.332676901408895,1514726
2017-04-10,33.12258529663086,33.3786382050058,32.97157980309602,33.26702648382281,1754966
2017-04-11,32.99784469604492,33.12915463524934,32.768056930776005,33.024107212838814,1760035
2017-04-12,32.85340881347656,33.0372411564453,32.564529039559226,32.932193725496695,3648058
2017-04-13,32.59078598022461,32.833707626821116,32.57765472300794,32.76805398550253,2084016
2017-04-17,33.13572692871094,33.14229123710908,32.78119344560098,32.79432470716293,1897843
2017-04-18,33.77912902832031,34.13366239384174,33.398333148385504,33.398333148385504,3305386
2017-04-19,34.35689163208008,34.612941934159316,34.12053689675342,34.15992803025858,3217843
2017-04-20,34.809913635253906,34.993746020424496,34.376595197284914,34.494773914827675,4219776
2017-04-21,34.65232849121094,34.81646523265185,34.507889957182925,34.79676967000364,2500819
2017-04-24,34.93464660644531,35.24321926107223,34.92807965521033,35.190696875016876,3333475
2017-04-25,35.24979019165039,35.43362253074426,35.144742762916,35.19070084768947,2810333
2017-04-26,35.499267578125,35.60431498139953,35.21038788031117,35.28260846595576,2014637
2017-04-27,36.057334899902344,36.464390681462056,34.921514121859126,35.45331553429939,3271488
2017-04-28,35.433624267578125,36.024512446620186,35.35483670859155,35.86694261817768,2847504
2017-05-01,35.30888748168945,35.584638717806584,35.230105192464535,35.512418092995766,2629546
2017-05-02,35.24979019165039,35.43362253074426,35.065957852556515,35.29574827642386,2024141
2017-05-03,34.98059844970703,35.16443074917351,34.85585548146401,35.05281903728733,2363962
2017-05-04,34.89524841308594,35.125038781904315,34.77706975347519,34.96746635416846,2527958
2017-05-05,35.08564758300781,35.13816996625613,34.73111422297858,35.04625381199801,2380435
2017-05-08,34.75739288330078,35.190711341880075,34.71800173875684,35.04627009250966,2165434
2017-05-09,34.4947624206543,34.93464766566921,34.481631162551096,34.80990203607127,2090563
2017-05-10,34.84273147583008,34.96747181579825,34.409413182596005,34.46849987686567,2235658
2017-05-11,34.50132751464844,34.868989497919515,34.35032202173871,34.67202857127013,2238509
2017-05-12,34.33062744140625,34.48163295027461,34.16649331851901,34.4422391739226,1900378
2017-05-15,34.836158752441406,34.934641849436595,34.30436007877264,34.429103042837276,2168496
2017-05-16,34.717994689941406,34.888695786094914,34.30437188761217,34.855866312619035,1939978
2017-05-17,33.91700744628906,34.71799043183369,33.88417797683967,34.71799043183369,2395536
2017-05-18,33.36551284790039,33.851356235665406,33.26046541448374,33.80539814884345,2890694
2017-05-19,33.555904388427734,33.79225909401833,33.378639020426014,33.50994630861026,2177683
2017-05-22,33.923583984375,33.99580461157842,33.63470676509347,33.700360438133266,2170080
2017-05-23,34.12053298950195,34.238711666014886,33.93670066815515,34.00235431298902,1966483
2017-05-24,34.55973434448242,34.74521915749958,34.26825782852131,34.288133107443905,2056877
2017-05-25,34.55310821533203,34.71872040447246,34.427243912259286,34.63260131892856,1665418
2017-05-26,34.7253532409668,34.82471898057782,34.354383543422315,34.513369794215784,1345661
2017-05-30,35.295040130615234,35.599765878402096,34.93069656431827,35.142677256721804,3037584
2017-05-31,35.03007507324219,35.381169447552686,34.837964262855266,35.32817492624483,3368006
2017-06-01,35.69252014160156,35.738891350453564,34.990328694073824,35.10956970784737,3539184
2017-06-02,36.030364990234375,36.18272523397459,35.65276936664218,35.67264197781888,2595754
2017-06-05,35.86476135253906,36.06349284888045,35.77201892016382,35.97075308504502,3003898
2017-06-06,35.672637939453125,35.831626816485645,35.42753531324993,35.73225843477296,2741798
2017-06-07,35.77199935913086,36.0568498162886,35.63288578663882,35.89123765802522,1615046
2017-06-08,35.55339813232422,35.77200482700674,35.40103524365731,35.77200482700674,2008301
2017-06-09,36.36158752441406,36.36821083876942,35.65277013558643,35.69914134169161,2446118
2017-06-12,36.49406433105469,36.65967649472848,36.29533293689226,36.361576734946404,3621235
2017-06-13,37.004154205322266,37.07702399761388,36.407954576867766,36.4344504998056,2879078
2017-06-14,37.02403259277344,37.26251194766546,36.805425850320916,36.825298462760415,2243894
2017-06-15,36.971031188964844,37.25588169889164,36.76567111400114,36.93790661634511,1849690
2017-06-16,37.434757232666016,37.494375081263264,36.84518071426118,37.017416281246206,4207526
2017-06-19,37.719600677490234,37.818966408132084,37.46786935649341,37.72622399211729,2090986
2017-06-20,37.553993225097656,37.75935069561644,37.51424799521127,37.6599849523608,1833744
2017-06-21,37.23600769042969,37.6732210775246,37.116766705389715,37.600351290162536,2121821
2017-06-22,37.38837432861328,37.461241454745675,37.03065133761132,37.26250734925758,2508739
2017-06-23,37.65997314453125,37.84545794195033,37.26250495905071,37.42811714775741,9524170
2017-06-26,37.58049011230469,37.75934897572598,37.328758770818375,37.659983236996325,2035651
2017-06-27,37.21613311767578,37.91832169038651,37.21613311767578,37.673219088633395,1308173
2017-06-28,37.083648681640625,37.42811970941267,36.70605574756808,37.16976777285315,3076762
2017-06-29,36.88491439819336,37.202886831982624,36.73917747746311,37.12339639207431,1897421
2017-06-30,37.50099563598633,37.68647780788854,37.02403423648783,37.03728353488215,1720330
2017-07-03,37.7461051940918,37.89184483444509,37.61361752308693,37.68648467472363,924845
2017-07-05,37.59372329711914,37.852077861370255,37.408241184869986,37.71959025711534,1542710
2017-07-06,37.183013916015625,37.520861625540725,37.13001940033319,37.461241127561124,1557600
2017-07-07,37.34200668334961,37.52086552734903,37.116773964064514,37.222765674990484,1224643
2017-07-10,37.91831970214844,38.103804473341874,37.16975997345843,37.26912567150986,2014214
2017-07-11,37.78583526611328,38.050813151625036,37.679843578200845,37.97132005282538,1250198
2017-07-12,37.89845657348633,38.0640687801917,37.81896346145871,37.95807707464183,1509446
2017-07-13,38.52116012573242,39.05111605764083,38.21643693258181,38.28930407195505,3182467
2017-07-14,38.52116012573242,38.65365044297927,38.395295792044635,38.50128751213422,1153574
2017-07-17,38.53440856933594,38.73314003798765,38.29592653729078,38.42179086818598,1708714
2017-07-18,38.17668533325195,38.34229487807005,38.01769910281089,38.17006201887492,1540070
2017-07-19,38.09718704223633,38.36216494648523,38.07068845124977,38.196552755627586,1831949
2017-07-20,37.70634841918945,38.203179701929415,37.52086360172317,38.09056735087519,2115485
2017-07-21,37.52085876464844,37.719592853247704,37.381745169482826,37.6334737697238,2671469
2017-07-24,37.59372329711914,37.72621356991265,37.38174259660356,37.51423286939707,1302048
2017-07-25,37.6931037902832,37.99120366425899,37.52086824824076,37.95808175254384,1641552
2017-07-26,37.355247497558594,37.73284307573987,37.28238037582757,37.73284307573987,1919174
2017-07-27,38.08395004272461,38.10382265811126,36.40133967406082,37.024038083520324,2884042
2017-07-28,36.262210845947266,38.13030529213712,35.92436585167408,38.05081219533528,6632314
2017-07-31,36.42121505737305,36.553702718365244,36.056868652565015,36.21585491317155,3182256
2017-08-01,36.65306091308594,36.80542382666995,36.315215846032615,36.6729335244328,2801146
2017-08-02,36.123111724853516,36.62656905852798,35.87800637302169,36.540449952220776,2115379
2017-08-03,35.54677963256836,36.361586028802755,35.43416194484563,36.103231414403524,3204326
2017-08-04,35.725643157958984,35.9839978062834,35.59977882554284,35.71901717446686,1740182
2017-08-07,35.970741271972656,36.10985220631059,35.63951955163968,35.78525646813684,1578403
2017-08-08,35.765380859375,36.01710678392042,35.71900699376613,35.97073825538896,1657075
2017-08-09,35.38117218017578,35.77201447705786,35.15594211154792,35.60640224880363,1954550
2017-08-10,34.58623504638672,35.38116886413205,34.579609063495454,35.314925046454746,2562595
2017-08-11,35.14967346191406,35.236560410752816,34.27410524312736,34.548139318700116,2208624
2017-08-14,35.85145950317383,36.0252360661841,35.49053853501168,35.624211571597115,2197430
2017-08-15,35.71110916137695,36.06534494124023,35.70442389260795,35.86483534165691,2238614
2017-08-16,36.359432220458984,36.613413219836396,36.038611990390564,36.038611990390564,2327741
2017-08-17,36.051971435546875,36.606719420307634,36.03192101721988,36.26585153908658,2236397
2017-08-18,36.285911560058594,36.45300560344446,35.85147135512131,35.99182701296932,2261741
2017-08-21,35.544010162353516,36.26585215861178,35.310079636490606,36.22575132127274,2401344
2017-08-22,35.92498016357422,35.93166543114434,35.55069133694193,35.644266236015454,1217990
2017-08-23,35.87150955200195,36.13217574004961,35.66431473197193,35.74451909158306,1396243
2017-08-24,36.0185546875,36.05865821825444,35.6309006856185,35.81804241855903,1726771
2017-08-25,36.48642349243164,36.6869358039165,36.0118797527699,36.17897379440998,2128579
2017-08-28,35.998504638671875,36.54657007679385,35.7979923676681,36.54657007679385,1455062
2017-08-29,35.55736541748047,35.88486803774509,35.490528917300026,35.79129586052663,1988131
2017-08-30,35.998504638671875,36.03860547742324,35.43038878117422,35.61753320845566,1213450
2017-08-31,36.00519561767578,36.27254176486484,35.95172423430511,36.125500845427645,1895731
2017-09-01,36.70029067993164,36.76044462577248,36.14554270951747,36.192328812680856,1703011
2017-09-05,36.62009048461914,36.82728263101629,36.33268858650904,36.526518274521074,2266704
2017-09-06,36.68025207519531,36.91418266635084,36.38616751882603,36.73372346312589,1349357
2017-09-07,36.55325698852539,36.78050228151484,36.359429962598156,36.7470867068686,1192752
2017-09-08,36.61341094970703,36.793872822759425,36.426266500207944,36.53988914671354,1530883
2017-09-11,37.495662689208984,37.66275402842747,36.586676111162696,36.82728925508693,3647002
2017-09-12,37.44218826293945,38.19744859357455,37.355301312092344,37.80310929569349,2057827
2017-09-13,37.52907943725586,37.69617346212365,36.92085998684965,37.422139369037104,2075146
2017-09-14,37.602596282958984,37.8632598041948,37.2216221718661,37.37534833139345,1545562
2017-09-15,37.58255386352539,37.823169726860485,37.328575537902545,37.475616471394616,2322144
2017-09-18,38.13060760498047,38.19744412741981,37.709532667264746,37.769689306841855,2122560
2017-09-19,38.4313850402832,38.43806761689975,37.78974729603704,38.13730051325037,2072717
2017-09-20,38.65862274169922,38.74550968271911,38.21749738404999,38.39127395850527,1722864
2017-09-21,38.291011810302734,38.82570927385714,38.204122193578016,38.66529788085882,1396560
2017-09-22,37.46224594116211,38.29771074839641,37.05453874906317,38.230874209997545,3653021
2017-09-25,37.2082633972168,37.46892696312163,37.0144363669372,37.428826118712905,2572627
2017-09-26,37.36198043823242,37.5290744408543,37.16147086598485,37.328564868606726,1870598
2017-09-27,37.863258361816406,38.00361667267943,37.42213301122276,37.52907306127299,2236502
2017-09-28,38.01030731201172,38.15734821885134,37.78974460554437,37.78974460554437,1861939
2017-09-29,37.97687911987305,38.11724011625048,37.72290088866612,37.94346355311865,1516838
2017-10-02,38.351173400878906,38.504899568919576,37.9367836971669,38.01030549327673,2262691
2017-10-03,38.35786819458008,38.45812301128613,38.10388447924191,38.42470473905078,1458547
2017-10-04,38.618534088134766,38.718791603210455,38.26429822747256,38.42470702069381,1446086
2017-10-05,38.57173156738281,38.61183509484681,38.27096453485674,38.55168114985852,1352102
2017-10-06,38.397953033447266,38.73214100128672,38.264280000243694,38.57172959206106,1036992
2017-10-09,38.11722946166992,38.39126072571337,38.063758108012465,38.38457815271348,1386528
2017-10-10,38.52494430541992,38.55836525684177,38.1172399300911,38.1172399300911,1222320
2017-10-11,38.35786819458008,38.75220757634016,38.19077414098694,38.558380520408576,1642186
2017-10-12,38.25092315673828,38.47148587887484,38.18408662091897,38.284341424647934,1770278
2017-10-13,38.397953033447266,38.49152523365587,38.27096257493777,38.31774867504207,1381142
2017-10-16,38.57841873168945,38.57841873168945,38.26428384122974,38.4915290974529,1363824
2017-10-17,38.8591423034668,38.89256326582472,38.56506045101318,38.56506045101318,1451261
2017-10-18,38.778934478759766,38.98612664267577,38.63857345932908,38.96607622236387,1336685
2017-10-19,38.504905700683594,38.69873273934807,38.277660392760836,38.598477931573235,1281773
2017-10-20,38.905914306640625,38.93264998986204,38.52494293660399,38.74550559214259,1247664
2017-10-23,38.93265914916992,39.14653928042828,38.692046020816164,39.05296705955473,1323802
2017-10-24,39.21337890625,39.40720593946252,38.82572483982495,39.17327806123448,1949165
2017-10-25,38.758880615234375,39.40051828452826,38.444745702631224,39.373782596353095,2585933
2017-10-26,38.765567779541016,39.133174112006074,38.464800675425266,39.113123689709305,2112317
2017-10-27,38.73215103149414,38.79898756540413,37.52239738260976,38.765566606033175,2756582
2017-10-30,38.22417449951172,38.65861721980303,38.070451057754674,38.51157635239472,1500048
2017-10-31,38.27766036987305,38.53164137001702,38.15066717738491,38.25092467751595,1347667
2017-11-01,38.57841873168945,38.71877704609159,38.304384678250045,38.53163262688874,1877357
2017-11-02,38.4313850402832,39.06633751549677,38.357863235420986,38.67868076133604,2322355
2017-11-03,38.17739486694336,38.52494802506645,38.05040439349129,38.39795755161438,1602480
2017-11-06,37.30182647705078,38.22417798126851,37.201569005781636,38.16402672940547,2473258
2017-11-07,36.92754364013672,37.315197668399186,36.83397142109078,37.16815676379092,2383075
2017-11-08,36.94759750366211,37.034487154765564,36.446320789107936,36.800556585351714,1846416
2017-11-09,36.713661193847656,36.98100998960246,36.626774248745555,36.773815144065225,1672070
2017-11-10,36.66020202636719,36.72035599219698,36.30596619357273,36.59336548318579,1885382
2017-11-13,36.352745056152344,36.55325464567414,36.178968463117315,36.473050271382256,2574634
2017-11-14,36.632564544677734,36.69998992026741,36.24149247721169,36.27520788114315,1984541
2017-11-15,36.33588790893555,36.720218512810334,35.80322365649214,36.38983038056399,1943885
2017-11-16,36.45724868774414,36.72695284520214,36.22800137616605,36.46399013732279,2093731
2017-11-17,36.55165100097656,36.66627467471043,36.207777263638526,36.36285778958599,1319683
2017-11-20,36.511199951171875,36.6055965718688,36.3291508776203,36.41006187876955,1271002
2017-11-21,36.88877868652344,37.07757188826666,36.585361816903635,36.72021526792149,2131747
2017-11-22,36.91574478149414,37.131506470499104,36.82134819376199,36.98317013954969,1146605
2017-11-24,37.030372619628906,37.3877319467668,36.90226333838647,37.070829468717356,598752
2017-11-27,37.11127853393555,37.21916073397,36.83483294272462,37.0236233976151,1690762
2017-11-28,37.475379943847656,37.50235117338134,37.08430798015275,37.31355799891732,2435136
2017-11-29,37.434932708740234,37.603496134024354,37.08431480864916,37.44841560985384,2446858
2017-11-30,38.16987228393555,38.38563399186781,37.34053270191932,37.44167074787481,3001680
2017-12-01,37.50910568237305,38.1294251646754,36.929240342320384,38.12268371301274,2965037
2017-12-04,38.35192108154297,38.621625251954654,37.56977980218992,37.75857299309171,2597232
2017-12-05,38.37888717651367,38.6620742088264,38.0417549715212,38.405858404785654,2424365
2017-12-06,38.297977447509766,38.60139426891574,38.223807925428886,38.399115482599804,1455274
2017-12-07,38.297977447509766,38.50025623382571,38.12941133955717,38.264262053010555,1266883
2017-12-08,38.37214279174805,38.5879071844174,38.20357940635239,38.37888695684533,1374701
2017-12-11,38.64860153198242,38.72277107127765,38.19684556156458,38.338440473235565,2780870
2017-12-12,38.1833610534668,38.7025396582799,38.12267713442724,38.7025396582799,2726698
2017-12-13,38.082210540771484,38.57442050153295,38.07546909199676,38.217061245351545,1681574
2017-12-14,37.20567321777344,38.250777054193115,37.20567321777344,38.08221095549662,2358259
2017-12-15,37.92714309692383,38.06873801509455,37.60349912175454,37.60349912175454,5141981
2017-12-18,38.709266662597656,38.81714884328041,38.129404355147855,38.183346803556915,3066096
2017-12-19,38.945281982421875,39.24869619713988,38.7430031231397,38.75648602643991,3274550
2017-12-20,39.08686447143555,39.22845936609086,38.99921204110768,39.140806935763,1941562
2017-12-21,38.75648498535156,39.17452831212337,38.729516463338726,39.12058855196093,1548730
2017-12-22,39.09360885620117,39.20148835318713,38.70253685218448,38.76322076682419,1298669
2017-12-26,38.76322555541992,39.282406902863414,38.70254163328365,39.12732637210105,1376074
2017-12-27,38.8711051940918,39.05989839877539,38.7497373578991,38.884588094880904,969302
2017-12-28,38.992469787597656,38.992469787597656,38.6013977938273,38.91155609277391,1069939
2017-12-29,39.06663131713867,39.2756515434929,38.85761109078445,39.10034399402138,1657392
2018-01-02,40.300537109375,40.347735410521736,39.28240426759284,39.57907697525545,3355651
2018-01-03,40.83319854736328,41.01525028918517,40.314017270037645,40.42189948191697,2886893
2018-01-04,41.52095031738281,41.72322643027731,40.94782923190885,41.0489672883561,2705789
2018-01-05,41.60185623168945,41.72996823185242,41.44003698022743,41.71648261519651,1829098
2018-01-08,41.89178466796875,42.100804908195094,41.56814077550678,41.66927881286716,2591846
2018-01-09,41.46026611328125,42.05361426275614,41.35912534138983,41.932246422941006,2627222
2018-01-10,41.54792022705078,41.777167582460656,41.318672871640906,41.487236304696246,1416624
2018-01-11,41.959224700927734,41.959224700927734,41.59512383650029,41.85134246033129,1307539
2018-01-12,41.979434967041016,42.094058613478715,41.6085927993417,42.053604487035194,2351290
2018-01-16,41.28496170043945,41.999675028646884,41.048970169363116,41.87156572836782,1944096
2018-01-17,41.46026611328125,41.66254494092767,41.3456424401983,41.52769148378458,1633632
2018-01-18,42.22218322753906,42.35703670237165,41.237765627104025,41.291705387354995,4694237
2018-01-19,42.815521240234375,42.95711612378386,42.34353829506942,42.40422220461006,3301267
2018-01-22,42.78854751586914,42.835745807634254,42.31656459821797,42.69415093233891,2084016
2018-01-23,42.69414138793945,42.86270745402738,42.471635593093694,42.57277631920052,1825507
2018-01-24,42.923397064208984,43.361664548602064,42.75483097566669,42.89642583816969,1875984
2018-01-25,42.748111724853516,43.199865056846264,42.6200024088474,43.0447845007956,1688861
2018-01-26,43.65834426879883,44.99337934971394,42.64695306829859,42.8492318516258,3307603
2018-01-29,43.88085174560547,45.13497590300225,43.79319932312712,45.13497590300225,3973622
2018-01-30,43.28750991821289,43.87411387843043,42.923409128885105,43.4358462708515,2567875
2018-01-31,42.38399887084961,42.8087808427521,42.08058201257518,42.70764279537269,5160566
2018-02-01,41.58163070678711,42.69416017045286,41.372610431209964,42.404228908076064,4541856
2018-02-02,41.91875457763672,42.44467727847061,41.30517945139853,41.46025995342463,4462973
2018-02-05,40.07802963256836,42.36376963208184,39.94317618486249,41.68951054196119,3678470
2018-02-06,40.165687561035156,40.293796860010964,38.62163180614236,39.464457142191435,4557485
2018-02-07,39.949920654296875,40.860171247708394,39.86900695537758,40.00386040410683,4088198
2018-02-08,37.79227828979492,39.92968145343368,37.75856561459835,39.88248588106698,3937930
2018-02-09,38.567684173583984,38.931782210747556,37.17196507195811,38.39911805434185,3564317
2018-02-12,39.026180267333984,39.31611422060063,38.54071438880889,38.84413124192111,2723318
2018-02-13,39.1273193359375,39.201486146423264,38.44631612935132,38.904813472208154,2365862
2018-02-14,39.36332321166992,39.444234213403895,38.72277664955226,38.81717055479449,2144314
2018-02-15,39.511653900146484,39.76113103727892,38.992475273534424,39.673475880288855,3025546
2018-02-16,39.740901947021484,40.17242811082656,39.302631616640625,39.403769670050195,2475792
2018-02-20,39.42481231689453,40.13853864213975,39.32965154506492,39.581152760262974,2966938
2018-02-21,39.69670867919922,40.44442160017529,39.28886701025064,39.42481332049912,2410003
2018-02-22,39.63554000854492,40.158939400021474,39.533580261643216,39.927826806892654,1573862
2018-02-23,40.444419860839844,40.45801503892066,39.71030488830344,39.907428124967595,2417606
2018-02-26,41.17174530029297,41.2940964383485,40.458018919121976,40.68233253346096,1611667
2018-02-27,40.8930549621582,41.66795561893452,40.8930549621582,41.19214072322093,1934803
2018-02-28,40.5056037902832,41.287303390239444,40.485212388740976,41.10377529995236,2490682
2018-03-01,39.66952133178711,40.69592583872478,39.39082975094695,40.53958539030566,2369347
2018-03-02,39.74429702758789,39.88024609858862,39.20730517955421,39.418023638311915,2040086
2018-03-05,40.063777923583984,40.220115662522666,39.45881015600091,39.49959296156624,2105136
2018-03-06,39.22089385986328,39.839456690896746,38.87422638756276,39.655925886195355,4707014
2018-03-07,37.38560104370117,38.18769471247262,36.89619102074598,38.09253119608634,7895501
2018-03-08,37.317626953125,37.64390303181075,37.086517126650385,37.38560010935833,3799382
2018-03-09,37.548744201660156,37.603124927958525,36.95737160148965,37.41959682221087,4094534
2018-03-12,37.37200927734375,37.942987647765854,37.31762855945372,37.73226921145028,3527251
2018-03-13,37.38560104370117,37.820635826154586,37.31762788576905,37.589523255700804,3024490
2018-03-14,37.215667724609375,37.67109116340664,37.00494655629681,37.63030562619037,3163248
2018-03-15,36.991363525390625,37.36521872306088,36.943781755635946,37.24966377885777,2676221
2018-03-16,37.09331130981445,37.50115296301884,36.90298429225139,37.01854193734543,4213123
2018-03-19,36.17567443847656,37.10691561913699,35.951360789464815,37.04573867155129,3161242
2018-03-20,36.16206359863281,36.733041806387504,36.026117319044445,36.37278197491631,3038957
2018-03-21,36.38638687133789,36.6582822413555,35.896976848228164,36.16207325952845,2977392
2018-03-22,34.94534683227539,36.12809200300625,34.27240589770821,36.02613225105499,3108336
2018-03-23,34.0888786315918,35.32600465693675,34.01410923427158,35.11528617122748,3365366
2018-03-26,35.597896575927734,35.73384291267175,34.673451628535204,34.843387287668904,4835530
2018-03-27,35.43476104736328,35.95816052561505,35.20365115412192,35.63188709087337,3617117
2018-03-28,35.60469055175781,36.14168511971517,35.40756728063085,35.5231222072155,2954477
2018-03-29,36.318416595458984,36.685475511021146,35.903775917912775,35.903775917912775,3032198
2018-04-02,34.75502014160156,36.209660737900464,34.27240626276572,36.1484837907966,3446784
2018-04-03,35.693058013916016,35.727044596109074,34.78900452240736,34.89096700719005,3120269
2018-04-04,36.141685485839844,36.18246828942238,34.99972591247562,34.99972591247562,2470723
2018-04-05,36.318416595458984,36.51553986444855,36.12808954752279,36.379590799549774,3467693
2018-04-06,35.461944580078125,36.14168442242095,35.14926638839913,35.94456115509716,3004954
2018-04-09,35.33959197998047,35.75422989875085,35.18325152147496,35.65906637950431,3088272
2018-04-10,35.693058013916016,35.9309640892674,35.44155401984318,35.85619470372409,4264550
2018-04-11,35.645477294921875,35.80861398950667,35.31920116754868,35.36678293165288,1541866
2018-04-12,35.7474365234375,35.958154979055095,35.61828641392337,35.822208648283834,1386528
2018-04-13,36.17567443847656,36.33201218005768,35.91737420485137,36.08051090627742,1492550
2018-04-16,36.53593063354492,36.69227109710177,36.209657264559716,36.36599772811656,1716739
2018-04-17,36.37959289550781,36.71946420823421,36.17567339371635,36.38639185515638,2005872
2018-04-18,36.75344467163086,36.90298616235014,36.4067771951871,36.52233484613715,2458896
2018-04-19,36.42717361450195,36.82142290208078,36.16207717450183,36.746653515518474,1726454
2018-04-20,36.30482864379883,36.82822539163334,36.16888229003528,36.71267044329351,1825718
2018-04-23,36.50873947143555,36.61070195065627,36.29122480962454,36.36599692929261,2102390
2018-04-24,35.86299133300781,36.74665343289755,35.65227287809075,36.699071669645086,3372547
2018-04-25,36.352413177490234,36.57672686880777,35.35319863915005,35.82901365168125,3650592
2018-04-26,35.60469055175781,36.80103083538424,35.23083541108859,36.345607350172706,2792592
2018-04-27,35.74063491821289,36.31161325492503,35.638672447290496,35.638672447290496,2676960
2018-04-30,35.047306060791016,35.86298947689781,34.98612638182873,35.7542307753491,2832509
2018-05-01,34.741424560546875,34.99292856765663,34.12966057295355,34.958941983701855,3062928
2018-05-02,34.10926818847656,34.80939672656024,33.98691429919806,34.74142356060711,2630813
2018-05-03,34.78219985961914,34.877363361944944,34.00729940199717,34.10925912383074,4851792
2018-05-04,35.47554016113281,35.69305757030921,34.544299058365645,34.632663623328654,2405885
2018-05-07,35.27162170410156,35.37358145240134,34.76181474799195,35.339594869634745,2417818
2018-05-08,35.149261474609375,35.30559917949147,34.94533927659406,35.27161534105918,1984646
2018-05-09,35.47554016113281,35.618285447491665,35.08129088382691,35.29201207193057,1886227
2018-05-10,35.9173698425293,36.230048025919125,35.51632435931411,35.55031093979974,1512826
2018-05-11,36.467952728271484,36.59710281488087,35.91736580516863,35.99213517855107,1942934
2018-05-14,36.84861373901367,36.93697830741952,36.35920091840013,36.535932793415434,2768304
2018-05-15,36.57671356201172,36.787431992618615,36.03292282706342,36.712659876647166,3357341
2018-05-16,37.406002044677734,37.93620047960685,36.678683044071235,36.70587340950452,4823914
2018-05-17,37.4263916015625,37.62351488128804,37.304037710310155,37.31083666993731,2490154
2018-05-18,37.35841751098633,37.54194560512426,37.21567222078857,37.38560513421192,2265754
2018-05-21,37.548744201660156,37.58273352469851,37.20207939342485,37.52155657671471,1955078
2018-05-22,37.854618072509766,38.044947835469046,37.20207140272094,37.514752297164044,3134208
2018-05-23,37.555538177490234,37.8206373375037,37.106910936085434,37.61671511735514,3432528
2018-05-24,37.4355583190918,37.62753588117319,36.89390970774714,37.421845241521815,2901571
2018-05-25,37.11330795288086,37.46983686933609,36.89390426800899,37.33270887580398,1812307
2018-05-29,36.29741287231445,36.8939138610903,36.091722209507395,36.79792506924363,2301869
2018-05-30,36.948760986328125,37.16130955569237,36.56480860613463,36.63337123524605,1945152
2018-05-31,36.68134689331055,37.250421395793765,36.50308249149841,36.96931034089332,2399126
2018-06-01,37.874359130859375,38.1691833636881,37.38070496035575,37.76466004538004,3763901
2018-06-04,39.26618576049805,39.47187356195074,38.28573007817067,38.28573007817067,7046688
2018-06-05,39.21134567260742,40.16437550653222,39.163351284943616,39.54044846690269,6731894
2018-06-06,40.44548416137695,40.45234208077044,38.97137673540408,39.78727856874702,5058979
2018-06-07,40.1849365234375,40.49346824500931,40.136939385743915,40.452331786912396,3786922
2018-06-08,40.32207489013672,40.43863190870834,39.82156274031814,39.90383844530689,3582374
2018-06-11,40.459190368652344,40.726585636516226,40.315204477104835,40.36319885363789,2496384
2018-06-12,40.219215393066406,40.843142282861635,40.15065278771151,40.658022696013745,2978342
2018-06-13,39.21820068359375,40.06152860289714,39.14963806685824,40.03410245142342,3809731
2018-06-14,38.97138214111328,39.471891562455724,38.854822352797164,39.417042009444735,4204570
2018-06-15,38.0046272277832,38.6422672838359,37.67552446462616,38.46400282680104,7137610
2018-06-18,38.299442291259766,38.532556232454574,37.750935975797546,37.8606377912796,4049866
2018-06-19,37.55897903442383,38.10748564992605,37.46299023861346,37.984070694755694,3081302
2018-06-20,37.140724182128906,37.702943599524616,36.962459758266675,37.702943599524616,3058493
2018-06-21,36.24940872192383,37.18872538798145,36.050576033152886,37.154444080396715,4520630
2018-06-22,36.33854293823242,36.756776554921935,36.304258868126254,36.4276737870519,5305344
2018-06-25,36.365970611572266,36.489385545036434,35.858603324345644,36.32483414171694,2889322
2018-06-26,36.47566604614258,36.64021742049242,36.276833365632235,36.44138473998208,2391418
2018-06-27,36.24940872192383,36.85962262560903,36.23569564650019,36.53051710128788,2838000
2018-06-28,35.95458221435547,36.242545709988796,35.67347111254789,36.1328466459134,2699770
2018-06-29,35.7077522277832,36.24940063349064,35.70089431062725,36.09170444422909,2494166
2018-07-02,35.43350601196289,35.62548077684232,34.95356219489268,35.58434431363553,3171485
2018-07-03,35.38551330566406,35.803752480371436,35.227819827665016,35.6117721675203,1231085
2018-07-05,35.783172607421875,35.81059875416108,35.17295879513856,35.625476406593904,2076413
2018-07-06,35.89973068237305,36.098566109370374,35.39236352392294,35.61862233654703,1552214
2018-07-09,36.37282943725586,36.46881822586375,36.00944528177553,36.16028638498758,2456784
2018-07-10,36.660789489746094,36.71563902882301,36.393391427117976,36.393391427117976,1972080
2018-07-11,36.24940872192383,36.56480117082133,36.22884048976273,36.25626664061001,3101683
2018-07-12,36.55793762207031,37.024168304929056,36.3453918906086,36.578505851063824,2734829
2018-07-13,36.44139099121094,36.71564424948949,36.29054990389082,36.56480592411847,1386422
2018-07-16,35.968292236328125,36.5305116734686,35.8585931731359,36.44823599510028,1314192
2018-07-17,36.42081832885742,36.53052017954186,35.78318098254299,35.98201645001758,1852435
2018-07-18,36.37282943725586,36.551096697769985,36.20828077929152,36.3934004362071,1898477
2018-07-19,36.551090240478516,36.66079208835699,36.13970900142145,36.37282301145794,1320950
2018-07-20,36.22883987426758,36.4002464092792,36.0848567276886,36.22883987426758,1472486
2018-07-23,36.125999450683594,36.37282656103604,36.0094424342907,36.34540316785188,2034067
2018-07-24,36.37282943725586,36.44139483051105,36.11229199068363,36.22199109599319,3019315
2018-07-25,36.365970611572266,36.592229481623846,36.16028273839745,36.32483414171694,2918890
2018-07-26,35.68033218383789,36.640217032000166,34.83014640944665,36.640217032000166,4084397
2018-07-27,35.6666259765625,36.33168951336625,35.495216652624805,35.97516055009106,2758800
2018-07-30,36.16713333129883,36.5168043287325,35.75575487492135,35.75575487492135,2373466
2018-07-31,36.83905792236328,36.91447570149468,36.26312527109263,36.40025051456717,2404618
2018-08-01,35.947731018066406,36.83219818545787,35.90659455183361,36.5305187979723,1950538
2018-08-02,35.67347717285156,35.77632386057307,35.083834245969975,35.69404540561634,2551613
2018-08-03,36.030006408691406,36.20827085841262,35.76260835313528,35.892878421702754,2287930
2018-08-06,36.26998519897461,36.42082353902574,35.920311363004544,35.95459544033146,1763520
2018-08-07,36.749916076660156,36.914467436768035,36.22197793119471,36.2699723080552,2320138
2018-08-08,36.30424880981445,36.832186885457226,36.29053573796103,36.7567663712374,1597306
2018-08-09,36.448246002197266,36.74306749412456,36.372825458840644,36.379683378390745,1279238
2018-08-10,35.73517990112305,36.31111243786364,35.61176499697908,36.31111243786364,2063002
2018-08-13,35.37865447998047,35.85859830747235,35.12497225283366,35.796890849373575,2504726
2018-08-14,35.8596076965332,35.99800698599704,35.499763411183984,35.499763411183984,1456858
2018-08-15,35.292152404785156,35.65891262649701,34.620909947750725,35.56895088902981,3014563
2018-08-16,35.71427917480469,35.90112153556209,35.444399481635365,35.5066802685545,2178739
2018-08-17,35.963401794433594,36.03952306484043,35.50667974721287,35.61047919881389,1920970
2018-08-20,35.98415756225586,36.14331893569731,35.81807734110385,36.05335718980088,2310739
2018-08-21,36.240203857421875,36.32324397791524,35.93572155720605,35.97032137511077,1769750
2018-08-22,35.74887466430664,36.32323654163707,35.72811254772617,36.15715633465112,1668797
2018-08-23,35.43748092651367,35.75580373728239,35.38904061998845,35.67968524675021,2242627
2018-08-24,35.86650848388672,35.93570809377029,35.49282668786262,35.575866777244734,1595299
2018-08-27,36.343997955322266,36.655399058185495,36.00491588717037,36.011837522297434,1800586
2018-08-28,36.12255859375,36.48240001981194,35.99799981556549,36.42704087257549,2135866
2018-08-29,36.288639068603516,36.38551966018817,36.129477698484465,36.28171743342757,1354637
2018-08-30,35.797306060791016,36.24710909993083,35.74886856399449,36.115628726202424,1619270
2018-08-31,35.389034271240234,35.86651840173326,35.292156463179985,35.64507624374143,2816880
2018-09-04,35.25755310058594,35.35443648177636,34.95307362442694,35.27831521893168,3309187
2018-09-05,35.5897216796875,35.665840166363225,34.96691936312274,35.202199247119104,3919978
2018-09-06,35.86650848388672,36.02566702909709,35.45822688292083,35.63814754118361,3262090
2018-09-07,35.78347396850586,35.96339465479493,35.58279395353986,35.83883310751419,1821283
2018-09-10,35.91495895385742,36.170998140561515,35.83883768883191,35.92879943728115,2483923
2018-09-11,35.707359313964844,35.921879850240934,35.43055799253534,35.76964009911825,2219184
2018-09-12,36.240203857421875,36.29556300854738,35.64507974167415,35.72120101363066,1634688
2018-09-13,36.48932647705078,36.869927285166455,36.413205200383494,36.56544775371807,2107142
2018-09-14,36.84224319458008,36.869921373612804,36.378599547560185,36.4893206265209,1555805
2018-09-17,37.105201721191406,37.50656456225996,36.81455995223932,36.84224091717088,2429962
2018-09-18,37.174407958984375,37.43736880978384,37.112127170613924,37.298969535725284,1644403
2018-09-19,37.52041244506836,37.65881451969683,37.22977338480854,37.28513254209362,2366179
2018-09-20,37.769535064697266,38.02557710593334,37.65881674358878,37.81797816314692,2095104
2018-09-21,37.45120620727539,37.91484986989185,37.1328862306165,37.91484986989185,5199216
2018-09-24,36.219444274902344,37.33356843916254,36.04644239895931,37.27820928841807,3253642
2018-09-25,35.34751892089844,36.44088375475913,35.229878983021884,36.37168411925647,4169933
2018-09-26,35.25755310058594,35.8941958065682,34.88387120929092,35.34751484645783,5888467
2018-09-27,34.759315490722656,35.2921588022237,34.73163452223659,35.25755619781106,2585088
2018-09-28,34.011959075927734,34.75932308750982,33.942759427198844,34.7385637504133,4711027
2018-10-01,34.57939529418945,34.75931601685197,34.171113547085675,34.1849540315382,3087638
2018-10-02,34.80775833129883,35.07764082470293,34.48251668449379,34.59323777890599,2766931
2018-10-03,33.382225036621094,34.90463357881082,33.36146570573584,34.87695261255722,5835034
2018-10-04,33.75590133666992,33.78357950844118,33.264576851908245,33.396060015160806,5110195
2018-10-05,33.75590133666992,34.413303214886724,33.6936205718685,33.73513922332998,4715462
2018-10-08,32.75251007080078,33.79743468427178,32.45494938470476,33.596754610524755,4639114
2018-10-09,30.891016006469727,31.901340607079355,30.57269325862373,31.901340607079355,8579155
2018-10-10,30.122894287109375,31.167818750038958,30.102134955342635,30.953298221489245,9729034
2018-10-11,29.631568908691406,30.52425360336286,29.541609948241536,30.219774119798757,6047818
2018-10-12,29.527774810791016,30.30281971860449,28.97417210167009,30.212857954257377,4915786
2018-10-15,29.54852867126465,29.825332762151408,29.444729227889557,29.47241019450022,5013360
2018-10-16,30.02601432800293,30.05369529602129,29.32016915680536,29.548530173931614,5507568
2018-10-17,29.894529342651367,30.178249464844278,29.62464691474279,30.005247622583948,4204675
2018-10-18,29.105649948120117,29.763054849005346,28.835770254295717,29.57621248779442,3941942
2018-10-19,29.230209350585938,29.5623698068026,29.154088084532123,29.216368866975245,2930294
2018-10-22,28.323686599731445,29.347848923154675,28.240643699076628,29.250968326667348,4444598
2018-10-23,28.635086059570312,28.808087927992883,27.520961943741547,27.998446097048216,4860451
2018-10-24,27.465599060058594,28.73196553990752,27.403318284392306,28.697362940840932,5115370
2018-10-25,30.282062530517578,30.773381694253256,28.372133884925002,28.593573311706532,7412381
2018-10-26,31.036340713500977,31.493062773013595,29.797654958907053,29.99833501911404,9052560
2018-10-29,30.19902229309082,31.617626194844185,29.776897202230188,31.347746458818847,5910538
2018-10-30,31.403099060058594,31.569182079400946,30.19209435043304,30.268215618147867,5775370
2018-10-31,31.38925552368164,32.06741965618516,31.237015790666675,31.790618367679,5456986
2018-11-01,31.88749885559082,31.998219928159525,31.147053947720547,31.52073861299359,3515635
2018-11-02,31.513822555541992,32.358067050337304,31.299302007502746,32.18506516960358,3272333
2018-11-05,31.949783325195312,32.157385011800486,31.403099534244042,31.679900853847574,4971014
2018-11-06,32.268104553222656,32.572586852804854,31.90826310263016,31.949784556595542,4812509
2018-11-07,32.79403305053711,32.84939220833094,32.07434727355403,32.58643133049179,4224739
2018-11-08,32.5172233581543,32.821705643166254,32.23350319293661,32.724825042826545,3178771
2018-11-09,31.984384536743164,32.46878477646965,31.714502053624084,32.32346665587885,3926630
2018-11-12,31.56918716430664,32.09510891204009,31.479225398188813,32.02590926894053,2854685
2018-11-13,31.762937545776367,32.27502146500733,31.583016846816523,31.638378777333273,3434746
2018-11-14,31.895862579345703,32.567502488228406,31.664986624883838,32.10575057930467,3472762
2018-11-15,32.0567741394043,32.19669758219504,31.035322861116747,31.28718674912594,4100976
2018-11-16,32.30863952636719,32.49054170142033,31.762933001207767,31.9658231299913,3238541
2018-11-19,32.3436279296875,32.81237779435575,32.08476610618877,32.35062579476912,3539818
2018-11-20,32.00082015991211,32.644471677085534,31.1822586215513,32.049793951252596,3622186
2018-11-21,31.937843322753906,32.203700157606285,31.69297444372931,32.10575260599644,3366211
2018-11-23,31.420127868652344,31.658001763341936,31.10529717659306,31.623018070170104,1421165
2018-11-26,31.97982406616211,32.203705023184554,31.671988454833894,31.762940974346325,2711914
2018-11-27,31.874881744384766,32.098762703454824,31.49708438739818,31.7699391301204,3630317
2018-11-28,31.448108673095703,32.11275082592114,30.762478562368003,31.993815306727708,6201149
2018-11-29,32.00082015991211,32.26667426078909,31.31518708114532,31.45511340710859,4746192
2018-11-30,32.315643310546875,32.595493103100786,31.902865077903158,31.902865077903158,4299187
2018-12-03,33.09923553466797,33.35809745914409,32.63048830546037,32.91733324624704,4191581
2018-12-04,32.14073944091797,32.9313150464598,31.83990168437834,32.84736038924667,5657731
2018-12-06,31.56705093383789,31.57404598186238,30.783473094475927,31.532070057093353,4341322
2018-12-07,31.315183639526367,32.02879965040873,31.15426936876237,31.616021402564623,3393667
2018-12-10,31.00034523010254,31.692973108019615,30.503612447149084,31.315175827491203,3952714
2018-12-11,30.881410598754883,31.762938631406925,30.720499167219366,31.490083911306897,3315523
2018-12-12,30.965370178222656,31.56005062028448,30.902403483263534,31.392138494289952,2148960
2018-12-13,30.139816284179688,31.077313286115576,30.048863757472613,30.93038910657005,3765696
2018-12-14,30.391677856445312,30.629548907209074,29.859964106518834,29.894944977612884,3638237
2018-12-17,28.929462432861328,29.894945191546473,28.621626819395953,29.734030928713846,5447693
2018-12-18,28.796531677246094,29.58710719728317,28.66360324950962,29.202314825147653,2968522
2018-12-19,28.40474510192871,29.454179643899238,28.25782094044648,28.775544573997575,3451430
2018-12-20,27.677135467529297,28.579651550993052,27.32732392782038,28.3417776748073,6041587
2018-12-21,27.36930274963379,28.271816017565346,27.29234313970284,27.60717380824117,6508762
2018-12-24,26.27789306640625,27.327327835601125,26.27089519999119,27.30633987297811,1960042
2018-12-26,27.719120025634766,27.733112941091107,26.27789482661174,26.56473972937733,3554707
2018-12-27,28.250818252563477,28.25781329726086,27.11043150352015,27.236362036241005,4592755
2018-12-28,27.852041244506836,28.64961185309187,27.684131939363727,28.48170254794876,4149763
2018-12-31,28.236831665039062,28.26481748671201,27.43226606589008,27.99196558948697,3443827
2019-01-02,28.698589324951172,28.782543988316455,27.649151805418818,27.922006575089153,3280886
2019-01-03,28.236831665039062,28.943452524953415,27.956981903240617,28.446719690965484,3680371
2019-01-04,29.566116333007812,29.69904474767531,28.754552935304677,28.908469305364378,3187008
2019-01-07,29.922937393188477,30.419667563129227,29.40521362300779,29.566127920134825,3593146
2019-01-08,30.335702896118164,30.482627047969537,30.069848868490375,30.25175106930644,3604867
2019-01-09,29.88094711303711,30.076842213344545,29.370221406752755,29.838971202005588,4264445
2019-01-10,31.35016441345215,31.52507159655259,29.69905142729724,29.80399404617106,7170134
2019-01-11,31.650997161865234,31.67198511865325,31.042323868530296,31.203238113295804,4018819
2019-01-14,30.95138168334961,31.39914084051121,30.881417113237656,31.378152878633113,2695546
2019-01-15,31.280202865600586,31.33617169902553,30.832443743268733,30.95137927574097,1669958
2019-01-16,31.084304809570312,31.420123415286355,31.028333163077306,31.252214112428334,2230483
2019-01-17,31.483089447021484,31.64400369984255,30.713504688705004,30.888409034544914,2240515
2019-01-18,31.958829879760742,32.28065834048115,31.58103259984594,31.657992192259528,3531686
2019-01-22,32.00082015991211,32.11275783870945,31.6649986685869,31.832908005093973,2685514
2019-01-23,32.063785552978516,32.81938042105165,31.79093357292006,32.70743991868689,3432000
2019-01-24,32.37160873413086,32.44856832823279,32.014799401297495,32.10575190508251,2416762
2019-01-25,32.861351013183594,33.24614340013724,32.72841976201763,32.72841976201763,2843386
2019-01-28,32.777400970458984,32.784398837006236,32.308653825926996,32.63048241101133,2723424
2019-01-29,33.11322021484375,33.29512245801528,32.861356220831844,32.89633709625203,2783194
2019-01-30,33.09923553466797,33.456045062010105,32.58151450402736,33.23216402165589,3744576
2019-01-31,33.18318176269531,33.59596003576377,32.98029155917499,33.44903866891117,4396234
2019-02-01,32.420589447021484,33.29511971542194,32.34362983644985,33.29511971542194,3833491
2019-02-04,32.46956253051758,32.4835554428928,32.04279138547112,32.36461709685871,2619619
2019-02-05,32.72842025756836,32.84735859892245,32.41358960560107,32.518535035130526,2417818
2019-02-06,32.96629333496094,33.17618137069865,32.5815009513672,32.60248890944782,2045261
2019-02-07,32.39960479736328,32.88933988125151,32.14074293215641,32.78439725291353,2727648
2019-02-08,32.17571258544922,32.46256017881879,31.839894037251685,32.294648086410014,2369453
2019-02-11,31.91686248779297,32.308649963332584,31.741955301378095,32.28766200282225,2380858
2019-02-12,32.90333557128906,33.07824278491962,32.18971943810152,32.18971943810152,3345302
2019-02-13,32.71443557739258,33.197175614514535,32.686449749112434,33.155199690405325,2602512
2019-02-14,32.53252029418945,32.78438419285414,32.3995918905906,32.54651038441259,2443901
2019-02-15,32.98727798461914,33.10621349289483,32.65145941576773,32.82636374608193,3086899
2019-02-19,33.18318176269531,33.400064879960304,32.75641057588219,32.98728660689185,3095875
2019-02-20,33.75590896606445,34.10944742675976,33.19731871086657,33.19731871086657,4272365
2019-02-21,33.05590057373047,33.64277479871927,32.900344339537696,33.57206767848048,3333475
2019-02-22,33.04883575439453,33.48015380722624,32.76600438442312,33.239745576164914,3333686
2019-02-25,33.649845123291016,33.784189782709625,33.33872982595148,33.3811558044538,3191866
2019-02-26,33.33872985839844,33.925604047394955,33.3175182932951,33.60742202583408,2369558
2019-02-27,32.985198974609375,33.317525913361685,32.822570292169395,33.16196965313164,2016854
2019-02-28,32.3983154296875,32.94983602988919,32.256901205791216,32.75892340962508,3258394
2019-03-01,32.6953010559082,32.85085733056283,32.37711323539535,32.71651262782978,3203270
2019-03-04,32.48317337036133,32.914491427918875,31.896299054533245,32.84378144839814,3024173
2019-03-05,32.54680633544922,32.80842610191788,32.39125009912747,32.44074565363945,2316758
2019-03-06,32.51145553588867,32.80135646645755,32.362968859742445,32.57509308971382,1546406
2019-03-07,32.42659378051758,32.560941269352135,31.917499200210248,32.46901975304478,2225942
2019-03-08,32.362972259521484,32.391256252712246,31.910439761820037,32.13670601067076,2393424
2019-03-11,32.864990234375,33.112467999443645,32.5185213632789,32.525590935850694,3370858
2019-03-12,33.12661361694336,33.31045387143677,32.99934134742491,33.10540204674655,3273389
2019-03-13,33.451873779296875,33.7417776056611,33.1619728012705,33.34581307111749,3343613
2019-03-14,33.20439529418945,33.45187312342707,32.89327990195677,33.45187312342707,3050890
2019-03-15,32.17911911010742,33.08417804628538,32.016490486913035,32.879126298636436,8892787
2019-03-18,32.68822479248047,32.69529721451528,32.08720848805951,32.26397916220465,3173280
2019-03-19,32.645790100097656,33.2255917815567,32.53265702261668,32.84376942526873,2587094
2019-03-20,31.938720703125,32.70236565960444,31.684173333744322,32.65993967387229,3898858
2019-03-21,32.34882736206055,32.43367648568634,31.776092217164635,31.839729771968337,3495254
2019-03-22,31.394271850585938,32.299331046979944,31.365987860593197,32.21448192533909,3137059
2019-03-25,31.365982055664062,31.747804456552384,30.913452541217083,31.090223173450564,2440733
2019-03-26,31.96700096130371,31.995284948489516,31.585178527643695,31.670027640864024,2139984
2019-03-27,32.12961959838867,32.37002486950803,31.917495457301115,32.10840803878077,2309894
2019-03-28,32.52558517456055,32.54679958519231,32.143762811563946,32.20740319512269,2156563
2019-03-29,32.71650314331055,32.879131793684856,32.22154761970917,32.68114958424431,2347488
2019-04-01,33.6922721862793,33.7346981697339,32.801355017105195,32.88620413567714,3326611
2019-04-02,33.32459259033203,33.74176858531837,33.16903350858317,33.6922701833952,2090352
2019-04-03,33.727630615234375,33.91147085786585,33.43065725829028,33.60742792742484,3101789
2019-04-04,33.451873779296875,33.60743290263207,32.92156454172423,33.60743290263207,2544115
2019-04-05,33.49428939819336,33.72055274190188,32.645795450528254,32.89327035963573,3008227
2019-04-08,33.487220764160156,33.60742629446643,33.28216896266382,33.494293185650854,1592448
2019-04-09,33.32459259033203,33.39529971021583,33.00640485418076,33.30337817569722,1956979
2019-04-10,33.18318557739258,33.437732995262856,32.88621216570828,33.19732757533058,2004922
2019-04-11,33.27510070800781,33.75591145493545,33.16903716814297,33.3316658404883,2278531
2019-04-12,33.770057678222656,33.9114747996357,33.53672184897823,33.55793626860973,2018544
2019-04-15,33.28922653198242,33.8902454217792,33.23266142214022,33.71347482497588,2587094
2019-04-16,31.754880905151367,32.09428025073678,31.019519928889153,31.783164896034517,10180368
2019-04-17,31.083154678344727,31.889222710713952,30.885172456709366,31.83972715530511,4456954
2019-04-18,31.415483474731445,31.563970149951114,31.06194499254349,31.069014565885556,2664077
2019-04-22,31.245779037475586,32.348820250454374,31.13971552000741,31.87507917699674,3039274
2019-04-23,31.599319458007812,31.77608725112864,30.94880771298181,31.245781023429178,3532637
2019-04-24,31.31648826599121,31.76194823344478,31.30941584523589,31.450832928635418,3361142
2019-04-25,32.19326400756836,32.85792061009027,31.266993343583003,31.995284644162084,5444630
2019-04-26,32.51852035522461,32.82256323645363,32.14376750878433,32.34882213539152,2978870
2019-04-29,32.872066497802734,32.985199620338214,32.461962845075874,32.63166110471027,2581498
2019-04-30,33.098331451416016,33.32459768765833,32.461961578448594,32.8720652151737,4353149
2019-05-01,32.539737701416016,33.22560312328432,32.41246543809933,33.091261286359064,2876438
2019-05-02,32.76599884033203,33.05589973495731,32.384176413059095,32.54680506415141,2261952
2019-05-03,33.30338668823242,33.5650065166785,32.836715020376076,32.879141012152935,2699347
2019-05-06,32.92155838012695,33.07004505279005,32.539735914470036,32.67408344069244,2231962
2019-05-07,32.539737701416016,32.65287081751555,32.20741362340094,32.58923326168847,3025123
2019-05-08,32.25691604614258,32.55388662261857,32.221559625565405,32.39126075998636,2015693
2019-05-09,32.32054138183594,32.497312040038295,31.585180456787693,31.889223368425476,2403456
2019-05-10,32.27812576293945,32.39832847130503,31.733674515434554,32.15792305457388,2250336
2019-05-13,31.224563598632812,31.691235042240073,30.927590343912478,31.6346670803868,3919027
2019-05-14,31.63467788696289,31.9882163759707,31.31649296202212,31.365988521383457,2524579
2019-05-15,31.691251754760742,31.903373178564333,31.252861212556496,31.394278343430173,2935680
2019-05-16,32.073062896728516,32.45488534534073,31.797303980047978,31.81144597419468,2804947
2019-05-17,31.868000030517578,32.05184019387859,31.500319703795558,31.81850449236899,2244950
2019-05-20,30.545778274536133,31.160936552527136,30.439714734535155,31.069015007748785,3971405
2019-05-21,31.472049713134766,31.59225240253814,30.665981603601892,30.665981603601892,3815222
2019-05-22,31.033658981323242,32.04478165196496,31.033658981323242,31.648817210501107,4671216
2019-05-23,30.66598129272461,30.84274911407362,30.46799905414377,30.651839297349202,2813712
2019-05-24,30.594453811645508,31.359850478452714,30.544378089367452,31.066568343699664,2896714
2019-05-28,30.422767639160156,30.658824860158948,30.286856080497692,30.54437226298059,3312038
2019-05-29,30.04364585876465,30.372693823231238,29.771822750252923,30.201016373808862,2473363
2019-05-30,29.857666015625,30.39415740626842,29.6430677304327,30.258245831343547,3136848
2019-05-31,29.664522171020508,29.72890193491692,29.23532854764072,29.46423373448179,3530947
2019-06-03,30.01503562927246,30.344086515193606,29.571535017564784,29.6716806887966,4075843
2019-06-04,31.395610809326172,31.40276571762104,30.243938558738456,30.35123624914025,4012694
2019-06-05,31.61736297607422,31.624515003235906,30.83765946377822,31.510065279300374,3283526
2019-06-06,31.932113647460938,32.09663624086011,31.538685794854434,31.545837823522735,4216714
2019-06-07,32.16816329956055,32.382758687375265,31.753273696314345,32.07516965959443,3229987
2019-06-10,31.25969696044922,32.36845120633142,30.894880229297407,32.31122347039357,4846090
2019-06-11,31.445688247680664,31.860575016591255,31.216785898313038,31.63882757656663,3000096
2019-06-12,31.13094711303711,31.581602706621897,30.995035520273877,31.524377834453706,2883725
2019-06-13,31.417078018188477,31.62452142670973,31.181020732092335,31.395619050786646,3731798
2019-06-14,30.75181770324707,31.3813026491667,30.508608461874744,31.25969802848054,4014701
2019-06-17,30.37984848022461,30.787583139623813,30.201016124311636,30.64451956013964,4611763
2019-06-18,30.530071258544922,31.080869574841657,30.415618649936892,30.544375313257532,4403098
2019-06-19,30.73035430908203,31.045098206928294,30.615904602190348,30.737509216736296,3384480
2019-06-20,31.166709899902344,31.531523792665574,30.966415681976393,31.17386192696204,2430173
2019-06-21,31.195329666137695,31.359855150378362,30.88058851891773,31.173870697363345,4193798
2019-06-24,30.279712677001953,30.62306768476081,30.172414957466984,30.55868790041635,3383741
2019-06-25,30.515766143798828,30.723209528212198,29.900585136783594,30.208174199512044,3406128
2019-06-26,30.429920196533203,30.794734039811253,30.401306329059675,30.665977399295677,3079824
2019-06-27,30.701749801635742,30.80904750507213,30.47284457643487,30.53007232351422,1856870
2019-06-28,30.987878799438477,31.209629107654333,30.70174871880811,30.75897358231092,5017162
2019-07-01,31.295475006103516,31.524380275619308,30.909199164769873,31.33124091417308,3548582
2019-07-02,31.309768676757812,31.381300462582217,30.937799932601806,31.274002783845614,2742854
2019-07-03,31.552976608276367,31.595897406946854,31.045096339241738,31.045096339241738,1754227
2019-07-05,31.381305694580078,31.524372171639012,31.102327649172107,31.324080832691354,2446330
2019-07-08,30.980722427368164,31.62451141655423,30.8233490320786,31.173858835968208,3606768
2019-07-09,30.91634178161621,31.030794381530256,30.723205360527082,30.8305059336281,3056170
2019-07-10,30.866273880004883,31.31692944328038,30.83051085866881,31.088027088444065,2235763
2019-07-11,30.437074661254883,30.823350376865488,30.172406451371195,30.701745752696457,3397363
2019-07-12,30.594453811645508,30.69459949308478,30.243943926608065,30.45138731749294,2510957
2019-07-15,30.029340744018555,30.358391609981805,29.929195078860864,30.029340744018555,4436045
2019-07-16,30.47284507751465,31.066567114655317,30.193869891369417,30.29401556884676,3763690
2019-07-17,30.22963523864746,30.515765328826355,30.015036950623728,30.429926589928513,3365155
2019-07-18,30.401308059692383,30.451380889842692,29.97211154938752,30.050798248640234,2944339
2019-07-19,30.930654525756836,31.0880250645591,30.308318634921257,30.50145795584779,3546154
2019-07-22,30.57299041748047,31.166712448066722,30.408467847633922,31.05225983484779,2508317
2019-07-23,31.13809585571289,31.32408025537105,30.76612705639657,30.801892954612597,3199152
2019-07-24,31.560136795043945,31.982178418896396,31.04510153262772,31.10948130062449,4684627
2019-07-25,32.89778518676758,33.02654469037459,31.60304677030537,31.617353701990286,6347299
2019-07-26,32.40422439575195,32.84772504132808,32.03940758246808,32.833418104122664,3882912
2019-07-29,32.211082458496094,32.568744333447206,32.08232579718624,32.40422177279805,2310528
2019-07-30,32.2325439453125,32.304075743196535,31.681742762177638,32.04655666032107,1946947
2019-07-31,31.409912109375,32.19676746094099,31.12378210474444,32.18246341003325,2990170
2019-08-01,30.55868148803711,31.552983277718198,30.25824447851193,31.52437228744777,3633590
2019-08-02,30.14378547668457,30.55152005773735,29.73604801407459,30.39414669267483,4107946
2019-08-05,28.75606918334961,29.864820851046403,28.54147087798054,29.714602325443906,5996074
2019-08-06,28.591543197631836,29.149496476153768,28.398403861859762,29.013584890932727,5243990
2019-08-07,28.741750717163086,28.77036458435297,27.990661196668437,28.255332264280803,3763795
2019-08-08,29.292558670043945,29.37839741015274,28.77037132013977,28.84190312330405,2885309
2019-08-09,28.505701065063477,29.21387285385514,28.334026461137526,29.1995687980301,3794947
2019-08-12,27.568620681762695,28.498542585583575,27.54716172132468,28.355479007253162,3515635
2019-08-13,28.648757934570312,28.97780585763236,27.339715386274932,27.482778948939107,4331290
2019-08-14,27.996826171875,28.50388469392307,27.75778471405042,28.25035251491249,5008925
2019-08-15,27.982345581054688,28.380747140787143,27.620162079662705,28.15619342828386,3788717
2019-08-16,28.243112564086914,28.554590147402674,27.837465710659803,28.22862475960926,2746128
2019-08-19,28.482160568237305,28.627032810230336,28.308312710650675,28.561842052125954,3127450
2019-08-20,28.011316299438477,28.503890028459388,27.982343605603848,28.43145099890508,2075040
2019-08-21,28.264842987060547,28.416957624348157,28.19240397170154,28.228622020387782,3062294
2019-08-22,28.14894676208496,28.503890720551585,27.96785647876994,28.37350338217504,1600157
2019-08-23,27.11310386657715,28.10548801875746,26.982716520047312,28.069269959829693,4110374
2019-08-26,27.35214614868164,27.627405738558675,27.113104618737115,27.330415896319618,2462486
2019-08-27,26.613290786743164,27.56945688784786,26.49014880178003,27.417339288309627,4249872
2019-08-28,27.084125518798828,27.330412379833646,26.40321907650706,26.4901459107455,2237347
2019-08-29,27.975099563598633,27.9823420071468,27.3811170631064,27.402847311737833,3062928
2019-08-30,28.32280158996582,28.525625070819334,28.11273566393365,28.28658352809735,4006886
2019-09-03,27.5694580078125,27.93888397770923,27.497021886419514,27.888178109136643,4527917
2019-09-04,28.004072189331055,28.177920013943858,27.656376540105445,28.011314632862035,2611805
2019-09-05,28.518375396728516,28.619787121825564,28.214143139424504,28.214143139424504,7564128
2019-09-06,28.561843872070312,28.67049806048847,28.366262831332442,28.656010251768517,2118125
2019-09-09,29.09062385559082,29.73530925958389,28.800876524655028,28.902288236381892,5653718
2019-09-10,29.865705490112305,29.87294793540208,29.17755646807836,29.184798913368137,6377184
2019-09-11,30.307567596435547,30.322055403604963,29.42383762098711,29.764290876512742,3559354
2019-09-12,30.66251564025879,30.91604502847789,29.959878717473295,30.36552573862385,4284298
2019-09-13,30.988473892211914,31.481044742613566,30.763920177614246,30.829110932442735,4614509
2019-09-16,30.77115249633789,30.887051996761873,30.365508621833495,30.65525591390027,4189891
2019-09-17,30.25686264038086,30.481416363292457,29.546983411626858,30.16269334994095,3693888
2019-09-18,29.836732864379883,30.271352532526603,29.6339064619279,30.19891640750009,4477757
2019-09-19,29.525249481201172,30.01057789253793,29.44556800041756,29.916408604522083,3828317
2019-09-20,29.481782913208008,30.054032214254086,29.286201932784092,29.55421901648201,4923600
2019-09-23,29.749797821044922,29.94537880634772,29.054406543488753,29.14857289649664,3723350
2019-09-24,29.460058212280273,30.054037872539997,29.257231832550698,29.945383697172627,5995229
2019-09-25,29.959875106811523,30.046799041155438,29.50352226301523,29.53249788045909,2865456
2019-09-26,29.930891036987305,30.083008608628592,29.61216808907411,29.99608469883169,1485475
2019-09-27,30.177183151245117,30.329297831471774,29.91640845831407,30.169937788670733,1965110
2019-09-30,30.29306983947754,30.401723980579604,30.148197651341455,30.191658140587727,2694701
2019-10-01,29.061656951904297,30.597317974040024,29.061656951904297,30.47417597805476,3690614
2019-10-02,28.583568572998047,28.98197302243872,28.387987570257263,28.98197302243872,3406867
2019-10-03,28.482160568237305,28.73568990971258,27.93888382478849,28.525623991627697,3182890
2019-10-04,28.380752563476562,28.663257557692457,28.025814356727267,28.474921867544477,2528803
2019-10-07,28.337282180786133,28.670490015900373,28.22862510486816,28.359012428774992,1776931
2019-10-08,27.837465286254883,28.10548237003834,27.76502918295776,27.960607245457343,2649187
2019-10-09,28.474918365478516,28.627033053669766,28.06202605271477,28.214146576881017,3092074
2019-10-10,29.14133644104004,29.27172087337933,28.431454295019456,28.431454295019456,3567907
2019-10-11,30.104745864868164,30.466929393001543,29.699101830712284,29.699101830712284,4000445
2019-10-14,29.793264389038086,29.996087839126755,29.56871068872196,29.996087839126755,2058883
2019-10-15,30.00333023071289,30.16269026208068,29.720828224288756,29.807752143033657,1922870
2019-10-16,30.34377670288086,30.7928869206801,29.95261769666164,30.054029398940198,4592333
2019-10-17,30.329299926757812,30.45244191915616,29.98160420281247,30.372763351244753,2156035
2019-10-18,30.611801147460938,30.792894350362793,30.242372297455514,30.24961765964441,2658480
2019-10-21,30.62628746032715,31.227512429301388,30.604557210794525,30.90154701436386,2611066
2019-10-22,31.04642677307129,31.220277565503086,30.445201658124077,30.662512960173007,1616947
2019-10-23,31.43033790588379,31.54623452287891,30.858085593276233,30.966742683941607,3164093
2019-10-24,30.56110191345215,31.510025717001003,30.314817905348992,31.336174920588856,2686570
2019-10-25,31.147830963134766,31.29994854586702,30.503145494968972,30.64077235402725,2487514
2019-10-28,31.29271125793457,31.596943555538616,31.24924783371255,31.328929319125827,1908298
2019-10-29,30.92327308654785,31.140584306479184,30.597307715644178,30.97397894059894,2733350
2019-10-30,30.894304275512695,30.97398282903383,30.401730558905044,30.901546719292064,3006643
2019-10-31,31.640403747558594,32.07502335544294,30.894306510858208,31.292708061251123,4980730
2019-11-01,31.843229293823242,31.922910776326344,31.56072725965416,31.864959546146846,2633136
2019-11-04,32.277854919433594,32.40099691830076,31.676626898045715,31.843232323683022,3124915
2019-11-05,32.770416259765625,32.84285237168423,32.23438494638601,32.23438494638601,3045715
2019-11-06,32.886322021484375,32.92254008430689,32.4516994316389,32.79215272375571,2624160
2019-11-07,32.922542572021484,33.13985388336484,32.770424945879924,32.87183669664096,2579386
2019-11-08,33.473052978515625,33.55997397088623,32.81387683048583,32.95874904175264,2454038
2019-11-11,33.28472137451172,33.444081409756336,33.10362817056181,33.28472137451172,1885488
2019-11-12,33.48030471801758,33.733834076116246,32.97324600182024,33.13985142542618,2838422
2019-11-13,33.212276458740234,33.494781339979724,33.01669840094881,33.30644572514896,2365546
2019-11-14,33.33902359008789,33.40495200513164,33.016694106627725,33.0679737301099,1802486
2019-11-15,33.44157791137695,33.55146153793711,33.221807707251514,33.40494708485178,2148221
2019-11-18,33.61006546020508,33.771228688120296,33.126572825454566,33.45622367532462,2162688
2019-11-19,33.675987243652344,33.80052552589806,33.52214843999963,33.69796337245865,2731555
2019-11-20,33.14122772216797,33.54413734172327,32.81889825592049,33.5221612045489,2374205
2019-11-21,32.73831558227539,33.31704310768889,32.69436331131028,33.18518039278324,2843914
2019-11-22,33.053321838378906,33.13390494663168,32.767623188128645,32.86285508787689,2252131
2019-11-25,33.7492561340332,33.82251188621739,33.05331763526796,33.07529672172735,2238826
2019-11-26,33.866455078125,33.88843120768781,33.28773065960855,33.61738440706817,2245056
2019-11-27,34.02029800415039,34.1814612254553,33.75657556446834,33.92506613051718,1924243
2019-11-29,33.947044372558594,34.02762451271676,33.65401843769864,34.02762451271676,1207536
2019-12-02,33.8737907409668,34.59170240803189,33.85181460600692,34.196117223728635,2964509
2019-12-03,33.75657272338867,33.771224460638656,33.06796172967101,33.48552296177526,2834726
2019-12-04,33.668663024902344,34.27669089904783,33.62470781605848,33.9543615538724,2682346
2019-12-05,34.07890701293945,34.13751397548074,33.62471780827025,33.85181536161001,1940083
2019-12-06,34.62100601196289,34.76752046456249,34.40123580856605,34.43053928928699,2691638
2019-12-09,34.738216400146484,34.899379639393466,34.46716658554491,34.62100543023728,3984605
2019-12-10,33.88111877441406,34.13018953338952,33.551464910591065,33.82251475789202,3677309
2019-12-11,33.829837799072266,34.1008876355227,33.70530242456987,33.99100400231564,3169267
2019-12-12,34.108211517333984,34.34995786755544,33.8078611538185,33.969024403631046,5391302
2019-12-13,33.961700439453125,34.60635639788703,33.961700439453125,34.33530951308254,3016886
2019-12-16,33.8444938659668,34.37193891397877,33.77856249721388,34.31333489231266,5137757
2019-12-17,34.13018798828125,34.35728555066109,33.859141104256274,33.88111724058148,5388662
2019-12-18,33.91041564941406,34.152161965837614,33.712621599064875,34.071578876694815,4726762
2019-12-19,33.675987243652344,34.181455912223086,33.55145191241089,34.1521553908161,4247760
2019-12-20,33.800537109375,34.09356308089507,33.675998784449874,33.86646551838766,6321110
2019-12-23,33.89575958251953,33.89575958251953,33.588081955264386,33.763896899123196,3049411
2019-12-24,33.75657272338867,34.04959861537482,33.70529311851599,33.93238766837946,838147
2019-12-26,33.837154388427734,33.85180907734772,33.55878317205418,33.82982999497236,951773
2019-12-27,33.61738967895508,33.88111212807892,33.5294821959138,33.88111212807892,1347562
2019-12-30,33.62471389770508,33.71994872525625,33.36831879492382,33.62471389770508,1375546
2019-12-31,33.73460006713867,33.763900593651634,33.52948162652402,33.55145775915993,1515149
2020-01-02,33.346343994140625,34.100886513483495,33.27308824107963,34.04960689613975,3449002
2020-01-03,32.760292053222656,33.009365744927706,32.745640312415865,32.84087515215741,2994605
2020-01-06,32.19622039794922,32.7383201224014,32.13761637820019,32.628433527739304,3214570
2020-01-07,31.85190773010254,32.05702913138105,31.68342010395346,31.991097779363837,3498950
2020-01-08,32.225521087646484,32.41598782406411,31.844587614811232,31.903191629476147,2657846
2020-01-09,32.31343078613281,32.51854927793937,32.13029138345233,32.320758132843345,1868698
2020-01-10,32.225521087646484,32.5698266824405,32.18156881439913,32.31342858514652,1896682
2020-01-13,32.555179595947266,32.67239059304191,32.21820129918162,32.34273669252967,2888054
2020-01-14,32.5405158996582,32.701679102470884,32.42330495624699,32.45260842985089,2121610
2020-01-15,32.59912872314453,32.723664093176566,32.26214753846412,32.45994161234311,1393498
2020-01-16,33.221805572509766,33.25110905144489,32.6723815730032,32.75296466457234,3383213
2020-01-17,33.51483154296875,33.66867038102741,33.24378174005516,33.309713092223866,2815930
2020-01-21,32.62843322753906,32.84820346383565,32.115639944187755,32.643087921098456,3377299
2020-01-22,32.6064453125,32.8921468115972,32.540516921327864,32.69435573607182,1766688
2020-01-23,32.716331481933594,32.84819121373255,32.07900010005789,32.415978249104604,1745146
2020-01-24,31.8885440826416,32.701690679481686,31.72738082277411,32.64308666253135,2982038
2020-01-27,31.19260025024414,31.52957842316121,31.046085819972404,31.324459991383577,3279830
2020-01-28,31.39039421081543,31.51492956979288,31.17794841502515,31.492953436092137,2107248
2020-01-29,31.771329879760742,32.1083110583588,31.46365218217255,31.544235279447115,3652387
2020-01-30,30.906909942626953,31.624824714199747,30.298881771359387,31.30981960773086,4800682
2020-01-31,29.830032348632812,30.687134100177275,29.33189086845863,30.58457486578725,6768115
2020-02-03,30.218290328979492,30.43073317280598,29.837356908529625,30.035150963958355,3767280
2020-02-04,30.591894149780273,30.855616561139232,30.518638416236854,30.723753879957545,3450691
2020-02-05,32.26213836669922,32.39400104513146,30.90689552038624,30.90689552038624,4779139
2020-02-06,32.41598129272461,32.57714451383512,32.02039615817634,32.467260901851326,2967254
2020-02-07,31.91050910949707,32.24016286095015,31.86655684983901,32.144928046683674,1931635
2020-02-10,32.04237365722656,32.137605526036715,31.720044279936534,31.822603493119516,1715578
2020-02-11,32.50388717651367,32.92144842275475,32.115629405764636,32.22551301235295,1862256
2020-02-12,32.59912872314453,32.95075869758914,32.56982524160575,32.6504083403348,1862362
2020-02-13,31.829931259155273,32.41598312486847,31.66144068378663,32.41598312486847,2334077
2020-02-14,31.639467239379883,32.093656441057334,31.492955736002052,31.83726131014613,1874611
2020-02-18,31.66876792907715,31.683419668324515,31.214578767433295,31.53690522685576,1611139
2020-02-19,31.28050994873047,31.91051708635257,31.2292303323078,31.668770744789292,2591635
2020-02-20,31.846254348754883,31.920400899889273,31.27532232075237,31.349468871886764,2332810
2020-02-21,32.083526611328125,32.216989804805166,31.460688418802853,31.735034239827993,2834304
2020-02-24,30.659902572631836,31.134447745654718,30.489366074647613,31.030641362417242,2736413
2020-02-25,29.087966918945312,30.97130789981044,29.021236833980286,30.73403840608291,3976896
2020-02-26,28.783966064453125,29.799783145381166,28.702403084350973,29.436460944603123,3759994
2020-02-27,27.478979110717773,28.84328877578305,27.464152190199645,28.175963850658253,4395811
2020-02-28,27.40483283996582,27.627275479571836,26.396428994848975,26.693018185360415,5275987
2020-03-02,28.34649658203125,28.368739944422266,27.041503869237783,27.619852199627285,4860979
2020-03-03,27.478979110717773,28.9989983232308,27.15273010841444,28.198210205214867,4086298
2020-03-04,28.11664581298828,28.190792359459195,27.516051020661013,27.9386899198127,3699696
2020-03-05,27.086002349853516,27.716254054455263,26.8264864149781,27.249125371679508,3185424
2020-03-06,26.477994918823242,26.730097401404898,25.855156653858057,26.129502506791304,4276800
2020-03-09,23.93474006652832,25.202658309992348,23.571419285558015,24.65396816827032,4690541
2020-03-10,25.336124420166016,25.395441062263515,23.93474000179946,24.987632053980228,4387046
2020-03-11,23.89765739440918,24.62430170290942,23.341553976413977,24.4685922082308,4996570
2020-03-12,21.220949172973633,22.91891967385155,21.213532726407113,22.451792561626554,5522774
2020-03-13,24.79484748840332,24.8096759011616,21.725149497953016,22.540770444003016,6364829
2020-03-16,22.03656578063965,24.735526411708914,20.909527324592414,21.339582631679306,5985408
2020-03-17,24.831920623779297,24.861580437805866,21.55461123464597,22.563015042653035,6196502
2020-03-18,22.948579788208008,24.82450470835074,22.132958829198788,22.68906538620031,4476595
2020-03-19,22.34056854248047,23.000478337952266,21.569435964549616,22.807695566830667,3889987
2020-03-20,21.880857467651367,23.11911571746949,21.51012178665197,22.347986038630808,5530272
2020-03-23,19.626785278320312,22.036570768017334,19.560053676110233,21.450807296145598,7190726
2020-03-24,20.694499969482422,21.243190007211506,19.70092773191306,20.798306313926673,5229523
2020-03-25,21.354413986206055,22.62233223729778,19.752834766710542,20.798310380939945,6227549
2020-03-26,22.993070602416992,23.33414803478767,21.510126088404654,21.62876087293428,4670160
2020-03-27,22.703895568847656,23.41570873171336,21.917934361454037,22.25159832166236,4054090
2020-03-30,23.2303409576416,23.393463957597007,22.31091362405302,22.7187241108311,3420384
2020-03-31,23.08204460144043,23.445365340256384,22.39247490083483,23.04496983752479,4821696
2020-04-01,22.355403900146484,23.059803624894425,21.71032380764922,22.0069130082331,4211539
2020-04-02,22.600082397460938,23.2822370331787,22.13295388989335,22.1477852864669,3577411
2020-04-03,21.777050018310547,22.978236431475164,21.62134050251759,22.362813320499843,3943526
2020-04-06,23.378637313842773,23.57883360226389,22.689067508180926,22.88926529004694,6407491
2020-04-07,22.904090881347656,24.431524902326366,22.881847515795794,24.097860978046022,4479552
2020-04-08,24.557575225830078,24.750358034754118,23.09687425253803,23.15619238454037,4347974
2020-04-09,25.336124420166016,25.877396619891094,24.735529604564082,24.831921014778565,4388208
2020-04-13,25.514074325561523,25.714270582568442,24.63913528970718,25.306461622360676,4050710
2020-04-14,24.89865493774414,25.86257056561318,24.305478042791123,25.86257056561318,4434989
2020-04-15,23.578826904296875,24.312884731469012,23.104284923128365,24.142345320253924,4342906
2020-04-16,22.592674255371094,23.83093262845869,22.20710713740134,23.57883168316664,4411651
2020-04-17,23.61590576171875,23.96439810298953,23.03014238868684,23.156192110938314,6906979
2020-04-20,22.822528839111328,23.4008787691363,22.73355387976604,23.371220449354535,3315629
2020-04-21,22.33315658569336,22.726137158642345,22.11813040962084,22.23676518076039,3255754
2020-04-22,22.22193717956543,22.852188799917464,22.125545772846234,22.740968979934014,3282998
2020-04-23,22.64457893371582,22.978241400602403,22.414721339694832,22.50369779840527,3561994
2020-04-24,23.08204460144043,23.252582541673714,22.644575828237862,23.04496983752479,4409434
2020-04-27,24.32771873474121,24.453769949803934,23.208095172512344,23.222925078624364,4460438
2020-04-28,26.50765037536621,26.804239549847097,24.898653282412784,25.05436282303197,9436944
2020-04-29,27.078577041625977,27.69399863616291,26.945113880853636,27.2342865516012,4732781
2020-04-30,25.39544105529785,26.0108627910881,24.48342864187727,24.83933745503367,4099920
2020-05-01,25.143341064453125,25.21749060791706,24.513090853239465,24.987634490403785,2891011
2020-05-04,24.74294662475586,25.002461046916885,24.349966021171877,24.83933803720307,2631446
2020-05-05,24.542741775512695,25.21006801004191,24.44635039083502,25.150748396770176,3920717
2020-05-06,23.85317611694336,24.943142896643835,23.83093275034649,24.676212043367933,3218477
2020-05-07,24.17201042175293,24.794848588578727,24.016300880046483,24.17942537518345,3316051
2020-05-08,25.46958351135254,25.499243321071305,24.535327880658855,24.602062452526074,2039453
2020-05-11,24.5205020904541,25.069190707570154,24.41669573223086,24.995044162236272,2230906
2020-05-12,23.81610107421875,24.86899144948918,23.77902631256202,24.609475585114957,2200176
2020-05-13,22.87442970275879,23.72712385812463,22.511108975078407,23.704879000457037,2731766
2020-05-14,23.408288955688477,23.43053381249776,22.066224411309577,22.600084546842144,3322810
2020-05-15,23.02272605895996,23.13394886247866,22.5630138992918,22.993067739881116,2880451
2020-05-18,24.3203067779541,24.62431093003557,23.890252888725268,23.934741119097566,4230653
2020-05-19,23.734540939331055,24.312889369222646,23.504683363262792,24.083033286599136,1864685
2020-05-20,24.468599319458008,24.76518849262991,24.00147069966211,24.023715559700157,2439677
2020-05-21,24.416698455810547,24.95055871947654,24.320307040057592,24.364795270909347,1909670
2020-05-22,24.2016658782959,24.468595193068722,23.85317209047196,24.401863611097784,3149837
2020-05-26,25.86121940612793,25.97421517560647,24.73878292776349,24.844246859777062,3166099
2020-05-27,26.998722076416016,27.171981655781728,26.36593846090404,26.55426778492568,2790480
2020-05-28,26.43373680114746,27.224713275845705,26.026947772742854,27.126784213506408,2833882
2020-05-29,25.65028953552246,26.32073841096681,25.394164567272586,26.215274474726485,6505699
2020-06-01,26.16254234313965,26.350868610131,25.64275456324254,25.665356142948497,2840112
2020-06-02,26.53919219970703,26.991181264054685,26.25293690967589,26.305668866030334,2455939
2020-06-03,27.812299728393555,28.060892881530833,26.93092593473327,27.119252241907336,2881613
2020-06-04,28.497812271118164,28.5128789809672,27.23224809339193,27.571238443951028,3095558
2020-06-05,29.401790618896484,30.313297831330857,29.03266681012105,29.4846560144212,3416794
2020-06-08,29.898975372314453,29.98184076354177,29.25112502230427,29.529851582681786,2787734
2020-06-09,28.859407424926758,29.341530106267964,28.67108109745102,29.303861806188102,2189933
2020-06-10,27.699302673339844,28.701207078378214,27.646570702833387,28.65600998056368,2342736
2020-06-11,25.55236053466797,27.01378590093584,25.326365951512035,26.441269122552647,3448474
2020-06-12,26.30567169189453,26.832988277502082,25.70301852983035,26.817921569127506,2554464
2020-06-15,26.411130905151367,26.68985433932375,25.153097395266755,25.40169045264791,3474874
2020-06-16,26.90079116821289,27.729435982145937,26.584399346461133,27.382910738917563,3008966
2020-06-17,26.50153160095215,27.11171353699313,26.42619806257752,26.94598278715256,2626589
2020-06-18,26.42620086669922,26.74259265769459,26.117343947632655,26.24540642458299,2365123
2020-06-19,26.26047134399414,27.028849187908946,26.117342167525536,26.95351868125889,9423322
2020-06-22,25.92901611328125,26.079680180032028,25.439364724155475,26.06461346989854,2821632
2020-06-23,26.252939224243164,26.486465613091944,25.989279419225603,26.13240859415175,2711174
2020-06-24,25.296234130859375,25.966681492848583,25.25103551753943,25.966681492848583,3326928
2020-06-25,25.4468936920166,25.492093817319375,24.55045185143218,25.11543672750612,2071872
2020-06-26,25.461957931518555,25.55235513877492,24.97983696399838,25.28869687049248,3900970
2020-06-29,26.37346839904785,26.682328346813744,25.785884956073183,25.846148757435756,2697235
2020-06-30,26.524131774902344,26.750126334744845,25.944080183987328,26.207739998039607,2669885
2020-07-01,26.222808837890625,26.787790731539882,26.004349131885125,26.622062992630614,2474736
2020-07-02,26.629596710205078,26.968587045530004,26.38853543262188,26.56179803622331,2166806
2020-07-06,27.074052810668945,27.480841847554412,26.74259429016638,27.284977649624253,2773901
2020-07-07,26.54673194885254,26.795325069552515,26.33580408467268,26.735061266037125,3431366
2020-07-08,25.71808624267578,26.493998994892983,25.477028003018862,26.441267030814302,3188909
2020-07-09,24.942174911499023,25.718084578937685,24.81411092818174,25.62015552888894,2921530
2020-07-10,26.0194091796875,26.057077466291126,25.03257016955437,25.03257016955437,2085706
2020-07-13,26.102275848388672,26.50153300183648,25.800950782712817,26.064610594502163,2788579
2020-07-14,26.712461471557617,26.863125542301713,25.966682059564036,26.13994467881528,3546787
2020-07-15,27.352781295776367,27.714370227634692,26.998724202254948,27.556174311300587,2869469
2020-07-16,28.166351318359375,28.377279168806716,27.202112317386213,27.345241496677794,3708566
2020-07-17,27.812299728393555,28.2868874847241,27.714370655579916,28.2868874847241,2546333
2020-07-20,27.382905960083008,27.744497850945073,27.20964336870642,27.601368675786247,2218973
2020-07-21,27.57876968383789,27.925294899102905,27.307578016185268,27.307578016185268,1602586
2020-07-22,27.60890007019043,27.752029243055997,27.254843056347475,27.488369441834255,1796256
2020-07-23,27.59383201599121,27.78215826868692,27.352773805623997,27.526033351187348,1687277
2020-07-24,27.360307693481445,27.834892313527654,27.262375607069533,27.721896553437364,1446931
2020-07-27,27.75956153869629,27.81229349981255,27.05898237065202,27.315107304883163,2320666
2020-07-28,27.247310638427734,27.744496814529583,27.134311849124117,27.669163276799306,2693222
2020-07-29,27.684236526489258,27.84243244123119,27.194582071156944,27.397978119218422,3310138
2020-07-30,26.93844985961914,28.354677839535306,26.659726399963777,28.075951345296446,3855667
2020-07-31,26.207740783691406,26.765190811124665,25.87628228829158,26.59192820889858,4274582
2020-08-03,26.697389602661133,26.87065218843527,26.260470254549887,26.531661887989653,4006992
2020-08-04,26.57686424255371,26.855590770501216,26.34333480668296,26.539195953044594,3469910
2020-08-05,26.8028621673584,27.187049636517532,26.787792421998144,26.840524392422054,2970845
2020-08-06,26.569326400756836,27.013780607608755,26.561794564447283,26.742588981711872,2828496
2020-08-07,26.735057830810547,26.7576563749021,25.552356182793115,25.740685475778996,4726656
2020-08-10,27.352781295776367,27.375379845371427,26.76519472963008,26.870658673852812,2811283
2020-08-11,27.887624740600586,28.874465319694387,27.804762395651554,28.09855562520698,3710573
2020-08-12,27.66163444519043,28.21908447744848,27.450706585799836,28.128687256935926,2880134
2020-08-13,27.877840042114258,28.022997149193653,27.3659708913773,27.44236872087607,2909280
2020-08-14,28.4737491607666,28.550150069210243,27.57224613934617,27.65628559984448,3201158
2020-08-17,27.984800338745117,28.489030975479263,27.90840250350166,28.489030975479263,1932797
2020-08-18,27.686843872070312,28.084113178075047,27.641003330466408,27.870199883327626,1847789
2020-08-19,27.656280517578125,28.160511032749092,27.57987962317432,27.763238692164624,1685693
2020-08-20,27.259016036987305,27.526408472975923,27.09857872884631,27.31249513970097,1696042
2020-08-21,26.87702178955078,27.17497457021191,26.59434611347372,26.96869672737314,2790374
2020-08-24,28.4737491607666,28.588345907062976,27.281931919998513,27.32013083543064,3188803
2020-08-25,27.66392707824707,28.67238840058635,27.648646894941972,28.611270744945678,2029210
2020-08-26,27.63336753845215,27.686846636874208,27.327770052400837,27.5722468102101,1637011
2020-08-27,27.961875915527344,28.168150644239045,27.641001379683416,27.656281559139643,1853069
2020-08-28,28.2139949798584,28.35151045831441,27.93896094536701,28.038277508830834,1786541
2020-08-31,27.70976448059082,28.20635345491016,27.61044483917933,28.20635345491016,2953421
2020-09-01,28.664749145507812,28.67238769818338,27.450009994677412,27.671564953224483,3488074
2020-09-02,29.6732120513916,29.696130788240104,28.51959356975967,28.741148540314732,5664384
2020-09-03,29.291213989257812,30.208000309620036,28.901583188441347,29.726688414703727,4328227
2020-09-04,29.818363189697266,30.062839925560954,29.321771166415044,29.833643370386145,4095168
2020-09-08,28.504308700561523,29.826002831126655,28.473748338067054,29.703767536307392,4867315
2020-09-09,29.25301742553711,29.566250384428546,28.69530771025764,28.962700123234026,3175181
2020-09-10,29.008543014526367,29.589171510918185,28.993262831319264,29.359974917970998,2511802
2020-09-11,29.734325408935547,29.902404328397974,28.962699322543457,29.16133552752503,2516554
2020-09-14,31.16298484802246,31.308138897477374,30.001724754165323,30.07812259416678,5546534
2020-09-15,31.827646255493164,31.90404407972133,31.147698233672585,31.323415691460667,4170778
2020-09-16,32.026283264160156,32.37771511114566,31.6442879780909,32.01864163499442,3735283
2020-09-17,32.7673454284668,32.9277857854082,31.254653718119293,31.60608863793538,4811875
2020-09-18,32.1255989074707,32.91250511195104,32.07976144409893,32.530512914343376,4923283
2020-09-21,31.35397720336914,31.69777053634301,30.7580685543758,31.4074563030575,2991542
2020-09-22,31.155336380004883,31.48384948197821,30.803901468997818,31.224095651947927,2086973
2020-09-23,30.001726150512695,31.185905035968652,29.963527228734105,31.12478429905898,3216259
2020-09-24,29.95587730407715,30.521225440404464,29.56624352571372,30.085754204338713,2070288
2020-09-25,31.445650100708008,31.71304555561558,29.321769718961036,29.61208390498096,6448358
2020-09-28,31.453290939331055,31.904045508655763,31.071301801081507,31.713047861951722,3563366
2020-09-29,30.773353576660156,31.522061090049743,30.406641451168127,31.522061090049743,2965670
2020-09-30,30.97197914123535,31.33105258925139,30.71222532153731,30.826822051831336,2622365
2020-10-01,30.521236419677734,31.445658310052757,30.437196946887337,31.162985678993856,2873693
2020-10-02,30.92613983154297,31.147697827526454,29.910040165336103,30.032278529054732,2966621
2020-10-05,31.65192985534668,31.949882610824197,31.22409710124642,31.36161257393634,2545171
2020-10-06,31.0712947845459,31.888758126474332,31.040734429355386,31.705399072909813,2824166
2020-10-07,31.942245483398438,32.07212241023282,31.300496323634142,31.392174335374847,2967677
2020-10-08,32.46175765991211,32.47704092114895,31.926969697394238,31.942249881051286,2185709
2020-10-09,32.59926986694336,33.76816829619423,32.59926986694336,33.271576273459075,4915786
2020-10-12,33.97444534301758,34.39463956843899,33.12642141769024,33.569534376882814,4775021
2020-10-13,33.623016357421875,34.10432827336794,33.210463726265196,33.67649545919366,2878867
2020-10-14,34.119598388671875,34.36407201207742,33.821642601695935,33.821642601695935,3071482
2020-10-15,34.799560546875,34.84539802355166,33.592462882409485,33.684140913342816,3968976
2020-10-16,35.555904388427734,35.762179175742936,35.00583315962083,35.41838581183106,5185277
2020-10-19,35.67049789428711,35.93025176239112,35.41838257859458,35.731615546317606,3404755
2020-10-20,35.448944091796875,36.14416933178682,35.235024608811216,36.06777149487885,3004742
2020-10-21,35.51005554199219,35.95316845828733,35.2044611701698,35.364898446194985,2498918
2020-10-22,35.594093322753906,35.678132778537616,35.181543828199175,35.39545712710269,1853174
2020-10-23,35.448944091796875,36.04484968174275,35.38782336020679,35.76217706966733,2063424
2020-10-26,34.600914001464844,35.181542383748095,34.31823836163575,34.90650529523153,2595542
2020-10-27,33.898048400878906,34.60091831236538,33.8751296665068,34.51687884956168,2856374
2020-10-28,32.85137939453125,33.55424603916343,32.62218287979201,33.23337461162287,3754186
2020-10-29,33.49312973022461,33.875121884854515,32.45410836136195,32.67566633466189,3156067
2020-10-30,33.424373626708984,33.722326366021704,32.996540895819884,33.409093446665935,2695968
2020-11-02,34.41755676269531,34.59327422809963,33.65357233214154,34.02792291811692,2827440
2020-11-03,35.54061508178711,35.72397417858758,34.799552453092886,35.074586481924655,3067891
2020-11-04,34.44811248779297,35.41837461519469,34.18071704981861,35.1356989982534,2304614
2020-11-05,35.82329177856445,36.30460365115828,34.57799544454054,34.76135146907741,2905795
2020-11-06,35.51769256591797,36.19764055255872,35.143338937957864,35.99136274472033,2128157
2020-11-09,36.18235778808594,38.45139504673226,36.11360160129745,37.12206260514026,3979114
2020-11-10,37.29777526855469,37.335974174227324,36.03719907104322,36.342793394002925,3160608
2020-11-11,37.18319320678711,37.64922496379914,36.74008018669605,37.44294709877096,3469277
2020-11-12,35.97608947753906,36.9310715655134,35.44894015283752,36.79355301229592,2928816
2020-11-13,36.99024963378906,37.12927970145934,36.38005191584368,36.38005191584368,2544010
2020-11-16,38.589115142822266,38.805390702879556,37.65451187128783,38.17201872219704,4229914
2020-11-17,38.68953323364258,39.02166462809781,37.93258268608127,38.29561103724545,5941584
2020-11-18,38.280147552490234,39.091169078018645,38.272424871450696,38.78993162240094,3191971
2020-11-19,38.025264739990234,38.13340408109663,37.4691382260121,37.95575125934981,3668966
2020-11-20,38.17975616455078,38.42692253014146,37.615903712000375,37.99438061248862,3558509
2020-11-23,38.62773513793945,39.02165725995547,38.46553081305918,38.72042287908883,2926070
2020-11-24,40.064395904541016,40.1570867553683,39.00621113956278,39.0216565032253,3083520
2020-11-25,39.44648742675781,39.81724160710148,39.08346215351967,39.57779794916827,2439254
2020-11-27,39.15296936035156,39.55461418091497,38.836283379509915,39.1297950905018,971520
2020-11-30,38.218360900878906,39.09889598536781,38.102502003912065,39.02165672072324,3618912
2020-12-01,38.50415802001953,39.08345884976327,38.24154322035023,38.79766977664147,2678544
2020-12-02,38.51187515258789,38.859454978040304,38.226086120658465,38.37284508929228,1809878
2020-12-03,37.26059341430664,38.581399506073026,36.99025591568585,38.44236941479186,4795507
2020-12-04,37.7472038269043,37.893959703162054,37.121560681960794,37.66223875221128,4276694
2020-12-07,37.59273147583008,37.77810702261574,37.03660172399658,37.77810702261574,3312355
2020-12-08,37.91712951660156,37.93258110578832,37.291486393903945,37.36872878245836,2243472
2020-12-09,38.26471710205078,38.44236994994134,37.847620599448554,37.847620599448554,2794598
2020-12-10,37.569549560546875,38.210644270763645,37.43824216755973,37.85533861876515,2236714
2020-12-11,37.56182098388672,37.762644939144195,37.12155344099248,37.360997028629235,1956874
2020-12-14,37.08293914794922,38.164298344693194,37.07521335347575,38.10250754628456,2647286
2020-12-15,37.96346664428711,37.96346664428711,37.37644328855464,37.461405230163166,2531338
2020-12-16,38.08705139160156,38.34966612124776,37.96346670821945,38.16429065191218,2354458
2020-12-17,38.42691421508789,38.45781117090477,37.77037412857261,38.19519638088902,2093520
2020-12-18,38.60456085205078,38.712697068590025,38.08705403823827,38.42690805181125,5824896
2020-12-21,38.218360900878906,38.25698053320119,37.33010002304032,37.94802036314757,3656083
2020-12-22,38.15656661987305,38.61228259564037,38.08705004346403,38.41918134022367,2287402
2020-12-23,38.272430419921875,38.59683907716375,38.07932913971347,38.41146359058996,2462698
2020-12-24,38.43463897705078,38.46553593203747,38.00209405314048,38.41919049955744,463690
2020-12-28,38.14884948730469,38.704979113347314,38.087058689511416,38.62773983823677,1506278
2020-12-29,37.824440002441406,38.31105302605844,37.700858409454376,38.233813752572615,1096128
2020-12-30,38.341957092285156,38.457816024005155,37.88624093811967,37.88624093811967,1253789
2020-12-31,38.40373611450195,38.46553001496971,37.84760967914427,38.272428743221006,1433098
2021-01-04,37.45368957519531,38.60456534680997,37.183349002371244,38.34195056833846,2798506
2021-01-05,38.419189453125,38.82083741110883,37.654513174100884,37.654513174100884,2338723
2021-01-06,40.81362533569336,41.23844438589399,39.006209812604475,39.31516997042546,3734544
2021-01-07,40.2188835144043,40.99900828860128,40.1802638765647,40.844529737242894,2746867
2021-01-08,39.76316452026367,40.48149844361409,39.12207297841236,40.3579137446911,2143574
2021-01-11,40.24205780029297,40.651431593844,39.25338628267984,39.3151801972032,2514336
2021-01-12,40.65142822265625,40.88314604847451,40.00261084282322,40.2806772121664,2313485
2021-01-13,39.23793029785156,40.08757156820327,38.85945353396463,39.832679498245305,3318480
2021-01-14,38.60456085205078,39.36923704980311,38.56594121921183,39.25337815128624,2552352
2021-01-15,38.81311798095703,39.02166466022415,37.75492988330224,38.31878223058683,3727469
2021-01-19,38.91352081298828,39.562338108668165,38.89807544911767,39.26882641152024,3180778
2021-01-20,39.38468933105469,39.46965439839599,38.86718246723446,39.26110773861826,3521654
2021-01-21,39.90220642089844,40.30385444661981,38.95215447972967,39.021667971065995,3127027
2021-01-22,39.879024505615234,40.126193910157,39.11434824412598,39.61640973583083,1662461
2021-01-25,40.03350830078125,40.91404351750168,39.129798812007024,40.164815692690745,3657456
2021-01-26,39.894466400146484,40.72093332067459,39.863569451807535,40.288391601305065,2117280
2021-01-27,38.94442367553711,39.78633926215838,38.64318925072577,39.19158998416746,3362304
2021-01-28,38.73586654663086,39.57006240339289,38.6586272843016,39.315170348526124,3599059
2021-01-29,38.85946273803711,39.36924699869819,37.78582920625813,38.62001908704118,6191011
2021-02-01,38.45780944824219,39.52372326141934,37.72403011652922,39.34607044064386,4935322
2021-02-02,38.874908447265625,39.33062455352075,38.457811980857,38.82084032918532,3390816
2021-02-03,39.09890365600586,39.376970041639474,38.426915076517936,38.69725877876216,3527251
2021-02-04,36.10970687866211,37.85533163847918,35.90116024725202,37.14472357698973,6725347
2021-02-05,36.325984954833984,36.68901327946986,35.9552339473232,36.295088000382826,5173661
2021-02-08,36.95163345336914,36.9593592488479,36.2950933000099,36.61177935068573,3165254
2021-02-09,37.1524543762207,37.221974083847364,36.82804877997741,36.928459221047106,2669568
2021-02-10,37.384178161621094,37.50776288509824,36.828051573188255,37.26059343814395,2567875
2021-02-11,37.20651626586914,37.500031079535546,36.727629079291845,37.500031079535546,2996717
2021-02-12,37.98664474487305,38.32649876855327,37.07520955916107,37.12155498683137,3754819
2021-02-16,37.99436950683594,38.28015543628206,37.59272155760969,38.17201921060763,3701914
2021-02-17,37.8562126159668,38.199651485655295,37.55961074997592,37.84060447375714,2444429
2021-02-18,37.341060638427734,37.996715888339594,37.29422991730121,37.60644625379244,2372515
2021-02-19,38.207454681396484,38.34794995637265,37.33324788480328,37.44252373437743,3015091
2021-02-22,38.558692932128906,38.79285588785379,37.85620406495426,38.19183878772429,3406867
2021-02-23,39.15971755981445,39.37046205949112,38.26989941471938,38.62894641453405,3605395
2021-02-24,39.65145492553711,39.86219942070524,39.02702236644097,39.20654743464118,2589206
2021-02-25,39.347042083740234,40.18222226883705,39.05044023884765,39.67487278789937,2219395
2021-02-26,38.753841400146484,39.39388538807275,38.449432267427746,39.08947311108631,3441610
2021-03-01,40.400779724121094,40.525666880555214,39.15191444831469,39.26119031716112,4572058
2021-03-02,40.79885482788086,41.09546301383178,40.275893968969044,40.54127643439079,4499405
2021-03-03,41.54037094116211,41.946251859058314,40.75202446563784,40.978380284854076,4154410
2021-03-04,40.627132415771484,42.024300100042005,40.0105070411153,41.431090082836775,3336115
2021-03-05,42.26626205444336,42.40676047065067,40.8066525458308,41.10325751847577,3329462
2021-03-08,43.476104736328125,44.47519560011704,42.117963726456495,42.117963726456495,5726054
2021-03-09,42.76581573486328,43.63221225832596,42.601898800023775,42.88289566630048,3557981
2021-03-10,42.633121490478516,43.171696722817614,41.99308075706764,42.56287541798255,4390109
2021-03-11,42.078941345214844,42.8204570694045,41.86819682301966,42.656543265800515,4507219
2021-03-12,42.1648063659668,42.43799292359942,41.98528125553689,42.1491950766771,3725040
2021-03-15,41.71988296508789,42.24284684837997,41.14228430226392,42.156986355477265,3831274
2021-03-16,41.40767288208008,41.64183589674811,40.75202084298373,41.571586677920976,2740003
2021-03-17,42.27408218383789,42.40677342620131,41.28279518596033,41.32182183699265,2696074
2021-03-18,42.08674621582031,42.98436854470998,41.930639625196434,42.64093278763046,2296694
2021-03-19,41.82136535644531,42.50824318545709,41.54817566811876,41.96966788092721,10774368
2021-03-22,41.07984924316406,41.33742762108816,40.37736018533417,41.33742762108816,4461706
2021-03-23,40.22905731201172,41.18912473913987,39.9870933677163,40.830074569857146,2807482
2021-03-24,40.74422073364258,41.665258521806244,40.52567211200471,40.52567211200471,3223546
2021-03-25,42.41456985473633,42.54726107318611,40.861295588803614,40.96276737861455,2992282
2021-03-26,43.01558303833008,43.06241374901122,42.24284801368942,42.851669262412344,2362589
2021-03-29,42.56288146972656,43.32000224254802,42.32091121219005,42.92973260358952,2260896
2021-03-30,42.92972946166992,42.968759252550115,42.227243534104296,42.500433204661455,2679283
2021-03-31,42.203826904296875,43.1482798989864,42.180408401620376,42.78923287439834,3483005
2021-04-01,42.37553787231445,42.383345086690994,41.6262213711057,42.156986178039645,2688470
2021-04-05,42.69556427001953,42.992172428899124,42.39115518418776,42.89070063744373,2902944
2021-04-06,43.08583450317383,43.218525716069564,42.484817293359335,42.484817293359335,2568931
2021-04-07,42.88289260864258,43.52293329464998,42.742394185522116,43.38243801579644,2276419
2021-04-08,42.633121490478516,42.81264656792488,42.11016068882805,42.2818785509301,2017382
2021-04-09,42.88289260864258,43.17949759588184,42.38334720148872,42.99997253173168,1700582
2021-04-12,43.66343688964844,43.702463535300794,42.96875819506228,42.96875819506228,2841907
2021-04-13,43.148277282714844,43.538550001963365,42.648731849426554,43.39805157149253,1925405
2021-04-14,43.43708419799805,43.554164143340046,42.929731479647664,42.976565344344976,2567347
2021-04-15,44.23323440551758,44.49081279871463,43.43708386589056,43.710273547200686,3077606
2021-04-16,44.77961349487305,44.94352730265885,44.326898719426424,44.58447711105162,3084365
2021-04-19,44.63131332397461,45.01377575133568,44.21762517466708,44.951333740245694,1901645
2021-04-20,44.03029251098633,44.771808234408205,43.530747029015544,44.59228314337057,2012419
2021-04-21,44.420555114746094,44.584468892315904,43.93662099674012,43.93662099674012,1368787
2021-04-22,43.616607666015625,44.52203405124728,43.616607666015625,44.49861554764018,2825856
2021-04-23,44.319095611572266,44.36592947664442,43.65563629412244,43.8117428891612,3014352
2021-04-26,44.42836380004883,44.90449386337837,44.162978232417984,44.45958637136234,1883270
2021-04-27,44.56105422973633,44.803021292502294,43.76490382934931,43.88198375331986,2619302
2021-04-28,45.005958557128906,45.38061680296887,44.584466458425574,44.76399151133503,4489690
2021-04-29,45.349395751953125,46.0128548726517,44.62349464060996,45.47428287750893,2841168
2021-04-30,45.27134704589844,45.68503513022937,44.95132667989187,45.09182511311128,2779709
2021-05-03,46.005062103271484,46.403135786910596,45.505513478342785,45.59137398780254,2210419
2021-05-04,47.1290397644043,47.152458269217256,46.05189544810555,46.1065333855565,2654467
2021-05-05,47.39441680908203,47.73004844518702,46.97292467414695,46.97292467414695,2445696
2021-05-06,48.190574645996094,48.22960443821663,47.183676438297795,47.66761379030416,2104608
2021-05-07,48.11251449584961,48.22959756729629,47.503693214834804,47.75346435500479,1326230
2021-05-10,48.45595169067383,49.072577021333494,48.23739998534628,48.549616258061796,2159309
2021-05-11,48.92427444458008,48.99452365606855,48.11251276575083,48.40131368219593,2974646
2021-05-12,47.56613540649414,49.05696761558244,47.38661033534449,49.025748188101616,3316896
2021-05-13,48.79938888549805,49.21307695305348,47.26953004557807,47.36319461583709,3104851
2021-05-14,48.90086364746094,49.2677178800845,48.705727280053885,48.80719907150037,1579565
2021-05-17,50.032649993896484,50.438530879870015,48.799392904668494,48.799392904668494,5518128
2021-05-18,49.50188064575195,49.9858179848569,49.32235869880731,49.9389841220013,4054829
2021-05-19,49.103797912597656,49.478456169336674,48.448142819037564,49.158435837061,2710752
2021-05-20,49.07258605957031,49.220888580604665,48.190575005305995,49.08039327577962,2633981
2021-05-21,49.58773422241211,49.736036717652176,48.95549759999573,49.2677138759117,2577802
2021-05-24,50.266815185546875,50.41511771171917,49.85313018441394,50.0638747210865,3661680
2021-05-25,49.626766204833984,50.64927564039075,49.626766204833984,50.25119882386903,4011850
2021-05-26,49.84946060180664,50.10913420245173,49.14126361895356,49.71569002538057,3335270
2021-05-27,50.195682525634766,50.777982700986314,49.817976702585284,49.96748552169596,7778813
2021-05-28,49.65273666381836,50.16421310768,49.298636611962294,49.96749261767304,2824378
2021-06-01,50.227169036865234,50.589139830669495,49.73929839028392,50.48684263421395,2242944
2021-06-02,49.75503158569336,50.35306691979408,49.62125785477639,50.35306691979408,2061418
2021-06-03,50.510440826416016,50.71503201856221,49.56617305423897,49.73929087286953,2617930
2021-06-04,50.872413635253906,51.36028422794922,50.58913424302856,50.872413635253906,2493110
2021-06-07,50.14847183227539,51.139951221476245,49.991092289795944,51.0612630351581,3084893
2021-06-08,50.47895812988281,50.65994347737012,49.7392848098583,50.04616997574795,1865530
2021-06-09,49.79437255859375,50.54978744807315,49.75503163219306,50.345196245697835,2100912
2021-06-10,49.44027328491211,50.36093529471914,49.393061636628566,50.21142645874884,1725715
2021-06-11,50.08552551269531,50.19569025635859,49.47962259239089,50.06979040918077,2496173
2021-06-14,49.02322006225586,50.32158785136043,48.84223469290353,50.17207902533282,2982250
2021-06-15,49.72355651855469,50.148477208002994,48.85010931520081,49.03896225054595,2953421
2021-06-16,48.968143463134766,49.699949407792175,48.66125505418579,49.58978466302521,1805021
2021-06-17,47.39435958862305,49.01535090402919,46.7491126187994,48.96813925738031,3618490
2021-06-18,46.60746765136719,47.05599410825876,46.45008811202239,46.67041756519925,5683286
2021-06-21,48.03173828125,48.25207091837319,47.016653025366104,47.0953412151537,2294688
2021-06-22,48.047481536865234,48.401578404276975,47.73272559598917,48.141904832300305,1735536
2021-06-23,47.83501052856445,48.24419285701379,47.685501722778845,48.03960169278913,1551370
2021-06-24,47.8271484375,48.14190437538874,47.48878667597654,48.11829855175401,1665312
2021-06-25,47.74845504760742,48.40157267592145,47.67763758441241,47.9294404054062,2469456
2021-06-28,47.772056579589844,48.22058615861313,47.52025378120348,48.07107735555295,2498496
2021-06-29,47.756324768066406,48.55895119606065,47.528127772914985,48.09468648567223,1405958
2021-06-30,48.244197845458984,48.33075675191134,47.57534192518629,47.63042428932086,1900800
2021-07-01,48.377967834472656,48.78715020048584,48.05534437390794,48.55895319593624,2169869
2021-07-02,48.252071380615234,48.39370948962111,47.77993589768015,48.39370948962111,1854019
2021-07-06,47.512393951416016,48.34649705381614,47.040261615077966,48.173382392132766,2411165
2021-07-07,48.33075714111328,48.53534832814021,47.17402748497235,47.213374748108016,2784883
2021-07-08,48.25993347167969,48.73993645142482,47.50451868635596,47.827142132980626,2385610
2021-07-09,48.97600555419922,49.33797310190168,48.80288774587613,48.92092002167938,1855075
2021-07-12,48.968143463134766,49.164867127316796,48.110434500194614,48.598305129966214,2276525
2021-07-13,48.346492767333984,49.07043106542904,48.15763984954278,48.94453123346371,1459392
2021-07-14,48.3543586730957,48.81075265067178,48.2520646735794,48.33862040320638,1918541
2021-07-15,47.126808166503906,48.212713840101536,46.92221701279402,47.90582869445802,4088093
2021-07-16,46.52877426147461,47.504518487169925,46.457956800202446,47.33140385432194,2806954
2021-07-19,45.45861053466797,46.01730174017306,44.94713097393736,45.8835311868544,3024384
2021-07-20,45.83631134033203,46.54451446279177,45.458605544227794,45.560899543238165,2782877
2021-07-21,46.00942611694336,46.42647917384266,45.97008519705207,46.27697036491569,2445274
2021-07-22,45.52942657470703,46.17467662360738,45.37204704504804,46.072379453852605,1498464
2021-07-23,45.702537536621094,45.8205697970105,45.27761696143954,45.67893171851174,1627613
2021-07-26,45.98582458496094,46.17468067107458,45.592380481090245,45.71828348188495,2642429
2021-07-27,46.22189712524414,46.59173544552858,45.261891002817016,45.993700091823875,1978416
2021-07-28,46.03303909301758,46.49730382986502,45.73402144926938,46.127465550525265,2560378
2021-07-29,45.67107391357422,46.03304468620377,44.655985409725616,45.828453475104666,3546259
2021-07-30,45.450740814208984,45.97795545146879,44.97860536994244,45.51369072751776,3658195
2021-08-02,45.254024505615234,46.52091588597365,45.15959803545361,45.60812456118222,2282544
2021-08-03,46.198280334472656,46.387133225567226,45.010077460672996,45.43499488071441,2199965
2021-08-04,45.41926956176758,46.04091072630302,45.36418719251683,45.970093254275,1658659
2021-08-05,45.183204650878906,46.0094370717065,45.05730163184658,45.6946811090475,2107142
2021-08-06,45.553035736083984,45.836315106437596,45.29336218746573,45.41139446598562,1826880
2021-08-09,46.13533020019531,46.473691915808374,45.403524408066396,45.553033220539284,4702368
2021-08-10,46.91435623168945,47.386491714015634,46.14320625966022,46.174682803773514,2981827
2021-08-11,47.26058578491211,47.47304768977369,46.914353330606076,47.15829177763451,2474208
2021-08-12,47.15042495727539,47.36288370986764,46.615339545394235,47.244851421743434,2172509
2021-08-13,47.00200271606445,47.3750346866501,46.819454475731916,47.27979282152354,1776826
2021-08-16,47.20836639404297,47.327417932637,46.160702623324006,46.77977637900193,2386982
2021-08-17,46.7797737121582,47.08930897374299,46.26387734656235,47.081370286626296,2072928
2021-08-18,46.470237731933594,47.375037095244764,46.38293135228887,46.5099215779859,1774925
2021-08-19,46.16069793701172,46.54960086915656,45.755917631340246,46.05751738959908,1627296
2021-08-20,46.63690948486328,46.91469959063359,45.92259389700588,46.06545509624781,1528560
2021-08-23,46.39881134033203,46.87502074980795,46.16070823420231,46.87502074980795,2122560
2021-08-24,46.75596618652344,46.94645313526646,46.43849220157345,46.541672765359934,1155053
2021-08-25,47.20043182373047,47.47822196856405,46.47817744716316,46.62104186371082,1464672
2021-08-26,46.88294219970703,47.21629026237792,46.76389069041685,47.21629026237792,1345027
2021-08-27,47.72425842285156,47.88299700097147,47.07343632727035,47.07343632727035,1722442
2021-08-30,47.121055603027344,47.882993691465174,47.049623407671326,47.86711631781295,1998797
2021-08-31,47.692508697509766,47.835373093991386,47.05756079770512,47.081370464713416,2829235
2021-09-01,47.49409103393555,47.803626306837714,47.08931069544622,47.771877951642,1455802
2021-09-02,47.859188079833984,47.883000946704655,47.52583991580749,47.676643016195335,1435526
2021-09-03,47.55758285522461,47.9306148252474,47.36709912525891,47.85124713729768,1750003
2021-09-07,46.58928298950195,47.32741137877457,46.430547626691464,47.20042117019678,3319853
2021-09-08,46.40673828125,46.69246707150676,46.200380375628946,46.335309280901704,2193946
2021-09-09,46.494049072265625,46.89882943210267,46.248007299562865,46.311504013303065,1591603
2021-09-10,46.3115119934082,47.12900514734075,46.30357330421464,46.748037588118464,1733952
2021-09-13,46.509925842285156,46.930577206780214,46.30356790556343,46.644851570676984,2163850
2021-09-14,45.83528518676758,46.636907109092654,45.75591750265232,46.565474914502616,2136394
2021-09-15,45.986087799072266,46.144823176738655,45.64480417931677,45.76385571256656,2419085
2021-09-16,45.9225959777832,46.30356345597807,45.90672179998907,46.168637740552064,2174621
2021-09-17,44.922550201416016,45.93053008749284,44.70031811341016,45.77973019880544,4828349
2021-09-20,44.35110092163086,44.40665894603789,43.49392088712693,44.05743662159138,2815613
2021-09-21,43.827266693115234,44.605075796061215,43.69234098310803,44.55745646180735,1886650
2021-09-22,44.54951477050781,44.9304854049284,44.176482822738166,44.239979527082795,2290464
2021-09-23,45.31938171386719,45.7638425619431,44.81142097798323,44.91460150158936,1830576
2021-09-24,45.21622085571289,45.79561082467988,45.08923061651127,45.31940142419434,1833427
2021-09-27,45.50193405151367,45.82734345308002,45.08128279589826,45.08128279589826,1877885
2021-09-28,45.25589370727539,45.9225899031419,45.20033569095318,45.7479771677203,1752960
2021-09-29,45.36701965332031,45.66068397479589,45.00986181240889,45.25590359639531,1973875
2021-09-30,44.38284683227539,45.62893305873744,44.33522749467189,45.605123389935684,3046771
2021-10-01,44.638858795166016,44.99087550249532,43.951591582569456,44.672384804857614,2733000
2021-10-04,45.11659240722656,45.35126805965744,44.42932205884933,44.42932205884933,3177300
2021-10-05,45.54404067993164,45.82900536040944,44.77295846331446,45.16688107382629,2075500
2021-10-06,45.28421401977539,45.61108457738104,44.50475198369306,45.267451017178196,1889900
2021-10-07,45.47698974609375,45.9463442890121,45.41832082788098,45.65299969794829,1505300
2021-10-08,45.585933685302734,45.837372285776155,45.30096908550878,45.30096908550878,2437500
2021-10-11,46.72579574584961,47.06104937089438,45.84575897662649,45.88766488045321,2307300
2021-10-12,46.71742630004883,47.29573557560927,46.23130875465488,46.507893536803074,1938400
2021-10-13,46.33187484741211,47.41306446917534,45.30935732973083,46.45759576053458,3041100
2021-10-14,46.776092529296875,46.9353362692125,46.030153249356836,46.67551450672443,2271700
2021-10-15,44.65562057495117,46.390551563693116,44.06893140752437,46.29835983539474,7205900
2021-10-18,44.31198501586914,44.72267061209821,44.16950428072226,44.40417993730114,3698100
2021-10-19,43.63310241699219,44.00187891787755,43.35651764341607,43.75882015271359,3824700
2021-10-20,44.865150451660156,45.1165923040795,43.591190975118295,43.591190975118295,2790400
2021-10-21,44.55504608154297,45.08306953342156,44.20303257843471,44.82324775930627,1679500
2021-10-22,44.44609069824219,45.22555286804659,44.387421777694875,44.798107418742426,2279700
2021-10-25,44.404178619384766,44.84838701250098,44.211408879028376,44.52989954437264,1787300
2021-10-26,44.4544677734375,44.78971824580254,43.9851132754673,44.52151658902413,2906500
2021-10-27,42.05741500854492,43.859397987679486,41.722161320309986,43.51576119876981,5247200
2021-10-28,41.646728515625,42.3507586881899,41.52939068640019,41.97360229345761,3790900
2021-10-29,41.629966735839844,42.451337958995325,41.49586589889498,41.67187584512324,3188000
2021-11-01,41.1522216796875,41.65510208630884,40.666107470223736,40.95107207481123,4283800
2021-11-02,41.026519775390625,41.78083587998924,40.93432483881137,41.26119547052576,3939100
2021-11-03,41.83111572265625,41.93169054176291,40.84212094266253,40.84212094266253,3235300
2021-11-04,40.858882904052734,42.0741733939754,40.67449307604334,41.72215674024982,2900100
2021-11-05,40.9594612121582,41.68025438613032,40.91755530146086,41.05165613402199,2259500
2021-11-08,41.3533821105957,41.57129475561445,40.93431662637695,41.18575527746502,3276000
2021-11-09,41.3031005859375,41.537779473732485,40.984613062214265,41.21928875279276,2577100
2021-11-10,41.65510559082031,41.990356026224376,41.277946053427094,41.4539527718054,3359800
2021-11-11,42.03227233886719,42.141227070526554,41.44557997974327,41.789213573381886,2107200
2021-11-12,41.6879768371582,42.43240591696724,41.59492279880592,42.09402818241516,2452300
2021-11-15,41.83177947998047,41.85715667514435,41.49340181842212,41.78948307903781,2518700
2021-11-16,41.67951202392578,42.16169811918319,41.66259281726656,41.79794324353164,2047300
2021-11-17,41.39189529418945,41.74718898158591,41.25654485703714,41.578003355402245,2326400
2021-11-18,41.08735275268555,41.781024091578466,40.8758675096814,41.36651482241521,2186800
2021-11-19,40.249874114990234,40.83357224016404,39.97917002758122,40.67284461274166,2919200
2021-11-22,40.977378845214844,41.24807969362352,39.68309021207283,40.283707517791534,3318200
2021-11-23,40.867408752441406,41.112729177192996,40.613623883995,41.08735198115182,1924300
2021-11-24,40.224491119384766,40.918162433193054,40.14835630557612,40.918162433193054,1892900
2021-11-26,40.20756530761719,40.43596971151858,39.06554651511827,39.285489703870695,2330700
2021-11-29,39.94533157348633,40.74051488250432,39.91995115133091,40.74051488250432,2721400
2021-11-30,38.507232666015625,39.67463208769555,38.30420541689399,39.598497272651024,6170700
2021-12-01,38.17732620239258,39.488534380681934,38.17732620239258,39.01480616007652,3947400
2021-12-02,38.811771392822266,39.090930226143435,38.126558066838044,38.41417811671935,4267600
2021-12-03,39.2939567565918,39.767681611053725,38.71871666730928,38.71871666730928,3939300
2021-12-06,39.801517486572266,40.17373353651369,39.64078988219378,39.64078988219378,4119900
2021-12-07,39.4631462097168,40.029925091528064,39.133226531861816,39.911493876045625,4326400
2021-12-08,39.25166320800781,39.93687334429408,39.090932354699156,39.55619925357461,11208600
2021-12-09,39.057090759277344,39.471603230299024,38.73563553286141,39.09939038691864,4403300
2021-12-10,38.82022476196289,39.33624919242135,38.70179356028552,39.33624919242135,4555100
2021-12-13,38.7779426574707,39.01480514812501,38.29575645749048,38.80331985946669,4100500
2021-12-14,38.5241584777832,39.1416950936912,38.40572724007608,38.828697790178204,6463200
2021-12-15,39.08247375488281,39.158608571838776,37.9658319242012,38.57490723284016,5467800
2021-12-16,39.76768493652344,39.8776581699377,39.18398680903323,39.2685796181157,5386500
2021-12-17,38.7779426574707,39.92842314409349,38.70180782447333,39.809991898766334,7606000
2021-12-20,37.703582763671875,38.44801160215031,37.11142353367784,38.253445597310936,5221000
2021-12-21,38.338050842285156,38.651048149383755,38.06734994527946,38.06734994527946,3963300
2021-12-22,38.295745849609375,38.608743086561155,37.991206601976934,38.346503466550956,3231700
2021-12-23,38.7779426574707,38.93867031512764,38.498780527477194,38.54953815847858,2403500
2021-12-27,39.19244384765625,39.24319823689104,38.701796571663444,38.74409297169526,1754000
2021-12-28,39.48006820678711,39.590041449502166,39.167070914300204,39.167070914300204,2112400
2021-12-29,39.522361755371094,39.742304979920306,39.344711705417915,39.344711705417915,1786900
2021-12-30,39.488525390625,39.919953872573984,39.43776776986269,39.623875818982405,1669900
2021-12-31,39.74230194091797,39.90302954552852,39.38700832219729,39.38700832219729,1790300
2022-01-03,39.58157730102539,40.2244909946311,39.46314608591449,40.05530216146899,2808400
2022-01-04,41.00275802612305,41.484944099430976,39.75922382285072,39.77614302873977,4110600
2022-01-05,41.18886947631836,41.772570879050235,40.943549018904164,40.968926218324135,4216100
2022-01-06,40.89279556274414,41.67952109507343,40.66439106364763,41.61184425370732,2773900
2022-01-07,41.34113311767578,41.66259158064213,40.84202783057353,40.88432745947041,2796000
2022-01-10,41.08735275268555,41.81486250494122,40.61362464663312,41.53570043521156,3304400
2022-01-11,41.04505157470703,41.37496799909287,40.64745833146855,41.25653679310906,1955100
2022-01-12,41.01968002319336,41.315758078876925,40.79973355867804,41.07043441730552,2329500
2022-01-13,41.70488739013672,42.07710346628705,41.11272809108639,41.18886290420727,2639900
2022-01-14,41.87406921386719,41.94174602620699,41.12118242513106,41.35804481430431,2951100
2022-01-18,41.71334457397461,41.79793736837157,40.87586171060833,41.58645215537091,2866900
2022-01-19,41.74718475341797,42.00942761065696,41.31575628713048,41.89099639351956,2647600
2022-01-20,40.74897384643555,41.6118339991594,40.309087393996194,40.72359665068175,3592800
2022-01-21,40.004547119140625,40.90970365076181,39.83535828873296,40.808191643320626,4181300
2022-01-24,40.79973220825195,40.90124422012513,39.20090430646258,39.31087753508025,5386600
2022-01-25,40.38522720336914,40.88433255264758,39.64925616539328,40.1568227323086,3680300
2022-01-26,40.02146530151367,41.01121460952605,39.64924923873286,40.38522014813577,3673900
2022-01-27,39.243202209472656,40.98584181946346,38.85407012657461,40.13990082515878,5154600
2022-01-28,39.911495208740234,39.96225282864554,38.20269406269947,38.43109851176028,5011300
2022-01-31,40.816646575927734,41.04505099582159,39.471600476780566,39.72538208988208,6843600
2022-02-01,40.6474609375,41.10426981301778,40.5713261249137,40.6474609375,3273900
2022-02-02,40.35984420776367,40.77435671633547,40.19065536289746,40.58824866428174,2993600
2022-02-03,40.23295593261719,40.84203127052709,39.97917104589511,40.49519558261697,2886400
2022-02-04,39.58157730102539,40.58824585647662,39.51390047695711,40.1568173975714,3013100
2022-02-07,39.47160339355469,40.00454707935583,39.42930699274697,39.8099810540335,2989400
2022-02-08,39.87765884399414,40.14835971004432,39.40393394191077,39.84382042898565,2708700
2022-02-09,39.89457702636719,40.23295471373938,39.767684586850415,40.07222386008364,2125600
2022-02-10,39.42931365966797,40.16528148459098,39.310882426577955,39.793068576735344,2720300
2022-02-11,39.38701629638672,39.91995683236546,39.192450242885265,39.192450242885265,2852700
2022-02-14,39.107852935791016,39.6238774738959,38.64258602056836,39.48006582256736,3315600
2022-02-15,39.530826568603516,39.75077305812794,39.12477523449205,39.46315295975618,2769500
2022-02-16,39.39547348022461,40.00455205402352,38.980964182951745,39.38701548981471,2516100
2022-02-17,39.40657424926758,39.560372938666426,39.133155081317085,39.23568645444512,2764500
2022-02-18,39.93633270263672,40.23538394367154,39.39803720935997,39.474936565542365,3629600
2022-02-22,40.08157730102539,40.474616928453756,39.85942546012649,40.05594527384067,3862500
2022-02-23,38.54359817504883,40.201202398420506,38.483787931795106,40.201202398420506,4138000
2022-02-24,37.757511138916016,38.082197606624774,36.69801273184406,37.80877845257953,5724800
2022-02-25,38.808475494384766,39.21006139467789,37.82587620349563,37.82587620349563,3919600
2022-02-28,37.193580627441406,38.150550846282,36.72364169929303,38.03092712436707,7338800
2022-03-01,35.26256561279297,37.03979036958322,34.903700884384335,36.82618142106333,7282900
2022-03-02,35.894840240478516,36.091363308361466,35.17711416373966,35.57869996245466,6100700
2022-03-03,36.082828521728516,36.680934317798005,35.88630865119693,36.1682740694038,4532300
2022-03-04,36.065731048583984,36.11699836530031,35.33091580605139,35.518892707930966,4062400
2022-03-07,35.01477813720703,36.06573376339934,34.98914610662625,36.0059235191016,4447200
2022-03-08,35.553077697753906,36.16827257799065,34.561932201491516,35.32237961766513,4859200
2022-03-09,36.03155517578125,36.586939734969945,35.96320200847051,36.45023014093464,3971800
2022-03-10,35.92048263549805,36.30497940617146,35.33946601746133,35.55307497234501,3090300
2022-03-11,36.25371551513672,36.65530143134185,35.99738539689667,36.20244818772299,2747100
2022-03-14,36.34770584106445,36.81764495839507,36.2109962203971,36.66384622771749,3529900
2022-03-15,36.903079986572266,37.09959982389343,36.245164048020285,36.552761448840826,3206500
2022-03-16,37.73188400268555,38.218912137671694,37.099600089864424,37.1935885473905,4003400
2022-03-17,38.42397689819336,38.42397689819336,37.42428537117543,37.42428537117543,3199400
2022-03-18,38.45814895629883,38.71448227071992,37.89422153151672,38.34707466342408,9498000
2022-03-21,38.244537353515625,38.74865450544528,37.87713303138287,38.42397131291743,3040200
2022-03-22,38.52650451660156,39.29549792388439,38.1676398400651,38.87682301116076,4265000
2022-03-23,38.13346862792969,38.49233008022542,38.11637952171365,38.29581024786151,2462100
2022-03-24,38.6546745300293,38.82555907146335,38.20182136887068,38.338530957666144,2313000
2022-03-25,39.577457427978516,39.59454653140894,38.723021812936814,38.748653838375844,2274400
2022-03-28,39.40657424926758,39.560372938666426,38.73157251180994,39.560372938666426,2255800
2022-03-29,39.89360046386719,40.03031004139301,39.52619286312653,39.8594255140458,2190100
2022-03-30,39.637271881103516,40.038857705948715,39.543283431934334,39.78252764602321,2091100
2022-03-31,39.43221664428711,39.97905507874907,39.36386021027228,39.45784867733558,2805100
2022-04-01,39.56037521362305,39.748352124678895,38.69739652629295,39.69708480545991,2401200
2022-04-04,39.21860122680664,39.54328445673374,38.77429425702817,39.432210158849344,2278200
2022-04-05,39.11606979370117,39.594555014022454,38.970817272543975,39.03917044149621,2470900
2022-04-06,39.039161682128906,39.15878540492922,38.70593231714668,38.936630321998955,2147900
2022-04-07,38.77429962158203,39.03062972361468,38.23600412572361,38.93664125900609,2024200
2022-04-08,39.90214920043945,39.95341325816019,39.26132240362109,39.32113264390438,2679500
2022-04-11,39.87651824951172,41.09836173576438,39.83379711029313,40.17557274286979,2657800
2022-04-12,39.85088348388672,40.26101225919336,39.62873161954245,39.705630968625805,2119800
2022-04-13,40.20119857788086,40.35499726289233,39.52619360026534,39.52619360026534,1667400
2022-04-14,40.5258903503418,40.730953117553696,40.24392497115805,40.24392497115805,1644400
2022-04-18,40.55152130126953,40.98728537396226,40.295191219375255,40.52588927090425,1445600
2022-04-19,41.56830596923828,41.57684889371178,40.58570342466494,40.80785531453141,1753900
2022-04-20,42.21767044067383,42.42273645561029,41.67083208006159,41.747731428236044,2432800
2022-04-21,42.4569091796875,42.918305244511885,42.28602464552756,42.4569091796875,2532300
2022-04-22,40.773677825927734,42.20058406164937,40.748042535270436,42.149319999162664,2328100
2022-04-25,40.57715606689453,40.739497689467306,39.55183249314816,40.36354712483961,2418800
2022-04-26,40.175575256347656,40.91039063076944,40.175575256347656,40.44045155113655,3189300
2022-04-27,40.46608352661133,40.97874374740357,40.19266430760024,40.42336238478101,2723500
2022-04-28,40.568607330322266,42.03823780216564,38.842646796030614,41.2777905378232,5250000
2022-04-29,39.54328536987305,41.12399345913921,39.40657578058534,40.80784988563775,4671700
2022-05-02,39.77397537231445,40.038851574006074,39.056249358794524,39.78252155333747,2771400
2022-05-03,40.00468063354492,40.52588695055562,39.72271853742937,39.77398259522476,2836700
2022-05-04,41.43159484863281,41.44013777279431,39.98759620928779,40.11576288760843,2791700
2022-05-05,41.10689926147461,41.42303953640464,40.52588276411422,41.02999992331181,2924800
2022-05-06,41.149620056152344,41.26924052356055,40.44044017391231,41.02145340712168,2517000
2022-05-09,40.85057067871094,41.69646016927855,40.713861101477114,40.79930336496822,4134800
2022-05-10,40.88474655151367,41.55120860756203,40.14138841223529,41.23506505479783,3329700
2022-05-11,40.730953216552734,42.01260692269092,40.594243618274554,40.85911989093213,3137900
2022-05-12,40.654056549072266,40.953107772515494,39.89360595626228,40.84203020691635,3008000
2022-05-13,40.8334846496582,41.42304413474397,40.5515192919561,40.799306437922134,2579000
2022-05-16,40.918922424316406,41.22651977732173,40.2951847960171,40.944554450595746,3478100
2022-05-17,42.02115249633789,42.140772985669045,41.012918001384094,41.52557817263584,2824400
2022-05-18,41.294883728027344,41.91862147013503,41.14962794730972,41.6793772300261,3600700
2022-05-19,40.85912322998047,41.32906230875224,40.32937390078761,40.86766941399159,3323500
2022-05-20,40.568607330322266,41.397411016338154,39.910691439076416,41.269244355407224,3943000
2022-05-23,41.13253402709961,41.54266277147748,40.799304626005934,41.07272378892451,2746200
2022-05-24,40.32081985473633,41.08981329508392,39.36385277518098,40.85057234004847,3382900
2022-05-25,40.918922424316406,41.081267282521054,40.05594385897443,40.141386119514436,3306500
2022-05-26,41.99999237060547,42.172548460681725,41.3787917628244,41.46507145347936,2439400
2022-05-27,42.54353713989258,42.54353713989258,41.87919842238553,42.276075071940426,2695400
2022-05-31,41.80155563354492,42.42275297408622,41.637625860585494,41.99999399286557,5324800
2022-06-01,40.93877029418945,41.85331182982552,40.48149623513828,41.75840912217571,3161400
2022-06-02,40.981910705566406,41.352905107883885,40.162271833208415,41.20623129497,2755600
2022-06-03,40.628177642822266,41.04231029534423,40.55052756477229,40.72308365946488,1794400
2022-06-06,40.77484130859375,41.17172124683531,40.4469884043172,40.757588664143995,2620600
2022-06-07,41.35289764404297,41.413291764567674,40.2830528253159,40.524632598647464,2295400
2022-06-08,40.79209518432617,41.26662516356126,40.65405099706679,41.00778943262102,1780400
2022-06-09,39.9293212890625,40.73170421827082,39.90343903045361,40.6626837649027,2773000
2022-06-10,38.8249626159668,39.195956966484665,38.52299200100242,39.023400918833794,3092900
2022-06-13,37.22020721435547,38.37632877328523,37.01314253315735,38.3331905723051,3509700
2022-06-14,37.63433837890625,37.988076878920936,37.08216152924758,37.21157941830104,3291000
2022-06-15,38.00532531738281,38.419457872907095,37.46177489834277,38.17788137165951,4246300
2022-06-16,36.84920120239258,37.38412525869262,36.37467455799903,37.280589659338126,4144900
2022-06-17,36.538604736328125,37.19431710126385,36.15898404010376,36.95274059377862,7383700
2022-06-21,36.13310623168945,36.512726974650164,35.88290008028574,36.20212668893982,4216500
2022-06-22,35.5809211730957,35.83975358753311,35.10639124018896,35.52052376153535,3271300
2022-06-23,35.477386474609375,35.72759257444894,34.87344196477458,35.45150421987866,2576400
2022-06-24,36.961368560791016,36.98725081882127,35.69308525757682,35.77073532290081,5164700
2022-06-27,36.93548583984375,37.34961841930362,36.77155609775141,37.12529454840878,2118100
2022-06-28,36.52998733520508,37.44453236595785,36.43508131516432,36.96137594176572,3083900
2022-06-29,36.61625289916992,36.7974385616201,36.25388815673538,36.668020701474674,1978100
2022-06-30,36.0899658203125,36.486842476045,35.7879918760726,36.228010017577425,3472100
2022-07-01,36.219383239746094,36.417821583149184,35.42562986613375,35.80525061552658,4010500
2022-07-05,35.9001579284668,35.91741386650634,34.69226859556821,35.675834025186425,3492500
2022-07-06,36.12446975708008,36.5299759743289,35.511898916170516,36.02956376655522,2968100
2022-07-07,37.151187896728516,37.4359026649646,36.5299872515096,36.5299872515096,2624000
2022-07-08,36.84920120239258,37.36686932546687,36.80606301494457,37.31510152578962,2344000
2022-07-11,36.435081481933594,36.76293774596582,36.124481157190836,36.38331366406517,2031700
2022-07-12,36.900978088378906,37.34099297466799,36.24526562927205,36.34017163976648,2569400
2022-07-13,36.35742950439453,36.659403489358944,36.08997068744269,36.409197319562814,2094700
2022-07-14,36.04682540893555,36.176243287643345,35.529160476571114,35.62406648212571,2114000
2022-07-15,36.16761779785156,36.61626232630092,36.012320933420774,36.521359601158146,2211100
2022-07-18,35.73622131347656,36.512721920262905,35.563668548620065,36.314283607691515,2307200
2022-07-19,36.76293182373047,36.926858283722304,36.18486946997325,36.24526360214042,1889400
2022-07-20,37.04764175415039,37.14254774705621,36.52997689077871,36.58174469360905,1927700
2022-07-21,37.332366943359375,37.36687881857867,36.797446042394604,36.93549025203821,1813300
2022-07-22,37.26333999633789,37.58256987788132,37.04764573157069,37.42726974395027,1592900
2022-07-25,37.49628829956055,37.67747068289943,36.96136747155536,37.33236185147772,1877300
2022-07-26,36.04682540893555,37.22020276627719,35.54641641314771,37.16843824778077,4467500
2022-07-27,36.77155685424805,36.97862479385455,35.98642987243018,36.13310368199171,5077100
2022-07-28,37.11667251586914,38.02258784383738,36.426451470333035,37.51354920564821,5159400
2022-07-29,36.900978088378906,37.41864304768765,36.555865921350716,37.29785477659785,4700200
2022-08-01,36.94411087036133,37.202943312070296,36.53860462723634,36.702534363597366,2909300
2022-08-02,36.52998733520508,36.93549367856693,36.24526927508279,36.80607578010518,2511200
2022-08-03,36.76293182373047,36.995882029760985,36.30566102554095,36.85783782891698,2637200
2022-08-04,36.12446975708008,36.80606433336512,36.08996118062519,36.624881964853756,2598600
2022-08-05,36.05545425415039,36.3487985872318,35.74485398486027,35.90878044199303,1882800
2022-08-08,36.65076446533203,36.91822650485305,36.40918797236652,36.47820841697114,2266300
2022-08-09,36.6766471862793,36.88371510518775,36.46958255860377,36.7715531786443,1985400
2022-08-10,37.453147888183594,37.77237444342571,37.25470958134483,37.28922144981233,2061300
2022-08-11,37.789634704589844,38.08297903768585,37.62570824744893,37.74649650968258,2161900
2022-08-12,38.812477111816406,38.91711885593476,38.03640247144624,38.17592147054205,2823700
2022-08-15,38.7950439453125,38.83864301309889,38.29800392808159,38.55088317819656,2159400
2022-08-16,39.22232437133789,39.396723990687825,38.57705010405802,38.69912883968415,2416300
2022-08-17,38.71656799316406,39.100244483308956,38.65552862715001,38.81248462090331,2154200
2022-08-18,38.48984146118164,38.58576140027565,38.14976409631773,38.48984146118164,1727400
2022-08-19,38.010250091552734,38.350327501146644,37.844572291759675,38.33288720752697,5698000
2022-08-22,37.05978012084961,37.47833723834106,36.80690082286635,37.39985757091165,2704800
2022-08-23,37.30393600463867,37.55681529175436,36.97258037986239,37.13825819225053,1353700
2022-08-24,37.15569305419922,37.38241020254743,36.93769438885085,37.15569305419922,1809900
2022-08-25,38.25440216064453,38.26312396942369,37.33009001377837,37.38240756087167,1591500
2022-08-26,37.16441345214844,38.43752825144266,37.14697315885445,38.3764855617158,1631500
2022-08-29,36.75457763671875,37.05977444867898,36.641217395249626,36.93769572389489,1929700
2022-08-30,36.71097183227539,36.99000984198577,36.196494878172736,36.798173289307044,2122500
2022-08-31,36.292415618896484,37.10337089201839,36.25753836170934,36.824332876148006,2922500
2022-09-01,36.022098541259766,36.34473561561075,35.75177901462245,36.21393509353566,2068900
2022-09-02,35.69074249267578,36.60633624073385,35.60354435529719,36.46681722509068,2087600
2022-09-06,35.16754913330078,35.80410488840405,34.993149521646046,35.769224300793915,2541600
2022-09-07,35.804100036621094,35.847699102027725,35.028022036242966,35.21114343318357,2297500
2022-09-08,36.24881362915039,36.30113450030474,35.123939847296455,35.498897774581096,2364000
2022-09-09,36.37962341308594,36.61506240367563,36.17906501215311,36.54530122436189,1638600
2022-09-12,36.77201461791992,37.22545225758034,36.49297658218978,36.623777116736434,1659100
2022-09-13,35.307064056396484,36.18777716968317,35.219862597499684,36.10929751987382,2142600
2022-09-14,34.60075378417969,35.36811013633422,34.33043419981716,35.19371051179053,2733200
2022-09-15,34.60075378417969,35.02802937159575,34.461234749823966,34.66179315381055,2303200
2022-09-16,30.72037124633789,32.36844060937446,30.301814211788574,32.36844060937446,12447800
2022-09-19,31.845247268676758,31.87140604557963,30.781412656015377,30.816293242816435,5320300
2022-09-20,30.371578216552734,31.36565168222391,30.022778991996283,31.2086923638131,4213600
2022-09-21,29.874536514282227,30.955811389822554,29.857099547769742,30.476214977231212,2964400
2022-09-22,29.482141494750977,29.99661849191141,29.255421013889368,29.90941702758166,3421300
2022-09-23,28.863027572631836,29.1246286830225,28.331113519948346,28.95022905156082,3510200
2022-09-26,27.703271865844727,28.64502440694081,27.14519412993867,28.557826267978577,8462600
2022-09-27,27.81662940979004,28.40958770978454,27.537591383814622,28.121827874399834,5500100
2022-09-28,28.522945404052734,28.60142505891275,28.008468405836133,28.078229577443146,5793500
2022-09-29,27.982309341430664,28.130546839974926,27.32831333313272,27.956150565545375,4583600
2022-09-30,27.642230987548828,28.540384409914154,27.589910111203,27.929987491461887,4340300
2022-10-03,28.374704360961914,28.740940486981255,27.729426909752885,28.10438484433192,6139000
2022-10-04,28.99382209777832,29.11590081649304,28.60142384019844,28.77582343538901,4782700
2022-10-05,28.66246795654297,28.863026360059482,28.243910854456836,28.496790143132674,4674600
2022-10-06,28.078231811523438,28.59270885067506,27.87767175359121,28.287508690204362,3838200
2022-10-07,27.52015495300293,27.738153649285394,27.2934361092854,27.694554575308125,3683900
2022-10-10,27.528873443603516,27.851512226490588,27.34575534808234,27.79047286131686,3265100
2022-10-11,27.537593841552734,27.895111552142023,26.761519054643983,27.162635836983974,4334700
2022-10-12,27.467836380004883,27.834074264932873,27.450396084723053,27.799193674369207,2544300
2022-10-13,28.583988189697266,28.67990814894798,26.92719841913756,27.040558673378964,3506500
2022-10-14,28.444467544555664,29.107185411068834,28.348547590739603,28.836865843623205,3191400
2022-10-17,28.97638511657715,29.281585274632935,28.784545207307566,29.054864777060523,3561400
2022-10-18,29.246702194213867,29.717580116990533,29.063584110821505,29.394939692275575,4000800
2022-10-19,28.392147064208984,29.0199809516466,28.11310904170435,28.92406100771145,3136700
2022-10-20,27.825349807739258,28.74966535614245,27.764310446904638,28.41830644990045,2728600
2022-10-21,28.8455867767334,28.8455867767334,27.816631083443305,27.851511670387822,3471400
2022-10-24,28.74966812133789,29.124626131897955,28.64502635578903,29.11590432157088,3189000
2022-10-25,29.159503936767578,29.281585998846907,28.252631903236455,28.444468490854696,3548300
2022-10-26,28.967670440673828,29.54318691774169,28.845591691961925,29.30774790534169,4427500
2022-10-27,28.76711082458496,29.77862469149049,28.06079381676444,28.27007071259522,6335700
2022-10-28,29.490859985351562,29.543180863962476,28.67118617882164,28.77582460964773,3635700
2022-10-31,29.307743072509766,29.578059306826425,29.063585615347396,29.23798189823716,3598600
2022-11-01,29.237985610961914,29.691423322125072,28.662469155715655,29.621665465390286,3369200
2022-11-02,28.53166389465332,29.639097417120354,28.522942086019164,29.08101808837208,3353200
2022-11-03,28.50550651550293,28.83686544416947,28.243908761880256,28.357269008128583,2925900
2022-11-04,29.36005973815918,29.447261203360554,28.73222582068814,29.02870414958127,3069200
2022-11-07,29.290300369262695,29.551898098471877,28.967663280784556,29.447259672067325,2525600
2022-11-08,29.229259490966797,29.517015980223686,28.98510206657969,29.429817850484127,3139800
2022-11-09,28.967670440673828,29.28158912387383,28.828151395517878,28.993829222141688,3172000
2022-11-10,30.641891479492188,30.65933177166576,29.438537930680603,29.726297761951123,4051600
2022-11-11,31.941165924072266,32.15044278360144,30.685491461314385,30.96452949161709,5185600
2022-11-14,31.97914695739746,32.80048407923113,31.811348168144363,31.961483395005548,4123800
2022-11-15,32.24408721923828,32.76515041436277,31.84666893617705,32.482540210462645,3640800
2022-11-16,31.599382400512695,32.235257042157414,31.5110679753862,32.129279058209754,2572700
2022-11-17,31.564058303833008,31.63470916935935,30.945847227825684,31.148973098560504,3289900
2022-11-18,31.590553283691406,31.97031138765617,31.40509096379591,31.87316349562154,6472200
2022-11-21,31.961477279663086,32.04096161072855,31.38742677217197,31.3962568671884,2544300
2022-11-22,32.420719146728516,32.63267848223301,32.04096105697666,32.22642673891035,2258600
2022-11-23,32.50904083251953,32.597355267648865,32.26175434999384,32.46488024597512,1555400
2022-11-25,32.42955017089844,32.59734891252231,32.27058152347411,32.50020103143198,861800
2022-11-28,31.599382400512695,32.173436270772996,31.555225187949446,32.10278203548831,2682000
2022-11-29,32.085121154785156,32.19109913645089,31.466910085273014,31.643542300702094,2403100
2022-11-30,32.782814025878906,32.79164748981587,31.431583775750113,31.996804184458124,6137200
2022-12-01,33.021270751953125,33.242060209635596,32.65917617611307,33.0477644088015,3886200
2022-12-02,32.76515579223633,32.871137162828546,32.41189466386872,32.747495599450886,2631500
2022-12-05,32.25292205810547,32.62384670316966,32.129280509750735,32.464878035576575,2465300
2022-12-06,32.16460418701172,32.44721777129766,31.820173197668222,32.16460418701172,2218700
2022-12-07,31.92615509033203,32.438384850794314,31.820173731080885,31.926155090332035,2003600
2022-12-08,31.943815231323242,32.26175257062085,31.811343585935614,32.13811102066724,1487400
2022-12-09,31.86433219909668,32.2617504784668,31.802508059149567,32.12927884166988,1744900
2022-12-12,32.500205993652344,32.509039458179686,31.749523219849323,31.85550121132019,2572700
2022-12-13,32.87113571166992,33.58649140219705,32.62384922685161,33.46284984427778,4787900
2022-12-14,32.76515579223633,33.38336697810455,32.49137900732292,32.80048291576706,2778700
2022-12-15,32.27058410644531,32.49137353787587,32.032131116222786,32.31474131893555,3623300
2022-12-16,31.44924545288086,32.06745650128189,30.981172961610262,31.9703086176644,6248400
2022-12-19,30.839868545532227,31.69653268367911,30.57492188116112,31.537564011260518,3596400
2022-12-20,30.627910614013672,30.998835246750385,30.566089841890886,30.822206394387802,2733500
2022-12-21,30.610248565673828,31.016500336524363,30.557257885962187,30.848701570906858,3045700
2022-12-22,30.407119750976562,30.424783309178824,29.806572248016703,30.362962539960538,6327500
2022-12-23,30.672067642211914,30.804542649664693,30.283479452785482,30.34530022453561,2001400
2022-12-27,30.831043243408203,30.945854717778552,30.495442286238028,30.654410983372312,1670600
2022-12-28,30.345300674438477,30.998835519480462,30.15983835643841,30.645574442667872,2312600
2022-12-29,30.707395553588867,30.93701508759743,30.415951877253157,30.47777265060083,1751200
2022-12-30,30.583755493164062,30.698563581257908,30.23932449092326,30.468944036090583,2016800
2023-01-03,31.27261734008789,31.360931771865843,30.65440621070335,30.698563426592326,3692600
2023-01-04,32.526702880859375,32.55319653637028,31.484576423688985,31.581720950222163,4592300
2023-01-05,31.97031021118164,32.297077625017494,31.70536356836934,32.217593295275876,3407300
2023-01-06,32.3588981628418,32.5885210555425,32.1027816167446,32.305910856048804,2167300
2023-01-09,32.6856689453125,33.26855296300557,32.3942286209558,32.3942286209558,2951300
2023-01-10,33.22439193725586,33.259719054030526,32.164602016870845,32.641507986391,3299500
2023-01-11,33.215572357177734,33.612994124251216,33.08309731182646,33.498182642878795,3533800
2023-01-12,33.40102767944336,33.64831078502163,33.00360599620711,33.38336411919068,2315100
2023-01-13,33.78078079223633,33.92208588432051,33.01243456458982,33.12724263573505,3447200
2023-01-17,33.153743743896484,33.87793285122895,33.14491027950146,33.78078495676101,2165300
2023-01-18,32.597354888916016,33.39219827176414,32.55319767186439,33.242059691012955,2138800
2023-01-19,32.350067138671875,32.562023097713336,31.723022618141083,32.26174934825524,2299600
2023-01-20,33.14490509033203,33.14490509033203,32.235253800873814,32.24408389490684,2445200
2023-01-23,33.091922760009766,33.45401731138866,32.85346975754373,33.19790074922371,2058500
2023-01-24,32.45604705810547,33.12724546049357,32.30591185889239,33.09192171119483,2241400
2023-01-25,32.0762939453125,32.39423132128044,31.617051443245476,32.20876897495912,2998300
2023-01-26,32.879966735839844,32.91529385880825,32.08512668293001,32.146947463634774,2552900
2023-01-27,33.657142639160156,33.789614281247104,32.83580565609903,32.93295354835048,3282300
2023-01-30,33.37453079223633,33.89559397781244,33.35686723369383,33.38336088701792,4174500
2023-01-31,36.933650970458984,36.99547173362356,34.79641117196042,35.02603066814614,10851200
2023-02-01,36.076988220214844,36.65104203338967,35.66190642062195,36.474409831722106,6862300
2023-02-02,36.67753601074219,36.74819023962929,36.05932835287533,36.43025294759544,4356100
2023-02-03,36.527400970458984,36.97780988994633,36.38609588111206,36.41258953255865,2650300
2023-02-06,35.80321502685547,36.38609899135822,35.697233674051795,36.28895110244453,2478500
2023-02-07,35.57358932495117,36.0063380589773,35.29097914439582,35.608916439765366,2547400
2023-02-08,34.831748962402344,35.57360178852052,34.69044382261699,35.33514873344894,3532100
2023-02-09,33.88676071166992,35.017204882127075,33.6748047458825,34.999541323481566,3608500
2023-02-10,34.11637878417969,34.19586310236307,33.4275135702641,33.74545084299762,3131700
2023-02-13,34.61094665527344,34.849399622051266,34.16053774179022,34.24885215808763,2236600
2023-02-14,34.57563018798828,34.761092522638336,34.3283437061418,34.531469601565156,2366400
2023-02-15,34.690433502197266,34.76991783024117,34.2665182089562,34.2665182089562,3090500
2023-02-16,34.532257080078125,34.853986733856935,34.13903384166196,34.21052742629931,2245600
2023-02-17,34.20159149169922,34.594814724194805,34.0049781708693,34.46969839609004,4085000
2023-02-21,32.271217346191406,33.7815555371483,32.01204585858709,33.6921877044675,4589600
2023-02-22,32.42314529418945,32.7270007164144,32.21759653932618,32.21759653932618,2202900
2023-02-23,32.66443634033203,32.77167840745315,32.16397108765757,32.57506851925841,1686700
2023-02-24,32.610816955566406,33.0397886324809,32.146096786618074,32.29802276401611,3273400
2023-02-27,32.69124984741211,33.23639901785108,32.57506895114497,33.17384086043736,2489300
2023-02-28,32.521453857421875,32.84318354784672,32.476769935788354,32.65550903148713,3633500
2023-03-01,32.789554595947266,33.20065546106548,32.324834398674014,32.39633138709946,2219000
2023-03-02,33.53132247924805,33.67431305533414,32.77168227384475,32.96829559439972,2965300
2023-03-03,33.75474166870117,33.96029038561973,33.23639875799569,33.683244684122265,3215400
2023-03-06,32.726993560791016,33.584940300710755,32.557193341942565,33.567066055174536,3250400
2023-03-07,32.43207931518555,32.82530251716934,32.26227567522119,32.709121617588046,2542600
2023-03-08,32.90573501586914,33.01297708777341,32.47676331908807,32.50357298477314,2854800
2023-03-09,32.35165023803711,33.19171946882723,32.253343575134835,33.05766771782222,2253200
2023-03-10,31.74393653869629,32.33377305338642,31.440081157845974,32.226530980487496,2486500
2023-03-13,31.145164489746094,31.72606564694751,31.0111127367365,31.27921965192008,3289600
2023-03-14,31.67243766784668,31.97629303063393,31.28814990287563,31.743934651638423,3043300
2023-03-15,30.81449317932129,31.020041886385705,30.49276358246787,30.966422559685935,3660900
2023-03-16,30.984294891357422,31.18090818984989,30.26934209115371,30.385522986550523,3134100
2023-03-17,30.439144134521484,30.86811579222944,29.867178515080518,30.86811579222944,7959500
2023-03-20,31.127290725708008,31.565197850562964,30.92173858724164,30.92173858724164,3499900
2023-03-21,31.49370574951172,31.71712873652562,31.404334509207622,31.690315659852278,3078500
2023-03-22,30.743005752563477,31.62775891160028,30.725131503702766,31.60988466273957,3744500
2023-03-23,30.48383331298828,31.082605290023604,30.215726406716282,30.75194021926028,2901300
2023-03-24,30.81449317932129,30.975357977747997,29.885052879336683,30.188908230902275,3047700
2023-03-27,30.832372665405273,31.297092894389355,30.823437245824394,31.27921864606332,3166600
2023-03-28,30.97536277770996,31.145163020511085,30.707255875174,30.77874945824028,1780500
2023-03-29,31.341768264770508,31.449010316321118,31.163029239410584,31.306019777865853,1970900
2023-03-30,31.49370574951172,31.78862231960467,31.404334509207622,31.726064155973916,1530500
2023-03-31,32.226531982421875,32.28909014432154,31.708189030494214,31.75287294482767,3611500
2023-04-03,32.13715744018555,32.53931944616383,32.012041129250925,32.262273751120176,3102400
2023-04-04,31.60094451904297,32.21759067131886,31.323898816862503,32.16397134191636,2579000
2023-04-05,31.699256896972656,31.770750485483784,31.28815597866684,31.368588396469665,2356600
2023-04-06,31.976287841796875,32.01203632789179,31.592000139184734,31.752864917448573,2690900
2023-04-10,32.07460021972656,32.199716534308465,31.636693118689923,31.91373541264587,1780400
2023-04-11,32.65550231933594,33.048725521716705,32.36058236067737,32.42314051993876,2546800
2023-04-12,32.59293746948242,33.093402640839415,32.4410081073467,32.9146670277338,1559500
2023-04-13,32.5303840637207,32.771677858409724,32.13715747559147,32.59294221925693,2033100
2023-04-14,32.09247970581055,32.44101904167114,31.752875789951624,32.137163624147774,3069000
2023-04-17,32.47676467895508,32.51251317414136,32.04779296421211,32.119286545420536,1982800
2023-04-18,32.610816955566406,32.6465620384364,32.34270667447649,32.49463606103836,1870500
2023-04-19,32.682315826416016,32.861054906384794,32.37846041321841,32.530389824399414,1749800
2023-04-20,32.66443634033203,32.70912025086885,32.44995220608979,32.47676187057911,1840700
2023-04-21,32.208656311035156,32.691250746496756,32.0388526712446,32.61975375939253,1905400
2023-04-24,32.51251983642578,32.610826513750446,32.208664383406294,32.208664383406294,2664600
2023-04-25,31.002168655395508,31.484763066464673,30.88599117096923,31.28814977102972,5127500
2023-04-26,30.88599395751953,31.32390108883346,30.62682248272975,31.17197509895511,3160100
2023-04-27,29.500770568847656,30.385527123354098,28.955621328273754,29.902932639077857,5459400
2023-04-28,29.590139389038086,30.019111092439594,29.232661264954807,29.71525570971802,4202900
2023-05-01,29.706321716308594,30.206787023045024,29.447150234369104,29.563331141646156,3245700
2023-05-02,28.884122848510742,29.67057269994226,28.419402636717766,29.482898213207832,4206400
2023-05-03,28.866247177124023,29.482896759071952,28.80368901796467,29.027111989009224,2964700
2023-05-04,28.410465240478516,28.991362907923904,28.321095712955394,28.848372345719692,3061800
2023-05-05,28.910932540893555,29.0896716085351,28.642825644013318,28.75006772093258,2006400
2023-05-08,28.937744140625,29.223725270595367,28.767940500904853,29.089670124412514,1749200
2023-05-09,28.705379486083984,28.89305735390192,28.616011670295364,28.72325373107444,2177500
2023-05-10,28.499832153320312,28.919868407891165,28.07086048040625,28.875184497847496,3335700
2023-05-11,28.321096420288086,28.490896651782702,28.1155459904766,28.330033543721804,3981600
2023-05-12,28.383657455444336,28.660701491630384,28.133423087693668,28.455152745575646,2886700
2023-05-15,28.43727684020996,28.535583497631716,28.070863286560602,28.410467173336446,3104700
2023-05-16,28.133420944213867,28.446213453925058,27.97255612752914,28.446213453925058,2998700
2023-05-17,28.6875057220459,28.723254212626134,28.106608091353703,28.23172439922083,2445500
2023-05-18,28.62495231628418,28.633891144993818,28.24066620629417,28.55345873242839,1876100
2023-05-19,28.562393188476562,28.928806742433437,28.464088235554378,28.910932494781374,3373600
2023-05-22,28.356843948364258,28.46408772778142,28.026178895610265,28.37471819569746,3091700
2023-05-23,28.562393188476562,28.90199707553742,28.195979634519688,28.43727686407629,2640500
2023-05-24,28.11554718017578,28.553457724047924,28.05298901807464,28.473025314323007,2984500
2023-05-25,27.764522552490234,28.118267950511875,27.58311368014706,28.118267950511875,4062400
2023-05-26,27.773595809936523,28.04570741428152,27.719172105032815,27.873369142173214,2974600
2023-05-30,27.338212966918945,27.746382075798888,27.256579145142958,27.701030721498125,3785500
2023-05-31,26.703283309936523,27.292859520877315,26.67607146141564,27.21122570535779,6653100
2023-06-01,26.458383560180664,26.866552663954582,26.31325715218177,26.793989459955135,3709500
2023-06-02,27.55590057373047,27.809872637421112,26.803056728909546,26.839339193740987,3969100
2023-06-05,27.46519660949707,27.87336393983341,27.401702298960114,27.691956814142724,3328700
2023-06-06,27.964073181152344,28.063848241984477,27.437989485021436,27.437989485021436,4876400
2023-06-07,29.143226623535156,29.179505631783684,28.1091987665464,28.245254562716593,4642900
2023-06-08,28.798547744750977,29.388125696788286,28.517365558269432,29.19764448361408,3914000
2023-06-09,28.735055923461914,28.81668974267973,28.526436932146694,28.81668974267973,3450400
2023-06-12,28.41758918762207,28.653420011466444,28.081983318678095,28.462940537189297,4061300
2023-06-13,28.61713981628418,28.952745711831934,28.49015464339525,28.62621043292528,3907400
2023-06-14,28.843900680541992,29.170435966675374,28.64435230015118,28.934605118917183,3883900
2023-06-15,28.852970123291016,28.907393822127464,28.45387337874955,28.71691433628628,3238300
2023-06-16,29.007165908813477,29.061589605333875,28.653420531646496,28.79854692894798,7100100
2023-06-20,28.589929580688477,28.70784413645906,28.272464919707836,28.571788347479703,3705500
2023-06-21,28.227113723754883,28.662492942928097,27.96407103089405,28.308745813562034,2984600
2023-06-22,27.88243865966797,28.227115190286757,27.701031507275786,28.20897395603454,3750000
2023-06-23,27.755451202392578,27.837085019785395,27.419845316439524,27.610324800370496,3169900
2023-06-26,28.426660537719727,28.48108250461457,27.855223830172875,27.891506294798194,2665100
2023-06-27,28.725988388061523,28.86204419133699,28.190834062473737,28.381313571094115,2253100
2023-06-28,28.453876495361328,28.671566124421542,28.118270569283055,28.671566124421542,2042200
2023-06-29,28.735055923461914,28.744126540046473,28.218042888444543,28.29967670766236,2351700
2023-06-30,28.852970123291016,28.916462708557013,28.190830691169623,28.508295347542802,3210200
2023-07-03,29.052520751953125,29.36091481580528,28.834832859873167,28.898325450070377,1721200
2023-07-05,28.41758918762207,28.662490627388507,28.317814142522465,28.544574350444776,4034700
2023-07-06,28.390378952026367,28.453873267086387,27.945929126865373,28.263393781992708,3263900
2023-07-07,28.843900680541992,29.27927990869099,28.345028864543334,28.345028864543334,3707300
2023-07-10,28.31781578063965,28.707843637635083,28.00942174162201,28.10919679249336,3427300
2023-07-11,28.753196716308594,28.86204065357005,28.38131009225276,28.499224645959874,2596400
2023-07-12,28.852970123291016,29.35184364903264,28.789477538025018,29.170434779664195,2335100
2023-07-13,28.871110916137695,28.998096084733984,28.617138848901952,28.689702049534567,2509000
2023-07-14,28.48108673095703,28.898326485847246,28.408523520981785,28.898326485847246,3566900
2023-07-17,28.10919952392578,28.290608410402825,28.100128906597593,28.254325941090073,2793400
2023-07-18,28.444805145263672,28.644353534251735,27.918721456073925,27.955002194961146,3201600
2023-07-19,28.626209259033203,28.70784307541226,28.32688584232438,28.46294162627509,3050200
2023-07-20,28.67156219482422,28.81668859430731,28.408519514484144,28.75319601078885,2395500
2023-07-21,28.889253616333008,28.95274620385647,28.37224056930681,28.671564003376886,3189600
2023-07-24,29.360910415649414,29.424402996331345,28.943672468286405,29.02530628060405,2630400
2023-07-25,30.77589988708496,30.902885067200508,29.62395745875776,29.66023992738696,8142400
2023-07-26,30.630773544311523,30.975450076921945,30.394940957756678,30.83939254928748,3585100
2023-07-27,32.1092529296875,32.6806862710171,31.202211925573014,31.31105587724244,6959700
2023-07-28,32.41764450073242,32.88930274149455,32.326938331288495,32.57183979865724,3449100
2023-07-31,32.7078971862793,32.84395124974753,32.526488308235095,32.526488308235095,3383700
2023-08-01,32.59905242919922,32.8167437925378,32.33601316777727,32.65347613505558,3031200
2023-08-02,33.188621520996094,33.56050809390348,32.55369229747263,32.55369229747263,5842000
2023-08-03,33.2158317565918,33.74191705972526,32.86208641280215,33.206762871403875,3365000
2023-08-04,32.88930130004883,33.66028813614243,32.87116352704154,33.19769534246898,2489900
2023-08-07,32.78045654296875,33.19769451344532,32.626261255652494,33.00721676084771,2336000
2023-08-08,32.517417907714844,32.59905173471685,32.03668729319568,32.254378651896616,2400900
2023-08-09,32.39042663574219,32.59904560774041,32.28158270689227,32.417640213019254,1522500
2023-08-10,32.24530792236328,32.58091213461688,32.109253843924385,32.526491887276094,2033400
2023-08-11,32.127384185791016,32.37228562241837,32.00947137044484,32.04575383366804,2318700
2023-08-14,31.891191482543945,32.038240060607585,31.68899837298845,32.029047552401614,2757500
2023-08-15,31.523571014404297,31.86362022326611,31.459237475049765,31.569523041669687,2100300
2023-08-16,31.275423049926758,31.652235249109683,31.24785253722777,31.376519604375897,2334600
2023-08-17,31.459238052368164,31.762527748532403,31.31218945887142,31.394904511833026,2385000
2023-08-18,31.71657371520996,31.77171825509859,31.247857396859747,31.27542791384647,3754800
2023-08-21,31.302997589111328,31.661428283817443,30.92618538366199,31.63385426474526,2247900
2023-08-22,31.036466598510742,31.477612276863653,30.944559057657507,31.312182209242035,1702200
2023-08-23,31.13756561279297,31.229469655029117,30.852657472397745,31.10080259353272,1607300
2023-08-24,31.008899688720703,31.49599744108537,30.889421624699605,30.889421624699605,2038900
2023-08-25,31.18351936340332,31.35813845570247,30.972137249804977,31.22947138706997,2678900
2023-08-28,31.66143035888672,31.79009743660734,31.284618128741354,31.321381152637226,1682000
2023-08-29,31.872812271118164,31.882001274072312,31.57871509377687,31.74414519427071,1270700
2023-08-30,31.99228858947754,32.010670100292074,31.762524963167944,31.91876254621941,1452600
2023-08-31,32.09337615966797,32.11175766734359,31.91875709562075,32.10256866646283,3216200
2023-09-01,32.34152603149414,32.59886367104932,32.277192498084005,32.34152603149414,2211100
2023-09-05,31.541954040527344,32.249626513310886,31.53276503699917,32.16691145789684,2494200
2023-09-06,31.13756561279297,31.62466334729061,31.018087553154395,31.486803778021912,2295300
2023-09-07,30.861854553222656,31.440856415751874,30.60451688618356,31.06404417728516,4101900
2023-09-08,31.826858520507812,31.8728105446192,30.760755433915985,30.871040992966254,3197100
2023-09-11,31.799283981323242,32.22205171161309,31.707379934603296,32.04742911456468,2384900
2023-09-12,31.707378387451172,32.22205013934771,31.63385234893117,31.88199747006444,2163300
2023-09-13,31.0732364654541,31.909575989075105,30.880232340068506,31.845242449251565,3368800
2023-09-14,31.808473587036133,31.93714064306911,31.422468913022865,31.587898986755075,2516700
2023-09-15,31.468429565429688,32.02904990007345,31.45004805358507,31.836049284577324,5919000
2023-09-18,31.394899368286133,31.771711546506648,31.201898778300745,31.541947937691347,3001000
2023-09-19,31.339757919311523,31.67061810946035,31.045660751604743,31.36733193910045,3047400
2023-09-20,30.990520477294922,31.59709633867652,30.97213896562701,31.49599977746044,2251900
2023-09-21,31.36733055114746,32.12095494828879,31.28461550727026,31.578712661963724,4260400
2023-09-22,31.312185287475586,32.13014319895293,31.266233265488626,31.52356739334724,3320200
2023-09-25,31.99228858947754,32.23124121823705,31.109993599953512,31.146756621582576,3043300
2023-09-26,31.734952926635742,32.019861103188624,31.65223787576006,31.836049489474345,2444800
2023-09-27,32.12095642089844,32.690769246001196,31.94633381697718,32.53453165924512,3175600
2023-09-28,32.48857498168945,32.525338002892916,32.029047734390225,32.25881135803984,2131800
2023-09-29,32.59886169433594,32.94809985283844,32.46100212772245,32.69076573480198,2564900
2023-10-02,32.59886169433594,32.6540027162498,32.130141972581626,32.47938363699855,3036600
2023-10-03,32.30476760864258,32.69996133061502,32.01985944682776,32.203671051033616,3763800
2023-10-04,32.571292877197266,32.782675008746075,32.25881418144794,32.49777033427006,2465200
2023-10-05,32.12095642089844,32.709150757251585,32.065811887147284,32.44262410299319,2200900
2023-10-06,31.753334045410156,32.18529080640274,31.69819301611911,32.120957268286595,3245500
2023-10-09,32.31395721435547,32.48857631335732,31.725762874649426,31.753333388724766,1904000
2023-10-10,32.5069580078125,32.85619971369817,32.47938749358186,32.543721030729905,2060100
2023-10-11,32.56209945678711,32.83781509071271,32.20366878209238,32.617243985938025,1477400
2023-10-12,32.27719497680664,32.65400720396668,32.05662384700876,32.65400720396668,2209400
2023-10-13,32.30476760864258,32.55290924251853,32.13014500698537,32.359908635764015,1742500
2023-10-16,32.17609786987305,32.51615057358377,32.06581230684205,32.35072047607986,2714400
2023-10-17,32.635623931884766,32.73672048838712,32.0474296095962,32.06581112040706,2639400
2023-10-18,32.40586853027344,32.95730347680991,32.130152809963,32.4334425564454,4380900
2023-10-19,31.48680305480957,32.35990545965682,31.48680305480957,32.176093873491965,2796400
2023-10-20,30.632091522216797,31.597098151707243,30.549376467922468,31.523572100816697,3157100
2023-10-23,29.786556243896484,30.60451418902475,29.76817473316257,30.393132074456805,4342200
2023-10-24,30.5677490234375,30.65046406298086,29.906032213005062,30.080651293856846,3372000
2023-10-25,30.4390869140625,30.696424582227262,30.144989726944218,30.36556437024044,2750700
2023-10-26,30.218515396118164,30.972139866857216,29.703843572185285,30.218515396118164,5396500
2023-10-27,30.45746612548828,30.641277730029316,29.924416328825508,30.117416935931956,3855200
2023-10-30,30.68722915649414,30.834277736077574,30.485036044848915,30.65046613511961,2471000
2023-10-31,30.999710083007812,31.348951799659925,30.622897851275116,30.72399441445717,3185400
2023-11-01,30.889423370361328,31.192709542736594,30.779137808217126,31.06404246924922,3400400
2023-11-02,31.293804168701172,31.50518627721531,31.155948101016957,31.247852146139767,2592800
2023-11-03,31.799283981323242,32.139336667199274,31.44085329083494,31.53276084346954,2147500
2023-11-06,31.569517135620117,31.82685475081028,31.46842409691481,31.817662243527977,2355000
2023-11-07,31.109996795654297,31.376523470971282,31.018092738055714,31.32138243877816,2634600
2023-11-08,30.843475341796875,31.183524580923585,30.61371167910567,31.183524580923585,2500000
2023-11-09,30.5677490234375,31.091613277821747,30.5309895104628,31.02727624180851,3491300
2023-11-10,30.41152000427246,30.668854197034403,30.0990412676692,30.521805586039658,3233800
2023-11-13,29.80493927001953,30.448278154757315,29.602746147580977,30.411515131420327,3429900
2023-11-14,31.252901077270508,31.308844303951766,30.096765956043313,30.096765956043313,3494600
2023-11-15,31.765703201293945,31.90555949696437,31.318168034519275,31.318168034519275,2551000
2023-11-16,31.34613800048828,31.765703332539715,30.861307345305885,31.71908575268808,2581900
2023-11-17,31.122377395629883,31.60720813183618,30.98252107600912,31.569912639044784,2292900
2023-11-20,30.376482009887695,30.973195602686335,29.62126436836179,30.92657446343542,5253300
2023-11-21,30.292566299438477,30.572275327107153,30.031501457813558,30.479036613422092,2668600
2023-11-22,30.693479537963867,30.740100671965386,30.143387146354854,30.3112097133263,1991900
2023-11-24,30.702804565429688,30.954543745826587,30.60956941270184,30.7680698836778,1046800
2023-11-27,31.812320709228516,32.30647701124143,30.31121117341622,30.534980534645715,8217700
2023-11-28,31.94285011291504,32.241210435187064,31.653818996900476,31.9521757624793,3432300
2023-11-29,33.36937713623047,33.56517312585815,32.054741331068776,32.054741331068776,4679200
2023-11-30,34.44158935546875,34.52550241482443,33.81690601324887,33.90081907260454,6130400
2023-12-01,34.674686431884766,35.1222216356785,34.11526831631601,34.30174220707014,4521000
2023-12-04,34.833187103271484,34.842509196392335,34.30173887805068,34.376326293097364,4714900
2023-12-05,33.97541046142578,34.61874517738761,33.91947078643326,34.61874517738761,3544700
2023-12-06,34.07796859741211,34.46956407506426,33.93811586422385,34.09661633984251,2563300
2023-12-07,34.32970428466797,34.37632185764391,33.84487370099395,34.1712038252112,2230700
2023-12-08,34.348350524902344,34.49752888592513,34.09661137379653,34.217819903594,1818100
2023-12-11,34.41362380981445,34.51618462366268,34.10594492496326,34.23647557651792,1705600
2023-12-12,33.61178970336914,34.31106412253782,33.53720228147183,34.31106412253782,2173000
2023-12-13,34.41362380981445,34.56280220540456,33.29478406454189,33.52787552994478,3124800
2023-12-14,35.122222900390625,35.62570135654839,34.646717840704135,34.646717840704135,3279500
2023-12-15,34.89845275878906,35.327340180313755,34.66536130491347,34.94507033822551,5645600
2023-12-18,34.348350524902344,35.131537809445106,34.32970278518791,35.131537809445106,3372800
2023-12-19,34.36700439453125,34.739948585262525,34.18985261399258,34.497535039121864,6298900
2023-12-20,34.115264892578125,34.48821263665812,34.08729505661478,34.236473442908114,2402200
2023-12-21,34.10594177246094,34.43226837118435,33.90082016372441,34.35767740193718,2333100
2023-12-22,34.16188049316406,34.34835435440571,34.022027764752636,34.15255840061386,1664600
2023-12-26,34.10594177246094,34.17120709220562,33.9194679060362,34.077968380646666,1638000
2023-12-27,34.003379821777344,34.28308883363837,33.75164064409451,34.05931949013372,1908200
2023-12-28,33.79825973510742,34.049998924075545,33.69569892959894,33.89149489100974,1469600
2023-12-29,33.70503234863281,33.89150270342118,33.490585038576924,33.70503234863281,1800300
2024-01-02,34.06864929199219,34.35768043157862,33.76096685175612,33.798262339668405,3461900
2024-01-03,33.89149475097656,34.07796861870394,33.48125508733088,33.73299427525887,2530400
2024-01-04,34.003379821777344,34.2084978669058,33.854201445005266,33.89149337167849,2949400
2024-01-05,34.74927520751953,34.78657069464429,33.93811792436972,34.01270534192583,5272300
2024-01-08,35.112892150878906,35.15950972458168,34.55347415305983,34.55347415305983,2833700
2024-01-09,35.122222900390625,35.17816613663941,34.711983171314166,35.10357871166813,2259600
2024-01-10,35.0196647644043,35.15019542237695,34.81454312662231,34.991691368628956,1809300
2024-01-11,35.26207733154297,35.29937282038589,34.74927680838028,35.084929094579444,2500300
2024-01-12,35.122222900390625,35.56976167699337,34.94507465397679,35.429905364718294,1770400
2024-01-16,34.78657150268555,34.96371973560294,34.516184549790445,34.92642424761186,2745700
2024-01-17,34.404296875,34.79588877456177,34.339031558406376,34.49753202536433,2274300
2024-01-18,34.20849609375,34.48820864780552,33.81690420878087,34.33903027876592,3258700
2024-01-19,34.255123138427734,34.29241506960686,33.621114071367266,34.18053216268251,2339300
2024-01-22,33.89149475097656,34.04999878338746,33.0057501034846,33.854202822785645,3229500
2024-01-23,34.040672302246094,34.43226777057669,33.89149392304708,34.012702467612876,2291700
2024-01-24,33.73299789428711,34.24579841803306,33.61178933375653,34.13391550807061,2663400
2024-01-25,35.10357666015625,35.308694734360145,34.20850271595415,34.20850271595415,3829700
2024-01-26,35.02898406982422,35.318018758534386,34.814540354985084,35.27140117821169,2558500
2024-01-29,34.236473083496094,34.89845194343006,34.077969049083414,34.74927355870278,3267300
2024-01-30,33.863525390625,34.18052990319985,33.7702902338002,34.03135151826423,3975500
2024-01-31,33.40666961669922,33.9474399521894,33.21087008801937,33.92879220866306,5966100
2024-02-01,32.03608703613281,33.55584417116025,31.924204144461815,33.294779348337265,7882100
2024-02-02,31.196962356567383,31.84029710789676,30.861310061385737,31.719088544260348,5693200
2024-02-05,30.74010467529297,31.0664313156426,30.69348353521991,30.907930820813817,5227700
2024-02-06,30.898603439331055,31.150342643511106,30.488363749200648,30.656189885320686,3073500
2024-02-07,31.56990623474121,31.588553977354007,30.824014313695443,31.187636402911927,4919900
2024-02-08,32.530242919921875,32.67942130898801,31.560581612645294,31.6817901652282,5976200
2024-02-09,32.87522506713867,32.93116831005354,32.287837021656365,32.49295513228918,3731700
2024-02-12,33.0989875793457,33.55584840947052,32.856574023991385,32.88454386126865,3463300
2024-02-13,32.26918029785156,32.96845463464975,32.082706430033404,32.81927625173387,4074000
2024-02-14,32.1945915222168,32.53956944603441,31.924208129980787,32.343769915299696,3068400
2024-02-15,32.69806671142578,32.71671445331077,32.12000093976361,32.19458835061046,2079700
2024-02-16,33.37869644165039,33.4905793468477,32.63280447917926,32.64212657265678,5380700
2024-02-20,33.32276153564453,34.67468935502116,33.26681829669408,34.040680207025225,5476700
2024-02-21,32.806053161621094,33.42004639208991,32.683253794852625,33.37281697514005,4076900
2024-02-22,32.57935333251953,32.92885537218034,32.45655395514591,32.711597152749356,4622300
2024-02-23,32.806053161621094,32.872175066025605,32.343199830789494,32.636024377902764,3365900
2024-02-26,31.92757797241211,32.65492265315065,31.92757797241211,32.45655690477855,4645000
2024-02-27,32.305419921875,32.39987877058735,31.984254791529274,32.050376706302735,2235800
2024-02-28,32.702152252197266,33.20279425270562,32.09760695678073,32.173176920394894,4773900
2024-02-29,33.401161193847656,33.986814019256094,32.73049395802716,32.73049395802716,4499000
2024-03-01,33.10832977294922,33.59952369627234,33.03276341733165,33.287806623867155,2731000
2024-03-04,33.901798248291016,34.28908530165342,33.505066751205995,33.63731058356767,4244100
2024-03-05,33.864009857177734,34.10960860972864,33.67509217475251,33.67509217475251,3057800
2024-03-06,33.73176574707031,34.38354399728434,33.41060064499531,34.355203462466044,3183500
2024-03-07,33.89234924316406,34.27018819857819,33.76010542860043,33.958471150445874,2840000
2024-03-08,34.23240661621094,34.26074354676607,33.722320245976526,34.00570036164886,2068800
2024-03-11,34.59135818481445,34.84640140756111,33.88290598942069,34.09071978648261,2006400
2024-03-12,34.128501892089844,34.657477180576585,34.024595002315976,34.5252333584549,2021900
2024-03-13,34.279640197753906,34.59135728183546,33.93013452938712,34.3079771317502,2834900
2024-03-14,34.185176849365234,34.4780050386893,33.996259156509986,34.13794742615142,3412000
2024-03-15,34.33631134033203,34.421325738947075,33.70342917548856,34.090716190651804,21737600
2024-03-18,33.00442123413086,34.30797413469706,32.96663985989432,34.30797413469706,5409400
2024-03-19,36.62225341796875,36.69781977322758,33.495616645329406,33.6373085160789,12428900
2024-03-20,37.05677032470703,38.10528009167242,36.55613195443037,36.94341898874088,6752900
2024-03-21,37.6707649230957,37.77467181935865,36.886742781020125,37.245692894462806,4243700
2024-03-22,37.340145111083984,37.87856838392145,37.340145111083984,37.78410955139236,2642800
2024-03-25,38.58702850341797,38.596476550669784,37.43461537151865,37.43461537151865,4454800
2024-03-26,36.08382797241211,38.99320274618004,35.158117653332596,38.60591573918378,19957300
2024-03-27,37.20790481567383,37.217352861842485,35.337591648774726,35.961029371074424,10984400
2024-03-28,36.85840606689453,37.29292254170199,36.46167097001118,37.113449285596516,7774300
2024-04-01,36.86784362792969,37.18900870226045,36.72615537957326,36.76393675044422,2854700
2024-04-02,36.556129455566406,36.83006513518537,36.10272053932144,36.745050738178584,3806700
2024-04-03,36.9056282043457,36.9623056651014,36.49000430225759,36.612800062168105,4047200
2024-04-04,37.11344528198242,37.49128424408311,36.64114387682624,37.056767816149126,5908800
2024-04-05,36.51834487915039,37.02843126678923,36.26330168533097,36.95286131156549,3347500
2024-04-08,36.09327697753906,36.924528562282504,35.78155988536915,36.84895859849937,6814600
2024-04-09,36.02714920043945,36.45222116913832,35.64931025310884,35.989364224694306,3673400
2024-04-10,36.13105773925781,36.187735205475136,35.26202487750162,35.62097135342329,7844100
2024-04-11,35.71543502807617,36.140503427548104,35.630420627507,35.85712329344218,4189400
2024-04-12,35.08254623413086,35.61152508153317,34.846395542082725,35.044761258593496,5969300
2024-04-15,34.73304748535156,35.89490856709204,34.53468175018527,35.583187894653065,3535900
2024-04-16,33.92068862915039,34.978642825610294,33.81678173779403,34.95975033596605,8615400
2024-04-17,33.117774963378906,34.166281028656904,33.07054194139565,34.109607167674866,6380900
2024-04-18,33.306697845458984,33.675096016311144,33.14611707640418,33.26891646668823,5229400
2024-04-19,33.41059875488281,33.74121188431832,32.59823980127514,32.59823980127514,14618600
2024-04-22,32.83439254760742,33.448385824011886,32.62658237680609,33.34447893692432,7334700
2024-04-23,32.5037841796875,32.57935413790059,31.804776479712164,32.040927194067166,6744500
2024-04-24,32.52267837524414,32.645477762094984,32.040928874799974,32.30542013904596,8249400
2024-04-25,31.663087844848633,32.3715399796736,31.323030243592825,31.634750912535278,12003000
2024-04-26,31.955915451049805,32.10705175963223,31.43638101213476,31.852008563266796,6735100
2024-04-29,33.363372802734375,33.51450911654281,32.286526116427524,32.43766243023596,8497700
2024-04-30,33.00442123413086,33.31614189435543,32.692704177280085,33.00442123413086,6933500
2024-05-01,33.325584411621094,33.55229066081092,32.62658038308518,32.8438385867314,6827200
2024-05-02,33.82623291015625,34.081276138860915,33.183902616390625,33.53340469867142,5938900
2024-05-03,34.27019119262695,34.307976172481595,33.778997264638626,34.08127350010176,5818400
2024-05-06,34.874732971191406,35.16756113073667,34.21351390669185,34.54412343894163,5777000
2024-05-07,36.68837356567383,39.01209563127055,34.836952908696304,34.96919672656987,28917800
2024-05-08,37.10399627685547,37.198458717469116,36.09327158421827,36.13105656046373,8103400
2024-05-09,37.63298034667969,37.84079414144014,36.93397260281446,37.018987009455174,9311700
2024-05-10,36.442779541015625,37.680206963548116,35.98936700380839,37.680206963548116,8251600
2024-05-13,37.33070373535156,37.38738120154833,36.41443785039294,36.499452248001205,6035200
2024-05-14,37.64242172241211,37.70854363292422,36.962310128091325,37.5196259476747,3621700
2024-05-15,37.51018142700195,38.020267873216405,37.340152611597134,37.69910273338222,4878800
2024-05-16,38.275306701660156,38.435887451452714,37.32125583549966,37.46294769985975,4474200
2024-05-17,38.3886604309082,38.681488620650136,38.15250971112813,38.25641660437121,3675700
2024-05-20,38.89874267578125,40.44789065474216,38.37921186869659,38.47367070512158,5792800
2024-05-21,39.56940841674805,39.67331529525156,38.936526307133555,39.41827212166298,7618900
2024-05-22,39.76778030395508,39.79612084100382,38.728718564310995,38.728718564310995,7470600
2024-05-23,42.17751693725586,42.50225340111447,40.420120246393395,40.46787485860485,12692200
2024-05-24,43.419151306152344,44.03041903370674,42.25392356679291,43.30453951809666,9638100
2024-05-28,43.123077392578125,43.59107772674024,42.97980990219336,43.17083200822517,7725100
2024-05-29,42.406742095947266,42.97025523665698,42.22526947762722,42.92249698334548,6078300
2024-05-30,42.57865905761719,42.77923059312449,41.86232902213999,42.77923059312449,3749800
2024-05-31,43.06576919555664,43.18038100054166,42.101112853665896,42.57866629178764,5906200
2024-06-03,43.50511169433594,43.86805327917068,42.43539315547064,43.05621399978457,4915400
2024-06-04,42.23482131958008,42.998905984897405,42.01514720601654,42.77923187133386,3723400
2024-06-05,42.406742095947266,42.51180078028027,41.78592123732966,42.16796540316252,2841000
2024-06-06,42.43539810180664,42.78878662001343,41.948291562642595,42.511804756052975,4333200
2024-06-07,43.18037414550781,44.25964576448906,41.92918666806308,42.034245347278826,7825000
2024-06-10,42.779232025146484,43.24723229032969,42.34943326078419,43.21858025385324,7930600
2024-06-11,43.02756118774414,43.36185075828854,42.66461957871775,43.04666376121325,5069700
2024-06-12,42.89384841918945,43.50511621926128,42.47360271750094,43.50511621926128,3331300
2024-06-13,43.3140869140625,43.99221543266502,42.56910486210925,42.91294385330087,4067000
2024-06-14,42.8747444152832,43.54331991560841,42.81744033808954,43.084869080842275,3099200
2024-06-17,43.333194732666016,43.4478101725716,42.473600794034034,42.93205162332642,2677900
2024-06-18,44.17368698120117,44.316954450409334,43.247232272126084,43.41915177779864,4494500
2024-06-20,44.46022033691406,44.67034499657386,43.99222005023594,44.19279160166943,4286100
2024-06-21,44.011322021484375,44.41246511886656,43.50511295226559,44.173688424679106,6167300
2024-06-24,45.19565200805664,45.272062298413225,44.15458548432885,44.40291528454457,7529500
2024-06-25,44.4984245300293,45.23385717964652,44.21189322791116,45.01418305990784,4883000
2024-06-26,44.51752471923828,44.60348446961591,44.078176503282876,44.23099343246054,5440500
2024-06-27,41.30836868286133,41.6904128563807,39.63693179973977,40.095382621897066,35277600
2024-06-28,41.21286392211914,41.49939526155144,40.572940408724804,40.601592449634936,11239900
2024-07-01,41.394325256347656,41.52803961376331,40.783057540480115,41.203303184278305,6219300
2024-07-02,41.54714584350586,41.575797881634,40.73530652003306,41.012284723306195,11303400
2024-07-03,41.585350036621094,41.97694367031607,41.36567591464032,41.64265411156368,3210300
2024-07-05,40.897674560546875,41.556696967914604,40.5824911982209,41.528044928642274,5516400
2024-07-08,41.23196029663086,41.26061597920747,40.36281322297109,40.725754840246296,4361400
2024-07-09,40.639793395996094,41.09824422035396,40.477426989709116,41.06959218240762,4306600
2024-07-10,40.783058166503906,40.878567382283165,40.372361980455615,40.744853022814986,4194500
2024-07-11,40.9836311340332,41.1555506431819,40.448770034076915,40.86901934241513,4210800
2024-07-12,41.67131042480469,41.85277940394855,40.81171285319,41.14600241701495,3594500
2024-07-15,42.15841293334961,42.273024727457276,41.489837454742286,41.719064686400856,4808500
2024-07-16,43.46690368652344,43.53376450652591,42.06289933532874,42.17751111751052,5715900
2024-07-17,43.69613265991211,44.039971663793445,43.12307008240522,43.266333905060435,7111000
2024-07-18,43.810752868652344,44.14504247266245,43.447814866735605,43.73434621057019,4429000
2024-07-19,43.66748046875,43.97311432812564,43.447806360038946,43.648377897108645,4219100
2024-07-22,44.402915954589844,44.58438493176035,43.70568479661584,43.83940280675768,6366400
2024-07-23,43.85850524902344,44.10683507287637,43.476464691205614,44.02087530976475,5522100
2024-07-24,44.202335357666016,45.176544594663916,42.95114795641249,43.495558464816796,15253200
2024-07-25,44.1450309753418,44.41245967414464,42.52134892523291,42.64551381115255,12605700
2024-07-26,44.81360626220703,45.17654784171044,44.25009678620125,44.651239866092084,5541800
2024-07-29,44.546180725097656,44.813609464132625,44.125935043265095,44.78495742593411,3106900
2024-07-30,43.85850524902344,44.48887927413772,42.26347854216088,44.44112101639741,3668000
2024-07-31,44.39336013793945,44.62258735503968,43.7056821300818,43.96356138302842,6271800
2024-08-01,44.53662872314453,44.555731295336464,43.915807878957565,44.307401500284435,3782500
2024-08-02,43.877601623535156,43.93490933865985,42.903392327073455,43.43825340457488,6446500
2024-08-05,42.43539810180664,42.46405014171857,41.77637567972746,42.024701860332456,5685400
2024-08-06,43.008453369140625,43.43825211117073,41.75726592877208,41.81456999874749,4069700
2024-08-07,42.29212951660156,43.33319611319587,42.225272329581664,43.018012752022535,5150200
2024-08-08,42.8365364074707,43.17082595703037,42.34943356663757,42.48314792908419,2698700
2024-08-09,42.35898208618164,42.84608855959238,42.120205403297994,42.78878084406081,2214300
2024-08-12,42.511802673339844,42.769681950243964,42.34943626386874,42.683722191275926,2048800
2024-08-13,43.19947814941406,43.35229508468143,42.44494293752506,42.59775987279243,3211800
2024-08-14,44.049530029296875,44.565288639341524,43.22813749702808,43.77255179214882,5181500
2024-08-15,45.22946548461914,45.49960615943574,44.419039779778686,44.476924964159004,7447400
2024-08-16,45.42242431640625,45.55749465271313,44.51551717767609,44.82425042648915,4172500
2024-08-19,45.953060150146484,46.02059531946443,45.20051962284682,45.42242509962373,5297900
2024-08-20,45.779396057128906,46.088129303324344,45.538197978514305,45.924112696063304,3576300
2024-08-21,46.50299072265625,46.52228701077059,45.81798905635518,46.24249635369867,2367500
2024-08-22,46.27144241333008,46.59947197507557,46.14602205177365,46.55123309136995,2197300
2024-08-23,47.1783447265625,47.31341505908278,46.377565354634406,46.50298938357061,3084900
2024-08-26,46.94679260253906,47.50637389635334,46.87925743678775,47.2555258403709,5206300
2024-08-27,47.26517868041992,47.29412127309357,46.63806218295885,46.78278250710855,4548100
2024-08-28,46.78278350830078,47.42919262778418,46.69595204803084,47.2169371292597,2595800
2024-08-29,46.416160583496094,47.033627099114256,46.223201377267735,47.033627099114256,2202300
2024-08-30,46.71524429321289,46.744190566671556,45.84693337765924,46.213555504879196,4194100
2024-09-03,46.088134765625,46.76349020186617,46.02059959003999,46.24250140701804,2940000
2024-09-04,45.64432907104492,46.04954010626165,45.43207356856518,45.89517347183754,3096000
2024-09-05,45.84693145751953,46.001298081401124,45.19087238592512,45.924112929265014,3163700
2024-09-06,45.45137023925781,46.13637195523763,45.10404438879174,45.63467946905229,3593600
2024-09-09,45.93376541137695,46.21355608249955,45.123339671829626,45.403130342952224,3237200
2024-09-10,45.40312957763672,45.933764637117065,45.316298118420605,45.933764637117065,2596300
2024-09-11,45.470664978027344,45.52855016420362,44.6891818411306,45.11368915478334,3769800
2024-09-12,46.25214385986328,46.34862530294295,45.48996070168291,45.644327330219646,3473000
2024-09-13,46.98538589477539,47.651091258941584,46.55122862232328,46.60911748544708,3989000
2024-09-16,48.07560348510742,48.403629343549824,47.159050037157044,47.737923961972726,5851800
2024-09-17,47.74757385253906,48.77025136306515,47.51602207483297,48.20102374327792,4996900
2024-09-18,47.79581069946289,48.67377153191449,47.77651441210906,48.14313651105086,2729400
2024-09-19,48.22032165527344,48.89567704256896,48.13349019575843,48.60624007098253,3587900
2024-09-20,46.995033264160156,48.23961624661662,46.93714808011423,47.96947557336057,4931800
2024-09-23,46.74419403076172,47.11081618515109,46.252147829798695,46.99503844351799,4009900
2024-09-24,46.9275016784668,47.10116460464395,46.599472115731174,46.599472115731174,2476300
2024-09-25,46.39686584472656,46.69595280839109,46.290738093736216,46.609121346707255,2454300
2024-09-26,47.32306671142578,47.36165929090514,46.69595385664552,46.84067050910668,3550800
2024-09-27,47.31341552734375,47.5063747244498,47.110810026558156,47.27482295184443,2703900
2024-09-30,47.130104064941406,47.32306326790633,46.64770789772444,46.96609113467517,4870800
2024-10-01,47.47743225097656,47.61250259563968,46.68630279190038,47.187995272356886,3096100
2024-10-02,46.416160583496094,47.49672698582788,46.40651059896977,46.8406678928859,3267100
2024-10-03,46.26179122924805,46.570524468869245,45.89516912705143,46.24249494172291,3106800
2024-10-04,46.821372985839844,46.888908157954,45.972358342007325,46.55123229738321,3648400
2024-10-07,46.01094436645508,46.20390356632601,45.39347787118058,45.846931438818686,6429300
2024-10-08,45.67327117919922,46.10742848402248,45.181228687326744,45.403130491927335,3957500
2024-10-09,45.441715240478516,45.98200024607887,45.229463440027715,45.509250406129745,2937900
2024-10-10,45.34523391723633,45.441711666180744,44.968965543806796,45.441711666180744,2660700
2024-10-11,46.49333953857422,46.72489130958008,45.345238028329454,45.345238028329454,4481200
2024-10-14,46.3872184753418,46.54158510585913,45.93376488802618,46.04953894081648,2328700
2024-10-15,46.05918884277344,46.55123132654215,45.91446851675223,46.387218392082836,6317400
2024-10-16,46.29073715209961,46.464400071934676,45.93376500816788,46.020596468085415,4901700
2024-10-17,44.98826599121094,45.846930549571795,44.747067916148204,45.63467506579161,6931300
2024-10-18,45.13298797607422,45.16193425117733,44.1199566768491,44.86284727771845,5304700
2024-10-21,45.277706146240234,45.30664873956896,44.747071079665616,44.959322898060975,4642200
2024-10-22,45.85658264160156,46.03024557199915,45.12334202022696,45.14263831031458,5170100
2024-10-23,47.32306671142578,47.390601885319185,46.05919101679994,46.18461137952143,4714200
2024-10-24,46.9275016784668,47.40989787776089,46.705599868438426,47.37130529852354,4320700
2024-10-25,46.859962463378906,47.23623087751303,46.59946809658052,47.00468278284154,2472700
2024-10-28,46.9275016784668,47.226588646969866,46.551233231879955,46.551233231879955,4221600
2024-10-29,45.62502670288086,46.879255900519496,45.58643412931896,46.69594669668605,5021100
2024-10-30,47.30377197265625,47.7282830000659,45.798698127523316,45.84693701325867,9491500
2024-10-31,53.584564208984375,54.279212149143795,50.651594789318686,50.66124109276389,14159600
2024-11-01,53.80646896362305,53.912596709333634,52.77414145962298,53.256537627114255,10454800
2024-11-04,54.607242584228516,54.896683217885744,54.06696125290151,54.07660755650783,7968300
2024-11-05,55.533451080322266,55.76499919201518,54.703729039242425,54.76161422697021,7458700
2024-11-06,56.758731842041016,57.42443719315115,56.03513762894242,57.260420591045744,6533800
2024-11-07,56.353519439697266,57.05781739384642,56.112321358945195,56.61401380855637,4291500
2024-11-08,55.35978698730469,56.527184866780544,55.34049069833929,55.93866093470356,4448300
2024-11-11,55.62992858886719,56.054435911929886,55.36943420412728,55.388730493410705,2368300
2024-11-12,55.29225158691406,55.54309598164285,54.58795360435505,55.21506643137241,3386100
2024-11-13,54.394996643066406,55.00281320630857,53.85471157312688,54.26957260032508,5863400
2024-11-14,54.925628662109375,54.964221239320366,53.941540025573474,53.99942889138996,3813700
2024-11-15,56.00824737548828,56.105516203165266,54.48110006487046,54.510283681627904,5336100
2024-11-18,56.12497329711914,56.65995929513122,55.696981530254995,55.84288848906198,3876500
2024-11-19,56.26115036010742,56.41678271572809,55.07445132939481,55.34681073465702,4262900
2024-11-20,57.23385238647461,58.57618374644846,55.54134730558863,55.83316121339406,8010700
2024-11-21,57.5645751953125,57.90501982826101,56.35842160466825,56.61132651248846,4166400
2024-11-22,57.70075225830078,58.342736207760666,56.97122487434327,57.33112401146989,3454800
2024-11-25,57.94392776489258,58.71236416271067,57.554845011155585,58.15792365050474,6833600
2024-11-26,57.49648666381836,58.216284952875185,56.980955155934296,58.08010709876002,4450000
2024-11-27,56.78641128540039,57.64238739105874,56.56269000479186,57.64238739105874,2350800
2024-11-29,57.2241325378418,57.37003579532733,56.37787806003866,56.79614074385354,1819800
2024-12-02,56.86422348022461,56.99067592472928,55.910974868302446,56.93231240174991,2968800
2024-12-03,57.10740280151367,57.29221878045868,56.33896639885468,56.61132581241361,2803600
2024-12-04,56.14442443847656,57.039309514490036,55.92070316947319,56.90313167340693,3297300
2024-12-05,55.16199493408203,55.86234239185219,55.06472610297753,55.50244326408389,3732400
2024-12-06,55.23008346557617,55.49271376037408,54.763186400569246,55.44407934516736,2204700
2024-12-09,54.25737762451172,55.63861795330583,54.111474386137765,55.47325649713393,4044500
2024-12-10,53.265228271484375,54.03366472857058,53.138779520750006,53.96557579800025,2936900
2024-12-11,53.031776428222656,53.33331574191997,52.63296828330328,53.060956335475666,4205000
2024-12-12,53.362491607666016,53.83911403935155,52.38978852684255,52.57460077639461,3229000
2024-12-13,54.02393341064453,54.09202233375601,53.216588021511214,53.401403993300676,3254800
2024-12-16,54.267112731933594,54.60755736967239,54.092025858076994,54.16984018503089,3044800
2024-12-17,53.73212432861328,54.22820130883336,53.625126387048454,53.99475091718573,2236100
2024-12-18,52.17580032348633,54.18929569961918,52.12716590441695,53.99475431277331,2882700
2024-12-19,52.370338439941406,52.603788831691745,51.60190205069964,52.039619216126475,3787900
2024-12-20,52.963687896728516,53.002596913732894,52.04934454996608,52.2049769074155,6737000
2024-12-23,53.00259780883789,53.00259780883789,51.89371306889486,52.574606035698004,2549000
2024-12-24,53.60567092895508,53.64457994530179,53.10959024695451,53.35276603326945,879400
2024-12-26,53.702938079833984,53.839115922220856,53.3916733799303,53.59594014351061,1743000
2024-12-27,53.00259780883789,53.65430715711085,52.78860192226795,53.49867479703312,1681200
2024-12-30,52.185523986816406,52.69132634502727,52.000708018847114,52.603786626180266,2319500
2024-12-31,52.35088348388672,52.67187730597838,52.039618771259214,52.594059272537464,1642300
