Price,Close,High,Low,Open,Volume
Ticker,J,J,J,J,J
Date,,,,,
2015-01-02,35.77219772338867,36.084724839005034,35.307415039757615,35.90842872363523,939128
2015-01-05,34.482025146484375,35.39556217887596,34.26566023719891,35.35549337118149,1573837
2015-01-06,33.85697937011719,34.47401765938166,33.432261775715794,34.44997711056088,1887323
2015-01-07,33.40821838378906,34.377852538474805,33.280003366223994,34.10539424026048,1862660
2015-01-08,34.61024475097656,34.618260731000994,33.456302110659344,33.728760430318665,1702109
2015-01-09,33.68068313598633,34.78654098678927,33.57650496096165,34.57819202814614,1035120
2015-01-12,32.662967681884766,33.64862648097518,32.53475265430046,33.56048026638108,1501299
2015-01-13,32.26229476928711,33.02357635643177,31.981824161687772,32.87933306256817,1996372
2015-01-14,31.965791702270508,32.10201899812917,31.276631852495964,31.693333414850525,1616756
2015-01-15,30.89999771118164,32.4786559320675,30.8599307501641,32.24626275375221,2056337
2015-01-16,31.212526321411133,31.308688516479105,30.563435200405454,30.739731326129025,1953454
2015-01-20,31.22854995727539,31.40484605686919,30.988144505237226,31.204509412071573,1414978
2015-01-21,31.71738052368164,31.789502176072453,31.156435570320916,31.156435570320916,1970863
2015-01-22,31.7333927154541,31.917704764903565,31.40484111319017,31.829554881131735,1293114
2015-01-23,31.885665893554688,32.07798661336034,31.412867140193246,31.605191555702497,1530677
2015-01-26,32.02989959716797,32.12606178717227,31.444917868912377,31.89367229179716,1654596
2015-01-27,31.348752975463867,31.78147909746299,30.956091965376135,31.476967985844993,1594027
2015-01-28,30.739728927612305,31.517038711859847,30.707676096991662,31.444917071186275,2152934
2015-01-29,31.052257537841797,32.04592859642777,30.563434292665466,31.67730809151636,3060870
2015-01-30,30.531375885009766,30.827874709562114,30.347065655056852,30.667605024727028,2334763
2015-02-02,31.933738708496094,32.069966003652674,30.627538805294797,30.77178207948598,2929213
2015-02-03,32.95145034790039,33.35212364735117,32.43858660283801,32.454614865268994,2626850
2015-02-04,31.893665313720703,32.68699951197813,31.57312598240543,32.68699951197813,2355315
2015-02-05,32.75111389160156,32.86330064217307,32.01387294666453,32.14208795976169,1565012
2015-02-06,32.78315734863281,33.039587301516846,32.56679249705475,32.83925070788214,1754336
2015-02-09,33.20787811279297,33.32808083358897,32.7110426639711,32.7110426639711,1510366
2015-02-10,33.22391128540039,33.408219687397725,32.71104749942505,33.33609804425887,1342803
2015-02-11,33.60855484008789,33.72074528959864,32.95946377676242,33.023573133011816,1647343
2015-02-12,34.10539627075195,34.121420839087364,33.76081631169816,33.80088142823972,1712990
2015-02-13,34.674354553222656,34.72243565116774,34.27367750511252,34.33778686760703,1892038
2015-02-17,34.6583251953125,34.66633747948287,34.193542495073444,34.642296931268724,1582542
2015-02-18,35.115089416503906,35.24330441912576,34.594209731854875,34.64229081980087,1672731
2015-02-19,35.10707092285156,35.17118026742066,34.61023551347293,34.88269376041289,1392613
2015-02-20,35.6119270324707,35.619939315716024,34.64229293168266,34.94680773913873,1475185
2015-02-23,35.41960144042969,35.603913514300025,35.08303381596362,35.603913514300025,1419210
2015-02-24,35.668025970458984,35.828297530284445,35.37953938019506,35.5077581063367,1078522
2015-02-25,35.86034393310547,35.96451839567358,35.66000729102755,35.77219403665397,1209333
2015-02-26,35.69207000732422,35.908434971164425,35.55584267907905,35.83631331655102,1938704
2015-02-27,35.531795501708984,35.948497128766384,35.387555900080436,35.70007934859606,1891554
2015-03-02,35.41158676147461,35.651988495553475,34.97084470544335,35.53178578066293,2603275
2015-03-03,35.25132369995117,35.45967635431329,35.1391332405711,35.34748589493321,1697031
2015-03-04,35.08303451538086,35.17118441258968,34.57017448119241,35.05899397029687,1370972
2015-03-05,35.13912582397461,35.283369086003134,34.81859016929211,35.22727571600393,1426585
2015-03-06,34.53010559082031,35.299399335949,34.39387460377227,34.77852332418788,1618085
2015-03-09,34.666324615478516,34.73043395216083,34.35380130036908,34.52208507542121,1120957
2015-03-10,34.738460540771484,34.97886603271672,34.24963727238391,34.313746635470366,2313969
2015-03-11,34.49003982543945,34.73044529689978,34.16950042872664,34.73044529689978,1639968
2015-03-12,34.96283721923828,35.01091831687264,34.26566499924319,34.5621638694207,1396602
2015-03-13,34.634273529052734,34.9147440377144,34.25764085840378,34.79454503093215,1358882
2015-03-16,34.986873626708984,34.99488960583462,34.36983541057472,34.64229369968455,825243
2015-03-17,34.850650787353516,35.05098746417151,34.506070816257804,34.746476306720666,804086
2015-03-18,35.76419448852539,35.780222756051884,34.40991490579989,34.60223933330246,1615788
2015-03-19,35.25132369995117,35.51576973615177,34.850650351328106,35.44364808991524,1517620
2015-03-20,35.90040969848633,35.94849078911764,35.26734693277744,35.43563074998705,1835096
2015-03-23,36.028629302978516,36.124787790937965,35.72411448948089,35.90842657340086,1051562
2015-03-24,36.148834228515625,36.18889934367359,35.64398273362088,36.06869660679389,1172822
2015-03-25,36.0206184387207,36.405267227988496,35.82028175954479,36.341157864542794,1293719
2015-03-26,36.028629302978516,36.30909987485793,35.72411448948089,35.99657277795602,1173668
2015-03-27,35.483707427978516,35.956502296589484,35.26734254704403,35.86835240949325,1262648
2015-03-30,36.028629302978516,36.084722678213865,35.42761565509022,35.69206166016107,1085171
2015-03-31,36.188899993896484,36.317115016970895,35.651995658087976,35.78021437686536,1057123
2015-04-01,35.507755279541016,36.24499256979602,35.41159309044191,36.21293973866395,1422595
2015-04-02,35.483707427978516,36.12478239716973,35.26734254704403,35.499731992394466,1040077
2015-04-06,36.26102066040039,36.48539786866134,35.37152411117572,35.37152411117572,1227105
2015-04-07,36.0206184387207,36.26903621655509,35.82829773979001,36.204930548812584,954845
2015-04-08,36.26102066040039,36.27704892374148,35.82027852769761,36.036643452139444,941304
2015-04-09,36.781898498535156,36.870048407623045,36.0606857445274,36.26102241532383,1235688
2015-04-10,37.34284591674805,37.382911036191956,36.717795313812026,36.86203861349802,1573354
2015-04-13,37.1985969543457,37.41496187093762,36.30108815386437,36.98223203775379,2075801
2015-04-14,37.50310516357422,37.54317396950919,36.910111227372795,37.126472431454786,1282596
2015-04-15,38.63301086425781,38.66506739044705,37.4470154835291,37.62331159475866,1825545
2015-04-16,38.272403717041016,38.5288337346426,38.031998265725434,38.496780906368045,1408450
2015-04-17,38.0319938659668,38.136168317584534,37.66337344849454,37.89576289408043,1343649
2015-04-20,37.97590637207031,38.352539130005376,37.935837563388894,38.22432411620862,823671
2015-04-21,37.759544372558594,38.04803094764999,37.59126053708861,38.04803094764999,970803
2015-04-22,37.62331008911133,37.80762217236362,37.24667733493414,37.783581626535174,796953
2015-04-23,37.791595458984375,38.00796038030915,37.38290616314869,37.65536815750769,945656
2015-04-24,37.110450744628906,37.695436197265956,36.757858494462816,37.53516833653704,1686392
2015-04-27,37.39091491699219,37.76754761382557,37.17455003747858,37.17455003747858,1074049
2015-04-28,35.259334564208984,35.37152501907053,33.40020749274097,34.24162296924218,4761770
2015-04-29,35.37953567504883,35.6199411417588,34.706404063963696,34.91475300464381,2806019
2015-04-30,34.34579849243164,35.41159491117851,34.25765227836055,35.01893385073558,1904249
2015-05-01,34.257652282714844,34.75448782153361,34.19354292144339,34.257652282714844,2001933
2015-05-04,34.369834899902344,34.866670378796876,34.20155108060199,34.35381033329454,1983436
2015-05-05,34.2977180480957,34.994893968177756,34.16950301883224,34.474017870999006,2336818
2015-05-06,34.417911529541016,34.77851966701047,34.057307087773715,34.57017076249622,1439279
2015-05-07,34.690372467041016,34.78653464448337,34.36983310746732,34.457983002023624,1072477
2015-05-08,35.05899429321289,35.3554931200789,34.79455199055583,35.09105081742184,1490539
2015-05-11,35.0910530090332,35.339470760803295,34.84263525726311,34.98687484240154,857402
2015-05-12,34.8827018737793,35.251322375459274,34.70640575483721,34.98687634919467,1092304
2015-05-13,35.28337478637695,35.459674598918554,34.898729721193384,34.99489191141501,1253581
2015-05-14,35.49172592163086,35.67603431458519,35.05899608402939,35.51576646816427,1136069
2015-05-15,35.259334564208984,35.4997400419816,35.083038445743384,35.46768721017958,1274980
2015-05-18,35.46768569946289,35.515766792969444,34.930781387207354,35.21125566456316,1043220
2015-05-19,35.05098342895508,35.42761619018524,34.75448459008613,35.363510530577365,983981
2015-05-20,35.395565032958984,35.45165841169219,34.946810611687525,35.12310672749396,750649
2015-05-21,35.5157585144043,35.788216748865004,35.347474726357575,35.45164917277156,687783
2015-05-22,34.91474533081055,35.62794559482893,34.898720767020414,35.347475075779805,786193
2015-05-26,34.49805450439453,34.85865900228752,34.32977068071653,34.72243170406429,1194341
2015-05-27,34.906742095947266,34.93879862323982,34.32977264881958,34.61825922023489,838783
2015-05-28,34.73044204711914,34.93077868935598,34.48202431508925,34.73044204711914,876624
2015-05-29,34.666324615478516,34.95481108699645,34.47400399683489,34.77851503074715,1852021
2015-06-01,34.818603515625,35.091061883103116,34.55415743387444,34.76250642842086,1009853
2015-06-02,34.986873626708984,35.18721027790421,34.4900381404324,34.61024087029007,1434926
2015-06-03,35.45966720581055,35.70808491352197,34.96282809468554,35.03494972231487,1345584
2015-06-04,34.58620071411133,35.16317382393075,34.53811962162638,35.16317382393075,2271050
2015-06-05,34.97085189819336,35.03495756218532,34.393878748047804,34.498056919514966,1998307
2015-06-08,34.17751693725586,34.88270140351743,34.10539529470144,34.73845811840859,2092969
2015-06-09,34.409908294677734,34.79455707578091,34.137449973297365,34.38586774585879,1311974
2015-06-10,34.99489212036133,35.0349572360576,34.60223107317952,34.698393263975305,1224324
2015-06-11,34.818603515625,35.067021330216704,34.75449414269331,34.954830851512185,631324
2015-06-12,34.546138763427734,34.7544877194677,34.305733278994644,34.53812278347792,645106
2015-06-15,33.89703369140625,34.337775714175486,33.824912067914816,34.20154474901324,1160974
2015-06-16,34.20155334472656,34.241622155303865,33.80088002176502,33.889029926753935,833706
2015-06-17,34.289703369140625,34.5942145043395,34.05731387581036,34.3377844637197,832739
2015-06-18,34.61024475097656,34.71441922996625,34.225599668006225,34.40990807731851,1060267
2015-06-19,34.89071273803711,35.01892774249651,34.506064028956466,34.554145117591545,2169013
2015-06-22,35.0670166015625,35.33947493230065,34.9147573233443,35.11509770085178,1684216
2015-06-23,35.147151947021484,35.27536698504226,34.9067464409179,35.067018010221425,1288641
2015-06-24,34.482025146484375,35.31542825918962,34.47401286322653,35.08303508768584,1286707
2015-06-25,34.05731964111328,34.65031744417065,33.98519798703575,34.50607413601559,1001511
2015-06-26,33.8409423828125,34.24161562941228,33.76882075494028,34.05730726642916,1986580
2015-06-29,32.57481384277344,33.80889012386563,32.46262341008222,33.47232252149422,2138668
2015-06-30,32.550777435302734,33.079665753379075,32.470639817898046,32.95145073951536,2015232
2015-07-01,32.566802978515625,33.01555738834283,32.31037294310089,32.87933008693588,1218763
2015-07-02,32.390506744384766,32.85528941555155,32.25427944349437,32.65495275819916,1041528
2015-07-06,31.989831924438477,32.31838358355248,31.805519843097056,31.91771028770087,1688327
2015-07-07,32.09400939941406,32.158118758870835,31.468958851448185,31.94175382837008,2220636
2015-07-08,31.94175148010254,32.19818150767166,31.72538656550832,31.797508203706393,2805898
2015-07-09,31.925729751586914,33.296037462102326,31.86963636452004,32.390512505420816,1973281
2015-07-10,32.17414474487305,32.39852196930559,31.917714687151033,32.29434748933747,1341715
2015-07-13,32.719058990478516,32.86330227326048,32.33441393209614,32.35845447922647,918334
2015-07-14,33.09569549560547,33.280003893330154,32.6228968363102,32.64694107916871,2080879
2015-07-15,32.206199645996094,33.047615119014395,32.1260620232683,32.847278453600794,1292631
2015-07-16,32.414546966552734,32.59885905472135,32.23825085767586,32.45461577590316,804932
2015-07-17,32.03791046142578,32.61487981362604,31.757436220127914,32.478652530006144,1540107
2015-07-20,32.25428009033203,32.29434520518431,31.75744088311907,31.997846355044235,1148763
2015-07-21,32.67898941040039,32.83925723890131,32.23023136005261,32.23023136005261,1550504
2015-07-22,32.662967681884766,32.887344904083065,32.486671556993464,32.52674036998366,1518829
2015-07-23,32.28633117675781,32.919397653385275,32.26229063086433,32.71104502374087,2638577
2015-07-24,31.70134735107422,32.3905072367803,31.444917312733615,32.30235733226787,2101673
2015-07-27,31.7333927154541,31.829554881131735,31.156423417090274,31.308678947512536,2417819
2015-07-28,33.40821838378906,33.568489927522506,31.549091389838516,31.64525357693802,3390435
2015-07-29,34.20956802368164,34.474014032891795,33.40821771252148,33.5765015365643,2997158
2015-07-30,34.38587188720703,34.45799354235003,33.961157937389544,34.12142581834938,1521972
2015-07-31,33.75279998779297,34.67435309440117,33.37616720020425,34.498056974587364,2438009
2015-08-03,34.09737014770508,34.113398406975485,33.31204827038792,33.57649422198903,2322915
2015-08-04,33.99320602416992,34.457988727129596,33.96115319159779,34.249636076153095,1551471
2015-08-05,34.1614875793457,34.89872854914994,34.121418769531395,34.618257967558186,2165144
2015-08-06,34.850650787353516,34.978865817032656,34.12142203151722,34.24963706119636,2442966
2015-08-07,34.64229965209961,35.01092018843382,34.58620626709534,34.67435618270489,926071
2015-08-10,35.74013900756836,35.772191833530066,34.778520967396595,34.96282933630426,1399383
2015-08-11,35.531795501708984,35.70809532891665,34.9307854585298,35.339474800969846,1780692
2015-08-12,35.38755416870117,35.547822027426356,34.770515890773396,35.12310813653125,3029800
2015-08-13,35.0910530090332,35.42761696862662,34.93078146508644,35.131118123242786,1471679
2015-08-14,35.38755416870117,35.67603705354712,35.09105530392682,35.12310813653125,1359849
2015-08-17,35.21125411987305,35.34748141503022,34.850645934393526,35.15515704944114,1826995
2015-08-18,34.7464714050293,35.099063610832474,34.40990376586095,35.03495425718524,1373027
2015-08-19,34.49003982543945,34.92276967406804,34.305731427788444,34.457986994479036,1720606
2015-08-20,33.456295013427734,34.305726320903595,33.456295013427734,34.289698059957985,1579036
2015-08-21,32.302345275878906,33.36012525671263,32.278304737775834,33.14376410948645,2231517
2015-08-24,30.659597396850586,31.909698541384117,30.459258874499465,30.85191993914361,3710329
2015-08-25,29.689960479736328,31.597170282225527,29.689960479736328,31.597170282225527,3146828
2015-08-26,30.122690200805664,30.459256003988823,29.505651971044184,30.451243720388923,3099799
2015-08-27,31.573129653930664,31.70134466222601,30.4832965398664,30.547404044014073,2388441
2015-08-28,32.02188491821289,32.29434320427938,31.41285899230436,31.444915517043462,1987668
2015-08-31,32.38249206542969,32.64693805968339,31.66127941316756,31.789494420904877,1685304
2015-09-01,31.637237548828125,32.11003619990693,31.44491687062807,31.637237548828125,2023937
2015-09-02,32.02989959716797,32.11003721930683,31.46895841641345,32.0699684082374,1650728
2015-09-03,32.3264045715332,32.73509395642941,31.98182825304907,32.110043298762356,959801
2015-09-04,31.59717559814453,32.12606398362526,31.47697285242092,31.869633923217,1288399
2015-09-08,32.11003112792969,32.310367753866494,31.965787870286654,32.174136778636225,1906908
2015-09-09,31.885665893554688,32.67098443071146,31.81354423773872,32.4305826070285,1271111
2015-09-10,31.925729751586914,32.09401360849098,31.34876022361927,31.901689200600618,1220818
2015-09-11,32.206199645996094,32.206199645996094,31.669295313093993,31.757441524110444,1197122
2015-09-14,31.452924728393555,32.07797515992079,31.396831359132694,32.04592233401491,1928912
2015-09-15,31.412858963012695,31.773467148221485,31.372793850680146,31.773467148221485,3242820
2015-09-16,31.46895980834961,31.78949922397441,31.396838162656298,31.501012641201164,3347275
2015-09-17,31.412858963012695,31.989832059346757,31.34074102167358,31.444915487721904,3313061
2015-09-18,30.363094329833984,31.052254168779378,30.24289160261065,31.044238189829418,2209151
2015-09-21,30.435216903686523,30.61151301047713,30.202825573179986,30.57144420160088,2751495
2015-09-22,29.978445053100586,30.050566688112326,29.6899603609049,29.9624186390484,2262708
2015-09-23,29.649892807006836,30.162754677049058,29.56975704265107,30.098647174275186,1324668
2015-09-24,29.930370330810547,30.130707004195692,29.064912427825806,29.401480108706586,2833221
2015-09-25,29.938379287719727,30.226863991417606,29.818178405758893,30.21083757672643,1876080
2015-09-28,29.36942481994629,29.890300899105853,29.22518337897767,29.665923681731105,2102520
2015-09-29,29.898311614990234,29.946392705769977,29.289287544865658,29.385449726425144,2298373
2015-09-30,29.994476318359375,30.411176060399345,29.54572004930267,30.170772434139803,3473613
2015-10-01,29.45756721496582,30.218848629076117,29.32935221479723,30.138712868082383,2513449
2015-10-02,29.970434188842773,29.978446472322545,28.88861330815431,29.11299050691232,1146466
2015-10-05,31.51704216003418,31.58916380859834,30.05858646739051,30.33104479673181,1848878
2015-10-06,31.861623764038086,32.3103782475379,31.268625976048313,31.452934401316536,1961191
2015-10-07,32.36647033691406,32.951455816444685,31.81354138756544,32.09401200458668,2080516
2015-10-08,33.06364440917969,33.17583487959999,32.182163694606494,32.23825708196491,1777186
2015-10-09,33.13576126098633,33.50438175937609,32.81522185785188,33.15178952463908,1238832
2015-10-12,32.78315734863281,33.23191161403068,32.55076793481301,33.151777715717124,822825
2015-10-13,32.759124755859375,33.207879130110356,32.55077583056518,32.56680039669395,1467810
2015-10-14,32.57481384277344,33.02356818213383,32.46262341008222,32.64693547185303,1382578
2015-10-15,32.510704040527344,32.7350812070631,31.78949145554084,32.59083795092536,1509157
2015-10-16,31.509017944335938,32.60686695506992,31.084304144266053,32.43057086989198,1931450
2015-10-19,31.30868148803711,31.645249095219416,31.164438227816124,31.212519314556452,1248020
2015-10-20,31.525049209594727,32.07797806106409,31.116359935598044,31.124375914576195,1721452
2015-10-21,31.196502685546875,31.789500442395898,31.15643387116937,31.661285410372397,1004775
2015-10-22,31.39683723449707,31.917713307526252,31.228553399520848,31.324715590935835,1214048
2015-10-23,31.85360336303711,32.02989947882598,31.47697058404711,31.597173321108365,1271957
2015-10-26,31.789487838745117,32.01386497975274,31.6612728575553,31.781471861625793,811702
2015-10-27,30.34706687927246,31.68531778531294,30.282959372322555,31.4449160201393,1597049
2015-10-28,31.16444206237793,31.549090803628843,30.45925578317021,30.51535100721976,1447137
2015-10-29,31.284645080566406,31.444916622789854,30.9480792767405,31.012186784919045,1005621
2015-10-30,32.1661262512207,32.35043462668571,31.284642092442827,31.372791986601584,1501420
2015-11-02,33.047611236572266,33.103704609329505,32.11804596604014,32.15009879394392,940700
2015-11-03,33.32808303833008,33.57650077917451,32.78316646514213,33.071653014136686,1096657
2015-11-04,33.31206130981445,33.56048279508735,33.11974060179862,33.34411784090324,833464
2015-11-05,33.52841567993164,33.704711762454274,32.975486889487826,33.207876340153526,864293
2015-11-06,33.02357482910156,33.44828871092161,32.76714108663633,33.18384268440224,866227
2015-11-09,32.935428619384766,33.095700188382246,32.302362019755314,32.99152200546736,1503596
2015-11-10,33.25596237182617,33.44828674343651,32.62289588050973,32.927410700793686,1004896
2015-11-11,33.29602813720703,33.42424314132486,32.99151334476196,33.42424314132486,629027
2015-11-12,32.398521423339844,33.16781527924522,32.39050913907828,32.88734467735669,1021821
2015-11-13,32.63091278076172,33.05562664958639,32.40653557278448,32.50269776130371,1223719
2015-11-16,33.22391128540039,33.255964117116676,32.40653635886295,32.53475138143104,977090
2015-11-17,32.7991943359375,33.432257105513585,32.59885768898408,33.22390817530686,1191803
2015-11-18,33.520408630371094,33.54444917699995,32.86330158774999,32.94343551127857,1112615
2015-11-19,34.249629974365234,34.281686496929346,33.416230606043754,33.44027115011564,1683612
2015-11-20,33.96114730834961,34.369832863880724,33.84895687022784,34.28969894848084,1960587
2015-11-23,34.89071273803711,34.986871219604836,32.37447895467441,32.422556347607056,3027986
2015-11-24,35.23529052734375,35.74815426390595,34.81859266807098,34.85865777993042,2924378
2015-11-25,34.6583251953125,35.28337575317715,34.610244098884216,35.21927008840812,1433718
2015-11-27,34.83461380004883,35.123100316366255,34.57818380490149,34.65831771642225,736988
2015-11-30,35.37152099609375,35.37152099609375,34.49805278713434,34.93879488102206,1631384
2015-12-01,36.028629302978516,36.16485659936474,35.251319550277216,35.34748173393935,1680831
2015-12-02,35.37152099609375,36.38923247531123,35.21926544272218,36.00458745032557,1460798
2015-12-03,35.84431076049805,36.12478128184125,35.32343482331667,35.53979969757103,2068064
2015-12-04,35.74013900756836,36.18088107127654,35.33144976982189,35.69205792077466,1885510
2015-12-07,35.179203033447266,35.772200788549256,35.03495973695707,35.46768962642765,1624977
2015-12-08,34.47400665283203,34.81858651068109,34.16949189975723,34.618249899704,1855406
2015-12-09,34.27367401123047,35.05098378353554,34.09737790197127,34.44997381619244,1423079
2015-12-10,34.257652282714844,34.53812288490842,34.18553063717311,34.33778621252685,961494
2015-12-11,33.55246353149414,34.14546125447042,33.48835786699579,33.79286901262047,1264945
2015-12-14,33.416236877441406,33.552464188947,33.039600384395705,33.512399071776215,1103790
2015-12-15,33.77683639526367,34.00922956230111,33.512394095810784,33.736771284041815,1094360
2015-12-16,34.1134147644043,34.27368265114932,33.536445198137024,33.95314687765927,1586169
2015-12-17,33.33609390258789,34.13744416155904,33.24794770239364,34.13744416155904,819440
2015-12-18,32.67898941040039,33.39218974734493,32.67898941040039,33.16780887431986,1449676
2015-12-21,32.80720520019531,33.15178510501986,32.56679975596832,32.839258027524764,1442422
2015-12-22,33.64060974121094,33.760812468558484,32.791178366522466,32.9514499015534,800822
2015-12-23,34.7464714050293,34.84263358764882,33.76081272888178,34.009230468748015,855830
2015-12-24,34.69839859008789,34.930788123046916,34.57018354791382,34.682370323927316,302726
2015-12-28,34.19353485107422,34.66632972978987,33.94511714029647,34.449968539933394,756090
2015-12-29,34.51408004760742,34.730444969884466,34.20155293765169,34.417917859928735,837574
2015-12-30,33.99320602416992,34.60223201725878,33.99320602416992,34.28169260442829,698180
2015-12-31,33.616573333740234,34.13744941922793,33.616573333740234,33.82492228965409,617663
2016-01-04,33.592529296875,33.608553863694716,32.887341181429825,33.13575892416221,790787
2016-01-05,33.11973571777344,33.75279852572295,32.88734253231496,33.45629967894703,764069
2016-01-06,32.47865676879883,32.77515561409964,32.294344678096806,32.43858795889766,1041649
2016-01-07,31.60518455505371,32.294344427508356,31.46895725471184,31.96579275425769,1298676
2016-01-08,31.052257537841797,32.01387576425813,30.924040665608715,31.733401471738986,1293961
2016-01-11,30.771785736083984,31.380809886397966,30.45124632058156,31.14040440084538,1654596
2016-01-12,31.30067253112793,31.38882243141842,30.683634316202568,31.172457518098508,1457534
2016-01-13,30.651580810546875,31.75744042178366,30.315015002592325,31.565119742740215,1663543
2016-01-14,30.75575828552246,31.10033823799387,30.12269176008812,30.89198559228632,1058332
2016-01-15,30.162757873535156,30.282960608881623,29.44955928879943,29.754070421208585,1600434
2016-01-19,29.20113754272461,30.611511888930117,29.056896118749464,30.45124220285117,1535271
2016-01-20,29.47359848022461,29.802152013041308,28.20746913960227,28.74437162003036,2452154
2016-01-21,29.345380783081055,30.00248594094467,29.145044137660033,29.545717428502073,1189868
2016-01-22,29.978445053100586,30.7797934734789,29.56975763588534,29.978445053100586,1177295
2016-01-25,29.425519943237305,30.210840201247223,29.369424715167987,29.746057504163748,1007918
2016-01-26,30.018510818481445,30.026524949114492,29.281271779330456,29.5617441772728,2130568
2016-01-27,30.018510818481445,30.715684748020777,29.6418780921985,29.97043157823674,1463337
2016-01-28,30.22686767578125,30.52336839474231,29.96242348581261,30.36309868474119,844949
2016-01-29,31.43689727783203,31.43689727783203,30.010498444127194,30.306997254579716,1517862
2016-02-01,31.356769561767578,31.42889120794839,30.571447433823042,31.084311241429997,1309194
2016-02-02,30.980131149291992,31.18046778715236,30.539389067718204,30.555415481348692,2090914
2016-02-03,29.930370330810547,31.124379934662556,29.000804914084746,31.124379934662556,3708878
2016-02-04,29.970434188842773,30.66760633125882,29.73804285875364,29.82619091199062,2356162
2016-02-05,29.689960479736328,30.42720139900537,29.505650249919068,29.85824429543726,2063954
2016-02-08,28.616159439086914,29.345386371661505,28.023161673084466,29.233197754946307,1505530
2016-02-09,28.4478759765625,28.672255060892798,28.12733653934969,28.32767322564478,1567551
2016-02-10,28.36773681640625,28.864572298223283,28.35972268520389,28.58409988035666,1126881
2016-02-11,28.095279693603516,28.511983147322706,27.85487605812695,27.975078799790996,1750589
2016-02-12,28.91265296936035,28.984774605578984,28.007130070712737,28.3436958585484,1360696
2016-02-16,29.818178176879883,29.834204591448042,28.880598739392948,29.481610535989226,1235567
2016-02-17,30.795822143554688,31.124375647012435,30.202824489400186,30.202824489400186,1300731
2016-02-18,30.451244354248047,31.092321296004975,30.114676696207667,30.988146824226757,819923
2016-02-19,30.443227767944336,30.547404079174072,29.40147574275459,29.994473390542833,992202
2016-02-22,30.956090927124023,31.40484529625826,30.819861790218898,30.819861790218898,1079368
2016-02-23,30.63555145263672,31.35676409295786,30.491308185431997,30.795821133580443,843257
2016-02-24,30.85993194580078,30.891984776716125,29.86625907824791,30.194812606164493,714501
2016-02-25,30.827877044677734,31.244576778531645,30.387136763885,31.004175004846246,559753
2016-02-26,31.14040184020996,31.380807305994313,30.924038768855432,31.14040184020996,810131
2016-02-29,30.972118377685547,31.33272471122877,30.65959313499493,31.124375781335893,955449
2016-03-01,31.781482696533203,31.845592056835084,31.0602699477264,31.156432140327713,766003
2016-03-02,32.03791046142578,32.13407263607621,31.50901850084841,31.637233501814876,628181
2016-03-03,32.518714904785156,32.61487707135022,32.02989178998008,32.08598885094438,745088
2016-03-04,32.638916015625,32.735078177483835,32.18214944249736,32.61487547516029,1300852
2016-03-07,33.456295013427734,33.592525992209666,32.51871751000678,32.51871751000678,1396119
2016-03-08,32.662967681884766,33.344115328499576,32.37448479374586,33.18384377224187,1041044
2016-03-09,32.65495681762695,32.92741514898059,32.43859187033644,32.92741514898059,725019
2016-03-10,32.534751892089844,32.8312507533024,31.957778737922922,32.71104801285095,688025
2016-03-11,33.456295013427734,33.600538274831315,32.759122945679415,32.79117577186833,857522
2016-03-14,33.247947692871094,33.40020324419233,32.79919332191298,33.2399354098655,615608
2016-03-15,33.143775939941406,33.296031503707006,32.74309892997066,32.88734221007579,751858
2016-03-16,33.96114730834961,34.17751220606148,32.96747640942424,33.03158206346319,1162304
2016-03-17,35.147151947021484,35.24331414946292,33.90506299165863,33.96115637784834,1615426
2016-03-18,35.32344055175781,35.71610156273777,35.04296998493039,35.24330663205035,989058
2016-03-21,35.37152099609375,35.40357382425025,34.986872275405545,35.187208918863135,586109
2016-03-22,35.73212432861328,35.87636757932065,35.18720414959586,35.35548794208779,800217
2016-03-23,34.986873626708984,35.57987129687171,34.96283308073745,35.49973737553416,743637
2016-03-24,34.674354553222656,34.77852903353597,34.39388024997525,34.73846022001401,847004
2016-03-28,34.47400665283203,34.89872041593153,34.26565406433854,34.85865161545534,834794
2016-03-29,34.8827018737793,34.8827018737793,34.081355206642016,34.353813516953046,918938
2016-03-30,35.075016021728516,35.25131208922791,34.850638872574564,35.22727154840064,583691
2016-03-31,34.89872741699219,35.091051784737154,34.77852468715159,35.03495471367641,758991
2016-04-01,35.0670166015625,35.07502888620963,34.05731721219096,34.52209994008621,1193012
2016-04-04,34.49003982543945,35.07502524075863,34.40990590018697,35.03495643028095,683793
2016-04-05,34.001220703125,34.353816669064344,33.84896511805504,34.113411168583724,1098470
2016-04-06,33.88101577758789,34.21758345665177,33.59253289123622,34.06532788135723,1698966
2016-04-07,32.84728240966797,33.64061688287853,32.79920130852167,33.52041413001278,1761590
2016-04-08,33.01555252075195,33.680675449434744,32.879325239429434,33.24794567080547,608112
2016-04-11,33.23192596435547,33.5684936565925,33.00754873476519,33.22391367977471,839509
2016-04-12,33.496368408203125,33.7287578973979,33.143776184699746,33.20788184586245,1174756
2016-04-13,34.417911529541016,34.5060614172676,33.60854906257768,33.624577322810374,674001
2016-04-14,33.96114730834961,34.53811667321218,33.88902567577899,34.51407612902197,979991
2016-04-15,33.784854888916016,34.07333775485686,33.64862389179446,33.84094826622356,909871
2016-04-18,34.137451171875,34.20155684050755,33.472331761666936,33.56048167566576,410808
2016-04-19,34.425933837890625,34.67435159081561,34.21758119936148,34.297715123856,449616
2016-04-20,34.76249694824219,34.94680903534168,34.39387646974594,34.554148010515185,622982
2016-04-21,34.76249694824219,34.99489012800218,34.68236302570894,34.730444118369434,657680
2016-04-22,35.075016021728516,35.29939317088247,34.858651154283024,34.8826916951103,690443
2016-04-25,34.94681167602539,35.243310537935216,34.730446742703975,34.88270231573286,656108
2016-04-26,35.56385803222656,35.67604481861158,35.10708751360565,35.10708751360565,713051
2016-04-27,36.0206184387207,36.09274008670841,35.53981114783916,35.57987626625242,501481
2016-04-28,35.66000747680664,36.301086213076836,35.547817034893214,35.66801975990669,767091
2016-04-29,35.724117279052734,36.13280659152989,35.47569951709505,35.571861708266155,776521
2016-05-02,35.96452331542969,35.96452331542969,35.42761897162179,35.756174361792425,587680
2016-05-03,36.11677169799805,36.20492158895799,35.20323474526885,35.507749526646776,2586954
2016-05-04,35.619937896728516,36.22896379167634,35.315426797105836,36.06067998031027,1282596
2016-05-05,37.3348274230957,37.35886796904535,35.61192778954233,36.060682183467236,2128029
2016-05-06,38.985599517822266,39.00162408222805,37.16653797580896,37.30276525176871,3394909
2016-05-09,39.45840072631836,40.09947949381351,39.04169915787624,39.30614516578623,2971769
2016-05-10,40.412010192871094,40.54022521864748,39.50648533682647,39.71483429175022,1925889
2016-05-11,40.123512268066406,40.484116695119184,40.075431185032436,40.38795452905124,1373027
2016-05-12,39.91516876220703,40.64439745564861,39.89914419468271,40.30782979779821,1618932
2016-05-13,39.378265380859375,40.22769305401906,39.250046675433026,39.915165965059046,1320074
2016-05-16,40.163578033447266,40.37193062858556,39.55455589927856,39.61064926517262,1581212
2016-05-17,39.52250671386719,40.26776365143901,39.45840105400693,40.067423301193145,1648551
2016-05-18,39.58662033081055,40.18763035913683,39.025675420284124,39.4183364880823,2564830
2016-05-19,39.201969146728516,39.562577359062765,38.73719015621271,39.22600969421747,1272683
2016-05-20,39.44237518310547,39.819011664361646,39.26607906424446,39.55456563821865,1272925
2016-05-23,38.97758483886719,39.53852961291217,38.79327647214366,39.40229863671031,2028047
2016-05-24,39.266082763671875,39.33820441396031,39.00965269311519,39.266082763671875,1448346
2016-05-25,40.08346176147461,40.243733343304775,39.56258558800803,39.65073551237017,1056035
2016-05-26,40.08346176147461,40.37996067694191,39.77093827481687,40.21167680951653,732999
2016-05-27,40.187625885009766,40.20365414776716,39.8270213864417,39.995305210434736,685365
2016-05-31,40.62035369873047,40.73254044534674,40.08344942363101,40.20365214907884,1246569
2016-06-01,40.77260971069336,40.868771892132514,40.267761953840385,40.44405805457797,1144774
2016-06-02,40.69247055053711,40.91684771309633,40.43603686782506,40.59630838148286,1468415
2016-06-03,41.269447326660156,41.469783983157186,40.46008472133427,40.924867390516596,1254790
2016-06-06,41.638065338134766,41.65409360015623,41.181298675399944,41.36560705798525,1015897
2016-06-07,41.485809326171875,41.670121402426204,41.30951322869112,41.57395922276351,748715
2016-06-08,42.15894317626953,42.46345799362966,41.63005485512203,41.66210768484841,1407846
2016-06-09,42.07880401611328,42.11085684184971,41.48580641362691,41.85442684455376,819803
2016-06-10,41.317527770996094,41.75826988664895,41.20534101905695,41.61402660926771,849785
2016-06-13,40.65241241455078,41.3656128916975,40.63638784597197,41.14123567026633,935985
2016-06-14,40.884803771972656,40.94089715087473,40.476114464693296,40.64439829710244,634588
2016-06-15,40.8928108215332,41.29348409789458,40.836717449811196,41.09314745971389,1243305
2016-06-16,40.84473419189453,40.87678702270609,40.21166768522343,40.6283692685851,789095
2016-06-17,41.061100006103516,41.23739612294644,40.71652005636867,40.868775625655616,1263374
2016-06-20,41.9826545715332,42.05477622308276,41.59800576326891,41.638074579364236,860666
2016-06-21,41.83039093017578,41.96662192210955,41.50183926683944,41.89450028444509,712325
2016-06-22,41.92655563354492,42.19100165420803,41.80635289687987,42.00668955942066,540772
2016-06-23,42.55160140991211,42.73591348408768,42.231062046552516,42.45543923133398,1038384
2016-06-24,39.802974700927734,41.22937529954213,39.618662642605685,40.03536414870102,2179168
2016-06-27,38.18425369262695,40.33987937704522,38.04001042231747,39.426346056490246,1389832
2016-06-28,38.352542877197266,38.857390698254676,37.77557341088836,38.70513512351365,1454633
2016-06-29,39.06574249267578,39.242038611966066,38.30446093996997,38.92149920533746,1345342
2016-06-30,39.91516876220703,40.05941204414292,38.87341665360721,39.17792778500329,1417034
2016-07-01,39.859073638916016,40.53220522943548,39.67476525053793,39.987288652009816,785710
2016-07-05,38.985599517822266,39.75489317606559,38.56889801633585,39.75489317606559,1279332
2016-07-06,39.8911247253418,39.915165270227924,38.67307661061559,38.921494342538054,1235688
2016-07-07,40.04338073730469,40.428025728695,39.8670809585858,39.99529965141812,1052167
2016-07-08,41.06911087036133,41.15726077358706,40.30782935453996,40.37995099471479,662999
2016-07-11,41.549922943115234,41.854434079504706,41.293489205789925,41.293489205789925,1285014
2016-07-12,42.54359817504883,42.687841473593494,41.68615436416881,41.68615436416881,1209212
2016-07-13,42.30319595336914,43.06447762417187,42.134912092035385,42.90420974384685,758266
2016-07-14,42.3432502746582,42.86412625094264,42.319209731269616,42.58365201284174,768421
2016-07-15,42.23107147216797,42.679825941889085,42.10285643734812,42.39134303747026,742670
2016-07-18,42.16696548461914,42.53558601676092,41.83039778701478,42.18299005403621,906002
2016-07-19,42.06278991699219,42.263126595170796,41.81436844469127,42.182988967336804,616816
2016-07-20,42.727901458740234,42.800023099346774,41.710189902229445,42.03874157896848,710753
2016-07-21,42.75193786621094,43.264801584521415,42.50352013785316,42.8320754784831,779181
2016-07-22,42.53557586669922,42.74392478503004,42.3833203193494,42.67981543555003,907574
2016-07-25,42.463462829589844,42.583661878678335,42.19901679104824,42.36730063375653,500151
2016-07-26,43.168643951416016,43.192684498488305,42.575646254101414,42.6317396320358,635435
2016-07-27,43.64944839477539,43.705541764359175,43.08850361183065,43.19267806840119,1012754
2016-07-28,43.3369255065918,43.67349314794073,42.992345581873536,43.53726215644623,484434
2016-07-29,42.88816833496094,43.29685389154537,42.71187224234585,43.29685389154537,723206
2016-08-01,42.86412811279297,43.05645246825545,42.36729265831652,42.83207528545004,748957
2016-08-02,42.463462829589844,42.83208334838315,42.22305734000656,42.7759899660481,973704
2016-08-03,42.471466064453125,42.551599978672066,42.070792797656054,42.4153726940701,776763
2016-08-04,42.4794807434082,42.81604837609665,42.295172360737666,42.41537508669783,695762
2016-08-05,43.080501556396484,43.22474485159962,42.6718122199876,42.67982450448671,1422111
2016-08-08,42.783992767333984,43.577327011411995,42.71187113644486,43.20870657432393,1365894
2016-08-09,44.53093719482422,44.787367221838885,42.89618376157197,43.505209695360165,1752402
2016-08-10,43.769649505615234,44.47483382793315,43.67348733517149,44.378671657489406,1495496
2016-08-11,43.60137176513672,44.07416670503858,42.77598461508817,43.64945285703879,1481593
2016-08-12,42.880157470703125,43.529248491282935,42.77598300739817,43.44911457302547,874932
2016-08-15,43.4731559753418,43.69753316830884,42.88015831627835,43.07247898474822,751738
2016-08-16,43.02439880371094,43.45712863225169,42.792009322555664,43.21672317195127,897781
2016-08-17,42.69585037231445,43.14460480172976,42.52756653735797,43.09652370602791,964758
2016-08-18,43.248779296875,43.30487267185841,42.68783445993293,42.775984359794855,630720
2016-08-19,43.05645751953125,43.1686442762442,42.575646574467505,43.13659144514091,955933
2016-08-22,43.344932556152344,43.401029620072,42.671801050436336,42.96028756532986,650305
2016-08-23,43.785682678222656,43.88986084715229,43.44911871120526,43.44911871120526,491084
2016-08-24,43.360958099365234,43.92190283349373,43.26479593376023,43.58533525387624,505349
2016-08-25,43.55329513549805,43.60938851656329,43.20070288922643,43.3048773671199,923169
2016-08-26,43.657470703125,44.266496712916734,43.433093477560284,43.77767344819594,866348
2016-08-29,43.87383270263672,44.1783438392644,43.537265039003984,43.593362113411374,1099558
2016-08-30,42.856117248535156,43.96197493764638,42.808036158077925,43.873828735609834,943843
2016-08-31,42.22305679321289,42.61571785587952,41.942586189466624,42.61571785587952,901771
2016-09-01,41.69416046142578,42.503523052681224,41.44574271603189,42.24709302379163,1229885
2016-09-02,41.870460510253906,42.038740638869825,41.59799852136473,42.00668780899576,1156259
2016-09-06,41.39767074584961,42.30319194485926,41.18931808632563,42.03874590210709,857160
2016-09-07,41.49381637573242,41.55792571932244,41.08513085941498,41.26943921672044,969715
2016-09-08,41.32554626464844,41.73423561197719,41.30150941050885,41.55793947836392,895605
2016-09-09,40.187625885009766,41.093150664599065,40.17961360148244,41.0210290257449,917246
2016-09-12,40.55624771118164,40.80466916151817,39.8270227105709,39.93920946649431,965725
2016-09-13,40.187625885009766,40.476112440426405,39.995305210434736,40.13954848814306,810856
2016-09-14,39.50648498535156,40.283791113001335,39.43436334104967,40.187628920598804,853170
2016-09-15,40.17961120605469,40.31584219211386,39.40230148775796,39.56257301866861,719095
2016-09-16,39.802974700927734,39.95523023867942,39.3862731948324,39.95523023867942,890286
2016-09-19,40.283790588378906,40.53220835028259,39.97126716284374,39.97126716284374,953877
2016-09-20,39.995304107666016,40.68446395169101,39.98728812865697,40.58028579019451,456023
2016-09-21,40.580291748046875,40.61234458168103,39.77894503727077,40.03537509775036,678232
2016-09-22,41.03705978393555,41.24540873393751,40.764601474708314,40.996990972456885,458200
2016-09-23,40.58830642700195,41.24540982180335,40.58029044707302,40.91685812440265,498579
2016-09-26,40.636383056640625,40.924865909793155,40.38796162021357,40.45207097408227,406214
2016-09-27,40.66843795776367,40.812681239540396,40.339882584037966,40.57227576991252,1098591
2016-09-28,41.838401794433594,41.87847060145563,40.94890532244578,40.94890532244578,1012029
2016-09-29,41.638065338134766,42.30318462433837,41.62204077181586,41.83840198274154,644381
2016-09-30,41.445743560791016,41.82238002400914,41.41369073045219,41.64608021788859,1409175
2016-10-03,41.638065338134766,41.66210588331568,40.88479985006951,41.25342031094269,939974
2016-10-04,41.125213623046875,41.918548078835734,41.093157092517714,41.61403321302854,682947
2016-10-05,41.934566497802734,42.094838039831394,41.41369045368943,41.453759263122286,753188
2016-10-06,41.9826545715332,41.998682837112014,41.40568505484015,41.76628961688454,778093
2016-10-07,41.53390121459961,42.00669625706372,41.46979184625554,42.00669625706372,784259
2016-10-10,41.54190444946289,42.13490211856739,41.5098516201256,41.886484375872406,434987
2016-10-11,40.147560119628906,41.36560828543436,40.059410219449006,41.35759600203716,689476
2016-10-12,40.35591125488281,40.60432901077327,39.76291355427941,40.12352176236372,983618
2016-10-13,40.21968078613281,40.37193634121917,39.810991515798705,39.923181959163834,628181
2016-10-14,40.10749053955078,40.68446362991214,40.10749053955078,40.42001763016318,946986
2016-10-17,40.291805267333984,40.66042206057206,40.01133098696639,40.107493175012095,522880
2016-10-18,40.532203674316406,40.97294576767461,40.43604149425989,40.82870249758983,616575
2016-10-19,40.69247055053711,40.96492879762346,40.64438946600998,40.740551635064236,543069
2016-10-20,40.60432434082031,40.71651478011101,40.235703891297234,40.46008107417618,599649
2016-10-21,40.50815963745117,40.64439061268882,39.939202584963226,40.251729643206716,621531
2016-10-24,40.85274887084961,41.05308554264749,40.70850927588947,40.82870832240574,468718
2016-10-25,40.412010192871094,40.92487029597664,40.37995366464971,40.63638741190553,964879
2016-10-26,40.76459884643555,41.01301659189959,39.987289084646115,40.10749181562916,566161
2016-10-27,40.612342834472656,41.133222608911844,40.55624945410032,41.05308498471935,599407
2016-10-28,40.94889831542969,41.54189586195013,40.66041182392182,40.676440083128455,616816
2016-10-31,41.33354568481445,41.49381348908689,41.01300638056778,41.17327418484022,643535
2016-11-01,40.66843795776367,41.66210897128843,40.24372409188965,41.66210897128843,1157105
2016-11-02,40.50815963745117,41.02903929975773,40.30782301150352,40.64439061268882,626730
2016-11-03,40.8928108215332,41.03705408799188,40.14755764053247,40.66843363894274,690080
2016-11-04,39.46641540527344,40.70850790249989,39.46641540527344,40.700491922820326,1304116
2016-11-07,39.60264205932617,40.29981416843577,39.39428943748147,40.18762372656516,1803904
2016-11-08,40.05941390991211,40.37194103532916,39.40230682683368,39.610659475679384,1050595
2016-11-09,44.00204086303711,44.83544391257747,42.495506286884456,42.495506286884456,3411955
2016-11-10,44.7873649597168,45.42844369057653,44.30655775942325,44.546959511718775,2023211
2016-11-11,44.57099914550781,45.043794053105216,44.3225814195549,44.69120186704994,1356827
2016-11-14,46.98305892944336,47.19942383034506,44.651133500018815,45.01174166818832,3275946
2016-11-15,47.43181610107422,47.503937738971594,46.55033557516636,47.20743890396107,1855164
2016-11-16,46.98305892944336,47.431813297141545,46.72662891810224,47.05518056307726,1760986
2016-11-17,47.14332580566406,47.263528516524254,46.86285158175627,47.04716363697592,1077071
2016-11-18,46.598411560058594,47.07921873097678,46.40608721341041,46.97504427510977,1154687
2016-11-21,46.47821807861328,47.039159273526316,46.414108718424615,46.87889141660917,1311491
2016-11-22,47.53599166870117,47.856531032176754,45.8932260450004,46.11760322986306,3814542
2016-11-23,49.43518829345703,49.49128166686877,47.43983043874269,47.43983043874269,2357612
2016-11-25,49.8198356628418,49.89996958515607,49.186772872145454,49.76374228679207,770356
2016-11-28,49.6194953918457,50.18044019855712,49.547373758309845,49.78777920342937,1942694
2016-11-29,49.459228515625,49.7797678834173,48.93834880922279,49.52333417176194,1657981
2016-11-30,49.69162368774414,50.82152573559414,49.67559542401971,49.98812254457691,2126578
2016-12-01,49.387107849121094,50.613168275584016,49.242864576430726,50.06825170922214,1560780
2016-12-02,48.60980224609375,49.51532707120214,48.21714120227254,49.51532707120214,1754457
2016-12-05,47.96071243286133,49.06657395120654,47.736335215535156,49.04253340307506,2589009
2016-12-06,48.473575592041016,48.70596509046225,47.91263070823079,48.024817467571054,2168409
2016-12-07,48.321311950683594,48.85020395475719,48.19309693917269,48.77006633882307,1998911
2016-12-08,48.794105529785156,49.50730584614242,48.10494575657931,48.321306949239826,2113763
2016-12-09,49.33903121948242,49.475258525539324,48.513640316356174,49.00246355277229,1287069
2016-12-12,49.347042083740234,49.68360974076731,49.03451497364367,49.339029799997675,1118176
2016-12-13,48.56171798706055,49.60347004961956,48.47357178246396,49.37909285287005,1027141
2016-12-14,48.04084396362305,48.97842159825227,47.93666949215377,48.601788826792564,1466481
2016-12-15,47.56804275512695,48.34534874285843,47.487908841116955,47.976731999271955,1051804
2016-12-16,47.11127471923828,47.7203006259382,47.07120960813202,47.56002909440558,2012572
2016-12-19,47.07120895385742,47.64817832880961,46.82279122478193,47.18339569823862,804570
2016-12-20,47.6241455078125,47.6321577920813,47.03916005931639,47.335658925698844,799613
2016-12-21,46.84682083129883,47.592077599013095,46.60641911806064,47.57604933984979,1042978
2016-12-22,46.75868225097656,47.03114052685974,46.277875050589635,46.830803885389976,706885
2016-12-23,46.630470275878906,46.86285976029731,46.51026754404085,46.66252310580147,363054
2016-12-27,46.85485076904297,46.9269724132135,46.44616145207664,46.646498120649326,517560
2016-12-28,46.06953048706055,46.9510148202442,45.78104389895612,46.9510148202442,835761
2016-12-29,45.901241302490234,46.454173865345844,45.740973458217965,46.205756119731916,538717
2016-12-30,45.6768684387207,46.0214484018865,45.516600579235856,45.989395569130146,767091
2017-01-03,46.598411560058594,47.592082423471176,46.22979112755033,46.22979112755033,1493078
2017-01-04,47.10326385498047,47.45585606098931,46.75868393229371,46.90292720630714,793689
2017-01-05,46.92696762084961,47.50393701958849,46.61444052802713,47.119291985663445,780269
2017-01-06,46.462181091308594,47.27154359517953,46.41410000412013,46.942991963193236,857039
2017-01-09,45.46852493286133,46.43014329215515,45.4524966667102,46.30994053528048,634709
2017-01-10,45.90925979614258,46.06952764919271,45.412420582000145,45.78104107885896,1325273
2017-01-11,45.9252815246582,46.1576747016268,45.48453941246519,46.03747197141937,826331
2017-01-12,45.98939514160156,46.037476238140655,45.18003248032882,45.97336687752085,808076
2017-01-13,46.60643005371094,46.63848288385646,45.86918909044436,45.97336356019441,743879
2017-01-17,45.684879302978516,46.63848523309293,45.6127613554441,46.39807975563502,865623
2017-01-18,46.49423599243164,46.51827653709873,45.50056507379526,45.68487345244129,1142235
2017-01-19,46.16568374633789,47.151342369187645,46.03746874167907,46.5503324560168,724294
2017-01-20,45.98137283325195,46.42211492563291,45.65282118258902,46.382049814499894,673396
2017-01-23,45.77302169799805,46.10958931120399,45.30823908309062,45.84514332939932,747748
2017-01-24,48.17706298828125,48.31329396272151,45.95733185532095,46.06150630889162,1199419
2017-01-25,49.579429626464844,49.8438756323148,48.65788029125796,48.85821694257673,1726288
2017-01-26,49.05855178833008,49.739699334306884,48.345351414118696,49.47525333818968,1185758
2017-01-27,48.3693962097168,49.17875883545778,48.12097845373825,49.05855609938705,1034516
2017-01-30,47.584075927734375,48.233166980907136,46.7987501848483,48.233166980907136,1081786
2017-01-31,46.91896057128906,47.76037982748537,46.44616554827621,47.59209597624611,1267001
2017-02-01,47.15134811401367,47.84050800568594,46.62245607376603,47.263538566573224,1034878
2017-02-02,47.03915023803711,47.29558393383184,46.646489259600244,46.999085129355215,942150
2017-02-03,47.45586395263672,47.92865896561329,47.16738105233939,47.391758283994314,795502
2017-02-06,47.423805236816406,47.7203040806997,46.98306311282187,47.31161478705117,647403
2017-02-07,47.119293212890625,47.89659927998806,46.870875467103566,47.42380433464181,1365290
2017-02-08,45.3803596496582,47.447838976577366,44.99571095787705,46.59039539828339,2534847
2017-02-09,45.26015853881836,45.86918442383942,45.04379364201717,45.380361259263466,1793023
2017-02-10,45.997406005859375,46.10158047991056,45.12393770663367,45.66083834047549,1616272
2017-02-13,46.037471771240234,46.26986125149566,45.885216212207084,46.17369906774785,1164843
2017-02-14,46.1015739440918,46.109589922599795,45.50056403681437,46.109589922599795,809164
2017-02-15,46.85804748535156,46.922322416069434,45.96620225158586,46.15903445466196,1385601
2017-02-16,47.428497314453125,47.428497314453125,46.22329999551424,46.858037966544416,1942331
2017-02-17,46.2875862121582,47.35619302181763,46.1911701143891,47.35619302181763,1446412
2017-02-21,46.75359344482422,47.018733993078605,46.38399965964747,46.472378607245304,1416913
2017-02-22,45.63676834106445,46.65716681303508,45.58856030582427,46.62502935802831,1030647
2017-02-23,45.074344635009766,46.08670971758139,44.55209336545888,45.98225649930304,1782384
2017-02-24,45.01810836791992,45.0261418066168,44.439611850689,44.624410584402426,1015777
2017-02-27,45.837646484375,46.343827287690644,44.76903597877784,45.00204278146367,2506920
2017-02-28,45.323421478271484,45.86977680537511,45.07434783519367,45.82156876442711,1412440
2017-03-01,46.23134231567383,46.98659676824657,46.07868473731089,46.07868473731089,1258659
2017-03-02,45.63676834106445,46.21526105848669,45.51624825296398,46.046532935146026,735537
2017-03-03,45.379669189453125,45.934058031027654,45.24308219165025,45.5644679402853,690685
2017-03-06,45.33145523071289,45.435904751670456,44.92169058527614,45.162727086225786,1163150
2017-03-07,45.40376663208008,45.80549783327875,44.94579024656364,45.3555585914994,1199540
2017-03-08,45.54036331176758,45.8537119113396,45.42787663378158,45.48411812004411,1230127
2017-03-09,44.889549255371094,45.62873674866479,44.64851275530963,45.468045748623815,1403372
2017-03-10,45.33145523071289,45.644807499046095,44.94579090045664,45.323421792319394,685123
2017-03-13,45.3475227355957,45.7974619533873,45.18682804040712,45.24307322172627,1135465
2017-03-14,44.6324462890625,44.98596948612246,44.13429895535232,44.92972800146766,799129
2017-03-15,45.25914001464844,45.47607618529914,44.50388569447817,44.82527137880728,1023514
2017-03-16,44.889549255371094,45.71711939250968,44.841341214266706,45.49214976917601,1007676
2017-03-17,44.56012725830078,45.10648255219404,44.23070813548698,44.977929019300376,1209816
2017-03-20,44.552101135253906,44.71279215138903,44.094124698893154,44.503893089321195,874569
2017-03-21,43.81291198730469,44.88151869298023,43.74059992101439,44.752965143617736,1286949
2017-03-22,44.01377487182617,44.270881954597215,43.531694459804825,43.78076810419569,729251
2017-03-23,43.997703552246094,44.23071031597161,43.668284413192595,44.037878154394754,998367
2017-03-24,43.49152755737305,44.37533925695468,43.266557912918586,44.01377891472742,796349
2017-03-27,43.14603805541992,43.282625048544126,42.09349818987308,42.83268575695955,915311
2017-03-28,43.53973388671875,43.853082465503036,42.993378528085906,42.993378528085906,693707
2017-03-29,44.27891159057617,44.568156083284634,43.41116699607114,43.4995496251092,1127727
2017-03-30,44.4556770324707,44.865441643598245,44.166428808997004,44.254811445767366,542344
2017-03-31,44.41551208496094,44.84938451445709,44.06198887197512,44.190542430746234,773741
2017-04-03,43.92539596557617,44.696724690445535,43.595976792970426,44.503892509228194,1087952
2017-04-04,43.92539596557617,44.07805354055296,43.63615139921098,43.86915448120806,645469
2017-04-05,43.636146545410156,44.72082003318404,43.563834485497175,44.27891794099637,954361
2017-04-06,43.85307693481445,44.158395741751626,43.563832414374275,43.74862742172605,576679
2017-04-07,43.796836853027344,44.134293127315956,43.63614585938729,43.780766271479195,643656
2017-04-10,44.142330169677734,44.351232925019595,43.620078839514065,43.75666953017536,718128
2017-04-11,43.87718200683594,44.20660484050538,43.5075882778007,44.00573924729541,976001
2017-04-12,42.671993255615234,43.861120072896966,42.43898647330634,43.861120072896966,1129178
2017-04-13,42.559505462646484,43.02551530952619,42.463089376708574,42.67199213139427,1128332
2017-04-17,42.94517135620117,42.97730881752004,42.31043333602372,42.68806054926792,746781
2017-04-18,43.09782791137695,43.25851891963674,42.4229153013959,42.591643453891166,827298
2017-04-19,43.29065704345703,43.85307923830343,43.00140880236316,43.41921058212305,902133
2017-04-20,43.129966735839844,43.72453015503225,42.904997093885484,43.620080625814296,678716
2017-04-21,43.01748275756836,43.242452394240566,42.736267932632565,43.113898845493694,651514
2017-04-24,43.917362213134766,44.02984888652916,43.39511086303827,43.620080504366264,818835
2017-04-25,44.27891159057617,44.51994805025658,43.99769682942588,44.15839150800603,549960
2017-04-26,44.51192092895508,44.712786526585816,44.25481385329823,44.25481385329823,462068
2017-04-27,44.7690315246582,44.79313554648753,44.246780188663244,44.5038909899963,703258
2017-04-28,44.12626266479492,44.9297288710259,43.90933016108199,44.82527933879954,822100
2017-05-01,43.80487060546875,44.41550453769639,43.612042152808776,44.27088041910613,1198573
2017-05-02,44.31105422973633,44.44764120232705,43.82094040508073,43.98163510246663,778698
2017-05-03,43.85307693481445,44.15036230396336,43.54776183333751,43.98163417218812,752463
2017-05-04,44.01377487182617,44.15839899543258,43.68435202179141,43.83701328923851,848697
2017-05-05,43.917362213134766,43.917362213134766,42.487195153259044,43.69239257180677,1642628
2017-05-08,43.95753479003906,44.31105796645598,43.7004239936317,43.98967225004225,1383062
2017-05-09,44.92972946166992,44.96990406942092,43.21031405511803,44.35927004109488,1414858
2017-05-10,43.83702087402344,44.929731723054566,43.62811809084916,44.90562769828296,1919361
2017-05-11,43.83702087402344,44.230718710139236,43.46742706267925,43.78881282448023,1141872
2017-05-12,42.38274383544922,43.65221612338856,42.35060637531904,43.628112101925765,1160249
2017-05-15,42.43898391723633,43.01748041326224,42.32650095776052,42.77644020658477,1374720
2017-05-16,42.26222229003906,42.57557455839264,41.981011186182606,42.51129593485891,1192165
2017-05-17,41.667152404785156,42.263433240265044,41.07892821319095,42.263433240265044,1725805
2017-05-18,41.4173583984375,41.973352286454514,40.71632634275404,41.73967245711731,1629812
2017-05-19,42.71466827392578,42.94834808683473,41.715495877111834,41.79607345707597,1671038
2017-05-22,42.609920501708984,43.310952564923866,42.41653132119064,43.02087251031047,1145862
2017-05-23,42.851654052734375,42.916114631064985,42.45681907484492,42.71466882049508,706522
2017-05-24,42.65827178955078,42.956412232033756,42.30372740285872,42.75496638886034,1378468
2017-05-25,42.376243591308594,42.867769461022576,42.271488643049636,42.85165617372431,1016744
2017-05-26,42.43264389038086,42.60185940564994,42.22314144415686,42.31983230814689,825485
2017-05-30,42.40847396850586,42.56963285496531,42.11839020257728,42.29566609253189,837937
2017-05-31,42.239261627197266,42.43265081908274,41.908890901835804,42.40847717009705,1846218
2017-06-01,42.87583541870117,42.97253001977139,41.9975273643682,42.352075473680515,773499
2017-06-02,42.867767333984375,43.15785108492816,42.59380058570319,42.964461917632306,1219488
2017-06-05,42.15061569213867,42.940281812879775,42.10226840758684,42.81135695946266,1349573
2017-06-06,41.973350524902344,42.18285298197791,41.64297612021006,42.00558081456845,1129662
2017-06-07,41.900821685791016,42.14255438695492,41.59462098512226,41.997512536558645,1364806
2017-06-08,42.63408660888672,42.69855089637953,41.723548522429304,41.90082438399368,1203892
2017-06-09,44.27789306640625,44.41487457512138,42.400412861499774,42.626032305861614,1405307
2017-06-12,44.32624435424805,44.5518675540422,43.69773320100523,44.21343647051528,1595961
2017-06-13,44.318180084228516,44.84999655066863,44.09256063942087,44.36652737355613,812549
2017-06-14,43.98781967163086,44.65662151912024,43.68967922333431,44.31819041493758,687662
2017-06-15,43.35124206542969,44.11673840721748,43.07727530568959,43.53657088106386,749803
2017-06-16,43.36735916137695,43.43181974253344,42.988637453385465,43.246490926503505,948074
2017-06-19,43.67355728149414,43.89917675339351,43.2303749814962,43.46405481336048,1359245
2017-06-20,43.06922149658203,43.73802329469285,42.96446654224524,43.447939512525,735658
2017-06-21,42.2956657409668,43.24649089983286,42.247318447047235,43.1820266025521,977573
2017-06-22,42.43264389038086,42.63408969364662,41.989461636730695,42.36012295526554,596022
2017-06-23,42.55352020263672,42.61798450704489,42.13451151439469,42.43265195447417,1011908
2017-06-26,43.1497917175293,43.36735451700188,42.44875974650349,42.69855283310265,519132
2017-06-27,43.1336784362793,43.907231407183644,43.00475356048923,43.19008608882066,652239
2017-06-28,43.681617736816406,44.20537766901632,43.51240590525007,43.51240590525007,912651
2017-06-29,43.157859802246094,43.971703568225955,42.81942869111972,43.826661663457514,1167623
2017-06-30,43.826656341552734,44.068392820145895,43.26260579689008,43.38347403618666,1090854
2017-07-03,44.43905258178711,44.72107598588135,43.899175704423484,44.028100582976165,420963
2017-07-05,44.20537185668945,44.35847409528205,43.75413293284799,44.35847409528205,1119385
2017-07-06,43.649383544921875,44.54380478689474,43.52045866355142,44.1570301427834,1261077
2017-07-07,44.17314147949219,44.318183358189856,43.375414862818936,43.705785553521004,809526
2017-07-10,44.140907287597656,44.600206529538646,43.818593268816414,44.05226935306328,1394063
2017-07-11,43.99586486816406,44.14896337483023,43.49627870276349,44.14896337483023,936105
2017-07-12,44.060325622558594,44.793587810435355,43.93139705408149,44.40681325349386,637853
2017-07-13,43.705787658691406,44.100622664331716,43.641327075830205,44.0925660205151,865502
2017-07-14,43.810543060302734,44.06033992018442,43.657444516239224,43.810543060302734,583328
2017-07-17,43.9152946472168,44.21343506785828,43.528516278313596,43.77830940284218,695400
2017-07-18,42.2231330871582,43.59296650793982,41.97334004325576,43.584906150413204,1421870
2017-07-19,43.0531005859375,43.085330875643784,42.22314368381235,42.31983455293119,701565
2017-07-20,42.33595275878906,43.12562275025982,42.247318530537385,42.97252422459999,921598
2017-07-21,42.1425666809082,42.33595587118596,41.86859990006948,42.255378280624996,690443
2017-07-24,42.03781509399414,42.126453044193354,41.37706993806294,41.900833562789494,966572
2017-07-25,42.69855499267578,43.04504267434269,42.327893665400396,42.440701534130746,497370
2017-07-26,42.54545593261719,42.90806064378626,42.078103704218066,42.79525276664305,533881
2017-07-27,42.754966735839844,42.78719703048311,42.37624869624689,42.57769454105515,536541
2017-07-28,42.21508026123047,42.763013727300006,41.97334753172707,42.61797557606344,731306
2017-07-31,42.480995178222656,42.883886822669155,42.158681119432636,42.40847423628259,738076
2017-08-01,42.90806198120117,43.045047226189475,42.35207178957619,42.698559507882834,892583
2017-08-02,42.9886360168457,43.915291214521694,42.5373970991731,42.68243897617442,2581514
2017-08-03,42.44070053100586,42.79524856360474,41.77995918820978,42.57768575827073,2004351
2017-08-04,42.28760528564453,42.650209989221864,41.90888729490644,42.44070381065585,1097987
2017-08-07,42.15061569213867,42.456812683524745,41.98140019620726,42.17478933441459,1094239
2017-08-08,43.609092712402344,44.31012471158482,42.39235380149964,42.94834764470529,1805113
2017-08-09,43.68966293334961,43.72994985804994,42.972514052656486,43.3028846727823,1116363
2017-08-10,42.44877243041992,44.01199570753103,42.408481772349916,43.391541127008395,1523423
2017-08-11,42.36817932128906,42.70661034961511,42.19090716422046,42.27954510083661,1217795
2017-08-14,42.489051818847656,42.99669841239113,42.45682152782022,42.81942252133006,644139
2017-08-15,41.55434036254883,42.45682196611015,41.53822707495081,42.376244379627714,993532
2017-08-16,41.13532638549805,41.99751343207727,41.070862100781824,41.73966372553899,890769
2017-08-17,40.490699768066406,41.36094720217618,40.45846576653993,41.00639919852892,1006709
2017-08-18,40.16838836669922,40.772725766243,40.05557678637928,40.32148687729055,1133409
2017-08-21,39.95082473754883,40.1845008200065,39.733261940400496,40.17644417735183,991597
2017-08-22,40.990291595458984,41.062812534700306,39.96694180266386,40.063636388318955,1785528
2017-08-23,41.3609619140625,41.54629076602487,40.61963907388355,40.77273762901871,1267968
2017-08-24,41.3609619140625,41.6591023791672,41.288440959077725,41.441539514212884,943359
2017-08-25,41.852474212646484,42.06197662927169,41.45763930485602,41.61879443823492,714139
2017-08-28,42.08615493774414,42.25537044787019,41.75578427636902,42.15061922794194,981200
2017-08-29,42.843605041503906,43.01282059305202,41.868602387972025,41.868602387972025,1226137
2017-08-30,43.31095504760742,43.4801705902608,42.33595616149041,42.78719513112319,718007
2017-08-31,43.907222747802734,44.0119776726261,43.31094206322868,43.520448196712195,996675
2017-09-01,44.42293167114258,44.67272476266885,44.020040067540684,44.10867800409167,969836
2017-09-05,43.8185920715332,44.60826195339514,43.5123950627147,44.519624021282674,1459227
2017-09-06,43.907222747802734,44.18119316454961,43.68966368863571,43.9716870310661,734933
2017-09-07,43.8669548034668,44.036170368609234,43.39154212170032,43.931415398458796,1124584
2017-09-08,44.020050048828125,44.318190497681314,43.46405980708308,43.80248719573307,722722
2017-09-11,44.229549407958984,44.47128215779948,43.99586958543335,44.318183634717975,1543129
2017-09-12,45.067562103271484,45.26901163187415,44.45516802263005,44.47934166876926,740736
2017-09-13,45.10785675048828,45.44628782643501,44.85806362362996,44.9547582167576,704346
2017-09-14,44.95475387573242,45.244833910939725,44.849998932516925,44.96281051899367,534123
2017-09-15,45.08367919921875,45.486570824928584,44.809712447796386,44.88223338636383,1250800
2017-09-18,45.736366271972656,45.83306086168024,45.00310392157564,45.148145806137,1514114
2017-09-19,45.80889129638672,45.937816188764245,45.615502099738215,45.81695165702335,749561
2017-09-20,46.509918212890625,46.54215221950084,45.88946375385812,45.92975440403888,900078
2017-09-21,46.260128021240234,46.70330658478771,46.235950658616325,46.598555355515835,726591
2017-09-22,46.36488723754883,46.43740818942153,45.833066923815636,46.25207562924753,986640
2017-09-25,46.945045471191406,47.09008735743364,46.34070799467956,46.3487646385272,739285
2017-09-26,46.97726821899414,47.13037044066253,46.590493633955084,46.985328577711556,705192
2017-09-27,47.0095100402832,47.14649156729989,46.65496196649027,47.13843492340602,675331
2017-09-28,46.872520446777344,47.106196543489276,46.39710789404354,46.96115838603997,807592
2017-09-29,46.95309829711914,46.97727194286054,46.46962909845506,46.88057735989496,711116
2017-10-02,47.372108459472656,47.372108459472656,46.6791330697781,46.84834859547439,1105724
2017-10-03,47.090084075927734,47.5252097043324,46.72747938559051,47.420454760792396,761168
2017-10-04,47.21901321411133,47.39628539556599,46.8322348428181,47.08203168505445,820770
2017-10-05,47.372108459472656,47.6460752147358,47.16260600033893,47.3801688190913,546575
2017-10-06,47.50910186767578,47.52521887352157,46.928934251202676,47.14649710738009,523484
2017-10-09,47.04173278808594,47.58160959800877,46.840286993731,47.46879802076495,667472
2017-10-10,47.02562713623047,47.50910013229811,46.872528592863866,47.50910013229811,529166
2017-10-11,46.743595123291016,47.03367886771017,46.574379605713176,47.03367886771017,731548
2017-10-12,47.278018951416016,47.342652046119504,46.68017679751369,46.71249520781277,614157
2017-10-13,47.30225372314453,47.47999379394015,47.181069004826824,47.47999379394015,690805
2017-10-16,47.66581344604492,47.883945964497315,47.44768092759252,47.673891186244845,590703
2017-10-17,47.043731689453125,47.63349611275787,46.92254696371279,47.593099962212854,712083
2017-10-18,46.9952507019043,47.286093999757774,46.97909522484188,47.043724584879875,611981
2017-10-19,47.100284576416016,47.140680728039044,46.80136348691109,46.80136348691109,479598
2017-10-20,47.52039337158203,47.552711785262815,47.2295500038253,47.39920863501673,424832
2017-10-23,47.132598876953125,47.71428179939777,47.02756963707334,47.46383462332769,454573
2017-10-24,47.33457565307617,47.59310058745539,47.14068008934438,47.14068008934438,693586
2017-10-25,46.922550201416016,47.415366878133334,46.51052583136349,47.310341350543084,512120
2017-10-26,47.44767379760742,47.60117691960355,46.85791315605298,46.85791315605298,562534
2017-10-27,47.43152618408203,47.66581418657415,47.197234455694925,47.25378981565784,408753
2017-10-30,47.22954177856445,47.55270350372174,47.13259773209055,47.13259773209055,478510
2017-10-31,47.02757263183594,47.53654848154477,46.99525794683521,47.34265291975093,681375
2017-11-01,47.09220504760742,47.56078473987687,46.954861118022116,47.16491588222999,623949
2017-11-02,47.45576095581055,47.60926037032781,46.89023346336736,47.01949593212428,455540
2017-11-03,47.90009689331055,48.013203874836464,47.01141514944078,47.36688784698869,712930
2017-11-06,49.3704719543457,49.42702358551833,47.79507421426575,47.8677850511569,1154204
2017-11-07,49.22505187988281,49.54820992348901,49.03923404871442,49.44318439764336,997884
2017-11-08,49.3785400390625,49.39469924162134,48.61103939476963,49.095778212594205,837574
2017-11-09,48.69991683959961,48.99075644871069,48.215177947923415,48.99075644871069,652965
2017-11-10,48.49794387817383,48.71607265503934,48.25557443066252,48.50602161779265,748594
2017-11-13,48.32828903198242,48.33636677223088,47.568865945883466,47.93242014548854,608595
2017-11-14,46.8094482421875,48.01321042476519,46.704418985765926,48.00513268423087,747627
2017-11-15,46.33279037475586,46.8336848016351,46.21968337873713,46.44589364487953,538233
2017-11-16,47.20530700683594,47.20530700683594,46.3085401419608,46.4943579415123,702532
2017-11-17,47.36689376831055,47.55271160564047,47.04373571398877,47.06797266121027,471861
2017-11-20,47.940494537353516,48.29596724598734,47.294178489349456,47.35073011892877,820891
2017-11-21,52.40007781982422,52.747472790866794,49.61283658585599,50.13797163818103,2376956
2017-11-22,52.33544921875,53.15950169680394,51.931502583097185,52.4485562141982,1045396
2017-11-24,51.13168716430664,52.35968628070536,50.92163237969809,52.35968628070536,748715
2017-11-27,51.15591812133789,51.62450156427041,50.808526860971654,51.16399958731957,1091821
2017-11-28,52.15770721435547,52.31120662125191,50.679257322270075,51.21247010252517,1793023
2017-11-29,52.37583923339844,52.78786356118214,51.80223403475642,52.07691816191042,924620
2017-11-30,53.02215576171875,53.48265398248413,52.24657353576505,52.521257665492115,1239073
2017-12-01,52.88480758666992,53.31299108893088,51.60833481879379,53.21604704436698,886900
2017-12-04,53.87851333618164,54.68641010381887,53.418011470708564,53.563433112436904,1342561
2017-12-05,53.69271469116211,54.04010969305095,53.35339742972346,54.0077912794601,961857
2017-12-06,54.68641662597656,55.03381156957266,53.57152096565226,53.61191338702043,1507948
2017-12-07,54.68641662597656,55.7205199917757,54.52483576282064,55.7205199917757,1259384
2017-12-08,55.34889221191406,55.49431388177642,54.58139143823695,54.93686787319873,1032581
2017-12-11,55.24386215209961,55.39736154904076,54.79951943933667,55.292336038069905,884603
2017-12-12,55.25194549560547,55.704369719184655,55.098446083094125,55.308500852237096,863809
2017-12-13,55.06612777709961,56.02752406588647,54.87223222629964,55.445837413486544,1096415
2017-12-14,53.42610549926758,54.225920990976824,53.240287671394604,54.177447099000815,1439400
2017-12-15,53.474578857421875,54.27439434114679,53.26452408565782,53.66847442339029,1977996
2017-12-18,53.918922424316406,54.290554355995766,53.563445972778624,53.66847522317323,1504442
2017-12-19,53.63615036010742,54.13704470214958,53.59575793871673,53.83004590564488,1111164
2017-12-20,53.63615036010742,54.15320390624251,53.61999488190891,54.08857454165964,1070180
2017-12-21,53.7088623046875,53.975468685336295,53.369548818847164,53.91891705867866,889077
2017-12-22,53.54728317260742,54.04817750642042,53.329150687461464,54.04817750642042,599528
2017-12-26,53.361473083496094,53.644238698935894,52.642446160590026,53.272606764333936,887021
2017-12-27,53.54728317260742,53.57152011540142,52.997914953206426,53.53920170774652,881460
2017-12-28,53.78157424926758,53.92699591445046,53.43417929107333,53.81388893289892,612585
2017-12-29,53.28875732421875,53.97546949728552,53.27260184544183,53.781573944806006,628060
2018-01-02,54.02394104003906,54.40365066323057,53.5230467018089,53.72501998490852,1384754
2018-01-03,54.209754943847656,54.49252051998814,53.93507083261321,54.12896637604796,1340264
2018-01-04,54.76720428466797,54.936862884099824,54.104729090755995,54.53291259586872,1825545
2018-01-05,55.04997253417969,55.18731646784499,54.427893414525535,54.94494701190316,1280420
2018-01-08,54.904544830322266,55.06612569183495,54.4036504936534,54.93686323816143,1258780
2018-01-09,54.70257568359375,55.35697319223786,54.50868012547698,54.99341902076891,1104515
2018-01-10,54.78337097167969,55.09036980484737,54.33902820205603,54.76721176565697,888956
2018-01-11,56.148712158203125,56.16486763781063,54.896472467989504,55.041894139825516,1492957
2018-01-12,56.19718933105469,56.43955881433967,55.96290131447601,56.43955881433967,1423079
2018-01-16,56.08407974243164,56.835421330137315,55.946735808733294,56.552659448733664,1706945
2018-01-17,56.21334457397461,56.47187324654356,55.817475687827255,56.383003200308465,785468
2018-01-18,56.059844970703125,56.593054068685284,55.94673797821876,56.47187306188088,904672
2018-01-19,56.51226043701172,56.54457512087784,55.55894559285715,56.09215464317379,1116967
2018-01-22,56.73847198486328,56.9323675443225,56.12447062187397,56.31836618133319,1192286
2018-01-23,56.45570755004883,56.875813334520174,56.16486422405455,56.67383631865002,778456
2018-01-24,56.746551513671875,57.279760558091574,56.41531203560271,56.795021675987705,887263
2018-01-25,56.439552307128906,57.19089389279105,56.067920384237716,57.05355368536104,697455
2018-01-26,56.51226043701172,56.65768210325115,56.00328833106832,56.58497127013143,913256
2018-01-29,57.40094757080078,58.31387001795563,56.97276402510681,57.36055142038081,1749380
2018-01-30,56.31028747558594,57.376709308421276,55.365050365333545,57.09394743965748,1426464
2018-01-31,56.11639404296875,57.352474534195075,55.75284358735731,57.19089365600518,1081545
2018-02-01,56.568817138671875,56.706161077736226,55.35697726311431,55.8174755216114,988212
2018-02-02,54.22592544555664,56.29413631267871,53.89468964043997,56.24566241672065,1261318
2018-02-05,51.01857376098633,53.99162897851553,50.94586292843406,53.4907346159741,2200084
2018-02-06,51.818389892578125,52.513179817970084,45.68646528660664,48.02936371286708,3068124
2018-02-07,53.32915496826172,54.209758992604975,50.832760837774465,51.7860756963363,2508613
2018-02-08,50.75196838378906,53.53112810308861,50.74389064419866,53.43418032442517,4432326
2018-02-09,50.27531051635742,51.43059865883735,48.756468207068465,51.43059865883735,2454451
2018-02-12,50.97010040283203,51.624497902609725,49.661309129171244,50.88931183000953,2457715
2018-02-13,50.3076286315918,50.90547454419684,49.66939401863314,50.453050308233976,1604424
2018-02-14,51.43060302734375,51.52755453928915,49.540132377044344,49.75018342955708,2017771
2018-02-15,51.47099685668945,51.79415488697157,50.7115775347686,51.70528857103348,1823731
2018-02-16,51.05088424682617,51.94764738200446,51.01049182710376,51.22054284216422,1796892
2018-02-20,50.469207763671875,51.28518243704205,50.17836442047583,50.70349575064997,1188297
2018-02-21,50.137969970703125,51.309417310071765,50.12988850534424,50.41265409732967,1577585
2018-02-22,50.57423400878906,51.57602651884583,50.154128193454575,50.47728622633535,1216466
2018-02-23,50.37226104736328,51.1074471606841,49.475497779448,50.824681551301566,2271050
2018-02-26,50.90547561645508,51.09936746350054,50.00063085136484,50.638869203662026,1168590
2018-02-27,49.87944030761719,51.41444178005021,49.86328482901747,50.832758854886556,2528440
2018-02-28,49.330078125,50.59039563120908,49.32200038470791,50.23492289582766,2694794
2018-03-01,47.940494537353516,49.31391520788846,47.80315433324736,49.20888968841411,2003142
2018-03-02,48.506019592285156,48.60296736724135,47.09220284203339,47.31033533568481,1897358
2018-03-05,48.56258010864258,48.97460822762998,47.89202702637752,48.08592261178335,1426464
2018-03-06,48.635284423828125,48.95844244748846,48.40907417985536,48.68375831367191,1483769
2018-03-07,48.62720489501953,48.764545093927325,47.88394109535807,48.05359970356909,1100646
2018-03-08,48.15863037109375,48.89381278413218,47.754683744640005,48.84534261678108,1297708
2018-03-09,49.120025634765625,49.19273647295442,48.36868403270957,48.70799755169577,1228434
2018-03-12,48.82110595703125,49.11194559232155,48.34444476201262,49.11194559232155,1198089
2018-03-13,48.56258010864258,49.57245046536785,48.38484373065229,48.9665304868698,1008523
2018-03-14,48.29597473144531,49.28160816147929,48.18287145475665,48.740317549054225,2005560
2018-03-15,48.425235748291016,49.03115567501301,48.231340179453625,48.43331348836095,1455116
2018-03-16,49.241207122802734,49.32199569572805,48.38483632693163,48.4737063652757,2429667
2018-03-19,48.4010009765625,49.02308013726564,47.95665818664668,48.96652850244582,1546152
2018-03-20,48.578731536865234,49.023074273633384,48.46562455485925,48.62720542545429,1076225
2018-03-21,48.901893615722656,49.418947228339576,48.39291774324361,48.53026168095689,771202
2018-03-22,46.583229064941406,48.35251844212473,46.54283291820557,48.27980761353684,1247778
2018-03-23,44.89473342895508,46.63170459855863,44.77354870067673,46.63170459855863,1715045
2018-03-26,46.68017578125,48.04551867276891,45.44409907632385,46.82559744674592,2905880
2018-03-27,45.427940368652344,46.68017629207967,45.14517849991235,46.68017629207967,2758990
2018-03-28,45.94499588012695,46.437812530736004,45.56528621731948,45.96115135988805,2206370
2018-03-29,47.78699493408203,48.08591601192363,46.62362530721632,46.85791701605657,1703197
2018-04-02,46.6317024230957,47.57693953367481,45.80765003514143,47.5284693705195,1664631
2018-04-03,47.30225372314453,47.40728296294953,46.37317585056813,46.82559631502456,1241854
2018-04-04,48.6191291809082,48.77263232852007,46.494366771979124,46.526681459210316,1998307
2018-04-05,48.36867904663086,49.03115053620043,48.18286123733843,48.89380661403693,1921537
2018-04-06,46.865997314453125,48.07784089718027,46.32470675856692,47.98897085258303,1383545
2018-04-09,47.1164436340332,48.09399547682419,47.06796974259598,47.3668908311606,1086864
2018-04-10,48.02128219604492,48.271729380428006,47.54462477176405,47.87586425502783,1262286
2018-04-11,48.08591842651367,48.368684039251086,47.488076240810386,47.568864819066135,891132
2018-04-12,48.03744125366211,48.65144260344124,47.948571215523764,48.44946930864821,645953
2018-04-13,47.883941650390625,48.40907295986767,47.5607836348744,48.40907295986767,557456
2018-04-16,48.24749755859375,48.44947085985335,47.89202112055371,48.223256887512086,711479
2018-04-17,48.66759490966797,48.9584382236384,48.50601777472508,48.659517170689135,879888
2018-04-18,48.92612838745117,49.28160110024688,48.79686592151589,49.01499470270274,1034153
2018-04-19,48.87765121459961,49.27352005149438,48.62720403932673,48.942280580279686,748473
2018-04-20,48.47371292114258,49.0311589933825,48.01321091398754,48.82110793018923,943117
2018-04-23,48.8453369140625,49.15233571818189,48.41714966508187,48.530256644748995,1484373
2018-04-24,47.73851776123047,49.40278164992514,47.42343749986043,48.92612425126929,911684
2018-04-25,47.374969482421875,47.95665241921566,47.108363095356374,47.722360715890204,1020612
2018-04-26,47.02757263183594,47.52038927609704,46.55899665869379,47.52038927609704,757057
2018-04-27,47.504234313964844,47.57694142453474,46.66402268763635,46.90638841662379,927401
2018-04-30,46.93062973022461,47.8273929996657,46.922548264354766,47.544627389802045,917608
2018-05-01,47.17299270629883,47.23762580000708,46.32470337806147,46.890230838851245,757903
2018-05-02,46.6397819519043,47.22954260966364,46.59130806486715,47.21338713124757,782083
2018-05-03,46.171199798583984,46.66401638161529,45.31482908235886,46.59938329374941,1404944
2018-05-04,45.92076110839844,46.03386437565935,44.603891973107444,45.41178522803949,2093694
2018-05-07,45.81572723388672,46.163122164427776,45.444095361077814,45.99346356855285,2358096
2018-05-08,50.1702880859375,50.339946707553935,48.304050699946394,48.42523542967242,3713593
2018-05-09,50.7842903137207,51.2286330880933,50.33186607330294,51.06705220382376,2632774
2018-05-10,51.51139450073242,51.664893917533995,50.655023646420965,50.89739310763127,2024178
2018-05-11,51.341732025146484,52.39199464371849,51.2367065084682,52.19002134983115,1394668
2018-05-14,50.889312744140625,51.462917955504956,50.56615472115109,51.36597017601863,1426826
2018-05-15,50.646942138671875,50.84083769321605,50.33186186253759,50.622705194353856,1761711
2018-05-16,51.285186767578125,51.58410787580568,50.477289765779425,50.59847450234398,1474943
2018-05-17,51.672969818115234,51.75376211957248,50.784288035138204,51.09128685781256,882790
2018-05-18,51.49523162841797,51.87494127335029,51.42252079523162,51.6729679786864,2060206
2018-05-21,51.89110565185547,52.35968538158731,51.64065844343077,51.70529154356085,1193737
2018-05-22,51.462921142578125,51.988052496720414,51.42252498999221,51.42252498999221,1382820
2018-05-23,51.269020080566406,51.31749396811987,50.68733715581936,51.05088758657582,1001511
2018-05-24,51.269020080566406,51.56794114518125,50.75196652196097,51.28517928504906,955570
2018-05-25,51.163997650146484,51.22054928040275,50.8408396222761,50.865076567513746,714139
2018-05-29,51.1397590637207,51.4386801367604,50.58231306703923,50.67925711898394,1474823
2018-05-30,52.38391876220703,52.408155707368934,51.1639974902509,51.46291857194946,1678897
2018-05-31,52.351600646972656,52.5293369912156,51.786073205549116,52.270808351130384,2367768
2018-06-01,52.844417572021484,53.36954886864765,52.497022620695546,52.74746979714964,1241612
2018-06-04,53.207969665527344,53.80581181199987,52.99791863066711,53.296839703903366,948074
2018-06-05,53.64423370361328,53.66038918237752,53.02215462382625,53.280679542999614,4715829
2018-06-06,53.53113555908203,53.73310888413083,52.76363468835951,53.73310888413083,1387777
2018-06-07,53.361473083496094,53.692712591531574,53.038315041489824,53.63615723290668,1502992
2018-06-08,53.805809020996094,53.81388676010414,53.12717833677101,53.506887963265406,1474339
2018-06-11,53.57959747314453,53.80580769564754,53.361464989550605,53.72501912887382,1026295
2018-06-12,53.46649169921875,53.90275667620035,53.32915150520971,53.61999482319744,1299764
2018-06-13,52.933284759521484,53.46649380426438,52.91712555481004,53.4503383254475,980233
2018-06-14,52.79594802856445,53.21605384561001,52.513182419957836,53.14333928257878,968869
2018-06-15,52.14962387084961,52.46470413874432,51.26094214558614,52.46470413874432,1713352
2018-06-18,52.91712951660156,52.94136646253602,51.70528967166862,51.83455214135409,1067158
2018-06-19,52.351600646972656,52.48086310406803,51.487152143437235,52.246571407556594,1058453
2018-06-20,52.9979248046875,53.14334276258803,52.05268758591129,52.545500546469576,934776
2018-06-21,52.14962387084961,52.96559849095495,51.98804673021789,52.81209908958646,625400
2018-06-22,52.351600646972656,52.949442771196416,52.14154589403501,52.68283639188476,942392
2018-06-25,51.301334381103516,52.076916576175705,50.727729199927694,51.988046541025525,1065103
2018-06-26,51.55986404418945,51.77799654088048,51.10744357201925,51.50331241664182,978178
2018-06-27,51.38212585449219,52.39199227833565,51.35788891128417,51.65680996888494,1426101
2018-06-28,51.220550537109375,51.43868304960012,50.60654915132258,51.260946688794824,722601
2018-06-29,51.29325866699219,52.28696966776692,51.26902172243928,51.511391167968384,804811
2018-07-02,51.70528793334961,51.77799876870845,50.72773238882348,50.79236548444069,1215619
2018-07-03,50.90547561645508,52.254659435007156,50.81660557022575,52.01228996883165,580547
2018-07-05,52.0769157409668,52.27080756073073,51.091282534466444,51.34172970564368,1900380
2018-07-06,52.54549789428711,52.812104301122304,51.83455244391973,51.91534102220787,1500694
2018-07-09,53.321075439453125,53.37762706664954,52.795944138313985,52.8524957655104,1312337
2018-07-10,53.73310470581055,53.78966006410675,53.07063314537954,53.26452498874052,1451006
2018-07-11,52.83633804321289,53.434180192902815,52.804023359036165,53.0706297497044,1115033
2018-07-12,52.989837646484375,53.248366298538656,52.58589105214947,53.09486689076296,1038143
2018-07-13,53.57959747314453,53.72501912887382,52.78785983143686,52.98983311131832,683310
2018-07-16,52.87673568725586,53.60384032009674,52.62628849454517,53.474577853841986,785468
2018-07-17,53.321075439453125,53.466493377116116,52.553574699051445,52.5778116429777,915916
2018-07-18,54.040103912353516,54.15320717013766,53.21605152004685,53.25644394387205,1293356
2018-07-19,53.99971008300781,54.18552418273535,53.304920123696945,53.749262886130154,512845
2018-07-20,53.3937873840332,53.78965623444763,53.33723202976356,53.76541929001625,559632
2018-07-23,53.41801834106445,53.77349475297353,53.02215323330398,53.19988957631129,1144532
2018-07-24,54.193607330322266,54.29863285629246,53.587683669157876,53.80581618717706,1149247
2018-07-25,54.209754943847656,54.250151090694686,53.04638913502786,54.040100069236615,1200024
2018-07-26,54.63795471191406,54.95303131638207,53.951242413343884,54.161297208884456,698059
2018-07-27,54.33903121948242,54.936873438887886,54.169372587454774,54.807607235317725,734691
2018-07-30,54.112815856933594,54.969182951055586,54.08049744613655,54.60562877379924,1075258
2018-07-31,54.63795471191406,54.85608352242415,53.83005767089649,54.43598138313348,833585
2018-08-01,54.16936111450195,54.5571484653947,53.81388471881575,54.07241334530519,676298
2018-08-02,54.18677520751953,54.41349772571707,53.40943659160532,53.66045094155018,753793
2018-08-03,54.32442855834961,54.76168154692261,53.66045304270142,53.66045304270142,1409538
2018-08-06,58.55119705200195,59.22326865256713,55.22322691717538,56.68073325780241,4900076
2018-08-07,58.42972946166992,59.838648195829265,57.91960100892338,59.660509345996765,2164056
2018-08-08,59.012733459472656,59.23135995324781,58.10584335329306,58.48641290845781,1683007
2018-08-09,58.753623962402344,59.35282002046869,58.67265243047426,59.01273435830522,1710693
2018-08-10,58.20301055908203,58.5511922480889,57.830537037485556,58.36495362012444,1128453
2018-08-13,57.56332778930664,58.324470644373534,57.49045229038536,58.14633178067682,1252251
2018-08-14,57.984378814697266,58.389240164971405,57.547129602014195,57.74146051079994,1174635
2018-08-15,57.385189056396484,57.66859128551455,57.00461949516193,57.48235638851297,953273
2018-08-16,57.56332778930664,57.895313683726314,57.198950294700275,57.603815422373735,789699
2018-08-17,58.18680953979492,58.36494838469521,57.482350192219926,57.64429323873578,881218
2018-08-20,58.97224807739258,59.02892777401948,58.089646091730835,58.30017654743874,1117451
2018-08-21,59.16658401489258,59.51476196909217,58.858886224399704,59.10990058270583,783654
2018-08-22,59.08560562133789,59.37710759657947,58.81839921169869,59.19896874537592,595539
2018-08-23,58.907470703125,59.158485064898066,58.79410757151822,58.98844223465414,850631
2018-08-24,58.9317626953125,59.02083399426806,58.42163793753432,58.9803463612278,879284
2018-08-27,58.956050872802734,59.401399871302424,58.89937117752671,59.1422894920415,1199903
2018-08-28,58.753623962402344,59.19897298950558,58.60787296433228,59.11800145757749,1312458
2018-08-29,59.62812805175781,59.77387905431388,58.75362577075405,58.964152507113276,1226984
2018-08-30,59.09370803833008,59.65241644826888,58.8507897147339,59.4499857567162,594451
2018-08-31,58.858882904052734,59.069413352443256,58.5997725276222,58.81839900829735,993290
2018-09-04,58.34066390991211,58.93985997936561,58.12204114298482,58.624069878545036,1099921
2018-09-05,58.850791931152344,58.92366743097581,58.05726120040742,58.17062433379922,926917
2018-09-06,59.790061950683594,59.919620867084916,58.923659570033564,59.10179841217032,1488967
2018-09-07,59.61192321777344,60.113955617501325,59.174674010696975,59.43378437531028,1242096
2018-09-10,59.84674835205078,60.283997580062355,59.58763424069925,59.91962384577475,1479296
2018-09-11,60.0734748840332,60.47024024273831,59.55525036099669,59.55525036099669,1045034
2018-09-12,60.75364303588867,60.826518535166365,59.620030382123176,59.93582047799399,1103185
2018-09-13,60.91558837890625,61.506684657589766,60.59169852352294,61.13421487151478,1158193
2018-09-14,61.36094284057617,61.636249055359556,60.76174674167511,60.89939798190042,1146224
2018-09-17,61.5147819519043,62.0734903428905,61.247571805012846,61.344739131155194,2278667
2018-09-18,61.66863250732422,62.024910234040455,61.3447426464006,61.63624464153161,2535210
2018-09-19,62.19496154785156,62.5674351254353,61.620057246370806,61.66864091885273,979387
2018-09-20,62.13827133178711,63.08564531628668,61.80628544886564,62.57552057583827,2350721
2018-09-21,62.84273910522461,62.996586141982355,62.1868595892057,62.381194260618706,2143504
2018-09-24,62.559329986572266,62.842735946247544,62.45406288862668,62.72936908117847,969352
2018-09-25,62.67268753051758,62.95609348181604,62.462160809514025,62.65649546541414,1082391
2018-09-26,62.33260726928711,62.84273575454699,61.98442557968086,62.58362162836766,857160
2018-09-27,61.91964340209961,62.656494381530116,61.87915577137669,62.21114538090714,1130871
2018-09-28,61.943939208984375,62.332608539004354,61.70912064498566,61.98442684230563,1771383
2018-10-01,62.39738082885742,62.50264418848662,61.749601137448394,62.21924197386979,1941606
2018-10-02,62.510738372802734,62.82652842348879,62.219236417401454,62.39737525648046,2635313
2018-10-03,62.850826263427734,63.15042426143982,62.41357331449177,62.737459408668165,861633
2018-10-04,63.045162200927734,63.41763196373916,62.6241013074622,62.802243890979234,1362509
2018-10-05,61.97632598876953,63.037063126136395,61.8548705595996,62.93989579533447,1153720
2018-10-08,62.41357421875,62.543129405164,61.53907204254026,61.684823027630586,801910
2018-10-09,62.073486328125,62.794145195180995,61.871055656531944,62.14636181801835,961373
2018-10-10,60.13825225830078,62.08968738391599,60.057276995341,62.08968738391599,1278607
2018-10-11,58.45402145385742,60.07347063997831,57.117974474933106,58.58357664188065,1915734
2018-10-12,58.300174713134766,59.48237094419986,57.18275420922455,59.3852036191353,1469866
2018-10-15,59.06941604614258,59.39330589861698,58.32446901201822,58.46212023879533,1027383
2018-10-16,60.18682861328125,60.275899903513775,58.810297771043246,59.474273228749645,783533
2018-10-17,59.79817199707031,60.3163965487696,59.06132093748234,60.154449742593016,993411
2018-10-18,59.182769775390625,60.146343207922506,58.84268415583065,59.53905119304032,835761
2018-10-19,58.52690124511719,59.49047479527524,58.40544208044747,59.31233219753799,721876
2018-10-22,62.51884078979492,62.95609376755475,61.255672989375725,62.454061326090084,2987607
2018-10-23,61.39332580566406,61.846770860349004,60.79412975461629,61.35283817300801,2006769
2018-10-24,58.72933578491211,61.66863655927993,58.64026448021435,61.66863655927993,1696064
2018-10-25,60.91558837890625,61.279962132254695,59.31233116744279,59.336622999954855,1186604
2018-10-26,59.84674835205078,60.648375048682205,59.22326050641165,59.9358159103808,1468415
2018-10-29,58.62406539916992,60.72934751444269,57.57142060720124,60.72934751444269,1667895
2018-10-30,60.03298568725586,60.138252783155814,58.429732228511796,58.51879979047958,1151423
2018-10-31,60.802223205566406,62.65649471255666,60.745543509720704,60.88319473310775,1414374
2018-11-01,61.158504486083984,61.78198860739514,60.615988157766765,61.093725023623605,1314634
2018-11-02,60.84271240234375,62.1868554783184,60.55930644715689,61.6605349342559,2659130
2018-11-05,62.19496154785156,62.486463582743106,60.65648356503467,60.89940192744429,1470591
2018-11-06,64.39739990234375,64.47836769154047,61.87105699985413,61.87105699985413,2498578
2018-11-07,65.5229263305664,65.55531793419763,64.18688657793214,64.7779791963748,1555219
2018-11-08,64.31643676757812,66.59176576197581,64.11400605343351,65.66057999571122,1503717
2018-11-09,62.55122756958008,63.93585450647287,62.1706580295373,63.57148076565849,1672731
2018-11-12,60.81032943725586,62.59981793752647,60.688870265865056,62.518846401376834,1514960
2018-11-13,60.454044342041016,62.0572978398807,60.23541784660856,61.08563199551254,1071147
2018-11-14,59.36091613769531,61.05324094935888,58.891275276913184,60.92368575122338,2082814
2018-11-15,60.72935104370117,61.03704884017842,58.891275235066566,59.27184853063059,1186846
2018-11-16,60.065372467041016,60.92367882464647,59.82245416419717,60.42974618697469,2137338
2018-11-19,59.053218841552734,60.35687425308857,58.31636785761281,60.04108417511345,2771080
2018-11-20,52.67259216308594,57.64429949918993,50.089569295672476,57.58761980018689,7440848
2018-11-21,52.802154541015625,54.13010203769715,52.48636066844108,53.10175261124457,2994981
2018-11-23,52.38108444213867,53.07744775721533,51.822376077406055,52.324404749329766,1542404
2018-11-26,52.85072708129883,53.0369619645463,51.644239020510106,52.794047386527716,2159462
2018-11-27,52.38108444213867,53.020768064406425,51.96002729341799,52.47825176371515,2004230
2018-11-28,53.58757400512695,53.70903316059703,51.344640715220216,52.32440625690256,2131051
2018-11-29,52.713077545166016,54.202971701637956,52.49445477590779,53.31227362100808,1937254
2018-11-30,53.174625396728516,53.41754374780527,52.397290407615735,52.61591692358481,2349754
2018-12-03,53.42563247680664,55.417555214625814,53.34466094896279,53.984340873561244,2411774
2018-12-04,50.826419830322266,53.13413274472582,50.30819530838515,53.117940679070976,2790545
2018-12-06,49.328426361083984,50.50253037849515,48.623966938103294,49.927626153461226,3392370
2018-12-07,48.40534210205078,50.39726500862482,48.130035896592,49.57134639224848,1795441
2018-12-10,47.660400390625,48.63207004341961,46.964036952738894,47.86283110149895,1569243
2018-12-11,48.49441146850586,49.51466471491181,48.16242557543962,48.761621630127834,3506134
2018-12-12,49.25554656982422,50.3162835478866,49.21505894329314,49.57943637907711,2036510
2018-12-13,48.49441146850586,49.5065686820644,48.08955007681544,49.49846891488449,1298796
2018-12-14,47.53083801269531,48.12193803568022,47.32840731645829,47.74136847612792,1189264
2018-12-17,46.850669860839844,48.16242508847961,46.59155946901758,47.287919113831464,2390255
2018-12-18,46.721107482910156,47.92759542747284,46.534868883271585,47.31220740790996,1956476
2018-12-19,46.5186767578125,48.170513651788916,46.13810352752497,46.78588314096653,1832799
2018-12-20,46.24338150024414,47.06120037400631,45.595601734234876,46.372936706579445,1771987
2018-12-21,45.27980422973633,46.86686564865388,44.98830223826189,46.210986167836396,2757419
2018-12-24,44.729190826416016,45.773735871045155,44.729190826416016,45.10976037260677,1044066
2018-12-26,46.850669860839844,46.90734955886363,44.672512159982396,45.174540878095804,1164722
2018-12-27,47.23933410644531,47.23933410644531,45.33647906742693,45.757536209639554,1115275
2018-12-28,46.62395095825195,47.57132877008979,46.45390811663159,47.38509012734705,1242458
2018-12-31,47.33650588989258,47.34460565752288,46.62395039838829,46.704921934362375,817385
2019-01-02,47.35269546508789,47.67658530073327,46.38912572471712,46.57536060640541,971649
2019-01-03,46.39722442626953,47.352698189377335,46.10572243711837,47.23933879426239,1350178
2019-01-04,48.1948127746582,48.640161793091764,47.11787984454869,47.2636308397814,1403614
2019-01-07,48.202911376953125,48.48631734979065,47.773758135445966,48.11384380911794,1241854
2019-01-08,48.28387451171875,48.89926628366943,48.024764152124774,48.61586409446777,1127365
2019-01-09,48.7049446105957,49.23126519561054,48.48631810269741,48.79401217981395,1287553
2019-01-10,49.19077682495117,49.20697262562718,48.25149507239538,48.54299707856772,1015051
2019-01-11,48.964054107666016,49.10980511021792,48.40534193121705,48.63206820251955,1086743
2019-01-14,48.65635681152344,48.98024666206174,48.332463226652756,48.38104689095012,1436861
2019-01-15,48.551090240478516,49.05311895408634,48.18671648864441,48.86688406182284,996433
2019-01-16,48.324371337890625,49.085514232373654,48.0247732938103,48.462026309981276,1719276
2019-01-17,49.00453567504883,49.39320499668623,48.03286983962023,48.08954953758154,1440609
2019-01-18,50.61588668823242,50.88309683504865,49.56324563442974,49.82235601451485,2220153
2019-01-22,50.0004997253418,50.50253220382092,49.60373808426849,50.04908339311937,1507465
2019-01-23,49.960018157958984,50.769741012951556,49.69280797270499,50.275808278926334,1539744
2019-01-24,50.34867858886719,50.4701340081094,49.71709099028045,50.04098082170139,1038022
2019-01-25,51.636138916015625,51.692822344748095,50.680665206130456,50.721149101702544,1419331
2019-01-28,51.10172653198242,51.44990822767668,50.67256956987924,51.08553073183413,1251284
2019-01-29,50.964073181152344,51.55517322613502,50.915489513500816,51.474201691493356,1738741
2019-01-30,51.76569747924805,52.02481160573425,50.802127674281216,51.441807621889645,1637913
2019-01-31,52.470157623291016,52.49444945456088,51.579459632950936,51.77379428310983,2136129
2019-02-01,52.947898864746094,53.17462139725408,52.30011913348539,52.47016196644952,1299522
2019-02-04,53.87098693847656,53.87098693847656,52.640203159511685,52.6887905623386,1428035
2019-02-05,54.03292465209961,54.46208159268302,53.38514495930586,53.79810610055311,1869068
2019-02-06,55.07746887207031,55.198928029464,52.96409073641707,54.04911965191351,4003988
2019-02-07,52.81834030151367,54.753579604730774,52.25153213917579,54.567344717662046,4237682
2019-02-08,53.22320556640625,53.35276076701528,51.91145029119992,52.437770861027765,2074834
2019-02-11,53.22320556640625,53.55519146815425,52.672593163068434,53.27178923342621,1682886
2019-02-12,54.761680603027344,55.0288870237727,53.514704858441014,53.65235608513826,2150274
2019-02-13,55.40946578979492,55.87100691444337,54.696906550531324,54.93982489736354,2310463
2019-02-14,55.11048889160156,55.47578296058252,54.664019610755744,55.167311165534365,1322613
2019-02-15,55.784244537353516,56.06024322064133,55.256600105883436,55.53259878917125,1179713
2019-02-19,57.8380012512207,57.87047432788333,55.58942226303018,55.58942226303018,2499425
2019-02-20,59.90799331665039,59.96481932896989,57.902943683998465,58.17082597608103,5425978
2019-02-21,59.87553024291992,60.33823232479732,59.53458910826473,59.648237401058495,2848817
2019-02-22,60.435638427734375,60.4681115047689,59.77811290180846,60.31387749189499,1891071
2019-02-25,60.744110107421875,61.06881467120701,60.183992582250234,60.69540423566782,2469200
2019-02-26,60.71164321899414,61.07693729438531,60.48435037554833,60.80905497243178,1857582
2019-02-27,60.71164321899414,60.86588099108782,60.21647179732092,60.47623397733723,1315843
2019-02-28,59.89176559448242,60.78470040417392,59.87552905476948,60.67105585736137,2465573
2019-03-01,60.078468322753906,60.58988000921146,59.56706038002232,60.492468259410025,1515323
2019-03-04,59.77811813354492,60.71164243361122,59.30729591259569,60.69540963739901,1413770
2019-03-05,59.25858688354492,59.948585510180884,59.193648214699145,59.948585510180884,1060146
2019-03-06,58.6497688293457,59.291061600206575,58.609179352401,59.153060373575364,980475
2019-03-07,58.5361213684082,58.812120081849976,57.95165460574504,58.48741549287577,1945475
2019-03-08,58.36565399169922,58.44682920223788,57.5457742571986,57.8298893659469,1428277
2019-03-11,59.29106521606445,59.42906270738546,58.040948933424716,58.260125383585816,1490539
2019-03-12,59.30729293823242,59.92423275650731,59.22611773006427,59.43717402004664,1220818
2019-03-13,59.477760314941406,59.997288358138206,59.177408691429676,59.664463658115274,1353563
2019-03-14,59.323524475097656,59.63199248636162,59.136817393955894,59.364113947622094,966088
2019-03-15,59.91611862182617,60.35446775747124,59.29917878024962,59.32353171799245,2497974
2019-03-18,60.346351623535156,60.581760860262044,59.81058699084827,59.84306007046483,1529952
2019-03-19,59.867408752441406,61.01199300627081,59.76999700796863,60.711637631662555,1485341
2019-03-20,59.84305953979492,60.48434857250776,59.128707950455734,59.778117124863726,972495
2019-03-21,60.614234924316406,60.98764541922617,59.54271306281151,59.55894586015998,1024723
2019-03-22,59.31541442871094,60.38693618584304,59.09623799231875,60.17587989106047,1052529
2019-03-25,59.40470504760742,59.802468436899446,58.81211816254364,59.25858742577861,1202925
2019-03-26,59.859291076660156,60.21646873567992,59.17741258099211,59.802468804619295,784501
2019-03-27,59.60764694213867,60.330114934061356,59.453412917383744,59.86741285979657,989784
2019-03-28,60.83340072631836,60.8902267382632,59.75375891152582,59.75375891152582,1268330
2019-03-29,61.03634262084961,61.53963788534884,60.74411112913568,61.27987198371604,1176932
2019-04-01,62.586814880371094,62.65986995073271,61.49905281088301,61.539642288840405,1224687
2019-04-02,62.17280960083008,62.58680951181495,61.71822395909522,62.58680951181495,781116
2019-04-03,61.921165466308594,62.611160344393056,61.73445837129957,62.44069353207069,703621
2019-04-04,61.81563949584961,62.12410754087028,61.515287848731816,61.87246176862163,1105724
2019-04-05,62.27022171020508,62.554336802026086,61.89681127150349,62.11598769625294,833585
2019-04-08,62.26210403442383,62.43257459375687,61.937399455031425,62.04293134472154,1124221
2019-04-09,61.34481430053711,61.86434235927643,61.19058028553461,61.84810582053509,1193374
2019-04-10,61.29610824584961,61.547754005100636,60.79281672734756,61.48281159405408,1387051
2019-04-11,62.00233840942383,62.13221948518982,61.255517544112244,61.32857635117919,965604
2019-04-12,62.50563049316406,62.7735127882085,62.245868339241156,62.383865813598405,902617
2019-04-15,62.03480911254883,62.716691326900474,61.91304817514039,62.408223297177635,897902
2019-04-16,62.594932556152344,62.83034179942264,62.221522079990876,62.26210781505065,962340
2019-04-17,62.31892013549805,62.927739721102476,62.1159802736299,62.91150692813723,1107658
2019-04-18,62.448814392089844,62.89527993629422,62.04293458259889,62.424461453771336,987970
2019-04-22,63.8693962097168,64.00739743870936,61.75881450327136,62.310811931789544,1334098
2019-04-23,65.20880889892578,65.41986521341084,63.99928580250473,64.03175139707005,1824094
2019-04-24,64.47821807861328,65.87444823662722,64.45386888368277,65.23315543324375,1427189
2019-04-25,63.61773681640625,64.33208451512864,63.47973561695179,64.16161773047345,1301698
2019-04-26,64.11292266845703,64.21033441537432,63.18751107274278,63.479746313494644,949162
2019-04-29,63.690799713134766,64.25092097622341,63.68268331583517,64.16974202832469,704467
2019-04-30,63.2686882019043,64.12103721915327,63.04950803392789,63.94244652579854,1396239
2019-05-01,62.98456954956055,63.80445297944977,62.97645315210299,63.52033414372611,1362872
2019-05-02,62.294578552246094,62.822223037983875,61.75069752685948,62.25398907498703,1391041
2019-05-03,62.513755798339844,63.21187085636807,62.465049922490145,62.943984795468715,1650365
2019-05-06,62.513755798339844,62.52187219640611,61.190584496057916,61.442230273372644,1036087
2019-05-07,63.50409698486328,64.23467753015991,61.320456770971155,62.042924663093494,2296680
2019-05-08,64.15350341796875,65.29808754483257,63.50409435600456,63.780089276427724,2230308
2019-05-09,63.82880783081055,64.31586659596131,63.057637692198675,63.723279679603245,1180680
2019-05-10,63.8531608581543,64.19409448679427,62.52998586980211,63.52033613977516,910113
2019-05-13,61.539642333984375,63.203754775567546,61.279876413573376,62.65175359859145,1864353
2019-05-14,62.091636657714844,62.70857273237721,61.555872047509666,61.555872047509666,1144653
2019-05-15,62.35140609741211,62.66799431311359,61.29611703670893,61.547762832050054,799371
2019-05-16,62.911521911621094,63.31740173202479,62.546227827022044,62.611166501799964,827540
2019-05-17,62.13222122192383,63.033276123876874,62.12410482437586,62.22151656985466,672792
2019-05-20,61.75069808959961,62.27834258014587,61.66140273630632,61.89681571659261,994982
2019-05-21,62.89527130126953,62.91962797997016,62.124101266602736,62.180923533635955,659251
2019-05-22,62.327049255371094,62.72481266382384,62.148462290219555,62.448813946093985,638215
2019-05-23,61.044456481933594,61.65327608273944,60.64669314474831,61.65327608273944,1039835
2019-05-24,61.57210922241211,61.718226844885926,61.068817685264015,61.4990504111752,867920
2019-05-28,60.64670181274414,61.839991994852284,60.64670181274414,61.839991994852284,1601643
2019-05-29,59.96481704711914,60.7441072143428,59.3235243474757,60.25704851999954,1239678
2019-05-30,61.03634262084961,61.27175558619576,60.05411251558938,60.07846545187603,1155413
2019-05-31,61.11751937866211,61.11751937866211,59.851170480906546,60.24081744751615,1285377
2019-06-03,62.38386917114258,62.44881158498142,61.28799448352241,61.32858021641149,1392371
2019-06-04,64.06421661376953,64.38080104662929,62.83845338310311,62.86281006348939,1143807
2019-06-05,64.97338104248047,65.08702557237528,64.03985315061367,64.18597075510023,1134256
2019-06-06,64.64057159423828,64.98962915041184,64.25904844327357,64.94092327077244,696850
2019-06-07,64.45386505126953,65.32244690550131,64.3239802236728,64.90033431885271,865985
2019-06-10,65.0545654296875,65.74456403848973,64.8435091458049,64.91656421043675,948195
2019-06-11,63.61773681640625,65.63090259686959,63.34173441749733,65.4685522085146,1208003
2019-06-12,63.18750762939453,63.73950500269465,62.903396289244604,63.33362524180791,1094239
2019-06-13,63.58527755737305,63.99115736016136,63.309282585955906,63.75575186651348,630357
2019-06-14,63.56093215942383,63.86940022897035,63.244340203876575,63.45540400339225,798887
2019-06-17,63.479740142822266,63.97491522694207,63.41480148034047,63.82068122389094,507526
2019-06-18,64.82727813720703,64.92468989561897,63.7232832001735,64.00740207678375,905760
2019-06-19,65.45233917236328,65.54975093226962,64.72986737181589,64.9409236891287,1047693
2019-06-20,66.48326873779297,66.954094719819,65.92315488585726,66.23973934837474,1280783
2019-06-21,66.81609344482422,66.87291572107927,65.95562792769333,66.54009097449696,2804690
2019-06-24,66.54821014404297,67.2463251813333,66.45891479306242,66.80797231170759,1045759
2019-06-25,66.82420349121094,67.05150006207772,65.95562165824322,66.72679174476113,1055068
2019-06-26,67.22196197509766,67.51419719314723,66.9378431540854,67.37619598115974,1512905
2019-06-27,68.19609069824219,68.2853785679373,67.37620717459572,67.52232480789552,1975094
2019-06-28,68.50454711914062,68.61007525512483,67.84702162476539,68.3827787016927,1565495
2019-07-01,68.8373794555664,69.11338193916887,68.22044329803536,69.09714914158735,1315964
2019-07-02,68.49644470214844,68.94291401567894,68.03373510383959,68.85361865548231,1099800
2019-07-03,68.82926177978516,68.88608405771903,67.97691263587186,68.59384878195688,604727
2019-07-05,68.76432037353516,68.78867705594145,67.83079230537227,68.39903003705939,802272
2019-07-08,67.82267761230469,68.52079270953683,67.79021201821645,68.52079270953683,1188659
2019-07-09,68.18795013427734,68.31783493903714,67.00278404844036,67.36807429861713,886659
2019-07-10,68.04183959960938,68.57760417961256,67.8713727951522,68.50454911697416,564468
2019-07-11,68.22856140136719,68.2691508837878,67.50609706660153,68.22044500237365,819682
2019-07-12,69.1701889038086,69.39748545689005,68.43960086260152,68.43960086260152,1246569
2019-07-15,68.82926177978516,69.34879365473542,68.6750277432639,69.28384749070874,1571540
2019-07-16,69.60853576660156,69.67347442444097,68.83735831902537,68.95912672585604,853896
2019-07-17,68.7886734008789,69.68972085298836,68.68313776599568,69.60854938666915,848455
2019-07-18,68.1392593383789,68.64255090102598,67.69279753800521,68.64255090102598,853170
2019-07-19,68.11491394042969,68.82926184578709,68.10679754178173,68.39091641917615,959439
2019-07-22,68.29350280761719,68.72373182390758,68.10679569396913,68.10679569396913,530738
2019-07-23,68.94290924072266,68.94290924072266,68.00938119755052,68.65067398438431,634467
2019-07-24,69.52737426757812,69.53549066591249,68.24479614443838,68.69126543990006,730701
2019-07-25,68.73162078857422,69.62635289678828,68.66655168147415,69.62635289678828,726228
2019-07-26,69.10579681396484,69.22780234838453,68.78043621802473,68.82924743478371,660581
2019-07-29,68.4713363647461,69.17085364413269,68.35746355251793,69.13832284206251,814241
2019-07-30,68.5201416015625,68.69909102691253,67.84502991113307,67.99957373189382,985431
2019-07-31,67.11297607421875,68.91057306568453,66.74695201569354,68.48761259827687,1464667
2019-08-01,65.53499603271484,67.3813966339023,65.42925592148941,67.3813966339023,1521851
2019-08-02,64.80294036865234,65.61633045548717,64.26609961024522,65.274704518319,1305325
2019-08-05,65.88475799560547,67.89383521525707,63.08668874969637,66.04743452089302,2959317
2019-08-06,68.46320343017578,68.64215285091505,66.2914497922913,66.79575224756772,1975578
2019-08-07,68.02397918701172,68.23546694051099,65.51873197625626,67.76369522404211,1841020
2019-08-08,69.56941223144531,69.90290545208899,68.27611785424348,68.27611785424348,1667653
2019-08-09,69.87036895751953,70.30146959524058,68.6340184538505,69.82969795358494,1049870
2019-08-12,67.47085571289062,69.56127458909063,67.26750821541899,69.44740179110417,1019162
2019-08-13,68.23545837402344,69.0488484696226,66.86082191006923,67.3244533642618,998005
2019-08-14,65.69769287109375,67.02351852424118,65.478079880233,66.56801963403453,965000
2019-08-15,66.43787384033203,66.8364362618372,65.8034255462543,65.88476757196696,1094360
2019-08-16,67.90196990966797,68.0565137386021,66.89336491978541,66.94216862905367,1000906
2019-08-19,68.31680297851562,69.04885867423893,68.30867027675632,69.03259327072033,1241370
2019-08-20,67.97517395019531,68.21919250453419,66.82829799854065,68.19479440034634,1293961
2019-08-21,69.97611999511719,70.05746201569036,68.69909828806846,68.84550942360485,1170767
2019-08-22,70.39908599853516,71.14740705807469,69.95985260440482,70.35841498940405,927522
2019-08-23,69.14645385742188,70.76510130068604,68.86176433129833,69.89477482416778,1192770
2019-08-26,69.6344985961914,69.91104795006358,68.87804484553708,69.8378461366095,882065
2019-08-27,69.15460968017578,70.26895505132066,68.77231261741366,70.04120935626597,914344
2019-08-28,69.5450210571289,69.67515927632273,68.35746666765851,69.0895222849673,753793
2019-08-29,71.4076919555664,71.7899889429561,69.95172082640043,70.30961220699253,1213080
2019-08-30,72.27802276611328,72.35936479019232,71.56223996319095,71.98520798491235,936347
2019-09-03,72.62776184082031,72.63590204302267,71.26939842169793,71.62728972645282,1096415
2019-09-04,73.9129409790039,74.18949784969973,73.08328537190101,73.21342360311716,1308106
2019-09-05,74.3115005493164,75.03542350504513,74.01867828649301,74.4172406715873,1300247
2019-09-06,75.09235382080078,75.40144146119177,74.36843092384056,74.36843092384056,1038989
2019-09-09,74.92967224121094,76.40191618515595,74.81579942314069,75.5478550446458,1880190
2019-09-10,73.1808853149414,74.97848246750014,72.66031738494374,74.77513491648615,2018859
2019-09-11,73.04261016845703,73.70145649583536,72.44070025177908,73.2052866993855,1705131
2019-09-12,73.5143814086914,73.82346909784356,73.10768629112357,73.20529371953926,1278728
2019-09-13,74.18949127197266,74.68566105291242,73.83159241162926,73.96987083471724,1255636
2019-09-16,75.37702941894531,75.63732083308827,73.8966604512724,74.14881166294964,1661971
2019-09-17,76.09281921386719,76.37750122417134,74.8157902587503,75.03541066954575,1326119
2019-09-18,75.78373718261719,76.54019844735824,75.3038402809712,75.77560448127451,1195430
2019-09-19,75.02728271484375,76.19857175698307,74.57178392150911,75.75120566491462,1227709
2019-09-20,74.6612548828125,75.63732903547066,74.42536904550485,75.2387666735505,5248743
2019-09-23,74.25456237792969,74.66125745471642,73.42489931959032,74.22202407088969,1242338
2019-09-24,73.54690551757812,74.69378882876065,73.07513387050074,74.29522649010508,1021217
2019-09-25,74.2383041381836,74.46604980196103,72.88807305188466,72.92060385957141,708215
2019-09-26,74.00241088867188,74.58805539852924,73.53064670183686,74.10815100809194,543553
2019-09-27,73.76652526855469,74.41723889176862,73.56317773020608,74.13254933708383,626609
2019-09-30,74.42537689208984,74.75073747810882,73.76653052082993,73.76653052082993,805658
2019-10-01,72.81486511230469,75.14117052323189,72.65218856330418,74.84834823353538,843861
2019-10-02,71.48902130126953,72.39188604537037,70.72442746203798,72.18039833308822,1616151
2019-10-03,71.58663177490234,71.70863728501487,70.14692624212249,71.03352562424273,587922
2019-10-04,73.05888366699219,73.1076873819282,71.54597600646827,71.63545073426641,644381
2019-10-07,72.31056213378906,73.26223081846476,72.31056213378906,72.69285914906207,570634
2019-10-08,71.85505676269531,72.7253833429479,70.71630602496437,71.65984192179904,1273771
2019-10-09,72.4406967163086,72.72537875591651,71.93639424329858,72.61150594007334,672308
2019-10-10,72.91246032714844,73.7339831390897,72.0665319105748,72.52203067296192,992202
2019-10-11,74.71006774902344,75.30384501426535,73.62825334762482,73.74213368105637,1068609
2019-10-14,74.3033676147461,75.01101766310197,73.9942799502334,74.40910773668506,525177
2019-10-15,75.31196594238281,75.65359188428515,74.31149372091451,74.6775177645642,701203
2019-10-16,74.67752075195312,74.99474860479842,74.38470600681444,74.7181917589837,960043
2019-10-17,75.85694885253906,76.10910011444304,74.88901481539001,75.06795675795516,903221
2019-10-18,75.56412506103516,75.76747260678925,75.09236085558344,75.62106147354726,784380
2019-10-21,75.73493194580078,76.81674625739939,75.69426843990689,76.25550734865314,969836
2019-10-22,76.06842803955078,76.49139603899863,75.66986564703845,75.84068238811066,670253
2019-10-23,75.56412506103516,76.45885726335001,75.27943549598258,76.05216217184183,805053
2019-10-24,75.9464111328125,76.29616976153936,75.66172160867708,75.83253082166372,552862
2019-10-25,76.40191650390625,76.48325851857672,75.81627200425883,75.81627200425883,489754
2019-10-28,76.7923583984375,77.06077508560496,76.45886508817445,76.72728177534192,560237
2019-10-29,76.69474029541016,77.30478291022649,76.28804521886593,76.29617791999813,752463
2019-10-30,77.14210510253906,77.24784522049002,76.44258778186983,76.84928285167868,565193
2019-10-31,76.11722564697266,77.27224172198937,75.68613248310584,76.88995226558781,891494
2019-11-01,78.14259338378906,78.3459409603524,76.59714730041179,76.66221642421395,1262044
2019-11-04,78.89089965820312,79.35453114485576,78.48420458192975,78.57367179681611,904551
2019-11-05,79.16744995117188,79.50907592000503,78.80955857989159,79.19185555733448,839992
2019-11-06,78.85023498535156,79.21625908290768,78.34593245005472,79.18372077329445,1006709
2019-11-07,77.84976196289062,79.77749736332515,77.6464144101232,79.40334056713034,1084688
2019-11-08,76.94689178466797,77.9229584709417,76.80048065635313,77.47559238483944,1869189
2019-11-11,77.3698501586914,77.71960881639619,76.11722665220162,76.40191619992392,1200265
2019-11-12,77.44306182861328,77.88228771247479,77.23157408537448,77.28851799864499,929335
2019-11-13,75.82440185546875,77.06889261920115,75.64545993340734,77.06889261920115,1304720
2019-11-14,76.86556243896484,77.05264460639967,75.71867882935386,75.8081535618221,1071510
2019-11-15,76.72727966308594,77.22344951244295,76.64594514019484,77.15838039363155,1100767
2019-11-18,76.21484375,76.60527346447452,75.49092823982232,76.60527346447452,1627395
2019-11-19,76.8736801147461,77.41052090212459,76.21483380875468,76.44258694665487,1273650
2019-11-20,76.67033386230469,77.07702893446097,76.17416407367601,76.61339745250181,1012271
2019-11-21,75.88134002685547,76.97941969670921,75.66985979473348,76.81674317219166,944931
2019-11-22,75.95455169677734,76.58899991532512,75.64546403985389,76.25550665259624,1256483
2019-11-25,73.81533813476562,77.80909508695235,73.54692145154566,77.48374198623074,3565011
2019-11-26,74.4009780883789,74.6449966499789,72.57084262762505,73.92107366681685,2525780
2019-11-27,75.2631607055664,76.00334898088435,74.54737803399074,74.62871254065229,1574321
2019-11-29,74.9052734375,75.50718333094144,74.5229764772093,75.27129749358176,1199419
2019-12-02,72.6847152709961,75.64546100113114,72.63591156383751,75.19809493592602,1758205
2019-12-03,72.09093475341797,72.27800937013936,70.91964583573026,71.63543600848091,1467569
2019-12-04,70.18760681152344,72.32682239763481,70.15506850322991,72.1316075528579,1979567
2019-12-05,69.65888214111328,70.55361413295033,69.4555346431949,70.55361413295033,1423079
2019-12-06,69.15460968017578,70.34216438365509,68.7072434906114,70.04934205930455,2341412
2019-12-09,69.82157135009766,69.82970405109651,68.81296637640557,68.96751020285892,1169074
2019-12-10,70.870849609375,70.94405892570137,69.19526556752405,69.85411190200166,1166293
2019-12-11,71.6517105102539,71.84692535466408,70.97659125625337,71.17180610066355,2093815
2019-12-12,73.2215576171875,73.31916504359529,71.63544819179968,71.7899920331966,2393881
2019-12-13,73.22968292236328,73.81532742165659,72.60337491825099,73.22155022139948,2119324
2019-12-16,72.61151123046875,73.51437612720309,72.25361985282072,73.34356689099337,1986217
2019-12-17,72.74978637695312,73.35982898193755,72.63591355795404,73.34356357993532,912772
2019-12-18,71.87944793701172,72.69284552982778,71.45648749084,72.53016901226107,946140
2019-12-19,72.0177230834961,72.0177230834961,71.28567503643485,71.65169905996548,805899
2019-12-20,73.23780822753906,73.45742111885383,72.1722595632226,72.6196255476517,1693283
2019-12-23,73.53064727783203,73.9048040492884,73.03447748128703,73.30289413249504,1046243
2019-12-24,72.85552978515625,73.69332556846598,72.81485877582222,73.54691443635869,256423
2019-12-26,73.27848815917969,73.28662836280495,72.81485667214727,72.98567340591677,396542
2019-12-27,72.83111572265625,73.57130399862312,72.70911021131138,73.39236208181791,446956
2019-12-30,72.89619445800781,73.20528209809184,72.53017041080214,72.66030862636836,700598
2019-12-31,73.06700897216797,73.54691337087142,72.42442804097715,72.96126885092659,650184
2020-01-02,73.4249038696289,73.56318230500302,72.115343840626,73.12394889395762,1433838
2020-01-03,73.92919158935547,73.98613549442211,72.46508801493502,72.49762631747441,711962
2020-01-06,73.79093933105469,74.09189432250008,73.43304792264567,73.7584010202929,696246
2020-01-07,74.05122375488281,74.21390030468447,72.74166364936792,73.38424464895111,748473
2020-01-08,72.78231811523438,74.54738434483615,72.78231811523438,73.94547443312636,1124463
2020-01-09,73.92919158935547,73.96172989189486,72.81484663289312,72.81484663289312,797074
2020-01-10,73.71772003173828,74.46604105805284,73.44117068641098,73.93734047029844,901529
2020-01-13,74.1325454711914,74.34403320213835,73.49810478582486,73.97800165020534,735658
2020-01-14,75.30384826660156,75.71867609900472,73.89668071531858,74.10002828041762,702653
2020-01-15,75.45838928222656,75.90575540914269,75.02728855910983,75.08423247739277,827661
2020-01-16,76.02775573730469,76.7842094995731,75.59666254619573,76.39378731767057,690080
2020-01-17,76.4588623046875,76.94689944767303,76.09283819869464,76.4588623046875,974551
2020-01-21,77.10143280029297,77.26410932498634,75.93828401987345,76.45885189988886,983860
2020-01-22,77.15023803710938,77.17463614017576,75.7186650849551,77.04449791883829,1095569
2020-01-23,78.13442993164062,78.35405035068173,76.3287003878122,76.81673742735799,1240282
2020-01-24,78.89903259277344,79.6554863371791,78.14257884836778,78.14257884836778,1469745
2020-01-27,77.49999237060547,78.47605898609612,76.92248060038428,77.6870744936339,917004
2020-01-28,77.14210510253906,78.06123536010773,77.0526303865831,77.49999646387118,1299038
2020-01-29,77.09329223632812,77.62199276327983,76.9143428256732,77.45118355514717,981321
2020-01-30,76.857421875,77.00383301247403,75.9708223484893,76.16603719845469,877229
2020-01-31,75.2631607055664,76.72726435287706,75.08421878891807,76.39377862083151,1433355
2020-02-03,75.67799377441406,76.71913705340478,75.16555858715412,75.40957712929973,1737169
2020-02-04,77.64640045166016,77.71146955615042,74.26268697831014,76.71913007584156,2355678
2020-02-05,78.69568634033203,78.75262275181039,77.57320100585663,78.49233879826993,1241008
2020-02-06,78.1019058227539,78.82582124136567,77.76841256674072,78.7038157222708,1059179
2020-02-07,77.90669250488281,78.4679314081159,77.32104799586128,77.90669250488281,825001
2020-02-10,78.91529846191406,79.14305160794407,77.60573850409412,77.60573850409412,876987
2020-02-11,79.49281311035156,79.84257179181625,79.03731430454779,79.19999084180083,969231
2020-02-12,80.7372817993164,80.89996580944413,79.62293684339177,79.8181516535524,1102218
2020-02-13,80.712890625,81.05451657209491,79.58227266955352,80.5583468041104,1265308
2020-02-14,81.87604522705078,81.88417792833731,80.55835255384207,80.93250933046615,1020854
2020-02-18,81.79470825195312,82.6894329089284,81.14399463620364,81.33920196868593,1278365
2020-02-19,82.5267562866211,82.72197112137277,81.92484638030065,82.19327052933008,761288
2020-02-20,82.99039459228516,83.4133550624633,82.25833896794799,82.96598898689476,1080577
2020-02-21,84.47889709472656,84.59277741660976,82.48608524291717,82.64063657243781,1399504
2020-02-24,82.9253158569336,84.00713011256983,82.15259674754448,82.51048809834005,1344616
2020-02-25,80.28992462158203,83.16933588617078,80.25739381796535,82.84398283505442,1573112
2020-02-26,81.20092010498047,82.48607425874216,80.2411189640096,80.84302878991427,1896632
2020-02-27,75.90575408935547,80.20046583208025,75.90575408935547,80.17606022431298,1918756
2020-02-28,75.10861206054688,75.25502316611255,72.1071956501865,73.92919051612736,2500634
2020-03-02,78.80955505371094,78.9478334758003,73.38423331121146,75.2957031079171,1575651
2020-03-03,79.3870620727539,82.89278894076263,78.00430031177358,78.81769046558458,2386265
2020-03-04,82.38848114013672,82.4779558600404,79.90763960434694,79.90763960434694,1539019
2020-03-05,79.1104965209961,81.63200848244179,78.34591023308842,80.71287839705778,1418001
2020-03-06,76.51580047607422,77.17464688297103,74.35217909586595,76.86555918615453,1646134
2020-03-09,72.34308624267578,73.74212078669842,67.38952893308274,71.326341136386,2217614
2020-03-10,75.05982208251953,75.18996781209269,71.96079770182763,74.05934976280786,1749984
2020-03-11,71.57850646972656,73.44931303242505,69.85411855362302,73.27036357769136,2239375
2020-03-12,64.3555679321289,69.63448527705533,62.99720452125537,62.99720452125537,1959740
2020-03-13,70.56989288330078,70.57802558435772,65.6407407986091,67.07230625439796,2365592
2020-03-16,64.15222930908203,66.46226144748387,61.53310952578709,64.29864043074059,2280359
2020-03-17,65.55127716064453,66.23452919978583,62.09436095527399,64.81922140442171,2760320
2020-03-18,64.60773468017578,65.84409288862676,52.97623078627017,61.850336194134535,2132986
2020-03-19,60.75225067138672,63.436447086341836,59.1824030789047,61.89913404850452,2037961
2020-03-20,53.39918899536133,61.346031032207776,53.269047018814135,60.76039026212241,2668559
2020-03-23,51.251834869384766,52.821678726322965,48.22601247103507,52.715938609235714,2327751
2020-03-24,56.522613525390625,57.74270249101381,53.35852016754506,53.56186770327461,1771504
2020-03-25,59.58096694946289,62.42783996098917,55.668552547312586,56.45754083833803,1692921
2020-03-26,64.92495727539062,65.4292597596602,59.808719367850046,60.345556407194664,939491
2020-03-27,60.906803131103516,63.88382221371575,60.20728572395893,63.41205047262236,994136
2020-03-30,63.43644714355469,64.8354817607337,59.18240313228087,61.08574397875934,1180438
2020-03-31,64.47758483886719,66.95842600817366,61.56563928768609,63.32256135708611,1614700
2020-04-01,64.43692779541016,64.68094636537735,61.03694822468823,61.4924470544628,1509883
2020-04-02,66.03116607666016,67.06416909200655,63.36323517291204,63.54218459422721,1353079
2020-04-03,64.23356628417969,66.04742850733919,62.38716200668316,65.29910755616038,1213685
2020-04-06,67.8531723022461,69.03259413187553,66.28332826585293,66.36466278695298,1273892
2020-04-07,66.60054779052734,70.65124096659655,66.52734597223642,69.8541161546898,942029
2020-04-08,65.83595275878906,68.32492679560852,65.29097928436524,67.5766057936749,1405065
2020-04-09,66.13690948486328,68.21105582194654,64.78667856465678,66.59240825887964,2151120
2020-04-13,64.93309020996094,65.81154945886868,64.3230401035766,65.55126551484015,985673
2020-04-14,66.54360961914062,67.25939238961354,65.44552985631694,66.16944532833055,896935
2020-04-15,65.08763885498047,65.52687226319907,63.91634976639753,64.84362029485902,735537
2020-04-16,64.29863739013672,65.38858429899986,63.35510159600853,64.66466142572853,1167502
2020-04-17,68.48761749267578,69.08952743315025,65.93356659640634,66.06370482529738,1229885
2020-04-20,65.64073944091797,68.27612465842519,65.16896776445644,68.08091732962119,1815268
2020-04-21,63.615394592285156,65.09577135152824,63.44458535198429,64.85175279217542,770960
2020-04-22,64.67280578613281,65.45366520550206,64.33931999452095,64.82735713162673,567491
2020-04-23,64.86802673339844,66.34027098485905,64.8110903124707,65.52688068161723,779907
2020-04-24,65.07135772705078,65.41298366805377,63.97328559899239,64.67279537962918,848092
2020-04-27,64.90055847167969,66.36466236969265,64.72974922620027,65.88476544049291,1274859
2020-04-28,67.9182357788086,68.72349323602424,65.89289308399154,66.58427771962909,1062322
2020-04-29,67.29192352294922,69.89477786802784,67.18618340921068,69.22779137791976,1160369
2020-04-30,67.30818939208984,67.95890298288198,65.99862950977554,66.9828363479395,952789
2020-05-01,65.705810546875,66.55987170849653,64.66466724916243,66.31585316196298,978540
2020-05-04,65.9091567993164,66.0148969170026,63.50151719048202,64.84361541898565,1108988
2020-05-05,66.32398223876953,67.34886007820516,66.12877491470178,66.25078043005554,818352
2020-05-06,63.72927474975586,67.99144806914093,63.06228818849303,66.47854050772618,1414253
2020-05-07,63.89195251464844,65.19337985100992,62.43597758731594,64.24171120507674,1624372
2020-05-08,65.0469741821289,65.55127675468378,64.26611471366046,64.37185484960006,909750
2020-05-11,63.90821075439453,64.8029428856616,63.48525029360941,64.28237501046583,1474702
2020-05-12,60.727848052978516,64.47758953560448,60.69531349874345,64.12783088602893,1156259
2020-05-13,58.62116241455078,60.711581574162516,57.840306868045346,60.475695744218314,1221906
2020-05-14,58.23887634277344,58.49102760477319,56.26233350601168,57.60442808572894,1173064
2020-05-15,58.65370178222656,58.865185776473645,57.06758870598032,57.458014635654514,927038
2020-05-18,62.9321403503418,63.29003545353242,60.67904462100358,60.96373416339924,1504321
2020-05-19,60.568992614746094,63.03154384758115,60.544530085663006,62.81953776924326,882427
2020-05-20,62.30582046508789,62.574908266891214,60.9603889772173,61.3762481830676,947591
2020-05-21,62.762451171875,63.096773630335775,61.97150114014703,62.37105449740042,799492
2020-05-22,62.868465423583984,63.09678111759672,62.17536165779908,62.23243964115891,931632
2020-05-26,65.73055267333984,66.21165025154718,64.14049983110505,64.47481473826379,1013238
2020-05-27,68.67420959472656,68.79651847425284,66.75798700784028,67.05153734407878,1318261
2020-05-28,68.73128509521484,69.43254169945278,68.08710646744102,69.40808293288785,964274
2020-05-29,68.5111312866211,68.83729332566625,67.27985191453133,67.80172170660869,1566946
2020-06-01,69.38362121582031,69.96256898307986,67.85879903178026,68.48666433539213,879405
2020-06-02,69.60379028320312,70.02780244961693,69.00038372567784,69.83210221245773,881823
2020-06-03,71.60154724121094,71.76463578056321,70.31319741989442,70.56597563051473,834794
2020-06-04,71.42215728759766,71.42215728759766,70.61489763308475,71.0144509991484,812428
2020-06-05,72.62081909179688,74.59411968016899,72.36804088617423,73.38730663124197,925950
2020-06-08,72.98774719238281,73.65638456306309,72.3843407180469,72.69419687711469,1069576
2020-06-09,72.23756408691406,72.78389257566147,71.60153841680676,71.78908570126009,780269
2020-06-10,69.2042236328125,72.38433683534423,69.1797573472797,72.38433683534423,994620
2020-06-11,65.33915710449219,67.5489374378941,64.89883914337227,67.1412236439212,1609018
2020-06-12,65.6327133178711,67.59786855976017,64.07527190655551,67.54078305783146,1295653
2020-06-15,67.18199157714844,67.3695388576955,63.98557249201146,65.15161326196709,1193616
2020-06-16,69.4080810546875,71.82170697211947,68.91067760320097,70.01964045601318,1425376
2020-06-17,69.65269470214844,70.41918205645587,69.26129434381461,69.73423142937168,1451973
2020-06-18,69.42438507080078,69.82393840586401,68.82913152908246,69.11452891731206,982651
2020-06-19,69.7831802368164,71.3324688353571,69.31839591359831,70.68013718971613,2793688
2020-06-22,69.84840393066406,70.27242359316621,68.16865368917831,69.38361965545174,913860
2020-06-23,69.5711669921875,70.99813902982976,69.55486114709554,70.72905498008103,958471
2020-06-24,67.58155059814453,69.05745515991609,67.23907521558968,68.71497977736125,1080940
2020-06-25,68.2012710571289,68.29912116728111,66.47258828482177,66.93737254747177,867678
2020-06-26,67.27169036865234,68.05449119585352,66.6601309829742,67.81801885911224,1616272
2020-06-29,69.17162322998047,69.29393212745812,67.27985913288524,68.2420470287906,800943
2020-06-30,69.14715576171875,69.48147827489724,68.79652740145984,68.943302588625,1092788
2020-07-01,68.41327667236328,70.10934022308862,68.21757645334529,69.66901473029812,1301940
2020-07-02,69.84840393066406,70.52520179770059,69.02483841557839,69.84025100812202,1106449
2020-07-06,69.23685455322266,71.1123128141382,68.69868637573667,70.48443991220809,766850
2020-07-07,68.1034164428711,69.39176611314056,67.9647942091324,69.39176611314056,798766
2020-07-08,66.5378189086914,68.7557522225646,65.95072577135811,67.67940101535251,1654475
2020-07-09,64.29544067382812,66.91292008531023,64.26282146032186,66.39105027494372,1152390
2020-07-10,64.0671157836914,64.8988417277586,63.798031738830964,64.24651016102911,1015051
2020-07-13,64.19758605957031,65.47778292371522,64.067116735827,65.16792674111436,823188
2020-07-14,64.45036315917969,65.23315652478949,63.2027780064855,63.504481261398325,1885026
2020-07-15,66.17903900146484,66.62751742656742,64.92330091540687,65.48593529711121,1842833
2020-07-16,67.36954498291016,68.01372361990242,66.15457905196257,66.48889399334315,931995
2020-07-17,68.1034164428711,68.36434754563798,67.56524087262683,67.9647942091324,659130
2020-07-20,67.66310119628906,67.94033818449537,67.20646981719004,67.38585668693607,562655
2020-07-21,68.46220397949219,68.89436904308664,68.00557262714257,68.00557262714257,580668
2020-07-22,68.81282043457031,69.11452364328346,67.96478877749215,67.96478877749215,454694
2020-07-23,69.17398071289062,69.90135008570749,68.52833391620297,68.78168822495002,613915
2020-07-24,68.60189056396484,69.37830409916263,68.42209485123811,69.32926753418475,682343
2020-07-27,68.82256317138672,69.01870944354161,67.76828072769854,68.34854050091617,618025
2020-07-28,68.41392517089844,69.05956449898548,68.17691384413793,68.78986715356037,685244
2020-07-29,70.87390899658203,70.88208050027335,68.58554120178482,68.90427507547166,925950
2020-07-30,69.77876281738281,70.37537305619875,69.17398107473996,69.97490906237915,686211
2020-07-31,69.75424194335938,70.0648043237424,68.27498111541378,69.68069086938984,1096415
2020-08-03,73.96321105957031,74.73962466804653,69.75425265525318,70.04030056766958,1560538
2020-08-04,75.48333740234375,75.59776109062214,73.66082035460089,74.25743069685694,1167623
2020-08-05,75.28718566894531,76.12080729431875,75.00931681934644,75.63861313698604,892703
2020-08-06,73.93869018554688,75.36891454805865,73.57091217598463,74.83769137158389,836728
2020-08-07,74.63336944580078,74.7232710761319,73.35025472137092,73.62812357896233,667110
2020-08-10,74.46990966796875,74.82950861688812,73.93868651784511,74.60067634861575,818956
2020-08-11,74.3554916381836,75.5405330847545,73.90599107892216,75.35256588011944,1126639
2020-08-12,73.95502471923828,75.55688064618121,73.66080536062174,75.49967258283145,1152874
2020-08-13,73.5218734741211,74.1348267545286,72.9334422448397,73.4564939015983,740131
2020-08-14,73.5545654296875,73.7915767400737,72.89257559971439,72.89257559971439,570997
2020-08-17,73.53004455566406,73.71801930616051,73.08054397829186,73.51370154719935,718249
2020-08-18,73.44015502929688,73.94686370603537,73.01516893824261,73.69350936766612,611860
2020-08-19,73.37476348876953,73.66898287137755,72.98247851691355,73.30121241226155,1029922
2020-08-20,72.76181030273438,72.99065011337017,72.56566404741456,72.63105115804653,623224
2020-08-21,72.59019470214844,72.98248725928411,72.09165750050335,72.6392312717904,914344
2020-08-24,73.03968048095703,73.48918102155069,72.52479283527843,72.83536273871331,567732
2020-08-25,72.31230926513672,73.55456636151652,72.17337107878551,73.55456636151652,766487
2020-08-26,72.27962493896484,72.62287335333701,71.36427321910782,71.87098941284619,642084
2020-08-27,72.80268096923828,73.3992912854029,72.00992438264755,72.71277933891155,532309
2020-08-28,73.11323547363281,73.15410053193133,72.28779295681157,73.05602740733,428096
2020-08-31,73.77522277832031,74.08578514953209,72.44307167594151,72.60652436527073,965604
2020-09-01,74.7314453125,75.05018678275248,73.24401275838116,73.53823217478856,786798
2020-09-02,76.09626770019531,76.09626770019531,74.29827325121096,74.96026297314232,732394
2020-09-03,74.37183380126953,76.35781075868124,73.76705205985468,76.29242365162345,1462975
2020-09-04,75.15642547607422,75.49150239187814,74.29011784410342,74.89489963940413,1134135
2020-09-08,74.06127166748047,74.64971040318736,73.57090605439139,74.42087060431656,1432992
2020-09-09,75.84294128417969,76.36599298435311,74.48626038913443,74.82951636537454,1102218
2020-09-10,74.46990966796875,75.86744794308896,73.87329940837765,75.61409362419433,1082391
2020-09-11,75.84294128417969,76.15350370230071,74.51078244229593,74.87038142845124,869975
2020-09-14,76.84819793701172,77.51018792916862,76.04726972622466,76.61118656855908,894880
2020-09-15,77.53468322753906,77.72265797448372,76.48857240151442,76.88086490355964,903463
2020-09-16,77.34671783447266,78.13947443851261,77.1178855394645,77.88612009001713,941546
2020-09-17,77.13422393798828,78.15581277595886,75.78572214889411,76.6683803324683,744242
2020-09-18,76.91356658935547,77.91881246297564,76.39050735190209,76.79915044359232,1978238
2020-09-21,72.97429656982422,75.70399348540249,72.45941643989768,75.59774885784863,1281871
2020-09-22,74.64154052734375,74.99296796800789,73.12957859762736,73.12957859762736,711600
2020-09-23,72.95795440673828,75.69582285793888,72.95795440673828,75.4424685420028,1040560
2020-09-24,73.57091522216797,74.20021909376536,72.0426176655993,72.84354575402035,657921
2020-09-25,73.8978271484375,74.45357239197057,72.73730009463935,72.83537322810334,667956
2020-09-28,75.57323455810547,76.33329757506036,74.66606184061524,74.83769359371739,558181
2020-09-29,75.99003601074219,76.77462102248194,75.40977629438297,75.50784942085043,614278
2020-09-30,75.81841278076172,77.55102798618644,75.40977726133679,76.17801173632412,927884
2020-10-01,74.73961639404297,77.0933563979829,74.33097333370573,75.98186596882012,794535
2020-10-02,77.0197982788086,78.18849666960757,73.71801331046765,74.06126922832512,1059300
2020-10-05,78.7605972290039,79.53700319006384,77.21594927266712,77.3303654062364,1000181
2020-10-06,77.86161041259766,79.92113888707982,77.57556248777564,79.25914139954436,1005500
2020-10-07,79.54517364501953,80.25620002584618,77.9841827011286,78.63800101592514,862479
2020-10-08,80.90185546875,80.91002697358508,79.2999992958404,79.72498539186161,816901
2020-10-09,81.17155456542969,81.38405138715456,80.06823554661753,80.65667436686101,822704
2020-10-12,82.36477661132812,82.91235037750556,80.92638063297147,81.45760385056153,1124100
2020-10-13,81.13887023925781,82.79793455461642,81.0816621646991,82.13594463716704,817626
2020-10-14,80.83648681640625,81.8499043186854,80.56678189066803,81.50664830120287,788128
2020-10-15,81.21241760253906,81.79268490329419,79.92113138582931,80.1090986112545,937798
2020-10-16,81.17971801757812,82.78156637900202,81.06529435453639,81.23692607995534,1453907
2020-10-19,79.87208557128906,82.53639535917583,79.33268339530795,81.86622650655794,684640
2020-10-20,80.06006622314453,81.13069925108687,79.9129565140751,80.77109271450229,673275
2020-10-21,79.81488037109375,80.91002023180228,79.34902925142535,79.94563951413669,593725
2020-10-22,80.52589416503906,80.87732155668131,79.65957917110289,79.73313777355351,470168
2020-10-23,81.08165740966797,81.50663596048929,80.37880246924158,81.19607355207549,364384
2020-10-26,78.89952850341797,80.32976033758085,77.90245423305836,79.92112482447372,715831
2020-10-27,78.16399383544922,79.22644776200751,77.72266473227587,79.22644776200751,547905
2020-10-28,76.16983032226562,77.50198133921322,76.06358570410076,76.37414805539608,815208
2020-10-29,77.42027282714844,78.35196005021308,75.5977559044346,75.77755162232799,674001
2020-10-30,77.64093017578125,77.80439041537358,76.22704885600928,77.24863766202067,757903
2020-11-02,81.00809478759766,81.14703297553429,78.86684405332385,79.09567632683068,993773
2020-11-03,83.31281280517578,83.86855806562305,81.68644208706911,82.12776366280023,1113945
2020-11-04,78.17216491699219,81.74364770869573,77.48565298243949,81.74364770869573,1709121
2020-11-05,79.89661407470703,81.37588268120857,79.14472251351845,79.14472251351845,1096173
2020-11-06,79.77401733398438,80.97540939401169,79.44710439151515,79.83939690716295,787886
2020-11-09,81.83354187011719,87.03956636084314,81.77632626555165,84.21180383322466,1146345
2020-11-10,83.0431137084961,84.61227632049929,81.89892965333787,82.14411248932096,1436135
2020-11-11,80.78743743896484,84.68582560253172,80.69753581130007,84.29354061158361,1266396
2020-11-12,81.12250518798828,81.26144336610027,79.67593795739971,80.9917460518844,918213
2020-11-13,84.3997802734375,84.63678404730693,81.93161664019938,81.9561311526874,862479
2020-11-16,87.61982727050781,87.64434178073142,84.70216333323583,85.81365363902637,929698
2020-11-17,86.058837890625,87.22753627835688,84.69398572634479,87.03956154364225,738560
2020-11-18,86.00981140136719,88.4044165203106,86.00981140136719,86.48382650713873,980475
2020-11-19,85.9362564086914,86.44296509213426,84.38343680068346,85.5684859225251,659614
2020-11-20,84.83293914794922,85.91991515728556,84.514205222635,85.86270708389239,682464
2020-11-23,85.41320037841797,86.27950799918985,84.38343251583811,85.59299609080325,1278486
2020-11-24,87.88136291503906,89.45869693634903,85.37233417340964,86.65545634764369,1445807
2020-11-25,86.91698455810547,87.9794384532733,86.52469203354175,87.55445237223317,600495
2020-11-27,86.51651763916016,87.18667898737948,86.12422512769984,87.18667898737948,333192
2020-11-30,88.13471984863281,88.25730749368479,86.52469222409705,86.76170354792431,1426947
2020-12-01,88.86209106445312,90.62740746410955,88.44528401701183,89.49139492626762,954845
2020-12-02,87.35830688476562,88.52700532513819,86.54919984635167,88.18374939272057,618388
2020-12-03,88.09384155273438,88.9846711056778,87.44819479134819,87.6361695212566,773015
2020-12-04,89.05006408691406,90.79902990466277,88.08568332035382,88.45345379395424,792117
2020-12-07,89.7774429321289,89.99810371321367,88.61691587867236,88.76401804053653,742912
2020-12-08,89.5731201171875,90.00627015023072,88.55152377837699,88.82940015356041,549598
2020-12-09,89.65483856201172,90.8562305543779,89.32793317624163,89.90002137048316,924016
2020-12-10,88.84574890136719,89.19717637604296,88.03664931296119,88.85392040617313,468476
2020-12-11,88.79670715332031,89.46687604434645,88.32269205763501,88.74767058905714,597715
2020-12-14,86.02615356445312,89.72840290126315,85.93625193922702,89.58946471121264,731306
2020-12-15,86.55738830566406,87.1539910774861,86.16509576879258,86.94967330424697,879163
2020-12-16,86.81891632080078,87.12130723581585,86.14057586912439,86.99054054082741,757903
2020-12-17,87.44821166992188,88.18376018656345,86.91698846758797,87.10495569548914,683673
2020-12-18,87.10494995117188,87.73425378584591,86.34488696991053,87.2112021229203,2048841
2020-12-21,87.17033386230469,87.69338550602652,85.4785762168526,85.90356227337848,910838
2020-12-22,86.72084045410156,87.37465883188364,86.336719424525,87.17034105996977,784622
2020-12-23,87.32563018798828,88.40442721697617,87.06410432080538,87.32563018798828,442604
2020-12-24,87.67704010009766,87.71790515764633,87.08860136328721,87.31744116258717,174696
2020-12-28,87.30110931396484,88.6741333272512,87.17035014774949,88.30635526883341,393641
2020-12-29,87.63618469238281,88.15106487464283,86.63093884211875,87.30110022953195,501723
2020-12-30,87.84866333007812,88.6332483038666,87.41551332437209,87.44002783565918,366560
2020-12-31,89.05006408691406,89.19717378401191,87.52993808852479,87.92223061411902,384090
2021-01-04,86.72084045410156,89.87551619992945,86.647281834771,89.08275962652515,1048177
2021-01-05,87.57896423339844,88.08567283923607,85.8136556165629,85.8136556165629,781599
2021-01-06,93.79024505615234,95.40027267657219,88.94381918580456,88.99285575135765,1859517
2021-01-07,93.83927154541016,95.26133179375174,92.0821344170093,94.09262585051505,987124
2021-01-08,92.7768325805664,93.70852737481725,91.62447699892684,93.66766231167041,1034878
2021-01-11,92.36002349853516,93.39796291126947,91.9105228903389,91.9350449430056,575228
2021-01-12,92.82587432861328,93.32441154258925,91.67351868266923,92.6460785943383,551290
2021-01-13,92.16387176513672,93.48785145854822,91.83696636308197,93.27536219338381,534244
2021-01-14,91.52640533447266,93.29171427683559,91.19132839551557,92.81769913626054,1134377
2021-01-15,90.05530548095703,90.99517168753984,89.1644758376593,90.86440500601695,831046
2021-01-19,91.28121185302734,92.27011462103437,90.7091236413032,91.00334302046005,606903
2021-01-20,91.52640533447266,91.82062474791462,90.70096270644562,91.50189081916358,443450
2021-01-21,90.81536865234375,92.27011500763369,90.57836487782545,91.76340636528091,518285
2021-01-22,90.72547912597656,91.05239210498098,89.41784982482585,90.56202640561885,498821
2021-01-25,90.13703918457031,90.71729892461813,89.2380380013469,90.47212363672837,442604
2021-01-26,88.9274673461914,90.80719212135189,88.64141948582157,90.72546200744978,515142
2021-01-27,85.405029296875,87.40734942434365,84.59592974141432,86.99870635608845,1362509
2021-01-28,85.51127624511719,86.63093823058222,84.71034817246056,86.63093823058222,1362630
2021-01-29,82.51188659667969,85.24157639331898,81.81720312061027,84.83294082816965,1282596
2021-02-01,83.08395385742188,83.63970652828593,81.7681458613918,83.63970652828593,1130629
2021-02-02,86.2631607055664,86.87611396703588,83.844033675796,84.24449767941545,733966
2021-02-03,86.70447540283203,87.38281571968452,85.54394854176746,85.84633939668068,747627
2021-02-04,88.06117248535156,88.13472356782886,86.74535666107211,86.95785348017148,822341
2021-02-05,87.81599426269531,89.65485434246344,86.86795641583434,89.07459454218733,701928
2021-02-08,89.1889877319336,89.30340385380686,88.30632969331589,88.50247592411982,835519
2021-02-09,91.56725311279297,92.6950939847472,89.4096520264723,89.96539718974525,1258054
2021-02-10,90.48029327392578,92.00041922656972,89.46687597216317,91.86148103822146,715468
2021-02-11,93.98639678955078,94.14167799979352,90.66826822444823,91.08508282505757,929940
2021-02-12,93.9046630859375,94.36233515747307,92.940282380263,93.58592165987162,620564
2021-02-16,92.5398178100586,94.86087170805533,91.96772207041816,93.62678614645733,704830
2021-02-17,92.19657135009766,92.4008891243158,90.33318932931809,92.08214766743616,692619
2021-02-18,91.9513931274414,92.49896690054376,89.67937544421711,91.35478278453454,1141751
2021-02-19,91.86964416503906,93.10372966241692,91.73888503122531,92.65422912107134,471257
2021-02-22,94.59934997558594,94.94259838825445,91.31390769757455,91.78793033308695,976969
2021-02-23,94.99163818359375,95.39210221694934,93.29170891799087,94.59117415023816,683552
2021-02-24,97.86843872070312,98.35879681167832,94.85270140816685,95.48199768381458,978661
2021-02-25,96.36370086669922,98.60700549550154,96.03621543935385,98.08301823942044,626126
2021-02-26,94.21865844726562,96.65844999618608,94.16953487407716,96.52745128379557,848455
2021-03-01,94.30052185058594,96.30639470705873,94.2268402699045,95.78241498407394,866106
2021-03-02,93.78472900390625,94.97188072239318,93.46542956520835,94.29233672516814,672308
2021-03-03,94.2104721069336,95.64323417620129,93.37537136571476,93.90753711363438,555159
2021-03-04,92.41746520996094,95.27481088863027,91.56599246400125,94.61983243417387,820044
2021-03-05,94.57889556884766,95.16837844774545,91.8034250081996,92.95782520354254,755244
2021-03-08,96.81401062011719,98.23040074439969,95.52042565792193,95.84791867626144,858973
2021-03-09,99.59766387939453,99.64678745287834,96.39646070263812,97.19880988565235,1015172
2021-03-10,102.13570404052734,102.32401231957729,99.4994107888182,100.29357392075634,883757
2021-03-11,102.38951873779297,103.97783761818278,101.78366382075468,101.96377856406475,938765
2021-03-12,103.53572082519531,103.7731451203791,102.43044427647746,102.43044427647746,580910
2021-03-15,103.06085968017578,103.56028139537894,101.70177924489548,103.19185838724974,618509
2021-03-16,101.95559692382812,102.96262649398878,101.23512281642256,102.96262649398878,469443
2021-03-17,102.60238647460938,102.9462515096433,101.22693388613799,102.41407817300389,500393
2021-03-18,102.0292739868164,104.33807432091017,101.74271855798767,102.80705758435539,665417
2021-03-19,101.00586700439453,101.83278174222895,99.41754821219631,101.62810144657627,1186483
2021-03-22,100.85850524902344,100.94856639951402,99.06550600182152,100.19534073010412,717403
2021-03-23,99.72046661376953,101.29241325634366,99.39297363941573,100.42456857938392,542707
2021-03-24,100.94855499267578,102.03745957647882,99.67134967654596,99.94152554582429,583933
2021-03-25,103.28191375732422,103.756769884574,99.69590081207313,101.34153657934604,655624
2021-03-26,105.30416107177734,105.4024082110646,101.40703461560108,103.38834940733939,634347
2021-03-29,104.28076171875,105.61528422506262,103.63397680246673,104.64100629709833,663241
2021-03-30,104.90299224853516,105.19773368251562,104.07607752236825,104.28075781513296,548751
2021-03-31,105.8363265991211,106.18837758901086,104.30531749149819,105.42696603669066,750166
2021-04-01,106.39307403564453,107.4492271657863,105.59891835072996,106.4340116084403,690080
2021-04-05,108.62818145751953,108.97204646009054,107.04804115669667,107.79308073698992,798766
2021-04-06,108.0386962890625,109.51239585980734,107.76852042578604,107.76852042578604,785831
2021-04-07,107.62115478515625,108.12057651934134,106.753310028839,107.899516664731,670374
2021-04-08,108.70186614990234,108.86561642835002,106.54043648069852,107.7112162339458,666022
2021-04-09,110.61767578125,110.66679935348705,108.51355573014926,109.31590489279992,582361
2021-04-12,110.06094360351562,111.50189919377556,109.70889259723027,110.74048760599517,1422716
2021-04-13,107.72759246826172,109.5860947675927,107.32641786331806,109.5860947675927,1077434
2021-04-14,107.51472473144531,108.08782806589431,106.71237553221829,107.81765218210596,1432509
2021-04-15,109.63521575927734,109.74164891093838,107.08079746442039,107.45740649709302,1007676
2021-04-16,109.5287857055664,110.61768281579337,109.07848752336808,110.6094968118439,809285
2021-04-19,109.47965240478516,110.14281683741538,108.57905612039129,109.94632255342665,759354
2021-04-20,109.04573059082031,109.84807976501916,107.67027810004964,109.47965674377039,507284
2021-04-21,110.90422821044922,111.0843429360025,108.71824063254327,109.34046749626758,523968
2021-04-22,110.66679382324219,112.41067677468038,110.49486510483597,111.33815179415403,686453
2021-04-23,112.2796859741211,112.84460329054673,110.81417233218733,110.96972905550268,529408
2021-04-26,111.70658874511719,113.42590635059499,111.28904212564338,112.50075196385305,607266
2021-04-27,111.9276351928711,112.26331420265846,110.86329613821673,111.78026447284229,524451
2021-04-28,111.34634399414062,112.35337345489117,111.14166370060035,112.24694030638332,362812
2021-04-29,110.83056640625,111.46097938567104,110.64225809222457,111.46097938567104,849301
2021-04-30,109.38959503173828,111.19078766253187,108.98023444322406,110.6749863734733,1219246
2021-05-03,111.13346862792969,111.53464320605677,109.52058431205772,110.52761375905725,1519796
2021-05-04,113.19664764404297,113.229399208163,110.39661923751306,110.65042309236904,638578
2021-05-05,113.12296295166016,113.65512865607153,111.78844058586093,113.4013323598624,529892
2021-05-06,113.35221099853516,113.80250157950094,112.45980073632528,113.41770657458528,619839
2021-05-07,114.5802993774414,115.49726770226921,111.85395241353513,112.56624044356501,1020733
2021-05-10,116.55342102050781,119.50901384851475,114.98147423823802,115.98850370758232,1285740
2021-05-11,114.73585510253906,115.9885024226839,113.31127905485673,115.92300684338348,613673
2021-05-12,110.85511016845703,115.19434152785915,110.68317388587232,114.482053490001,695037
2021-05-13,113.85163879394531,114.3756261201332,110.65862146763425,110.69955903944546,550928
2021-05-14,113.35221099853516,115.18614754124502,113.13933716096146,114.67853983561413,769268
2021-05-17,113.88438415527344,114.14637402825738,112.5253036655264,113.07384897390794,451550
2021-05-18,110.99429321289062,114.01538160139813,110.95335564376505,113.85163132489585,659856
2021-05-19,111.71476745605469,111.85395217068093,109.15216322321785,110.52761570747322,861996
2021-05-20,111.86213684082031,112.44343370292023,111.14166281741686,111.96038398507203,708215
2021-05-21,113.44226837158203,114.1218123705716,112.41886692310042,112.41886692310042,629027
2021-05-24,114.33467864990234,114.60485451780335,113.44226835800161,114.05631677868065,540047
2021-05-25,114.02356719970703,115.21071139014761,113.81888690647024,114.20368193089027,814120
2021-05-26,115.02240753173828,115.882066250319,113.80250425724712,113.99899854168426,1057607
2021-05-27,115.07971954345703,116.32418085402854,114.44111310551075,116.11130700693734,838421
2021-05-28,116.32418823242188,116.72535528681611,115.26803514004354,116.71716928288254,602551
2021-06-01,116.52886199951172,117.5604494705475,116.23412056445473,117.4949538910894,446352
2021-06-02,115.7674331665039,116.52065869809202,115.21889546297085,116.38966755013249,394366
2021-06-03,116.0294418334961,116.28324570293583,114.13818804224294,115.31715379834792,390256
2021-06-04,117.40489196777344,117.47038754679541,116.0212534949102,116.36511094852331,349997
2021-06-07,115.99668884277344,117.8879426107974,115.89025569415408,117.40489288860455,430998
2021-06-08,116.76628875732422,117.1592773456473,115.62826811391318,115.98850513598804,374418
2021-06-09,115.86569213867188,116.74173045657795,115.82476212054306,116.34055586560471,454331
2021-06-10,115.65282440185547,116.6680398721228,115.03878351758058,116.34874042469917,616333
2021-06-11,114.7440414428711,116.54523406806233,114.29374328657329,116.05399834270767,864293
2021-06-14,113.44226837158203,114.9077819644066,112.66448478106872,114.6212340898299,836245
2021-06-15,113.50776672363281,114.0644979943721,112.81185074729287,113.36039601505506,566040
2021-06-16,112.79547882080078,114.03994014909637,112.44343535898818,113.46683683362981,599045
2021-06-17,109.5533447265625,113.18847423343189,108.94748980875094,112.76274161082452,736625
2021-06-18,106.1720199584961,108.30888419610872,106.09014481425899,107.36735779570348,1588949
2021-06-21,108.74280548095703,109.29953680237125,107.07261151671437,107.32641539042285,894396
2021-06-22,108.68549346923828,109.15216363592918,107.72758757357602,108.98842091015999,1021459
2021-06-23,107.99777221679688,109.33229479690561,107.50653644794308,109.25041965154185,737472
2021-06-24,110.72410583496094,111.20715554040373,107.65389398343787,108.63636540072372,927884
2021-06-25,112.03406524658203,112.15687795237679,110.87966508076225,111.3135912252419,989905
2021-06-28,109.62702178955078,112.95103746731438,108.6199923721413,111.86213291534709,911563
2021-06-29,107.91590118408203,110.29019725565985,107.61297372821981,109.70071435182066,1142960
2021-06-30,109.23403930664062,109.40596803678605,107.43284665941592,107.89133082480086,530617
2021-07-01,109.96269226074219,110.39661838742191,109.4796501157557,110.11006297065248,465695
2021-07-02,108.66911315917969,110.24106748101987,108.61180358313989,110.11006877031195,802998
2021-07-06,107.85858154296875,108.66910913263935,106.44218399476547,108.5954275523651,820649
2021-07-07,109.3568344116211,109.52877067762603,107.55564192996115,107.55564192996115,472345
2021-07-08,108.31707000732422,109.51240020740266,106.98254754099621,107.53109284417017,454815
2021-07-09,110.24107360839844,110.60949664722541,109.29135367005425,110.00364173589635,512361
2021-07-12,110.9697265625,111.21534442318098,109.08666636616407,109.61064610117437,552620
2021-07-13,108.80011749267578,111.11710397443893,108.66911877519784,110.7650529448601,498337
2021-07-14,108.80830383300781,110.25744552699462,108.34981964791362,109.08667327663508,504745
2021-07-15,108.60362243652344,109.22585690063337,107.98958152792594,107.98958152792594,861996
2021-07-16,108.10418701171875,109.20946352806047,107.66208244651256,109.20127752524748,586230
2021-07-19,105.26322937011719,106.63868184511186,104.26438591559841,106.44218755558923,755969
2021-07-20,108.2597427368164,109.10302939716728,105.29597174897496,105.4515284559981,673759
2021-07-21,109.45508575439453,110.23287687938829,108.84923090201193,109.25040546922006,403312
2021-07-22,108.30069732666016,109.57791029789931,107.81765512418092,109.47966314626552,271172
2021-07-23,109.62702178955078,109.68433136307588,108.37437452013125,109.45508551731204,244816
2021-07-26,109.14397430419922,110.29018845295896,108.75098573300575,109.88901387847622,318926
2021-07-27,109.43053436279297,109.9708861193999,107.90770358493889,108.46443490048145,447319
2021-07-28,110.61767578125,111.20715864809465,108.33344099972251,109.5287787402696,500151
2021-07-29,111.77207946777344,112.45162349703223,110.56036968226513,111.7966450304963,695279
2021-07-30,110.73229217529297,112.01769102487819,110.44574430409841,111.51008330828955,487698
2021-08-02,109.62702178955078,113.41770761030178,109.60245622851808,111.28083607364609,1218279
2021-08-03,105.99188995361328,109.04572990893332,105.53340579289005,108.94748276365952,1257208
2021-08-04,105.36965942382812,106.05738941696,103.66671399908672,104.80474213387295,822583
2021-08-05,105.40242004394531,107.17086119798441,105.11586459691048,106.37669799153393,450946
2021-08-06,105.52522277832031,106.6468714255798,105.10767617491177,106.06558209263159,731185
2021-08-09,106.72874450683594,107.5065281208899,104.8047467047927,105.62346788835768,762256
2021-08-10,107.84220886230469,108.46443576354933,106.14744933962001,106.72056021865853,601342
2021-08-11,111.4691390991211,111.6083238006449,108.12875157252785,108.5381121226989,935380
2021-08-12,114.2610092163086,114.29375323307266,111.34635372777258,111.78845836740253,1399745
2021-08-13,113.04109954833984,114.68673550464453,112.72180009256321,114.62123992307434,972616
2021-08-16,113.09840393066406,113.64694922423325,111.20715774243513,112.69722935260586,601946
2021-08-17,111.14167022705078,112.39431762394025,110.23288785796723,112.35338005249552,875899
2021-08-18,109.63521575927734,111.76389389582616,109.57790618158785,110.49487452794759,559028
2021-08-19,108.0141372680664,109.47965082190746,107.67845827916172,108.49717941616855,548631
2021-08-20,108.68549346923828,108.85742219854637,107.28547541750179,107.8995163028841,503294
2021-08-23,108.8410415649414,109.46326840454613,108.14512559599953,109.00478427773267,559270
2021-08-24,110.142822265625,110.21650384992031,108.85742335312716,108.89836092291961,391585
2021-08-25,110.846923828125,111.23991241379473,110.24106894243879,110.56855439605434,376111
2021-08-26,109.4468994140625,110.7404842495775,109.28315669676007,110.73229069479851,331258
2021-08-27,111.35453033447266,111.58376863913264,109.57790326670276,109.63521284286776,343831
2021-08-30,110.83056640625,111.51010296534442,110.60950652188738,111.48553739967531,425678
2021-08-31,110.494873046875,111.27265666461261,109.98726530652755,110.77323492787336,471015
2021-09-01,110.29837036132812,111.01884434732555,109.36502253939497,110.84691562964319,568820
2021-09-02,111.58377075195312,111.96857333705766,110.61767883902807,111.01885343144298,378891
2021-09-03,112.24693298339844,112.73816112484917,111.28902715765784,111.83756487136132,414677
2021-09-07,109.13578796386719,112.320618988362,109.11940840567567,112.05862912559665,709907
2021-09-08,111.198974609375,111.28903575201144,108.58724678290086,108.93111179463578,602067
2021-09-09,110.97791290283203,112.59079723314731,110.85510774795056,111.23991032279625,489270
2021-09-10,109.15216827392578,111.85395734640652,108.9966115450857,111.22353687549537,537508
2021-09-13,110.15919494628906,110.96973013681162,109.22585459730233,110.21650452368328,427734
2021-09-14,108.89836120605469,110.96154374331775,108.8410516288618,110.92060617341888,564952
2021-09-15,111.34634399414062,111.54283828420549,108.44806076734764,108.63636905393709,691047
2021-09-16,109.45508575439453,111.99313186288687,109.38959017760445,111.0515980200862,639787
2021-09-17,106.88429260253906,109.52877178020249,106.67961232316848,108.5463003978931,1422111
2021-09-20,104.69830322265625,105.96732244227849,103.0117298972256,104.97666507486545,691410
2021-09-21,103.76496887207031,105.32872970371965,103.46204142066004,105.1076773938607,543432
2021-09-22,106.87611389160156,107.23635090580561,104.59187909937769,105.09129327585205,684519
2021-09-23,110.37205505371094,110.5603633343399,107.35096676708508,107.46559346710382,873118
2021-09-24,111.34634399414062,111.96857087823686,109.8317068012771,109.8317068012771,671946
2021-09-27,113.20484161376953,113.70425577053452,111.34633948849701,112.1241230621442,710512
2021-09-28,111.40365600585938,113.58145769947537,110.8632966963666,113.39314940876875,731790
2021-09-29,111.69019317626953,112.6399129906748,110.6995433475192,111.65744916479349,644139
2021-09-30,108.50537109375,111.95219964553463,108.50537109375,111.95219964553463,995466
2021-10-01,110.24925231933594,110.95335433466433,107.97320355044417,109.28316043702426,772532
2021-10-04,107.54747009277344,111.6492772853997,106.6632532927944,109.95451772058237,999576
2021-10-05,108.30069732666016,109.23404526718107,106.73693645620934,107.76034554433859,557214
2021-10-06,108.26795196533203,108.73462215396201,105.89364834757106,106.54862683310343,652602
2021-10-07,110.40481567382812,111.2399164486669,109.25041543738304,109.25041543738304,453968
2021-10-08,110.81416320800781,111.32177090580242,109.89719495080871,110.28199750144726,344677
2021-10-11,109.7007064819336,111.70657937054342,109.7007064819336,110.92060222181023,444538
2021-10-12,108.89017486572266,110.46212166266652,108.63637099513102,109.83989476745187,575470
2021-10-13,109.11122131347656,109.6270225822591,107.67027330681607,108.9147270304477,432690
2021-10-14,110.27738189697266,110.67099688955476,109.45735570489384,110.25277717808585,684398
2021-10-15,109.85096740722656,111.52383119077871,109.67056557107563,111.31882463478378,631203
2021-10-18,109.94117736816406,110.17078865499055,108.48973330264846,109.01454829582114,681617
2021-10-19,109.73617553710938,110.80221123803207,109.53116896245893,110.52340562453627,558665
2021-10-20,111.86003875732422,112.41765750251069,110.04777594454288,110.04777594454288,732515
2021-10-21,112.23725128173828,112.28645315626576,111.07281196038849,111.79443441099095,464124
2021-10-22,112.28646087646484,113.23769466149746,112.04045148691318,112.63087402183717,430998
2021-10-25,114.09871673583984,114.26272046423503,111.94204085630452,112.45865676078493,819319
2021-10-26,113.38530731201172,114.93515521654643,113.30330165585248,114.7219495869747,476455
2021-10-27,111.52383422851562,113.21308859847453,111.39262670107648,113.17208577341846,514538
2021-10-28,114.2135238647461,116.16519328300768,112.04864883335291,112.04864883335291,590098
2021-10-29,115.14836120605469,115.66497714191306,113.94291897991752,113.98391424173055,549719
2021-11-01,115.38616943359375,116.68181642436667,114.91875535351812,115.90278539387216,552137
2021-11-02,115.320556640625,116.01758193880406,113.95930981532624,115.97657911590511,620202
2021-11-03,115.7469711303711,115.86997960255844,113.68870651218815,115.279557088942,438131
2021-11-04,116.2389907836914,117.20662264596503,115.41076549881939,115.8617814395649,368736
2021-11-05,116.96060943603516,118.89588066095465,116.60800482355388,117.26401973731521,715831
2021-11-08,118.89588928222656,119.8061202520686,117.36243199719885,118.06765640069997,881339
2021-11-09,118.50227355957031,119.96192423648304,118.3300707677863,118.62528203687445,472828
2021-11-10,119.33049774169922,119.65851278103368,118.28906682104795,118.7154780521112,736625
2021-11-11,118.57608032226562,119.89632441886883,118.3464690358687,119.6667131324719,467146
2021-11-12,119.24850463867188,119.36330650357148,117.88725767412801,119.18290465354377,557335
2021-11-15,119.26490020751953,121.06076499913446,119.027089866398,119.9127236834496,535936
2021-11-16,120.71635437011719,121.21657222032276,119.51911115069392,119.81432242921213,439219
2021-11-17,119.24030303955078,120.5851443063165,118.51047391124237,120.3473415289174,724657
2021-11-18,120.72455596923828,121.29037381648213,118.60068360608538,119.59292027475058,736746
2021-11-19,120.06852722167969,122.06939856152734,119.9865215700231,121.1099657174318,793205
2021-11-22,120.19153594970703,121.9545893906854,119.99472843628216,120.53594153449905,1071027
2021-11-23,118.08406066894531,118.60887565726581,114.40213400723327,118.33007005837725,1745390
2021-11-24,121.73318481445312,122.63521673045034,117.5100374523848,118.38747221103556,1126760
2021-11-26,119.50270080566406,120.33092606026041,118.14965303288801,118.93688302830708,619960
2021-11-29,119.79792022705078,121.4871746225341,118.96968735224804,120.55234650289712,669769
2021-11-30,116.9032211303711,119.64212075315658,116.50140703590598,118.86308972248251,1142356
2021-12-01,113.80351257324219,118.781086171421,113.61490411380721,118.61707486911156,804690
2021-12-02,116.46861267089844,117.296838031212,113.26229891711029,113.77891488569601,649580
2021-12-03,116.35379791259766,117.51824489737884,114.976152871539,116.89501857875345,535332
2021-12-06,115.9109878540039,118.40387042205295,115.3943643485487,117.92005069012393,1054101
2021-12-07,117.6822509765625,118.9778903908915,116.64901150246537,117.22303595375324,684156
2021-12-08,118.48587036132812,118.82207687803016,117.10821783147189,117.55103471606854,425557
2021-12-09,116.57520294189453,118.26445725598232,116.55059822219414,118.25625820398255,468839
2021-12-10,117.62484741210938,118.37106708016285,116.95241921643047,117.26402859311018,459288
2021-12-13,115.53376770019531,118.04305586667921,114.64814147677244,117.6658465183346,663966
2021-12-14,115.00894165039062,116.4029846147071,114.15611171796496,115.27134911489838,544278
2021-12-15,114.86954498291016,115.6485759558238,113.32788870507241,114.98434684033067,445505
2021-12-16,113.30329895019531,116.61621543712862,112.72928206189377,115.5583788037045,992081
2021-12-17,111.138427734375,113.33610673315297,110.58080893171076,112.96708883989874,1938462
2021-12-20,108.9243392944336,109.71156931683733,106.85786804932499,109.15395057220175,1157226
2021-12-21,110.08058166503906,110.90060791123246,109.39175538256386,109.88377415576043,778093
2021-12-22,110.36759185791016,110.64639744848758,109.17034871959818,110.29378526143002,665538
2021-12-23,112.6308822631836,113.08189824974615,110.54800513380656,110.54800513380656,442120
2021-12-27,113.9675064086914,113.99211112738038,112.24544839369146,113.16387832653133,408511
2021-12-28,114.96794891357422,115.24676206911313,113.68870768458117,114.07411608185983,393641
2021-12-29,113.36888885498047,115.80437790569613,113.36068980302974,114.96794602380471,506196
2021-12-30,113.84452056884766,114.7547515704553,113.36889987247322,113.98391959295918,306957
2021-12-31,114.17252349853516,114.82034696782547,113.40989816796348,114.08231879451344,294747
2022-01-03,114.45953369140625,115.91098529140257,113.56570084681793,114.41033181405551,621411
2022-01-04,116.89501953125,117.4034364278204,114.18072468954902,115.10736134068019,777972
2022-01-05,114.04131317138672,117.93644512196146,113.89370755013476,117.09181421652542,655262
2022-01-06,113.88550567626953,114.91054601603476,113.59850103719225,114.80394321242018,469806
2022-01-07,112.49966430664062,114.1643215071731,112.02405120521762,113.63950652879589,620443
2022-01-10,109.5147705078125,112.23726446655058,108.91614889135661,112.23726446655058,848213
2022-01-11,110.00679016113281,110.03138731962571,107.4728970875702,109.3261628843368,731185
2022-01-12,108.49793243408203,110.97441689412766,108.36672490384258,110.29378964929411,1209212
2022-01-13,110.03138732910156,111.31883527992207,108.71114316695437,108.71114316695437,500393
2022-01-14,108.9981460571289,109.8509684977654,107.97310570327711,109.02274321351592,426404
2022-01-18,106.28385162353516,108.24372007152832,104.7913972213542,107.85830411090875,758629
2022-01-19,105.7672348022461,107.50569100893168,105.66062443410958,106.89067133855804,517439
2022-01-20,103.75816345214844,107.89930493416134,103.62695592909193,106.2264487246218,745814
2022-01-21,104.9308090209961,105.63603343273591,102.59373111192636,103.4957630398449,996070
2022-01-24,108.3503189086914,108.97353761361653,102.61012035257774,103.42194750483056,1520159
2022-01-25,104.29117584228516,106.95626857592387,102.64292437814659,105.83283206842327,1128453
2022-01-26,103.06114196777344,106.38225735419142,101.67529034517321,104.97180857468655,660219
2022-01-27,103.73355865478516,105.78363176426393,102.81512868518068,104.52898771712343,878317
2022-01-28,105.04560852050781,105.11121606689218,101.75729687846706,103.29074658320258,543069
2022-01-31,106.75126647949219,106.83327212900844,104.29937924693054,104.68479521047507,612464
2022-02-01,106.6938705444336,107.38269685424896,105.72623862787503,107.17769028456371,739890
2022-02-02,107.93211364746094,108.75213990393044,105.78363668671328,106.58726483843786,1033790
2022-02-03,105.74263763427734,107.90751277701739,105.50482728848309,107.44829775446063,611013
2022-02-04,104.69300079345703,105.52943275411509,103.77457074186897,104.75040172621856,1232061
2022-02-07,105.01280975341797,105.9804416201555,104.24197782993612,105.30801345015215,888472
2022-02-08,101.88030242919922,106.08704396279077,101.55228739780216,104.97180647070296,1235446
2022-02-09,104.7503890991211,105.3080078177746,101.5768871284274,101.7244851870496,968989
2022-02-10,101.97049713134766,104.81599928597936,101.494884045436,102.64292528235859,986036
2022-02-11,99.61702728271484,102.24931642661308,98.54278501238448,101.96230420920249,1539502
2022-02-14,98.95280456542969,99.88763267878184,97.23073884454153,99.78102987096281,1543492
2022-02-15,101.51948547363281,101.52769208962064,99.88763203018179,100.15003952185563,943964
2022-02-16,99.76463317871094,101.56868944853727,98.64938807958895,101.5522913436257,857643
2022-02-17,98.1573715209961,99.46941649881073,97.70635558714099,98.85439683365408,1043462
2022-02-18,98.11637115478516,98.96920116809578,97.37834299989096,98.15737397956282,952064
2022-02-22,98.0179672241211,99.15780944511954,97.30454379085998,98.1409681345311,866711
2022-02-23,96.36151123046875,98.54278440369168,96.16470371845448,98.51818724654063,853775
2022-02-24,97.91956329345703,98.05896987171754,93.57341515673355,94.18023578288965,765762
2022-02-25,101.02748107910156,101.18328577416017,97.39475608461032,97.91137205052577,832376
2022-02-28,100.86345672607422,101.06026422358606,98.58377996482989,99.65801458566463,1177899
2022-03-01,100.87167358398438,101.89670643452217,99.77283413253492,100.87987263659642,1103185
2022-03-02,103.74176788330078,104.20918952964668,101.50309366732499,101.53589744220771,959680
2022-03-03,104.8241958618164,105.36541647787708,103.54495469664663,104.59458459437523,744967
2022-03-04,104.9308090209961,105.07841465813011,103.36455550782522,103.8155714717845,707368
2022-03-07,100.7486572265625,105.13580807303275,100.71585345497749,105.13580807303275,979387
2022-03-08,99.69902801513672,102.32311817620094,99.33001769989384,100.74046653965095,1546031
2022-03-09,103.02013397216797,104.32397987891227,101.08487030547765,101.08487030547765,719579
2022-03-10,102.19190979003906,102.38871729228036,100.87986481756447,101.47027976058727,1153478
2022-03-11,102.52811431884766,103.85656493326421,101.83109658621846,102.95453308668415,773378
2022-03-14,104.01237487792969,105.5622302247439,103.08573826525391,103.52855515915816,988454
2022-03-15,107.59589385986328,109.01454162885932,104.70118983089937,104.9636048751388,1665840
2022-03-16,111.26142120361328,112.31925780359367,108.25192270688879,108.29292553269296,1795562
2022-03-17,113.18849182128906,113.26229085567643,110.04777827779891,110.31839238585577,1056277
2022-03-18,115.80438232421875,115.85357663780007,112.9178772327692,114.44313542853222,2344193
2022-03-21,114.7137451171875,116.4440023580871,114.3365281931099,115.59937893255979,1084204
2022-03-22,113.40170288085938,115.77158460286427,113.23769913591173,114.55794327558853,652723
2022-03-23,111.26962280273438,112.91787430339222,111.03181247475393,112.91787430339222,954240
2022-03-24,113.67230224609375,113.81990787631806,111.10561316706693,111.33522444642739,453726
2022-03-25,113.06548309326172,114.00851781580319,112.04045028421753,114.00851781580319,521066
2022-03-28,113.61490631103516,113.85271665302176,112.38486690213506,112.7784819333676,442120
2022-03-29,113.7789077758789,115.27136221820153,113.23769468246648,114.80394815981754,515867
2022-03-30,114.4267349243164,115.13195934262738,113.58211148383131,113.74611522760785,516835
2022-03-31,113.00808715820312,115.24676889618415,112.9834900002756,114.36933411680526,754035
2022-04-01,114.45953369140625,114.61533837573339,113.02448019595974,113.25409147816367,591670
2022-04-04,114.73834991455078,115.42717626126168,113.49191232448622,114.86955745420593,577646
2022-04-05,114.68093872070312,116.35379499222321,114.14792468413371,114.81214624862095,825364
2022-04-06,115.63217163085938,116.41120261282117,113.23769288299968,113.74610975885416,939732
2022-04-07,117.77245330810547,118.71548049271368,114.77934532198795,114.95975473188604,1283080
2022-04-08,117.70684051513672,119.09269211022638,117.35422832726022,118.07585837099204,1159644
2022-04-11,117.00981140136719,118.69907325308121,116.63260206929279,117.81343950415717,914223
2022-04-12,115.04175567626953,117.73145340428862,114.55794349319967,117.03442803230988,823067
2022-04-13,117.62484741210938,117.63304646459544,115.00895635657452,115.00895635657452,614036
2022-04-14,118.62528228759766,119.54371230645658,117.93645599160271,118.23986631374548,787765
2022-04-18,118.19066619873047,118.64168216245793,117.30503237638146,117.96105490873944,533881
2022-04-19,120.83114624023438,121.05255846265943,117.75604035558452,118.305460040097,816055
2022-04-20,120.88035583496094,123.11083092343016,120.58514456201031,121.9135952902881,1072115
2022-04-21,121.49537658691406,123.26664423990358,120.68354936114469,122.24980288084238,762860
2022-04-22,116.60801696777344,121.10997008093106,116.41940850038876,121.10997008093106,843861
2022-04-25,115.09095001220703,116.33739503461842,112.81127314231739,116.33739503461842,1075500
2022-04-26,113.02449035644531,115.77978817207683,112.99989319740942,114.51694491568364,676056
2022-04-27,116.00939178466797,116.0503870470102,113.86091479876852,114.45133734091522,857039
2022-04-28,116.53421020507812,117.26403178804394,114.89415006102979,116.61621585957616,705676
2022-04-29,113.61490631103516,117.0016217754789,113.18849506966764,116.13239362397476,916278
2022-05-02,113.03268432617188,114.68093583562221,110.62999900480038,113.86090960694433,1302182
2022-05-03,113.65589904785156,114.26271964589868,110.85959881479047,113.37708590424567,1597412
2022-05-04,116.7966079711914,117.1984220300633,112.2618514678376,113.8527095992736,1057728
2022-05-05,112.81127166748047,116.18158883338094,112.02404921390813,115.41076448393474,1049144
2022-05-06,113.00808715820312,113.35250031510033,109.88377915190239,112.52427497897988,834794
2022-05-09,106.8168716430664,111.65503879781812,106.30025569167401,111.48283600192121,995224
2022-05-10,106.73487091064453,109.41636192363062,105.0538080015356,108.18632253387416,861754
2022-05-11,107.20228576660156,109.93297867798906,105.95584069908212,106.34945572710947,842048
2022-05-12,106.77586364746094,107.81729447866874,104.60278972599724,106.66925328514996,804932
2022-05-13,109.12934875488281,109.73616939205945,107.80910467277705,107.80910467277705,490963
2022-05-16,109.67876434326172,110.29378400967717,107.82549872828751,109.01454280098497,588647
2022-05-17,111.7452392578125,112.11424955711371,110.5315979889361,111.30242236043023,688508
2022-05-18,108.40773010253906,111.63864091384943,108.2355197425992,111.01542214989979,919422
2022-05-19,109.69515991210938,110.82680303076502,106.27564852803272,106.96446721046998,918938
2022-05-20,111.47463989257812,111.51564272040808,108.37492897497873,110.49880133229223,794172
2022-05-23,112.46686553955078,113.14749279499266,111.39263081465877,112.70467588269692,763344
2022-05-24,112.48326873779297,112.59807059870683,109.74436923473745,111.98305090476643,640633
2022-05-25,112.60626983642578,113.12288577508983,111.18762198635068,111.76984547167474,408390
2022-05-26,113.07367706298828,114.93514170385839,112.8522724065711,113.68870428447127,780027
2022-05-27,114.8531494140625,114.86954751871279,113.42629496214674,114.19712689993274,1213927
2022-05-31,114.87774658203125,115.54196814854971,113.54110439666837,114.48413156077544,1170041
2022-06-01,113.8691177368164,115.47637411392613,112.80308204180935,114.7465525275089,476213
2022-06-02,115.02536010742188,115.12376386948776,112.99989149588461,114.41034037636105,676177
2022-06-03,113.27049255371094,114.22172635287502,111.82724753183568,113.70511040899244,918092
2022-06-06,111.40082550048828,114.18072021760251,111.35982267552528,114.18072021760251,733966
2022-06-07,112.92607879638672,113.04908727417967,109.62136902009325,110.08878308282281,610893
2022-06-08,109.36715698242188,111.74523760756848,108.61273072666422,111.3434235413095,711721
2022-06-09,108.23551177978516,109.45735962361944,108.16171274788432,109.30975399611665,659010
2022-06-10,105.80003356933594,106.7430682916035,104.91440734041537,106.19364858827902,546334
2022-06-13,103.06934356689453,104.56999708619999,102.01970600863112,103.51216047543244,577283
2022-06-14,101.94590759277344,103.67616484753053,100.89627002812257,103.1513498470559,680046
2022-06-15,102.2411117553711,103.48754918572563,100.73225927933036,103.05293892097873,552741
2022-06-16,97.69815826416016,100.34684542269474,97.12413384889416,100.34684542269474,886779
2022-06-17,97.32913970947266,98.5263828443474,96.71412003784287,97.51774816249016,1268089
2022-06-21,99.94503021240234,100.65025458147119,97.73095335306056,98.79698895872491,601704
2022-06-22,99.81382751464844,100.59285089460357,98.52637972013721,98.52637972013721,732394
2022-06-23,100.27305603027344,100.34685507046517,98.41979020811317,99.7236362823502,628906
2022-06-24,102.84793853759766,102.98734512078907,100.83886813299095,101.20787844030798,1386689
2022-06-27,103.6351547241211,104.43058378508263,102.09350604146064,103.6351547241211,465937
2022-06-28,102.1837158203125,104.9964067917185,101.99510736066703,104.0451730048083,421326
2022-06-29,101.97870635986328,102.70852789316343,100.75685849675995,102.3477166525891,429910
2022-06-30,104.25018310546875,104.48799345118837,100.37965540746205,100.41245918181357,939974
2022-07-01,103.65157318115234,104.65200135607674,101.63430359792271,103.65977223414075,708094
2022-07-05,101.77369689941406,101.92130253600587,98.98560303662717,101.92130253600587,650789
2022-07-06,102.7495346069336,103.33175053244142,100.98647359808338,102.29031959575651,439098
2022-07-07,104.03697204589844,104.28298143142744,103.33994671418313,103.33994671418313,406456
2022-07-08,103.39734649658203,103.88935766248957,102.61011652920888,103.66795301601621,351085
2022-07-11,103.31535339355469,103.76636935648709,102.68392801996868,102.68392801996868,258478
2022-07-12,102.56092834472656,104.20098847441398,102.07710860208783,102.75773586283712,450462
2022-07-13,102.29852294921875,102.96274455467436,101.07668255219654,101.07668255219654,374176
2022-07-14,101.70809173583984,102.1017067467058,99.86303271795748,100.42885051422668,500876
2022-07-15,102.8725357055664,103.33994977004274,101.7490991148473,103.13494320332322,384573
2022-07-18,102.55271911621094,103.68435466935748,102.29851069115912,103.27434156854493,534848
2022-07-19,105.52942657470703,105.94763874869624,102.95453842172607,103.33994682304308,607628
2022-07-20,105.1440200805664,106.144455818319,104.70940976294412,105.87384925142773,399927
2022-07-21,105.80003356933594,105.80003356933594,104.04517165234894,104.93080544497087,413468
2022-07-22,106.21005249023438,106.80867410360209,105.25061961104134,106.38226285227263,628785
2022-07-25,106.74307250976562,107.27608656589635,105.62783495449034,106.0870499735036,288581
2022-07-26,107.25968170166016,107.44829015442191,106.7020629591612,106.8004667115846,316871
2022-07-27,108.72753143310547,109.21135114340838,107.27607986589796,107.84190522450001,404642
2022-07-28,111.51420593261719,112.03172858734462,109.00872708516438,109.42767327451739,551774
2022-07-29,112.7874755859375,113.40357468759284,111.14453707121359,112.00707732892633,946019
2022-08-01,106.3964614868164,109.22231014209908,104.58923886295396,109.0662319967877,1404098
2022-08-02,104.97531127929688,107.09469751966327,103.73489970662658,105.87071283077108,716798
2022-08-03,104.9013900756836,105.99393703997701,104.31814473698165,105.85429336412639,682101
2022-08-04,105.79679107666016,106.12537423519711,103.85812316417707,104.39208026802012,563380
2022-08-05,104.73709869384766,105.55035073100379,104.36743316643016,104.86852892748264,607145
2022-08-08,103.42273712158203,106.12536869233192,102.84771283568733,105.5092696195213,773620
2022-08-09,101.69766235351562,103.57060757924789,101.68123546862435,103.57060757924789,526869
2022-08-10,104.57279205322266,104.62208028155287,103.0366511100693,103.48845860693369,587922
2022-08-11,105.64892578125,106.55253325057473,105.18890481572922,105.18890481572922,343227
2022-08-12,109.25516510009766,109.2633785424794,105.97750908631804,105.97750908631804,593725
2022-08-15,109.66590118408203,109.73161630211922,108.08868531235326,108.54870629256679,535574
2022-08-16,110.24913787841797,110.25735132040566,108.94300360099928,109.20587162948536,498217
2022-08-17,110.62701416015625,110.65987550654195,109.02515043820729,109.54268065314437,463519
2022-08-18,110.98845672607422,111.0459583985137,110.01091314065067,110.89809370782238,484918
2022-08-19,111.65384674072266,111.94136268683613,109.8794779865745,110.45450987880145,670737
2022-08-22,108.30226135253906,110.35593259511789,108.19547144808584,110.35593259511789,677869
2022-08-23,107.628662109375,108.76228386274364,107.15220667675956,108.04760829079692,394729
2022-08-24,108.03939819335938,108.3515544784748,106.97149152360713,106.98791840904163,301034
2022-08-25,109.81376647949219,109.86305471253222,108.38441529830769,108.73764637226519,414798
2022-08-26,104.78638458251953,109.86304961936325,104.67958710173663,109.86304961936325,896089
2022-08-29,105.36962890625,106.01858938885064,102.50270547827007,104.7453163290528,401862
2022-08-30,102.22340393066406,105.49283888379695,102.11661402709727,105.14782884626253,746781
2022-08-31,102.33841705322266,103.2502456187655,101.75517924902577,102.72450949298434,870458
2022-09-01,101.3280029296875,101.99339025879193,99.6193493086685,101.55801719969926,576558
2022-09-02,97.59032440185547,102.63413560638955,97.32745636677699,102.63413560638955,954240
2022-09-06,98.50215148925781,98.5925145060731,96.0541820550233,97.30280709837595,735175
2022-09-07,101.25408172607422,101.61552625350835,97.91892381901008,98.1982187632641,497975
2022-09-08,101.27050018310547,101.64837156493438,100.49832295799337,100.9829842428821,385661
2022-09-09,102.71629333496094,102.83951013159823,101.63195218585484,101.78803033085126,354349
2022-09-12,102.23162078857422,104.09635259610859,101.78802669795397,102.81485855653895,377803
2022-09-13,98.51858520507812,100.97476806280959,97.75461386594316,100.65439836231663,377561
2022-09-14,98.3214340209961,99.84114813007176,97.37674420993041,98.2146365419742,720425
2022-09-15,98.10785675048828,98.19821977752437,96.90029878094322,97.7874870113352,570271
2022-09-16,96.33348846435547,97.03173720199992,95.13415150735388,97.03173720199992,1295774
2022-09-19,99.01146697998047,99.20040646773461,95.60238064268675,95.60238064268675,502327
2022-09-20,97.91069793701172,98.3625054681125,96.75242827196979,98.06678365269832,568216
2022-09-21,95.5613021850586,99.5043454868959,95.54487530048489,98.55144221907211,486369
2022-09-22,95.4216537475586,96.13632932524557,93.94301436003461,95.26557560857962,477543
2022-09-23,93.57335662841797,94.93699266980498,92.3411508217571,94.26338430317153,474279
2022-09-26,91.84005737304688,93.81979257921137,90.83786581734304,93.32691782109166,835882
2022-09-27,89.77816772460938,93.24476319113042,89.12921485834082,92.81760357515857,1076950
2022-09-28,90.74751281738281,91.31432372954141,89.54816829529585,90.44356996537257,935259
2022-09-29,89.37565612792969,90.2135484763335,88.52132931790676,89.83567709071491,785831
2022-09-30,89.12100219726562,91.30611144382527,88.92385683238832,89.26886690365636,846642
2022-10-03,92.14399719238281,92.98189713454403,89.55637638352609,90.50927967444278,804570
2022-10-04,95.44630432128906,96.67850258252152,93.02297501261717,93.4829959998897,726954
2022-10-05,94.04159545898438,94.92877610443107,93.49942487861442,94.32911142352519,539322
2022-10-06,93.46656036376953,94.4687442490501,92.86688817481352,93.58156370557654,576316
2022-10-07,92.3247299194336,92.91618874495818,91.70041732158676,92.74367613235833,441516
2022-10-10,92.75188446044922,93.95122893151924,92.22614836251593,92.87510883079322,422777
2022-10-11,91.97148895263672,93.71299631593881,91.39646465199384,92.84224263428776,630841
2022-10-12,90.01638793945312,92.16863545561205,89.92603250458335,92.16863545561205,899957
2022-10-13,91.7414779663086,92.37401153890987,87.71629256394006,88.34060511707256,885571
2022-10-14,90.44355773925781,92.91617501295443,89.95067545749666,92.43971961492667,598198
2022-10-17,93.0394058227539,93.36799658579599,91.58540666082236,91.74969825385487,547784
2022-10-18,95.11770629882812,96.16097256590795,94.60839711697213,95.29021889147441,466300
2022-10-19,93.77050018310547,95.61059162678914,93.38441535189934,94.37839342072368,548268
2022-10-20,92.84224700927734,94.52626035654444,92.19328654431348,94.02516458905247,638336
2022-10-21,94.48518371582031,94.83019375951996,92.1522099492887,92.61223849484104,787402
2022-10-24,91.0596694946289,95.13415096345187,90.70643840629697,93.87730475827294,1378588
2022-10-25,92.489013671875,92.53008846077299,90.59142813297018,90.94465919433075,1426826
2022-10-26,93.26119232177734,94.87948295921953,92.39865204977386,93.45834524988975,948921
2022-10-27,93.78693389892578,95.34772282704739,93.35976670520998,93.35976670520998,813637
2022-10-28,96.1363296508789,96.39098425502047,93.26941388789125,93.99230291055572,482016
2022-10-31,94.64946746826172,95.89810003798507,94.46874144195574,95.41343120523779,601221
2022-11-01,94.04159545898438,95.68452650898476,93.37620808065515,95.5284483623138,681255
2022-11-02,92.92440032958984,95.7091742119416,92.74367427752388,93.79515408732388,1027262
2022-11-03,94.45232391357422,95.26557595854881,91.67576359489198,92.00435433609137,509702
2022-11-04,96.94957733154297,97.02351346517852,94.84662547564204,95.92274551864166,494469
2022-11-07,97.6806869506836,98.14070790410506,96.60456691198212,97.44245924333057,528803
2022-11-08,98.05856323242188,98.83896150771777,96.69492718827185,98.14892625458953,427008
2022-11-09,96.10346984863281,98.1817813410785,95.98024548708642,97.58210914835713,355800
2022-11-10,103.26666259765625,103.43917519332983,98.9375344759113,99.45505710897952,719095
2022-11-11,103.27488708496094,104.57280043235379,102.60127871814821,103.66918536622083,769389
2022-11-14,101.92767333984375,104.84388477863251,101.88659855196376,102.53555898493426,577646
2022-11-15,102.51913452148438,104.65494777191753,102.35483536608461,103.4227419913012,835398
2022-11-16,102.58485412597656,102.83950873561676,100.96656344410707,102.47806421648004,456386
2022-11-17,102.07554626464844,102.7409336356585,100.78583873684512,101.54158913308567,772653
2022-11-18,103.53775024414062,103.6527535883722,101.54158071953272,103.39809899644446,823429
2022-11-21,100.48188781738281,106.79075853634367,98.58430232487254,105.35319399889578,1267242
2022-11-22,101.45122528076172,102.86414959364991,100.941916058858,101.7223143542431,1016865
2022-11-23,100.7940444946289,102.67521068744544,100.66261426520256,101.26228647076687,510548
2022-11-25,101.54979705810547,102.28090708609025,100.80226772230294,101.18835255379982,274920
2022-11-28,100.03008270263672,101.36086494662709,99.61934996780465,100.79404649866153,605936
2022-11-29,100.8515625,100.89262971465104,99.3975633690239,99.97258772088405,506438
2022-11-30,103.948486328125,103.96491321298159,99.70150012667784,100.86798322195322,1442301
2022-12-01,102.30554962158203,104.89317803528515,102.00982780402242,104.21956966651616,642326
2022-12-02,102.75735473632812,103.56239332128365,101.2047868170365,101.43479351160873,890890
2022-12-05,100.12044525146484,101.95231566482491,99.2332646699573,101.68944762500699,594451
2022-12-06,100.128662109375,100.50654108579667,99.17576637965206,99.92329573592029,433295
2022-12-07,100.81047821044922,101.74694700184662,99.4386287919786,99.84936151560653,415281
2022-12-08,100.26010131835938,101.97696846745465,99.77543242715046,101.32800799058955,444296
2022-12-09,99.69329071044922,101.08156711526095,99.62756801441577,100.39975286548345,437164
2022-12-12,99.52899169921875,100.25188068584374,98.88824471104252,99.24968920435501,560599
2022-12-13,100.84333801269531,103.09416226213919,100.08759521142544,102.35483876918829,543190
2022-12-14,100.68726348876953,102.60128361958095,100.3093920745591,100.87620298436319,508009
2022-12-15,98.23928833007812,99.27433362281978,96.76886239280023,99.27433362281978,582482
2022-12-16,97.81211853027344,98.51036720069348,96.94957828357111,97.33567068596193,1282596
2022-12-19,97.3603286743164,99.1429110252108,96.94137488248343,97.95177992559037,612222
2022-12-20,97.11388397216797,98.20643098379387,97.09744950955039,97.41782681838353,476455
2022-12-21,99.64399719238281,99.99722825116663,97.46710916643269,98.13249649540198,567007
2022-12-22,98.47750854492188,99.3400487488228,96.86743147711326,99.10182105000037,322311
2022-12-23,99.28254699707031,99.30718732263033,98.25570764890935,98.46929502197558,279393
2022-12-27,99.50434112548828,99.75078226817331,98.74859081357953,99.56184279595213,223901
2022-12-28,97.91890716552734,100.67081923333248,97.87783238092305,99.57827239392152,222813
2022-12-29,99.50434112548828,99.84114528332047,97.78747414559591,98.74037737165268,283866
2022-12-30,98.63359069824219,98.94574696352628,97.4671076360365,98.94574696352628,273227
2023-01-03,99.63578796386719,99.74257787255351,97.92713427093267,98.99504093477259,546092
2023-01-04,103.51309967041016,103.68561225928349,99.97257580124298,100.3668816306952,950734
2023-01-05,101.54158782958984,103.30774321242663,101.36908280116347,102.85593566905085,775433
2023-01-06,105.5667724609375,106.38002445838099,103.48024751683883,103.83347856507065,514417
2023-01-09,103.32417297363281,106.37181470933464,103.25023683840224,105.89535928244713,659735
2023-01-10,104.73709869384766,104.74531213632778,101.92767705496173,102.69164086026065,700115
2023-01-11,105.14783477783203,106.659335551542,104.88495914824854,105.58320785893734,665538
2023-01-12,104.99996185302734,105.80500041024936,104.84388372223697,105.57498614662475,550686
2023-01-13,103.51309967041016,103.96490717049484,102.61770568916769,102.91342748428089,597715
2023-01-17,102.23162078857422,104.32635929548289,101.77159981284909,103.46381901887621,553225
2023-01-18,100.21080780029297,103.32417220572249,99.76721372313546,102.27269247441528,658405
2023-01-19,97.46710968017578,99.72613971825352,97.2699567554455,99.61934981352067,587922
2023-01-20,98.62538146972656,98.99503942314826,97.12209417444767,98.06678402983258,813516
2023-01-23,99.15933227539062,99.76721795532724,98.30500543102342,99.20862050827675,939007
2023-01-24,99.68507385253906,100.26831161526174,98.23928824398563,99.31540832518975,735900
2023-01-25,100.13688659667969,101.01585379626695,97.63140766139652,98.7075277986439,1021821
2023-01-26,100.81047821044922,101.45121762236023,99.36469265861892,101.2376378183899,759959
2023-01-27,100.14508819580078,101.05691663615181,99.80007059569954,100.40795622260022,449737
2023-01-30,99.3975601196289,100.89262641638099,99.37291221466717,99.56185170379284,511153
2023-01-31,101.49229431152344,101.59087077319901,99.02789792358666,99.60292223204331,555643
2023-02-01,102.81485748291016,103.33238770505116,100.6790442085657,101.39371978083608,1992262
2023-02-02,103.01200866699219,103.49667753408919,101.77159702807907,103.25023637937683,1134860
2023-02-03,103.1352310180664,103.5213158387599,102.01803618984597,102.68342350608266,1885389
2023-02-06,102.61771392822266,103.54596932877334,102.35483830283123,103.17631137247045,1313909
2023-02-07,100.68726348876953,104.56459198502651,97.26175012413951,102.62593152538646,1470954
2023-02-08,99.72614288330078,100.76940921361297,98.86360259871924,99.8822210241697,868282
2023-02-09,100.0958023071289,100.93369463570032,99.39755364866863,100.49832158716062,482500
2023-02-10,99.97258758544922,100.12045228892326,98.75681618598054,99.51256658918892,650909
2023-02-13,100.78583526611328,101.01584954269025,100.15330926523556,100.56404200907336,533760
2023-02-14,100.64618682861328,101.0487061108536,99.00324835398762,100.43259944725887,583328
2023-02-15,100.8597640991211,101.09799180100677,99.76720962420926,100.1697288963372,441274
2023-02-16,100.67082977294922,101.12263729694676,99.23326520012382,99.66863826237372,559995
2023-02-17,100.128662109375,100.93370071794995,99.85758061796824,100.86798559999788,660098
2023-02-21,97.7546157836914,100.14509115218854,97.63961243925462,99.60292062173828,904189
2023-02-22,98.46929931640625,99.11825217483272,97.83676576542666,98.28035983763591,868766
2023-02-23,98.77604675292969,100.56255023701954,97.98571123147043,99.08065689626135,681738
2023-02-24,99.49229431152344,100.5625531756612,98.15036638405898,100.29086892511046,926917
2023-02-27,99.91217041015625,100.80129886931537,99.68988260015732,100.30734198916572,583570
2023-02-28,98.3808822631836,100.61193855035286,98.31501527487185,99.3688035581304,1149005
2023-03-01,98.27384948730469,98.69372305825188,97.67286827764933,98.07626371123817,784984
2023-03-02,99.72280883789062,99.91216313798576,97.82928861777424,97.9692388804769,1625218
2023-03-03,101.56694030761719,101.90448396462274,99.86277425851047,100.66958037017334,1106570
2023-03-06,100.54608154296875,101.72335716844387,100.36496630484054,101.56693635631008,629511
2023-03-07,99.70634460449219,100.81776077844982,99.6651796362694,100.56254708780237,732636
2023-03-08,99.68164825439453,100.06858834663551,99.14652641790381,99.68164825439453,724536
2023-03-09,97.10480499267578,100.12621194726078,96.91545828603327,100.12621194726078,1117814
2023-03-10,94.76671600341797,97.08010977554655,94.61029519819205,96.78373111503062,1082512
2023-03-13,95.71348571777344,96.47089536501043,93.26013394131819,93.70470195909878,1145862
2023-03-14,97.69756317138672,98.01863626222875,96.74256778035584,97.3106230924655,1014205
2023-03-15,95.0054702758789,96.19920884365743,93.5894439076476,96.13334944785491,850510
2023-03-16,96.65200805664062,97.15420398306229,93.27660202540123,94.34685327386337,1134497
2023-03-17,93.07901000976562,96.45441581489368,92.74146639180827,96.45441581489368,1392492
2023-03-20,93.87759399414062,94.47857523736344,92.84850008737945,93.60590974006855,843136
2023-03-21,94.58560943603516,95.41710998173814,94.14927288026676,94.89845107513901,537992
2023-03-22,92.97199249267578,95.00547063752752,92.94729047314839,94.6350010935118,720063
2023-03-23,91.94290161132812,94.05870976543777,91.55596910408677,92.88143410534234,681134
2023-03-24,92.48625946044922,92.54388738116418,90.28812902992058,91.26781886929881,416853
2023-03-27,93.89405059814453,94.21512368367624,92.66737858081348,92.98022019137436,729130
2023-03-28,94.03401184082031,95.1454280613726,93.19427227214966,93.7129311501109,392794
2023-03-29,95.26068115234375,95.3183090711634,94.12456294517516,94.61029590804483,448286
2023-03-30,95.63114929199219,96.24860103357321,95.32653915865663,96.01808936164984,403554
2023-03-31,96.74256896972656,96.84959333465635,95.88636645667644,96.26507506514659,476576
2023-04-03,96.8331298828125,97.32709432886274,95.92753092959099,96.61084967889578,497370
2023-04-04,93.47418975830078,96.874297879924,93.21073698309895,96.85782733546638,597110
2023-04-05,92.53565216064453,93.30952471174305,92.2722069936335,93.03784806976475,651877
2023-04-06,93.00492095947266,93.04608593074593,92.22281687972885,92.69207932757513,592395
2023-04-10,93.75409698486328,93.76232846020656,92.31337617865665,92.46156551567134,558786
2023-04-11,93.72940063476562,94.48681025497757,93.44948491716887,94.05870520340815,599528
2023-04-12,94.14102935791016,94.95606684787424,93.78702279188478,94.0751623733394,772895
2023-04-13,95.40064239501953,95.96869772196166,93.65530385035981,94.52796932588372,563501
2023-04-14,94.68439483642578,96.06748767573787,94.22335629637674,95.26891309613977,505954
2023-04-17,95.2689208984375,95.43357319416154,94.42094980535961,94.87374931380995,473795
2023-04-18,95.1207275390625,95.94399657654401,94.62676307912879,95.57352702839972,376231
2023-04-19,94.67616271972656,95.29362211228428,94.33039517971793,94.67616271972656,360273
2023-04-20,95.10426330566406,95.72171507544806,94.11633439912016,94.11633439912016,322795
2023-04-21,94.4703369140625,95.48296020275609,94.00107450051492,95.44179523449158,337665
2023-04-24,94.27275848388672,94.86551584839579,93.71293461527665,94.63500415793925,538113
2023-04-25,93.63060760498047,94.2480593654677,93.28483249289633,93.7787969387308,394003
2023-04-26,92.74970245361328,93.80349073309964,92.4203978876804,92.83203239190237,745209
2023-04-27,95.09603118896484,95.26068347440764,92.8814302330761,92.8814302330761,464365
2023-04-28,95.05487060546875,95.90284168472674,94.47857618940836,95.09603557713194,739164
2023-05-01,95.80404663085938,96.21568115098918,95.04663698760918,95.04663698760918,598440
2023-05-02,94.19866180419922,95.2606815533477,92.73323902800337,95.15365719028759,514779
2023-05-03,94.89021301269531,96.67670889675777,94.09986990046254,94.8572795184817,483467
2023-05-04,94.92313385009766,95.49118913490902,93.42478523789393,94.70908513315588,858490
2023-05-05,98.0762710571289,98.46321116317618,95.58999331355253,95.58999331355253,841443
2023-05-08,96.56145477294922,98.64432936110354,96.56145477294922,98.17505933307235,863084
2023-05-09,97.77166748046875,101.73983102100276,95.12072987610115,95.5735293765633,2438372
2023-05-10,94.37155151367188,98.41381351416705,93.23544082367465,98.41381351416705,1510366
2023-05-11,95.68878173828125,96.21567968717636,93.85288937647752,94.00107871270315,831650
2023-05-12,94.79141998291016,96.67670875320223,94.01753982212743,96.36386713627856,696367
2023-05-15,93.86111450195312,95.0877864852695,93.70469370101011,94.84081186854682,624070
2023-05-16,93.4494857788086,94.23159742536657,92.89789340731528,93.62237713351006,750649
2023-05-17,95.25244903564453,95.34301044758463,93.6059034516091,93.852885668895,770477
2023-05-18,95.89459991455078,96.0427892521971,94.1328060007756,94.99724000690648,975518
2023-05-19,96.26507568359375,96.93192389669291,95.36770819512591,96.58614878044582,613552
2023-05-22,96.37210083007812,96.73433889978239,95.77111200780962,96.13335007751388,414072
2023-05-23,95.49943542480469,96.9730897243105,95.37594051396108,96.18274659446963,857764
2023-05-24,94.34685516357422,95.5982292670672,94.3056901928835,95.26068561973773,493743
2023-05-25,92.9472885131836,93.82819303727496,92.49448903844053,93.47418645133445,810252
2023-05-26,93.86111450195312,94.19042664693568,92.98021761310444,93.02138258042868,678958
2023-05-30,93.1448745727539,94.27275372865417,92.93082584423767,94.05870500013793,536541
2023-05-31,90.23049926757812,92.84026415875789,89.73653482351479,92.67561187527402,1170404
2023-06-01,91.2348861694336,91.67122270666579,89.99998261692232,90.6092029178058,912289
2023-06-02,94.66792297363281,95.1042594887799,92.15695102523006,92.15695102523006,1171613
2023-06-05,94.10810089111328,95.21951709016281,93.19427046910471,95.063096282274,626367
2023-06-06,95.80404663085938,95.9686989201889,93.95168369666325,93.95991517208793,935380
2023-06-07,95.53235626220703,96.99777900870058,95.14542378674273,95.88636283808125,1182373
2023-06-08,96.05101776123047,96.10041420558707,94.44564471005873,95.70525024434605,935501
2023-06-09,95.68878173828125,96.1415812222576,94.68439747312335,96.1415812222576,699752
2023-06-12,95.53235626220703,95.86166841338868,94.87373955345528,95.82050344528953,876987
2023-06-13,96.01809692382812,96.62731723848012,95.41710808473432,96.01809692382812,1092063
2023-06-14,94.91490936279297,96.38856365934937,94.5444398182275,96.00986263946652,964033
2023-06-15,95.68878173828125,95.76288020320001,94.75848834443022,94.75848834443022,1651574
2023-06-16,95.96869659423828,96.66024682371828,95.76287933916169,96.18274532454005,1540228
2023-06-20,95.0877914428711,95.7052507977045,93.98461430401099,95.31831071573863,1268330
2023-06-21,94.6596908569336,95.03016038270171,94.09163555912606,94.78317816765245,961252
2023-06-22,95.8122787475586,96.11688890198238,93.92698989904548,94.60206960534325,1029317
2023-06-23,94.26451873779297,95.31007550952114,94.09986645996844,95.31007550952114,934776
2023-06-26,94.74202728271484,95.11249683385908,94.16573287692152,94.20689784785134,539080
2023-06-27,95.82050323486328,96.1580468602012,94.577360687779,95.18658095219622,667472
2023-06-28,95.75464630126953,96.26507369301852,95.14542602120706,95.92753005901224,444055
2023-06-29,97.36002349853516,97.48351841100013,95.49943667862686,95.49943667862686,460859
2023-06-30,97.8786849975586,98.61139258515217,97.21182921014754,97.96923881642121,1071389
2023-07-03,98.24915313720703,98.74311756769558,97.28592629456013,97.60699937757191,374660
2023-07-05,99.95333099365234,100.13444623033871,97.81282089919661,98.05157164996832,1230973
2023-07-06,99.76397705078125,99.96156283232969,98.59493290569418,99.28647554750185,1030405
2023-07-07,99.80513763427734,100.60370460705683,99.30294172718266,99.30294172718266,561929
2023-07-10,100.6448745727539,101.14707050478461,99.6157882826641,99.6157882826641,637732
2023-07-11,103.0158920288086,103.06528847239517,100.76013376104093,100.76013376104093,845916
2023-07-12,102.43961334228516,103.89679715279188,102.37374634989169,103.73214485903267,558302
2023-07-13,102.72774505615234,103.27933741174887,102.16792122554286,102.49723338134282,407544
2023-07-14,101.44345092773438,102.74422148823444,100.95771793801501,102.74422148823444,483709
2023-07-17,100.5213851928711,101.46814152288322,100.46375727304192,101.25409279391434,669044
2023-07-18,100.94125366210938,101.59987040919926,100.32380188551485,100.43905772801229,677749
2023-07-19,100.6448745727539,101.54224207013492,99.45936747031492,100.94125324676665,792238
2023-07-20,101.32819366455078,101.41874748722654,99.45113631667685,100.72720483923844,645469
2023-07-21,103.70744323730469,104.14377216517653,101.97033622005733,102.22554991544271,787765
2023-07-24,103.73213958740234,104.18493906743822,103.22171218715998,103.81446952690408,440065
2023-07-25,103.90503692626953,104.28373796384359,103.19702370533291,103.50986534367937,325817
2023-07-26,104.56365203857422,104.9835180416013,103.78154036151825,103.78154036151825,490600
2023-07-27,103.6662826538086,104.52248518923457,103.41930042304995,104.52248518923457,468476
2023-07-28,103.15585327148438,104.77769689448391,102.50546800850897,104.53071466844186,439098
2023-07-31,103.24641418457031,103.56748728005773,102.76068121011433,103.15585276985996,421568
2023-08-01,104.18494415283203,104.34959644626055,103.15585782688854,103.27934514855687,770114
2023-08-02,104.95057678222656,105.32928537938369,103.59217838593916,103.88855704625041,839630
2023-08-03,104.9258804321289,105.64212505126676,104.32489164757128,104.88471546446128,614882
2023-08-04,104.74476623535156,105.86441396131087,104.24257029440645,105.14816928320543,810010
2023-08-07,105.78208923339844,105.94674152030954,104.96705168053482,105.0246796012731,1130266
2023-08-08,110.61468505859375,110.75464291760548,103.88855988057362,105.06583548536358,1350661
2023-08-09,112.26946258544922,113.15859100039556,109.9890022375277,110.60645400222052,967176
2023-08-10,112.5411376953125,113.1009615322049,111.4708864657715,113.07626710688888,698422
2023-08-11,112.34355163574219,113.10919272278917,111.94014860770125,112.6152358752055,495436
2023-08-14,112.76342010498047,113.29031805176568,111.84958966538768,112.08834041617492,605331
2023-08-15,112.29415893554688,113.15859293965345,112.10480462784024,112.39295182707974,579943
2023-08-16,111.30623626708984,112.75518853389107,111.10041901115531,111.94838246067191,367769
2023-08-17,109.49504089355469,111.87429419879047,109.47034646720033,111.67670841350744,435350
2023-08-18,109.94783782958984,110.49943020174503,108.77056221432699,108.77056221432699,523242
2023-08-21,112.09656524658203,112.13773021408612,110.17834306594982,110.17834306594982,903221
2023-08-22,112.28592681884766,112.49997555140897,111.39679080013035,112.00601869017792,790908
2023-08-23,112.08010864257812,112.66463450828468,111.30623606541094,112.5823045686153,392190
2023-08-24,110.47472381591797,112.29415314650886,110.3841699980244,112.07187294882497,478269
2023-08-25,110.81227111816406,111.42149140687494,110.2030508294532,110.92752695829536,362087
2023-08-28,111.32270050048828,111.87429287896069,110.43357207081611,110.86166953813753,523484
2023-08-29,111.58614349365234,111.7013993335789,110.0301668738083,111.14157549072041,480807
2023-08-30,111.47911834716797,112.31061883362581,111.10864881079519,111.84135640840539,412138
2023-08-31,110.99339294433594,111.80019141157726,110.54882494463106,111.80019141157726,721755
2023-09-01,111.45442962646484,112.38472304938662,111.36386820811724,111.9401550268174,461585
2023-09-05,109.19865417480469,111.49557736916829,108.91050699354926,111.0674799283193,422656
2023-09-06,108.81995391845703,109.56912444504981,108.3918488810782,109.02577116543924,699389
2023-09-07,108.41654968261719,109.18219074403146,107.58504163550754,108.67176336975528,651393
2023-09-08,107.63443756103516,108.63059788037606,107.4697852848104,108.53180499591892,565314
2023-09-11,108.1448745727539,108.4988811746791,107.48625781553521,108.00492430197416,581756
2023-09-12,108.1530990600586,108.3012883903786,107.51918436392153,107.84848892444715,549356
2023-09-13,107.9966812133789,108.89404869485413,107.46155938946198,108.1201761221679,747627
2023-09-14,110.31830596923828,110.43356940224965,108.40008370077511,108.80348673228549,630720
2023-09-15,108.8528823852539,109.97253005770969,108.42478493139033,109.33861535200991,2117632
2023-09-18,109.67615509033203,110.36770533223988,108.95991042230489,109.36331346448247,504382
2023-09-19,108.92698669433594,110.01370093112054,108.2436679141663,109.58560345428143,382760
2023-09-20,109.63499450683594,110.72994016528418,109.11632804376916,109.35507879066581,432207
2023-09-21,107.94728088378906,111.18273651089129,107.85672706627012,110.31007108002399,884966
2023-09-22,108.8528823852539,110.07955442117557,107.46978954168118,108.18603418556012,1484494
2023-09-25,108.89405059814453,109.53620439168044,108.40832521053115,108.40832521053115,740131
2023-09-26,108.1448745727539,109.75848676698152,108.05431315499376,108.98461416549287,748957
2023-09-27,112.11304473876953,112.42588636699377,108.79525895983662,108.90228332772323,1662817
2023-09-28,111.89075469970703,113.46320187847712,111.57791307772963,112.42588412206659,1035483
2023-09-29,112.37648010253906,113.18328612252853,111.60260757502657,112.40940600140468,1216707
2023-10-02,110.61468505859375,113.60315857451396,110.0301667905981,112.04717436223484,1231699
2023-10-03,109.61852264404297,111.48734844023386,108.64706431149185,110.40063426999318,607507
2023-10-04,111.11688232421875,111.89898638059941,108.7952569873239,109.66792245907808,1312216
2023-10-05,110.63938903808594,111.96485400055917,110.08779666106449,110.8122728009082,750770
2023-10-06,113.28208923339844,113.61139381345227,109.75848618387269,110.2936156184752,880130
2023-10-09,115.32379150390625,115.85068183568322,112.95276982368672,112.95276982368672,757420
2023-10-10,114.62401580810547,115.67780412028448,114.60755285738159,115.4637553864263,747023
2023-10-11,115.54607391357422,115.73542821508632,114.59108611814729,114.84629981398946,537871
2023-10-12,114.03126525878906,116.2129327398346,113.29031857719153,116.0812063541244,624796
2023-10-13,113.96539306640625,114.2453087756573,112.63992816895706,114.16297883914545,680771
2023-10-16,113.79251098632812,114.7228043519866,113.57022319192015,114.40996273841711,701323
2023-10-17,114.96978759765625,115.2579347886475,113.19975466970318,113.23268816380873,516351
2023-10-18,111.28153228759766,114.67340880675545,111.24036731841346,114.67340880675545,454089
2023-10-19,109.34684753417969,111.70139873287806,109.29745108967512,111.14157489303015,616212
2023-10-20,109.09163665771484,110.4006386741321,107.85673310677657,109.68439400709894,855346
2023-10-23,108.38362121582031,109.70908615544208,108.26013390073507,108.5976699452277,471982
2023-10-24,108.99284362792969,109.37155224298215,107.92259236641806,108.58944058682353,646074
2023-10-25,109.33039093017578,110.47473310174354,108.91875639994747,108.91875639994747,662516
2023-10-26,109.55266571044922,110.69701541884561,108.78702461098285,109.40447637568684,958471
2023-10-27,107.96375274658203,109.98076786635711,107.3215989795322,109.09163188121117,513450
2023-10-30,108.01314544677734,108.4988707975228,107.20633942682888,108.43301140618355,358097
2023-10-31,109.74201965332031,109.86550696840949,107.94728469164902,108.24366336019722,770356
2023-11-01,107.15695190429688,109.93137676314278,105.48571180866843,109.74202245446845,1056156
2023-11-02,110.2359848022461,110.41710003843664,107.44509704607863,107.88142598287412,624070
2023-11-03,110.29361724853516,111.46266143414432,109.97253654558348,111.21567919864772,528199
2023-11-06,109.97252655029297,110.38416863444836,108.67999516121843,110.38416863444836,575591
2023-11-07,109.80787658691406,110.18658518610681,108.90227765118804,109.68438927459307,458321
2023-11-08,109.18219757080078,110.09602801675099,108.68000163993315,110.05486304652035,578250
2023-11-09,108.86935424804688,109.85727555010735,108.29305986103411,109.85727555010735,557819
2023-11-10,110.26891326904297,110.59822544172498,107.98845286102184,109.23982696743424,601100
2023-11-13,110.21951293945312,110.3018428781259,109.23982311858354,109.98076978580323,536904
2023-11-14,112.82928466796875,113.75134656299929,111.19920960468052,111.19920960468052,716436
2023-11-15,112.78812408447266,113.75135098601555,111.14981748239236,112.47528245723855,538113
2023-11-16,109.5773696899414,114.62401585652421,107.9061296015677,113.15859302673368,2121863
2023-11-17,111.405029296875,111.4461942668358,109.37978263603254,110.36770394703254,1560901
2023-11-20,112.77165985107422,113.57022686089624,109.6679228530373,111.45442636661878,1118539
2023-11-21,102.9747314453125,108.95991006832327,102.90887204892971,108.67177046314106,3033668
2023-11-22,102.05266571044922,102.99942961855122,99.37703386136907,101.73982409729875,1962521
2023-11-24,101.56694030761719,102.5548692580665,101.21293369930822,102.51370428619575,640512
2023-11-27,100.77659606933594,101.63279855484753,100.43905244137504,101.0729747289682,1230006
2023-11-28,102.13500213623047,103.0158991127568,100.41436556098714,100.7601406898706,2401377
2023-11-29,103.89678955078125,103.90502861943676,102.25025154644004,102.29964799031475,1866045
2023-11-30,104.70359802246094,105.39514825268782,103.69097469643464,104.02851833631402,2631807
2023-12-01,106.6629867553711,107.04992684562238,104.34136140108721,104.43192281713904,1175361
2023-12-04,106.45716857910156,107.46979191041056,105.92203915636567,106.78647315185297,1379072
2023-12-05,105.08230590820312,106.36660587616501,104.044980570009,106.22664801731463,1275584
2023-12-06,106.03730010986328,106.605355420415,105.00820625846863,105.19756055985644,1119990
2023-12-07,105.68329620361328,106.16079011311139,104.23433633730927,106.01260077700262,1360696
2023-12-08,104.79415893554688,106.19372233976821,104.72829954037786,106.16902032057246,953998
2023-12-11,105.58450317382812,106.27604581447979,104.74476360365095,104.98351435489154,782929
2023-12-12,105.87264251708984,106.07022829782339,104.9917455726627,105.80678312138262,957504
2023-12-13,106.18549346923828,106.68768181093667,105.37045590718651,105.87264424888488,957988
2023-12-14,106.11962890625,108.1778091405622,105.66682940657357,106.99230200326346,979870
2023-12-15,104.38252258300781,105.97967173813446,103.98735103175078,105.1728656855219,1530677
2023-12-18,104.05320739746094,105.1810940994504,103.80623277872473,105.1810940994504,828749
2023-12-19,105.98789978027344,106.24311346659205,103.89678625380593,104.38251920209527,1046364
2023-12-20,103.84739685058594,106.44070645069034,103.80623947388302,105.60096687454794,802272
2023-12-21,104.9999771118164,105.18109994213633,103.92149438599947,104.33312889824087,480686
2023-12-22,105.43631744384766,106.19372709988345,105.01645144120556,105.53511033783546,378770
2023-12-26,105.5268783569336,105.8808849597593,104.92588952032109,105.15640120944737,1594390
2023-12-27,107.15695190429688,107.16518337969802,105.55157120548958,105.74915698956507,830200
2023-12-28,107.05815887451172,107.43685989776114,106.58889643474222,106.95113450721054,608233
2023-12-29,106.86056518554688,107.7249991290113,106.44893069757443,107.02521746201357,648371
2024-01-02,105.3539810180664,106.8523372868099,105.06583382939765,106.23488553418687,765036
2024-01-03,104.4072265625,105.16462859181752,104.08614587426804,104.99174483170171,877591
2024-01-04,104.08614349365234,105.1481632365041,104.0449785249629,104.57187645568682,1022063
2024-01-05,104.20964050292969,104.53894507186813,103.64980906723311,104.3825242625806,619355
2024-01-08,105.89734649658203,105.93027999185115,103.63334904511488,104.03675208931064,961736
2024-01-09,107.9061279296875,107.93905383063901,104.81886150516131,105.39514830154296,1319833
2024-01-10,108.63059997558594,109.0669288956778,107.51095232588415,107.76616601671894,1140421
2024-01-11,108.95990753173828,109.33861613774991,107.39569944398691,108.90227961204342,1172217
2024-01-12,110.17835235595703,110.83696911072133,109.28099243803925,109.61852849408797,1127123
2024-01-16,108.7293930053711,109.69261985187127,108.21073414808906,109.3139112557779,1247657
2024-01-17,107.38745880126953,107.78263035179869,106.885262888074,107.52741665768389,1108625
2024-01-18,108.48241424560547,108.78702438972886,107.32983306433506,107.70854167249486,879526
2024-01-19,108.89405059814453,109.48680794602384,107.42862777273974,108.89405059814453,777489
2024-01-22,110.00546264648438,110.40063419671382,109.05869873966157,109.338614452278,695641
2024-01-23,110.40886688232422,110.66408057904377,109.84081156944673,110.55705621528509,448649
2024-01-24,110.39241027832031,111.45443009545404,110.21951891645425,110.97692857503674,695762
2024-01-25,111.72610473632812,111.791964133479,110.60645701670329,111.28153671993273,691168
2024-01-26,112.94454193115234,113.0680368398872,112.14596733961375,112.17066935880544,672792
2024-01-29,113.53730010986328,113.60315950550955,112.21183516001236,113.10096357887855,616816
2024-01-30,113.8666000366211,114.26177158160178,113.18328890143495,113.50436198492598,1089524
2024-01-31,110.95223236083984,113.91600395546911,110.32654150902235,113.91600395546911,1047573
2024-02-01,112.74695587158203,113.00216956999833,110.76287420407317,110.9769229330136,1258417
2024-02-02,113.8583755493164,114.311175040127,111.85783087049337,112.26946539057353,1294202
2024-02-05,112.78812408447266,113.55376520173886,112.49174540805761,113.01040429497793,1549779
2024-02-06,115.183837890625,118.49339211360332,113.93247140817286,115.2990937311431,1510608
2024-02-07,118.20523834228516,118.39459263660996,116.0811989180485,116.41874253919991,1364564
2024-02-08,117.86770629882812,118.45223218877295,116.88801642547497,117.90887127036979,843377
2024-02-09,119.8023910522461,119.81886159695217,117.80184634345846,117.90887071279337,916883
2024-02-12,119.8023910522461,120.00821590898109,119.17670778733054,119.8023910522461,685123
2024-02-13,117.77713775634766,119.60480618951993,117.34904030287727,119.05321382889421,875173
2024-02-14,118.78976440429688,119.4730831663781,118.32050196858094,118.65804561196184,1331922
2024-02-15,121.26781463623047,121.26781463623047,119.20141051715422,119.20141051715422,927159
2024-02-16,121.46539306640625,122.80732853478189,120.55156264559545,121.26780728962427,1089161
2024-02-20,119.67890167236328,121.3089767982016,119.34135802546096,120.41160929400519,639787
2024-02-21,119.01204681396484,120.39513963249122,118.29580218305632,119.5636391651084,989542
2024-02-22,120.14816284179688,120.39514506940353,118.4769227630018,119.5307110695862,888714
2024-02-23,121.0125961303711,121.30074332648728,120.04936924517241,120.29635147132744,396905
2024-02-26,120.59272766113281,121.7206068093545,120.29634899584572,121.08669210327798,927522
2024-02-27,121.25957489013672,121.63828349061909,120.13169575094744,121.0455261647919,506438
2024-02-28,121.12785339355469,122.10754317937817,120.96319352209946,121.3830670819765,556368
2024-02-29,120.7326889038086,121.79470868739202,120.18109652688277,121.30897570672822,1120957
2024-03-01,120.7079849243164,121.02082654349648,119.95057530195903,120.73268694352105,576920
2024-03-04,121.1360855102539,121.77823167533042,119.80238154990185,120.70798047325805,646920
2024-03-05,121.11962890625,121.95936088722632,120.48570658924315,120.63389592593519,600616
2024-03-06,120.95497131347656,121.6218195444,120.06584287011601,121.51479517592198,495799
2024-03-07,122.4450912475586,122.51095064236411,121.17725423428499,121.44069940711877,607870
2024-03-08,120.96319580078125,123.07900380889016,120.70798210755177,122.66736930972077,477301
2024-03-11,121.7206039428711,121.77000038592234,120.15638830865602,120.96319434728919,547663
2024-03-12,122.81555938720703,123.02137663804282,121.201947280743,121.9511254149744,466058
2024-03-13,124.01753997802734,124.90666839683462,122.9637516796975,122.9637516796975,571117
2024-03-14,122.93904876708984,123.44947616523272,121.68768229092629,123.13663454619184,656592
2024-03-15,122.6426773071289,123.96814224310158,122.08284587235578,122.31336514512188,1621591
2024-03-18,121.77823638916016,122.97198254168619,121.55595618396983,122.64267797150704,503052
2024-03-19,123.3012924194336,123.35068886340584,121.45716104234091,121.84410111905865,481654
2024-03-20,123.99283599853516,124.54442836154752,122.88965127251042,123.26835987709133,611860
2024-03-21,124.6596908569336,125.54882690277402,124.12456900920641,124.54443501182499,485764
2024-03-22,123.51534271240234,124.79141120319721,123.16956760021012,124.79141120319721,514417
2024-03-25,123.55651092529297,123.71293173836033,122.70030839430679,123.63060179733036,717886
2024-03-26,123.80348205566406,124.78317947045507,123.63882977187824,124.12456274169998,559270
2024-03-27,125.90282440185547,125.96868379520991,124.59382244806481,124.65968184141926,725866
2024-03-28,126.56144714355469,127.19536186960813,125.72994663441656,125.95222684358086,600495
2024-04-01,124.50326538085938,126.12510900169399,124.0916308692094,126.12510900169399,500030
2024-04-02,123.25189208984375,124.73377776868129,122.91434846773957,124.69261280106691,868161
2024-04-03,123.38362121582031,124.26452577832603,123.08724253648822,123.30953034279332,932841
2024-04-04,122.78262329101562,125.13718200675102,122.3545258483064,124.50325972395673,710512
2024-04-05,121.77823638916016,123.35069115036522,121.68768256820857,122.86495817669737,652965
2024-04-08,120.29635620117188,122.75793949062565,120.189331831232,122.11578567737419,730218
2024-04-09,120.79031372070312,121.23488171967429,119.50601376173148,120.96319747905271,524572
2024-04-10,118.8309326171875,119.87648947713933,118.79800671501121,119.14377424953501,352898
2024-04-11,120.10700225830078,120.79854488352302,117.41489984607445,118.83092618413617,731064
2024-04-12,119.08614349365234,120.13170032872684,118.41929527349143,119.29196075180556,577162
2024-04-15,118.5345458984375,120.4774701459673,118.28757127441347,120.4774701459673,634709
2024-04-16,119.35781860351562,119.55540437119302,118.12290755553187,118.55101258337002,712446
2024-04-17,117.70304870605469,120.12346691270052,116.55046752285021,120.12346691270052,668198
2024-04-18,118.1393814086914,119.19316207434795,117.6865819440124,118.1393814086914,376957
2024-04-19,118.41106414794922,119.28372962884137,117.85124029288521,118.69097987228722,462794
2024-04-22,118.6415786743164,119.53893854538289,118.27933302353868,119.25903042586843,391948
2024-04-23,119.0696792602539,119.68713102806196,118.88032495483698,119.05321630973482,417457
2024-04-24,118.5345458984375,119.3495834198293,117.85946623264117,118.69920577260233,423260
2024-04-25,118.69920349121094,118.70743496603865,116.89623713392949,117.9747198022004,341534
2024-04-26,119.30020141601562,119.8764882278282,118.50162679876905,118.50162679876905,472949
2024-04-29,120.07406616210938,120.15638850492157,119.2837230719985,119.2837230719985,607749
2024-04-30,118.16407775878906,120.04936651637142,118.05705339548993,119.62950053825764,554796
2024-05-01,117.88417053222656,119.36605627310273,117.76067562421336,118.43575530307224,600133
2024-05-02,119.31665802001953,119.37428593877414,116.85507490194259,118.22993625786756,512120
2024-05-03,121.92642974853516,122.11578405912513,119.25080534827053,120.09876882095907,808196
2024-05-06,122.73323059082031,124.31391681176213,122.25573669065196,123.00491483185056,1312700
2024-05-07,116.60809326171875,122.68383309032735,115.38142123091127,121.8523326113536,1676479
2024-05-08,114.03126525878906,115.91655406719559,113.08450132012752,114.4346607040005,1561264
2024-05-09,115.08504486083984,115.7683636151071,113.60315910553899,114.19591644510406,1313183
2024-05-10,114.63224792480469,115.85892760089516,114.2206134055092,115.76836618418326,571238
2024-05-13,113.87483978271484,115.2167753194132,113.69372454051795,115.16737887270276,609321
2024-05-14,113.5043716430664,114.58285441500185,113.16682798740506,114.41820212178673,483467
2024-05-15,113.37263488769531,114.08065563037798,112.82105013553168,114.08065563037798,664208
2024-05-16,113.40557098388672,113.68548669743842,111.80019035252128,113.01863850100388,893792
2024-05-17,112.32709503173828,113.69372500051512,111.9154605053565,113.62786560250542,582965
2024-05-20,112.69756317138672,113.18329615883967,112.02248346783242,112.31886214557197,477180
2024-05-21,114.26177978515625,114.36880415400385,111.68494067646772,112.73049753202747,871184
2024-05-22,113.5043716430664,114.35234272322313,113.00217569418994,114.22884780810266,868403
2024-05-23,114.03949737548828,115.0685836665962,113.08450195615089,113.66902023579988,960768
2024-05-24,115.66957092285156,115.7848267634267,113.73488568434534,114.6404846456912,643293
2024-05-28,113.2079849243164,115.98240965965398,113.07626613653778,115.92478174079936,815571
2024-05-29,110.41709899902344,112.73049282678934,110.4006360486916,112.42588268397955,704950
2024-05-30,113.09272766113281,113.32323933364577,109.61028980614151,110.31830296076542,1084204
2024-05-31,114.71456909179688,114.87922136819871,112.25298604610202,113.47142655997618,1487879
2024-06-03,113.59493255615234,114.82983614018377,112.31062493140301,114.78867116866029,719579
2024-06-04,114.12181091308594,114.16297588027496,112.35177807284916,113.33970691094008,824638
2024-06-05,113.8583755493164,114.51699230016708,112.68933138607738,114.03949838308544,866227
2024-06-06,113.8583755493164,114.03126690766177,112.66463695980633,113.25738672004353,625158
2024-06-07,114.48405456542969,115.7436600989091,113.75957844440545,113.85837133305527,610651
2024-06-10,115.27439880371094,115.3896546437274,114.08066024671355,114.29470897634748,666868
2024-06-11,114.83805847167969,114.87099196499855,113.62785700437063,114.78043055358036,631324
2024-06-12,115.10974884033203,116.08120721208763,114.3688021532581,115.58724275403836,784380
2024-06-13,114.59109497070312,115.01096098161241,113.12567207677118,115.01096098161241,690564
2024-06-14,113.77603912353516,114.97801671357786,112.68932496369094,113.99009544041144,850027
2024-06-17,115.86714935302734,116.02357015348872,113.36440135842271,113.61138356799628,543190
2024-06-18,116.0811996459961,116.66572548219075,115.68602810531367,116.01534025375284,686211
2024-06-20,116.23762512207031,116.63279667864113,115.62017336173429,116.08120431319632,1152390
2024-06-21,116.04827117919922,116.70688791099124,114.673409795705,116.08120467355295,1532369
2024-06-24,116.97856903076172,117.60425225149591,115.80952493256218,116.31171324797572,994861
2024-06-25,115.20030975341797,116.97034272568698,114.53345394115807,116.82215338891945,980354
2024-06-26,114.49229431152344,114.95332526341294,113.89953697611759,114.43465879812693,957383
2024-06-27,114.80513000488281,115.3731852918589,113.94069606549883,114.92861731324707,1301577
2024-06-28,115.01918029785156,116.68218880784126,114.23707628240693,115.25793103671845,1578069
2024-07-01,113.8583755493164,115.42259128178824,113.33971666150437,115.20854254632448,798766
2024-07-02,113.42203521728516,113.8666032178087,112.72226111271182,113.8666032178087,552378
2024-07-03,114.0147933959961,114.42642790536357,112.95277362812774,113.01864061702705,623103
2024-07-05,112.5740737915039,113.12566616604107,110.51589362951206,113.01864179997426,1104878
2024-07-08,113.33148193359375,113.83367785614597,112.95277332607682,112.99393829562585,429426
2024-07-09,112.32709503173828,113.36441282324242,112.25299656456677,113.21622348251152,363295
2024-07-10,114.08065795898438,114.14651735287137,111.91545349963137,112.51644230048372,410808
2024-07-11,116.17176818847656,116.27056107971237,114.08889359080233,114.50875958174852,575832
2024-07-12,118.49339294433594,119.0367462497945,116.54223714902523,117.07736657280267,722360
2024-07-15,119.12730407714844,119.62949999101583,118.41929091270704,118.55101729426353,772895
2024-07-16,124.09986114501953,124.1163316889824,119.37428818836142,119.66243538117615,921719
2024-07-17,123.12017059326172,125.2112766135813,123.12017059326172,123.72939087599485,900441
2024-07-18,122.46155548095703,125.44179753929357,121.75354230014136,123.46594733192045,695400
2024-07-19,121.7535400390625,123.54003590839568,121.0537583464779,122.84025421581109,452276
2024-07-22,123.02960968017578,123.07900612475002,121.59712038113466,122.4203893949641,410083
2024-07-23,124.54443359375,124.61853206019909,122.50272393284638,122.84849905784729,550686
2024-07-24,117.67011260986328,124.59382343760835,117.60425321598578,124.39623766236416,1709604
2024-07-25,119.93411254882812,121.50655971612426,118.40283035119955,118.49339176574584,847125
2024-07-26,120.18109893798828,121.75354615977614,119.61304359900345,120.79031924806722,637369
2024-07-29,120.03290557861328,121.21841266347377,119.79415482915229,120.78208372787923,684035
2024-07-30,120.35397338867188,121.39953016164137,120.27165104646762,120.46099774906546,654657
2024-07-31,120.48571014404297,122.07462033068394,119.9258862756711,121.20195482904724,655987
2024-08-01,119.17670440673828,121.07023228609091,117.90886736816485,120.92204294961256,1047452
2024-08-02,117.10205841064453,118.67450555882877,116.36935081519216,118.67450555882877,719821
2024-08-05,115.36495971679688,116.44344242909114,113.51259684132476,114.5169886835338,1237260
2024-08-06,115.82598876953125,117.91709476491508,113.24914981133381,115.37318930044435,1064861
2024-08-07,114.78044128417969,117.48900684334765,114.73927631208558,116.02358395463816,1301577
2024-08-08,117.1185302734375,118.00765868684914,115.02741663997517,115.42258819865225,1749017
2024-08-09,118.1393814086914,118.73213113472032,116.24585361326591,117.19261751097865,1219609
2024-08-12,118.13114929199219,118.5839411605998,117.16791485600339,118.37812391355578,803723
2024-08-13,118.5921859741211,119.15200982443397,117.64542203568722,118.49339308326518,995829
2024-08-14,119.36605834960938,119.99997307015818,117.69481827687358,118.57571522413357,989784
2024-08-15,120.71622467041016,121.1937185770569,119.84355160955464,120.39514398061922,680650
2024-08-16,120.94673156738281,121.53125740991229,120.46099861109462,120.54332854749953,695279
2024-08-19,121.88526916503906,122.1981107868905,120.92204228006916,121.10315751679859,607991
2024-08-20,121.3995361328125,122.05815287089882,120.66682852373694,121.58889043833543,655504
2024-08-21,122.20634460449219,122.31336897224998,121.47362938742701,121.87703243218114,515505
2024-08-22,122.35453033447266,122.91435417664013,121.62181513901693,122.11577958610935,477060
2024-08-23,122.66737365722656,123.44947771464496,122.01698839178816,122.9225873595012,614157
2024-08-26,123.52357482910156,124.97252708671198,123.15310528949169,123.34245200009435,681859
2024-08-27,123.47418212890625,123.7376273115876,123.00491968535395,123.46595065344934,424953
2024-08-28,123.02960968017578,123.91051420735165,122.50271933379176,123.49064063166475,465816
2024-08-29,123.49063873291016,124.3715432465415,123.16956564492021,123.67999303313525,640512
2024-08-30,124.21512603759766,124.45386919494032,122.63443978974617,123.75409507984493,1004291
2024-09-03,121.14432525634766,124.21512881180325,120.60919582196944,123.71293287286143,1477240
2024-09-04,120.88087463378906,121.49832638855352,120.15639092207599,120.7656112017548,643172
2024-09-05,118.50162506103516,121.70414736490515,118.3698986747981,121.3089757998059,819923
2024-09-06,116.83038330078125,119.71183246344023,116.69865691643561,118.69097766399993,717645
2024-09-09,118.99559020996094,119.72006635445139,117.01973996657719,117.35727601905398,934776
2024-09-10,117.84300994873047,119.25903634753452,117.48077187357791,119.25903634753452,595539
2024-09-11,116.8550796508789,117.46429995048835,115.07681519779223,117.39020907868188,1052529
2024-09-12,117.31610870361328,117.35727367332989,115.93301583897336,116.94563916338748,568941
2024-09-13,118.51808166503906,119.44837501338286,117.71950710226683,117.72773857716362,558907
2024-09-16,119.20140075683594,119.44837537894132,117.53839223341623,119.18493021338044,612343
2024-09-17,119.32489013671875,120.81500733816615,118.79799979646187,119.37428658071856,752100
2024-09-18,119.81885528564453,120.19755629614262,117.83477363245984,119.94234259956885,933808
2024-09-19,123.04607391357422,123.51534393872873,120.06583944494592,121.22665210773914,1195913
2024-09-20,122.3709945678711,122.42862248836747,121.49832909793265,122.24750725160915,963186
2024-09-23,122.11578369140625,123.37538927703153,121.77000856681727,122.66737607693429,956174
2024-09-24,123.86934661865234,123.98460245568448,122.1816360636554,122.1816360636554,781357
2024-09-25,126.84959411621094,126.90722203723902,124.20688806898016,124.61029110978878,1289004
2024-09-26,127.28591918945312,128.28207195456616,126.63553393999881,127.55759583564546,817626
2024-09-27,128.0433349609375,128.68548117257083,126.72610144848322,127.56583344634588,728404
2024-09-30,128.99609375,130.3067510753343,126.83795142585961,129.2720304005678,1607516
2024-10-01,130.1490936279297,130.26735654647607,127.77414580765894,129.02567943147463,1227958
2024-10-02,133.1153106689453,133.6080449870122,129.07494697225073,130.1490938133898,1431170
2024-10-03,136.8896026611328,137.02756340351203,132.4649112733087,132.4649112733087,1681650
2024-10-04,138.00315856933594,139.20542476400158,135.35228941058617,138.96891412835703,970004
2024-10-07,135.96327209472656,137.65825739828043,135.43112695870138,137.65825739828043,1198365
2024-10-08,135.35227966308594,136.5052632336111,134.23872212260744,136.1899157421284,840219
2024-10-09,135.28330993652344,136.03225269408105,134.52451067067904,135.31287946138383,714979
2024-10-10,134.7708740234375,135.21432576052032,133.84454451723423,135.04679549880723,885770
2024-10-11,136.44613647460938,136.73191443748078,134.87925555802292,134.90882507992922,608323
2024-10-14,137.30349731445312,137.81592942751033,136.01253774282807,136.46586118145302,610747
2024-10-15,136.327880859375,137.6779642491289,136.1800636163891,137.4710079591701,842643
2024-10-16,139.1758575439453,139.59961146836758,136.40672542790742,136.40672542790742,682255
2024-10-17,141.01866149902344,141.36357854696868,138.54516386141614,139.54047378410294,667711
2024-10-18,141.80703735351562,141.86616122011728,140.06278457180485,141.53110066399972,661146
2024-10-21,141.45225524902344,142.4574216695336,140.94967963238037,141.8168853100649,552571
2024-10-22,139.6883087158203,141.30444201663323,139.3039808143189,141.30444201663323,486921
2024-10-23,139.32366943359375,140.28942497144104,138.84080685189355,139.42221932642425,580447
2024-10-24,139.6883087158203,140.26972122878874,138.35793822993867,139.5010654257859,396829
2024-10-25,138.47618103027344,140.3288400984599,137.86519901308205,140.3288400984599,455207
2024-10-28,139.14630126953125,139.58975301732747,138.49589322298442,139.14630126953125,463186
2024-10-29,140.75259399414062,141.46211071981804,138.26923989259797,138.99846963488417,676599
2024-10-30,139.3433837890625,141.93512905379757,139.31381426476207,140.60477383030312,644380
2024-10-31,138.53530883789062,139.93464434655587,138.23965917436936,138.84079982169555,894355
2024-11-01,137.58926391601562,139.80653763602888,137.372466316402,139.33351640747787,663974
2024-11-04,137.80606079101562,139.0378812053483,137.25420269394124,137.7863477764574,648824
2024-11-05,139.629150390625,139.67843292710754,137.96373477640722,137.96373477640722,402687
2024-11-06,145.47291564941406,146.7244491722303,143.59070229840378,144.30021900352506,747097
2024-11-07,142.7432098388672,145.2265486842069,142.44756015961926,144.96048371627427,475710
2024-11-08,144.3002166748047,144.67468803735974,142.15192320362556,142.89102460809912,859409
2024-11-11,144.74368286132812,146.20215761299667,144.35935495252883,145.38423443840188,576407
2024-11-12,144.97032165527344,145.59116014893158,144.241091950254,144.86193044391214,507222
2024-11-13,147.07920837402344,148.35043973299392,145.2166928410732,145.53204035060278,870721
2024-11-14,138.5648651123047,147.17775182441153,137.8356354188594,146.34995705452383,1466621
2024-11-15,137.97360229492188,139.22513582590128,136.86988601074216,138.18054340299673,1042118
2024-11-18,138.3086700439453,139.77698608054112,137.51044471976124,138.43677428126892,817292
2024-11-19,131.57798767089844,137.4710100248987,129.18334222365408,134.84971045585525,1947381
2024-11-20,130.5728302001953,133.65729437250718,129.96184823279023,133.45035327661202,1225231
2024-11-21,133.460205078125,134.27812811258417,130.31660197164288,131.11481199179113,1045249
2024-11-22,135.3621368408203,136.21948593913112,133.4010867040779,134.52450075763045,663671
2024-11-25,137.27392578125,141.16647189378685,135.04679540219635,135.74647078535295,1217959
2024-11-26,138.64370727539062,138.712687644309,136.18006626147567,137.27392603059639,963035
2024-11-27,139.15614318847656,140.72302426209095,138.21011582655785,138.94920207606057,718817
2024-11-29,139.1758575439453,139.8361221079285,138.16083461423278,139.1758575439453,1012626
2024-12-02,137.83563232421875,139.19555697858002,137.3034872339373,139.19555697858002,825069
2024-12-03,135.9928436279297,138.06230034019532,135.71690695395984,137.6976854649315,665388
2024-12-04,136.34759521484375,137.0669836084078,135.33257233240286,135.69720237675938,675892
2024-12-05,135.7366180419922,136.8304778394641,135.18475988911837,136.3771695821237,604990
2024-12-06,135.8253173828125,137.33305947060998,135.79574785668922,136.2293583037082,675286
2024-12-09,134.1697540283203,136.9093166271065,133.7558566110888,135.98298708296025,881831
2024-12-10,134.1007537841797,135.27345043601022,132.42548153140666,134.1894471695751,940613
2024-12-11,133.15472412109375,135.8055931925344,133.12515459740317,135.30301760035746,890214
2024-12-12,134.0416259765625,135.05664884385567,132.17912568698884,133.00690528093526,644885
2024-12-13,134.99752807617188,135.08622146098725,133.51934043277015,133.85440095602306,706798
2024-12-16,135.243896484375,136.33774107477205,134.60334495586818,134.94824680314014,773458
2024-12-17,132.70143127441406,135.25375075017595,132.110147042577,134.76103160874095,1070903
2024-12-18,130.6319580078125,133.95293289894238,130.4250017184371,132.83937532577275,677710
2024-12-19,132.11013793945312,134.32742707841467,130.90788691499046,131.39076470133733,1047269
2024-12-20,133.7755584716797,134.0514799353408,130.986713563404,130.99657007099515,1702254
2024-12-23,133.31239318847656,134.13031625571855,132.00173586704562,133.34194752390536,689729
2024-12-24,134.02191162109375,134.15003103371123,132.71126946966214,133.0463147946686,308353
2024-12-26,134.2584228515625,134.40624009298634,133.3321085593439,133.9036645095899,623978
2024-12-27,133.10543823242188,134.54421497914205,131.922900310126,133.0955969119959,421675
2024-12-30,131.5583038330078,132.15942938574108,130.53342432831874,131.85393835486187,512575
2024-12-31,131.67654418945312,132.4156304526797,130.93745792622656,132.0904416091945,524594
