Price,Close,High,Low,Open,Volume
Ticker,KHC,KHC,KHC,KHC,KHC
Date,,,,,
2015-07-06,47.37639236450195,48.24002571680778,46.103671876217255,46.103671876217255,3809700
2015-07-07,48.4608039855957,48.512752976563306,47.3763948083214,47.87639517665977,5794300
2015-07-08,48.9608039855957,49.025737746752476,48.07769096230406,48.2465227046144,4276600
2015-07-09,48.57119369506836,50.042614338064986,48.37638746857719,49.655602802353094,4267100
2015-07-10,50.201045989990234,50.5192297834774,48.70105507888149,48.73352443058508,4983000
2015-07-13,51.18807601928711,51.75300529951781,50.59067737517056,51.62313775223312,9078900
2015-07-14,50.649105072021484,51.62312632340651,50.42183443752396,51.590656966709034,18746100
2015-07-15,49.81144714355469,50.75949391834038,49.61015099978183,50.42183539128962,6330500
2015-07-16,51.13612747192383,51.19456638248105,49.96729971948523,49.980289446806445,5634100
2015-07-17,51.70755386352539,51.74651809304961,50.16860303588355,51.577686309457,6100900
2015-07-20,52.01923370361328,52.727020169782506,51.38287091162415,51.91533571548088,10284500
2015-07-21,52.09065246582031,52.38935169393348,51.55818776281376,51.928315605707006,6088600
2015-07-22,51.0647087097168,52.53223607067374,51.02574942847744,52.4867819245177,5201200
2015-07-23,50.1818962097168,51.378572838671126,50.116505107434214,51.280483690736595,2975400
2015-07-24,49.96609878540039,50.63309591386023,49.66529077852376,50.29959485512002,3116000
2015-07-27,50.60041427612305,50.99277093784097,49.88764265277841,50.109973437997844,5774300
2015-07-28,51.215091705322266,51.43088682925288,50.67887669341728,51.293564020121,1895900
2015-07-29,50.94697570800781,51.202004439834454,50.35190534106555,51.17584700720863,2278600
2015-07-30,51.797088623046875,52.11097293949453,50.744275275471836,51.14316753705105,3247000
2015-07-31,51.967105865478516,52.274449552631,51.57148144096866,52.274449552631,2685500
2015-08-03,52.555625915527344,52.9872111266224,52.25482289227427,52.31367338009696,2681800
2015-08-04,52.18944549560547,52.967613262241635,52.097896933533264,52.686426967584886,2429600
2015-08-05,52.62757110595703,52.96760787492268,52.215597629511365,52.320227397821995,4324300
2015-08-06,52.15675354003906,53.09186100595718,51.99327324871788,53.000312441939116,3708600
2015-08-07,51.30665969848633,51.90826603965501,50.54157304793335,51.75132633957256,3274100
2015-08-10,51.53550338745117,52.182888656161765,51.378563771863945,51.94093613249029,3252300
2015-08-11,50.98623275756836,52.62757623757666,50.39770272598944,50.76389697273969,3889100
2015-08-12,50.14920425415039,51.20855310584242,49.756847653797806,50.894673812386046,3688800
2015-08-13,49.691463470458984,50.397699462623294,49.5672218527979,50.358465792732645,2917500
2015-08-14,49.97264099121094,50.18189550900607,49.12058102099713,49.74376964190707,2572800
2015-08-17,49.567203521728516,49.96609564817116,49.377565872352484,49.606437177109676,2260300
2015-08-18,49.1683349609375,49.66727713895387,49.083322014839204,49.51491238696783,2009700
2015-08-19,48.90020751953125,49.2337085987527,48.3378351071268,49.044070925823675,3025700
2015-08-20,48.553627014160156,48.88974231815746,48.24628339171949,48.40322301140516,2207000
2015-08-21,47.25886535644531,48.553631046179326,47.25232973897191,47.93894375025277,5564500
2015-08-24,46.343379974365234,47.23924849162598,40.16382394320605,44.62356466612477,9844600
2015-08-25,45.91178512573242,47.34387347248914,45.774462337402674,46.781501107507985,4423400
2015-08-26,48.3313102722168,48.462092494920775,45.467132698192934,46.89922148520487,5356300
2015-08-27,49.16177749633789,49.20755176353383,47.81470192826806,47.8473949825389,5937800
2015-08-28,48.84135437011719,49.168314825155555,48.272441382303015,48.65171670751246,2150100
2015-08-31,47.513912200927734,48.67135041804759,47.4550567043163,48.52748696968891,2688400
2015-09-01,45.85293197631836,47.43541924210606,45.53904777192915,46.57878452176201,4671400
2015-09-02,47.12809753417969,47.12809753417969,45.977194902184934,46.323772316774445,2986500
2015-09-03,47.18693923950195,48.31821971534883,46.94498668635119,47.448503634342615,2595300
2015-09-04,46.14720153808594,46.87959480283356,45.858821160008084,46.519936282417106,2997000
2015-09-08,48.435916900634766,48.60593771765019,46.30413354412175,46.98421182316333,4450700
2015-09-09,47.1934814453125,48.71711870416364,47.06923983712525,48.68442065573336,2936400
2015-09-10,47.18693923950195,47.76892849935819,46.93844607977387,47.167317419769965,3619700
2015-09-11,48.23320388793945,48.34436923644597,46.82073243978527,47.24578199533279,2146700
2015-09-14,48.74980545043945,48.85443020092103,47.445231449262764,48.06318650476318,2927400
2015-09-15,49.29911422729492,49.38412217924308,48.22995176903173,49.004851710609294,3393300
2015-09-16,49.93996047973633,50.16229127804539,48.58634388637809,49.17486893555972,2302800
2015-09-17,49.97919464111328,50.84891098445887,49.698008341724204,50.07728381327646,3142600
2015-09-18,49.33180236816406,50.02495703914777,49.0506161355727,49.403734078061014,7231700
2015-09-21,49.174869537353516,49.82225508181189,49.01792985491931,49.49529449981081,3256300
2015-09-22,48.59286880493164,48.95906796418391,48.167824138351385,48.48824403730341,2628700
2015-09-23,47.93894577026367,48.78119731527926,47.90297991656053,48.5013182159739,3713200
2015-09-24,47.68391418457031,47.82777759093249,46.886129832213406,47.736229057614906,4416100
2015-09-25,47.965110778808594,48.29207132261645,47.59237595842851,48.25937826164885,3517000
2015-09-28,45.7679328918457,47.91279313756811,45.7679328918457,47.6119900532555,5006600
2015-09-29,45.25132751464844,46.4153109905164,44.891673987386966,45.87909601379963,3870900
2015-09-30,46.15373992919922,46.29760333046044,45.42134669960608,45.55866949471341,3132800
2015-10-01,46.317222595214844,47.06269208729109,45.62406298805796,46.60494442384469,2519700
2015-10-02,46.69651412963867,46.72920719541487,45.362514316011094,45.89872948716331,2593100
2015-10-05,47.239261627197266,47.89972337371329,46.657272213314215,47.082321950953684,6323500
2015-10-06,47.38965606689453,47.768931447450186,47.010380686338884,47.271950086343516,2760200
2015-10-07,47.83432388305664,48.220134892322214,47.396197994528166,47.56621386860038,2325200
2015-10-08,48.67132568359375,48.69748311445887,47.56619792738666,47.84084845696048,2239700
2015-10-09,48.64517593383789,49.187931484696,48.38360657290454,48.65825714584589,2938100
2015-10-12,48.207061767578125,48.65826889945362,47.93895173587768,48.65826889945362,2081100
2015-10-13,47.984718322753906,48.344376846916965,47.85393612616062,48.1351223389551,2147500
2015-10-14,48.239749908447266,48.58633222874822,47.736232934309534,47.81470525024921,1956800
2015-10-15,49.187931060791016,49.187931060791016,48.339139015724385,48.48823589501115,2135700
2015-10-16,50.606956481933594,51.00584877532394,48.95907740897758,49.48875193438802,3435200
2015-10-19,50.221153259277344,50.48271776422377,49.887652029740565,50.28000377618335,1951900
2015-10-20,50.26691818237305,50.456555905447985,49.76993673531535,49.82878724125815,1922100
2015-10-21,50.3846321105957,50.835834360880845,50.10998140591689,50.35193405391254,2370100
2015-10-22,52.27443313598633,52.27443313598633,50.49576766689699,50.49576766689699,3951700
2015-10-23,50.99277114868164,52.24175789397982,50.633112536960525,51.75785766195505,3179000
2015-10-26,50.2276725769043,51.12354618153876,50.01188242926603,51.12354618153876,2563800
2015-10-27,50.463077545166016,50.66579642830772,49.83531404390255,49.83531404390255,2435200
2015-10-28,51.77745819091797,51.79053441403415,49.92032020011985,50.449999533207055,2382000
2015-10-29,51.43088912963867,51.6577998030008,50.9070967571481,51.55513073068386,1788500
2015-10-30,50.98623275756836,51.653230134009505,50.914301032096354,51.24780221482815,2053000
2015-11-02,51.18239974975586,51.61399004896635,50.822746156102276,51.28702951526937,1536500
2015-11-03,49.97919464111328,51.005850666506426,49.61953600618916,50.89468526626534,4489800
2015-11-04,49.580291748046875,50.1348164959839,49.201016357466045,49.907252259439694,2630400
2015-11-05,49.31871032714844,50.02429249542986,48.88058454597413,49.8287678024284,3347200
2015-11-06,47.088863372802734,48.717125638144644,46.80767707895456,48.226684776015674,8819900
2015-11-09,46.585323333740234,47.52697102248057,46.330294582876476,47.0823046126888,4231000
2015-11-10,47.1346321105957,47.22618066163839,46.52713887537699,46.918836959271445,3470400
2015-11-11,47.154258728027344,47.64469963423562,46.66381782181906,47.5400698461802,3537300
2015-11-12,46.73567581176758,47.05076049761019,46.307209522108295,46.9202446678364,3931500
2015-11-13,46.64994812011719,47.26957603031126,46.524707925912566,46.55107560604005,3008000
2015-11-16,47.23333740234375,47.53326420955904,46.762028158824705,46.814758508159905,2398400
2015-11-17,47.098201751708984,47.54644238057273,46.56426991038679,47.52666787224556,4247400
2015-11-18,47.84637451171875,48.143007257123024,46.91363820817543,47.35528570721605,3780200
2015-11-19,48.34405517578125,48.601138919836664,47.68487795203213,48.28473163962292,2828700
2015-11-20,48.54839324951172,49.81401204398719,48.38359897848766,48.89116312042806,4003200
2015-11-23,48.82525634765625,49.1350704448493,48.70989832282971,48.79888865543524,2706000
2015-11-24,49.088924407958984,49.11529209812125,48.56817384278028,48.60113471276378,2863900
2015-11-25,49.20100021362305,49.38556907901227,48.68024946963237,49.07575489962705,2384100
2015-11-27,49.18120574951172,49.438284426198166,48.92412707282528,49.15483806098973,777300
2015-11-30,48.57477951049805,49.346015786808316,48.44953420730914,49.12189287737154,4200100
2015-12-01,49.088924407958984,49.43828750164431,48.64727691326707,48.93072329610807,3749300
2015-12-02,48.14630126953125,49.18780240878163,48.067198198369034,48.917537354152735,2568600
2015-12-03,47.10481262207031,48.568187137348055,46.86091519314934,48.31770155592515,3019000
2015-12-04,47.605777740478516,47.94195951746798,46.84772296179059,47.06525264273217,4495900
2015-12-07,47.08502960205078,47.59589295962799,46.70270560278188,47.408025035649544,3323600
2015-12-08,47.15095901489258,47.2333561905873,46.53001301373118,46.80159579460684,4519800
2015-12-09,46.73567581176758,47.5728288458295,46.47200386204462,46.907063333456115,3940800
2015-12-10,46.69611740112305,47.02241197429074,46.47859271480159,46.689529249108595,2733700
2015-12-11,45.93806076049805,46.5972379616916,45.740305588490806,46.201727617677115,3756000
2015-12-14,46.78511047363281,46.85432630681148,45.99080057579774,46.18855578848766,3881600
2015-12-15,47.46735382080078,47.95514356367196,47.23004961526925,47.28278500074807,4168700
2015-12-16,48.12654113769531,48.25178141804991,47.388260673641426,47.862869184167195,2176900
2015-12-17,47.408016204833984,48.31768382876024,47.39483487554213,48.086967818614056,2402700
2015-12-18,46.58406448364258,47.42122257697361,46.55769678480841,47.07844752125365,6568300
2015-12-21,47.438045501708984,47.62413344325253,46.76681872648709,46.866502357198684,5466900
2015-12-22,48.4681510925293,48.640944494016566,47.394848471553736,47.61083642062955,5053300
2015-12-23,49.51819610595703,49.69763170300437,48.50802475328418,48.714049411082485,4193400
2015-12-24,49.152671813964844,49.71756765709657,49.099503834042935,49.71756765709657,1962500
2015-12-28,48.793800354003906,49.03570809494964,48.44157132553989,48.98653049739289,5421800
2015-12-29,49.637813568115234,49.75079170630245,48.78049902996299,48.946645140371324,4350900
2015-12-30,49.01309585571289,49.817242311476726,48.986511873244304,49.611222785315476,1779900
2015-12-31,48.355167388916016,48.84695847631894,48.26876816289614,48.760564320676174,1857100
2016-01-04,48.31528854370117,48.41497722745716,47.41810053065141,47.438037253327195,5209400
2016-01-05,48.77386474609375,48.90013744612981,48.03617541392835,48.341883729993015,3858200
2016-01-06,48.866912841796875,48.96660156222325,47.87003577829101,47.98301396193073,3294700
2016-01-07,47.78363800048828,48.50803284508195,47.750406739383855,47.856742718615166,4050300
2016-01-08,47.30512619018555,48.16244082678072,47.251958211859304,47.97635797301634,3092100
2016-01-11,48.02951431274414,48.20230768348555,47.032637672152404,47.41809785673831,3329000
2016-01-12,48.66753387451172,48.74728078374009,47.93782024687823,48.41498847427986,2924600
2016-01-13,47.059242248535156,48.807103301526865,46.94626406339139,48.640957122064016,3448500
2016-01-14,47.0127067565918,47.5364006883708,46.72294989819635,47.15891615986216,4610600
2016-01-15,45.9892578125,46.620616300516524,45.31138367009287,45.78988545079377,6551200
2016-01-19,46.63389587402344,46.86649944854446,46.221856704979814,46.52756498440425,5107100
2016-01-20,47.29847717285156,47.57095924889477,45.68353665126349,46.04241288610276,4607000
2016-01-21,48.54789352416992,48.733976349034016,47.40214557180709,47.850077860552844,6208200
2016-01-22,49.438453674316406,49.51155839435447,48.18903630795627,48.91343117148787,3111700
2016-01-25,49.199195861816406,49.62452958925073,48.74063087708523,48.97988173256428,4123100
2016-01-26,50.49514389038086,50.508433352401795,48.760577549885205,48.760577549885205,3851300
2016-01-27,50.48847961425781,51.27268943912813,49.943520588187035,50.42202218578612,5348200
2016-01-28,50.614749908447266,51.166351102282164,50.162832317465536,50.68784952708074,3542400
2016-01-29,51.877464294433594,51.983800247901016,50.77425666428443,51.106548913304124,4508200
2016-02-01,51.179664611816406,51.49202020427799,50.28911855647624,51.41891548815386,3564200
2016-02-02,50.48847961425781,51.040085904288794,50.32233350789018,50.48847961425781,5631600
2016-02-03,49.77072525024414,50.75431239202162,49.066267409615676,50.75431239202162,6239700
2016-02-04,49.2789421081543,49.97675279686222,48.461500935236565,49.87042191255418,7077100
2016-02-05,48.36845779418945,49.55141736102337,47.943124131291356,49.3653345173026,9351600
2016-02-08,47.33171463012695,47.98300467954552,46.64054605802502,47.909899970066995,4704600
2016-02-09,47.52443313598633,47.82349409584188,46.527556509298854,46.9196588820151,4616900
2016-02-10,47.923194885253906,48.71405216483702,47.659352695427344,47.89661089337788,2520100
2016-02-11,47.47792434692383,47.823506099953725,46.63656103350743,47.11904806279009,3041500
2016-02-12,47.796905517578125,48.149134413899525,47.198778584968096,47.98298832541764,2985800
2016-02-16,48.05610275268555,48.55454111918264,47.796915207737236,48.44821023759277,3852100
2016-02-17,49.3387565612793,49.43844525985308,48.182380840805756,48.51467312246648,3628100
2016-02-18,48.81372833251953,49.3719819358,48.74062363363307,49.23241980257419,2755200
2016-02-19,48.860252380371094,48.97522826226587,48.40169250284941,48.44821321710168,4333500
2016-02-22,48.73398971557617,49.438447765884945,47.98965314158974,49.438447765884945,2916700
2016-02-23,48.395042419433594,48.84031281139922,48.22224903211213,48.581125265605664,2805600
2016-02-24,48.508033752441406,48.73399517734534,47.73379200170864,48.06941050585407,3526500
2016-02-25,49.81725311279297,49.83054764209787,48.73398221179984,48.787150188264825,4962300
2016-02-26,51.73125457763672,52.435717589112286,50.94040247765687,52.36926015378973,10319700
2016-02-29,51.18630599975586,51.83760116848016,51.126495816804606,51.35909942335673,4885500
2016-03-01,51.611629486083984,51.78441778794419,51.1198333551306,51.611629486083984,5445500
2016-03-02,51.49864959716797,51.704674232470964,50.58817211059087,51.578401559579824,5075800
2016-03-03,51.41889953613281,51.538524937189365,50.81412526679776,51.37237882852064,3239900
2016-03-04,51.30591583251953,51.78441743211768,50.68120991782356,51.77777523850651,3677800
2016-03-07,50.84073257446289,51.432212587019116,50.60148166259979,51.17967221133215,2574800
2016-03-08,50.70116424560547,51.27270745799886,50.46856062902177,50.51508135233851,2783700
2016-03-09,50.927120208740234,51.17301835604712,50.37551879942897,50.95370420334464,2631300
2016-03-10,50.654640197753906,51.270047214706935,50.20936972232048,51.15972592517084,2107200
2016-03-11,51.1397819519043,51.40561680083399,50.78091073678392,51.345806621773264,2342700
2016-03-14,51.55181884765625,51.684733717920885,50.57487883304158,51.093253925601864,2278300
2016-03-15,51.69139099121094,51.71797498448661,51.05339036372971,51.47872411538386,2924700
2016-03-16,52.243751525878906,52.297315486517405,51.520653381680475,52.21027788158517,3400000
2016-03-17,52.2303466796875,52.29060228536895,51.38003567316451,51.942446866885525,4506000
2016-03-18,51.761688232421875,52.48478640645982,51.400139145402896,52.478089634068546,9081000
2016-03-21,51.279624938964844,51.888903548669745,50.998421784396825,51.53405121912331,3203400
2016-03-22,51.17919921875,51.57087613830481,50.90468772694834,51.547439987869645,2615600
2016-03-23,51.426910400390625,51.594293918275646,51.025190979094475,51.26622365350008,2295800
2016-03-24,51.19257736206055,51.73489835575529,50.79018875195854,51.400131301249424,3356700
2016-03-28,52.06298065185547,52.17680023952915,50.92476945069697,51.29971207500521,3581800
2016-03-29,52.75929260253906,52.765984266119695,51.57421430682918,51.94246012936957,3907400
2016-03-30,52.82624435424805,52.92667549628028,52.40443457934067,52.839632789386975,3339900
2016-03-31,52.59859085083008,52.8597087093546,52.41112214298059,52.8597087093546,3400300
2016-04-01,52.946773529052734,53.00033749886411,52.30067027503865,52.578527621776175,3418200
2016-04-04,52.792781829833984,52.953468641587946,52.47809987188215,52.87312778978179,3495200
2016-04-05,52.2303466796875,52.79275276526969,52.1500007639734,52.538331694383295,2679600
2016-04-06,52.46470642089844,52.50487684296421,51.88890653329701,52.50487684296421,2421900
2016-04-07,51.8889045715332,52.417837244013484,51.57087682320684,52.23706013526985,3216400
2016-04-08,52.53834915161133,52.625386758117976,51.915682145311614,52.2035820537758,2139000
2016-04-11,52.16341018676758,52.89319998785721,52.123234662608425,52.71242800763238,2894800
2016-04-12,52.444602966308594,52.64546011490775,51.9156704578272,52.22365550552408,2348300
2016-04-13,51.82194137573242,52.71242297211182,51.61438232713563,52.67894422320075,3246400
2016-04-14,51.66794967651367,52.09980206839385,51.48048092983152,51.82194478022558,3150500
2016-04-15,52.25713348388672,52.41782022203502,51.64115828939616,51.929058128820664,3042200
2016-04-18,52.45130920410156,52.46470274928028,51.73490778126445,52.170106053038204,2207300
2016-04-19,52.42453384399414,52.81285982699767,52.129937139244404,52.45131071884325,2591200
2016-04-20,52.170101165771484,52.67894856393721,51.88889804105108,52.45130429049189,1867400
2016-04-21,51.38005065917969,52.17010118231637,51.313767430341734,52.08306357934397,2110700
2016-04-22,52.290626525878906,52.32410528331433,51.35327750724029,51.35327750724029,2409800
2016-04-25,52.712432861328125,52.78607692809679,51.91568548265652,52.143324671910776,2323800
2016-04-26,52.69232940673828,53.26143745427275,52.565121406632805,52.69902617773528,2315700
2016-04-27,52.96015930175781,53.22797402919329,52.21697585949138,53.040505252430776,2249600
2016-04-28,52.46470642089844,53.047203081557875,52.28392930532016,52.59191956829491,1962600
2016-04-29,52.27052688598633,52.41447937345275,51.64116319854577,51.9625418135328,3208700
2016-05-02,53.24135208129883,53.73011424663804,52.223662445330426,52.27052963037884,3700700
2016-05-03,52.678951263427734,53.08736753565362,52.37163530963363,52.90659044039792,2508200
2016-05-04,53.54935073852539,53.7636014909027,52.41783623883286,52.545049378980316,4687000
2016-05-05,55.55124282836914,56.35468167234097,55.23656099690263,55.544546057363156,8629300
2016-05-06,56.24086380004883,56.267645776739904,54.861625203366636,55.45751013735883,3993600
2016-05-09,56.414939880371094,56.769792105776475,55.99982693487723,56.240859598952454,3272300
2016-05-10,57.67368698120117,57.71385740653772,56.39487906261916,56.535480659438655,3593700
2016-05-11,57.04431915283203,57.941497752759815,57.037627487830314,57.55986341387219,2824500
2016-05-12,57.807579040527344,58.0218348833922,57.010836834470574,57.23178434131962,2427500
2016-05-13,56.9974479675293,57.88123295930993,56.72294158557802,57.600029804684475,2857300
2016-05-16,57.492919921875,57.7406443770229,56.93720515208904,57.13137073821216,2061900
2016-05-17,55.00893783569336,57.6201173908159,54.74781477204003,57.372392981204364,7395100
2016-05-18,54.3527946472168,55.08861218865356,53.8707291341901,54.86833381033955,8695600
2016-05-19,55.57133102416992,55.584719458762876,53.971144912968505,54.13183166878333,3932800
2016-05-20,55.183006286621094,55.47760296254529,54.78128679735929,55.16961785050656,2720100
2016-05-23,55.44413375854492,55.73873048520408,55.183015790148424,55.24327653339295,1996900
2016-05-24,56.38815689086914,56.4919338483401,55.37046230350253,55.658362141070015,2385600
2016-05-25,56.80950164794922,57.153312830490975,56.04098616456546,56.33086517273689,2563100
2016-05-26,56.4993896484375,57.180269088873516,56.46568590269086,56.64095772438382,2424000
2016-05-27,56.694908142089844,56.80277250701585,56.29042706012934,56.39829142505534,1272800
2016-05-31,56.08145523071289,56.92412642894691,55.73360134185692,56.73536890346358,3943700
2016-06-01,56.59376525878906,56.62073133985857,55.953337548963994,56.014007373929836,1955400
2016-06-02,57.15331268310547,57.16005549069818,56.3241273631348,56.54658858114204,2207200
2016-06-03,57.50386428833008,57.58475740306802,57.09937814162037,57.30162121497522,3031400
2016-06-06,57.29487609863281,57.706099892828036,57.092638176683316,57.63868725217821,2551900
2016-06-07,57.133079528808594,57.76002680193454,57.045443618271065,57.416215679703065,2454400
2016-06-08,57.422977447509766,57.584768852408956,56.849962150080756,57.34207917343215,1757200
2016-06-09,57.719600677490234,57.793756144671946,57.15332303203498,57.2477017824015,2098600
2016-06-10,57.53081512451172,57.70609208107765,57.10611091698122,57.70609208107765,2118000
2016-06-13,57.26791000366211,57.80722141527564,57.062298106600615,57.483633539656566,2790400
2016-06-14,57.22072982788086,57.49712838510463,56.84995767321573,57.26118153336216,2637500
2016-06-15,57.19375991821289,57.56453719136644,56.870177155510945,57.30162426795039,2967400
2016-06-16,57.49037170410156,57.51733778683009,56.6139971600691,57.08589074968239,2333400
2016-06-17,57.180274963378906,57.55105220746475,56.640963543482194,57.53082378603335,5526500
2016-06-20,57.63869094848633,58.31282768472593,57.46206642410885,57.631948141012494,2854100
2016-06-21,57.76676940917969,58.272371881142625,57.63193899737032,57.66564788613624,1953700
2016-06-22,57.443206787109375,57.96903276591763,57.355570838393525,57.935329005606874,1961400
2016-06-23,58.22517776489258,58.23731070082496,57.58811890800738,57.935298832258084,2452200
2016-06-24,56.44546890258789,57.369032902152696,56.23648302540311,56.42524048098556,11942100
2016-06-27,56.37805938720703,56.52637030785042,55.616286645931766,56.10840877867978,3458500
2016-06-28,57.146549224853516,57.16003483516573,55.95332987489034,56.54454684872305,3569400
2016-06-29,58.043155670166016,58.19820933901329,57.09936347568086,57.32182977057985,3348300
2016-06-30,59.64762878417969,59.74874519374062,58.09036921461552,58.23868013964599,5571200
2016-07-01,59.48583221435547,60.26783340296393,59.42516236864748,59.71504141018257,2551300
2016-07-05,59.822898864746094,60.32850147043286,58.98697066345557,59.45212670652921,3320400
2016-07-06,60.49703598022461,60.51389042915108,59.49257357192634,59.76222932498282,3331700
2016-07-07,60.20713424682617,60.550945330932976,59.87006596839897,60.38241119171937,2525600
2016-07-08,60.571197509765625,60.8475960987373,60.08581813428302,60.625129694431735,3703300
2016-07-11,60.56446075439453,60.77344670505019,60.207168995967955,60.62513575402254,2860500
2016-07-12,59.189205169677734,60.4835464179362,59.0745980201536,60.32849271167116,4362900
2016-07-13,60.01165008544922,60.05210178709669,59.07460043215576,59.20943086555544,2702400
2016-07-14,59.55323028564453,60.164675818125886,59.22964756792601,60.092541672848164,3457800
2016-07-15,59.90380859375,60.14649830237038,59.41168636703183,59.930774688403005,2311700
2016-07-18,60.06559371948242,60.20042417860811,59.68807872044273,60.052113245197916,1769400
2016-07-19,59.97794723510742,60.07232596827672,59.49931076167589,59.89030616626791,1751700
2016-07-20,59.43862533569336,59.96445108331433,59.28357679126888,59.91052406187564,2229500
2016-07-21,59.08133316040039,59.45211035992623,58.87033115442803,59.3914353894337,2081100
2016-07-22,59.431907653808594,59.6543689072646,59.199329615723826,59.33752376223642,2022900
2016-07-25,59.600433349609375,59.61391382176103,59.209432794892265,59.43189915980945,1447400
2016-07-26,58.690330505371094,59.85658908153862,58.676850036459115,59.68805493224155,1553100
2016-07-27,57.72633361816406,58.96000522402292,57.43645458197737,58.90607304444035,3931700
2016-07-28,57.94880294799805,58.117337160321185,57.46342359358644,57.76004545311709,2190300
2016-07-29,58.23865509033203,58.4004464192965,57.88136354821094,58.1307959187736,1778900
2016-08-01,57.95555114746094,58.36677507524074,57.652186451107575,58.178017562802104,2778500
2016-08-02,57.402748107910156,57.807229149107044,57.05893690842784,57.807229149107044,2832300
2016-08-03,57.23420333862305,57.62250362632545,56.79601348192171,57.510596694131735,2491500
2016-08-04,57.665653228759766,57.73306586928297,57.085895262401685,57.38925471638345,3221800
2016-08-05,59.85659408569336,61.002624339422695,59.661093838973976,60.57117729261251,5106200
2016-08-08,59.82963562011719,59.85660170688307,59.04763453367206,59.802669533351306,2428000
2016-08-09,60.52400207519531,60.665570188329916,59.8195303420056,59.95098681443457,2275800
2016-08-10,60.23412322998047,60.63860428924403,59.97795309253988,60.51725945713939,1423100
2016-08-11,60.294795989990234,60.96218997028016,60.193674443096484,60.476810659794566,2588800
2016-08-12,60.375694274902344,60.98916127345392,60.15323302462272,60.15323302462272,1539100
2016-08-15,60.0521125793457,60.59816178879587,59.89705883888441,60.47681694855627,1661000
2016-08-16,59.97119903564453,60.11276712267041,59.49593143710817,60.01838839798649,2259300
2016-08-17,60.274566650390625,60.315013207780176,59.48582277850927,60.03187701954328,1832700
2016-08-18,60.51052474975586,60.5779374057188,60.065591962539735,60.200422417721576,1823000
2016-08-19,60.6183967590332,60.80715429285314,60.23413888139776,60.40267312848799,1694900
2016-08-22,60.6520881652832,60.93522438431736,60.34872352209897,60.59141317934412,2092800
2016-08-23,60.31502151489258,60.99590113650515,60.23210194621958,60.840847406398154,2020000
2016-08-24,60.369293212890625,60.396441353206576,59.74490151955871,60.29463712151634,2581200
2016-08-25,60.33537673950195,61.041213027136926,60.194887797301085,60.396456186730376,1825900
2016-08-26,59.839942932128906,60.70866308067142,59.670270866304804,60.43040358526977,1863600
2016-08-29,60.111427307128906,60.274311062255435,59.81280277441259,59.96211504077075,1685100
2016-08-30,59.704193115234375,60.28446854232711,59.5684523881518,60.15212456965865,1841500
2016-08-31,60.73581314086914,60.959781517509334,59.79922517216567,59.79922517216567,2696400
2016-09-01,60.72901153564453,60.88510689401363,60.09104308497314,60.790090977272676,2215500
2016-09-02,60.817230224609375,61.44841025232493,60.47788623504141,61.014050359916205,2062100
2016-09-06,60.905479431152344,61.20410390499517,60.49487595759864,60.87154812693032,1786400
2016-09-07,60.93943405151367,60.953005541645894,60.3761214183645,60.55937019203073,3344800
2016-09-08,60.532196044921875,60.93940788781887,60.20642346381658,60.87832326349558,2191600
2016-09-09,58.34682083129883,59.97567341984082,58.33324416868901,59.88744064681594,3837900
2016-09-12,60.1046142578125,60.19963017406273,57.926026158682205,58.082126694224215,3015000
2016-09-13,59.90781784057617,60.58650618450829,59.35129360567109,60.58650618450829,2579800
2016-09-14,59.50737380981445,60.281077842508964,59.30376530521933,59.812781388727785,1898400
2016-09-15,60.51862716674805,60.57971179892824,59.263054998828245,59.290203148910535,1912600
2016-09-16,60.36252975463867,60.49147699073573,59.487021361232344,60.28787363890775,4476800
2016-09-19,59.02549743652344,60.403233277177996,58.97798948263806,60.32178885138365,4032400
2016-09-20,59.127315521240234,59.53452738961925,59.11373885810569,59.37164367786361,3018400
2016-09-21,59.663490295410156,59.833162368581526,58.88299772322572,59.22234186956845,2592400
2016-09-22,60.43718719482422,60.5118433121912,59.955314008917284,60.15213421125023,1516800
2016-09-23,60.287879943847656,60.742599839596345,60.179287335798726,60.53220813397722,1467000
2016-09-26,60.084251403808594,60.38966412885556,59.76526719626077,60.253923413952855,1487400
2016-09-27,60.55934524536133,60.73580043430032,60.077472107470584,60.24036098984757,1530300
2016-09-28,60.776512145996094,60.82402009862275,60.27427930053885,60.796871957410595,1628700
2016-09-29,60.111427307128906,60.69509970581195,60.0028398630383,60.55936410620338,1411800
2016-09-30,60.7493896484375,61.02086599717676,60.30145289632062,60.40325717434543,2499200
2016-10-03,60.45755386352539,60.71545354857569,60.233585486045016,60.57292962962836,1857900
2016-10-04,59.73812484741211,60.60006164221423,59.51416170756291,60.60006164221423,1940500
2016-10-05,59.30377197265625,59.94174052599945,59.27662382379271,59.94174052599945,1910900
2016-10-06,59.378414154052734,59.49379505414296,58.89654627525291,59.06621828235054,1172000
2016-10-07,59.317344665527344,59.56167281096451,58.84225985918635,59.56167281096451,1723500
2016-10-10,60.06390380859375,60.17927955624537,59.344495996201445,59.344495996201445,2012500
2016-10-11,59.208763122558594,60.063911791114094,59.08659902705066,59.88745139138474,2508700
2016-10-12,59.140899658203125,60.03676803147892,59.04588370785425,60.03676803147892,3072600
2016-10-13,59.07979202270508,59.26303550300349,58.706511554347315,58.903331694210635,2861900
2016-10-14,60.084251403808594,60.199627127991775,59.08657915568374,59.27661097856869,2388900
2016-10-17,60.287879943847656,60.40325570641424,59.74492725956408,60.21322382030915,2208400
2016-10-18,60.35573959350586,61.18373999525816,60.33537977673816,61.1430151837429,2740000
2016-10-19,59.77885437011719,60.36930975535684,59.41915047382642,60.355738270469146,2721000
2016-10-20,59.69741439819336,60.24036703800343,59.19518657205612,59.19518657205612,2662100
2016-10-21,59.670265197753906,59.84672557928215,59.03230181188723,59.48702166238306,2086600
2016-10-24,60.3421630859375,60.552554745665645,60.07136511831438,60.138554579247455,1744500
2016-10-25,59.968894958496094,60.86476325294342,59.83994253237746,60.559355607692474,3220100
2016-10-26,59.77885437011719,60.199637715372155,59.66347862564274,60.07069048601002,1513400
2016-10-27,59.514163970947266,59.97567210797312,59.16870988900069,59.839931374742264,2127800
2016-10-28,59.77885437011719,60.17927789905075,59.371642509749904,59.371642509749904,1771100
2016-10-31,60.369293212890625,60.51182224404395,59.934933323792045,60.023166074313465,3577400
2016-11-01,59.97567367553711,60.52540942004663,59.79921330671468,60.40324534593566,2542700
2016-11-02,59.82637023925781,60.19286251540817,59.71099447953837,60.15213769940452,1916700
2016-11-03,58.5368537902832,59.97567455331707,58.455409347024016,59.806002513345234,5041900
2016-11-04,57.04373550415039,57.851370802698874,54.973734777747254,55.67278267545676,7825200
2016-11-07,58.38755798339844,58.42827762748726,57.21343003633369,57.90568987574966,4101100
2016-11-08,59.95530319213867,60.29464723604613,58.414683511109686,58.52327609059008,2791200
2016-11-09,57.64777374267578,59.0255098736294,57.131969293251764,58.48934560796149,5097200
2016-11-10,55.258792877197266,58.04820183765086,54.675120601707015,57.70885773227188,7643600
2016-11-11,55.11627960205078,55.47598359463533,54.40365995013266,54.97375567166716,4151100
2016-11-14,54.3493537902832,55.40131742236535,54.24076118987256,54.980534040724564,4463400
2016-11-15,55.06876754760742,55.462407999318,54.44437556226145,54.68191542864516,5723900
2016-11-16,55.923892974853516,56.16143274239785,55.17054887065678,55.2316283060345,3327200
2016-11-17,56.222537994384766,56.222537994384766,55.31309813019041,55.86283401293533,3161600
2016-11-18,56.01212692260742,56.28360319266871,55.6659945488298,56.12750265454024,2715700
2016-11-21,56.7654914855957,56.88765559206897,55.7915753893662,56.012147025340774,2508600
2016-11-22,57.07086944580078,57.328774190719734,56.80618154926274,56.91477411090826,2648000
2016-11-23,55.95106506347656,57.22020886953728,55.46919699222592,56.87408156496479,3459900
2016-11-25,56.297203063964844,56.527959822168825,56.08002297399852,56.08002297399852,1230300
2016-11-28,56.48043441772461,56.78584204510454,55.89676213510416,56.297185698912514,2642300
2016-11-29,57.00979995727539,57.349144004640124,56.41933945078822,56.60258813603355,3744600
2016-11-30,55.813560485839844,57.085002673586196,55.81356048583985,56.804736124083384,3309900
2016-12-01,55.02060317993164,55.902409992687524,54.63780526378228,55.717848201752794,4043300
2016-12-02,55.30771255493164,55.72468591946378,54.924909383943394,55.19150156245019,2779300
2016-12-05,54.87705612182617,55.47176452088306,54.76426632811379,55.307709009679,4415500
2016-12-06,54.6583137512207,55.28583116699341,54.47375195285313,55.10263575906276,3566800
2016-12-07,56.702205657958984,56.87993555720476,54.87023538600962,54.98644640584276,4870200
2016-12-08,56.26470947265625,56.592825743155984,55.95710470643809,56.456108457434766,2497500
2016-12-09,57.269569396972656,57.2784561524831,56.100663779118115,56.4287801071346,2380900
2016-12-12,57.5566520690918,57.98730495693166,56.93460543087852,57.14651068347867,2536300
2016-12-13,58.06251907348633,58.5136731956488,57.4404669959082,57.83010223491638,3644100
2016-12-14,57.66603088378906,58.37694511423075,57.2285460058605,58.08984664094597,3348600
2016-12-15,58.3564567565918,58.82811718899171,57.508824981826955,58.19239596553444,4410100
2016-12-16,59.101539611816406,59.169895659028654,58.007827210724145,58.70506723666043,6037700
2016-12-19,59.19720458984375,59.39544066178599,58.595664423943504,59.026311963882755,3365400
2016-12-20,58.77342224121094,59.19723281794094,58.32910015879232,58.97849036101307,2665500
2016-12-21,59.204071044921875,59.46382608740762,58.650380331756516,58.73924266373625,2202000
2016-12-22,59.662071228027344,59.66890839774046,58.9921746226499,59.09470609218451,1966300
2016-12-23,59.86028289794922,59.89446351727564,59.4433043752723,59.53900385110992,2484700
2016-12-27,59.86711883544922,60.20890416077346,59.675719887704474,59.92180573915634,1993200
2016-12-28,59.68258285522461,59.99702489210524,59.491183808013176,59.812463015217894,1384800
2016-12-29,60.10636520385742,60.256751575641594,59.67571758802728,59.67571758802728,1837800
2016-12-30,59.68939971923828,60.26360188076213,59.51850702590386,60.16789717448222,2051400
2017-01-03,59.83295440673828,60.13372724328196,59.060521239979366,60.05169686552507,3104600
2017-01-04,59.49115753173828,60.133715662340265,59.4022952177057,59.82610571641714,2274900
2017-01-05,59.14936828613281,59.675720614067714,58.84176357568895,59.40229130743415,3037400
2017-01-06,58.99898147583008,59.217723876493324,58.670870482450326,59.14936785414172,2450200
2017-01-09,58.834930419921875,59.1117757212414,58.50681418654614,58.95797335553396,2482400
2017-01-10,58.72556686401367,58.99215904487078,58.383781481865476,58.68454907179877,2539900
2017-01-11,59.306602478027344,59.49800146245819,58.814430680787346,58.8691175949765,2754500
2017-01-12,59.75774383544922,59.99699251535546,59.12886010105849,59.35443966292585,2484700
2017-01-13,59.49115753173828,59.76458685637087,59.18218641063102,59.75774968906664,1799100
2017-01-17,60.09952926635742,60.137125860072295,59.27240941986024,59.27240941986024,2304800
2017-01-18,60.39348602294922,60.55754157338987,60.017525169221386,60.017525169221386,2881800
2017-01-19,60.051700592041016,60.44817295295508,59.84663245777065,60.27728023344715,1690600
2017-01-20,60.80363464355469,60.83781527755644,60.1610814892285,60.393493111696316,2795500
2017-01-23,60.70109176635742,60.80362321863209,60.29094509633256,60.60539226741337,2654100
2017-01-24,60.625911712646484,60.967697201674405,60.37298857328206,60.776298162256,2171100
2017-01-25,60.728431701660156,61.022367375241714,60.43450124331031,60.78995578997019,2262100
2017-01-26,61.11808395385742,61.453032274497836,60.642997115133255,61.172765668795755,3091900
2017-01-27,61.13173294067383,61.36414449449033,60.68741090606057,60.81045385079607,1842800
2017-01-30,60.89250564575195,61.179604212748075,60.58489556805654,60.89933760075222,2233600
2017-01-31,61.03605270385742,61.22061457155923,60.72502666000198,60.769460442047794,2650500
2017-02-01,60.43450927734375,61.06680926737612,60.36478162030749,60.76262040784331,1816800
2017-02-02,60.571224212646484,60.90617252847615,60.372988005048185,60.50286815853081,1826700
2017-02-03,61.022377014160156,61.07706394235578,60.59172918889285,60.98136442562971,2205100
2017-02-06,60.63273239135742,61.11123511614713,60.59171980917579,61.04287907410051,1359800
2017-02-07,60.70792007446289,60.85146931425952,60.49601479884376,60.63956403864039,2599300
2017-02-08,60.96766662597656,61.04969176445818,60.69423732883433,60.70790644683792,3300300
2017-02-09,61.3709831237793,61.7879617122443,60.86514221236791,61.022360569521595,2708300
2017-02-10,61.65807342529297,61.890490169073885,61.07020222160235,61.24793205917241,1882100
2017-02-13,61.917842864990234,61.9315119859682,61.31288126089903,61.73327583278489,1812500
2017-02-14,62.075069427490234,62.24801694743323,61.589734732555826,61.91101387792004,2322700
2017-02-15,62.26988220214844,62.410015466322534,61.699101216010234,62.29380446797526,3083900
2017-02-16,59.662071228027344,61.41201117785037,59.02635004075063,60.906170138960725,10584700
2017-02-17,66.0671157836914,66.83271170625932,62.785974010531234,62.88851066879831,30007700
2017-02-21,64.8503646850586,65.26734329678138,62.44419251099612,62.765471626444636,14423200
2017-02-22,63.818172454833984,64.93922818737649,63.56524937283139,64.83669152087644,4990400
2017-02-23,63.53105926513672,63.99588752588128,63.12774986092307,63.770307954807386,2901000
2017-02-24,63.62677764892578,64.1189495083525,63.27815504595988,63.92071333079274,2670500
2017-02-27,61.93834686279297,63.48321823771385,61.74694788479464,63.298651212336175,6084900
2017-02-28,62.5535888671875,62.87486809831648,61.76064393799825,61.98622363839519,4267700
2017-03-01,62.91138458251953,63.241666499703776,62.374681060541484,63.1453301178831,2858600
2017-03-02,62.80815505981445,63.09027133861854,62.464113890337245,62.95953401432868,2552700
2017-03-03,62.95954513549805,62.95954513549805,62.48476655786613,62.787524520373736,1653000
2017-03-06,62.725582122802734,62.96640986687251,62.47098979355692,62.62924577552373,2044900
2017-03-07,62.47786331176758,62.91823548183543,62.42281547809651,62.484740353738694,1491000
2017-03-08,62.54669189453125,62.73247183471777,62.230174617025085,62.388430630952094,2034200
2017-03-09,62.98017883300781,63.01802357355231,62.35402660267837,62.45723475902527,2108500
2017-03-10,62.9664192199707,63.366195959335336,62.79439862727573,63.35862596132917,2277100
2017-03-13,62.739349365234375,62.959535508940775,62.62925366855529,62.870086692627844,2182900
2017-03-14,62.65678024291992,62.856324764352074,62.38842853297889,62.72559268108079,2097300
2017-03-15,63.193485260009766,63.39991208040581,62.67742345867176,63.02146465956376,2076300
2017-03-16,63.83339309692383,64.17743424927248,63.41366772073772,63.812751467727125,4139000
2017-03-17,63.289817810058594,64.45267342919902,63.17972211257805,64.40450787396423,5655700
2017-03-20,63.551265716552734,63.957231651950075,63.22786627668027,63.324197354559296,2063000
2017-03-21,63.234764099121094,63.840274630174676,63.02145501744037,63.51687511087116,2322600
2017-03-22,63.503108978271484,63.8196261708318,63.331088422554956,63.475585059398746,1540300
2017-03-23,63.31047058105469,63.840291781864885,63.23478108813141,63.33799451026795,1833300
2017-03-24,63.0833854675293,63.578805563422804,62.83567541958254,63.468709875601434,1703800
2017-03-27,62.787506103515625,63.02145155163048,62.678103376230965,62.95952666818279,1699000
2017-03-28,62.89760971069336,63.073068818889745,62.464114473329126,62.464114473329126,2222800
2017-03-29,62.9526481628418,63.02833763582081,62.656772563828746,62.75310366586543,1462600
2017-03-30,62.684303283691406,63.076510027274644,62.64302002109904,62.911371727253254,1143100
2017-03-31,62.48476028442383,62.74623495293847,62.31962198038701,62.53292584183673,2205100
2017-04-03,62.65678024291992,62.80815920743066,62.36090460764494,62.47788260272723,3414800
2017-04-04,62.76688003540039,62.787521668333284,62.113198577829095,62.40907423238925,2194000
2017-04-05,62.90449142456055,63.59257382102168,62.63613970991287,62.684305267679065,2694700
2017-04-06,62.581111907958984,63.159104035982004,62.37469027267871,62.95267715104798,2096900
2017-04-07,62.40907287597656,62.952658613221615,62.388431243492306,62.73247245063584,2000300
2017-04-10,62.539791107177734,62.61548056959655,62.03749403801718,62.37465284810515,3496900
2017-04-11,62.49850845336914,62.66364671402326,62.194375192322774,62.539791706120006,1396500
2017-04-12,63.25540542602539,63.39990207764418,62.62237097617604,62.63613031219395,2007400
2017-04-13,62.95954513549805,63.33799258863256,62.945785796135226,63.33799258863256,1816300
2017-04-17,63.01457595825195,63.27604533268599,62.63612860741875,63.165954898585234,1803800
2017-04-18,63.64760971069336,63.73705851554751,62.84255471805274,62.98705136419456,2135100
2017-04-19,63.20037078857422,63.6132192008441,63.09028032847336,63.59945986195113,1978300
2017-04-20,63.33108901977539,63.57879904231519,62.99393019729376,63.3792545658442,1787900
2017-04-21,63.028316497802734,63.468688602181736,63.000792585072844,63.392999154586946,1964500
2017-04-24,63.68891525268555,63.90222439990306,63.310473023124274,63.310473023124274,2185400
2017-04-25,63.503108978271484,63.91939578330106,63.49622668614061,63.74393670634447,1882400
2017-04-26,62.56044006347656,63.53063860471241,62.53291614213109,63.52375631196323,2736600
2017-04-27,62.49850845336914,62.904474437821065,62.381535737474586,62.56043333249544,2290300
2017-04-28,62.19575119018555,62.77374298242821,61.81042682845757,62.75309610620647,2894500
2017-05-01,61.56272888183594,62.443473452572576,61.480157109709985,62.37466626729348,3363600
2017-05-02,61.23932647705078,61.81043606253964,61.07418819016115,61.67969874185746,3058600
2017-05-03,61.33564376831055,62.07877376642883,61.17050551861214,62.07877376642883,2695300
2017-05-04,61.72098922729492,63.16596646812058,59.959499961837786,60.55125124626206,6391200
2017-05-05,61.67280197143555,61.99620142584813,61.36316709999598,61.83106317772371,2267300
2017-05-08,61.569610595703125,61.76914985623873,61.239328759959974,61.63841778033454,2311600
2017-05-09,61.37694549560547,61.68727341725973,61.14988230253257,61.397592376477455,2299200
2017-05-10,61.466392517089844,61.514558067632194,61.198040842689416,61.3150135726278,1654400
2017-05-11,61.43199920654297,61.55585425533247,61.1017225762059,61.1017225762059,1402500
2017-05-12,61.20492935180664,61.54897056288965,61.01226711354452,61.47328107647921,1827300
2017-05-15,61.54896926879883,61.56273385675801,60.93657634591904,61.074195977250106,2029600
2017-05-16,61.314998626708984,61.810418597040716,61.13609580416697,61.41821199546976,1974600
2017-05-17,62.00777053833008,62.44419914069191,61.31502370492081,61.592123495332295,3866600
2017-05-18,62.458065032958984,62.8529305671433,61.59213138034081,62.104762622823685,2854700
2017-05-19,62.541175842285156,62.728220424811454,61.93156060401644,62.174020909848416,2707600
2017-05-22,63.164649963378906,63.26856303471475,62.374919077607885,62.423411139532824,1830500
2017-05-23,63.642642974853516,63.73269814563448,63.04688037371658,63.18542760341623,1803500
2017-05-24,64.14142608642578,64.1899234380781,63.58030284860721,63.732707995974934,1814900
2017-05-25,64.29383087158203,64.43238340715342,63.99594952665207,64.21070463547802,1665400
2017-05-26,64.41851806640625,64.48779168356688,64.09292625198925,64.35617339653315,1308000
2017-05-30,64.0513687133789,64.42545262089013,63.86294466971224,64.383889504024,1952600
2017-05-31,63.87124252319336,64.39080253922336,63.711913744677325,64.16912381046008,2283000
2017-06-01,64.23839569091797,64.24531935167091,63.33089403474711,63.975148595664145,2466000
2017-06-02,64.79954528808594,64.80647423691317,63.99595635178602,64.38389820752087,2506100
2017-06-05,64.73026275634766,64.91037311917914,64.46009192686176,64.82724688563805,1707500
2017-06-06,64.5709457397461,65.02816128606828,64.48089053451902,64.73720353602687,1758500
2017-06-07,64.9588623046875,65.03506487221513,64.52243374222434,64.73718354967215,1987300
2017-06-08,64.1275634765625,64.88958380934713,64.06175169271164,64.74410763278954,2458700
2017-06-09,62.92216491699219,64.10676077994533,62.665846813162595,64.06519768184616,2801800
2017-06-12,63.2131462097168,64.02365870635944,62.644401672478025,62.76285972761354,2720600
2017-06-13,63.44866180419922,63.497159142508806,62.464962850313356,62.818265114260704,1909800
2017-06-14,63.35862731933594,64.04444523236238,63.0330354487887,63.8366243450533,1697300
2017-06-15,63.49022674560547,63.62184500522663,63.04686934583113,63.150782392548855,2312700
2017-06-16,61.938499450683594,63.19236957926975,61.592126019782306,62.94990923468667,7470600
2017-06-19,62.24330520629883,62.513476062752986,61.668324035798264,62.319507784810426,3331600
2017-06-20,61.84841537475586,62.18924974499815,61.751431273931736,62.11166246433885,2659500
2017-06-21,61.93156814575195,62.13800429264535,61.73067092924448,61.869218182237745,2186200
2017-06-22,61.7237434387207,62.17402994944134,61.58172906564344,61.980061676574365,2721000
2017-06-23,61.55054473876953,61.93155754715511,61.35657650367797,61.93155754715511,4205800
2017-06-26,61.61288833618164,62.160158820303046,61.564396282410755,62.02160632007375,1704300
2017-06-27,60.622283935546875,61.619835897933896,60.60150237376124,61.48821757821172,2962100
2017-06-28,60.8370475769043,61.30118684611642,60.41447144068409,61.03794486176643,3032300
2017-06-29,59.40996551513672,60.83217563132873,59.19521041871495,60.746967016052686,5189200
2017-06-30,59.326839447021484,60.456014902904336,59.22985531143591,60.40752283511156,3415000
2017-07-03,58.516319274902344,59.64549458353064,58.460898266012556,59.54851046059267,2905500
2017-07-05,58.045257568359375,58.717222839658255,57.94480631819179,58.5093966763893,4607700
2017-07-06,57.37329864501953,57.920569335956536,57.234751377670186,57.70581948599321,3403100
2017-07-07,57.52570343017578,58.12146618927281,56.943793283626384,57.20704048918612,3454600
2017-07-10,57.338653564453125,58.00369518120412,57.331729901432034,57.76815850751336,2980600
2017-07-11,58.01752853393555,58.183786240315634,56.94376917533201,56.94376917533201,5022700
2017-07-12,58.67565155029297,59.00817233812271,58.391628112048,58.419338618137026,4026400
2017-07-13,58.779571533203125,58.91119513128165,58.42280731390112,58.70336895381442,2626500
2017-07-14,59.33376693725586,59.368401107548735,58.76571474911176,59.0982302671655,2533600
2017-07-17,59.29911804199219,59.4030311068068,58.94581573571771,59.35453904792505,1831500
2017-07-18,59.29911804199219,59.47230472160387,59.0033138401945,59.36146799497617,1586800
2017-07-19,59.361480712890625,59.47231746326457,59.02895989129046,59.31991230691613,2184500
2017-07-20,59.5069580078125,59.645505269620784,59.34416206830616,59.645505269620784,2770500
2017-07-21,59.68707275390625,59.707854314332394,59.16751260229595,59.340699319499386,2840800
2017-07-24,59.72861862182617,59.79096328509601,59.29911378454033,59.65934501200269,1881400
2017-07-25,60.559913635253906,60.691537196030154,59.67666055919204,59.74247233958016,3016900
2017-07-26,60.7261848449707,62.61045163372897,60.552998151187744,60.615342824035146,2935300
2017-07-27,61.09334182739258,61.11412338570136,60.48372126239533,60.63612640364464,3025800
2017-07-28,60.712318420410156,61.01019970327778,60.317453025468225,60.82316042577379,1902100
2017-07-31,60.587646484375,60.95480151539867,60.25513091430212,60.81625424207492,2593100
2017-08-01,60.04035568237305,60.80237600118693,59.95722946028589,60.532205208927806,3281500
2017-08-02,60.178897857666016,60.365937110472366,59.215980525478386,59.77710356913444,3770500
2017-08-03,59.929534912109375,60.68393411866909,59.804840260544864,60.19970577629259,3966400
2017-08-04,60.0334358215332,60.670761562328835,59.56306018688797,60.670761562328835,8002300
2017-08-07,60.28281021118164,60.42829165640689,59.756326570817336,59.95029478413444,3195100
2017-08-08,59.68707275390625,60.25512497492395,59.59008332985229,60.01958829120291,3125500
2017-08-09,59.8948860168457,60.08885426977683,59.23677868936673,59.57622313199621,2527100
2017-08-10,59.50000762939453,59.853309890569975,59.28525786536502,59.52078918265708,3015600
2017-08-11,59.90179443359375,59.971068030863464,59.3268135343054,59.50692911539601,2538900
2017-08-14,60.28281021118164,60.46985476347844,59.922584284340935,60.09577094412227,2473400
2017-08-15,60.08884811401367,60.40751096621796,59.92397511591252,60.303603187962835,1766700
2017-08-16,60.35749816894531,60.483097800044234,60.203986917202485,60.322607312241104,1920100
2017-08-17,59.38759231567383,60.538921386716254,59.3666599309708,60.197008024575716,3023000
2017-08-18,58.9549560546875,59.506198455393594,58.724694554520994,59.25499925194281,2833500
2017-08-21,58.99684143066406,59.122441064947054,58.78750693232659,59.122441064947054,1764700
2017-08-22,59.345726013183594,59.4015439297506,59.06661513595977,59.14337076028625,2038600
2017-08-23,59.13639450073242,59.422484628275136,58.94799771019262,59.2759472845695,1687600
2017-08-24,57.77573013305664,59.024741790398565,57.698974512961186,58.96194464137332,3438100
2017-08-25,57.636165618896484,58.13856404951213,57.53149839191884,58.11065243407833,3285600
2017-08-28,57.31521224975586,57.91529890526454,56.95585871255685,57.76178762265557,2644100
2017-08-29,56.82676315307617,57.294270841168924,56.58114301013026,57.06400395350621,3491400
2017-08-30,57.168663024902344,57.35008587924811,56.68022302119848,56.868619787313754,3426800
2017-08-31,56.34528732299805,57.287281773895415,56.02431171206396,56.589507317883054,5374100
2017-09-01,56.415061950683594,56.58950555926555,55.89173112493774,56.34528557197011,4889900
2017-09-05,56.62440490722656,56.868624931168576,56.205741248526365,56.324361642498594,3301700
2017-09-06,56.75001525878906,56.7988592728054,56.40112792335856,56.68023885642261,2517500
2017-09-07,56.840702056884766,57.0221248917206,56.40110610082475,56.833722822269024,3257200
2017-09-08,57.02213668823242,57.231465857644004,56.28249737383637,56.83373457980497,3546800
2017-09-11,57.601287841796875,57.608261753896336,57.18959811325639,57.28728611861914,2905500
2017-09-12,57.34309387207031,57.9013154579128,57.25935903711527,57.78966901130607,2256000
2017-09-13,57.15470504760742,57.46172217101942,56.98723535455034,57.39892502882026,2939200
2017-09-14,56.71512222290039,57.21752081844782,56.5197461743204,57.20356766794841,2987900
2017-09-15,56.81977844238281,57.13377484178162,56.18480108429572,56.750002056249414,5962900
2017-09-18,56.798851013183594,56.945383033924095,56.54765174231487,56.687204526754165,2766200
2017-09-19,56.401123046875,56.812807511761285,56.24063254406987,56.72907796560017,2382900
2017-09-20,55.73125076293945,56.21271154384568,55.21489380429087,56.16386754220021,6182400
2017-09-21,55.13117599487305,56.142947097065075,55.082331982841666,55.81499216331237,2962700
2017-09-22,54.091468811035156,55.29164162338689,54.00773929065463,55.13115649359343,4792600
2017-09-25,54.7194709777832,54.74040335946431,54.056587381097444,54.14729614291444,4332600
2017-09-26,54.83810043334961,55.0613934044991,54.44734838103288,54.84507966959739,3160300
2017-09-27,54.5869140625,54.98464540625384,54.28687074538056,54.87299890518699,3278800
2017-09-28,54.40548324584961,54.94974655038258,54.2380188422081,54.62179165570312,2804500
2017-09-29,54.1124153137207,54.614111097274254,54.035659691826865,54.44734409689651,3781800
2017-10-02,54.321739196777344,54.61480318449413,53.65187637188334,54.11241005852101,3635900
2017-10-03,54.30081558227539,54.52410322662359,53.93099592041095,54.39152435780525,2372900
2017-10-04,54.26593780517578,54.531095606725,53.56118916871799,53.88914413994025,3681100
2017-10-05,54.60085678100586,54.76483422086854,54.21707866141296,54.39152229330116,2845300
2017-10-06,54.55201721191406,55.082327386573795,54.41595138092347,55.01254566926777,2355900
2017-10-09,53.95890426635742,54.859034025264265,53.86470321667261,54.62876715874453,2673700
2017-10-10,54.52409744262695,54.60085306131654,54.18916867343308,54.25196582130813,2984700
2017-10-11,54.558990478515625,54.88694534901776,54.370588380160484,54.46827638538278,2327700
2017-10-12,54.53109359741211,54.878586162875045,54.45433795490752,54.67064640727585,2485400
2017-10-13,54.244991302490234,54.84507783336983,54.1891733851691,54.81019230049378,3707800
2017-10-16,54.18220138549805,54.49271088463071,54.06358097540197,54.279889408353405,3432300
2017-10-17,54.10542297363281,54.43337776527602,53.965864911446474,54.23800180181089,4373400
2017-10-18,53.79841995239258,54.05101401386384,53.49837666503417,54.01473369585409,3279400
2017-10-19,53.35881805419922,53.790040064291354,53.24717157638815,53.72863769565351,3965000
2017-10-20,53.526275634765625,53.798407235298235,53.11459127832782,53.56814039681791,4761200
2017-10-23,53.77049255371094,53.79840416801989,53.344849751792495,53.64489295111867,4240900
2017-10-24,53.88215255737305,54.02170534040649,53.67979729545637,53.81237616585633,3061500
2017-10-25,53.95890426635742,54.021701417082596,53.191353368222,53.540240624065106,3927100
2017-10-26,53.93796920776367,54.38454444720747,53.833301971482236,54.14031912135186,2849600
2017-10-27,53.93796920776367,54.05658959120413,53.194837686121936,53.603035116382436,3751800
2017-10-30,52.521480560302734,53.88214393328672,52.47961579681284,53.86818546305904,5216300
2017-10-31,53.95890426635742,54.00774826923157,53.0448160360025,53.156462513198875,4836100
2017-11-01,54.21708679199219,54.32873328847016,53.78446992713494,54.22406602892155,4052600
2017-11-02,54.44734191894531,54.55898839126929,52.688952568617204,53.61698858272539,6533400
2017-11-03,54.42642593383789,54.55900482876668,54.126382603566384,54.33571714044359,4077600
2017-11-06,53.728633880615234,54.57991958088876,53.38672588289112,54.48920549320921,4682000
2017-11-07,54.55201721191406,54.87299288185091,53.372776460930496,53.6797989815647,3421700
2017-11-08,55.52889633178711,55.88475749600265,54.579922580018376,54.87298659417128,4058700
2017-11-09,55.41029739379883,55.78011717247745,55.138160334055165,55.30563011291266,3431600
2017-11-10,55.6265869140625,55.73822807165705,55.10325601156984,55.10325601156984,3403000
2017-11-13,55.71729278564453,56.080138507024,55.542849160565126,55.584719250630116,3237500
2017-11-14,55.389347076416016,55.73823438425748,55.14512702564656,55.50099357025225,2839200
2017-11-15,54.97065734863281,55.74518723126648,54.824125387539326,55.4660764524047,3277400
2017-11-16,56.04328155517578,56.38089404484731,55.22035815469754,55.368061942001184,3028900
2017-11-17,56.00812530517578,56.31760304877581,55.758437425273755,56.00812530517578,4263200
2017-11-20,56.21913528442383,56.9435896882146,56.00812675085548,56.057361359865446,3736700
2017-11-21,56.2754020690918,56.472340495077056,56.099563422152144,56.35277150303881,2455600
2017-11-22,56.141761779785156,56.409034585597354,55.97998786694519,56.29650064437047,2923900
2017-11-24,56.09955978393555,56.51453638803927,55.94482092607677,56.44420200705872,1144800
2017-11-27,55.99406051635742,56.296503211062465,55.88152120383007,56.09956478030937,4605000
2017-11-28,55.55094909667969,56.16989921762252,55.36455518936889,56.057359904994854,3165500
2017-11-29,57.035030364990234,57.36560793441922,55.445452597777184,55.52985172789826,4067400
2017-11-30,57.231964111328125,57.80167960400271,56.62004369485461,57.28119871728556,4409700
2017-12-01,57.119441986083984,57.39374992553441,56.47235686564562,56.93656823772664,3360800
2017-12-04,57.618804931640625,57.87904805366212,57.08777416453905,57.19679326400889,2908100
2017-12-05,56.71851348876953,58.01268871976848,56.62707932424452,57.71024603259233,3248000
2017-12-06,56.61300277709961,57.07018427997383,56.43716415031483,56.7958764514831,2582100
2017-12-07,55.81822204589844,56.6200458686579,55.783052169077315,56.387937560446005,2532300
2017-12-08,55.199283599853516,56.06159507092135,54.81595117962793,55.98703749205085,5332600
2017-12-11,55.12190628051758,55.13597101251199,54.29194757242352,54.98826717880501,3988400
2017-12-12,55.52983856201172,55.62830776792004,54.94605837446073,55.09376218332322,3140800
2017-12-13,55.76194763183594,55.987020872246376,55.4032353103111,55.74084785401142,3028300
2017-12-14,55.55094909667969,56.057359904994854,55.47357966079061,55.761952258601895,3321300
2017-12-15,55.944820404052734,56.14879386331153,55.57204335878188,56.12769408583118,6684900
2017-12-18,55.82526397705078,56.521583621364144,55.76899431366756,56.254310769549534,2721100
2017-12-19,55.227386474609375,56.14174936339001,55.13595233219865,55.93074089177345,2889900
2017-12-20,54.42559051513672,55.48765772708446,54.38339094584445,55.43138805724738,3802400
2017-12-21,54.777259826660156,54.981233325119845,54.20754426052224,54.74912499588948,4562400
2017-12-22,55.03045654296875,55.28366460130598,54.77724848463152,54.96012216369045,3091400
2017-12-26,54.93903350830078,55.19224161789709,54.861664065581344,54.94606855750353,2532000
2017-12-27,54.84758377075195,55.283660106524195,54.82647862913215,55.03045206877379,1757300
2017-12-28,54.805389404296875,55.06563253935343,54.66472063009697,55.01639793176649,1883800
2017-12-29,54.6928596496582,55.33994464643991,54.643625038298076,54.650654721227966,2443700
2018-01-02,54.1723747253418,55.07970290033299,54.07390550010278,55.016403555323755,4009000
2018-01-03,54.16535186767578,54.57329355242681,54.08798241435709,54.390425177465346,3369300
2018-01-04,54.798362731933594,55.016400953771026,54.20050699331989,54.320081360744666,3608500
2018-01-05,54.749122619628906,55.09377025698333,54.320081225965936,54.889796767376644,4152500
2018-01-08,55.199283599853516,55.26961800220386,54.735066885233586,54.735066885233586,3126900
2018-01-09,55.29774475097656,55.36807914304291,54.89683281341123,55.24147509085543,3436500
2018-01-10,54.78427505493164,55.31882591383329,54.439632893480464,55.31882591383329,3823700
2018-01-11,54.2497444152832,55.0023337065537,54.172374971362565,54.87572964978995,3493700
2018-01-12,54.40448760986328,54.55922650995392,53.8769715592838,54.40448760986328,4223500
2018-01-16,55.31179428100586,55.50873267113306,54.55217017665636,54.84054808089167,5327800
2018-01-17,56.31760025024414,56.739611919347375,55.41730725851204,55.642380506445065,6547600
2018-01-18,55.75492477416992,56.69038781416298,55.57908609896088,56.380915394791,3447200
2018-01-19,56.02922821044922,56.24023136396373,55.63534599811692,55.937788681040324,3749400
2018-01-22,56.387943267822266,56.58488171914641,56.09957064014629,56.14177020366708,3988300
2018-01-23,56.45826721191406,56.64114089693789,55.958886126729546,56.09956025604378,2833000
2018-01-24,56.1699104309082,56.68335639030505,56.06440614580022,56.620057038942775,3119600
2018-01-25,56.0362663269043,56.58136727965963,55.833704127628764,56.26837466025876,2927300
2018-01-26,55.839317321777344,56.26836402677505,55.14299781947343,56.198029644975456,4772400
2018-01-29,55.157066345214844,56.183963415433105,55.135966565839844,55.684582294268935,3280500
2018-01-30,55.21332550048828,56.02921925561954,55.16409090258683,55.3117946962912,3334300
2018-01-31,55.13595962524414,55.480601832714555,54.75614754579613,55.29773352370441,4855700
2018-02-01,55.262550354003906,55.529823071745525,54.580295784692986,54.946043047042316,3119800
2018-02-02,54.29194259643555,55.10079608314938,53.91213047335539,54.94606258071199,5239700
2018-02-05,52.23110580444336,54.818747567947526,52.171321316877254,54.362269045436264,5372900
2018-02-06,52.26628112792969,52.273316176796286,50.676703518958234,51.93570359140952,7556400
2018-02-07,51.73173522949219,52.547623810617566,51.710630082990434,51.93570335014605,6753700
2018-02-08,50.34611892700195,52.076370439980316,50.11401064246151,51.76689272725972,8210800
2018-02-09,50.20545959472656,51.10575817283375,49.40715582552237,50.641541466957975,6871000
2018-02-12,50.507896423339844,51.08464702996057,50.254688316416576,50.303922927975535,4372900
2018-02-13,50.437564849853516,50.63450330709753,49.71311036806138,50.30392573979343,4043600
2018-02-14,50.58525848388672,50.66966296260165,49.72716506521124,50.17731155268536,5503100
2018-02-15,51.14091491699219,51.190149526843605,49.692006084647666,50.77517286754882,7410900
2018-02-16,49.79750442504883,50.11401182696189,47.581936513149266,49.192619081071946,14988800
2018-02-20,48.31343460083008,49.79751340229598,47.84218288777502,49.78344330366549,8715200
2018-02-21,47.4553337097168,48.482230738262736,47.43423393119804,48.47519569003332,6647900
2018-02-22,47.57490539550781,48.003249168695255,47.15992875133093,47.39203169436335,5972000
2018-02-23,48.545536041259766,48.608840750767264,47.37093505252563,47.79998182237921,5740900
2018-02-26,49.051963806152344,49.234837562483854,48.22200490116647,48.95349456032109,7520500
2018-02-27,47.7366828918457,49.2453762823037,47.72964784269066,48.96051850248207,5412100
2018-02-28,47.159934997558594,48.243096518291686,47.145864898438646,48.0180232279072,6193000
2018-03-01,47.04739761352539,47.82038377744128,46.67462046399948,47.223236296597676,5209600
2018-03-02,47.24433135986328,47.55380912832564,46.78714975631759,47.13882708732655,4820800
2018-03-05,47.42721176147461,47.63822033629904,46.92783052497248,46.92783052497248,3910800
2018-03-06,47.66633605957031,47.73667580834278,47.28652932028,47.61710145513124,3539400
2018-03-07,47.44830322265625,47.53973739375021,46.934857342110874,47.370933783203654,3316500
2018-03-08,47.5583381652832,47.821014927563695,47.18562282118342,47.6861261285074,3508400
2018-03-09,47.72872543334961,47.991396777662445,47.23176983882538,47.70742292598442,4911000
2018-03-12,48.062381744384766,48.19727052256616,47.636423738340795,47.75001542867248,2653200
2018-03-13,47.828125,48.23988147981824,47.67903991683881,48.16178851963593,3360700
2018-03-14,47.26727294921875,48.211483790950815,47.011697000834864,47.99850202851384,3900900
2018-03-15,46.47215270996094,47.3311698657657,46.227225278890415,47.13949058982243,4870800
2018-03-16,46.40115737915039,46.74192171646486,46.10298722991236,46.465048661265044,7204500
2018-03-19,45.40016174316406,46.401165970945776,45.13748760474402,46.27337796670332,6947200
2018-03-20,44.85350036621094,45.584729400735085,44.59792443347519,45.45694143436721,7502500
2018-03-21,44.00867462158203,44.5553197386476,43.83828979354052,44.39203574536925,7088700
2018-03-22,42.97216796875,43.98737058808981,42.94377275695758,43.82408661054088,8156600
2018-03-23,42.61721420288086,43.772275416760166,42.56042105498418,43.11416711081027,6316300
2018-03-26,43.76730728149414,43.82410043116431,42.972181520707316,43.220659336519034,5310600
2018-03-27,43.09286880493164,44.00158081108354,42.87278893111499,43.83119866401776,5276500
2018-03-28,43.56852340698242,43.98738336959509,43.12907589427257,43.19226033669791,4778200
2018-03-29,44.221656799316406,44.455932907990785,43.792148343267414,43.86669086458086,5001900
2018-04-02,42.63851547241211,44.01578253151968,42.446833513826036,43.97318563799759,5294200
2018-04-03,42.76630401611328,43.06447415022446,42.2267541903279,43.03607622083037,6325300
2018-04-04,43.575626373291016,43.89012680865812,42.40139933661593,42.44683439908174,4764400
2018-04-05,43.52592849731445,43.944788452945325,43.27035256395658,43.80280152239368,4272700
2018-04-06,42.97928237915039,44.00158344731969,42.70950747059543,43.369744423426305,3932000
2018-04-09,43.057376861572266,43.58982586130395,42.837296966739935,43.22775902490803,4669300
2018-04-10,43.483333587646484,43.8879945978489,43.036075683884384,43.76730746169318,4667400
2018-04-11,43.689212799072266,43.89509371428043,43.14966300115953,43.199358020944196,3852600
2018-04-12,43.263240814208984,43.80634088967804,43.149651840057075,43.68210066417693,5145800
2018-04-13,43.24905014038086,43.398137897912264,42.94378191425059,43.355541008878255,3746000
2018-04-16,43.44073486328125,43.525928646810115,42.53912096558333,42.61011578519072,5446000
2018-04-17,43.79570007324219,43.880893855285755,43.36974199572598,43.79570007324219,4444100
2018-04-18,43.156761169433594,43.873791202127734,42.8443893978963,43.77440116870234,5525800
2018-04-19,42.40424728393555,43.227768475229176,42.3332551517215,43.12837840685902,7461800
2018-04-20,41.33224105834961,42.70808905112427,40.856585219860214,42.48942824471404,9765800
2018-04-23,40.948883056640625,41.31094722995985,40.757201067880096,41.17606110816955,7905100
2018-04-24,40.13245391845703,41.176054794520546,39.83428378711064,41.140558737194866,8266800
2018-04-25,40.35962677001953,40.750091475157944,39.962066645769845,40.12535065511172,6766600
2018-04-26,40.700401306152344,40.796950472891915,40.118254596854676,40.487419547742576,5147400
2018-04-27,40.93467712402344,41.36063522111067,40.72169807547982,40.77139309653415,4096100
2018-04-30,40.02595901489258,41.28963685875462,40.01176005271518,41.1050557667987,6761600
2018-05-01,39.543209075927734,40.06855718799182,39.25923522041849,39.983366114609204,6350200
2018-05-02,38.47830581665039,39.7206865220245,38.41441184347558,39.67099151046354,9045100
2018-05-03,39.01076889038086,40.04017096260171,39.00366805290171,39.947879032604746,10380800
2018-05-04,41.18314743041992,41.49551919284854,38.826173790409634,39.04625364955932,9221300
2018-05-07,41.765296936035156,42.059916630141856,41.31093822385503,41.53101809812156,7337400
2018-05-08,41.715599060058594,41.978275824327326,40.90627709229641,41.66590404155919,7163200
2018-05-09,41.51681900024414,42.113161930616116,41.2399459804599,41.84338703854476,5002300
2018-05-10,41.91437530517578,42.13445243615647,41.56650752175876,41.70849442740193,3934200
2018-05-11,42.056373596191406,42.49653068548574,41.86469162790782,41.86469162790782,3980300
2018-05-14,42.08477020263672,42.31194823736864,41.82919423651936,42.14866419416606,4228700
2018-05-15,41.91437530517578,42.23384516582917,41.61620253250763,41.9995663652917,5662600
2018-05-16,42.09186935424805,42.11316644784651,41.552319512231016,41.92858531758323,4334000
2018-05-17,41.65777587890625,42.217421307173794,41.413827380451416,42.13132264213892,4694100
2018-05-18,40.74656295776367,41.37078316695084,39.97525488309203,41.33490894564631,9529000
2018-05-21,40.50260925292969,41.14835336509722,40.32466963456893,40.89723111098106,4588300
2018-05-22,40.59588623046875,41.08091212179958,40.33041099329827,40.59588623046875,4179500
2018-05-23,40.88288116455078,40.9546323355369,40.39498414995441,40.39498414995441,3134900
2018-05-24,40.940284729003906,41.012033167567736,40.452387683092915,40.89723402364912,2750600
2018-05-25,41.44970703125,41.70082931095831,40.96898371963007,40.98333395518877,3296000
2018-05-29,41.184234619140625,41.514281826734695,40.854184674518976,41.306207516153734,4231400
2018-05-30,42.217430114746094,42.375279981097336,41.21293544401094,41.363611560540654,5587300
2018-05-31,41.24164581298828,42.28918870805849,41.00487369367744,42.18156601274572,6787400
2018-06-01,41.36361312866211,41.74388483525796,41.09813784572927,41.356436641540746,4745600
2018-06-04,41.916072845458984,42.08827291654687,41.43535232276023,41.50710075578094,3626300
2018-06-05,41.55732345581055,42.18298049454393,41.375798340438585,42.17436980709542,4920300
2018-06-06,41.55732345581055,41.679299071240585,40.904402889526416,41.679299071240585,4826800
2018-06-07,41.37795639038086,41.72953032356212,40.947460266144,41.26315724144919,4501800
2018-06-08,41.95195770263672,42.03805638588779,41.37795918222211,41.46406060250097,4266700
2018-06-11,42.963626861572266,43.150174467980634,42.03088335547473,42.04523085540566,5252000
2018-06-12,43.13582992553711,43.5161044125764,42.540310066784436,43.21475487071561,4309300
2018-06-13,43.12146759033203,43.537616189253,42.79859688630482,43.308017906064684,3477900
2018-06-14,43.53043746948242,43.77438597497978,43.006666241773125,43.32953966625894,3572700
2018-06-15,44.20488739013672,44.226411374027684,43.329542218204516,43.63089167781538,7616400
2018-06-18,43.67393493652344,44.951078337888305,43.386938479821445,44.07573326033882,4491300
2018-06-19,44.58516311645508,44.67843828356421,43.40847111425749,43.47304580886724,5974300
2018-06-20,45.23090744018555,45.44615549739599,44.4847116206303,44.67843569322796,6027600
2018-06-21,44.89368438720703,45.345707229679704,44.664086091322275,45.23808183103416,4956000
2018-06-22,45.352874755859375,45.52507482265821,44.958252910019915,45.06587829389759,4247200
2018-06-25,45.43180847167969,46.30715373480878,45.07306077197468,45.094584758108105,4976500
2018-06-26,45.352874755859375,45.63987395484837,44.73582839395208,45.61834997288371,4190400
2018-06-27,44.97978210449219,45.78696436603389,44.85063272368331,45.19503289719199,3250100
2018-06-28,44.95108413696289,45.43180470089506,44.847046984240066,45.08740726620615,3688000
2018-06-29,45.073055267333984,45.36722823568449,44.57798448753262,45.13762995487568,3812500
2018-07-02,44.54928970336914,44.90803740504323,44.140317542422906,44.843462709260784,3666600
2018-07-03,44.94390869140625,45.29548262036907,44.72148688259795,44.72148688259795,1674000
2018-07-05,45.883846282958984,45.919720517207324,44.94392601829209,45.40312278553958,2834300
2018-07-06,46.22822952270508,46.364555402413274,45.68293147792785,45.919706277192965,3330000
2018-07-09,45.89817810058594,46.45782359389916,45.64705308759159,46.38607515420222,3079900
2018-07-10,45.919700622558594,46.16364640456959,45.43898007043936,46.16364640456959,3112900
2018-07-11,45.733150482177734,46.12059585434415,45.56812415872215,45.85512336635318,2520900
2018-07-12,45.661407470703125,45.955583216454336,45.41028517192499,45.86948179656374,2659900
2018-07-13,45.81207275390625,46.343017730929006,45.560950499507285,45.66139940126688,3997900
2018-07-16,44.94390869140625,45.91252906485837,44.90803447098823,45.84077788699474,4164900
2018-07-17,45.23808288574219,45.47485767347166,44.879335197929755,44.943909891217096,5032300
2018-07-18,44.19054412841797,45.331361984125905,44.15466990392962,45.23808681083389,5196400
2018-07-19,44.01116943359375,44.49189005407464,43.681122195320796,43.98964544671485,6839500
2018-07-20,43.54478454589844,44.0398580065519,43.4443356515708,43.960933093286734,5809500
2018-07-23,43.26496505737305,43.68828738421433,43.15016592146832,43.336716227955556,4857500
2018-07-24,42.81294250488281,43.38694092468607,42.439847363848926,43.26496530251832,6374000
2018-07-25,42.9349250793457,43.1645233896341,42.28917812101725,42.84164991046987,3713900
2018-07-26,43.39411926269531,44.269464482148464,43.21474542179279,43.566319354253885,4082200
2018-07-27,43.236263275146484,43.80236808776927,42.968639491237596,43.48021177365859,3771100
2018-07-30,43.2506217956543,43.49457034090699,42.920574568849986,43.121472404813,3743100
2018-07-31,43.22909164428711,43.889186003754546,43.056891568714924,43.487390389131704,6484800
2018-08-01,42.53312301635742,43.12146897809038,42.51159903193689,43.04972053867027,4013200
2018-08-02,42.619232177734375,42.798606045928494,41.789088842817,42.40398134627901,6445100
2018-08-03,46.26410675048828,46.63002547068145,43.322373907871395,43.7672202986373,16199700
2018-08-06,44.69995880126953,46.005802828397236,44.59233614328857,45.812076022571034,7453200
2018-08-07,43.9968147277832,44.872159932318084,43.821029133062325,44.84345946137619,6542400
2018-08-08,43.2506217956543,43.659593954309145,42.690976260027185,43.10712490541085,11053800
2018-08-09,43.04972457885742,43.49457096647117,42.8201262667324,43.35107133713609,6568700
2018-08-10,42.79859924316406,43.04972152390917,42.403974606239494,42.877521433521395,5118000
2018-08-13,42.53312301635742,42.841646232513426,42.21025230193941,42.67662263222516,5790400
2018-08-14,42.7053108215332,43.09275885184483,42.6407361498146,42.690960590370544,4439900
2018-08-15,42.39680480957031,42.74837877241804,42.31787987482728,42.73402853546224,5299600
2018-08-16,43.531681060791016,43.61870290648243,42.66148473417011,42.76300745452344,6261800
2018-08-17,44.24959945678711,44.45989811719222,43.34314257533774,43.72747940786047,6417000
2018-08-20,43.97403335571289,44.72965563747348,43.95227927697428,44.256847444461634,4647000
2018-08-21,43.39390182495117,44.05380229184002,43.21261045749504,44.05380229184002,4849800
2018-08-22,43.1836051940918,43.582445667888024,43.03132110221654,43.49542658200029,3224800
2018-08-23,42.639732360839844,43.14009834403096,42.60347463780974,42.97330783877596,5179800
2018-08-24,42.806522369384766,43.089336496815974,42.61072733509691,42.72675371471707,4513200
2018-08-27,43.19810104370117,43.415650102320704,42.915286990867145,43.038563776446544,3496800
2018-08-28,42.632469177246094,43.41564627244638,42.632469177246094,43.154586318617575,4293500
2018-08-29,43.002315521240234,43.05307688720902,42.465694576345285,42.71225096803098,5188900
2018-08-30,42.21913146972656,43.19810367631904,42.17924715048224,42.87903188865099,5063800
2018-08-31,42.25539779663086,42.4729469128329,41.79129227772327,42.31703620573547,5520300
2018-09-04,41.08787536621094,42.509199021657054,41.00810672200861,42.38592221973472,6918700
2018-09-05,41.334434509277344,41.852203197916666,40.819567655614506,41.080627684594795,7064200
2018-09-06,41.18939208984375,41.51571705664671,40.652771270022285,41.3634329942341,8822100
2018-09-07,41.03711700439453,41.131389296823514,40.7325460466574,41.10963245008641,6815900
2018-09-10,41.50847244262695,41.68251060514355,41.19665107130746,41.26191607382285,8285300
2018-09-11,41.88555908203125,41.961703895716504,41.10963219945364,41.58824133044812,7617300
2018-09-12,42.87178421020508,43.16910195888638,41.9145659575586,42.22638734840568,6699000
2018-09-13,43.14009475708008,43.44466292475353,42.7122470218102,42.96605382820474,5891500
2018-09-14,42.76301574707031,43.04510511744874,42.494702486920815,43.00231895341042,3953700
2018-09-17,42.31340789794922,42.414933396619574,41.84205195955686,42.07410470965799,7494000
2018-09-18,41.406951904296875,42.09585973181473,40.88483458803784,41.9508260681867,7285100
2018-09-19,41.254676818847656,41.66077061250369,41.20391544042661,41.566498295598464,5079400
2018-09-20,41.747772216796875,42.018984477081496,41.49396543112223,41.537473585074174,5364600
2018-09-21,41.42145538330078,42.01609091216319,41.370694016174994,42.00884047383967,11543500
2018-09-24,40.986351013183594,41.551979171343405,40.779678973372384,41.33443009253476,4729000
2018-09-25,40.36270523071289,41.22057490769574,40.31919431173656,41.080620179247056,3813200
2018-09-26,40.00737762451172,40.55125172663692,39.93486218407639,40.544001289108074,5436500
2018-09-27,39.9130973815918,40.446094301077956,39.39097749861989,39.96385872951562,7881900
2018-09-28,39.963863372802734,40.203166502778146,39.44899663187676,39.86959110158269,6505300
2018-10-01,40.27568817138672,40.562128844814886,40.047259293205755,40.239430453571394,6208700
2018-10-02,40.558509826660156,40.8195698698012,40.21768112963857,40.29744978351912,3930000
2018-10-03,40.31920623779297,40.97185638405385,40.15967168693037,40.66003495487223,5395100
2018-10-04,40.261192321777344,40.522252366622766,39.985628633741946,40.21043095375597,4349500
2018-10-05,40.52949142456055,40.638267334798,40.05088239883107,40.391711002374564,4163400
2018-10-08,41.37793731689453,41.55922866074763,40.50048511026789,40.50048511026789,6060700
2018-10-09,40.660030364990234,41.682513634518415,40.311951248372864,41.55198362000103,8535700
2018-10-10,40.42072677612305,41.356188182375334,40.41347357189673,40.47148814055973,7799600
2018-10-11,39.028404235839844,40.776052856918476,38.847112873627175,40.58751105738343,9593800
2018-10-12,39.332969665527344,39.470750085689154,38.45551749267564,39.11541784824854,9452500
2018-10-15,39.499759674072266,39.85508916601193,39.19518877183756,39.19518877183756,4829800
2018-10-16,40.20317077636719,40.36270805750045,39.51426582518978,39.673800340036436,4813700
2018-10-17,40.899330139160156,41.34893191779568,40.101646530169994,40.18141516769766,7094000
2018-10-18,40.27568817138672,41.276414461265006,40.19591953242108,40.90658131349026,6075400
2018-10-19,41.74052810668945,41.88193516103992,40.68178435070114,40.718044839539246,8880700
2018-10-22,40.76155090332031,42.117612340531906,40.67453182041633,41.813041400937784,7390000
2018-10-23,41.044368743896484,41.23363810193262,40.26844183198496,40.75430418564459,6429000
2018-10-24,40.44972229003906,41.609988508441184,40.39533710188228,40.913827670885404,5833800
2018-10-25,40.594757080078125,41.00085068313554,40.130651685890435,40.43521981346872,5712800
2018-10-26,39.63029098510742,40.304695041489786,39.37648143041314,40.25393091752171,6480000
2018-10-29,40.261192321777344,40.68904011387687,39.68106042561368,40.00738271538337,6301400
2018-10-30,40.50048828125,40.92108555973727,40.123404690843834,40.33370056380088,6015500
2018-10-31,39.86235046386719,40.279318434714746,38.99215126599661,40.24668731335951,8888100
2018-11-01,40.75428771972656,40.9718367420911,39.60127485827999,39.978361121311956,7427700
2018-11-02,36.78763961791992,38.085686319878626,36.55631168325863,37.88989133414019,22310600
2018-11-05,37.991416931152344,38.43376829183403,37.01244469438443,37.03419877235677,10481500
2018-11-06,38.7673454284668,38.955890000109214,38.02042587830357,38.2669822491759,6724000
2018-11-07,38.832611083984375,39.18069018407247,38.36125517953223,39.05016017575358,5379400
2018-11-08,38.65857696533203,38.86887287516818,38.390263716642224,38.6150660359071,5031800
2018-11-09,39.15167999267578,39.26407974110378,38.48452640615224,38.694825029773845,5712700
2018-11-12,38.91962432861328,39.78982333142742,38.80359797932382,39.18068430608616,5540900
2018-11-13,38.709327697753906,39.354724425654695,38.41926044719147,38.97763810643805,5511400
2018-11-14,38.1727180480957,38.83987186140261,37.83188931921678,38.745599555615115,5601600
2018-11-15,38.154361724853516,38.35984690205895,37.75806648350684,38.16169928138561,6902900
2018-11-16,38.22040939331055,38.82218978764001,37.99290595661508,38.1690353015515,11005000
2018-11-19,38.08097457885742,38.70477330564869,37.96355407021241,38.1396862329428,6378100
2018-11-20,37.383792877197266,38.42957262538038,37.215001053863666,38.198398963369954,5967000
2018-11-21,37.54525375366211,37.78009483613091,37.22234796514915,37.44984868905712,4154900
2018-11-23,37.457183837890625,37.794767497045925,37.303069923866616,37.44984348035074,2018700
2018-11-26,37.47919464111328,37.95621703882254,37.391129958291465,37.83879652855152,4527200
2018-11-27,38.01493453979492,38.05529811183587,37.12327137479966,37.37646054496079,5269200
2018-11-28,37.55992126464844,37.72871307093587,37.14894808443182,37.66266385982116,6212700
2018-11-29,37.56726837158203,37.90852224917017,37.30307425948846,37.39847652238622,4840300
2018-11-30,37.51588439941406,37.64064525425101,37.26636548926568,37.5085468430239,6402800
2018-12-03,37.736053466796875,37.912185642861665,37.339760969821526,37.72137835169028,5849600
2018-12-04,36.67926788330078,37.93420015769122,36.59120319725388,37.721377399705034,6460000
2018-12-06,36.3416862487793,36.86273963582103,35.6078072925427,36.69394781182974,8413300
2018-12-07,35.74723815917969,36.653578988059785,35.60413200720132,36.2536163580499,5152600
2018-12-10,35.42433166503906,35.9600628780962,34.63174118028017,35.85732028922573,7708700
2018-12-11,35.505062103271484,36.187569706874854,35.32159237756146,35.74724068545528,6550200
2018-12-12,35.416996002197266,36.08482571787743,35.394980530100696,35.923374256626,7351700
2018-12-13,35.571102142333984,35.68998957568724,35.22617825111049,35.49771259126243,4683500
2018-12-14,34.829891204833984,35.5564325326631,34.76677869575163,35.49038332104227,5653400
2018-12-17,34.36021041870117,35.21518002263998,34.02996434856109,34.85924830257377,7994300
2018-12-18,33.86851119995117,34.66843928565601,33.670363567764575,34.47762921042784,7852600
2018-12-19,33.09059143066406,34.40423500475552,32.929137217226526,34.12536030868845,11399300
2018-12-20,32.91446304321289,33.37680747084155,32.598894935413625,33.083257630708225,11469400
2018-12-21,32.327362060546875,33.685039582437845,32.25103859466298,33.06124089415532,13230600
2018-12-24,31.21921157836914,32.4521284530809,31.14582200277555,32.33470793165721,5241100
2018-12-26,31.769617080688477,31.769617080688477,30.52935999375348,31.307272606880282,9547100
2018-12-27,32.11454772949219,32.13656600585851,31.028407012814256,31.718255148743584,9022000
2018-12-28,31.975109100341797,32.694310213510825,31.843010651032557,32.20995016588571,8321800
2018-12-31,31.586153030395508,31.865025036489257,31.07243716726172,31.490747975928578,9206000
2019-01-02,31.806299209594727,32.08517386649103,31.032057048669607,31.373310715804966,6417800
2019-01-03,31.7842960357666,32.202606783079624,31.542114655992837,31.666875524231816,7613500
2019-01-04,32.65027618408203,32.7603563484402,31.923734781403454,32.34938592226134,6452600
2019-01-07,33.2667350769043,33.54560707003858,32.2980122602696,32.65027662969646,6711400
2019-01-08,33.29609298706055,33.563226606392625,33.05391434705929,33.47222519758316,8308100
2019-01-09,33.11996078491211,33.3694797624007,32.85576389115639,33.252059231789964,6628800
2019-01-10,33.464874267578125,33.516245562851104,32.87043419384065,33.13463102640203,6153000
2019-01-11,33.47222137451172,33.661561729493705,32.86677064437112,33.60431981743425,4879400
2019-01-14,33.94190216064453,34.06666024103006,33.34745919065034,33.44286424005026,7977200
2019-01-15,34.42625427246094,34.43359182864341,33.93455682199789,34.24278457311942,6086900
2019-01-16,34.374881744384766,34.74182112987157,34.22810543028498,34.49230223575953,8449400
2019-01-17,34.551021575927734,34.56569669103314,33.98593446048675,34.433598258876756,7363900
2019-01-18,34.881263732910156,35.07941137476037,34.492308806051895,34.80053660480164,6141000
2019-01-22,34.697792053222656,35.15279896795951,34.13270498777905,35.108765227961385,6959800
2019-01-23,34.536338806152344,35.00602081022414,34.18407730309849,34.881259953159436,5213900
2019-01-24,34.154727935791016,34.547353072761176,34.05198532791488,34.18408376647737,6063000
2019-01-25,34.3088493347168,34.66845134028419,34.242800101021835,34.37489856841176,5422000
2019-01-28,34.418922424316406,34.573036325435446,33.80246402031437,34.33085493836904,6545800
2019-01-29,34.40424728393555,34.683119280009365,34.05932326831261,34.5216678084735,4440500
2019-01-30,34.3088493347168,34.59506174755273,34.1400574707245,34.49231911725539,5414300
2019-01-31,35.27021789550781,35.29957092133293,34.44827158284148,34.47028985161731,8319600
2019-02-01,35.05005645751953,35.402320807427095,34.87759726060818,35.32893123472721,4740200
2019-02-04,35.028045654296875,35.21151541121203,34.77852667291122,35.09409487876738,6251500
2019-02-05,35.32892608642578,35.34360399882682,34.82988826289253,34.947308762575325,6145700
2019-02-06,34.99868392944336,35.27755869687452,34.8482402098531,35.18949401224789,5012400
2019-02-07,34.661102294921875,35.000889165275034,34.36021203894495,34.54368177550469,9556900
2019-02-08,34.829891204833984,34.84456911847481,34.228110743189,34.6390839265548,5278600
2019-02-11,34.73448181152344,35.0427095359207,34.40423582143695,34.85923985248656,5152500
2019-02-12,35.306915283203125,35.57111214228296,34.859248694154054,34.925297908924016,5363900
2019-02-13,34.96199035644531,35.53441500273407,34.93997488528831,35.45369067531645,6021400
2019-02-14,34.741825103759766,34.9766661133712,34.41157905914191,34.84456769552406,4390000
2019-02-15,34.94731521606445,35.29223922236991,34.74183000355536,35.09409156765354,5758800
2019-02-19,35.05739212036133,35.505058655547195,34.95464953186468,35.09408550203505,7443900
2019-02-20,35.416996002197266,35.59312817754768,34.954654291013576,35.15280193846057,7048900
2019-02-21,35.35829162597656,35.71055322180939,35.11611020410795,35.512405549242246,10117900
2019-02-22,25.64907455444336,26.41964703300057,25.32616596567637,26.309564050552453,135204800
2019-02-25,25.120676040649414,25.99399098047255,24.995917963328687,25.685763166250037,47394300
2019-02-26,24.306068420410156,25.326159645008534,24.247359564075964,25.128014805295532,36361600
2019-02-27,23.630903244018555,24.40147559772573,23.52082027940635,24.32808882100165,28284100
2019-02-28,24.357439041137695,24.687685097337972,23.352025758506425,23.79235196708962,39658300
2019-03-01,23.777681350708008,24.5776095939137,23.74098516011337,24.518897928583307,20796800
2019-03-04,24.386798858642578,24.62163991491724,24.049215190188534,24.14462024415206,19256700
2019-03-05,24.247356414794922,24.50421287700707,23.968481684732104,24.496875320740497,13556300
2019-03-06,24.115262985229492,24.364781942696954,24.034535852000893,24.313410639647127,8978600
2019-03-07,23.691797256469727,24.241561134526542,23.632363515194957,24.241561134526542,15205600
2019-03-08,23.847803115844727,23.996388132801783,23.47634340747556,23.54320652340506,12460800
2019-03-11,23.899812698364258,23.914671486727347,23.51423663432285,23.766087854132614,12449900
2019-03-12,23.766084671020508,24.085540075968325,23.666533919747664,23.922099093913033,10361500
2019-03-13,23.99639129638672,24.003822106927135,23.699222640306857,23.82551949626729,8688600
2019-03-14,23.67694091796875,24.144981473822074,23.66208212774808,24.026113986081157,8199900
2019-03-15,23.840377807617188,23.936958504548443,23.513491583946013,23.73636913431759,16516500
2019-03-18,23.795804977416992,23.847809321781575,23.424345172382505,23.624933155358462,13719500
2019-03-19,23.870101928710938,24.13012368328394,23.684369877282343,23.751233019033197,10194500
2019-03-20,23.788375854492188,23.90724332646244,23.58035707003823,23.84780817346527,10093500
2019-03-21,24.330711364746094,24.405002479578318,23.71408575935821,23.803237080973936,11186100
2019-03-22,23.988964080810547,24.40499879550723,23.914670143169037,24.39014284200287,12098300
2019-03-25,24.144983291625977,24.17470087430467,23.79580878021303,23.974111442260508,7663500
2019-03-26,24.44215202331543,24.55358870081732,24.15240986015171,24.17469946287169,7464000
2019-03-27,24.248987197875977,24.657593959754546,24.078115382327635,24.442148613034355,8391900
2019-03-28,24.434720993041992,24.538729691392177,24.278707945516715,24.29356673585595,6537800
2019-03-29,24.25641441345215,24.55358163530247,24.182120482471802,24.27127036562453,8130000
2019-04-01,24.144983291625977,24.501585781696264,24.08183555395226,24.36785949366682,7969100
2019-04-02,23.83295440673828,24.315852316054485,23.788378037898983,24.18955685537965,9344000
2019-04-03,23.95924949645996,24.040971421054564,23.788377669591377,23.951821518780584,8430300
2019-04-04,24.286134719848633,24.360428667862188,23.85524115746737,23.996395407656614,7574200
2019-04-05,24.64273452758789,24.665024126615627,24.234127776383783,24.28613211740845,8852400
2019-04-08,24.6575927734375,24.791319028567475,24.486720966110077,24.687310348805042,6571100
2019-04-09,24.47929573059082,24.687313113410486,24.405001783852164,24.63530876770557,6398800
2019-04-10,24.50157928466797,24.568442410952745,24.29356192912596,24.50157928466797,6323800
2019-04-11,24.50901222229004,24.66130984680725,24.367855146759172,24.57587535437725,6022200
2019-04-12,24.56844139099121,24.75417197473564,24.44957393075573,24.605586940935336,5278400
2019-04-15,24.620450973510742,24.650168553407383,24.397574792334744,24.583305415652145,5232900
2019-04-16,24.54615592956543,24.88789954161287,24.523866331197848,24.56844269390906,4618200
2019-04-17,24.434720993041992,24.59816485274913,24.405003412363516,24.553588481731417,6532700
2019-04-18,24.48672103881836,24.57587376518571,24.40499912332694,24.531297402002036,6834200
2019-04-22,24.44215202331543,25.095921799928455,24.375288883204494,24.91019117006747,10441400
2019-04-23,24.590734481811523,24.646454238077354,24.405003850275108,24.464439012698534,9615900
2019-04-24,24.338138580322266,24.442150105463742,24.017939180943923,24.412432526851894,8443100
2019-04-25,24.159835815429688,24.32327964373728,24.100400665490948,24.27127247052892,6196300
2019-04-26,24.561016082763672,24.59073082553271,24.200698257713043,24.29356355967355,6908200
2019-04-29,24.71703338623047,24.758636867329127,24.53873072864722,24.635311452922505,5963400
2019-04-30,24.694744110107422,24.86561593785006,24.56101783900026,24.746748456201953,9695000
2019-05-01,24.50901222229004,24.939905758166596,24.464435856223844,24.665025252485474,7402700
2019-05-02,23.907243728637695,24.390144435778897,23.63979120369944,24.29356372754583,12276800
2019-05-03,24.20441436767578,24.263846688967472,23.799520165652858,24.033539713154713,6995800
2019-05-06,24.34556770324707,24.471863152550476,24.003824074988817,24.03353881751521,10303800
2019-05-07,24.144983291625977,24.486726990356917,23.922107089585133,24.241564018319387,8719100
2019-05-08,24.092973709106445,24.234127945152977,23.966675427149816,24.144978050493275,5778600
2019-05-09,24.20441436767578,24.248987900138502,23.75122981046475,23.996394158094382,6838900
2019-05-10,24.25641441345215,24.31584672421274,23.528349476975038,24.189551292581683,9250000
2019-05-13,23.751230239868164,24.09297530405249,23.639792155660366,23.988966614393494,7944100
2019-05-14,23.974105834960938,24.070686539065104,23.75865766196857,23.8329516012887,7267300
2019-05-15,24.070688247680664,24.10040299149396,23.669509448947004,23.922103192517362,5744000
2019-05-16,24.11526107788086,24.31585047140407,23.988965626787056,24.048397946706455,5135600
2019-05-17,24.167268753051758,24.419862524094246,23.92582120042875,24.0781188438675,5852500
2019-05-20,23.617504119873047,24.04096966731385,23.506064624641642,24.011252090715598,9077200
2019-05-21,23.758655548095703,23.90724057949194,23.424341352971986,23.714080605481584,6531900
2019-05-22,23.684368133544922,23.855241381556894,23.554357265830337,23.75866066524419,6141600
2019-05-23,23.364906311035156,23.59521182144869,23.17917574073126,23.55806485718083,7162100
2019-05-24,23.112316131591797,23.57292722236117,23.0528823967502,23.491206722586483,8283900
2019-05-28,21.589323043823242,23.11974410149813,21.552177493214753,23.104885314449966,24476400
2019-05-29,21.30701446533203,21.507603851594297,21.121283867017787,21.46302748775023,13150600
2019-05-30,20.643997192382812,21.329618891528373,20.530982895050368,21.307016894294737,15970500
2019-05-31,20.832355499267578,20.85495893427821,20.31248799046156,20.546052507740306,10453400
2019-06-03,21.412492752075195,21.465232651936116,20.847419932900504,20.854954409602705,12485500
2019-06-04,21.600849151611328,21.6475620423224,21.397422603180953,21.465231452657743,11999700
2019-06-05,21.450170516967773,21.736474974442004,21.299485246188397,21.736474974442004,12103200
2019-06-06,21.563180923461914,21.578248440867966,21.224136633370296,21.427563207425266,9267400
2019-06-07,21.653596878051758,21.811818063058826,21.555651525089235,21.623460399084415,11638400
2019-06-10,22.836477279663086,22.979629472193015,22.489899951180146,22.67825756980468,24143900
2019-06-11,22.78373908996582,22.866616908251412,22.45222925387816,22.82894451946037,17107800
2019-06-12,22.700864791870117,22.881689411997918,22.58031600315486,22.761139186227744,13485300
2019-06-13,22.911821365356445,23.11524794503044,22.678258312983324,22.678258312983324,10592300
2019-06-14,22.836477279663086,23.00223290376761,22.587845280560884,22.972094995001484,11839700
2019-06-17,22.731000900268555,22.930659546255843,22.693329945685793,22.881687592709213,7957600
2019-06-18,22.806339263916016,22.97209343974406,22.69332498780351,22.926888016709956,10298700
2019-06-19,23.32621192932129,23.360116365610327,22.685797034835964,22.731002470869715,11185600
2019-06-20,23.454294204711914,23.63135085752477,23.296074466750937,23.469363161771483,8706200
2019-06-21,23.717992782592773,23.73306173811327,23.198879767287384,23.43922429073699,12099000
2019-06-24,22.994701385498047,23.717994044302213,22.968331430461735,23.612514224156964,10618400
2019-06-25,23.115245819091797,23.24332904965604,22.86887432143789,22.896750304636235,7514700
2019-06-26,23.23579978942871,23.318677615180906,22.72346675215118,22.91182440191175,7541900
2019-06-27,23.183059692382812,23.228265125589182,23.017304042201445,23.115250824045855,5051500
2019-06-28,23.386484146118164,23.40908614211483,23.115248697720734,23.281002895599897,7589100
2019-07-01,22.949491500854492,23.68785445601098,22.851546171740804,23.552236741042346,8090900
2019-07-02,22.994701385498047,23.085112249321185,22.776205829991724,22.926892519103312,8013900
2019-07-03,23.544702529907227,23.604976910901605,23.0836034434475,23.23579614767921,7003100
2019-07-05,23.348812103271484,23.518334261028876,22.997713772927987,23.51456630360388,5234200
2019-07-08,23.122787475585938,23.394021537370516,23.039909642706096,23.348816099915577,4360000
2019-07-09,22.979631423950195,23.213194488506833,22.930658036573018,23.054974765210154,5011400
2019-07-10,23.58237648010254,23.62004887117714,23.039906982121312,23.054975938551152,6607400
2019-07-11,23.09264373779297,23.793334308453826,23.062507266105133,23.680320024778915,5846400
2019-07-12,23.205657958984375,23.296070247913608,23.01730034101517,23.092643675613765,4348200
2019-07-15,23.115245819091797,23.296068949819936,23.02483353520048,23.25839800314701,4572400
2019-07-16,22.844013214111328,23.16422204843243,22.78373882978866,23.11524866209067,4747100
2019-07-17,22.934425354003906,22.994699737918904,22.798807630931492,22.896752965897864,3901500
2019-07-18,23.39401626586914,23.465593082520193,22.868876269178653,22.934424641687173,6940700
2019-07-19,23.763198852539062,23.898815136513207,23.175522540432517,23.341276734437347,9416200
2019-07-22,23.72552490234375,23.989225849525273,23.589907190247278,23.793333758391988,7678900
2019-07-23,24.07210350036621,24.403611864348584,23.69538827461434,23.740593699329295,6696300
2019-07-24,24.162513732910156,24.170049646733883,23.793332993545313,24.06456840901928,7024400
2019-07-25,23.770732879638672,24.245394922941134,23.60874519913677,23.96662499180504,5788100
2019-07-26,23.996763229370117,24.072106571543884,23.68785681980692,23.86114550086828,3745800
2019-07-29,23.928955078125,24.083408287508806,23.770733911140134,24.0344348980784,4465100
2019-07-30,23.989227294921875,24.00429624985265,23.58990861158417,23.831006142258016,4082000
2019-07-31,24.117311477661133,24.30566912169635,23.706693193236944,24.01183309391372,10875600
2019-08-01,24.509096145629883,25.051567089539496,23.831008902797667,24.185120762362708,10753300
2019-08-02,24.26799774169922,24.62964406700518,23.95155828484757,24.576904157529906,5842700
2019-08-05,23.68785858154297,24.064573883374514,23.522102929021997,23.936490623269595,9686200
2019-08-06,23.039901733398438,23.733057763660543,23.01729830390297,23.687852341724057,8156700
2019-08-07,23.258398056030273,23.356343379835277,22.218663255661276,23.002231594319333,10723200
2019-08-08,21.26180648803711,21.276875441722098,19.62686237663333,20.139195305486794,44732500
2019-08-09,19.96590805053711,20.937834075613623,19.920702623364015,20.824818352098962,19596000
2019-08-12,19.807689666748047,20.041252732720316,19.39330200583401,19.9659093910037,14772300
2019-08-13,19.559051513671875,20.0909743151059,19.551518474657435,19.679601693718496,16317800
2019-08-14,19.227548599243164,19.800156008104548,18.97891656722945,19.476180631256877,14678700
2019-08-15,18.880970001220703,19.271246778664665,18.7491202240622,19.212479860003956,9911700
2019-08-16,19.144668579101562,19.325491723718205,18.911858546886258,18.98644886645748,9915600
2019-08-19,19.370698928833008,19.491249140031854,19.16727377062405,19.3631658878719,6874800
2019-08-20,19.24058723449707,19.447228741540826,19.202320937532964,19.347735493574756,6652700
2019-08-21,19.3400821685791,19.49314881799263,19.15640131342346,19.263548113989497,5564900
2019-08-22,19.607955932617188,19.684488548138916,19.301819631466,19.35539450600371,7445200
2019-08-23,19.386003494262695,19.78397944063411,19.332430089898423,19.60029857148556,7904100
2019-08-26,19.577341079711914,19.634741999246067,19.324779661340482,19.539074773199825,7259600
2019-08-27,19.133441925048828,19.592644823203155,19.118134821165004,19.577337719319328,7210900
2019-08-28,19.263547897338867,19.340081951067717,19.026293644568526,19.102826238531716,4094100
2019-08-29,19.386003494262695,19.562030811392663,19.363042838206955,19.447230450645545,5963500
2019-08-30,19.531421661376953,19.75336887174216,19.447234033428398,19.539075214805553,6646600
2019-09-03,19.944698333740234,20.00592528607094,19.30181460438497,19.45488271509458,8199000
2019-09-04,20.097774505615234,20.174308591667664,19.82990593431487,20.097774505615234,6442900
2019-09-05,20.350332260131836,20.664120641988152,20.174304916118,20.174304916118,7322500
2019-09-06,20.878416061401367,21.016175641519727,20.250837828620696,20.411559528407828,10224700
2019-09-09,21.490680694580078,21.551907646881677,20.85545051703888,20.909023917832066,9061200
2019-09-10,22.164182662963867,22.171836216369098,21.49068602073008,21.505993127540542,8596700
2019-09-11,22.409090042114258,22.715224852846845,22.026421163757043,22.278982565082167,10297200
2019-09-12,22.217756271362305,22.738184735381957,22.17948850651573,22.631037913343494,7024000
2019-09-13,22.386127471923828,22.56598229651562,22.248366453918692,22.34020761917738,5371500
2019-09-16,22.6693058013916,22.77645262401238,22.24836914438745,22.29428900268693,6108700
2019-09-17,21.704978942871094,21.98049953877995,21.61313777105754,21.804472207550365,25364700
2019-09-18,21.743242263793945,21.858042617989565,21.505988003820907,21.65905465615983,9318700
2019-09-19,21.54425811767578,21.812126631418323,21.460071954897128,21.735592561811032,8174500
2019-09-20,21.53660011291504,21.789161468576054,21.44476041618321,21.513640918614914,8794700
2019-09-23,21.582523345947266,21.64375030248441,21.372054314320405,21.582523345947266,8673100
2019-09-24,21.375883102416992,21.628444495752888,21.18837471565637,21.59017673326813,7334900
2019-09-25,21.53660011291504,21.582521421046614,21.329193688414108,21.414146210762162,5874100
2019-09-26,21.437110900878906,21.65140599987547,21.345269727090113,21.582525484475358,6775800
2019-09-27,21.3070011138916,21.605482341769175,21.20368035198803,21.50598908573191,5192400
2019-09-30,21.379709243774414,21.444763710404604,21.138628907995745,21.34526898726805,4796200
2019-10-01,20.924327850341797,21.429450495233933,20.832486705922562,21.375877102558324,4771700
2019-10-02,20.319719314575195,20.84780283931544,20.10542565102607,20.824842178321134,7133100
2019-10-03,20.31206512451172,20.327370770495644,19.87582136923599,20.273797360137035,5414000
2019-10-04,20.64498519897461,20.66411834993805,20.212568980324804,20.3044101486215,3582200
2019-10-07,20.618202209472656,20.805709166360757,20.449826947228196,20.687082733160643,4042400
2019-10-08,20.442169189453125,20.664117822306224,20.304409630174366,20.572276656354575,5536500
2019-10-09,20.457481384277344,20.602895991649284,20.30824072976469,20.564629681177486,3759900
2019-10-10,20.618202209472656,20.715399276171272,20.44600090025269,20.50340182324805,3611200
2019-10-11,20.7253475189209,20.909028415335197,20.641159893985428,20.687081212913505,9311700
2019-10-14,20.909027099609375,20.966428014774447,20.499571520078533,20.72534621475342,4037800
2019-10-15,21.03913688659668,21.138631622509838,20.742951810420088,20.89372228936687,5021500
2019-10-16,21.000869750976562,21.29169747420619,20.958775938193035,21.062096716907327,4074600
2019-10-17,21.25343132019043,21.291697626759078,20.878415968706797,21.04678976128128,4333100
2019-10-18,21.130977630615234,21.555740353338866,21.12332407726023,21.29935142512727,5437000
2019-10-21,21.284040451049805,21.444762122769315,20.977905671305237,21.13097379106041,5091700
2019-10-22,21.81212615966797,21.865699569304603,21.069749057995004,21.299349802085136,6029900
2019-10-23,21.896312713623047,21.896312713623047,21.48302964267647,21.78916443980401,6883900
2019-10-24,21.773866653442383,21.91239264439847,21.5213051721864,21.911626267045875,5071700
2019-10-25,21.720287322998047,21.877181522284832,21.590179831411483,21.750901537378926,3981700
2019-10-28,21.71263313293457,21.796819294822104,21.52895078391498,21.70497958007826,5500300
2019-10-29,21.53660011291504,21.73558806885488,21.456240013333275,21.712628874554753,6071300
2019-10-30,21.81212615966797,21.94988719002842,21.383537422808953,21.505991347625812,9601500
2019-10-31,24.743370056152344,24.84515952983126,21.81212516737234,23.029012267175435,38732500
2019-11-01,24.957664489746094,25.54697490747471,24.582647707725403,24.582647707725403,15048800
2019-11-04,25.508710861206055,25.569936368455508,25.057161432054535,25.179615366085518,9696400
2019-11-05,25.187267303466797,25.47809648981132,24.78163919691695,25.47809648981132,7719900
2019-11-06,25.363292694091797,25.58524134338393,25.23318667731962,25.363292694091797,7070300
2019-11-07,25.041852951049805,25.447481037854107,24.858170600317866,25.38625261443282,5570100
2019-11-08,25.141342163085938,25.187263475908914,24.873475137114276,25.072461653617278,4422700
2019-11-11,25.072463989257812,25.171958716543614,24.930878370711135,25.171958716543614,3763900
2019-11-12,25.24083709716797,25.424519430500606,24.934703767655762,25.034195566993116,5993200
2019-11-13,25.485746383666992,25.57758609581096,25.03802450249185,25.156650918991637,5227000
2019-11-14,23.982938766479492,25.16814418021994,23.711814986717584,25.16814418021994,14509400
2019-11-15,24.246320724487305,24.401249886198926,23.951957090252012,23.982942036085944,6952100
2019-11-18,24.02167510986328,24.246320769496762,23.556889101379607,24.199842611902593,7257300
2019-11-19,24.246320724487305,24.395827409864438,24.037168276944804,24.099139646126652,6661500
2019-11-20,24.083642959594727,24.354768214714326,23.9829385757579,24.130121110396615,5271400
2019-11-21,23.42519760131836,24.013926294220262,23.363226237724152,24.013926294220262,8815000
2019-11-22,23.657588958740234,23.735052047356426,23.409702051621817,23.5104064308448,4664400
2019-11-25,24.060400009155273,24.114624757608226,23.545263421338664,23.719558311018563,7140600
2019-11-26,23.603361129760742,24.207582931639358,23.45618008934617,24.168851389954177,8846200
2019-11-27,23.52589988708496,23.897728035403954,23.491040905835447,23.789277050675622,4407500
2019-11-29,23.626605987548828,23.673084143000764,23.36322731079799,23.4871700436791,2442200
2019-12-02,23.97519302368164,23.979065587215764,23.494913882194034,23.626603205060494,5816500
2019-12-03,23.858997344970703,23.936461919486383,23.603365283328653,23.882237160579567,5573200
2019-12-04,24.03716468811035,24.23082537257865,23.8202641896009,23.851250608322434,5448200
2019-12-05,24.20758628845215,24.54068291218346,24.083643564856377,24.230826103194033,4606300
2019-12-06,24.083642959594727,24.285050249754608,23.975193448552396,24.230825494233443,6496100
2019-12-09,24.73434829711914,24.974488662489648,24.122379690387593,24.199844276716334,8128000
2019-12-10,24.69561004638672,24.966735302484597,24.649131895417128,24.827299372062043,5544500
2019-12-11,24.47871208190918,24.8853992448831,24.47096547682701,24.742090744647573,5443200
2019-12-12,24.742090225219727,24.889272763663357,24.494204777849706,24.517443115094512,5689800
2019-12-13,24.47871208190918,24.881525203585095,24.330755323121583,24.788568897626746,5174500
2019-12-16,24.587160110473633,24.78856739788308,24.43997757784485,24.602653319700607,4744400
2019-12-17,24.49420166015625,24.62124271413616,24.288920349701783,24.54842641017733,6137700
2019-12-18,24.594905853271484,24.71110196337475,24.497301298086384,24.55617430907496,6317600
2019-12-19,24.711101531982422,24.873777265298056,24.486455920039667,24.68011659266886,7941000
2019-12-20,24.958988189697266,24.9822265245765,24.618144995503094,24.811804188722583,12601700
2019-12-23,24.72659683227539,25.020960429469017,24.649132261167445,24.943497335874873,6822800
2019-12-24,24.7730712890625,24.850537326130283,24.683987562704917,24.73433974804219,1594400
2019-12-26,24.501951217651367,24.77307649430227,24.401248303331034,24.74983815581275,3957800
2019-12-27,24.49420166015625,24.699481493097096,24.424483702268112,24.571664744464297,4089700
2019-12-30,24.563922882080078,24.641387458854656,24.447726755675163,24.532937937878593,3856500
2019-12-31,24.889272689819336,25.0325797091073,24.432233343519172,24.556176066836457,6069400
2020-01-02,24.4864559173584,25.113914605390775,24.40124474860651,25.013213183254315,6008700
2020-01-03,24.199838638305664,24.517442038491218,24.18434542914692,24.401245924828117,5012700
2020-01-06,24.254060745239258,24.378003449951965,23.93645737972375,24.145611247994037,4714700
2020-01-07,23.828014373779297,24.23470157675344,23.63435366021885,24.207589195056098,7165700
2020-01-08,23.696321487426758,23.96744674138747,23.510407407500093,23.8125176026917,5802900
2020-01-09,23.688570022583008,23.773781179134378,23.192799244495312,23.758287972940774,8938400
2020-01-10,23.781532287597656,23.91631995648768,23.68082790577442,23.69632111490319,4578200
2020-01-13,24.137868881225586,24.14948805010894,23.781533912006804,23.944208186429158,4269100
2020-01-14,24.579418182373047,24.594911394547786,24.106887031155846,24.11463215972918,6794100
2020-01-15,24.47871208190918,24.75758247729807,24.432233928930007,24.54843005013486,4243700
2020-01-16,24.579418182373047,24.80406532636463,24.517446811188133,24.556179841624978,3950400
2020-01-17,24.03716468811035,24.680118101444556,23.975193328181046,24.63363847336225,6645600
2020-01-21,24.02167510986328,24.10688629671425,23.553016537210922,23.98294208060648,7106600
2020-01-22,23.758289337158203,24.078991040710758,23.626600031977784,24.07589269479682,4535000
2020-01-23,23.76603889465332,23.85125006668873,23.50266025155635,23.64984278211377,4280600
2020-01-24,23.556886672973633,23.800899560837983,23.30900122133981,23.781533786962935,5951500
2020-01-27,23.510408401489258,23.607238747889532,23.126959579638086,23.35547925624329,5806100
2020-01-28,23.339981079101562,23.758288795734934,23.305122102715448,23.587867954243663,5645000
2020-01-29,22.944917678833008,23.324492428745277,22.92555042910704,23.324492428745277,9042600
2020-01-30,23.19280242919922,23.231533972488165,22.673791770553517,22.93717040195663,6169800
2020-01-31,22.61956787109375,23.177310094040298,22.49175111390036,23.161816885135575,8211800
2020-02-03,22.580839157104492,22.75900666096081,22.402671653248174,22.619572186756304,6305700
2020-02-04,22.580839157104492,22.9449222482615,22.534360999036323,22.851964454611156,7607100
2020-02-05,22.751258850097656,23.20055159848757,22.54985155219682,22.74351224508064,9092800
2020-02-06,22.51111602783203,22.929423787225424,22.402666524662042,22.712523303371775,6544800
2020-02-07,22.88294792175293,23.47167512125422,22.23999301023156,22.433653700926776,13268800
2020-02-10,22.999143600463867,23.123086321935435,22.774496494350533,22.96815718133908,5775800
2020-02-11,23.247028350830078,23.35547785950832,22.94491816093284,23.154070573738913,7123300
2020-02-12,23.27027130126953,23.66533784399841,23.196679286877455,23.370974218971927,8096300
2020-02-13,21.51183319091797,22.64281108959813,21.19422972745222,22.55450155281474,37333600
2020-02-14,20.822391510009766,21.628020487315933,20.497041573407422,21.573795744134447,23915700
2020-02-18,21.170988082885742,21.26394587082715,20.373105451227865,20.737188520024972,16772400
2020-02-19,21.155494689941406,21.266268339712727,21.00056701472404,21.194227716881173,7947900
2020-02-20,21.240705490112305,21.51802745695787,21.03155158093665,21.124509366408233,7005900
2020-02-21,21.11676025390625,21.310420929590446,21.047042292458844,21.07028210544588,6716800
2020-02-24,20.62873649597168,21.023804489439307,20.34211949596491,20.88436855321381,12622200
2020-02-25,20.19493293762207,20.68295861733634,19.94704753475735,20.620987266620162,11732200
2020-02-26,19.86184310913086,20.326629135880207,19.6449440468248,20.318882529724412,11768200
2020-02-27,19.34282875061035,19.745643331361354,19.180154483872702,19.660432156871856,14102800
2020-02-28,19.187902450561523,19.21888739415735,18.59917374710208,19.017480089485915,16274100
2020-03-02,20.19493293762207,20.202679541150786,19.032969003558534,19.172404912048325,14470800
2020-03-03,19.753387451171875,20.54352330382201,19.563599353005614,20.14070877374387,11011400
2020-03-04,20.489299774169922,20.512538109298216,19.830853191117477,20.086485220124466,8588100
2020-03-05,20.644229888916016,20.72169446278434,19.931558468852412,20.00902304272073,12581900
2020-03-06,20.16395378112793,20.44282420053369,19.846350332975554,19.877335278458876,8694600
2020-03-09,18.560440063476562,19.13367701359631,18.335794428441595,18.653397846000093,16231400
2020-03-10,18.978748321533203,19.28085853629603,18.19635892771119,19.11043765470154,12339200
2020-03-11,18.32805061340332,18.777343429380128,18.05305274274382,18.52171133541943,11763400
2020-03-12,15.806562423706055,17.390370745507106,15.790804280937625,17.256416762978983,15386400
2020-03-13,18.887500762939453,18.903260407165224,16.31085904892133,16.73635892256044,15014300
2020-03-16,17.35097312927246,18.572317114447007,15.751405162234915,16.46845250882217,14821500
2020-03-17,18.77718734741211,18.840224425046042,16.42117450432547,17.500684646671875,12594400
2020-03-18,18.666872024536133,18.911140501866974,17.278478308434273,17.603120070721634,11805700
2020-03-19,17.55584144592285,18.564434575535277,17.272173876758202,18.249249222531393,12585300
2020-03-20,17.55584144592285,18.31228629313217,17.16185937893742,17.689795408814792,12908300
2020-03-23,16.36601448059082,18.359562662838094,16.287217771147976,17.56372025593982,14829300
2020-03-24,18.115297317504883,18.410783901310705,16.964870272623674,17.169741151079744,11706200
2020-03-25,18.091657638549805,19.163289450910757,18.02862056152401,18.43048249115937,15683100
2020-03-26,19.51787567138672,21.57446143021843,18.107418881912547,18.312289776061327,12900700
2020-03-27,19.100248336791992,19.840934962482887,18.603831648003485,18.911137145685792,8529400
2020-03-30,19.83306121826172,19.935495914566506,18.94266223279742,19.41543960395504,8008400
2020-03-31,19.494237899780273,20.085211164133476,19.222390739229983,19.78578537148052,7037500
2020-04-01,18.658994674682617,19.21450944041544,18.517160861657622,18.926902654191473,6098600
2020-04-02,19.415437698364258,19.53363353247556,18.406844469102193,18.501399332884283,7376700
2020-04-03,19.951248168945312,20.073383129565144,19.21844141107044,19.21844141107044,9217500
2020-04-06,20.416149139404297,20.581622377292966,20.14036141153798,20.487066026653412,7757500
2020-04-07,20.96772575378418,21.653253697844,20.51858644500244,21.251391815533424,12177900
2020-04-08,21.527175903320312,21.669009661572677,20.967722193460467,21.078036670802515,7458600
2020-04-09,22.149675369262695,22.453041783409418,21.550822363756215,21.550822363756215,11111900
2020-04-13,22.007837295532227,22.200887656133187,21.542938361747137,21.984197831757275,6711500
2020-04-14,22.417585372924805,22.59487614154081,22.007843568240485,22.133917738462944,6668600
2020-04-15,22.10239601135254,22.13391530189975,21.598099385977086,22.06299840109102,6209600
2020-04-16,23.03219223022461,23.17402602068763,22.220590100454363,22.456978749277813,9266000
2020-04-17,23.11098861694336,23.23706276156909,22.57123359133181,22.945516865717973,8131600
2020-04-20,22.984912872314453,23.481329594356893,22.756402561760684,22.835199272397233,6184200
2020-04-21,22.433340072631836,22.953396320681545,22.307265921766597,22.795804383561215,6143300
2020-04-22,22.66185188293457,22.803685687604716,22.417583387626276,22.71700913965684,4636800
2020-04-23,22.480619430541992,22.890359677123406,22.425460673440643,22.55153632960699,4418300
2020-04-24,23.03219223022461,23.114928107020578,22.52789564450932,22.52789564450932,7272300
2020-04-27,23.788637161254883,23.83591458755245,23.126747181399807,23.244941498604867,7071600
2020-04-28,23.977750778198242,24.24565872566925,23.682264204039548,24.017148386917093,6920900
2020-04-29,24.056550979614258,24.454472295775847,23.77288334643917,24.06443080308275,7681100
2020-04-30,23.898954391479492,24.34021392756506,23.268583625642965,23.74136094855913,10035200
2020-05-01,23.150388717651367,23.828038445213057,22.9691573030922,23.631047385147216,6200700
2020-05-04,22.795804977416992,23.040073463216547,22.417582514968167,22.961276741142424,6662800
2020-05-05,22.803686141967773,23.233126724476744,22.74064906118309,22.85096357682565,7385600
2020-05-06,23.16614532470703,23.300099288099418,22.756403612810043,22.961274468758536,6164200
2020-05-07,22.717008590698242,23.418296271373364,22.6382118674609,23.30798176059458,4934300
2020-05-08,23.292221069335938,23.374958451626878,22.795804290202412,22.92187844055132,5295900
2020-05-11,23.11098861694336,23.304040496295332,23.055831366534896,23.095228973134553,3929600
2020-05-12,23.150388717651367,23.46557561609472,23.118870929560543,23.118870929560543,4700200
2020-05-13,22.66185188293457,23.260704889918227,22.441221353122952,23.197667810389554,6637400
2020-05-14,22.69336700439453,22.799742345396293,22.157552642829057,22.456978359672185,4866400
2020-05-15,23.00855255126953,23.10310740257868,22.50425450023909,22.62244881583666,5349400
2020-05-18,24.3244571685791,24.53720637481826,23.5995299951901,23.686205041094,12870200
2020-05-19,23.568008422851562,24.371732244400384,23.56012860072786,24.285055703962062,6538500
2020-05-20,23.828039169311523,24.017150412370835,23.623168280266633,23.757122265298964,4609500
2020-05-21,23.410415649414062,23.72560253160145,23.315860787095797,23.686203419866807,4170800
2020-05-22,23.599525451660156,23.631043234214697,23.292218429950434,23.300098251319632,3283400
2020-05-26,23.80833625793457,24.218077965371133,23.749238347140377,23.922591417244778,5977800
2020-05-27,24.45052719116211,24.47416515289814,23.851674279451988,23.922591170504653,5170600
2020-05-28,24.258949279785156,24.5463213338361,24.155176883905284,24.44254893795623,3709900
2020-05-29,24.32280731201172,24.418598495330663,23.764030230723698,24.163157369879087,6855800
2020-06-01,24.286884307861328,24.570265716288475,24.203067979229647,24.346753984054878,5396200
2020-06-02,25.08913230895996,25.11307896297137,24.282895302009525,24.338772858101766,7215400
2020-06-03,24.99333953857422,25.40843210397776,24.969392886083053,25.14500826873111,5623100
2020-06-04,25.13702964782715,25.14501237414391,24.602199164998936,24.725131323217852,6157000
2020-06-05,26.0390567779541,26.055022230815727,25.296681490481085,25.328610873654952,19534500
2020-06-08,27.116697311401367,27.140643963996986,25.951243815143304,25.975193512837166,11939500
2020-06-09,26.42221450805664,26.74151742671344,26.134845535383498,26.581865967385042,5874900
2020-06-10,25.943265914916992,26.494060310413566,25.863441699372085,26.41423609486866,5541200
2020-06-11,24.88957405090332,25.472299435309445,24.857643142007323,25.320630663152528,6965100
2020-06-12,25.384483337402344,25.528169339197493,24.929478680083765,25.37650213512402,5437100
2020-06-15,25.639925003051758,25.639925003051758,24.737898393492745,24.953427400904328,5008100
2020-06-16,26.12686538696289,26.26257021446876,25.560105510264876,26.00712905750349,5833900
2020-06-17,26.182741165161133,26.645730133790916,26.15081026144213,26.278530831219555,5047600
2020-06-18,26.48607635498047,26.502041805450357,25.94326321939752,26.03107167443275,3839700
2020-06-19,26.725553512573242,26.901170432439546,26.39826937243053,26.541955389575964,9231500
2020-06-22,26.462133407592773,26.637747297157958,26.182742552891185,26.398271596769984,6773000
2020-06-23,25.86344337463379,26.64333581624137,25.78760823338499,26.502046275653388,7113900
2020-06-24,25.647911071777344,25.795586165881744,25.280713308349014,25.743700733507016,5962600
2020-06-25,25.448347091674805,25.600015839026977,25.152993845438203,25.504226173104026,4871100
2020-06-26,24.666059494018555,25.456331130100434,24.58623375326749,25.456331130100434,7293900
2020-06-29,25.25676727294922,25.312644834120448,24.745884973613,24.745884973613,5010500
2020-06-30,25.45632553100586,25.584046079095806,25.14420906966253,25.25676198429669,5854100
2020-07-01,25.280712127685547,25.56808262200296,25.13303551792874,25.488258415139274,4482300
2020-07-02,25.39246368408203,25.71176503452849,25.328603413992738,25.504220298649994,4284800
2020-07-06,25.54413604736328,25.81554261467045,25.424398214151097,25.60799784912888,4839400
2020-07-07,25.58405113220215,25.763660186773826,25.36852361632467,25.376506342475587,5106400
2020-07-08,25.432384490966797,25.671860190833595,25.129046980416195,25.576070519906622,3668400
2020-07-09,25.041234970092773,25.348561497816252,24.873600796058177,25.25676244735288,3731700
2020-07-10,25.76764678955078,25.791596488251116,25.025271599455436,25.025271599455436,5302700
2020-07-13,25.951248168945312,26.30248203979766,25.68782581090481,25.951248168945312,6236300
2020-07-14,26.5898494720459,26.68963125070025,25.767645545267282,25.783610995263764,7868100
2020-07-15,26.462133407592773,26.74152121719562,26.382306144064287,26.74152121719562,5105700
2020-07-16,27.45994758605957,27.691439005701294,26.693621187095907,26.797395092858398,9726600
2020-07-17,27.94687843322754,28.090564434023413,27.435996228219153,27.627578577646368,8461100
2020-07-20,27.23643684387207,27.875039697841792,27.06880416566101,27.875039697841792,6514800
2020-07-21,27.5637264251709,27.851098527326158,27.35618159866944,27.428024624208252,5001900
2020-07-22,27.859073638916016,27.906966943498798,27.364153827507096,27.659510082892545,4020100
2020-07-23,27.827146530151367,28.042675565431033,27.356176351969566,27.659513851077833,6103800
2020-07-24,27.68345832824707,28.13846301855628,27.54855437976506,27.859075242085144,4331400
2020-07-27,27.81118392944336,27.849500409316967,27.531796102343044,27.675479095495398,4244500
2020-07-28,28.13846778869629,28.2502229182299,27.747321790229762,27.747321790229762,6037400
2020-07-29,28.393903732299805,28.6333794008391,28.25820196999693,28.37793828171741,6796300
2020-07-30,27.45195960998535,28.338022199785872,26.629758813549657,27.98918491853019,12148600
2020-07-31,27.44398307800293,27.803198114056322,27.004943831759192,27.236435259350554,11208900
2020-08-03,27.771268844604492,27.978813630359927,27.340210775998656,27.519018966200093,6207300
2020-08-04,28.002758026123047,28.050651327940713,27.44397949249873,27.77126358367757,6284300
2020-08-05,27.76327896118164,28.122493945446376,27.659508111914707,28.058635195520417,3966300
2020-08-06,28.162412643432617,28.202327797223973,27.675477000125635,27.811181823799096,5721600
2020-08-07,28.266183853149414,28.29811475508284,27.922934270111156,28.050654832746435,4163500
2020-08-10,27.771268844604492,28.218289320108077,27.555739810301574,28.202326913210324,5966500
2020-08-11,27.64354705810547,28.13846386783413,27.53179194414401,27.93890029430339,4790500
2020-08-12,28.202322006225586,28.338023756935666,27.751306439822855,27.85108821361488,4825800
2020-08-13,28.393903732299805,28.47372794011346,28.045066402075168,28.29012982606339,5121500
2020-08-14,28.409875869750977,28.46974556225199,28.04267955522337,28.210312258146967,3107400
2020-08-17,28.681272506713867,29.03170542880859,28.369953868335017,28.48170896466609,7010800
2020-08-18,28.465747833251953,28.745135616454007,28.146444899508076,28.737154413404717,4677600
2020-08-19,28.282148361206055,28.633379135468637,28.242236257669127,28.537589477960353,4002500
2020-08-20,27.819168090820312,28.18636747488271,27.72337840350368,28.14645231382646,4553600
2020-08-21,27.587669372558594,27.859075953099506,27.39369355562991,27.755302042719567,4749600
2020-08-24,28.01074981689453,28.01074981689453,27.42004016202191,27.6914468069473,4229900
2020-08-25,28.234249114990234,28.26618001258516,27.871045051416424,28.18635581369584,4667800
2020-08-26,28.186363220214844,28.226275330147192,27.803201483686454,28.194344424161795,4382300
2020-08-27,28.065242767333984,28.448759890304277,28.016800703792867,28.332493393825782,4432600
2020-08-28,28.162139892578125,28.186360930229913,27.65347654196391,28.065249581991925,4208500
2020-08-31,28.291318893432617,28.372057724662582,27.903766959548623,28.145986533227497,4479100
2020-09-01,27.564659118652344,28.081395068482315,27.382995195036532,28.057174033330664,6023000
2020-09-02,28.024879455566406,28.210581259542888,27.54044023475728,27.6873865314703,5114300
2020-09-03,27.088294982910156,28.299396127421694,26.862223754864637,27.875512574836346,8411100
2020-09-04,27.023700714111328,27.395104273543083,26.724960256317527,27.201326762541402,6642600
2020-09-08,25.643047332763672,26.79762908140961,25.54212224165865,26.660372435901667,9385800
2020-09-09,25.554231643676758,25.877191613108177,25.23127167424534,25.836822194427228,8372700
2020-09-10,25.441194534301758,26.022522444887603,25.29586217165667,25.521934906881757,7020800
2020-09-11,25.60267448425293,25.974078052932775,25.22319672408075,25.562305066785836,7068200
2020-09-14,25.73186492919922,25.982158753350408,25.37660813556876,25.796456933496135,5246500
2020-09-15,25.812597274780273,27.395103291254262,25.739124138656983,26.3777767849539,11059300
2020-09-16,25.320085525512695,26.184003996747634,25.15860477537766,26.175928265246863,9318800
2020-09-17,24.738758087158203,25.077866458274364,24.310836682174617,24.972905040069342,11360200
2020-09-18,24.01209831237793,24.787203839378623,23.798137604713833,24.787203839378623,16042800
2020-09-21,23.939430236816406,23.979801195458727,23.50343466344159,23.73758006358862,8388300
2020-09-22,23.600318908691406,24.117056334201177,23.523616406933474,23.995945013538403,5677000
2020-09-23,23.228918075561523,23.802171822677415,23.16432608236544,23.72143144618367,6527100
2020-09-24,23.28543472290039,23.551876874126588,23.06339985354431,23.188545967911537,5317300
2020-09-25,23.519580841064453,23.592247024568845,23.06097815983082,23.317730673551047,5704800
2020-09-28,24.084760665893555,24.213944643143172,23.76180072276951,23.939428306489113,4840300
2020-09-29,23.89098358154297,24.12512895184826,23.705281815439736,24.036315934143555,4339600
2020-09-30,24.181652069091797,24.391574900133712,23.90713570235126,23.90713570235126,6047100
2020-10-01,24.52075958251953,24.544980617573223,23.951542158838777,24.222020650235667,6060100
2020-10-02,24.601497650146484,24.69031221588533,24.16550209287164,24.17357628430195,5393600
2020-10-05,25.029422760009766,25.085940565004186,24.72261115861376,24.738758002901672,4470800
2020-10-06,24.762981414794922,25.24742217965455,24.69838941547995,25.045571989295933,4924100
2020-10-07,24.900238037109375,25.029422027600646,24.625721672316764,24.867941269489236,3869000
2020-10-08,25.207046508789062,25.3039352596596,24.94867855979356,25.021344737947853,4590800
2020-10-09,25.11823844909668,25.41293954536606,25.02942387159271,25.26357083410509,4100100
2020-10-12,25.554231643676758,25.8933399965784,25.198974907304894,25.37660404548813,8796300
2020-10-13,26.167856216430664,26.208225634896927,25.44927009576794,25.570379891161323,7446800
2020-10-14,25.95793342590332,26.539259828543738,25.727822812366025,26.167856250192237,7808200
2020-10-15,26.07904624938965,26.095194635623333,25.48156981869718,25.675345833516776,3685400
2020-10-16,25.966007232666016,26.33741082753879,25.913527294256607,26.143636378035318,3468100
2020-10-19,25.63497543334961,26.14040789128864,25.525976140408428,26.038675833874798,4164000
2020-10-20,25.82874870300293,26.095190877507388,25.756082515411293,25.861043930824408,3524600
2020-10-21,25.384679794311523,25.756083396940785,25.376605602081142,25.63497359347449,6503600
2020-10-22,25.21512222290039,25.521935335862484,25.077864049205672,25.376602970774602,5345700
2020-10-23,25.328161239624023,25.521937227438194,25.110162675835088,25.42504846353378,4140600
2020-10-26,24.690309524536133,25.182824368136917,24.544977174621515,25.0374920182223,5488600
2020-10-27,24.771053314208984,24.96482929421649,24.637831461706863,24.771053314208984,5880200
2020-10-28,23.592248916625977,24.5046126093535,23.584174724478558,24.42387222787399,7781100
2020-10-29,24.254314422607422,24.58534854075934,23.753725380039366,23.979798099262748,7875600
2020-10-30,24.69839096069336,24.779131349887138,24.185691260306903,24.27854216888156,10477700
2020-11-02,25.570377349853516,25.788375883892616,24.916383287730664,25.06171564375673,7165100
2020-11-03,25.65919303894043,26.240520948635247,25.59460104897434,25.723785028906523,5427300
2020-11-04,25.691492080688477,26.2324521945127,25.651122658460277,25.89334227181896,6169600
2020-11-05,25.594602584838867,26.127486919034727,25.408899255047587,25.72378657252304,7920600
2020-11-06,25.465421676635742,25.828751108436176,25.384681289570715,25.73186387595398,4069300
2020-11-09,24.722610473632812,26.30511666960406,24.67820318808338,26.151708563164455,10642100
2020-11-10,24.60957145690918,24.666089256043374,23.846578088608503,24.254316279495807,13382400
2020-11-11,25.31201171875,25.33623275364222,24.561128837199398,24.771053199567977,7814500
2020-11-12,25.11016273498535,25.344308143314368,24.77912856252369,25.223198343144556,5846000
2020-11-13,25.521936416625977,25.530010608361053,25.069790919429238,25.247420057611745,4165900
2020-11-16,25.95793342590332,26.05482064634519,25.36449342571711,25.5219363139311,7456300
2020-11-17,25.50579071044922,25.715715097612787,25.291829996991734,25.699566712447563,5109200
2020-11-18,25.538084030151367,26.175929796509433,25.46541938233382,25.594603374001142,7285200
2020-11-19,25.73993492126465,25.79645426667702,25.35238293554801,25.48156693078689,6150500
2020-11-20,26.0467472076416,26.10326809453008,25.63497417452182,25.675343596594036,9019400
2020-11-23,26.321264266967773,26.547338580370177,25.99023006947487,26.13556245666586,7282100
2020-11-24,27.314369201660156,27.338590238874577,26.41815386485284,26.579631552934956,8618400
2020-11-25,26.587181091308594,27.167293989354953,26.55449788433191,27.13461078237827,6040400
2020-11-27,26.832300186157227,26.995713111970776,26.652545656078086,26.76693376909488,2220700
2020-11-30,26.914003372192383,26.93851733544671,26.525900425402472,26.64846089114777,5826100
2020-12-01,27.077415466308594,27.14278187721474,26.775103607972724,26.938516518396067,4623900
2020-12-02,26.783273696899414,27.224487633926145,26.758762850456414,27.012053025455195,4770100
2020-12-03,27.330705642700195,27.445093744983243,26.799614462852308,26.832297668316613,4868900
2020-12-04,27.87813949584961,27.90265346205095,27.485950321895576,27.583996836173462,6146900
2020-12-07,27.453264236450195,27.788259315589208,27.330706885648407,27.78009007227262,5240800
2020-12-08,28.057893753051758,28.147771022250964,27.36339268225463,27.477780800565455,6753300
2020-12-09,27.9598445892334,28.270325704689174,27.75966228432382,28.17227920069483,5380000
2020-12-10,27.86179542541504,27.976186651600663,27.682044017950638,27.788259767002533,4284600
2020-12-11,27.837289810180664,27.91899472739872,27.616682793480557,27.682049220729244,3814900
2020-12-14,28.12325096130371,28.35203026518578,27.894474774263433,27.910816375743707,5798500
2020-12-15,28.049724578857422,28.187806933899218,27.714726350337447,28.123257126375503,4687800
2020-12-16,28.131425857543945,28.319349616252644,27.992523790855387,28.123253497645877,5738300
2020-12-17,28.286664962768555,28.417394662868926,28.158388217248902,28.319348167004126,4282500
2020-12-18,28.40922737121582,28.89946300104834,28.196789645937507,28.499104630614944,11194700
2020-12-21,28.24581527709961,28.319350935397257,27.878136985611377,27.878136985611377,5183500
2020-12-22,28.098739624023438,28.441907015398805,28.057887179461108,28.270321761290255,3717100
2020-12-23,28.433738708496094,28.62983483391951,28.142865646223353,28.142865646223353,3577500
2020-12-24,28.580812454223633,28.580812454223633,28.28666979949202,28.425571882823032,1575900
2020-12-28,28.768733978271484,28.932146897728046,28.539957761137618,28.638004266074677,3576000
2020-12-29,28.51544952392578,28.891297091284926,28.376547438780236,28.85044463689241,3324900
2020-12-30,28.32752227783203,28.621664932817847,28.303011428864025,28.515449176061537,2439300
2020-12-31,28.319358825683594,28.364297469210776,27.947597367318725,28.31118957997096,3353600
2021-01-04,27.968013763427734,28.33569204855053,27.706554342194224,28.262156391525973,5824100
2021-01-05,27.428752899169922,28.123253891820617,27.146865698734914,28.01458519165292,9052900
2021-01-06,27.73107147216797,27.943509248080236,27.29802979204022,27.526806058244635,6754300
2021-01-07,27.530885696411133,27.827478159160133,27.326620331032302,27.796431294772034,6487800
2021-01-08,27.469608306884766,27.49412227272038,27.134613197660894,27.375647974516,6226300
2021-01-11,26.84046745300293,27.50637453120007,26.75876255453508,27.41241109280416,8799500
2021-01-12,26.29303741455078,26.94668594382882,25.91718834140014,26.840467083808,10999400
2021-01-13,26.154138565063477,26.431939613773448,26.133713896636852,26.325723857533184,6137600
2021-01-14,26.21133041381836,26.391081796918982,25.91963765768695,26.230121852994266,8530300
2021-01-15,26.137798309326172,26.38291770480093,25.819144809472306,26.064262646525865,6975000
2021-01-19,26.440109252929688,26.632119194060927,26.027492344339713,26.26035473496136,6148600
2021-01-20,26.848644256591797,26.88949671258709,26.28486976659193,26.415602612725028,6556300
2021-01-21,26.783273696899414,26.881323316355658,26.45645098257163,26.840467749827827,5138100
2021-01-22,26.889493942260742,26.987540449916587,26.498938020150696,26.595351302450922,4949100
2021-01-25,27.575828552246094,27.608511763757647,26.750597721056288,26.807791782780207,6447200
2021-01-26,28.098739624023438,28.115081225216713,27.645270320645608,27.69020894471669,4664500
2021-01-27,28.38471794128418,28.838184207245813,27.837285114371465,27.837285114371465,7207300
2021-01-28,27.74740982055664,28.588985346536536,27.731068215340844,28.188623810855713,6627800
2021-01-29,27.37972640991211,28.0660581172868,27.179547237673386,27.445092818634425,6544400
2021-02-01,27.16729736328125,27.633022211590095,27.1427865134258,27.338879545954498,5619300
2021-02-02,27.09375762939453,28.50727356763337,26.742420955612623,27.167293284763815,8602300
2021-02-03,26.9711971282959,27.183634851004765,26.775104125471493,27.183634851004765,4327300
2021-02-04,26.89766502380371,27.28168495388916,26.8404709640262,27.044736353758033,9149400
2021-02-05,27.616676330566406,27.894477347676123,27.08558825924983,27.232659569298622,8081000
2021-02-08,27.70655632019043,27.796433587063774,27.4614384848901,27.714725564068743,5075900
2021-02-09,27.54314422607422,27.861797733309576,27.32253723256302,27.706557160176125,4674900
2021-02-10,27.690217971801758,27.84055888168641,27.539063565960227,27.698390333483474,6148000
2021-02-11,29.038360595703125,29.647887030109235,27.698380504916518,27.968009124725217,20381000
2021-02-12,28.915807723999023,29.773721727186864,28.83410281582588,29.20178113628994,8821900
2021-02-16,28.891292572021484,29.13232419702419,28.719710420306814,28.89946181488514,6347800
2021-02-17,30.24761962890625,30.345666144374736,28.776909429508866,28.923980761132857,10648700
2021-02-18,31.83272361755371,32.0451614085468,30.11689526552935,30.337502302248442,22518600
2021-02-19,30.623458862304688,31.579422257515432,30.378341081967108,31.448692566879277,14349600
2021-02-22,30.419193267822266,30.661861208539722,30.280294336317933,30.52541211457606,6771400
2021-02-23,30.32931900024414,30.884921014505633,29.79823094800492,30.55809831701426,7042800
2021-02-24,30.721508026123047,30.73784962848071,29.953471416364657,30.239441665518857,5835600
2021-02-25,30.451881408691406,31.456866644346885,30.403673210997333,30.991141855063667,10442600
2021-02-26,29.72469711303711,30.566269428663862,29.716524752916026,30.4355397183059,7890400
2021-03-01,30.3048095703125,30.549927384088637,29.871767995413254,30.051519396533298,6195000
2021-03-02,30.49273109436035,30.74602124955712,30.141394444214654,30.37017063804278,5416700
2021-03-03,31.032001495361328,31.113709531526517,30.259878475446875,30.30481711612701,6537100
2021-03-04,30.402862548828125,31.7673570936867,30.027014946519397,31.064683592161746,11336200
2021-03-05,30.92577362060547,31.22808859130809,30.492732063709795,30.696997419504655,7562700
2021-03-08,31.595762252807617,31.759175153129135,30.90126132249346,30.90126132249346,6780700
2021-03-09,31.97161293029785,32.32294957588236,31.375158492102287,31.742833622597946,8743700
2021-03-10,32.28209686279297,32.44550977790628,31.818008422776426,32.371974121947396,7276700
2021-03-11,31.75383758544922,32.28623267586959,31.6960585662148,32.199560998297564,5939600
2021-03-12,31.456680297851562,31.852880557663205,31.209055529059253,31.80335434441684,8966900
2021-03-15,31.803354263305664,32.06336294628627,31.427790713817785,31.464933012118006,6920100
2021-03-16,31.976696014404297,32.150033045807106,31.745576823813966,31.885899526892374,6494800
2021-03-17,32.25733947753906,32.310990518201486,31.745578010383483,32.05923775658851,6407000
2021-03-18,32.14178466796875,32.397665452213566,32.00146508058075,32.13353187112502,8068100
2021-03-19,32.30685806274414,32.54623002396307,31.869387556786485,32.1582825798303,9966200
2021-03-22,32.64527893066406,32.67004361001871,32.166538162308306,32.22431716626988,7236700
2021-03-23,32.12527847290039,32.71958065183451,32.0823582582125,32.65354882568678,7663000
2021-03-24,31.555727005004883,32.165712692560376,31.54747421116267,32.05923244480679,5564200
2021-03-25,32.35638427734375,32.4678143151833,31.390643638282725,31.811608556164575,5414800
2021-03-26,33.041481018066406,33.13227750044818,32.092252222074535,32.480196534906106,9965500
2021-03-29,33.660545349121094,33.974205073713854,32.90116229336157,32.99195877801104,9905200
2021-03-30,33.247833251953125,34.013822250623726,33.16529271834376,33.759594636233686,8188000
2021-03-31,33.0167236328125,33.31387464930303,32.80211631463607,33.06624985180097,5671400
2021-04-01,33.041481018066406,33.09100723083458,32.49753023706701,33.0761484223882,4561000
2021-04-05,33.27260208129883,33.42117757930401,33.07450036771862,33.08275631134108,4416500
2021-04-06,33.594520568847656,33.672933154848316,33.0992677714222,33.10752371650889,4958000
2021-04-07,33.54498291015625,33.76784612072322,33.33862843541492,33.721622919899204,3678200
2021-04-08,33.6853141784668,33.71832850981575,33.445942171045715,33.50372118680664,4233200
2021-04-09,33.13228225708008,33.922207988743416,32.934183675006885,33.71832835640023,5485600
2021-04-12,33.594520568847656,33.751348889569456,33.14054119941468,33.27260798231737,5609900
2021-04-13,33.77610778808594,34.048497277693194,33.51197424292024,33.644041015503085,7243600
2021-04-14,33.23958206176758,33.666321742042264,32.73607659578738,33.49133479475768,10340200
2021-04-15,33.8834114074707,33.95192125895248,33.26434785015253,33.289112533574915,6743000
2021-04-16,33.84213638305664,34.230083832111234,33.648162658529344,33.97420313079783,8150500
2021-04-19,33.80086898803711,34.13929025468661,33.39228794446855,33.734834034193355,6512900
2021-04-20,33.86689376831055,33.899911238383766,33.371644312089245,33.710065508541625,5857500
2021-04-21,34.32088851928711,34.37041159358355,33.65229867780164,33.65229867780164,6706500
2021-04-22,33.817378997802734,34.24659676776313,33.677056289969514,34.23008802868157,5643400
2021-04-23,33.35515213012695,33.536745156929115,33.17355910332479,33.379913670610584,4725400
2021-04-26,33.1240234375,33.511967735474904,32.925921742733536,33.33037792638524,7078400
2021-04-27,33.099266052246094,33.45419610324711,33.070376543384164,33.20657129175625,3999400
2021-04-28,33.11577606201172,33.41292710667726,32.98370928090708,33.23133410188822,7411400
2021-04-29,34.40755081176758,34.65104761284644,33.14878708954009,33.23132763088755,7898400
2021-04-30,34.081512451171875,34.33739003457664,33.64403873826692,34.098021190217345,7664100
2021-05-03,34.65929412841797,34.91517162622484,34.26309082130734,34.27134676242825,6138100
2021-05-04,34.964698791503906,35.06374804665495,34.57675141481034,34.741835605874776,6947600
2021-05-05,35.055511474609375,35.08852580912313,34.57676741387409,34.865665669093126,4729700
2021-05-06,35.59202575683594,35.658060712819825,35.12153771597073,35.28662195721045,5286100
2021-05-07,35.8891716003418,35.98822087135402,35.3196343561221,35.5342416347685,5148100
2021-05-10,36.00474166870117,36.53300882268257,35.83965739590183,35.9304539033775,5437600
2021-05-11,35.70344924926758,36.20282666040322,35.187563103625074,36.087268667574364,5816700
2021-05-12,35.42694091796875,36.01299012191953,35.36090911181877,35.6085338951411,4770500
2021-05-13,36.16982650756836,36.35967232220653,35.31551876733628,35.34440827937425,5056200
2021-05-14,36.095523834228516,36.66918901401155,36.08727104079193,36.31838704164859,3295100
2021-05-17,36.15330505371094,36.39680498274874,35.87348779337186,36.318389271050535,3203000
2021-05-18,36.05839920043945,36.392692600931504,36.04601528114046,36.31840482874206,3687500
2021-05-19,35.963462829589844,35.99648030603679,35.67456778247874,35.922192558391096,3892600
2021-05-20,36.211090087890625,36.31839531933939,35.82727055686244,35.87266880290922,4203800
2021-05-21,36.425689697265625,36.47521275185509,36.136791567710816,36.17806497816088,3716300
2021-05-24,36.74760818481445,37.10253816171194,36.524744956386755,36.54125369353543,4282700
2021-05-25,36.44221115112305,36.838411469720214,36.244109417464344,36.78888524912548,4665300
2021-05-26,36.46696853637695,36.545384256213254,36.25235808694705,36.45871259285741,3085900
2021-05-27,36.17544174194336,36.7168668436329,35.99218958245042,36.55860245952928,5817600
2021-05-28,36.30870819091797,36.5510997335474,36.15044701473759,36.15044701473759,3133000
2021-06-01,36.5252799987793,36.67521299251227,36.33369965734027,36.41699753024134,3496800
2021-06-02,36.72518539428711,36.83347102167346,36.41615875936649,36.62523114150115,3525100
2021-06-03,36.64189910888672,36.67521508245671,36.292054377744165,36.63356773237737,4312200
2021-06-04,36.61689758300781,36.92925738463661,36.42115159892232,36.80847788004155,3091700
2021-06-07,36.55025863647461,36.73350754014682,36.26705231899441,36.55025863647461,4285800
2021-06-08,36.46696472167969,36.59190991366108,36.344520212931336,36.5086152373323,3523700
2021-06-09,35.850582122802734,36.325368842937216,35.7589560579542,35.908889040890216,5710900
2021-06-10,35.775611877441406,36.067146437288436,35.75062093124853,35.82558741485039,3195000
2021-06-11,36.1671028137207,36.22957541663939,35.74729302288519,35.74729302288519,5078600
2021-06-14,35.667327880859375,36.108795428088754,35.07592735957312,36.108795428088754,7227500
2021-06-15,35.617347717285156,35.808931203291074,35.42576740876764,35.725633344704065,5992400
2021-06-16,34.909339904785156,35.55071923680088,34.87602075513756,35.48408093750569,4601100
2021-06-17,34.42622375488281,34.892679123869776,34.234640239775864,34.892679123869776,7362500
2021-06-18,33.734867095947266,34.38457463062828,33.53912106242439,34.29294855727808,8795500
2021-06-21,34.00973892211914,34.09303360360216,33.59409166169367,33.80982723807611,5012800
2021-06-22,33.776512145996094,34.097203380898456,33.743192998410876,34.097203380898456,3341800
2021-06-23,33.43499755859375,33.77651086466477,33.41833798543313,33.77151267496772,3559000
2021-06-24,33.6265754699707,33.75152067096237,33.126801020980935,33.50163344646749,4986600
2021-06-25,33.893131256103516,33.98059164899993,33.53495830758145,33.651575342265964,3569300
2021-06-28,34.0513916015625,34.14718018253721,33.83482031177034,33.94727164464021,3837100
2021-06-29,33.80149841308594,34.16799945328752,33.6557279569656,33.993078718929155,2874900
2021-06-30,33.96809005737305,34.143013980983724,33.73486239587691,33.751521968482145,4348500
2021-07-01,33.726539611816406,34.0888750473014,33.689054773065735,34.0888750473014,2816300
2021-07-02,33.63491439819336,33.81816337598188,33.501640970033904,33.7265404758322,2698200
2021-07-06,33.02684020996094,33.80982087193235,32.66866742754614,33.80982087193235,6371100
2021-07-07,33.19343948364258,33.351703844547345,32.918564462184406,32.95188360947896,4974400
2021-07-08,32.985198974609375,33.34337185773802,32.793618647410824,32.976870776682794,4303200
2021-07-09,33.276737213134766,33.32255024610158,33.01019039086719,33.05183773606735,4357600
2021-07-12,33.143463134765625,33.21009825024666,32.910232286860264,33.176782281250496,5298100
2021-07-13,32.61870193481445,33.15179563784686,32.47710031009795,32.971876671947875,5212500
2021-07-14,32.47710037231445,32.69366849802783,32.14391521853636,32.602042421864404,5292600
2021-07-15,32.843597412109375,32.94771736252122,32.36047931700386,32.3771388903684,5314300
2021-07-16,32.735313415527344,32.96021290099336,32.70282994670299,32.885246405838025,4084800
2021-07-19,32.76862716674805,33.06016172350758,32.2938405014606,32.652013344044235,4266200
2021-07-20,32.8186149597168,33.24175802379098,32.72282319171791,32.88525008648579,4285800
2021-07-21,32.79360580444336,33.06515070634226,32.76028984829585,32.97019467071878,2973100
2021-07-22,32.31883239746094,32.70949193089968,32.22720633149507,32.70949193089968,3395400
2021-07-23,32.66867446899414,32.79361649462316,32.25219469525373,32.377136720882746,5025500
2021-07-26,32.9185676574707,33.085160232625256,32.56872293189722,32.668680383483405,3641700
2021-07-27,32.710323333740234,32.910231855049055,32.5270712079666,32.89357545951387,3565500
2021-07-28,32.41879653930664,32.6686870417134,32.21055657229417,32.61038010514908,3461100
2021-07-29,32.4687614440918,32.64368217927119,32.314662790249926,32.61869441067081,3204100
2021-07-30,32.0439567565918,32.67700465307032,31.96482457797372,32.510412097947956,4858900
2021-08-02,32.13558578491211,32.30217517791167,31.968993214423552,32.14807967163818,4207700
2021-08-03,32.43545150756836,32.581222005748955,31.99398385704916,32.152245065586975,4772200
2021-08-04,30.769533157348633,32.118930289970905,30.561293212158834,31.94400632111953,11007800
2021-08-05,30.769533157348633,31.06939918682025,30.328065490342865,30.86115924163045,9560300
2021-08-06,30.986099243164062,31.227658301358787,30.819506679668084,31.01108701556736,8639400
2021-08-09,31.077720642089844,31.285960520796586,30.76952333381223,31.152687125523805,5585000
2021-08-10,31.210994720458984,31.319277171964767,30.79451495393026,31.09021520686704,5581200
2021-08-11,31.46088409423828,31.719102711023037,31.227656425844742,31.360929833139433,4244200
2021-08-12,31.119369506835938,31.560837054524935,31.119369506835938,31.51918971224101,3194000
2021-08-13,31.54418182373047,31.677455243875386,31.127701988591472,31.210999862112658,3556000
2021-08-16,31.660791397094727,31.86903128656585,31.39424459277077,31.532516184418498,4530100
2021-08-17,31.577499389648438,31.64413768512373,31.244314267249607,31.64413768512373,4555500
2021-08-18,30.777854919433594,31.552507527734438,30.761195347724197,31.527516581426134,4786400
2021-08-19,30.677900314331055,30.8278301030169,30.519635973653624,30.62792159977686,4789600
2021-08-20,30.486324310302734,30.652916888867768,30.20311787998892,30.569622188329824,3688200
2021-08-23,30.519636154174805,30.70705395174532,30.36970318711375,30.561283494472125,3348200
2021-08-24,30.444673538208008,30.6029378999268,30.29474055210009,30.57794695058295,3250000
2021-08-25,30.611268997192383,30.62792857250315,30.20728303400125,30.502983346416933,4319100
2021-08-26,30.044849395751953,30.669569030835493,30.007367742841364,30.611262119093436,4474000
2021-08-27,30.303070068359375,30.382199066874744,29.82828336731279,30.01153231215396,3661500
2021-08-30,30.086498260498047,30.344716866646426,30.061510490624784,30.22810303725314,4600700
2021-08-31,30.31391716003418,30.42257035602044,29.934887284693538,30.137034409494802,6883300
2021-09-01,30.40656280517578,30.659251503807102,30.267587876612883,30.423408932622554,4678900
2021-09-02,30.38129997253418,30.646619291911804,30.200208090494307,30.482373539953638,6427700
2021-09-03,30.179155349731445,30.48237607722915,30.111770823795705,30.381302501396583,5550300
2021-09-07,30.035964965820312,30.12861708283871,29.800125550188802,30.06965722893083,5359300
2021-09-08,31.215164184570312,31.509963413636527,29.994688950094954,30.06965310064911,11755600
2021-09-09,30.794021606445312,31.206740540724518,30.65083110970609,31.097242303579318,7644400
2021-09-10,30.60029411315918,30.819287361352274,30.465525082799697,30.73505993044813,4071700
2021-09-13,30.861404418945312,31.28254804521492,30.78559843769395,30.802444568313238,4777500
2021-09-14,30.499223709106445,31.034077967552378,30.347611731363596,30.954059642334986,4371600
2021-09-15,30.507646560668945,30.63398772586535,30.26338247632315,30.416678094225045,6179700
2021-09-16,30.777177810668945,30.903518974121653,30.34760950094523,30.524492270692566,4102100
2021-09-17,30.785598754882812,30.996170570187168,30.473953367892218,30.709792772850406,11784900
2021-09-20,30.499223709106445,30.852986061530153,30.124406101095296,30.63398955453662,6614500
2021-09-21,30.27179718017578,30.789805159791538,30.17493596311392,30.465522827369803,3880100
2021-09-22,30.43183708190918,30.827709876419352,30.27180045940427,30.642408879461417,3977900
2021-09-23,30.583446502685547,30.861399581659636,30.46468178239564,30.490794405337393,4047300
2021-09-24,30.650827407836914,30.890879105578172,30.558175311678827,30.617135152312095,3393600
2021-09-27,31.02985954284668,31.312866798799913,30.676097259834563,30.751903233832117,4869200
2021-09-28,30.844560623168945,31.257282821906205,30.48237682011516,30.98775113773657,7260000
2021-09-29,31.611038208007812,31.83003468362398,30.70979114337152,30.77717566296749,6387900
2021-09-30,31.013019561767578,31.703694922631357,30.996173429420754,31.670002657937708,4731100
2021-10-01,30.89509391784668,31.19831781574082,30.785595685146998,31.181471686627745,4151800
2021-10-04,31.07197380065918,31.417311418654318,30.893410613595083,30.893410613595083,6787000
2021-10-05,31.22358512878418,31.354138611926217,30.99616720735992,31.021438007342994,3776100
2021-10-06,31.45941925048828,31.493111502787837,30.836128648296654,31.055121862103707,3623600
2021-10-07,31.232013702392578,31.808978429459774,31.164629178111788,31.58577281565384,4244700
2021-10-08,30.979324340820312,31.40046797008898,30.916155366886734,31.223588416933154,3156000
2021-10-11,30.979324340820312,31.5226000081454,30.96247821008106,31.080401125255843,4466500
2021-10-12,30.979324340820312,31.2067422861939,30.76875252618598,30.905205221252675,4657000
2021-10-13,30.99616813659668,31.177260012063268,30.59187066852328,31.013014266066907,3918000
2021-10-14,31.383621215820312,31.497331792783356,31.11408955548909,31.1562064880359,4014300
2021-10-15,31.147790908813477,31.620314883425092,31.038292635755063,31.518396246686546,4214700
2021-10-18,31.063554763793945,31.30360650217128,30.855508424433847,30.9372103907234,3025300
2021-10-19,31.004596710205078,31.156208681448803,30.591874518914697,31.088824155086673,3848900
2021-10-20,31.097240447998047,31.206738678609458,30.810865897749103,30.945631715012944,3493300
2021-10-21,30.642412185668945,31.07197728527298,30.31392066013569,30.99617130145215,5243700
2021-10-22,30.642412185668945,30.962479039071564,30.57502766090777,30.600298464228707,3408000
2021-10-25,30.507646560668945,30.73085217761317,30.339188460669398,30.642412398054383,5690900
2021-10-26,30.692951202392578,31.05513503557474,30.499225489097462,30.61714520909698,8539700
2021-10-27,30.659255981445312,31.324660440885488,29.977002179027323,31.19831928618858,7886300
2021-10-28,30.726634979248047,30.76874869431599,30.229685430077154,30.575023034547065,5816100
2021-10-29,30.229690551757812,30.84455989252169,30.137038435068412,30.583452887019973,6246900
2021-11-01,30.937210083007812,30.98353613846817,30.145461230444006,30.221267210918157,5043900
2021-11-02,31.232013702392578,31.312028808637315,30.73253539472056,30.945635900341145,5516100
2021-11-03,31.518388748168945,31.594194732548008,31.130937367151958,31.32466305766045,4854400
2021-11-04,31.32465934753418,31.594190990498117,31.02986011712694,31.476271298335224,3792800
2021-11-05,31.87214469909668,32.1753685759101,31.543653236905595,31.57734549278939,8470700
2021-11-08,31.333087921142578,32.044818498360634,31.223589673466325,31.964803390467747,5064100
2021-11-09,31.45941925048828,31.505745294132666,31.164620075542246,31.290964415130563,4083300
2021-11-10,31.577348709106445,31.872147945440567,31.341506106968453,31.640517678984686,4392000
2021-11-11,31.400455474853516,31.62787332973034,31.349920315816195,31.526799798586072,3380400
2021-11-12,31.349933624267578,31.627886756176412,31.206743115713156,31.425739608073805,4522600
2021-11-15,31.686843872070312,31.786233788340112,31.370986169002826,31.400466092766298,5967000
2021-11-16,31.198318481445312,31.981645830029485,31.15199242866351,31.754227901756273,5228500
2021-11-17,30.794021606445312,31.282546518275698,30.6676772395031,31.206740540724518,6974200
2021-11-18,29.791698455810547,29.96858121622467,29.277902730895445,29.867504435110657,21735600
2021-11-19,29.766427993774414,29.96015365260346,29.46320410584356,29.749581865214868,8973800
2021-11-22,29.875926971435547,30.137033937974486,29.673776636726487,29.732736481626926,22906700
2021-11-23,30.170732498168945,30.37288287510431,29.993852926520027,30.086505048737436,9909400
2021-11-24,29.974811553955078,30.094066166941253,29.693719518163267,29.991847927238815,7058200
2021-11-26,29.668167114257812,30.025921211555673,29.42114457125347,29.72779279714079,7366800
2021-11-29,29.62557601928711,29.81297288866699,29.24226896734633,29.7363108284076,8750700
2021-11-30,28.628971099853516,29.557432340573147,28.539532575438376,29.506323219754776,15110300
2021-12-01,28.007160186767578,29.225233371473845,27.956051062114383,28.927101685031264,12204500
2021-12-02,28.322322845458984,28.509719705583766,27.92623609523998,28.10085648751189,8715100
2021-12-03,28.654523849487305,28.782295026025412,28.369171904488994,28.398984745767084,8062700
2021-12-06,29.191160202026367,29.51058491546491,28.850439207949435,28.867475582588902,9646000
2021-12-07,29.395586013793945,29.463731502649612,29.02931538393988,29.19967260736754,8188100
2021-12-08,28.237146377563477,29.003763751329473,28.22862656544197,28.96117443879074,17293500
2021-12-09,28.509719848632812,28.59489846765,28.126409564343398,28.151962500177348,5900900
2021-12-10,29.088945388793945,29.09746195148981,28.43305958310049,28.475648895292277,7036500
2021-12-13,29.37003517150879,29.574468403277148,28.95265539529253,29.088943133352775,8376700
2021-12-14,29.62557601928711,29.93222426032467,29.28485827874462,29.28485827874462,9743700
2021-12-15,29.710756301879883,29.81297129363839,29.45521719780561,29.506323069006864,6108200
2021-12-16,30.664775848388672,30.762734200954583,29.672428850116074,29.761867389751085,11056600
2021-12-17,30.247392654418945,31.039566288015635,30.213323150869794,30.715884883481063,13626700
2021-12-20,30.042959213256836,30.094068336793143,29.732051064784315,30.03443940132269,8542200
2021-12-21,29.812971115112305,30.145172273355172,29.736309059413493,30.059993655625814,5432500
2021-12-22,29.90667152404785,29.98333358482169,29.54039759472354,29.81297308872914,5468800
2021-12-23,30.02592658996582,30.20054701351353,29.974817460044314,30.032740490750705,3735700
2021-12-27,30.17924690246582,30.18776346502754,29.753347288543758,29.949260721025162,3252900
2021-12-28,30.545522689819336,30.562559065336036,30.025924609307353,30.059997360340752,3597500
2021-12-29,30.502933502197266,30.707363510532634,30.490153783489458,30.57959556766213,2758300
2021-12-30,30.37516212463379,30.6647740091388,30.34960918608688,30.537002817691505,3561200
2021-12-31,30.579593658447266,30.622182970078402,30.234612760715823,30.289981790256874,3805900
2022-01-03,30.78401756286621,30.80957049491756,30.3598206944227,30.536995055184647,5957600
2022-01-04,31.439903259277344,31.703962138356314,30.784017591388714,30.903268940212907,7887600
2022-01-05,31.312137603759766,31.80618270641633,31.303621041356365,31.57619652925098,7096900
2022-01-06,31.371761322021484,31.80191751303059,31.346205140348093,31.57619127927509,6045400
2022-01-07,31.814699172973633,31.87432485768619,31.252511824715143,31.337693695273167,4915000
2022-01-10,31.82321548461914,32.14690005842683,31.618782267120668,31.908394096452646,8565700
2022-01-11,32.019134521484375,32.087276773061994,31.431394198032596,31.944175120328303,5556300
2022-01-12,31.772098541259766,32.070230107947694,31.678400141710846,32.0106044444811,4793900
2022-01-13,32.07024002075195,32.24059725511053,31.703966118040285,31.72951905332288,6287000
2022-01-14,32.38541030883789,32.47058894049695,31.831739454984426,32.0446892834886,5354500
2022-01-18,31.882843017578125,32.43651377477333,31.567678236232336,32.342815346692056,7062200
2022-01-19,31.703968048095703,32.10431147243738,31.580456771117518,31.97654353889027,5076500
2022-01-20,31.567676544189453,31.993576104017052,31.476532114767732,31.83173219169487,5274100
2022-01-21,31.516572952270508,32.06598387068555,31.43139432511502,31.695450018910847,7544700
2022-01-24,30.996978759765625,31.67841761040898,30.25591421277577,31.482504143933813,12053700
2022-01-25,30.843650817871094,31.00975141573962,30.375161868771247,30.77550856586787,7115700
2022-01-26,30.698848724365234,31.414360293667926,30.541264678078104,30.82661667463136,7220400
2022-01-27,30.74143409729004,31.503794792027065,30.630699288447005,30.784023408581614,6138800
2022-01-28,30.707365036010742,30.724401412444422,30.04296260188007,30.494415204624598,7069800
2022-01-31,30.494413375854492,30.62218456676628,29.98333511092007,30.41775131117869,10230800
2022-02-01,30.77550506591797,30.843647310171708,30.19628136765931,30.366641852327618,5978100
2022-02-02,30.98845863342285,31.099190199990396,30.451824178636876,30.87431524266093,7375900
2022-02-03,30.528486251831055,31.218444836741764,30.447564280631426,31.054046900230592,7982900
2022-02-04,29.60002326965332,30.528484561179283,29.55743395798549,30.33257112802231,12949000
2022-02-07,29.574466705322266,29.821485982442137,29.327444178846598,29.644311608200308,6537000
2022-02-08,29.76186180114746,29.915185911547134,29.51484251159773,29.685199745947624,5424900
2022-02-09,29.7703800201416,30.05573194670653,29.68094150208494,29.872595005155528,5993700
2022-02-10,29.208194732666016,29.804454809978875,29.12727277057644,29.651130697259685,6823500
2022-02-11,29.58298683166504,29.770383701828994,29.18264015426247,29.263562120807123,7097800
2022-02-14,29.463733673095703,29.778898458880388,29.020797710972257,29.642610720485173,7007300
2022-02-15,29.540395736694336,29.777195804068327,29.361518689258443,29.57446848364098,7912500
2022-02-16,31.192888259887695,31.644344081136104,29.85556367012455,30.070216149677655,14217200
2022-02-17,32.18948745727539,32.23633666581496,30.920305420272072,31.111962159576382,14990500
2022-02-18,32.76019287109375,33.301087123607275,32.2150419625819,32.24911470670283,14464500
2022-02-22,34.41268539428711,34.44675488922679,32.41947534398528,32.663089291921644,21506600
2022-02-23,34.15714645385742,34.56345568407714,33.94419665489483,34.45527812201869,13844200
2022-02-24,33.20313262939453,33.799392722916906,32.470584793011845,33.58644292161292,12733700
2022-02-25,33.84198760986328,34.15289580071592,33.373498619667096,33.373498619667096,7638900
2022-02-28,33.40756607055664,33.46719175533414,33.00721940188817,33.11795420905615,7291600
2022-03-01,32.947593688964844,33.42460241613349,32.692054575942976,33.20313280198672,6808100
2022-03-02,33.2797966003418,33.48422985105856,32.547248721861486,32.90500609827674,7331700
2022-03-03,34.02937698364258,34.12307541084152,33.47570623166113,33.492742604729656,9223100
2022-03-04,33.93567657470703,34.216768590533064,33.33941654955193,33.60347544266003,6585500
2022-03-07,34.199737548828125,34.813030734019314,33.441633567521414,33.63755023361191,9906700
2022-03-08,32.93055725097656,34.46379517549001,32.883708034588544,33.99019502380554,8977400
2022-03-09,32.521690368652344,33.46718790323395,32.43651175716179,33.313863803066354,10448500
2022-03-10,32.315093994140625,32.573338621400936,31.97937565032636,32.28926723278358,5216500
2022-03-11,32.16014862060547,32.861713838280764,32.13002013355828,32.47865023849844,4722600
2022-03-14,32.444217681884766,32.67663885315235,32.1257160547813,32.323703730210966,6295200
2022-03-15,32.55612564086914,33.016662985944215,32.27205750315205,32.47865191535376,7324500
2022-03-16,32.43561553955078,32.5475227749798,31.987989881594086,32.487265790616334,5733900
2022-03-17,32.49586486816406,32.60777207722869,32.05684933069298,32.43560789799663,4390100
2022-03-18,32.38395690917969,32.42699713205137,31.914812897488922,32.21179273393446,9386500
2022-03-21,32.38395690917969,32.65941827606865,32.23761949466428,32.35813343220838,5030500
2022-03-22,32.66803741455078,32.693860898734165,32.310797225803285,32.57334692753246,5495500
2022-03-23,32.95210647583008,33.270611446846814,32.71107852696078,32.95210647583008,5893400
2022-03-24,33.25339126586914,33.339471729084124,32.806625977786894,32.94349634428051,4540000
2022-03-25,33.821537017822266,33.88179400979393,33.22757054873047,33.28782754070213,5057600
2022-03-28,33.90760803222656,33.9334315119322,33.3652919720961,33.864567804797545,3517200
2022-03-29,33.89039611816406,34.053953602984336,33.56328771604217,33.985086602268574,4974500
2022-03-30,33.916221618652344,33.92482835154071,33.47720271488358,33.804314388548256,4439200
2022-03-31,33.90760803222656,34.148635932836164,33.726837106769366,33.91621804796768,5208300
2022-04-01,34.37245178222656,34.39827526299357,33.64075803458323,34.0152116407409,4798600
2022-04-04,34.338016510009766,34.38966675263235,33.48580885116949,34.269152803605145,3980900
2022-04-05,34.079776763916016,34.656523112536476,33.993696297595115,34.37245494667008,5432700
2022-04-06,34.46714401245117,34.71247694351188,34.02812511449464,34.079775362418694,5481100
2022-04-07,34.69956970214844,36.14574399396336,34.27776749880259,34.553228955933086,8079000
2022-04-08,35.241878509521484,35.39682597164825,34.62209194477365,34.86311987085563,6556100
2022-04-11,35.50873565673828,35.861670837370035,35.27631444747941,35.551775891691534,7380400
2022-04-12,35.39682388305664,35.74975901846281,35.19883620063454,35.457080861021666,5058500
2022-04-13,36.15433883666992,36.20598907430394,35.336561468136395,35.336561468136395,8202900
2022-04-14,36.40399169921875,36.52192136716185,36.11131346643114,36.17587546908838,7309200
2022-04-18,36.292076110839844,36.5115855559508,36.059654924915144,36.39107159667706,5822900
2022-04-19,36.679439544677734,36.77413000887565,36.12765644504419,36.23181398540671,5835000
2022-04-20,37.31644821166992,37.40253195706997,36.63640468368471,36.731091877986074,5487400
2022-04-21,37.87598419189453,38.28917635266407,37.22176409161594,37.29923782699519,9219400
2022-04-22,37.170108795166016,38.12561697390317,37.14428531479764,37.89319579931097,7307700
2022-04-25,37.049598693847656,37.16150264291799,36.21460438169308,37.06681544380293,6277500
2022-04-26,36.421199798583984,37.312146029039475,36.3695495519782,36.94629586216024,7364900
2022-04-27,36.911865234375,37.2734071052851,35.96496375977221,36.30929216576578,7960700
2022-04-28,37.54025650024414,37.77697937275629,36.86881981519783,37.006550501457546,7386100
2022-04-29,36.6966552734375,37.634946590475,36.63639830402983,37.368091951842096,6968300
2022-05-02,36.13711929321289,37.05819378195035,35.54315638331698,36.77412570635083,7637700
2022-05-03,36.48145294189453,36.72248083319376,35.7282374978257,36.23612004289103,6328300
2022-05-04,37.29062271118164,37.31644619152412,36.33511453340233,36.464238502632654,6499900
2022-05-05,37.13567352294922,37.46278515492772,36.929079122364016,36.99794282797282,7079100
2022-05-06,37.523048400878906,37.59191211799857,36.989342279104,37.10124622989337,6368800
2022-05-09,38.03953552246094,38.43551418657506,37.26480151095239,37.406837229044655,9288000
2022-05-10,37.411136627197266,38.62488945846937,37.135675224621956,38.14283364584205,7641800
2022-05-11,37.44557189941406,37.9878879980995,37.21315071426316,37.27340769369942,6520500
2022-05-12,37.05821228027344,37.583311757860514,36.683758571714705,37.40254077553838,6604400
2022-05-13,38.125614166259766,38.14283091315713,37.023765351139886,37.03237536646792,7857400
2022-05-16,37.94484329223633,38.33220860470791,37.87167129690043,38.20308792847029,5795200
2022-05-17,37.152889251708984,37.90179967987614,36.756913924977724,37.87597620145066,7855600
2022-05-18,33.6063232421875,37.09263421297276,33.4539568305143,36.972120262360555,13824400
2022-05-19,33.19313430786133,33.48150747196639,32.62499471247499,33.37390525099353,8774900
2022-05-20,33.029571533203125,33.442763601421426,32.495865522224314,33.29814687010882,10146100
2022-05-23,33.56328582763672,33.96786794092076,33.24478089288567,33.42985684219701,6439800
2022-05-24,34.09699630737305,34.157253295486164,33.188833193120146,33.537463379168855,6215900
2022-05-25,34.32940673828125,34.432703930620725,33.87317117824472,34.22438557270917,5519100
2022-05-26,32.23381805419922,32.41642049110685,30.60778067011107,31.739919095967203,24785300
2022-05-27,32.89467239379883,32.912060260328225,31.825136165640647,32.25121187025098,13898900
2022-05-31,32.89467239379883,33.19900981349971,32.440770132089085,32.746848992066184,12744100
2022-06-01,32.39033508300781,32.99901318421506,32.17295028379299,32.96423082025378,11270300
2022-06-02,31.642539978027344,32.19035075896698,30.225189749196744,32.181653506951406,27694500
2022-06-03,31.564279556274414,32.09469912099377,31.23820228127772,31.686014541548452,12830100
2022-06-06,31.903390884399414,32.04251701861837,31.48601248174255,31.625138615961504,9601700
2022-06-07,32.24251937866211,32.32077473263075,31.529494088998433,31.816443655000437,10558800
2022-06-08,32.52077102661133,32.625114813457486,32.064261568986964,32.181647914560244,8893800
2022-06-09,32.40773010253906,33.090318320220895,32.39033891849905,32.56424744186998,8650300
2022-06-10,32.564239501953125,32.74249329009976,31.99034383667855,32.094687598448004,7858100
2022-06-13,31.33820152282715,32.46860210650119,31.22516046935085,32.19034975719772,9596200
2022-06-14,31.42514419555664,31.603401312602745,31.14689193428888,31.5207940323103,8743900
2022-06-15,31.45993423461914,31.818183362093244,31.216464275853184,31.694710259298912,6870100
2022-06-16,31.329500198364258,31.572973460126416,30.851254242483467,30.964295281264853,7694600
2022-06-17,30.93820571899414,31.399060424470598,30.286051331835196,31.18167562875095,16994100
2022-06-21,31.83383560180664,31.97731038824409,30.99907863585493,31.172983849322875,7112900
2022-06-22,32.216434478759766,33.01641246085652,31.94687938454478,32.35990927750429,13139700
2022-06-23,32.91205596923828,33.02509698911559,32.23381648403174,32.2859900279048,9289100
2022-06-24,33.39030838012695,33.47726097793337,32.73815394549189,33.007708988909165,7159900
2022-06-27,33.616390228271484,33.84246899365826,33.29292016587162,33.359877719139774,5325600
2022-06-28,32.80772018432617,33.92072952164253,32.65120283163738,33.6163920675418,6365300
2022-06-29,33.02510452270508,33.36422434266736,32.764243377890196,32.93815191344326,7501800
2022-06-30,33.16423416137695,33.5424850170458,32.6772941912614,32.85989668005473,7169800
2022-07-01,33.598995208740234,33.65116875650335,33.01640551868219,33.155531662354925,6971400
2022-07-05,33.14683151245117,33.48595125066876,32.5816330544314,33.45986613758391,7694400
2022-07-06,33.21639633178711,33.4468236767725,32.946838000033814,33.120746494164045,5178700
2022-07-07,33.112060546875,33.41639799722041,32.97293106439775,33.29900832563758,5092200
2022-07-08,33.36421585083008,33.607689065447495,32.972922574684745,33.04248729801217,5511300
2022-07-11,33.572914123535156,33.764213837935024,33.216403130263146,33.45987308165984,6608700
2022-07-12,33.73811721801758,34.042457900464015,33.520732437853766,33.52942968659629,5837600
2022-07-13,34.068546295166016,34.290279721065275,33.25552594488795,33.56856058920953,7359600
2022-07-14,33.70334243774414,33.79029835958511,33.38161381950568,33.56421627982784,5684700
2022-07-15,33.051185607910156,33.97289841191819,32.89467159374858,33.78159871445658,7687300
2022-07-18,33.41639709472656,33.746822972627186,33.129447520411176,33.24248856335627,7908800
2022-07-19,33.68594741821289,34.016369899965596,33.41638909328232,33.438128898384086,16940500
2022-07-20,33.26856994628906,33.78159823185604,33.059882385702245,33.73377330817386,4469000
2022-07-21,32.999019622802734,33.338139445020445,32.88597857638702,33.138145788764604,4665900
2022-07-22,33.32074737548828,33.54682946232068,33.01640993209392,33.10336253962678,5585800
2022-07-25,33.37291717529297,33.564213553747535,33.02510015023724,33.36421992530064,6470400
2022-07-26,33.598995208740234,33.633777573915644,33.064230441541156,33.17292284494263,6343500
2022-07-27,31.599056243896484,32.338163274116624,30.694734634500122,32.30338422531597,21026300
2022-07-28,32.338172912597656,32.377303915076325,31.564283285887967,31.990359101721484,10672000
2022-07-29,32.02513122558594,32.134692690203934,31.69470539155864,31.79035523696356,9930100
2022-08-01,32.54685592651367,32.720764448114274,32.086001163746865,32.19034494989556,6924800
2022-08-02,32.2512092590332,32.77293145543039,32.225124144321995,32.485985242520584,5669800
2022-08-03,32.46860122680664,32.62511858367791,31.833837864841843,32.18165163353279,5461600
2022-08-04,32.199039459228516,32.581638876998895,32.14686922373562,32.41642428586015,4503400
2022-08-05,32.66859817504883,32.70338055052425,31.868623441293494,32.199046057220315,4683200
2022-08-08,32.85988998413086,33.10335991957629,32.74684894966158,32.85988998413086,4280500
2022-08-09,33.39030838012695,33.42508742903213,32.92075639110275,32.95553875703691,5634800
2022-08-10,33.59030532836914,33.729431488826364,33.41639679854028,33.48595822025424,5937900
2022-08-11,33.67725372314453,34.19897924738492,33.60769231012982,33.60769231012982,6269500
2022-08-12,33.62508010864258,33.85116216380514,33.399001370508905,33.81637979885261,4582300
2022-08-15,33.52943801879883,33.83812408529777,33.04249479609425,33.468570530589425,7060000
2022-08-16,33.76420974731445,33.86855352569591,33.44247784534254,33.607692421227824,5824800
2022-08-17,33.21639633178711,33.73811849714919,33.16857141297558,33.529430957815805,5914300
2022-08-18,33.26856994628906,33.28596112917613,32.87293131595253,33.13814105017954,7564800
2022-08-19,33.503353118896484,33.52944155733186,32.99032472339661,33.13814815109811,8903000
2022-08-22,33.39900588989258,33.529438117599554,33.12944750057853,33.459873378281344,6492300
2022-08-23,33.66856002807617,33.92507250860774,33.38161049016399,33.44247797086738,5453700
2022-08-24,33.833778381347656,33.87290937973509,33.51204972774148,33.62508746301713,5603400
2022-08-25,33.921634674072266,34.13248988589957,33.78106341569301,33.860134957999044,4335500
2022-08-26,33.48235321044922,34.13249410399146,33.48235321044922,33.93921069451101,5474800
2022-08-29,33.46477508544922,33.64927422175469,33.15288273079484,33.34177566124557,7483200
2022-08-30,32.86735153198242,33.429636616334925,32.801458015522854,33.39449296069203,4949300
2022-08-31,32.858558654785156,33.29784418037596,32.819021214711036,32.95519865516976,5176900
2022-09-01,33.12213134765625,33.231952735843784,32.542274552085395,32.79706097703634,6039100
2022-09-02,32.77949142456055,33.80741808052549,32.652098203255974,33.29784854679021,6155100
2022-09-06,32.88491439819336,33.043057454006686,32.274307791601785,32.85855833938532,9810200
2022-09-07,32.78827667236328,32.96399158135488,31.55827566090522,32.674061478796276,11405200
2022-09-08,31.681276321411133,32.612559579173386,31.47041777444666,32.59498775430277,10160300
2022-09-09,32.0327033996582,32.199634063498216,31.615383443024108,31.86577608730116,7979000
2022-09-12,32.26991271972656,32.39906209484577,32.10737587672264,32.217197252716055,6693700
2022-09-13,30.802705764770508,32.173274615567244,30.697274813568473,31.979991241329458,11789300
2022-09-14,30.714847564697266,31.240232753538653,30.591848136069927,30.95206218482845,8505100
2022-09-15,30.407346725463867,30.943275640072347,30.266775481589743,30.73241709851975,7369100
2022-09-16,30.49520492553711,30.609420117622385,30.099847223305837,30.31949001882509,30286300
2022-09-19,30.407346725463867,30.785132571778604,30.376596870600242,30.486418259610737,9566900
2022-09-20,29.81870460510254,30.301921434680278,29.686920939158398,30.26677778316861,8995600
2022-09-21,30.25798797607422,30.890560250972587,29.880202128730232,30.16134796872726,9057700
2022-09-22,30.0998477935791,30.473243234222668,30.082279318909823,30.306312561516183,5921500
2022-09-23,29.801132202148438,30.152562007492353,29.396990272041045,29.950491042438657,8006100
2022-09-26,29.92412757873535,30.143770314878935,29.634197558314376,29.634197558314376,7798600
2022-09-27,28.948923110961914,30.266779974725125,28.89620762987739,29.950493791184623,8853600
2022-09-28,29.537559509277344,29.713274399964693,28.755631764775554,29.0367742492822,7116200
2022-09-29,29.48484992980957,29.594671327020816,29.06752660951699,29.445312484042322,7118400
2022-09-30,29.30034828186035,29.57270656134663,29.186136438528862,29.51999108262837,8922600
2022-10-03,29.836275100708008,29.941706050542724,29.309133757466128,29.493632892452492,6707700
2022-10-04,30.161348342895508,30.47763113278553,29.8626340262081,29.88020249941071,7647800
2022-10-05,29.774768829345703,29.99441156588733,29.146590468777365,29.959267923684944,6307400
2022-10-06,29.361845016479492,29.818702397864477,29.230061360290232,29.783562100437035,5815700
2022-10-07,29.019207000732422,29.423352318482664,28.825923606834458,29.344280772779715,6786200
2022-10-10,29.93291473388672,30.284344486596016,29.476057395957636,29.871415029884968,11388100
2022-10-11,30.6972713470459,30.776342875776702,29.748416353758863,29.769500530728532,10133600
2022-10-12,31.01356315612793,31.3386335666015,30.785136115345118,30.890563722515402,9506600
2022-10-13,31.435272216796875,31.602202867194702,30.626988430703385,30.723631785884717,9355400
2022-10-14,31.391345977783203,32.05027432329037,31.285918380917266,31.452845688578577,10926000
2022-10-17,31.180490493774414,31.78230956545257,31.154131081191167,31.514345105988998,6234800
2022-10-18,31.690059661865234,31.80866863851673,31.329845640912254,31.338629877357675,6807200
2022-10-19,31.88334083557129,31.940446741245708,31.580232782915953,31.65491050990917,6906900
2022-10-20,31.048704147338867,32.0063468217059,31.02234808567649,31.944847110171743,7197200
2022-10-21,30.93448829650879,31.18049048884408,30.653345806539466,30.86420434975788,10239000
2022-10-24,32.085418701171875,32.155702650183855,31.36499062851354,31.42649034070513,8151200
2022-10-25,32.559844970703125,32.66527256039646,31.690058139155784,32.023916083247784,10129900
2022-10-26,32.42805480957031,33.45598460121803,31.733982929477158,33.29784155634915,10994100
2022-10-27,33.40327835083008,33.98313522482205,32.55985077983872,32.64770656167743,12208400
2022-10-28,34.2115592956543,34.30820265816894,33.166060836096634,33.45159712948545,8848400
2022-10-31,33.79863739013672,34.25549484677753,33.57020698607462,34.20277936472858,9104500
2022-11-01,33.57898712158203,33.84255777035228,33.539449680951044,33.78105806402198,5966500
2022-11-02,33.491127014160156,34.29941411150529,33.434021103251126,33.614126423184246,6467000
2022-11-03,33.376914978027344,33.5526265032292,33.1660564557096,33.368127390877746,5936500
2022-11-04,33.40327835083008,33.78984848299698,32.939392851636505,33.4735623060044,5799000
2022-11-07,33.53505325317383,33.86891116951701,33.33737611999355,33.614124776742415,4666000
2022-11-08,33.47356033325195,33.82938393713988,33.15727752638264,33.70199071494334,4825400
2022-11-09,33.14848327636719,33.71955576435092,33.08698357476677,33.42084149165645,5006500
2022-11-10,33.271484375,33.76348536435686,32.72237747452774,33.75469777711908,8742600
2022-11-11,32.49835205078125,33.1924207919789,31.650530659464167,33.14849289972335,8622500
2022-11-14,32.34899139404297,33.179240911930364,32.32263533045389,32.63013391060361,7884400
2022-11-15,32.54227828979492,32.71623367270478,32.111776924001255,32.67406195986656,5663100
2022-11-16,33.11334228515625,33.36812869876096,32.68284433946257,32.72677222248481,7042100
2022-11-17,33.16605758666992,33.22755729288421,32.86734329156511,32.86734329156511,5531200
2022-11-18,33.47356033325195,33.50870398450956,33.13531190647588,33.40327638221979,7592200
2022-11-21,33.77226638793945,33.86451593626678,33.41205242954989,33.605339112606515,5207700
2022-11-22,34.229129791259766,34.316988913534516,33.90845321153471,33.930415478491284,6365700
2022-11-23,34.53094482421875,34.57532839307394,34.15811539608683,34.16699414160741,5402500
2022-11-25,34.53094482421875,34.779495518807195,34.50431197390624,34.690728381096825,3595300
2022-11-28,34.504310607910156,34.85938591719302,34.36228116144683,34.61971059136445,6732600
2022-11-29,34.65522384643555,34.69516804676622,34.33565669879174,34.41554848570269,4773500
2022-11-30,34.93040084838867,34.97034843132547,34.05603403159678,34.44217481123984,8672900
2022-12-01,35.054683685302734,35.59616871472398,34.89046073401329,35.028050831478964,7710100
2022-12-02,35.35649871826172,35.40088229545922,34.83276438033147,34.850515102210565,4835600
2022-12-05,35.17007064819336,35.267716517494364,34.94814944932698,35.11681172766463,4985700
2022-12-06,34.99253845214844,35.742633304533804,34.8416336388575,35.12569254666926,5136000
2022-12-07,35.409751892089844,35.4541354620622,34.93927995513406,35.285476541667514,5307600
2022-12-08,35.63167190551758,35.75594725167546,35.30322943549328,35.45413424547093,6093600
2022-12-09,35.45413589477539,35.89797837241466,35.427506429716836,35.79145712593106,5887400
2022-12-12,35.75594711303711,35.78701594945612,35.356491612292515,35.52515052624581,4650800
2022-12-13,35.480770111083984,36.06664206865726,35.46301600494546,35.95124207188161,5797300
2022-12-14,35.64942932128906,36.04000950066964,35.49852449729527,35.63167521501047,7140700
2022-12-15,35.35649871826172,35.54291177424116,35.02805279725046,35.51627891892275,6140800
2022-12-16,35.436378479003906,35.48076543162089,34.78836892853479,35.063552458014435,10880200
2022-12-19,35.60504150390625,35.911293874764176,35.37424153604983,35.534025087258385,7268900
2022-12-20,35.32098388671875,35.55621984943295,35.045800341633694,35.52959038535187,5525100
2022-12-21,35.66718292236328,35.84915658320469,35.4230681973022,35.507399354368665,4822200
2022-12-22,35.826969146728516,36.08439862383453,35.33874304665659,35.613923244856366,6832300
2022-12-23,35.968997955322266,36.102148678566195,35.83584384582867,35.86247669947719,4947800
2022-12-27,36.35957336425781,36.43058978297181,35.964553847346565,36.05776035722177,5298200
2022-12-28,35.897979736328125,36.563743478082166,35.84472080418748,36.457222227551384,4724500
2022-12-29,36.111026763916016,36.208672657589894,35.79145961598319,35.85359729627573,3910500
2022-12-30,36.13765335083008,36.27968280678676,35.87134854419247,36.01337800014915,4344700
2023-01-03,36.19979476928711,36.26637182439302,35.76039162358761,35.97787350976721,5749000
2023-01-04,36.608123779296875,36.9143727421623,36.30631080247015,36.43058613653135,8199500
2023-01-05,36.688026428222656,36.91882306188108,36.563747671060554,36.74128536647081,6608600
2023-01-06,37.80650329589844,37.97516222243411,37.08747724566847,37.22950670650099,6424100
2023-01-09,37.460304260253906,37.99291385717133,37.45142551476405,37.6289631758196,9772700
2023-01-10,37.575706481933594,37.78874897886727,37.40704417009088,37.41592291610862,6925500
2023-01-11,37.77987289428711,37.89526950030836,37.50912871218069,37.72661057795082,8550500
2023-01-12,37.66447067260742,37.9174607342936,37.522441223700255,37.81537548058728,7034700
2023-01-13,37.65559005737305,37.77986878196337,37.45142294634816,37.486931153373966,5982500
2023-01-17,37.575706481933594,37.833132550207665,37.48693595300337,37.602335947487944,9789400
2023-01-18,35.20558547973633,37.46030609734221,35.11681833797994,37.38041431526171,20037600
2023-01-19,35.54290771484375,35.80921253386366,35.18960676005282,35.2055864714188,9779400
2023-01-20,35.4008674621582,35.498513322828096,34.89044807263281,35.449690392493146,8773800
2023-01-23,35.738197326660156,35.91573500746999,35.378685978051216,35.53403017891621,6536700
2023-01-24,35.34761428833008,35.86247318254828,35.12569305177037,35.68493551605064,5834700
2023-01-25,35.463016510009766,35.5517836557171,34.8771445440925,35.196711686638196,4438500
2023-01-26,35.20558547973633,35.383123149498495,34.76174299845561,35.383123149498495,5426000
2023-01-27,35.232215881347656,35.298792932559,34.690730884244125,35.17895694937817,5215200
2023-01-30,35.83584213256836,36.03113391415577,35.30323249255662,35.31210785251536,6228200
2023-01-31,35.97787094116211,36.11102504186752,35.51183836119206,36.004503793052855,7437800
2023-02-01,35.986751556396484,36.20867281159935,35.64943030033824,35.88022691579938,6064400
2023-02-02,35.49851989746094,35.644985329343974,35.24996582801728,35.54290346428153,8767000
2023-02-03,34.95703887939453,35.66718625559799,34.810570030669815,35.59616982485275,6196100
2023-02-06,35.44526290893555,35.47189237577748,34.75286968104862,34.93040397499428,6517300
2023-02-07,35.09906005859375,35.249964858884724,34.743984761293,35.249964858884724,6112600
2023-02-08,34.68185043334961,35.09906343993371,34.61971275827317,34.97478808978082,6002400
2023-02-09,34.52206802368164,34.92152693838246,34.33565499223774,34.89489747281888,4941900
2023-02-10,35.178958892822266,35.3742472979148,34.56645405133976,34.601962265447376,5555200
2023-02-13,35.80033493041992,35.84471849976692,35.29435140386648,35.34761371883244,6591800
2023-02-14,35.4008674621582,35.871339278569344,35.27659214357779,35.844709820658814,7316000
2023-02-15,35.62279510498047,35.755945804941085,34.957031446430186,35.338736214898944,7756100
2023-02-16,35.312110900878906,35.40531742661466,34.86826836713734,35.09018963400813,8923000
2023-02-17,35.50740432739258,35.684942026279536,35.17008303813236,35.29435841147824,10134500
2023-02-21,35.391998291015625,35.72931952285953,34.86826403088274,35.50739828358711,8349000
2023-02-22,35.13457107543945,35.542905329617305,35.03692519156013,35.542905329617305,6589400
2023-02-23,35.28547668457031,35.41419140838596,35.045801342249725,35.09018491240183,4959200
2023-02-24,35.16120529174805,35.352057712510806,35.01917581952341,35.17895939905734,5082100
2023-02-27,35.20558547973633,35.520713235095705,35.099951429721436,35.3387395786203,4497200
2023-02-28,34.56645202636719,35.232215763759655,34.50431434844385,35.232215763759655,8956200
2023-03-01,34.087100982666016,34.5309434257411,33.82079280782168,34.5043105765072,5550400
2023-03-02,34.31789779663086,34.51762554287405,34.06046836519585,34.18474370830265,3976800
2023-03-03,34.65522384643555,34.76618447346467,33.8207977639768,34.229135444993666,5627800
2023-03-06,34.61083984375,34.67297752321593,34.388918592443254,34.57533163084103,4142900
2023-03-07,34.300148010253906,34.56645283418454,34.12704970538652,34.50431515480904,4813000
2023-03-08,34.016090393066406,34.40933556933059,33.76310029262834,34.3889198699618,5839600
2023-03-09,33.899471282958984,34.231378344675925,33.746971224136026,33.96675062002884,6423800
2023-03-10,34.03403091430664,34.150648218768325,33.86359287083931,33.94432740131745,5349500
2023-03-13,34.19549560546875,34.751668265232155,33.845647158760016,33.845647158760016,7654300
2023-03-14,34.21343994140625,34.27623308228488,33.82770869202634,34.141677818389034,8377600
2023-03-15,34.18653106689453,34.2313828234864,33.63036175682208,33.890503313842785,6029900
2023-03-16,34.24931716918945,34.28519993587367,33.70211695414656,34.087848141079455,7558800
2023-03-17,33.755943298339844,34.17755385739304,33.572046673606515,34.17755385739304,11363400
2023-03-20,34.03403091430664,34.258293118749286,33.75594797085835,33.809768709863995,6216200
2023-03-21,34.12373352050781,34.21343702211769,33.903954124215915,34.12373352050781,6405500
2023-03-22,33.70212173461914,34.389260046440945,33.693152752660374,34.22241165943381,4445800
2023-03-23,33.567562103271484,33.903955379719406,33.3908447613289,33.585503488651696,5383900
2023-03-24,34.24931716918945,34.28519993587367,33.567558290065236,33.63932382343367,4940700
2023-03-27,34.62607955932617,34.760638237420046,34.347996643487186,34.347996643487186,5427700
2023-03-28,34.43769454956055,34.890705042070316,34.410784187103914,34.644015312988564,4118300
2023-03-29,34.688873291015625,34.940049266297116,34.609038745119555,34.6260801526876,4518200
2023-03-30,34.841373443603516,35.016297675376634,34.61262505514274,34.80549067247841,4557300
2023-03-31,34.688873291015625,34.98490101910723,34.39733518676524,34.98490101910723,6192800
2023-04-03,34.850341796875,35.0387246308996,34.58571406403108,34.724755522171485,5605200
2023-04-04,34.635047912597656,34.89519283477344,34.23586154876227,34.8144583217523,7471900
2023-04-05,35.00284194946289,35.24504551785122,34.75166939941693,34.7965211516438,6513200
2023-04-06,35.1104850769043,35.30783688316009,34.95798844259331,35.11497127849261,4978100
2023-04-10,35.07460403442383,35.182252346026544,34.79741767367478,35.16431096075943,4284500
2023-04-11,35.20915985107422,35.267466781976054,34.9400459378802,35.16430810253673,5741800
2023-04-12,35.23606872558594,35.45136190021733,35.03872035597349,35.164306615354754,4475500
2023-04-13,35.13739776611328,35.23607367576656,34.71578718209844,35.23607367576656,5721600
2023-04-14,35.07460403442383,35.29886621730881,34.890710823882195,35.110486804958065,4577600
2023-04-17,35.46930694580078,35.47827592726747,35.074603321881256,35.155337842958495,3755300
2023-04-18,35.397544860839844,35.43342763414713,35.043210173862015,35.36166208753256,4271600
2023-04-19,35.406517028808594,35.487251557226266,35.16431344355557,35.451368784158504,4715800
2023-04-20,35.35268783569336,35.46033271760059,35.16430843686342,35.31680506773458,3878700
2023-04-21,35.182247161865234,35.42445069432826,34.93555742825415,35.34371618350725,4659700
2023-04-24,35.14636993408203,35.32578036661437,34.989387088854755,35.1643113195322,3857300
2023-04-25,35.379600524902344,35.550041972918955,35.083576224718186,35.146369361786626,6185000
2023-04-26,35.307838439941406,35.45136609937331,35.10151764338113,35.14636939533435,6803300
2023-04-27,35.59489059448242,35.62180095886821,35.1015145229186,35.128424887304384,5971200
2023-04-28,35.22710037231445,35.738417821453716,35.15533483883646,35.64871432657521,7061600
2023-05-01,35.666656494140625,35.774304807052566,35.262987297613684,35.29886664661495,7369300
2023-05-02,35.38856506347656,35.71150308061054,35.11945118985444,35.68458929787033,11098000
2023-05-03,36.10621643066406,37.200617129307076,36.05239226742972,36.570889133935424,20626300
2023-05-04,36.635467529296875,36.70722964290414,36.110694882778944,36.31252946314151,10050100
2023-05-05,37.06604766845703,37.178178742822396,36.456054350151945,36.536788860573765,7676800
2023-05-08,36.850765228271484,37.07502742146602,36.698265157475056,36.994292895037205,5869900
2023-05-09,36.671356201171875,36.868704611841736,36.46503538612588,36.801428688868846,7023300
2023-05-10,36.491943359375,36.85973320934733,36.24077080484835,36.48297095558796,6066200
2023-05-11,36.46503829956055,36.509890059115854,36.17798293204268,36.42915552312834,4147900
2023-05-12,36.474002838134766,36.545768382254174,36.34393035589545,36.393268311985175,4624500
2023-05-15,36.034446716308594,36.613043571840635,35.96268459559059,36.5995883880791,5675000
2023-05-16,34.984901428222656,35.85503981518559,34.966960042494925,35.83709842945786,9100700
2023-05-17,34.90416717529297,35.092546593947205,34.509466952117016,34.957991332895375,7796800
2023-05-18,34.90416717529297,34.91313615724197,34.38388067301419,34.5902014775359,7300300
2023-05-19,35.04769515991211,35.2674711503465,34.79652259941567,35.02975377388101,5899400
2023-05-22,34.75166702270508,35.28989485655613,34.639535938822014,35.23607070438338,5394000
2023-05-23,34.70681381225586,35.02078291804684,34.536375787034,34.76512416922939,7738600
2023-05-24,34.73373031616211,34.957992514129124,34.5274095046688,34.89519937245593,6208400
2023-05-25,34.32107925415039,34.61710694611368,34.10578949814889,34.27622750681416,7841700
2023-05-26,34.392852783203125,34.482556298730096,33.9577835467608,34.36145621057171,7170700
2023-05-30,33.95329666137695,34.294176173067775,33.85462416507012,34.08785535393035,7503700
2023-05-31,34.28520584106445,34.428733510553165,33.877046999161514,33.99815050208704,15509900
2023-06-01,34.2582893371582,34.509465305347355,34.18652721908222,34.33902385872449,6727000
2023-06-02,34.54534912109375,34.57226291307609,34.123738495694106,34.231383397714254,9653100
2023-06-05,34.500022888183594,34.77196141082089,34.30966281024015,34.44563380050176,6678200
2023-06-06,34.25527572631836,34.71303756113637,33.95614094359536,34.581603322784986,5271000
2023-06-07,33.493839263916016,33.78662531103948,33.2862589635231,33.747648030200764,11075900
2023-06-08,33.711402893066406,33.73859917086479,33.24004108657092,33.39414180113991,6077000
2023-06-09,33.43039321899414,33.62981294721896,33.330681625938865,33.50744182894204,7828200
2023-06-12,33.1584587097168,33.471186475418904,32.886516711177705,33.34881534238524,9796700
2023-06-13,33.35787582397461,33.39413521529717,33.049677913504624,33.18564890202128,6304600
2023-06-14,33.24003982543945,33.46665587047099,33.013423780407926,33.25816952398835,7445300
2023-06-15,33.42132568359375,33.62074886398199,33.25363206179968,33.49384446114789,7082200
2023-06-16,33.53010559082031,33.66607311896534,33.0224844952424,33.37600490945963,12250500
2023-06-20,33.1947135925293,33.67514190558462,33.17658389600966,33.58449342298643,6844200
2023-06-21,32.69615936279297,33.18565079998501,32.63270715329245,33.08593919708818,8490300
2023-06-22,32.69615936279297,32.7958709656898,32.50580273429142,32.741481875595326,5865700
2023-06-23,32.551124572753906,32.859322494465715,32.52393175721304,32.72335150098938,12208400
2023-06-26,32.224796295166016,32.56925360247288,31.753434574084498,32.56925360247288,6648900
2023-06-27,32.25199508666992,32.424222024829994,32.097894387990955,32.38796263009539,7221400
2023-06-28,31.744375228881836,31.9619246903908,31.59027452391717,31.9619246903908,8543200
2023-06-29,31.744375228881836,31.80782744331248,31.572148283696713,31.72624553077503,5822200
2023-06-30,32.179473876953125,32.25199266096813,31.89846877572389,31.92566504867249,8907900
2023-07-03,32.460479736328125,32.578317576275815,32.075229738550924,32.170411509265165,3840600
2023-07-05,32.49673080444336,32.6598945899659,32.27918139567031,32.39702267585559,7293800
2023-07-06,32.324501037597656,32.53298730998907,32.206659767851136,32.4695351165606,6234400
2023-07-07,32.14321517944336,32.42875357531446,32.12508548304789,32.315445566257296,5440900
2023-07-10,32.088829040527344,32.48767198126026,32.04350307131268,32.29731535894814,11608700
2023-07-11,32.29731750488281,32.401558942076356,32.048038489183135,32.25199499054274,7666400
2023-07-12,32.4151496887207,32.4695387711605,32.261052475302975,32.4060865705902,6360200
2023-07-13,32.30637741088867,32.5420599946302,32.13415049037437,32.415152126061614,6825800
2023-07-14,32.49673080444336,32.55565317347875,32.161340115485025,32.38795610005683,6540200
2023-07-17,32.188533782958984,32.442346043790074,32.16134097061071,32.35169757281983,6698800
2023-07-18,32.188533782958984,32.3788938430537,31.94379155605332,32.22479317134709,6003900
2023-07-19,32.75960922241211,32.804931731963435,32.30637721112719,32.35169972067852,8147600
2023-07-20,32.995296478271484,33.122200906144734,32.60551661672574,32.832132654466925,6593500
2023-07-21,32.92277526855469,33.19471380229564,32.85478977064793,33.01342029383965,22388400
2023-07-24,32.94996643066406,33.09500053857176,32.904643920296515,32.95903300746911,6842200
2023-07-25,33.13125991821289,33.240034634633425,32.877451093936344,32.99529238715869,5689200
2023-07-26,32.95903778076172,33.17658724518692,32.75055143656823,33.04968281462449,6028300
2023-07-27,32.81399917602539,33.17205288935173,32.75961008839456,33.00435579590443,5797100
2023-07-28,32.77774429321289,32.99529721577712,32.68709925924486,32.959037819035345,8383600
2023-07-31,32.795875549316406,32.91371686538117,32.65084141334692,32.76868272941168,7959500
2023-08-01,32.523929595947266,32.95903190511788,32.22479481333171,32.8593203109127,9709800
2023-08-02,32.92277526855469,33.04061656773399,32.04350400016909,32.22479750862507,13250400
2023-08-03,32.24292755126953,33.0632764499259,32.18853846078325,32.86838653137434,9136700
2023-08-04,31.98004722595215,32.41514950940691,31.96191753190584,32.24292260279531,5771100
2023-08-07,31.726247787475586,32.093364691064096,31.68092526792794,31.91660444430766,7329200
2023-08-08,31.23674964904785,31.69904824084001,31.01013364151056,31.64465915419215,7586300
2023-08-09,31.2911376953125,31.585739186893097,31.21046176306058,31.245815186889118,6146100
2023-08-10,31.173297882080078,31.504158779208492,31.127975371512242,31.363654501196525,4152000
2023-08-11,31.318336486816406,31.32740306496315,31.109850141964493,31.209561754260278,6922400
2023-08-14,31.037334442138672,31.49509635447386,30.91949313281814,31.399918032367935,7806100
2023-08-15,30.602230072021484,30.910428040366185,30.55690755330037,30.883235220710823,6197400
2023-08-16,30.420934677124023,30.738195710575727,30.39373840433822,30.58409848229516,5400200
2023-08-17,30.357484817504883,30.529711754996303,30.266836331020304,30.448129846103274,5742500
2023-08-18,30.511579513549805,30.692873013515968,30.321222894633994,30.357482286204405,6558600
2023-08-21,30.34841537475586,30.552371856676235,30.16712187678859,30.552371856676235,6604900
2023-08-22,30.18525505065918,30.384678267191553,30.108206428957583,30.284966658925367,6851200
2023-08-23,30.357484817504883,30.50704876890361,30.239643514018024,30.29402914802258,7451500
2023-08-24,30.384681701660156,30.72007250183149,30.221517862033743,30.221517862033743,7037500
2023-08-25,30.683807373046875,30.81977836664235,30.4299985400804,30.457191355645094,7265500
2023-08-28,30.674745559692383,30.86056890377191,30.556904257418687,30.81071655907635,5730100
2023-08-29,30.602230072021484,30.810719882334347,30.393743719595147,30.80165330385821,6554700
2023-08-30,30.52064323425293,30.747259249207175,30.457191026696616,30.620354834094552,6450900
2023-08-31,30.35552215576172,30.607798217205996,30.286719275416928,30.548167421159242,14009200
2023-09-01,29.88766860961914,30.45643231658821,29.805105853812357,30.45643231658821,7765400
2023-09-05,29.860143661499023,30.226173141247923,29.740885576673957,29.942706412614896,7828800
2023-09-06,29.87849235534668,29.983990568521925,29.777581933907687,29.87849235534668,7067200
2023-09-07,29.979400634765625,30.20874121275529,29.841794888188026,30.089483132352,7472300
2023-09-08,30.236263275146484,30.291306277879823,29.944541309741393,29.970227344458333,8047900
2023-09-11,30.85089874267578,30.88759057938462,30.309654782296914,30.33717453469351,10683500
2023-09-12,30.786680221557617,30.9609777997359,30.69494189136419,30.860067386252876,6726700
2023-09-13,30.4472599029541,30.896769064583186,30.272962288974767,30.86924930960229,6994000
2023-09-14,30.979326248168945,31.052713414717626,30.548164834019413,30.63990316652972,6522800
2023-09-15,30.685768127441406,31.00684351688467,30.644485006250537,30.823370366005967,12095800
2023-09-18,30.658245086669922,30.88300136025341,30.428904521391566,30.791263034466482,8084200
2023-09-19,31.135276794433594,31.171972128180442,30.649075870396604,30.722466537890295,9260800
2023-09-20,31.208669662475586,31.429755039510663,31.052716232784906,31.35544750835276,7012400
2023-09-21,31.63982391357422,31.70403898781195,31.116924238488416,31.227010222432313,11579600
2023-09-22,31.33709716796875,31.7132155846724,31.309577417794692,31.474702917758208,9533600
2023-09-25,31.483875274658203,31.515982816626543,31.107756854689264,31.291230022848175,6382800
2023-09-26,31.649003982543945,31.745326618207795,31.44259883461569,31.483878464417355,8787800
2023-09-27,31.21784019470215,31.70404462830773,31.17197277629475,31.63065395928813,13115800
2023-09-28,30.960981369018555,31.3095800650222,30.667425677476505,31.21784172425288,11673200
2023-09-29,30.860071182250977,31.176562336294758,30.73622879558075,31.03437228132896,5633300
2023-10-02,30.35552215576172,30.850898694892376,30.172048974662232,30.841723111134478,7422000
2023-10-03,30.373870849609375,30.40597839492664,30.13535465628687,30.199569746921398,6157300
2023-10-04,30.529821395874023,30.53899698012565,30.172050598181755,30.447258634909648,5401300
2023-10-05,29.649152755737305,30.54725063743302,29.575765582793828,30.49312799107644,6681100
2023-10-06,29.383115768432617,29.54824127598499,28.548317896407617,29.47485410566157,10106300
2023-10-09,29.805105209350586,29.873904588152097,29.38495307213455,29.438158858263655,5565200
2023-10-10,29.786758422851562,30.105083289504726,29.644564870383356,29.988575772404733,6075600
2023-10-11,29.759233474731445,30.029857188614724,29.662910847591192,29.814276475722874,7981600
2023-10-12,28.263935089111328,29.667500192753945,28.144678746844665,29.667500192753945,13884100
2023-10-13,28.832700729370117,28.869394315787247,28.309804437384,28.337324189764363,9364200
2023-10-16,28.970304489135742,29.19047125491831,28.776740617018053,28.9886521570501,7099000
2023-10-17,28.90608787536621,29.080387211892457,28.699680996549578,28.896914041893268,6768600
2023-10-18,29.107908248901367,29.419811601845545,28.92902286259836,28.96113040630762,5653400
2023-10-19,28.851045608520508,29.19046868642041,28.809764234210544,29.13542743725038,6258700
2023-10-20,28.72261619567871,29.126256140782434,28.621707521700216,28.92443704309553,6693400
2023-10-23,28.54831886291504,28.89232976538572,28.534557236999856,28.7226164603613,5213200
2023-10-24,29.089561462402344,29.14460446733993,28.6675755895939,28.6675755895939,7251800
2023-10-25,29.428983688354492,29.461091228248357,28.906085717805052,28.997822295957395,6616600
2023-10-26,29.227169036865234,29.658330520288434,29.199647532690328,29.557420088043845,5876900
2023-10-27,28.841875076293945,29.300556287909238,28.763898360459763,29.144604605970837,6053700
2023-10-30,29.00699806213379,29.16478344731047,28.86480626903374,28.997824228734125,6628500
2023-10-31,28.860218048095703,29.080386546952376,28.50703509097721,29.00699763057675,10525700
2023-11-01,29.5390682220459,30.34451084954801,28.529969292150575,28.85104646298952,16109400
2023-11-02,30.740808486938477,30.91969735118019,29.52071847330875,29.704191629343274,11280800
2023-11-03,30.52064323425293,31.006844118982247,30.479360112260416,30.915109291491213,8384900
2023-11-06,30.53899574279785,30.713293342456275,30.25002434140058,30.57569107939749,6880300
2023-11-07,30.35552215576172,30.635317969559967,30.337174487705784,30.538995336861205,5879300
2023-11-08,30.428909301757812,30.58486273036614,30.153701280080607,30.36469421334846,5985500
2023-11-09,30.227096557617188,30.502304621224884,30.217920972469376,30.474784864702233,6038600
2023-11-10,30.17205238342285,30.291310489529973,30.04362219198146,30.153704713294044,6561800
2023-11-13,30.493125915527344,30.713290918831863,30.06655228473275,30.181222577962913,6532000
2023-11-14,30.805030822753906,31.286643979185286,30.713292483819494,31.11693067675148,9084800
2023-11-15,30.786680221557617,30.979325465774586,30.57568731130196,30.8050278875963,6432800
2023-11-16,31.01602554321289,31.089412719136174,30.754577386214923,30.96098253667542,6816800
2023-11-17,30.878419876098633,31.14445582603031,30.71329435541415,31.098588403497956,6461500
2023-11-20,30.997676849365234,31.08941169110094,30.772920538030927,30.78668391380519,6551800
2023-11-21,31.32792854309082,31.43801105540006,31.025197259915444,31.107760019012368,8677600
2023-11-22,31.81412696838379,31.84164671939443,31.382965538765436,31.46552829125704,7110900
2023-11-24,32.05263900756836,32.13520175842435,31.850821671722304,31.924208839450063,3984100
2023-11-27,32.006771087646484,32.55719058452876,31.956315879612454,32.55719058452876,8878100
2023-11-28,32.217769622802734,32.40124282043197,32.0342964251735,32.061819679467,10641500
2023-11-29,32.181068420410156,32.309498571548396,32.048050478314366,32.29115090717734,8116800
2023-11-30,32.58008575439453,32.728556522231536,32.153232739340936,32.162510613658476,23929000
2023-12-01,32.960540771484375,32.96981864536654,32.468732039819976,32.52440636275728,9401600
2023-12-04,33.23892593383789,33.38739670778725,32.6914392911829,32.6914392911829,7963400
2023-12-05,33.25748062133789,33.36883280143688,32.96053911452592,33.17396560130815,7660000
2023-12-06,33.59154510498047,33.823530908827266,33.26676285570149,33.3131628483288,8942500
2023-12-07,33.86992645263672,34.02303792862381,33.3827548617041,33.721455683752296,8693100
2023-12-08,33.619384765625,33.907048458096014,33.48019539687274,33.88848916763117,6113200
2023-12-11,34.12975311279297,34.176153109204634,33.916326580625714,34.12047523740428,11739600
2023-12-12,34.575164794921875,34.75147628228075,34.120474573446465,34.32462322625246,9353600
2023-12-13,34.94634246826172,35.05305749896828,34.40349651944513,34.47309297079092,7541700
2023-12-14,34.33390426635742,34.97418390942078,34.27358922238793,34.89066886555835,10242700
2023-12-15,33.95344161987305,34.463809668756184,33.78733899517879,34.33389818793019,14202800
2023-12-18,34.064796447753906,34.315341554370654,33.76785488579835,34.03695928251515,6447800
2023-12-19,33.86064529418945,33.92560102803758,33.563700245398266,33.92560102803758,7464500
2023-12-20,33.173973083496094,33.58690757016078,33.13685450181723,33.52195182213416,8456100
2023-12-21,33.368839263916016,33.47091359036779,33.118294155304206,33.16469415083514,6185100
2023-12-22,33.740020751953125,33.80033579533036,33.38740128801609,33.452357039290945,5806200
2023-12-26,33.86992645263672,33.91168219709373,33.57298491486788,33.7307335581353,4079600
2023-12-27,33.888484954833984,33.999837143957755,33.712177027069494,33.999837143957755,4385400
2023-12-28,34.09263610839844,34.203988305764874,33.87920604869752,33.88848746337453,5455900
2023-12-29,34.31533432006836,34.36173076562595,33.999833534526104,34.01839282071352,5537900
2024-01-02,35.37319564819336,35.55785757237788,34.31534091107987,34.357100197977815,11647900
2024-01-03,35.336082458496094,35.59590544898356,35.261845295600956,35.48919041227749,8913500
2024-01-04,35.05769729614258,35.40103887124931,34.978822963951636,35.23400879141977,7755400
2024-01-05,35.2061653137207,35.36855821286682,34.92314234183281,35.03913524703859,5629900
2024-01-08,35.49382781982422,35.55878356140673,35.09481195591883,35.131930533915245,7553800
2024-01-09,35.77220916748047,35.82788703306234,35.15327123137581,35.31751898794004,8108800
2024-01-10,35.15977096557617,35.69797977708301,35.02058159488571,35.69797977708301,7852100
2024-01-11,34.872108459472656,35.113372142975045,34.79787130158114,35.03913498508353,7661700
2024-01-12,34.964900970458984,35.090171748202,34.81643019618236,35.02057883824615,4958800
2024-01-16,34.89994430541992,35.066974364543725,34.73291424629612,35.02985578700013,8373600
2024-01-17,35.066978454589844,35.25256782413171,34.732918297379044,34.76075546387234,7680900
2024-01-18,34.343177795410156,35.04841664094311,34.194707018427835,35.04841664094311,10693500
2024-01-19,34.40814208984375,34.61228722553538,33.95344827796732,34.333904920630026,8786800
2024-01-22,34.11118698120117,34.42668777848409,33.758571149984164,34.42668777848409,9334500
2024-01-23,34.47309494018555,34.51949139712578,33.777137466613745,34.09263832955921,24754100
2024-01-24,34.166866302490234,34.48700782013442,34.12046985322263,34.47308923933636,6210900
2024-01-25,34.575164794921875,34.73291699204178,34.25966394050474,34.31534181122164,5129900
2024-01-26,34.52876663208008,34.74219314954208,34.40349585393895,34.67723740682854,6727000
2024-01-29,34.62156677246094,34.70508181340607,34.30606589998187,34.45453669057068,7089400
2024-01-30,34.6586799621582,34.760754288947226,34.52876846981679,34.63084279660581,5030000
2024-01-31,34.454532623291016,34.89994494247751,34.36173617773813,34.65867772386246,6270700
2024-02-01,35.03913497924805,35.03913497924805,34.12047315933991,34.62156335555663,8337700
2024-02-02,34.93706512451172,35.17832881437972,34.74219434981619,35.029858034501885,5809400
2024-02-05,34.538047790527344,34.853548627005964,34.49628850490832,34.81643004863849,5800800
2024-02-06,34.52876663208008,34.65867811750717,34.38029585733162,34.56588521072282,6116100
2024-02-07,33.777137756347656,34.67724035614195,33.76785634098634,34.640125314165054,7750800
2024-02-08,33.84209060668945,34.03695783471716,33.61938267478458,33.81424990281229,10685500
2024-02-09,33.37812042236328,33.75393631248065,33.220368226380685,33.69362127450584,8189300
2024-02-12,33.740020751953125,33.77713933548817,33.17397474242401,33.37812341204381,9648200
2024-02-13,33.526588439941406,33.98127862066075,33.23892477675606,33.804970688927874,9869400
2024-02-14,31.69853973388672,32.95126164441846,31.243846006019865,32.46873429297361,20793800
2024-02-15,32.45017623901367,32.63576205517548,31.763496683818314,31.782055973399004,10689100
2024-02-16,32.30170440673828,32.617205239655995,32.27386370336567,32.3944973117872,6404000
2024-02-20,33.05333709716797,33.1182928405454,32.478013281615375,32.478013281615375,8710400
2024-02-21,33.76785659790039,33.786415888941434,33.164695568269025,33.24821060804233,9722200
2024-02-22,33.786407470703125,33.851363203250976,33.32243592974877,33.48018809438066,6661000
2024-02-23,33.452354431152344,33.94973137634555,33.43379514083181,33.81425174284606,6194400
2024-02-26,33.368839263916016,33.545150751359145,33.28161449355611,33.31316493299517,7033800
2024-02-27,33.22037124633789,33.498753543576946,33.01622611626816,33.433797792215266,4807500
2024-02-28,32.97909927368164,33.30387794915527,32.94198069939263,33.285318662010766,4923000
2024-02-29,32.73783493041992,33.118291500445416,32.58008628569289,33.04405788522752,15251000
2024-03-01,32.5986442565918,32.79351147096109,32.45481065947158,32.76567430885755,6032400
2024-03-04,32.515132904052734,32.73783730568695,32.30170637756051,32.524410779194724,8826300
2024-03-05,32.5986442565918,32.82134863306464,32.4687327803456,32.6654548615692,8928700
2024-03-06,32.80279541015625,32.886310451730715,32.617209575388905,32.63576532700733,7355000
2024-03-07,32.38044357299805,33.07498219889712,32.29597270742027,33.06559455809074,6584100
2024-03-08,32.69955062866211,32.78777367359866,32.20211314758161,32.272502541821,5872800
2024-03-11,32.83095169067383,33.07498021227937,32.70893742987106,32.73709677026291,7694700
2024-03-12,32.47429275512695,32.76524870295086,32.44613699835974,32.70893360908115,6893400
2024-03-13,32.40858840942383,32.79339920503476,32.230262677913544,32.708928367933105,11161900
2024-03-14,32.21149826049805,32.474294888483534,31.990935270437852,32.3804399728703,9222600
2024-03-15,32.258426666259766,32.474295842782226,32.112950468683586,32.15518410784997,12259700
2024-03-18,32.77463150024414,32.88256786425606,32.17395151009561,32.258422357481194,8794100
2024-03-19,33.1031379699707,33.12190967125282,32.68078364196281,32.70893940371803,7909500
2024-03-20,33.17821502685547,33.49732672865605,32.87318478365065,33.140675211605895,9952100
2024-03-21,33.41286087036133,33.45979191202111,33.14068016254789,33.22515102506539,7424400
2024-03-22,33.64749526977539,33.736659935334266,33.38000485343387,33.50671291294755,8880300
2024-03-25,33.95722579956055,34.01823113469601,33.609958326657576,33.675657481522045,9047900
2024-03-26,34.135555267333984,34.39835549562611,33.98538524273954,34.05108440472862,10195600
2024-03-27,34.28572082519531,34.57667677633831,34.14024463979148,34.37957931604886,5229500
2024-03-28,34.632991790771484,34.70807500294538,34.39835093468315,34.39835093468315,7159100
2024-04-01,34.783164978027344,34.99903415573986,34.65176307911326,34.70807817864787,7825700
2024-04-02,35.0928840637207,35.30781516280134,34.848859161252996,34.90517067241124,8312600
2024-04-03,35.07411575317383,35.355684077157576,34.905174042716475,35.092887452150805,7458200
2024-04-04,34.96148681640625,35.383841064483576,34.90986554273373,35.31814191259769,8500400
2024-04-05,34.783164978027344,35.008418215494466,34.37019474211153,34.99903415573986,7251300
2024-04-08,34.773780822753906,34.83009592793207,34.44528499338798,34.604839087555426,4650900
2024-04-09,34.877017974853516,34.96148882933244,34.571984134772116,34.83009051799533,4089800
2024-04-10,34.55790710449219,34.8394754328921,34.35142199284233,34.73623287706717,5540900
2024-04-11,34.3326530456543,34.783163076293015,34.107396240167205,34.708076281018826,5785900
2024-04-12,33.73196792602539,34.31857006178892,33.6662687732467,34.257564728590225,6394500
2024-04-15,34.07924270629883,34.196563146320095,33.81738053397474,34.00415590612408,6992100
2024-04-16,34.342041015625,34.44528358071611,34.069856722264056,34.210642689267544,8695800
2024-04-17,34.632991790771484,34.670531606690766,34.22940923187273,34.56729263749358,6176100
2024-04-18,34.8300895690918,34.999031273447024,34.39835124922193,34.86763296568971,6769500
2024-04-19,35.458927154541016,35.50585819284366,34.71277090595815,34.99903305399367,9117800
2024-04-22,35.80619812011719,35.8812813365875,35.37445619915466,35.590325369468154,6973600
2024-04-23,35.731109619140625,35.90005132356068,35.62317682929942,35.712337920834464,5858100
2024-04-24,36.20038986206055,36.25670495468641,35.078806891358965,35.111656466973585,7250100
2024-04-25,36.0126838684082,36.566436528531526,35.74519338904653,36.38623463969652,6667900
2024-04-26,35.81557846069336,36.19100524506963,35.62317482944351,35.62317482944351,5342400
2024-04-29,36.275482177734375,36.28486623776713,35.81558446874255,35.8531278695451,6163000
2024-04-30,36.237937927246094,36.34118048686445,35.815583628959935,36.25670962720722,9607900
2024-05-01,34.051082611083984,35.38384464195012,33.66627171955969,34.9708744108168,15583100
2024-05-02,34.46405029296875,34.787852241668745,34.14493858357699,34.1543226425288,11373600
2024-05-03,34.116783142089844,34.49220998907118,33.98069457990326,34.435894887923254,7102900
2024-05-06,33.54426193237305,34.20125353508595,33.347160871223466,34.1730977750656,8570600
2024-05-07,33.60995864868164,33.839905692910456,33.36593014513088,33.62873034744212,7643400
2024-05-08,33.68503952026367,33.84459715846121,33.609956310779985,33.609956310779985,7764800
2024-05-09,33.51609802246094,33.760126510485705,33.35654396365147,33.70381141778724,5027100
2024-05-10,34.0135383605957,34.051078174624045,33.43162648896704,33.47855394175383,6267500
2024-05-13,34.24818420410156,34.39835422314082,34.03231144516793,34.06047078521856,8561700
2024-05-14,33.96660614013672,34.44527545070099,33.89152293436949,34.41711611574513,6140100
2024-05-15,33.64749526977539,34.069849500929145,33.6287271531331,33.96660695772099,6162600
2024-05-16,33.853981018066406,34.03700059175537,33.66626762495755,33.66626762495755,6293800
2024-05-17,33.78828811645508,33.86337491971952,33.450404662436796,33.74136065458273,6117600
2024-05-20,33.5817985534668,33.90560408419969,33.563026855129415,33.703812802492074,5756200
2024-05-21,33.713199615478516,33.891528974083414,33.50671807757089,33.75074301522014,6015000
2024-05-22,34.14493942260742,34.210638577890535,33.65688599740755,33.81644006585641,6486800
2024-05-23,33.60057067871094,34.03230900494993,33.516099825287185,33.96660985010206,5339700
2024-05-24,33.64749526977539,33.94783526074359,33.471045614589954,33.65688290843165,5700600
2024-05-28,32.89664840698242,33.58179930001909,32.85910500947304,33.5161001445454,7364100
2024-05-29,32.53061294555664,33.06090006965233,32.50245718437828,32.840340639862056,8276000
2024-05-30,32.52122497558594,32.70330651403273,32.436754121870045,32.586924130661025,6700300
2024-05-31,33.19698715209961,33.21575885013374,32.51183628536288,32.56815137946526,12422300
2024-06-03,32.94357681274414,33.30023193868692,32.85441571651011,33.196989382729626,6283600
2024-06-04,33.441017150878906,33.53487206493721,32.53530326690794,32.91542032328018,8646700
2024-06-05,32.53999328613281,33.48606828547422,32.408594975206356,33.47855674170518,9807200
2024-06-06,32.82484817504883,32.94828657137938,31.95129305547866,32.48302099882574,8800300
2024-06-07,32.6539421081543,33.100216982361516,32.48777708758537,32.739398921893425,8340200
2024-06-10,31.856342315673828,32.49726652573659,31.55249671057555,32.4545399353909,11162600
2024-06-11,31.951295852661133,32.069985653566825,31.53350543531294,31.647450252112595,6206600
2024-06-12,31.25814437866211,31.913314400981612,31.220166395004323,31.894323598090075,8227600
2024-06-13,30.89733123779297,31.172692457651937,30.640960821592422,31.077738439359827,11641700
2024-06-14,30.745407104492188,30.982786706795284,30.6219686970995,30.89732990508116,6188900
2024-06-17,31.25814437866211,31.28663239406206,30.39408276878628,30.61247519097631,10035900
2024-06-18,31.02076530456543,31.372089730860502,30.86884250096836,31.296126517999294,6080800
2024-06-20,30.992280960083008,31.0492533698195,30.73591054945682,30.849855368929806,7236600
2024-06-21,31.28663444519043,31.471790257864978,31.011273218398607,31.15370243836004,16326500
2024-06-24,31.533506393432617,31.694926411074107,31.258145177654733,31.429058785922013,7262400
2024-06-25,31.14420509338379,31.66643952748902,31.120469304907715,31.514516717165215,7926200
2024-06-26,30.688432693481445,30.859346285757184,30.57449150600597,30.830861894419574,7682900
2024-06-27,30.640958786010742,30.81187238545674,30.44156079403214,30.621967983613942,5689500
2024-06-28,30.59348487854004,30.82136727264117,30.403580468705538,30.76439848517856,9939000
2024-07-01,30.251657485961914,31.011271498672365,30.223171281336775,30.602978287691997,7760600
2024-07-02,30.38458824157715,30.38458824157715,30.118722442480816,30.33711304687472,5470600
2024-07-03,30.470046997070312,30.61247621244674,30.32761959275659,30.479540587770217,3805500
2024-07-05,30.470046997070312,30.583988196096207,30.223171984430596,30.574494605396303,5200000
2024-07-08,30.479541778564453,30.6314645905762,30.35610517295345,30.470048187493646,5870700
2024-07-09,30.3181209564209,30.470043746288926,30.166198166552874,30.384586950605346,7630900
2024-07-10,30.308626174926758,30.394081161293812,30.156703381954696,30.23266477844073,7116500
2024-07-11,30.55550193786621,30.60297713272038,29.985790544303235,30.175694945845095,7468000
2024-07-12,30.4510555267334,30.8213671320526,30.422571133132024,30.68843513241241,6250100
2024-07-15,30.65995216369629,30.906825371340457,30.356104733013566,30.451056941910494,6723800
2024-07-16,31.182186126708984,31.24865212861762,30.60297929111189,30.640960898524096,6193700
2024-07-17,32.18867492675781,32.321606922052794,31.3910793328627,31.419563725532992,12096700
2024-07-18,32.06523513793945,32.6729263028502,31.884827955270655,31.979778341491066,10013200
2024-07-19,31.448047637939453,32.0130122314404,31.33410644687314,31.960788430925597,6419100
2024-07-22,31.163192749023438,31.541099931822274,31.0397543461921,31.476535551104867,6321200
2024-07-23,31.14420509338379,31.310370101218336,30.98278869209466,31.191680292461445,5618900
2024-07-24,31.381582260131836,31.67403627320676,30.916320274530047,31.229659461672547,8162100
2024-07-25,31.60947036743164,32.39756880484682,31.467041149740414,31.580982350618115,6893100
2024-07-26,31.675933837890625,31.87533182901984,31.52401104148858,31.70441823030189,6048700
2024-07-29,31.7329044342041,31.808867647804117,31.32935982279883,31.59997243252946,7411500
2024-07-30,32.1317024230957,32.21715922297595,31.552495626365705,31.71391563597293,11644900
2024-07-31,33.43254089355469,33.869318473858904,32.61595451690976,32.843840519139206,21392100
2024-08-01,33.612953186035156,33.76487598685494,33.005258360630755,33.27112597865933,10258600
2024-08-02,34.2396354675293,34.44378207234682,33.606306856391384,34.00225586295661,15882100
2024-08-05,33.42304992675781,34.67641398207526,33.1239492989744,34.28711156522856,12773100
2024-08-06,33.062232971191406,33.87881943827965,33.033748576054776,33.59396462053679,7266500
2024-08-07,32.9197998046875,33.62244498486753,32.88182182310014,33.10021061125911,7907800
2024-08-08,33.43254089355469,33.53698849365463,32.81630512394016,32.87232491112097,6301200
2024-08-09,33.48951721191406,33.62244921952499,33.05273958058515,33.41355399492179,5109500
2024-08-12,32.445037841796875,33.252130551898034,32.345338857196836,33.21414895144332,8413300
2024-08-13,32.82484817504883,32.981519567838575,32.283623020070586,32.34059542348275,6624400
2024-08-14,32.74889373779297,33.26163096055864,32.72990293367194,32.824853332151555,6105000
2024-08-15,32.46403121948242,32.79636481665938,32.39756522447204,32.644442024903505,6176300
2024-08-16,32.8723258972168,33.071727513446085,32.31210989797786,32.492520711607916,11470400
2024-08-19,33.57497024536133,33.58446383535529,32.92929746201783,32.99576345835097,6546200
2024-08-20,33.508506774902344,33.64143877758905,33.24263914740351,33.570224169828194,5619700
2024-08-21,33.65093231201172,33.77437072378237,33.442040717621474,33.50850671885365,5890400
2024-08-22,33.72689437866211,33.82184477087058,33.48951477601566,33.75537877189959,6178900
2024-08-23,34.09720993041992,34.12094934228559,33.83134590372779,33.89781191040082,4385600
2024-08-26,34.1161994934082,34.48556212652615,34.05922708028023,34.18266549766139,5876100
2024-08-27,33.935791015625,34.3535778298924,33.805706002684474,34.23013941712857,4753600
2024-08-28,33.603458404541016,33.94528563664593,33.48001998803078,33.8408380243777,6563500
2024-08-29,33.480018615722656,33.67942024102764,33.21890321788045,33.64143863410046,7532600
2024-08-30,34.02745819091797,34.06587561877518,33.42239652507336,33.42239652507336,9320200
2024-09-03,34.18112564086914,34.243551215932314,33.30234617694502,33.931419676928726,8673800
2024-09-04,34.642120361328125,34.67093159869679,34.152311007624036,34.152311007624036,7428400
2024-09-05,34.699745178222656,35.083908428694414,34.622910329915975,34.75736765076545,7691300
2024-09-06,34.42122268676758,34.83900391096823,34.41162016303647,34.76697216008025,5831900
2024-09-09,34.6229133605957,34.77657940697284,34.30597874280615,34.440436075425204,6559000
2024-09-10,34.1138916015625,34.718953196989766,33.96502866555,34.632515826214444,4669300
2024-09-11,33.76814270019531,34.104286001397334,33.52323620149829,34.104286001397334,6414500
2024-09-12,33.80656051635742,33.82576922860422,33.369570556039044,33.68170571859685,4608800
2024-09-13,34.18112564086914,34.200334355585746,33.825773577831264,33.90260477300996,5126800
2024-09-16,34.219539642333984,34.50766300684463,34.056267415442626,34.373205680985485,5390300
2024-09-17,33.65289306640625,34.42410286357754,33.62407816740457,34.17151728419131,7139600
2024-09-18,33.74893569946289,34.23874872169365,33.48962356952085,33.50883228251886,5392600
2024-09-19,33.60487365722656,33.85457958255069,33.480018862720925,33.72012226401561,7115400
2024-09-20,33.5760612487793,33.96983070956894,33.39358396918468,33.68170733937681,36463900
2024-09-23,33.30714416503906,33.672102361325294,33.15347813455336,33.51843633083959,7264400
2024-09-24,33.32635498046875,33.50402916411891,33.18229146493155,33.28793755450051,5001500
2024-09-25,33.15347671508789,33.47041128653198,33.06703934766005,33.37437139547304,6158300
2024-09-26,33.422393798828125,33.451208699214405,33.13427044077622,33.191896577861506,6024600
2024-09-27,33.969825744628906,34.32518139082587,33.54724510768955,33.56645381805318,8654200
2024-09-30,33.720123291015625,34.09948711625782,33.523236737387656,33.96982922394494,4977700
2024-10-01,33.777748107910156,33.883394201217385,33.48002220533981,33.758543057933856,6149800
2024-10-02,33.00941467285156,33.62600223138829,32.8317405001759,33.62407879562751,8097000
2024-10-03,32.81732940673828,32.86535301542462,32.56858338051316,32.721289516739525,6316400
2024-10-04,33.220706939697266,33.268726887493436,32.7097654626543,32.81733131809763,4808400
2024-10-07,33.220706939697266,33.31194740509101,33.02574382670624,33.25912436340907,5087500
2024-10-08,33.28793716430664,33.37437453987828,32.81733286093053,33.182291075976046,4695800
2024-10-09,33.29753875732422,33.55685087678473,33.115061486750044,33.30714494527864,4149000
2024-10-10,33.451210021972656,33.609675493770666,33.28313469808286,33.36477264477037,4226000
2024-10-11,33.82577133178711,33.90260252186419,33.50019041678165,33.60487662274524,5008400
2024-10-14,33.96022415161133,33.97943286250118,33.595265972078174,33.825766839069374,3823300
2024-10-15,34.305973052978516,34.82459358368069,34.02745224521175,34.04666095578397,5578800
2024-10-16,34.39241409301758,34.46924527982777,34.15231068074384,34.28676800542716,5026100
2024-10-17,34.52687454223633,34.53647706757384,34.29637363357177,34.45964587381076,5701300
2024-10-18,34.574893951416016,34.680540046902024,34.17152194721954,34.19072699759191,5503700
2024-10-21,34.0850830078125,34.87262192983579,33.883393351245616,34.594101084228484,8775500
2024-10-22,34.22914505004883,34.57489458205945,33.92181294685887,34.008250329861525,7665500
2024-10-23,34.09468460083008,34.18112197594306,33.715320769150196,33.96982980040304,5858100
2024-10-24,33.643287658691406,34.30597539578461,33.61447642270898,34.01784838121164,7983200
2024-10-25,33.36477279663086,33.70091611856559,33.23031180416954,33.52804136337418,7532900
2024-10-28,33.73933410644531,33.77774786981465,33.480021969342936,33.50883320779181,7061400
2024-10-29,33.422393798828125,33.676902826168764,33.39358256212911,33.54724859733595,7665100
2024-10-30,32.39475631713867,32.55802856464154,31.722465939285577,32.54842237518899,14145600
2024-10-31,32.135440826416016,32.67327380568995,32.12583830164659,32.173858252868605,10352700
2024-11-01,32.16425323486328,32.289104365625114,32.00098101693966,32.18345828291345,5676500
2024-11-04,32.0586051940918,32.36593723574349,31.93855350083139,32.17385379378945,7130700
2024-11-05,32.1834602355957,32.27470070596205,31.712859592383495,32.07781781016149,7837500
2024-11-06,32.097023010253906,32.730899547963034,32.049003059614925,32.38515004146256,11607400
2024-11-07,31.520774841308594,32.164253874398234,31.49196360497333,32.049001601682725,8671100
2024-11-08,31.693649291992188,31.78008666388147,31.280671144486405,31.511172024086893,7751500
2024-11-11,31.24225616455078,31.817546690666926,31.22304745110753,31.645631819484162,8029800
2024-11-12,30.73323631286621,31.271069267268786,30.675612007695804,31.242254366918132,10450200
2024-11-13,30.858091354370117,30.877300066859487,30.531550569425402,30.6660078931637,7686100
2024-11-14,30.531551361083984,31.09819557130752,30.488332672784097,30.877300867483076,11067300
2024-11-15,29.90728187561035,30.56996783806553,29.196575961143477,30.56996783806553,17403500
2024-11-18,29.840051651000977,30.15698808051293,29.710395589131046,29.979312069140203,10885500
2024-11-19,29.369447708129883,29.69598847749219,29.254197270537013,29.503905025451928,14515400
2024-11-20,29.657573699951172,29.78146861835689,29.355044708989464,29.36945032803229,11972200
2024-11-21,29.85926055908203,29.916884865231488,29.484699821345068,29.580739720979604,14034400
2024-11-22,30.550758361816406,30.574768337222842,29.82084375202984,29.9264898420306,12404100
2024-11-25,30.752445220947266,31.19903771050871,30.646799134259375,30.733236508486986,17343700
2024-11-26,30.704423904418945,30.83407996772233,30.555560960208286,30.694819548043473,8526900
2024-11-27,30.666006088256836,31.069378035730505,30.62951026941252,30.867692061993672,6704000
2024-11-29,31.093950271606445,31.244703594913748,30.724363932479026,30.83135028160569,5883800
2024-12-02,30.743816375732422,30.996692020782994,30.54929607797566,30.870253270716187,13137000
2024-12-03,30.58820152282715,30.860527719313954,30.44231036889998,30.6951860192685,13276000
2024-12-04,30.150529861450195,30.461760840626084,30.08244831664084,30.393679295816728,9816800
2024-12-05,30.062997817993164,30.189436570706786,29.790669766449504,30.072724018592908,10090200
2024-12-06,29.965736389160156,30.1894352832483,29.83443546928766,30.101901336666636,11873000
2024-12-09,30.850801467895508,31.424636171892107,29.907382272180218,30.014368623528426,13818500
2024-12-10,30.724363327026367,31.035594312807525,30.452035286926353,30.71463712683533,12112200
2024-12-11,30.432586669921875,30.938336126320465,30.403408067499925,30.714639073001557,9497600
2024-12-12,30.68545913696289,30.85080083333513,30.286694196609204,30.588200843282902,9055600
2024-12-13,30.821624755859375,31.10854118063855,30.48121515534599,30.656283055900477,7352700
2024-12-16,30.12135124206543,30.77299179995069,30.082448297235022,30.7146364551636,12778800
2024-12-17,30.393680572509766,30.588200870207043,29.926834084135944,29.965737030625576,11668000
2024-12-18,29.46971321105957,29.956012121176613,29.265468559250312,29.90738297219816,19036400
2024-12-19,29.27519416809082,29.635054315454177,29.226563165012607,29.36272811854852,13772400
2024-12-20,29.683685302734375,29.829574601725202,29.187660202099096,29.20711260332003,20432000
2024-12-23,29.625328063964844,29.72258821487117,29.41622124387841,29.576698916053225,7712900
2024-12-24,29.800395965576172,29.834436740132062,29.42594559037831,29.54752031524451,4005700
2024-12-26,29.712862014770508,29.88792991538821,29.60587751834653,29.68368526805628,6380000
2024-12-27,29.83930015563965,29.984217387953617,29.53779536358193,29.605876911296605,6861700
2024-12-30,29.5280704498291,29.800396652554053,29.323823942702262,29.780946105990218,7009800
2024-12-31,29.86847686767578,29.907381669230084,29.5572458755735,29.586424476739232,6199500
