Price,Close,High,Low,Open,Volume
Ticker,KR,KR,KR,KR,KR
Date,,,,,
2015-01-02,25.824434280395508,26.300029139559232,25.70248699989023,26.06020036659701,7742600
2015-01-05,25.641517639160156,25.861022153809888,25.556153135561022,25.783789227418687,6878200
2015-01-06,25.641517639160156,25.77972343881472,25.35697291199908,25.72281480351131,10672400
2015-01-07,26.41791343688965,26.438239276808698,25.690293956717696,25.836631320529133,10413400
2015-01-08,26.90976905822754,26.926029110320897,26.527668688541056,26.564251479785238,11418400
2015-01-09,26.7634334564209,26.930096675407714,26.665876238712144,26.901642357688996,7147400
2015-01-12,26.828466415405273,26.966672178018296,26.543923315150703,26.783752056609956,11413200
2015-01-13,26.828466415405273,27.108946829432778,26.60896040894295,26.94634944302137,6591800
2015-01-14,26.72684669494629,26.80814384741969,26.5723808647318,26.6943265934419,7137000
2015-01-15,27.076435089111328,27.194318153112363,26.75124021591619,26.89351491124416,9380000
2015-01-16,27.1292781829834,27.226838506595975,26.98700658765862,27.047981014594434,10239000
2015-01-20,26.991069793701172,27.37317017011211,26.917901108637306,27.328458902678307,12831800
2015-01-21,27.234956741333008,27.243085214599954,26.934153609863724,27.003256487137328,6253400
2015-01-22,27.519508361816406,27.523574150354637,27.133342185459885,27.287808035744895,6080000
2015-01-23,27.625200271606445,27.848772147113955,27.543903099397344,27.547965787105973,3898600
2015-01-26,28.015424728393555,28.02761899080887,27.604870087736256,27.617064350151573,6893800
2015-01-27,28.1861572265625,28.279651762523773,27.787796754733613,27.812185285293847,6889600
2015-01-28,27.999170303344727,28.47883102953583,27.905678871852427,28.356885279595247,10249400
2015-01-29,28.1861572265625,28.190223015418614,27.812185285293847,27.942262617095476,7717800
2015-01-30,28.068273544311523,28.25932217721361,27.995104861032157,27.99916754806204,14230800
2015-02-02,28.324365615844727,28.34875414595702,27.77560197930097,28.052016691963566,9197400
2015-02-03,28.657678604125977,28.75930157789947,28.336549634847284,28.43817260862078,10796400
2015-02-04,29.00320053100586,29.108889308256742,28.62516288669262,28.67800882596182,11593400
2015-02-05,29.084505081176758,29.12515366265314,29.003204816936016,29.084505081176754,6892400
2015-02-06,29.1495418548584,29.23084211816083,28.9788159538552,29.12515332651164,7505200
2015-02-09,28.799964904785156,29.15361415119666,28.657693288857065,29.084511237929963,10435000
2015-02-10,29.141414642333984,29.157674695699278,28.79589393557562,28.966622945267165,6534400
2015-02-11,29.224960327148438,29.261640879467173,29.04971639994352,29.1964323905947,6531800
2015-02-12,29.52654457092285,29.534697187448824,29.23311567154361,29.335001612933013,5597400
2015-02-13,29.693628311157227,29.70993042902471,29.469478077118133,29.526533934998803,5152200
2015-02-17,29.852575302124023,29.930009598228697,29.48986166665202,29.571369160953655,6978800
2015-02-18,29.92593765258789,29.995219343773623,29.76291953091224,29.787371160904367,4536200
2015-02-19,29.52246856689453,29.877029619281227,29.457260078131256,29.877029619281227,7801800
2015-02-20,29.665115356445312,29.71809493427415,29.49802089594167,29.579531526423676,6520400
2015-02-23,29.807754516601562,29.840358768185606,29.669191111338236,29.68141692835411,6536600
2015-02-24,29.718082427978516,29.856648886828527,29.616196514737247,29.824044648356605,6431000
2015-02-25,29.485774993896484,29.917773267905638,29.375739604339273,29.665095149496906,12902200
2015-02-26,29.37982177734375,29.498009815161442,29.318692714085856,29.46540868452772,8486200
2015-02-27,28.996734619140625,29.387976194545885,28.890772387475142,29.33906983162836,13247800
2015-03-02,28.911149978637695,29.139373447019267,28.813337255635687,28.943751110326808,12160000
2015-03-03,28.519914627075195,28.821496148746185,28.369122311583585,28.75221445351176,13231600
2015-03-04,28.38541603088379,28.39764184297432,28.15311627322979,28.316134356163246,11984200
2015-03-05,30.284570693969727,30.553551022594682,29.587671355229986,29.95446129912238,28449000
2015-03-06,30.30088233947754,30.435372546065516,30.076735104476832,30.097110429851853,14316600
2015-03-09,30.594295501708984,30.712483509454795,30.325318363878708,30.3619957925012,9583400
2015-03-10,30.15822982788086,30.525019731433556,30.14600401598098,30.500564998322535,8069000
2015-03-11,30.447589874267578,30.472041501625444,30.174536337732377,30.349780255524408,8474800
2015-03-12,31.091506958007812,31.14856282306398,30.557625745277335,30.557625745277335,12088200
2015-03-13,31.11595344543457,31.283047815017003,30.908105337442816,31.095578130885375,7247000
2015-03-16,31.401241302490234,31.63354107212811,31.274900649310705,31.27897695665494,9181400
2015-03-17,30.973318099975586,31.3075037761555,30.93256435591684,31.266750032096752,7927000
2015-03-18,30.891807556152344,31.026294587312105,30.488337134739893,30.9814645404885,10171800
2015-03-19,31.136333465576172,31.16893770169954,30.867353181525026,31.067051795797337,6903000
2015-03-20,31.311580657958984,31.40531396008308,31.115958329851185,31.152638876695143,10268800
2015-03-23,31.356416702270508,31.682449832340076,31.238228643227483,31.238228643227483,5295000
2015-03-24,31.450138092041016,31.58462822296696,31.278970530486635,31.380856427980074,6394600
2015-03-25,30.940715789794922,31.605013985678035,30.91218785624428,31.605013985678035,7538600
2015-03-26,31.0100040435791,31.274908116597175,30.66766876840169,30.769554711153855,6642600
2015-03-27,31.107818603515625,31.291212067451823,30.977404713551298,30.98963052990539,4995400
2015-03-30,31.478668212890625,31.5683283064235,31.07520090130374,31.22599315945549,4760600
2015-03-31,31.242300033569336,31.57240941973093,31.238223726157894,31.389012897954412,4677400
2015-04-01,31.28711700439453,31.33194704369524,30.76953806334614,31.270817998567484,7851600
2015-04-02,31.433835983276367,31.572402420744137,31.20153626130499,31.20153626130499,4526800
2015-04-06,31.368640899658203,31.609090204087035,31.15671642219402,31.262678660926113,5562800
2015-04-07,31.120037078857422,31.48275072192496,31.1159607712635,31.433844358732873,4660400
2015-04-08,31.340110778808594,31.352336592173195,30.965171325506446,31.17301637132798,4771400
2015-04-09,31.303434371948242,31.519432061471356,31.25453111201821,31.34826443309214,4528000
2015-04-10,31.409395217895508,31.490902720355425,31.140417972328244,31.23007498130939,3832600
2015-04-13,31.107818603515625,31.56834197229007,31.095592787161532,31.368646383444283,5316600
2015-04-14,30.65544319152832,31.27083516115194,30.59838731188769,31.189324540728013,7363200
2015-04-15,30.121564865112305,30.765481729862863,30.109335938837326,30.69212371877577,10180000
2015-04-16,29.901477813720703,30.17045499772777,29.636573827386066,30.035964851068638,10875400
2015-04-17,29.277931213378906,29.771061713688315,29.171972114338917,29.75068328962857,11050000
2015-04-20,29.049724578857422,29.54285225487542,29.02934925233204,29.48172005667375,11356400
2015-04-21,29.27385711669922,29.424646256589515,29.07823482339259,29.102689553375214,9568400
2015-04-22,28.687009811401367,29.36353405852186,28.36504981408275,29.31462767979699,14504000
2015-04-23,28.90706443786621,29.02525244175908,28.666612123929536,28.666612123929536,9221800
2015-04-24,29.22087860107422,29.298312889924297,29.07008943981204,29.094541063949407,7126400
2015-04-27,28.75221824645996,29.424663073744256,28.68700974165201,29.286099664996325,8193000
2015-04-28,28.291683197021484,28.825567563811898,28.279457383386355,28.646247338998776,11792200
2015-04-29,28.034929275512695,28.26315273445572,27.778177884201792,28.214249484288747,14043400
2015-04-30,28.083833694458008,28.39356462181853,27.9045134980726,28.00639940796227,13400400
2015-05-01,28.58104705810547,28.744065208429177,28.140902094337832,28.140902094337832,10484000
2015-05-04,28.532142639160156,28.764442483478916,28.44655881328614,28.556594272463457,5367600
2015-05-05,27.79856300354004,28.37727446951517,27.753732935539322,28.348746527088583,8429000
2015-05-06,28.446556091308594,28.479157229489317,27.912671643876966,28.05531134001817,11625000
2015-05-07,28.792957305908203,28.79703361270554,28.091981783697143,28.30390309749276,11486000
2015-05-08,29.257564544677734,29.485788036897734,28.93560462711773,28.947830441442104,12132600
2015-05-11,29.277931213378906,29.640647883914436,29.224951663858914,29.302385944112796,9477000
2015-05-12,29.07416534423828,29.32276724381573,29.017109476398698,29.196429694929734,7226200
2015-05-13,29.10481834411621,29.313203810610958,29.043527217395788,29.194708463590466,7076200
2015-05-14,29.599225997924805,29.63191189485555,29.019006904511304,29.300944197636372,8311400
2015-05-15,29.868898391723633,29.872985297291407,29.607392548506116,29.65233915756496,7296800
2015-05-18,29.86481285095215,30.003739590045285,29.717718535141316,29.75857824049964,6387800
2015-05-19,30.020078659057617,30.130400155285535,29.742228348585485,29.934272358125874,5979600
2015-05-20,30.13857078552246,30.220290172817933,29.74631211519354,29.85663359978191,6719000
2015-05-21,30.257083892822266,30.38783685991136,29.966972727115344,30.114070204765156,6274200
2015-05-22,30.408262252807617,30.453208873203195,30.134498741231884,30.29794071381614,7810800
2015-05-26,30.33062171936035,30.457287733888478,30.224383997635993,30.371481422363406,5628000
2015-05-27,30.314281463623047,30.48998101681874,30.154926417398574,30.244816529646368,6850000
2015-05-28,30.212121963500977,30.314272764711195,30.167175361576877,30.232550253305988,8964800
2015-05-29,29.746322631835938,30.27750507184264,29.746322631835938,30.27750507184264,6133400
2015-06-01,29.823949813842773,29.917929931324153,29.680939302367058,29.90567233282557,5930600
2015-06-02,29.542007446289062,29.811683890134095,29.44394045089589,29.701362417059872,4637800
2015-06-03,29.660507202148438,29.713627617598323,29.333626486019977,29.57061710945492,4986200
2015-06-04,29.501148223876953,29.70136602575179,29.333622541833048,29.591041421878742,4920200
2015-06-05,29.014925003051758,29.45213046657297,28.986322893004434,29.439872864752147,6111600
2015-06-08,28.8841609954834,29.121148480539507,28.867816493514876,29.088462593997455,4816600
2015-06-09,28.888246536254883,29.10072195734655,28.7002894283016,28.83512923967956,5260000
2015-06-10,29.129331588745117,29.170191298011968,28.892340910643004,28.904598511683457,5462600
2015-06-11,29.329538345336914,29.586960366546645,29.17427024552107,29.313193842609696,4870000
2015-06-12,29.27643585205078,29.403101915486722,29.05170272266761,29.194713297094758,3816800
2015-06-15,29.313203811645508,29.480732683527492,28.925031871396147,29.047611007445113,6076200
2015-06-16,29.56243896484375,29.63598766073371,29.190611698185204,29.284588682303323,6143800
2015-06-17,29.791271209716797,29.856646123496475,29.586969538386615,29.66460205366273,10727000
2015-06-18,30.04868507385254,30.657503077819552,29.815781332912433,30.551265353956964,17429000
2015-06-19,30.216209411621094,30.428684849620296,29.975134987909215,30.032339194125438,8856200
2015-06-22,30.35514259338379,30.4818086315955,30.203958234869486,30.35514259338379,5238000
2015-06-23,30.01190757751465,30.379651127365758,29.942445772930384,30.36739352860329,7117600
2015-06-24,29.80352210998535,30.073198634459295,29.779003795109244,30.048683436978592,6861400
2015-06-25,29.8076114654541,30.36739914585244,29.607396708042838,29.823955972625875,10389000
2015-06-26,29.87298583984375,30.224384907561056,29.803524030907813,29.905674850188525,17716400
2015-06-29,29.693193435668945,30.05685002986646,29.607387138797115,29.81577564114012,6720400
2015-06-30,29.627809524536133,29.95469011060685,29.619635717382796,29.840281749612398,7073600
2015-07-01,29.922027587890625,30.02009152850994,29.680949967014076,29.86482024534985,6849600
2015-07-02,29.87298583984375,30.114060276996344,29.770835020563037,30.00373876382724,3868200
2015-07-06,30.060943603515625,30.15900751921043,29.729975939673363,29.742233539460752,5766600
2015-07-07,30.804601669311523,30.890407985805385,30.032341703471065,30.195783642343244,9252000
2015-07-08,30.70654296875,30.89450013929086,30.461381577496546,30.67385395194388,7201400
2015-07-09,30.87815284729004,31.156003230302016,30.853637645593555,31.033420987027696,7666400
2015-07-10,31.192777633666992,31.388908609492198,31.037509485960943,31.053853993729383,4920200
2015-07-13,31.4420223236084,31.580949065043956,31.241807581799836,31.446109229431848,5120200
2015-07-14,31.21728515625,31.462446453185425,31.15190714778987,31.388897752365295,4073500
2015-07-15,31.323532104492188,31.560519661604722,31.1192304438599,31.1192304438599,5212100
2015-07-16,31.53600311279297,31.61772252659675,31.31535695464778,31.339872155309752,4231800
2015-07-17,31.642230987548828,31.683090681722213,31.462444592312124,31.53599328878215,4424600
2015-07-20,32.009979248046875,32.148905983377695,31.642238792385154,31.740302706068572,5143500
2015-07-21,31.83837127685547,32.132566178334194,31.666758623458236,32.04267294539391,5365400
2015-07-22,31.87923812866211,32.116228865432355,31.674936414356054,31.830207712362586,4138700
2015-07-23,31.60135841369629,32.09985463384284,31.56049873214527,31.977275589189773,4612100
2015-07-24,31.348039627075195,31.805673239654574,31.323524431371354,31.58503024352962,4367600
2015-07-27,31.21728515625,31.388897752365295,30.555346848868822,31.19276684437994,5173900
2015-07-28,31.642230987548828,31.764810070068982,31.28265819707542,31.470615284188863,4573100
2015-07-29,31.707603454589844,31.87104533620314,31.58502438142582,31.691258954689054,4499000
2015-07-30,31.87104606628418,31.92825025855004,31.20910783341466,31.50330260357889,4466600
2015-07-31,32.067195892333984,32.083537284866374,31.74848262481507,31.960958136494344,5008300
2015-08-03,32.197933197021484,32.197933197021484,31.887393894175652,32.0590064888819,4273800
2015-08-04,31.51148796081543,32.09170390494781,31.258152789799013,32.07535939868264,8692200
2015-08-05,31.936431884765625,32.009977477914454,31.470621306388306,31.707611942297106,7534800
2015-08-06,31.642230987548828,31.993629968750653,31.36438070281703,31.960940966454007,6630000
2015-08-07,30.90675926208496,31.59321306181097,30.6534240454659,31.56052404339631,9152100
2015-08-10,30.677942276000977,31.249987626957022,30.55536001601169,31.11923467108676,8510900
2015-08-11,30.555360794067383,30.923104466003018,30.408263325293127,30.55536079406738,6218300
2015-08-12,30.977397918701172,32.313196667750034,30.395548061411773,30.420132297975552,9703100
2015-08-13,31.313398361206055,31.32159519145343,30.879060143338364,31.01018129172341,6596800
2015-08-14,31.428133010864258,31.436329842164163,31.11672219732167,31.15769697529568,4164200
2015-08-17,31.673974990844727,31.690362394399216,31.16587794778652,31.296999059439695,4261800
2015-08-18,31.632997512817383,31.739534394343682,31.501876399467296,31.575632221112592,4157100
2015-08-19,30.616823196411133,31.5100871527987,30.444727245242277,31.493696615614716,8805900
2015-08-20,30.05955696105957,30.92003982945903,30.026775887210476,30.461114174097528,8090600
2015-08-21,28.625410079956055,29.73174445131033,28.609019547454768,29.444917947973867,12100000
2015-08-24,27.67477798461914,28.182871930666668,22.38895220151833,24.585233292399987,14379900
2015-08-25,27.584636688232422,28.83848281573287,27.584636688232422,28.83848281573287,8657900
2015-08-26,28.748340606689453,28.80570591353472,27.6829777625922,28.182878116107887,10216400
2015-08-27,29.117116928100586,29.502286671127347,28.543463854879608,29.199069600114147,9008700
2015-08-28,28.63361358642578,29.13351405725576,28.436933381421674,29.092539275061192,7224600
2015-08-31,28.273025512695312,28.715560575349905,28.13371065566046,28.576242592140183,7900600
2015-09-01,27.740341186523438,27.928830754706475,27.560051574179187,27.846878088936773,8431100
2015-09-02,28.395944595336914,28.641796293434307,28.027165485103847,28.117311837180146,7550600
2015-09-03,28.33038902282715,28.71555875210883,28.199267878459402,28.4779007010127,5743000
2015-09-04,27.920631408691406,28.158289428742755,27.78951028145174,28.10911783371253,5895000
2015-09-08,28.723756790161133,28.74014732645216,28.24844374242186,28.40414914792392,8393400
2015-09-09,28.19108009338379,28.98600083030626,28.19108009338379,28.969610293047246,7978400
2015-09-10,29.010581970214844,29.182677885219547,28.11731820153729,28.215658277800742,13536200
2015-09-11,30.55946159362793,30.936434616151853,29.57605112628995,30.65780170250902,18439300
2015-09-14,30.665992736816406,30.91184767685921,30.411947217162798,30.54306839297043,8572100
2015-09-15,30.452917098999023,30.72335623906609,30.108725240195405,30.67418463373346,8286200
2015-09-16,30.469310760498047,30.649603539042197,30.280824276645184,30.649603539042197,5448600
2015-09-17,30.731544494628906,31.10032365379933,30.370962164648034,30.52666753133138,5021800
2015-09-18,30.100521087646484,30.82168882622744,29.99398419842819,30.53485922082037,10157300
2015-09-21,30.043163299560547,30.42833306179047,29.805505228134642,30.370967751608347,6190200
2015-09-22,29.83829116821289,29.879265949862255,29.379365485683834,29.80551009242322,6105200
2015-09-23,29.813705444335938,29.928436077728456,29.46131671253018,29.887461298113315,5020500
2015-09-24,29.46950340270996,29.756333044086194,29.248235894051,29.535065535427233,6556800
2015-09-25,29.592432022094727,30.108722896282714,29.3957487422506,29.682578395099338,4302100
2015-09-28,29.297401428222656,29.494084659481086,29.141696084516244,29.403938308744884,6347800
2015-09-29,29.18268585205078,29.64160841734853,28.92044349297335,29.29741649337522,6487800
2015-09-30,29.559640884399414,29.70715251248634,29.207252342433275,29.485885070355952,7100900
2015-10-01,30.05955696105957,30.157897056431583,29.248242577258488,29.60063130569807,7629200
2015-10-02,30.436527252197266,30.452917787678807,29.321995848852456,29.789115168463884,5472900
2015-10-05,31.198665618896484,31.223249855612032,30.32179241273041,30.502085151776555,6246500
2015-10-06,30.428321838378906,31.215048481701515,30.35456602018155,31.16587689417868,5122500
2015-10-07,30.739728927612305,30.97738688364992,30.420121461438544,30.608607835690417,3564200
2015-10-08,31.14130973815918,31.190481352642614,30.600434483543435,30.723361956664263,7381300
2015-10-09,31.165889739990234,31.428132062520927,30.928234784442164,31.1740865710428,5881700
2015-10-12,31.30519676208496,31.469098937774472,30.96919870869976,31.157685116581803,5285900
2015-10-13,30.68238639831543,31.45272612001647,30.600436827408217,31.272433312609717,6425000
2015-10-14,29.772727966308594,30.797112994719843,29.379361364364662,30.715160316741937,14507400
2015-10-15,30.37916374206543,30.387360573379627,29.74814215640478,30.026775023759154,14991400
2015-10-16,30.739728927612305,30.76431628159189,30.23163508718667,30.46109621650662,6135500
2015-10-19,31.001995086669922,31.18228475545008,30.60862842018923,30.731555894236386,5977800
2015-10-20,30.911842346191406,31.133109878367655,30.797111727916658,31.083938273603525,9169500
2015-10-21,31.20686149597168,31.223248902498764,30.895447626991174,31.018371932991098,6253700
2015-10-22,31.37895965576172,31.559249276090004,31.215057443138537,31.3543722918547,13418900
2015-10-23,30.99379539489746,31.55925484575793,30.879064763665646,31.551061140459332,9870300
2015-10-26,30.77252197265625,31.12491063066216,30.723353497885427,31.059351622242847,5738800
2015-10-27,30.31359100341797,30.60041744610244,29.666179174303007,30.51846792709938,8212800
2015-10-28,30.895442962646484,30.952808255354125,30.1660815615002,30.46110172706493,10635800
2015-10-29,30.854469299316406,30.985590419629748,30.756126114450826,30.89544406325668,5910000
2015-10-30,30.977397918701172,31.092128524231526,30.625009272472486,30.77252094420424,6503300
2015-11-02,31.30519676208496,31.313390464091146,30.77251547263755,30.977392410705942,6024100
2015-11-03,30.944616317749023,31.26422701842769,30.870860483157713,31.108518519749097,4939300
2015-11-04,30.329988479614258,31.133109038214375,30.223454694762545,31.083937434777184,6064500
2015-11-05,30.37916374206543,30.48570066592377,30.067749801804613,30.47750383460957,7525200
2015-11-06,30.788909912109375,30.797106741330296,30.215253787445636,30.362765451678438,9655000
2015-11-09,30.485689163208008,30.731540864892345,30.264421693839903,30.60861345096318,6826800
2015-11-10,30.6295166015625,30.744571969868836,30.432276588020446,30.530898162303302,4597700
2015-11-11,30.43227767944336,30.81853768834489,30.25969462079433,30.761010002128547,7531700
2015-11-12,30.004926681518555,30.60486363602497,29.99670978427578,30.399406719694312,23727000
2015-11-13,29.62688446044922,30.136416696490663,29.585793707304884,29.955616755650897,10345200
2015-11-16,30.029569625854492,30.078877256342448,29.602219063165954,29.62687287840993,15024100
2015-11-17,30.42406463623047,30.514466193172073,29.9309660897374,30.144643067058315,7165200
2015-11-18,30.85141372680664,30.876067555491133,30.36653524085969,30.4240629311395,7738400
2015-11-19,30.670602798461914,31.023988882896766,30.46514591844273,30.85962275187678,4862400
2015-11-20,30.662385940551758,30.991115067974647,30.53089366257796,30.777441291900928,6591000
2015-11-23,30.61307716369629,30.719915626235203,30.43227409401865,30.64595101909648,4246900
2015-11-24,30.506237030029297,30.670603163002887,30.42405553105412,30.42405553105412,8125700
2015-11-25,30.547319412231445,30.73634245114044,30.498011780361594,30.50622867399911,5036500
2015-11-27,31.23766326904297,31.36915554942348,30.604858825040257,30.711694147520934,4311600
2015-11-30,30.950021743774414,31.43490006627606,30.826746371858274,31.270533948728854,10115100
2015-12-01,31.393808364868164,31.517080598008373,31.106166884161993,31.23765914719192,10858200
2015-12-02,31.319849014282227,31.508868978092963,31.14726597797982,31.426687475574685,10442400
2015-12-03,32.79913330078125,33.144302458905884,31.52530138429843,31.82115976697014,15217500
2015-12-04,33.32511520385742,33.34977216859431,32.61012592696997,32.79092903826128,9627000
2015-12-07,34.04832458496094,34.253781526393226,33.56344607777977,33.59631994081473,11458200
2015-12-08,34.031883239746094,34.188029366374884,33.530567866064544,33.92504476625075,10734500
2015-12-09,33.900386810302734,34.22911908792713,33.45659917601681,33.7853314536412,7321600
2015-12-10,33.80176544189453,34.18802222924056,33.74423776856591,33.99078538783473,12588700
2015-12-11,33.76066970825195,34.064744955939126,33.46481135481682,33.46481135481682,15768000
2015-12-14,34.40170669555664,34.409923592828925,33.78533594435108,33.883954386737315,7609100
2015-12-15,34.77151870727539,34.99341248329472,34.4510033852323,34.59071567458792,10444100
2015-12-16,34.870147705078125,34.97698617819601,34.39348615964737,34.9112384608854,9160600
2015-12-17,34.46746063232422,34.82906691090999,34.45924373282209,34.82084687638325,5612000
2015-12-18,33.399078369140625,34.29487071819098,33.399078369140625,34.15516150922232,12849200
2015-12-21,33.86750793457031,33.89216488950184,33.39906654616864,33.74423570000417,7827700
2015-12-22,34.59893798828125,34.63181184210468,34.03187811743165,34.08940579411104,5900800
2015-12-23,34.77151870727539,34.894790937270955,34.54140490157604,34.74686175325807,4511100
2015-12-24,34.89479446411133,35.06737748456186,34.73864836965939,34.77152222165656,1718700
2015-12-28,34.8865852355957,35.00985750514183,34.64003756147967,34.7633098310258,3138900
2015-12-29,35.042728424072266,35.06738224890814,34.78796387403891,35.001637671004644,4015100
2015-12-30,34.77151870727539,35.133121637627575,34.730424828920775,35.08381086461569,3417900
2015-12-31,34.377044677734375,34.63180918778166,34.245549272518986,34.59071844116336,4331900
2016-01-04,33.82642364501953,33.91682518196698,33.423726744532765,33.82642364501953,9929600
2016-01-05,34.59072494506836,34.60716187381083,33.90860650986207,33.933263470487574,7329300
2016-01-06,34.55785369873047,34.8619290658827,34.311306019011795,34.31952291649209,9802700
2016-01-07,33.7524528503418,34.12227582688411,33.59630676470078,33.96612974124309,9434000
2016-01-08,33.53057098388672,33.9825756114405,33.40729870456697,33.90861098983905,8231100
2016-01-11,33.9250373840332,34.05652965548205,33.57987134711362,33.760674395989426,6406500
2016-01-12,33.89216995239258,34.26198984635843,33.423725358990694,34.13049756216486,7319600
2016-01-13,32.21563720703125,33.97434747790862,32.166326430596406,33.86750902981128,13204000
2016-01-14,32.075927734375,32.56080610612934,31.42668636340082,32.52793538729933,10458400
2016-01-15,31.63214111328125,31.895125656317774,31.2787550457591,31.369153435221683,9029200
2016-01-19,31.385587692260742,31.911559868632377,31.05685860892909,31.763630683875164,6815600
2016-01-20,31.106182098388672,31.295205258030506,29.947404983977712,30.966472872159216,11294500
2016-01-21,30.530906677246094,31.122620612851488,30.34188350799801,31.122620612851488,9592700
2016-01-22,30.506237030029297,31.139044604212515,30.267909428991988,30.859623118664384,13226200
2016-01-25,30.13642120361328,30.695264308021116,30.06245971790611,30.621299687289962,10866600
2016-01-26,30.226825714111328,30.38297500373216,29.99671493154288,30.12820725515689,7348400
2016-01-27,30.785655975341797,31.139042034817724,30.251470006034285,30.31721457278496,10231400
2016-01-28,31.08152198791504,31.213014288695863,30.629517399919937,30.851411245304533,8502500
2016-01-29,31.89513397216797,31.919787799810805,31.13905086254112,31.22945241059666,8222900
2016-02-01,32.963504791259766,33.086777047454596,31.73076341917091,31.837601882558502,10922300
2016-02-02,32.99638366699219,33.06212825329379,32.47863133413745,32.66765133041243,8112000
2016-02-03,33.02103805541992,33.25936884673406,32.51150574659489,33.11143960626487,8518800
2016-02-04,32.018409729003906,32.78270981932614,31.928008171112687,32.64300060078459,7303300
2016-02-05,30.925378799438477,32.166337310053514,30.793886486161227,32.05128192781393,9774100
2016-02-08,30.259693145751953,30.530897769000628,29.10913320746289,30.473370085588535,15707000
2016-02-09,30.18572425842285,30.489799561253758,29.799464323054423,29.799464323054423,11550700
2016-02-10,30.371164321899414,31.121171270151148,30.214570570158386,30.28050676710887,9110700
2016-02-11,30.025014877319336,30.48655891859109,29.489294171271975,30.016771279004512,9589800
2016-02-12,31.590967178344727,31.599207633140065,30.42062452466678,30.610186425077007,7527300
2016-02-16,31.722822189331055,32.15963840920676,31.426115646015358,31.846447819705705,6807100
2016-02-17,32.48931884765625,32.59646360536096,31.64865426877684,31.731071378388954,7748100
2016-02-18,31.368432998657227,32.34921047746758,31.07172636129979,32.1431645508595,11531200
2016-02-19,31.170631408691406,31.417885922619462,30.840956627446186,31.14590690050212,6938000
2016-02-22,31.54151153564453,31.673380805895,31.195352736229925,31.401398667496995,5549600
2016-02-23,31.96184539794922,32.11844232545354,31.2612904553623,31.41788423885507,6021100
2016-02-24,31.895923614501953,31.953616246934402,31.40141129420754,31.681633999170575,6925900
2016-02-25,32.522274017333984,32.56348255575437,31.937104597338685,32.04424931243964,7634400
2016-02-26,32.5140495300293,32.92614140456956,32.308003592759164,32.596466647332754,6372700
2016-02-29,32.89316940307617,33.3464697825641,32.637671339286804,32.72009159083714,10805600
2016-03-01,33.478328704833984,33.577232976158385,32.8931592475436,33.26404240498474,9003000
2016-03-02,33.50306701660156,33.717353384708716,33.33822965589775,33.52779152030323,9606300
2016-03-03,31.15413475036621,31.681611671733737,30.404127913294797,31.162378345768456,40664800
2016-03-04,30.362930297851562,31.071728845084465,30.04973958404855,31.00579263417369,21043200
2016-03-07,30.5360050201416,31.030517119486724,30.11567272250895,30.156881278118227,12433100
2016-03-08,30.51127815246582,31.055239218807536,30.371165301432566,30.43710150050963,8964500
2016-03-09,31.162385940551758,31.368431859678363,30.568972687383546,30.577213140783673,9266200
2016-03-10,31.096446990966797,31.28600884254043,30.700839238463878,31.16238318838942,9143100
2016-03-11,31.846458435058594,31.87942653841853,31.2200801912767,31.236564242956668,8846700
2016-03-14,31.640405654907227,32.019529329431826,31.302490528655177,31.67337375112955,6315200
2016-03-15,31.434368133544922,31.69810668547727,31.038760305646402,31.3272233643188,5596000
2016-03-16,31.82172393798828,31.887656979994762,31.17061824911841,31.21182679337376,6227200
2016-03-17,31.393157958984375,31.780525312708217,31.30249724692038,31.689864600644224,9693800
2016-03-18,31.78053092956543,32.04426951454009,31.318986833853817,31.434372071778736,10017800
2016-03-21,31.426128387451172,31.813492625824093,31.393160281713847,31.63217433229203,5980300
2016-03-22,31.27775764465332,31.582704592943603,31.063468220658095,31.46731943110457,8055500
2016-03-23,30.98106575012207,31.335464996547888,30.783260276577597,31.253044739232966,9195000
2016-03-24,31.030515670776367,31.063480627318008,30.577212148203742,30.659632399585632,9526100
2016-03-28,31.368432998657227,31.39315750376657,30.931613496320406,31.02227420706977,6759000
2016-03-29,31.343704223632812,31.442608528540084,31.10469334680162,31.162385952658585,5780900
2016-03-30,31.393157958984375,31.549751733633126,31.162387523920664,31.36018985568631,6974800
2016-03-31,31.5250186920166,31.640403878305175,31.294248319439458,31.384909006954913,6888300
2016-04-01,31.582727432250977,31.665144566305237,31.2448121522091,31.26953666362295,6622300
2016-04-04,31.343704223632812,31.69810345618916,31.24480306273676,31.582718244475227,7242500
2016-04-05,31.500308990478516,31.62393468642765,30.98107226425854,31.071732994361774,9840200
2016-04-06,32.20909881591797,32.32448402482478,31.500300368049125,31.500300368049125,9143500
2016-04-07,31.459095001220703,32.26679791414283,31.34370976909234,32.02778385101305,6941300
2016-04-08,31.310747146606445,31.60745070397189,31.261294981706204,31.48382500773929,7832900
2016-04-11,30.634910583496094,31.393161320486353,30.601945620679597,31.31898465212874,7051400
2016-04-12,30.62666893005371,30.758538208193414,30.412382532081036,30.659637035591533,6000700
2016-04-13,31.2036075592041,31.220091616916754,30.74206337528746,30.816240062988125,5486800
2016-04-14,30.55249786376953,30.981073882268984,30.503045696399997,30.89865674733193,5995000
2016-04-15,30.420621871948242,30.75853708130186,30.25578449430981,30.63490826207017,7510800
2016-04-18,30.23105239868164,30.280504542761847,29.87665322613355,30.17335980259341,8881500
2016-04-19,29.860172271728516,30.31347263538989,29.753027520459494,30.31347263538989,11313200
2016-04-20,30.453582763671875,30.775013844732978,29.893137698843535,29.975554796137402,8870600
2016-04-21,30.057981491088867,30.503038313647405,29.942596272499195,30.45358930225835,7719100
2016-04-22,29.324459075927734,30.11567471439843,28.95357576289101,29.96732138918374,12971600
2016-04-25,30.305233001708984,30.37116605841838,29.167858691369283,29.21731084190965,9599800
2016-04-26,30.000280380249023,30.58544990527655,29.909619693045503,30.280502893418763,6247300
2016-04-27,29.926116943359375,30.25578859935394,29.818972161755486,30.066226689754387,4874000
2016-04-28,29.60466766357422,30.198080746615855,29.50576653107072,29.77774857546824,5912200
2016-04-29,29.167865753173828,29.431604331887097,28.66511310499795,29.398636223544976,8253900
2016-05-02,29.200836181640625,29.307980970259685,28.978306148668167,29.275012859298112,9010600
2016-05-03,29.011272430419922,29.16786623159573,28.920611702997963,28.994788375978484,6469200
2016-05-04,28.846431732177734,28.9123679424054,28.178841751674607,28.871156239007334,8048200
2016-05-05,28.780494689941406,28.838190444228477,28.203568587185316,28.41785497620737,11364400
2016-05-06,28.475555419921875,28.838198377428075,28.211816802105904,28.75577809435288,5042700
2016-05-09,29.538734436035156,29.579942978982924,28.483780645322923,28.68158290907632,8410100
2016-05-10,29.044235229492188,29.316214218023486,28.82170525123312,29.209069455748086,7819500
2016-05-11,28.692914962768555,29.08970512153626,28.684649880743503,28.916110018339364,5619600
2016-05-12,28.84170913696289,29.015304224934887,28.527582439627192,28.742512394322837,4972800
2016-05-13,28.816909790039062,29.09796984609699,28.676378185306355,28.701179735204768,6262900
2016-05-16,28.73424530029297,28.96570858018507,28.45318522381577,28.759046851993237,5932900
2016-05-17,28.486249923706055,28.783843296649067,28.36225478725147,28.63504661017756,5443900
2016-05-18,28.411846160888672,28.511046035218893,27.791861136655854,28.35398114423283,9776300
2016-05-19,28.7921085357666,28.85823863764777,28.35398360299926,28.51104850760549,8330400
2016-05-20,28.618511199951172,28.891306156317995,28.494516072572203,28.891306156317995,6173400
2016-05-23,28.767303466796875,28.891301728579755,28.618506814020133,28.643308358420786,5940300
2016-05-24,29.362491607666016,29.38728999995185,28.75903988592401,28.78383827820985,7771600
2016-05-25,28.88303565979004,29.503020708337903,28.792107168198253,29.387290670487424,6992700
2016-05-26,29.42035675048828,29.519553473460775,28.89130335675901,28.92436998221883,6631500
2016-05-27,29.519556045532227,29.5360893597027,29.23849601144861,29.5360893597027,5271000
2016-05-31,29.560880661010742,29.800608928848092,29.445150642994502,29.527817194010737,9953500
2016-06-01,30.106475830078125,30.13954245987087,29.494758945949243,29.585690601175603,7869300
2016-06-02,30.123004913330078,30.189138163625245,29.83367982680606,30.00727487872047,5360700
2016-06-03,29.9659423828125,30.048605790092,29.759280711206898,29.92461067917275,4697100
2016-06-06,29.775819778442383,30.1064766248769,29.75102138214685,29.941149778363375,3684300
2016-06-07,29.99901580810547,30.18914421067744,29.693154194334948,29.850219118543478,3577200
2016-06-08,30.18914031982422,30.337936990208917,29.89981205922857,30.015545255511128,5173000
2016-06-09,30.238739013671875,30.42059915065657,30.02380909713492,30.17260576138142,7083500
2016-06-10,30.428869247436523,30.585931001134668,29.899812656933204,30.07341087812373,7768800
2016-06-13,29.87501335144043,30.22220662982625,29.693150055457043,30.131274981834554,9015100
2016-06-14,29.560880661010742,29.908073868465955,29.27155561597014,29.726210609636727,8839800
2016-06-15,29.519556045532227,29.76754945127489,29.048367628598996,29.32942766268261,13499800
2016-06-16,29.321170806884766,30.56940641951683,29.22197089403635,30.56940641951683,19034000
2016-06-17,29.081430435180664,29.345957120330816,28.535843752882617,29.238492169048932,16578200
2016-06-20,28.692914962768555,29.486495280303963,28.692914962768555,29.180636790851167,9017900
2016-06-21,28.494522094726562,28.783847273165318,28.337457152081576,28.725982237477567,13322800
2016-06-22,28.287851333618164,28.55237802768836,28.17212129913832,28.519311402577852,16952500
2016-06-23,28.65984535217285,28.65984535217285,28.395318607126196,28.552383529965333,8560700
2016-06-24,29.04836654663086,29.345959883800457,28.02332633349906,28.105989747865227,14689500
2016-06-27,30.271793365478516,30.478454986508225,28.725965323129973,28.833430249019127,19450000
2016-06-28,29.80061912536621,30.58593428498657,29.66009067066542,30.428872514425525,11941500
2016-06-29,30.13127899169922,30.296608996103735,29.957683906107878,30.048612412793187,7589500
2016-06-30,30.412330627441406,30.412330627441406,29.78407741544304,30.131270643843543,10256300
2016-07-01,30.213937759399414,30.577664343698554,30.205672679486735,30.494997777536447,7121000
2016-07-05,30.858728408813477,30.916593436012146,30.213941721816543,30.255273433614523,8543400
2016-07-06,31.06539535522461,31.123260392172597,30.817398735838367,30.842200289821793,9419300
2016-07-07,30.850452423095703,31.181112341214735,30.742987476696015,31.007514149828566,8280600
2016-07-08,31.296857833862305,31.313391153279913,30.99099930815715,31.048864349414657,5792500
2016-07-11,31.032316207885742,31.387774522064497,30.982716273323568,31.30510796446087,5871200
2016-07-12,30.9083251953125,31.05712188048091,30.56940011318612,31.04885679948599,4572800
2016-07-13,30.98272132873535,31.114984689075662,30.718194608054723,30.866991282613483,5704700
2016-07-14,30.83391571044922,31.098442354400888,30.668585769627843,30.982712341847826,6840400
2016-07-15,30.346206665039062,30.800861825205295,30.123011625668518,30.62726673460853,7754100
2016-07-18,30.040348052978516,30.46193657859665,30.00728142062206,30.329673202578448,8564000
2016-07-19,29.932872772216797,30.131269344663703,29.800609441721036,30.007271092708567,4820400
2016-07-20,30.089937210083008,30.21393230683878,29.833675631337346,30.08166897825539,4127000
2016-07-21,29.726215362548828,30.02380868697637,29.61048532602856,29.999010294409736,3705400
2016-07-22,29.742752075195312,29.924615383890806,29.593955395973065,29.866750359016304,3295700
2016-07-25,29.58568572998047,29.585685729980465,29.279824184867838,29.536085793457833,5385400
2016-07-26,30.106475830078125,30.13954245987087,29.602223916071974,29.891549043240044,6968300
2016-07-27,29.40382957458496,30.065146454768943,29.379031177017946,30.023814741021376,6228800
2016-07-28,28.43665313720703,29.131036623102315,28.42011982166101,29.122768388625552,14382900
2016-07-29,28.263050079345703,28.436648286261413,27.948926597779487,28.353981722633225,19149500
2016-08-01,28.114255905151367,28.387050859144818,28.00679409303932,28.271320813235082,9742400
2016-08-02,26.956947326660156,27.940655689082234,26.85775061321249,27.651330627607113,18255400
2016-08-03,27.444673538208008,27.71746533396289,26.981750209360488,27.023081917395206,10630600
2016-08-04,26.9073543548584,27.510806177354084,26.543630875841234,27.444676069081634,12247300
2016-08-05,26.965213775634766,27.20494206927002,26.79988380921711,26.990015320311848,10343200
2016-08-08,26.708953857421875,27.039610618701257,26.675887235271944,26.965212295567234,11837900
2016-08-09,26.69242286682129,27.16361123649677,26.66762132134942,26.766821196423045,11696400
2016-08-10,26.866024017333984,26.97348899635746,26.67589561038946,26.766827273147197,12735400
2016-08-11,26.799640655517578,27.255980663634954,26.56732279649639,27.007068219670334,9605600
2016-08-12,27.031967163085938,27.06515317461116,26.74156661530805,26.89921045660867,7395200
2016-08-15,27.15641975402832,27.35555163344387,26.932397576596017,27.073449983909917,9027500
2016-08-16,26.633697509765625,26.99877204200961,26.60051150554713,26.99877204200961,11198200
2016-08-17,26.451168060302734,26.72497244147029,26.094393901394213,26.65029837546577,9413300
2016-08-18,26.932395935058594,27.06514945821298,26.442868307518562,26.51754077956443,12233100
2016-08-19,27.05685043334961,27.222793108238456,26.84112400646613,26.9406915104554,8885800
2016-08-22,27.264280319213867,27.289170614794887,26.924099230867895,27.0817430447036,7744600
2016-08-23,26.758153915405273,27.36384198081101,26.758153915405273,27.03195980029603,11039600
2016-08-24,27.372140884399414,27.579568434352115,26.724964776283592,26.7581539438984,12246500
2016-08-25,27.18129539489746,27.430210901216025,27.106621376020318,27.2559694137746,7845500
2016-08-26,27.114931106567383,27.3306543779983,26.932393839522707,27.189605155349895,6549100
2016-08-29,26.82453727722168,27.14812380902538,26.6917805820265,26.93239734442703,7667300
2016-08-30,26.68349266052246,26.965594389975223,26.625413171967015,26.82454510779621,5044600
2016-08-31,26.542436599731445,26.791350679515734,26.476059828298382,26.68348743684509,9102800
2016-09-01,26.517536163330078,26.675183120634248,26.39307995485682,26.633695080232243,7468400
2016-09-02,26.965587615966797,27.222798975737533,26.5590281331155,26.666891369805672,7494900
2016-09-06,27.106632232666016,27.13982140214691,26.69177710943506,27.031961348974114,6778400
2016-09-07,25.986526489257812,26.34330217347616,25.803990791945854,26.268628119451538,19365500
2016-09-08,25.978229522705078,26.326707918349452,25.4721073066252,25.721019768136824,18294900
2016-09-09,26.14417839050293,26.47606227838063,25.762510732533165,25.762510732533165,19170200
2016-09-12,25.6297550201416,26.16077077859787,25.47211117576048,26.06120482934136,20385000
2016-09-13,25.67953872680664,25.853777159419764,25.26468350719779,25.563378189184156,14350900
2016-09-14,25.48040199279785,25.812287371533678,25.43891711172926,25.679533853058057,9834000
2016-09-15,25.928443908691406,25.94503849260416,25.27297208705731,25.52188609810872,10378500
2016-09-16,25.787399291992188,26.011421480874557,25.58826898494575,25.969935011148003,11413900
2016-09-19,25.546783447265625,25.93674675748351,25.513594272329485,25.77080404789673,10628000
2016-09-20,25.79569435119629,26.03630952457722,25.66294082466608,25.679535411119073,6114300
2016-09-21,25.588266372680664,25.928447476974828,25.405730672159628,25.862070714735648,12447100
2016-09-22,25.51358985900879,25.729314711136904,25.447213103165268,25.60485849174864,12273900
2016-09-23,25.264680862426758,25.63804957146129,25.256383568997514,25.546782508833424,8599300
2016-09-26,24.957683563232422,25.281270045326412,24.941088978882302,25.20659599829754,7379800
2016-09-27,24.80833625793457,25.03235840614377,24.7585540858481,24.932792479424112,9877300
2016-09-28,24.758556365966797,24.990875828010132,24.625802839812568,24.866418012512035,10820100
2016-09-29,24.47645378112793,24.77514999470243,24.46815648824566,24.758555408937895,12814500
2016-09-30,24.62579917907715,24.883008899947235,24.484748380687755,24.484748380687755,26199600
2016-10-03,24.29391860961914,24.634099712399273,24.26902673043517,24.53453377821021,7800200
2016-10-04,24.061595916748047,24.38518238990319,23.962029995944437,24.269023467754497,11173200
2016-10-05,23.928852081298828,24.15287430673318,23.86247530145316,24.036713755092816,27597900
2016-10-06,24.36859703063965,24.55943005760033,23.82098666830711,23.85417584649877,17280800
2016-10-07,24.061595916748047,24.551125063726996,24.061595916748047,24.368589388558107,11322800
2016-10-10,24.103084564208984,24.385186204308688,24.020114796865318,24.061599680537153,7665700
2016-10-11,24.98257064819336,25.065540388937332,24.260722192877697,24.318801644417025,17782800
2016-10-12,25.8620662689209,26.08608839642271,24.866413423943886,25.090435551445697,31126500
2016-10-13,25.828882217407227,25.862071390667673,25.38913674953451,25.779100040063444,14246300
2016-10-14,25.945037841796875,26.20224755580617,25.729313003982227,25.862066506860998,14820100
2016-10-17,25.579973220825195,26.003125742060877,25.463814263737905,25.99482844761934,10576500
2016-10-18,25.422325134277344,25.6712391938645,25.306166189331496,25.604862427817313,9959500
2016-10-19,25.729312896728516,25.770797772750228,25.107030261123317,25.297863222897732,10211800
2016-10-20,25.654644012451172,25.85377430598008,25.5467823635781,25.74591265710701,8740800
2016-10-21,25.52188491821289,25.795689209928632,25.430616293458794,25.70442058517453,8730300
2016-10-24,25.870370864868164,25.961639516481497,25.588269198560596,25.596566492575175,5322000
2016-10-25,25.646345138549805,25.770801366517087,25.604860256742977,25.770801366517087,4300300
2016-10-26,25.638046264648438,25.82887924126656,25.51359004435604,25.546779213792256,4870400
2016-10-27,25.73762321472168,25.886971376062203,25.45552148386678,25.687839439243252,7767000
2016-10-28,25.936744689941406,26.077795507082246,25.63804846951449,25.7044252315486,6796800
2016-10-31,25.704425811767578,26.185657743014307,25.579969577962657,25.96993286589724,7550900
2016-11-01,25.546783447265625,25.812290516566907,25.463812092472235,25.795695929098834,8520000
2016-11-02,26.73326873779297,26.948992038152625,25.579970264463718,25.596564851428898,13547200
2016-11-03,25.73762321472168,26.741572281992603,25.66294913405142,26.733276568626913,8920300
2016-11-04,25.654644012451172,26.160767830928958,25.505295896667768,25.687831603432542,7978700
2016-11-07,25.920150756835938,26.07779616409378,25.712723172435,25.8786658729745,5808400
2016-11-08,25.638046264648438,25.903553289951336,25.389133824063645,25.845473825984666,7260000
2016-11-09,26.79134750366211,26.932396741508676,25.25638306586214,25.331057122690837,12682000
2016-11-10,27.374309539794922,27.84900831042893,26.758035391943814,26.80800167712626,14255900
2016-11-11,27.91563606262207,27.932292551058577,27.124470334839724,27.399297628691624,11575600
2016-11-14,28.848379135131836,29.10654995807311,27.940621103571253,27.940621103571253,15593400
2016-11-15,29.03159523010254,29.1065478392486,28.348695092060794,28.831720546746272,10259800
2016-11-16,28.065536499023438,28.956637828672594,27.97392741668384,28.939981343074507,10316500
2016-11-17,27.91563606262207,27.973932183699684,27.141126823276235,27.457593749769238,10298900
2016-11-18,27.857337951660156,28.21544448521427,27.674119768846392,27.907304236500195,5340300
2016-11-21,27.923961639404297,28.18213243484393,27.765729770722064,27.857338865132906,5448100
2016-11-22,27.873987197875977,28.09051512203401,27.82401774911676,28.048875503184306,5829100
2016-11-23,28.065536499023438,28.215441692506452,27.757399457708253,27.78238259765549,5608700
2016-11-25,28.21544647216797,28.440304300483128,28.148820518489256,28.24042961634732,2669700
2016-11-28,28.03221893310547,28.398652025502535,27.790704696869117,28.215437067753637,4940700
2016-11-29,27.56584930419922,28.10717392461835,27.54086616620741,28.07386095602958,8261900
2016-11-30,26.899608612060547,27.324341063452483,26.6081280488699,27.324341063452483,13713000
2016-12-01,27.782384872436523,27.81569784636032,25.89191649041173,25.95021260632835,18821000
2016-12-02,27.732418060302734,28.173807064700437,27.374311498668916,27.732418060302734,16221700
2016-12-05,27.424278259277344,27.66579255411982,27.23273342516436,27.590839951475605,10636700
2016-12-06,27.540864944458008,27.55752142801349,27.04118314539116,27.34099349559103,8558500
2016-12-07,28.00724220275879,28.107177945923407,27.4575908500034,27.53254345160186,7551400
2016-12-08,28.473615646362305,28.623520873378,27.898981060735807,28.207118170978955,7239200
2016-12-09,28.964975357055664,28.981631848906936,28.307061401885846,28.473619966596594,6904100
2016-12-12,28.498592376708984,29.048243631797437,28.39865347440241,28.865025487801475,10584900
2016-12-13,28.665149688720703,28.75675875697519,28.182124388241554,28.332029558676297,6666000
2016-12-14,28.91499137878418,29.464642566196595,28.81505248878262,28.898334897117252,10175200
2016-12-15,29.947681427001953,30.022634040091635,28.815065574491456,28.956644144505507,12898500
2016-12-16,29.9310245513916,30.055946630561944,29.697840058967433,29.9976505074559,10860900
2016-12-19,29.881067276000977,30.347436401547245,29.797784805795285,30.005986215957414,8985700
2016-12-20,29.55626678466797,29.964339675638747,29.54793695111308,29.88106040149388,7672200
2016-12-21,29.32307243347168,29.63121266694851,29.32307243347168,29.48130746604085,6086400
2016-12-22,29.131534576416016,29.531280815532963,28.939989702062107,29.273113156443248,6412100
2016-12-23,29.21481704711914,29.49796785355302,29.11487810460055,29.198160556699378,3398400
2016-12-27,29.289758682250977,29.37304111215309,29.039917746344376,29.123200176246485,3434500
2016-12-28,28.88169288635254,29.348065076000786,28.715131163128117,29.281439115950764,4948800
2016-12-29,28.806732177734375,29.048246449721706,28.765092552850287,28.873354942168962,3358900
2016-12-30,28.740102767944336,29.006603324219693,28.656823528226592,28.840041667884854,3897000
2017-01-03,28.082191467285156,28.740105139912473,27.832347373713173,28.73177848601323,9555700
2017-01-04,27.682445526123047,28.182127362371986,27.665789041328132,28.13215790798724,9158500
2017-01-05,27.65746307373047,27.699102703084247,27.224403939270996,27.599166957255164,9937900
2017-01-06,27.57418441772461,27.632480535474123,27.24939085400586,27.582511073017333,9289700
2017-01-09,27.415950775146484,27.640808602334907,27.31601502202951,27.62415211399869,5922600
2017-01-10,27.64080810546875,27.857339273046893,27.332671019038585,27.349327507075387,7138500
2017-01-11,27.540864944458008,27.715753256441467,27.399289599585515,27.44092922002452,4616000
2017-01-12,27.91563606262207,28.01557181634079,27.42428077289622,27.482576893973835,6169900
2017-01-13,28.398651123046875,28.673478316285635,27.98224859527845,28.090514142030006,6886900
2017-01-17,29.014944076538086,29.09822335672337,28.31538732151865,28.398666601703933,7246700
2017-01-18,29.0732421875,29.139868157705177,28.598543268942027,29.05658569494871,5395900
2017-01-19,28.53190803527832,29.139858696863225,28.53190803527832,28.931657372920476,6845000
2017-01-20,28.39032745361328,28.815056678732446,28.33203134775182,28.67348132932589,6841300
2017-01-23,27.923961639404297,28.431973397937007,27.857338865132906,28.382007111458517,5209700
2017-01-24,27.8073673248291,28.015568641339534,27.72408806898492,27.857336784475596,6923700
2017-01-25,27.873987197875977,28.26540342734234,27.66578592672817,27.957266435575384,6571700
2017-01-26,28.09885025024414,28.340361355871316,27.957271707180052,27.998911333881296,5547300
2017-01-27,27.782384872436523,28.098851770912493,27.474247805891526,28.098851770912493,5338700
2017-01-30,27.982263565063477,27.998920056312905,27.565860814530385,27.682456253276378,4091300
2017-01-31,28.28207015991211,28.290399992840417,27.83235448879644,27.99891620145785,5847400
2017-02-01,27.849008560180664,28.232101419115743,27.715759836998945,28.157148813769766,5005900
2017-02-02,28.398651123046875,28.448620570062786,28.07385765969137,28.07385765969137,6391800
2017-02-03,28.3320369720459,28.581877929177494,28.282067509859527,28.348693459441357,3944000
2017-02-06,28.057209014892578,28.390332400922137,28.0155693858639,28.282066823927522,4320100
2017-02-07,27.5492000579834,28.098851413127083,27.54087022615849,28.023898811202944,7939900
2017-02-08,27.349332809448242,27.58251733337176,27.016209337928185,27.532551036474363,9268400
2017-02-09,27.890647888183594,28.08219270530677,27.041186192528787,27.349323230779138,9795300
2017-02-10,27.882320404052734,28.040552263630474,27.624149623467975,27.898976890887237,5974200
2017-02-13,27.756948471069336,28.141416138532065,27.70680245516489,27.9491823048007,5462200
2017-02-14,27.63993263244629,27.86559923456862,27.305611031896074,27.73187123201395,13931400
2017-02-15,28.007694244384766,28.082916473029574,27.62322649279051,27.748597936641282,7743600
2017-02-16,28.367082595825195,28.642898434866954,28.091269945110977,28.12470274772105,7731100
2017-02-17,28.42559242248535,28.868569148838166,28.225001955138563,28.3336569848094,7384900
2017-02-21,28.60110855102539,29.044082019109606,28.467380531132374,28.50081014486001,5313700
2017-02-22,27.773664474487305,28.459020980865912,27.514565038826117,28.459020980865912,8872700
2017-02-23,27.57307243347168,27.9073908724681,27.28890000674469,27.9073908724681,7784100
2017-02-24,27.82381248474121,27.82381248474121,27.42262843882201,27.43098504488543,6848000
2017-02-27,26.92951011657715,27.497855070137867,26.77070588087972,27.447705860707956,12148700
2017-02-28,26.57847023010254,26.879359089681397,26.394594590450925,26.812496669957028,12857000
2017-03-01,26.795780181884766,27.146815058047576,26.478174921312938,26.68712516331299,13137400
2017-03-02,25.634016036987305,26.795780479439877,25.291337763835035,26.795780479439877,22585500
2017-03-03,24.76477813720703,25.700875777527827,24.597618926046465,25.64236997391345,18766600
2017-03-06,24.547475814819336,24.923585304389253,24.52240121118246,24.756426062635025,9253000
2017-03-07,24.079421997070312,24.447174816747886,24.01255799296199,24.321805008315234,12980000
2017-03-08,24.23822593688965,24.363595752213236,24.087781520835865,24.11285612156606,11812400
2017-03-09,24.096139907836914,24.622693773942526,24.04599230015155,24.24658432505672,10445800
2017-03-10,24.08778190612793,24.305090333441125,23.995843296143654,24.22150992383394,8474900
2017-03-13,23.979129791259766,24.30509165284253,23.845401766294334,24.096141414563565,9082800
2017-03-14,23.98748779296875,24.062710005657856,23.64480953256895,23.912265580279644,8266600
2017-03-15,24.104509353637695,24.30510147212524,23.88720082673508,24.09615114943016,9013100
2017-03-16,24.50568389892578,24.58926431378171,24.137931030057988,24.137931030057988,12652200
2017-03-17,24.697919845581055,24.77314206595655,24.455538375387547,24.681205036514022,22193800
2017-03-20,24.397031784057617,24.973733329750775,24.338525968769662,24.739710068598967,8659900
2017-03-21,24.179718017578125,24.60597662778135,24.146285219524433,24.422099426813162,7876400
2017-03-22,24.204797744750977,24.40539140046018,24.054354894215066,24.23823055209051,6730200
2017-03-23,24.455533981323242,24.7731376148266,24.305089567603456,24.522397988069404,10845100
2017-03-24,24.32181167602539,24.455539720902948,24.188083631147833,24.447181518827595,8185000
2017-03-27,24.179718017578125,24.430457626326586,24.07942121758061,24.23822382000853,6658700
2017-03-28,24.271663665771484,24.380317102668325,24.11286101723239,24.213156252188856,5637000
2017-03-29,24.522396087646484,24.58090188974487,24.246581881923,24.254940081388987,5299400
2017-03-30,24.405391693115234,24.522403331878742,24.30509486405793,24.505686928008522,5863600
2017-03-31,24.64777183532715,24.865080291358016,24.488969195503834,24.51404379994876,11372300
2017-04-03,24.572553634643555,24.6394176632674,24.422109171698857,24.62270125757039,8016800
2017-04-04,24.814929962158203,24.856719370831186,24.472251709715728,24.488966516686666,10488900
2017-04-05,24.49732780456543,24.873438906677244,24.49732780456543,24.814933089496286,7532200
2017-04-06,24.664491653442383,24.957022369149154,24.572553018578045,24.614344031772813,8685300
2017-04-07,24.95701789855957,25.082387727357876,24.472253391485946,24.555832214575574,7552500
2017-04-10,25.232830047607422,25.40834747440157,24.923583007902465,24.990447017276004,10432500
2017-04-11,24.71463394165039,25.27462064430095,24.672844531638003,25.27462064430095,10006400
2017-04-12,24.95701789855957,25.03224011467133,24.647770832970803,24.67284543639601,6412600
2017-04-13,25.04895782470703,25.39163614039808,25.04895782470703,25.115821847423234,8037000
2017-04-17,25.074031829833984,25.207759872059977,24.973735001082485,25.065673627924358,5659600
2017-04-18,24.923583984375,25.140892421893795,24.831645370072952,25.057312008361368,5886200
2017-04-19,25.032238006591797,25.157607824832137,24.965373997252698,24.97373060352682,5807800
2017-04-20,24.831653594970703,25.15761715629851,24.806580578520787,25.074036715082038,9171000
2017-04-21,25.032238006591797,25.19103903241982,24.72299096704614,24.77313857550953,9179500
2017-04-24,25.1910400390625,25.257904051073506,25.00716440457318,25.149250629367046,7059800
2017-04-25,24.940303802490234,25.241192694760272,24.79821755826983,25.074031844796025,6175600
2017-04-26,24.95701789855957,25.157609943469634,24.915226892850892,25.07402952621614,6331800
2017-04-27,25.199399948120117,25.34984438388457,24.99044969715036,25.032240703842653,6272700
2017-04-28,24.781503677368164,25.21612065619099,24.647775621447938,25.21612065619099,8670800
2017-05-01,24.254947662353516,24.906871482826233,24.246589460275143,24.789859842057087,9851100
2017-05-02,24.08778190612793,24.22986812421103,23.862115278437646,23.903906280323096,14127200
2017-05-03,24.572553634643555,24.69792348904274,24.129580042822155,24.129580042822155,11096400
2017-05-04,24.422103881835938,24.81493135980769,24.33852505978257,24.605981116346577,6647300
2017-05-05,24.530757904052734,24.6226949234072,24.371955279111347,24.42210288913776,7540000
2017-05-08,24.171363830566406,24.622695520068437,24.112858018423903,24.580906109727742,8986000
2017-05-09,24.28001594543457,24.447176766116243,24.20479373554419,24.213151935994645,9652600
2017-05-10,25.10746192932129,25.14089313918981,24.271660958478325,24.296733967338756,11998700
2017-05-11,25.535429000854492,25.71165038297797,25.182984636050023,25.182984636050023,14011400
2017-05-12,24.771800994873047,25.40116584778817,24.721450654238375,25.350815507153495,10395600
2017-05-15,24.452926635742188,24.822154535685808,24.335445685988358,24.77180578587101,9046600
2017-05-16,24.184402465820312,24.503281676995005,24.167619012483076,24.461323043651912,7574800
2017-05-17,23.99978256225586,24.23474444096884,23.94943381689704,24.18439569561002,8322000
2017-05-18,24.410961151123047,24.511658615854916,24.24312990916014,24.24312990916014,11431300
2017-05-19,24.528444290161133,24.536836013077945,24.34383118766375,24.45292038446732,8344800
2017-05-22,24.570402145385742,24.671099616160397,24.419354338666313,24.50326996468349,6073100
2017-05-23,24.436141967773438,24.570406352165787,24.360618051483026,24.528447731694605,6560300
2017-05-24,24.444528579711914,24.486487194155497,24.217958463946502,24.419355011603248,7879000
2017-05-25,24.536842346191406,24.62075799646119,24.394186220900146,24.5116671709431,7262100
2017-05-26,24.713064193725586,24.721454317850487,24.545232901186647,24.629148547456115,6251200
2017-05-30,24.973196029663086,25.023544766663434,24.612359946619375,24.66270868361972,7849600
2017-05-31,24.9899845123291,25.124248905096447,24.796978047237953,24.939634164622984,9165600
2017-06-01,25.384380340576172,25.476687690356655,24.92284679278868,24.981587251537185,11635700
2017-06-02,25.2836856842041,25.72004574049175,25.174596470411057,25.468300416010734,7284300
2017-06-05,25.2501220703125,25.317254268017717,24.906069357003528,25.191381597390166,6929800
2017-06-06,25.015155792236328,25.25851098216499,24.939631878159,25.25851098216499,5779700
2017-06-07,24.931241989135742,25.07389810394091,24.922851865227603,24.989984060397223,6162500
2017-06-08,25.342426300048828,25.65291207572779,24.93123983946159,24.93123983946159,8156700
2017-06-09,25.829132080078125,25.955004720511845,25.367596931077873,25.426337389909776,11195400
2017-06-12,25.19976806640625,25.829132888838956,25.006761637769845,25.72004208997175,12594900
2017-06-13,25.443124771118164,25.451516495186148,24.83054331917479,25.300468663077872,11066700
2017-06-14,25.409561157226562,25.62774119576202,24.981592804779073,25.585782572644924,10866700
2017-06-15,20.609601974487305,25.40955926340126,20.450164020199015,25.40955926340126,76401500
2017-06-16,18.704727172851562,18.7550759209392,17.169075150879138,17.781658254936396,106360700
2017-06-19,18.998428344726562,19.275348842664442,18.62920208118122,19.275348842664442,40202800
2017-06-20,18.780248641967773,19.031995572090814,18.679551150364773,19.00682039891118,21068700
2017-06-21,18.771860122680664,19.006822023543176,18.352283470502854,18.79703369745427,27637000
2017-06-22,18.93129539489746,18.948078842721955,18.478153507539893,18.738290546588825,22745100
2017-06-23,18.964860916137695,19.107517011192055,18.822204821083336,19.065558394671616,23367400
2017-06-26,18.973251342773438,19.08234053715608,18.872552270563922,19.03199180133005,12221700
2017-06-27,19.107521057128906,19.44318205757938,18.91451618193962,19.04878058211981,23221900
2017-06-28,19.59422492980957,19.720097572929536,19.157864939806693,19.157864939806693,15721000
2017-06-29,19.501924514770508,19.762061616490307,19.225003961182832,19.703321135510812,15258300
2017-06-30,19.56905174255371,19.72849129361475,19.518703000318837,19.585835190151222,10818400
2017-07-03,19.762054443359375,19.804013057799136,19.661356969818915,19.69492226081324,5610800
2017-07-05,19.493526458740234,19.87114600035341,19.27534645698124,19.84597083072668,14218200
2017-07-06,19.409608840942383,19.77883662156203,19.342476662698573,19.468350897393425,13637800
2017-07-07,19.43478775024414,19.585835580516964,19.334090263767386,19.45157119817616,9525400
2017-07-10,18.973251342773438,19.42639316632263,18.964859620042855,19.384436153227178,13677200
2017-07-11,18.990032196044922,19.23338734085175,18.88094300735876,18.973250352017537,10070300
2017-07-12,19.1326904296875,19.25017295446082,19.006817782233806,19.073949967579612,8707600
2017-07-13,19.233394622802734,19.308918551470853,18.97325753547808,19.292135100531723,9081400
2017-07-14,19.30891227722168,19.468351808219115,19.208213204866077,19.283737108993414,7146300
2017-07-17,19.191436767578125,19.434790393458826,19.149478142041517,19.30052599285749,10516800
2017-07-18,18.922901153564453,19.1914314813592,18.91451103132607,19.1746480357675,9997700
2017-07-19,19.250173568725586,19.266955415179375,18.931294477739552,18.964861371762336,8743300
2017-07-20,19.51869773864746,19.627786917508708,19.29212605883115,19.30051778036774,8228800
2017-07-21,19.51869773864746,19.552263024236606,19.30051778036774,19.468349009985136,7001200
2017-07-24,19.493526458740234,19.577442090271777,19.443177720044325,19.510309905158053,6004900
2017-07-25,19.87114715576172,19.98023636270544,19.577443228602668,19.602618399693206,9014700
2017-07-26,19.90471076965332,20.164849380621956,19.845970309291854,19.988626398980056,10980600
2017-07-27,20.097719192504883,20.20680840106939,19.736883070967593,19.88793089863973,8650500
2017-07-28,20.374637603759766,20.374637603759766,20.005409795960915,20.064150256178518,10322200
2017-07-31,20.57603645324707,20.60960174831289,20.2739407948663,20.391421728433187,11312400
2017-08-01,20.643171310424805,20.67673660982627,20.374642512981538,20.55925566108431,9205600
2017-08-02,20.6683406829834,20.727082745970062,20.492119295696092,20.634775390405725,8694800
2017-08-03,20.190021514892578,20.626381475950094,20.013800146325536,20.61798975355775,12425500
2017-08-04,20.248764038085938,20.408203578701354,20.164850006711294,20.273939207832864,7953600
2017-08-07,20.450162887573242,20.59281898652233,20.248764723891796,20.25715644742499,7260000
2017-08-08,20.248764038085938,20.517294380380473,20.21519874564759,20.357854839765057,9033300
2017-08-09,20.089330673217773,20.223595074663944,20.047372047417145,20.190028174023443,5597600
2017-08-10,19.778839111328125,20.055759581512344,19.753665541666205,19.980235671411414,7534500
2017-08-11,19.81679916381836,20.263922078517304,19.437167957684597,19.597455938254214,10591100
2017-08-14,19.892730712890625,20.002401548615772,19.79149473375939,19.85898645924108,7672000
2017-08-15,19.49622917175293,19.892733459148804,19.462483304353356,19.892733459148804,8189800
2017-08-16,19.479352951049805,19.698696224859848,19.378116975025456,19.66495036315465,8193500
2017-08-17,19.28531837463379,19.83367573474123,19.27688190951322,19.302189695783735,15232300
2017-08-18,19.28531837463379,19.470915780012728,19.184082402278158,19.200955332519293,7969400
2017-08-21,19.07440757751465,19.378112212768425,19.023788797396637,19.276877870714117,7690700
2017-08-22,19.352807998657227,19.462478824277632,19.116591808509465,19.116591808509465,6503000
2017-08-23,19.369678497314453,19.479350927371406,19.27688060544828,19.319061319106442,6019700
2017-08-24,17.800539016723633,19.61433766144779,17.766793147307702,19.403430804873086,39086000
2017-08-25,18.3404541015625,18.61041453289767,17.969257703931092,17.986130633162315,31786600
2017-08-28,18.323579788208008,18.46699645765782,17.893329779858565,17.969256346572642,16487900
2017-08-29,18.399511337280273,18.50074732334281,18.2223503730351,18.315148283743397,8744700
2017-08-30,18.72852897644043,18.72852897644043,18.197042811850665,18.433259063789624,10805400
2017-08-31,18.450130462646484,18.720090951487546,18.399511664170205,18.686345085836695,15823700
2017-09-01,18.914121627807617,19.01535759841314,18.509180963567857,18.534488749400865,13862500
2017-09-05,18.922557830810547,19.234698985098095,18.770704681550168,18.80445054098187,11780200
2017-09-06,19.023792266845703,19.074411056195274,18.720087576204023,18.914121441437263,14274500
2017-09-07,19.209394454956055,19.34437469737516,18.736961997397785,19.006924091327402,21085200
2017-09-08,17.76679039001465,18.382639538546545,17.218432969840322,18.01144307803674,62444200
2017-09-11,18.003007888793945,18.01144435543697,17.48839468720985,17.690865059367983,21638700
2017-09-12,18.205474853515625,18.382637401677453,18.036748770417805,18.23078424870765,18888800
2017-09-13,18.332015991210938,18.62728578988543,18.18859932380281,18.222345179235756,12382000
2017-09-14,17.93551254272461,18.450125594476468,17.85114950994858,18.348889633327033,11905700
2017-09-15,18.197036743164062,18.23078260036896,17.91863985758778,17.95238571479268,15154000
2017-09-18,18.08737564086914,18.289846065580242,18.00301256163321,18.154865782439508,8370500
2017-09-19,17.82583999633789,18.21390930083594,17.783659284781823,18.129546268632797,9687600
2017-09-20,17.547447204589844,17.834280615451622,17.50526648320662,17.78366342797348,13242500
2017-09-21,17.05813980102539,17.589625788149398,17.05813980102539,17.572752859553805,20307600
2017-09-22,16.99909210205078,17.243744824931973,16.906294180519637,17.091891632673523,14233000
2017-09-25,16.82192611694336,17.07501362275121,16.77974379324797,16.914724010890975,16857900
2017-09-26,17.0328369140625,17.176253630174443,16.83036653997943,16.83036653997943,22762400
2017-09-27,17.066579818725586,17.353413228207643,16.982216767273563,17.176252268340626,12554600
2017-09-28,17.091888427734375,17.31123170774573,16.999088914512683,17.03283477717195,12922700
2017-09-29,16.92315673828125,17.21842650257644,16.90628542162011,17.150936408659604,12285700
2017-10-02,16.83879852294922,17.066578258316206,16.611020396673453,16.906290245213118,18788300
2017-10-03,17.344972610473633,17.488389280886555,16.872541888150884,16.88941481622087,25519400
2017-10-04,17.319669723510742,17.52214009031344,17.235306668403425,17.344977513678927,16921900
2017-10-05,17.46308135986328,17.68242298667574,17.277482370742163,17.277482370742163,18826700
2017-10-06,17.404029846191406,17.505265826440883,17.201559494783773,17.30279547503325,21257600
2017-10-09,17.1171932220459,17.564314518414616,17.04970151487537,17.505260883731268,16952300
2017-10-10,17.319669723510742,17.446213501625998,16.86411019138609,17.176253012555733,20709600
2017-10-11,17.53057098388672,18.58510481477062,17.496825128934788,18.13798189120311,43527900
2017-10-12,17.716171264648438,18.019877572665877,17.319667058474373,17.522137394122268,20202000
2017-10-13,17.96925926208496,18.188602533837297,17.572755045316065,17.851151965407254,16914700
2017-10-16,17.24374008178711,17.96925836543623,17.20155775715619,17.960823509601198,21368400
2017-10-17,17.277490615844727,17.43778028955375,17.083456679250077,17.218436948976073,16759000
2017-10-18,17.437772750854492,17.513699320887252,17.25217536249166,17.31966546817733,11931300
2017-10-19,17.623374938964844,17.68242859638676,17.370287375987637,17.404031633475242,10713900
2017-10-20,17.73304557800293,17.758353366250834,17.479956431884663,17.682426783324484,14104800
2017-10-23,18.01144027709961,18.230783532877812,17.682424588886747,17.749916306748766,17999300
2017-10-24,18.112672805786133,18.197035835499335,17.98612906576181,18.003001993522638,16429500
2017-10-25,17.82583999633789,18.180163444318282,17.749915037355166,18.104236876244553,13845100
2017-10-26,17.56431770324707,18.011440689780784,17.412464552760483,17.927077649611437,8778000
2017-10-27,17.35341453552246,17.479958317687952,17.17625356230907,17.378723935592156,13210300
2017-10-30,17.41246795654297,17.522140412929193,17.218434052587615,17.218434052587615,7202300
2017-10-31,17.46308135986328,17.555879245332868,17.34497247339776,17.46308135986328,9003900
2017-11-01,17.631805419921875,17.960821071006993,17.513698145173386,17.513698145173386,9975200
2017-11-02,17.86802101135254,18.01987413640395,17.49682466223697,17.977691818839176,13979500
2017-11-03,18.137985229492188,18.374201430358415,17.90176902862596,17.96925914186042,11235300
2017-11-06,17.994565963745117,18.357325873899477,17.97769303557724,18.306708698486844,10996300
2017-11-07,17.977693557739258,18.087365984924894,17.84271334665774,18.053620127608994,8983700
2017-11-08,18.433256149291992,18.467000403324185,17.943952397640324,17.977696651672517,8955100
2017-11-09,18.51761817932129,18.644161940890413,18.365765021801852,18.39950927397771,10807700
2017-11-10,18.627288818359375,18.88881280412018,18.51761798855362,18.542925775151986,8590600
2017-11-13,18.677902221679688,18.770701711341474,18.542922023493944,18.55979495053988,8041500
2017-11-14,18.68214988708496,18.72457010604893,18.266425591973093,18.665181152208323,10358000
2017-11-15,18.33429527282715,18.83486152470304,18.028864578603944,18.232484502010312,11638500
2017-11-16,18.902732849121094,19.038479450482022,18.453071220721064,18.50397579167463,15694900
2017-11-17,19.861446380615234,19.912350959147812,18.894251297359414,18.945155875891988,19798700
2017-11-20,19.68328094482422,19.954774207253106,19.445723531085196,19.58147016229964,16453000
2017-11-21,19.326948165893555,19.77660833387865,19.25907484139235,19.71721937721856,9436300
2017-11-22,19.63237190246582,19.74266703575341,19.360878679338295,19.403300506844005,9755600
2017-11-24,19.496627807617188,19.878416213315322,19.47117632605562,19.725700851036066,3379900
2017-11-27,19.666309356689453,19.79357160270172,19.471173804922156,19.513594014183827,9671600
2017-11-28,19.98870277404785,20.031124592240257,19.547527192435155,19.683273774197048,9464600
2017-11-29,20.684412002563477,20.701380736068987,20.039616311628958,20.065067793659733,20966500
2017-11-30,21.9400691986084,23.501156968152713,21.66009158875683,23.17875752757977,64064400
2017-12-01,21.77886962890625,22.0249097758819,21.380114126732494,21.73644941611895,20546400
2017-12-04,22.805450439453125,22.898776836253898,22.050359754725882,22.05884411972842,18123000
2017-12-05,22.245500564575195,22.907266627486727,22.160660130907278,22.830908942603568,11321600
2017-12-06,22.406696319580078,22.533958565694405,22.253980976951986,22.46608525988495,8173900
2017-12-07,22.508508682250977,22.635770937382485,22.372762061013717,22.449118119510725,6903000
2017-12-08,22.635772705078125,22.73758186984297,22.466088606166725,22.593350871236527,6171500
2017-12-11,22.550933837890625,22.873331729444374,22.35579822936526,22.7375850784504,6914800
2017-12-12,22.338823318481445,22.88180977236367,22.296403108607127,22.712127314639115,7762100
2017-12-13,22.644258499145508,22.813940990524735,22.09278757026472,22.364280851053564,10837900
2017-12-14,21.974000930786133,22.737575940306293,21.965516566230377,22.65273553120289,12217300
2017-12-15,22.440635681152344,22.500024626484368,21.982489614486934,21.990973980709708,12910900
2017-12-18,22.907262802124023,22.98362047425595,22.491538597309784,22.533958807059847,11990600
2017-12-19,22.86484718322754,23.009078190854943,22.763036393867417,22.949687619762106,8427200
2017-12-20,23.17875862121582,23.263600668434268,22.915749731243334,23.051496359501872,13342200
2017-12-21,23.37389373779297,23.501157615233804,23.02604280743685,23.20421126491756,8778600
2017-12-22,23.967788696289062,23.993241797820502,23.433286509949475,23.467222360430483,10935000
2017-12-26,23.586000442504883,24.171408836326563,23.407833585122575,23.976273244461865,8677100
2017-12-27,23.509641647338867,23.713263215073813,23.49267453188388,23.560547848386356,4914100
2017-12-28,23.458740234375,23.594486885722688,23.28057336131656,23.526613560048844,4381300
2017-12-29,23.28904914855957,23.577511080947843,23.28904914855957,23.50115341541994,5023400
2018-01-02,24.010204315185547,24.01868868073765,23.348439984394048,23.36540871549826,11693300
2018-01-03,23.6284236907959,24.15444154536517,23.49267704327946,23.916885721325247,10788400
2018-01-04,22.890296936035156,23.806587498080056,22.516994512473236,23.772651649677826,12357600
2018-01-05,23.17875862121582,23.390862930148216,22.813938950935707,23.153307139809503,9629900
2018-01-08,23.7302303314209,23.857494215816903,23.178759432539092,23.22966401536099,12321700
2018-01-09,23.560548782348633,23.89143101113626,23.552064415171056,23.755684372750178,8186200
2018-01-10,23.74720001220703,23.79810459705914,22.805456292191366,23.289055512082907,7565500
2018-01-11,23.82355499267578,23.849008091324613,23.38237765879371,23.755681681172955,9372300
2018-01-12,23.87446403503418,24.408967878992442,23.764170490058177,23.882948402836593,10081700
2018-01-16,23.967788696289062,24.15443991950355,23.755684371543143,24.052630749832947,8208800
2018-01-17,24.32412338256836,24.519258967793437,24.06111447995075,24.112019063438265,7571200
2018-01-18,24.655004501342773,24.909530643866788,24.349575395832396,24.400479977046214,10559600
2018-01-19,25.21495819091797,25.299800233182147,24.536225089259254,24.739845019756867,9521500
2018-01-22,25.138595581054688,25.21495324228392,24.739840164367518,25.15556430982275,9716100
2018-01-23,24.86711311340332,25.13860641781961,24.62107291311146,25.130123668005872,10590200
2018-01-24,25.011341094970703,25.34222493547753,24.73136345652803,24.98588961216617,12846500
2018-01-25,25.673105239868164,25.84278771272339,25.206474798504598,25.749462919032613,16529200
2018-01-26,26.199125289916992,26.20760965703239,25.494939001614753,25.673107474582945,11681000
2018-01-29,26.589399337768555,26.648788292144467,25.910666118861517,25.99550655755417,13224300
2018-01-30,26.156700134277344,26.68271946852841,26.071858097368814,26.300931111553663,11304000
2018-01-31,25.75794792175293,26.37729211851871,25.630684041183212,26.16518780853913,11507800
2018-02-01,25.630685806274414,26.046411706504074,25.520392269509607,25.630685806274414,5467000
2018-02-02,24.892560958862305,25.56280971026849,24.867107860114956,25.461000551733893,7695900
2018-02-05,24.15443992614746,25.062247795620866,23.967788702881638,24.587132942935465,14262000
2018-02-06,24.663494110107422,24.79075639930512,23.05998570611524,23.687814401954654,12043300
2018-02-07,24.519256591796875,24.994369767504548,24.468352013242182,24.646518847297294,7550500
2018-02-08,23.390859603881836,24.519254302211202,23.348439395418648,24.434412267057603,12340300
2018-02-09,23.467220306396484,23.789619757998814,22.593349982369304,23.602966932894066,10525000
2018-02-12,23.076950073242188,23.65387244957987,22.92423470783052,23.645389701036997,10827100
2018-02-13,23.857492446899414,23.933848506357066,23.026042358576404,23.051495457213882,7825300
2018-02-14,24.20263671875,24.432732601881163,23.665747950230344,23.73392432758924,8715600
2018-02-15,24.53499984741211,24.65430811050458,24.142984428681856,24.39012483131989,6133500
2018-02-16,24.449779510498047,24.78213917967316,24.347514121661668,24.40716825454405,5985800
2018-02-20,23.42713165283203,23.946977586844298,23.197035751667272,23.699837183640703,12438700
2018-02-21,23.35895538330078,23.887323570892338,23.24816937041796,23.580529034519618,9845900
2018-02-22,23.197031021118164,23.57200186223922,22.93284779520355,23.55495736367625,10634800
2018-02-23,23.367477416992188,23.461220552334765,23.162948269797344,23.31634553655677,5760300
2018-02-26,23.73392677307129,23.878801793068117,23.350433595005217,23.435654481848037,7044200
2018-02-27,23.239648818969727,23.946979454206623,23.239648818969727,23.776537671433726,6759700
2018-02-28,23.111814498901367,23.5379172604003,23.111814498901367,23.427129632156873,8335900
2018-03-01,23.401565551757812,23.73392684896223,23.09477263377718,23.25669215675096,8548000
2018-03-02,23.307823181152344,23.537919080260615,22.975461896178228,23.21408004622975,8605000
2018-03-05,23.85323143005371,23.870275929933847,23.23964406344551,23.25668856332565,9747300
2018-03-06,23.870275497436523,24.10889361507609,23.682790878510897,23.759487875675923,8670000
2018-03-07,22.353351593017578,23.597572563886615,22.174389204479585,23.58052806246782,22122600
2018-03-08,19.58368682861328,21.151745465283526,19.472900801496245,20.879039898115376,61491700
2018-03-09,20.52111053466797,20.538155036570487,19.49846317686115,19.68594944688253,22793200
2018-03-12,20.444412231445312,20.589287249048056,19.941610795380093,20.26544983494067,18464700
2018-03-13,20.461450576782227,20.78528789344712,20.384751965515044,20.47849507383109,11049400
2018-03-14,19.97570037841797,20.444412823706386,19.950133624411002,20.444412823706386,13766100
2018-03-15,20.13761329650879,20.418841019212373,20.035349556681762,20.120570423506177,8447300
2018-03-16,20.188749313354492,20.40180069429822,19.984220182702877,20.18022706306238,13578000
2018-03-19,19.73708152770996,20.435889858283044,19.69447189797382,20.095007944034368,10450200
2018-03-20,19.95013427734375,20.043877419650777,19.720038360110117,19.856391135036723,6614100
2018-03-21,19.984222412109375,20.28249307834274,19.91604602761986,19.924566653409478,6083900
2018-03-22,19.933090209960938,20.060922361521374,19.643340150543054,19.85639156920601,11612100
2018-03-23,19.8393497467041,20.717120598011302,19.805260737686567,20.68303321444718,17847400
2018-03-26,20.34214973449707,20.376237115519082,19.822303763921703,20.00978842317601,8625100
2018-03-27,20.001266479492188,20.572244343117866,19.967179097945372,20.41032643622719,6867300
2018-03-28,20.12909698486328,20.495544027440076,20.001264844515568,20.001264844515568,8651700
2018-03-29,20.40180015563965,20.487021030857704,20.222836155136434,20.273969655539066,6646500
2018-04-02,19.8393497467041,20.41032764412054,19.72856209285052,20.384760887357384,8243200
2018-04-03,20.10352897644043,20.273970735959555,19.822301211051034,19.933087216921308,7060400
2018-04-04,20.52111053466797,20.64894104803053,19.728559076185658,19.78821320739131,8734500
2018-04-05,20.291011810302734,20.67450492245129,20.24840218693198,20.597806300021578,7115400
2018-04-06,20.25693130493164,20.563724273217556,20.16318815118827,20.17171040384253,8798000
2018-04-09,20.06092071533203,20.36771362772315,20.06092071533203,20.30805949546524,8042400
2018-04-10,19.99273681640625,20.214310403409517,19.916039829994272,20.112046671225066,8627000
2018-04-11,20.009788513183594,20.23136217990988,19.805259349771628,19.899002492547098,8517400
2018-04-12,20.11205291748047,20.30805981958566,20.001265276844855,20.07796391253006,7759900
2018-04-13,20.22283935546875,20.333626998420637,20.00978794643401,20.23988385830031,5331600
2018-04-16,20.597803115844727,20.810854450669165,20.308053170447277,20.39327402946759,5973200
2018-04-17,20.648937225341797,20.85346633394854,20.606327603926886,20.70007072158313,5441800
2018-04-18,20.947216033935547,21.364796631740674,20.896084147079694,20.955738285987085,8430500
2018-04-19,20.6063289642334,20.91312346012268,20.55519709006951,20.751203962241895,7829000
2018-04-20,20.555192947387695,21.66305920856008,20.44440534599887,20.955728860944834,16221100
2018-04-23,21.126176834106445,21.19435321460309,20.47850040666177,20.674507297407978,11579400
2018-04-24,21.628976821899414,21.824985339888904,21.151742154064305,21.151742154064305,13809900
2018-04-25,21.84202766418457,21.91872629418744,21.458536139623313,21.518190268413747,8536700
2018-04-26,21.84202766418457,22.020991676008972,21.68010977902571,21.85054991479079,9699400
2018-04-27,21.748289108276367,21.95281827420787,21.6971555977035,21.739766856514223,7951600
2018-04-30,21.467058181762695,22.1914332217259,21.41592467862194,21.8846387046937,12105200
2018-05-01,21.100610733032227,21.577845411236016,20.708595313989232,21.356271761420963,10728100
2018-05-02,20.921649932861328,21.134701364460543,20.120577720374758,20.717120753580495,10819300
2018-05-03,20.34214973449707,20.836428950215957,20.214317585667963,20.836428950215957,12001200
2018-05-04,20.572240829467773,20.78529221047039,20.248403445543133,20.28249082126797,6291800
2018-05-07,20.435884475708008,20.870509411444843,20.35918586202193,20.59780395187336,9364500
2018-05-08,20.52962875366211,20.67450374047418,20.350664769739975,20.504062005829564,6902200
2018-05-09,20.75973129272461,20.87051731810129,20.418847713666025,20.49554635640887,5766300
2018-05-10,20.75973129272461,21.13470062896366,20.751209040702808,20.87903957012309,4833800
2018-05-11,20.938692092895508,21.10061161790699,20.700075556513585,20.708596182424444,4480000
2018-05-14,21.182811737060547,21.20850922630267,20.960105064923727,21.199943396555298,6638000
2018-05-15,21.19993782043457,21.251331151636098,21.08858533053717,21.148544489233043,7364700
2018-05-16,21.362688064575195,21.465474740398868,21.15711307916309,21.26846558359953,8662300
2018-05-17,21.671052932739258,22.58757712475729,21.568266241704993,22.00511376301312,16018900
2018-05-18,21.31985855102539,21.748140171632667,21.131415226113493,21.662485154522994,18087600
2018-05-21,21.217069625854492,21.48260374500368,21.114281328958114,21.4740379174486,14442800
2018-05-22,21.1571102142334,21.448341812572107,21.14854438678055,21.259896876138512,15212000
2018-05-23,21.045761108398438,21.165679453797654,20.857317760804676,21.071458596883236,11654200
2018-05-24,21.037193298339844,21.131415780148533,20.771659144055537,21.054324955716837,11077000
2018-05-25,21.080020904541016,21.311291727206125,20.84874844811126,20.96010094541189,23188100
2018-05-29,20.985803604125977,21.080026102296255,20.857319419016992,21.002935264477856,9553600
2018-05-30,21.396949768066406,21.46547476327681,20.874447292248874,21.037193134770604,17992900
2018-05-31,20.840187072753906,21.516872930495943,20.831621242859892,21.396952945744758,17198800
2018-06-01,20.917274475097656,21.020062783191225,20.763092829839668,20.840183652468664,8364200
2018-06-04,21.19993782043457,21.27702863411913,20.942969530662392,20.985797034369572,12918900
2018-06-05,21.33698844909668,21.52543175847477,21.225635955774308,21.259897633040964,11807400
2018-06-06,21.13998031616211,21.37125277531527,21.08858698093852,21.345555290821142,10380600
2018-06-07,21.396949768066406,21.559697244352897,21.13141561584669,21.13141561584669,11063300
2018-06-08,21.722442626953125,21.842360948571987,21.285595211929934,21.345554372739365,9620900
2018-06-11,21.876628875732422,22.262081405308475,21.799538043064224,21.825233898110326,16035900
2018-06-12,22.005111694335938,22.167857545468127,21.8423642094389,21.953716719885392,14001200
2018-06-13,22.27920913696289,22.53617744471321,21.93658418204091,22.082199992103334,14093800
2018-06-14,22.407691955566406,22.681791903170406,22.407691955566406,22.510480252800185,9915000
2018-06-15,22.167858123779297,22.390564784247054,22.082203098323525,22.17642395307785,15321800
2018-06-18,22.27920913696289,22.51048159419697,21.97084586065078,22.005109173025307,8484100
2018-06-19,22.26207733154297,22.381995656520633,21.833795732320294,22.09076567211269,10292400
2018-06-20,22.424829483032227,22.604707008089445,22.133597803998175,22.459091168572417,12841800
2018-06-21,24.609060287475586,25.26861434206695,23.769628745503656,24.232173656650215,39946600
2018-06-22,25.431360244750977,25.696894362374778,24.677583761879838,24.69471541689158,34326000
2018-06-25,25.123003005981445,25.465628019444374,24.82320550653953,24.82320550653953,15978600
2018-06-26,24.840333938598633,25.15726305598206,24.62619312878313,25.14869722753767,13523400
2018-06-27,24.84889793395996,25.260047866372002,24.720413784301773,24.840332106147468,9889200
2018-06-28,24.352092742919922,24.840333519662664,24.1979111010507,24.720415190993133,14987100
2018-06-29,24.369224548339844,24.746111193249888,24.36065871998761,24.71184951360566,7351300
2018-07-02,24.172216415405273,24.429186392867187,23.863854729721815,24.326398075129443,9545800
2018-07-03,24.583362579345703,24.788937535287047,24.249301846397064,24.249301846397064,4641300
2018-07-05,24.49770736694336,24.85746396924779,24.36065738832878,24.677584851213265,8165500
2018-07-06,24.94312286376953,25.037343711461293,24.48057791890815,24.48057791890815,6987800
2018-07-09,24.62619400024414,24.994516467563198,24.549103175281324,24.90029398510536,5523500
2018-07-10,24.643321990966797,24.874594431443352,24.369222046889934,24.75467448058632,5882100
2018-07-11,23.958072662353516,24.52340425654815,23.6754068652562,24.45487926433561,10538300
2018-07-12,23.940942764282227,24.146517741990262,23.778195294268276,24.02659777967039,7269300
2018-07-13,24.026596069335938,24.369222641557464,23.83815276162576,23.863850244671745,6277300
2018-07-16,23.97520637512207,23.992338033085705,23.726803869708704,23.87241969486993,7527700
2018-07-17,24.343528747558594,24.52340625410671,23.983772100697536,23.983772100697536,8201900
2018-07-18,24.103689193725586,24.566234130275458,23.992336690721764,24.37778917074859,8034600
2018-07-19,24.08656120300293,24.3949228862922,24.043732056876035,24.103691227688813,7362500
2018-07-20,24.103689193725586,24.180780016483897,23.932377524968576,24.077993341982637,6672200
2018-07-23,24.232175827026367,24.763244142466192,24.137953343998586,24.197912511829067,8076000
2018-07-24,23.949506759643555,24.514839985845164,23.91524508052615,24.36922417362567,8851700
2018-07-25,24.223608016967773,24.257869695598007,23.77819475842216,24.018033043892412,10265500
2018-07-26,24.531970977783203,24.788940933257706,24.454880154517326,24.523405149224246,7503600
2018-07-27,24.583362579345703,24.823199211061677,24.463442629723193,24.6947150678189,5939100
2018-07-30,25.457059860229492,25.559848171744346,24.591930759303267,24.591930759303267,12226600
2018-07-31,24.840333938598633,25.457058882711987,24.7461114594751,25.439928859587937,9100600
2018-08-01,24.574804306030273,25.148701847105727,24.480581809599,25.148701847105727,7644400
2018-08-02,25.474193572998047,25.517022720319957,24.51484354569605,24.51484354569605,9660500
2018-08-03,25.63693618774414,25.85107698231766,25.43992704884001,25.48275455424887,7332900
2018-08-06,25.61980628967285,25.86821041262644,25.57697878132589,25.64550377493986,5940400
2018-08-07,25.696897506713867,26.02239082294242,25.611240854938536,25.808250010386473,7375200
2018-08-08,26.21940040588379,26.26222791291872,25.61123967664677,25.671198840001544,6901500
2018-08-09,25.5427188873291,26.210838889837618,25.517023032386618,26.210838889837618,6707500
2018-08-10,25.816816329956055,25.953866321897266,25.362838844312584,25.43992966900011,6361200
2018-08-13,25.602676391601562,25.996696357272587,25.499889711002048,25.885342213897474,5072700
2018-08-14,26.205089569091797,26.566539136991437,25.731761855094252,25.783397038664805,10790900
2018-08-15,25.869461059570312,26.162063217384247,25.637101874267735,26.050186694198054,7588200
2018-08-16,26.273941040039062,26.351394647949498,25.740371923484194,26.041580216307757,10463800
2018-08-17,26.97962760925293,27.289440394855763,25.998549137393454,26.179274766993796,10983600
2018-08-20,27.02265739440918,27.194776889988532,26.936597646619504,27.100111003274574,5941100
2018-08-21,26.988237380981445,27.168961393456943,26.704241331767562,27.10872005596511,5111600
2018-08-22,27.31525993347168,27.530408485223774,26.97962871800343,27.065688466994903,13288800
2018-08-23,27.80579948425293,27.88325309273466,27.11732314679901,27.19477675528074,11686900
2018-08-24,26.850540161132812,27.79719248434867,26.841934022009532,27.779980206102113,8486100
2018-08-27,26.841934204101562,27.01405206337516,26.60096723137467,26.93659845219342,6684100
2018-08-28,26.773080825805664,26.971017058958374,26.523507768954367,26.867745053014048,5749600
2018-08-29,26.403026580810547,26.988230816596896,26.385814305298492,26.8075052066262,6886600
2018-08-30,26.712841033935547,27.272226857704393,26.446055687261087,26.471874100586888,6507900
2018-08-31,27.10871696472168,27.11732310358962,26.618178539421123,26.6870260089115,7356500
2018-09-04,27.45294952392578,27.487374073393333,27.134530648615243,27.143136785982133,8774500
2018-09-05,27.504589080810547,27.616467242919544,27.194776293596455,27.35828964666561,6881000
2018-09-06,28.020952224731445,28.175859464873795,27.582047283359184,27.59925956369798,8404900
2018-09-07,27.85743522644043,28.16724968474334,27.831618449217373,28.012342455591885,6488100
2018-09-10,27.323867797851562,27.668106815554058,27.22059576425016,27.642286755337096,10614100
2018-09-11,27.01405143737793,27.607863536979682,26.99684080086664,27.392713345330243,14372000
2018-09-12,27.306655883789062,27.392715639365377,26.755876074425938,27.10871959498085,11846000
2018-09-13,24.595781326293945,25.11213815686488,24.354814367640014,24.62159974233108,32474400
2018-09-14,23.924516677856445,24.62159912016649,23.890093765463213,24.612992981704913,18729600
2018-09-17,24.819534301757812,24.94001695207752,23.700762613624242,23.8814865891038,16749800
2018-09-18,25.206804275512695,25.32728693523459,24.802323961098118,24.914202123513988,10436600
2018-09-19,24.853960037231445,25.49940569407366,24.415058435057546,25.267046505114884,10168400
2018-09-20,25.11213493347168,25.146557842316223,24.569959756457205,24.940015464890248,9027600
2018-09-21,25.774797439575195,25.817826493816945,25.215409885713267,25.327288053066933,16765400
2018-09-24,25.482192993164062,26.110426320983866,25.344498062174875,25.637100200890163,10477500
2018-09-25,25.180980682373047,25.705943548584393,25.05189191043087,25.387523045771086,9837600
2018-09-26,25.292861938476562,25.51661661794746,25.258439025494248,25.267045164103102,6790200
2018-09-27,24.95722770690918,25.232617543111576,24.59577813653031,24.89698638542152,9543600
2018-09-28,25.051897048950195,25.189591986125517,24.922806609076847,24.95723116409724,7887900
2018-10-01,24.742082595825195,25.18098582319508,24.73347645707836,25.086319938433007,7692700
2018-10-02,25.026079177856445,25.077714370058736,24.647417271648926,24.871171959796406,8648400
2018-10-03,25.284257888793945,25.49080194956442,25.03468641433058,25.103533887436324,9948400
2018-10-04,24.767900466918945,25.292861787296427,24.66462844568308,25.224014320290213,8392500
2018-10-05,25.017471313476562,25.335891866577974,24.466691590763908,24.612992659791086,7899400
2018-10-08,25.258441925048828,25.32728940036994,25.043293359488707,25.060505638682308,4158500
2018-10-09,24.02779197692871,24.699056095459028,23.61470712311927,24.6560253972789,14954900
2018-10-10,23.864274978637695,24.4580853916194,23.812639790124994,24.027788323956464,10049500
2018-10-11,23.012287139892578,23.890093557910284,23.003681001505768,23.829852230655685,10385800
2018-10-12,23.167194366455078,23.416765814059634,22.917621277397465,23.296283159454198,10772800
2018-10-15,23.66634178161621,23.80403672975663,23.020896096663044,23.020896096663044,6745500
2018-10-16,23.40816307067871,23.683552954094406,23.210225155702144,23.614705483240485,6548400
2018-10-17,23.485614776611328,23.735186222679303,23.167194223817784,23.39955503465742,7415000
2018-10-18,23.545860290527344,23.94173287587611,23.42537597378583,23.502829591172038,6446000
2018-10-19,23.717979431152344,23.769616273138347,23.459801787036046,23.735191711814345,6060700
2018-10-22,24.079421997070312,24.268753745456674,23.692155645417472,23.71797241732256,7857100
2018-10-23,24.466690063476562,24.51832524889438,23.674943440773895,23.84706127265094,8234500
2018-10-24,24.053607940673828,24.707658071719596,23.97615433330862,24.389239144954306,7699100
2018-10-25,24.096635818481445,24.34620890592747,23.872881146049753,24.105241956819555,5803200
2018-10-26,23.73518943786621,24.08803295036594,23.390952064872973,23.898702805582975,8689800
2018-10-29,24.294572830200195,24.7937173791367,23.184407213364306,23.786822142658377,11927000
2018-10-30,25.895278930664062,25.989944815448112,24.28596709660081,24.406451397631365,18527200
2018-10-31,25.611282348632812,26.153455946136223,24.776506605983727,25.860853800990544,13348700
2018-11-01,25.241230010986328,25.860857297839612,25.00026302315006,25.85225279957163,9236300
2018-11-02,25.964128494262695,26.265336808964076,25.1723817214678,25.1723817214678,11641800
2018-11-05,26.342788696289062,26.411636165870465,25.77479666187922,25.82643185370198,7014600
2018-11-06,26.53211784362793,26.58375303353638,26.18788050848311,26.29975702686027,6082900
2018-11-07,26.953811645507812,27.323867435614805,26.62678655276981,26.678421748159334,7791500
2018-11-08,26.97962760925293,27.229199065473356,26.773085205033333,26.94520305448977,5644000
2018-11-09,27.01405143737793,27.315259735943336,26.66120794637231,26.927993330461963,6935400
2018-11-12,26.996841430664062,27.521802789201384,26.773086736265693,26.859144845189274,5927800
2018-11-13,27.005441665649414,27.229196324728647,26.807505420043807,26.9193835703099,6806100
2018-11-14,26.184219360351562,27.065958052462893,25.95081721443564,26.797978726860887,8510700
2018-11-15,25.959463119506836,26.210153042429702,25.71741625529737,26.045906897115803,5861600
2018-11-16,26.140993118286133,26.14963782451497,25.596389816342498,25.821147231864845,4530900
2018-11-19,26.417619705200195,26.581865841988023,26.123706259920628,26.14099567406867,5879200
2018-11-20,25.579103469848633,26.227441675440318,25.466723924212857,26.0459061204938,6564800
2018-11-21,25.527233123779297,25.91623500068395,25.46672018181677,25.700122297245006,4690300
2018-11-23,25.665544509887695,25.82978897344111,25.181450878588777,25.345696990951232,1787000
2018-11-26,25.561811447143555,26.1409935843282,25.475366032123176,25.907591458415922,5399200
2018-11-27,25.968103408813477,26.002680584212225,25.553165762364877,25.553165762364877,7007100
2018-11-28,26.149639129638672,26.32252996522608,25.950815822879598,26.106417245146424,5203100
2018-11-29,26.244728088378906,26.47812856260298,26.054547847918165,26.054547847918165,4565900
2018-11-30,25.639610290527344,26.434905083001535,25.527232413342624,26.158281094107735,10031300
2018-12-03,25.726058959960938,25.803859672799458,25.10365490606201,25.484012114595625,9392600
2018-12-04,24.75787353515625,25.907593179521303,24.68007282135033,25.62232444516935,13875800
2018-12-06,25.55316925048828,25.639614673998974,24.00580292976502,24.723297141927958,16511700
2018-12-07,25.216033935546875,25.76063730118646,25.06043250284719,25.51859209370634,10834500
2018-12-10,24.887544631958008,25.302480708749975,24.334294880759316,25.28519129334796,7298300
2018-12-11,25.27654266357422,25.397565254990873,24.965339829863797,25.172809484876844,5495600
2018-12-12,25.717418670654297,25.933531432592567,25.466727075377328,25.527240033720044,8012100
2018-12-13,25.726058959960938,25.88166038563798,25.432145522306357,25.717414253111187,6421100
2018-12-14,25.544523239135742,26.27930682824989,25.44079005526623,25.579102066298397,7924300
2018-12-17,24.999921798706055,25.61368118813009,24.85296506973265,25.544525177366687,6228900
2018-12-18,24.680068969726562,25.371630579096035,24.446668513543035,25.05178306683119,7530800
2018-12-19,24.4034481048584,24.956697792834586,24.26513609506666,24.809741076329704,5751100
2018-12-20,23.928003311157227,24.38616127380557,23.556289127175777,24.265138664624406,11553400
2018-12-21,23.68595314025879,24.69736070839817,23.66002066979955,23.832909851828074,10979800
2018-12-24,22.994394302368164,23.755110369970804,22.9857495954988,23.677309656955742,3603900
2018-12-26,23.971221923828125,23.971221923828125,22.977103765761843,23.098126358400243,5446700
2018-12-27,23.668663024902344,23.781042556254043,22.84743572482114,23.781042556254043,7415700
2018-12-28,23.841554641723633,24.126823359438166,23.668663810280634,23.737819813096,4054200
2018-12-31,23.77239990234375,24.01444674946622,23.42661986988969,23.953933801078662,5122800
2019-01-02,23.59950828552246,23.798333240352274,23.409329686130032,23.67730899636691,5512200
2019-01-03,23.642732620239258,24.074958073447256,23.452552365589817,23.452552365589817,8780700
2019-01-04,23.910703659057617,24.386150833410834,23.79832580561713,23.806970509544655,10299000
2019-01-07,24.135473251342773,24.368875429294,23.55629098502465,23.902071073391546,8238600
2019-01-08,24.602272033691406,24.628206154485284,24.144114107997726,24.334292714058382,6063000
2019-01-09,24.247846603393555,24.69736145817076,24.15275812747434,24.636850160183293,5669500
2019-01-10,24.61956214904785,24.62820685622546,24.109535967234063,24.368872236134415,6859900
2019-01-11,24.576339721679688,24.84431904305705,24.39480417255941,24.498539007600893,4447600
2019-01-14,24.463956832885742,24.80973846984689,24.412090246865187,24.524469773520273,8317900
2019-01-15,24.740589141845703,24.783811033713192,24.34294081166498,24.550408860485994,4592400
2019-01-16,24.809741973876953,24.844319153171188,24.342937687335233,24.628206423952083,5165400
2019-01-17,25.008560180664062,25.112293346166958,24.740580912837824,24.740580912837824,4386600
2019-01-18,25.4407901763916,25.54452336075499,25.06907602666944,25.06907602666944,5500100
2019-01-22,25.3456974029541,25.544520692893254,25.224674817566626,25.423498107505782,4577200
2019-01-23,25.27654266357422,25.59639020364428,25.043140538291404,25.406209961350513,5379600
2019-01-24,24.81838035583496,25.45807536474487,24.66278060511497,25.190094443863245,9579200
2019-01-25,24.308361053466797,24.982631728521607,24.256492810147726,24.93076513401185,7997900
2019-01-28,24.394804000854492,24.429382828561355,23.97122325430095,24.20462539489451,5721900
2019-01-29,24.27378273010254,24.32564932569245,24.109536587123582,24.308361559702043,4151500
2019-01-30,24.429380416870117,24.472602298427535,24.07495571191018,24.282423711242163,4684600
2019-01-31,24.489896774291992,24.489896774291992,24.144116703909233,24.403451344493945,6217900
2019-02-01,24.265140533447266,24.559054020217268,24.10953908176791,24.550409311922913,5164500
2019-02-04,24.308361053466797,24.308361053466797,24.07495890495891,24.26513751736757,4005300
2019-02-05,24.463956832885742,24.57633635954083,24.170043430754195,24.24784413418955,6587400
2019-02-06,24.455318450927734,24.60227353127736,24.221916296003,24.48989563194842,4837500
2019-02-07,24.360225677490234,24.412092267804532,24.2305583772999,24.386158148242796,4115700
2019-02-08,24.057668685913086,24.412093426026484,23.876134786795653,24.31700329859778,4411800
2019-02-11,23.81561851501465,24.04037591742273,23.789686046650388,24.01444344905847,5061700
2019-02-12,24.706005096435547,24.896183688858848,24.040377549740295,24.09224578760867,8450900
2019-02-13,25.034496307373047,25.12958643032583,24.86160712332429,24.948052539753256,6533400
2019-02-14,25.15610694885254,25.581746970203127,24.921572673127454,24.95631781675321,7282500
2019-02-15,25.625181198120117,25.63386789903943,25.295094847280193,25.364586797815903,5059000
2019-02-19,25.66861343383789,25.816284038060427,25.625181585403716,25.703360238040283,3679200
2019-02-20,24.97369384765625,25.573062963909265,24.687039341068946,25.56437626288313,8916200
2019-02-21,24.826021194458008,25.19954102365376,24.739155848186186,24.9736917860745,4976900
2019-02-22,24.773902893066406,24.912886785740714,24.574113754449424,24.730469391094,5496100
2019-02-25,25.060550689697266,25.21690794142597,24.817328114028367,24.895506739892717,5437000
2019-02-26,25.12136459350586,25.216916648514843,24.886828634930446,25.130051294581115,5244500
2019-02-27,25.885774612426758,25.89446131301519,25.07793133952719,25.14742328741593,10557800
2019-02-28,25.477510452270508,26.033446053417094,25.216916053437743,25.824970202987124,10246200
2019-03-01,24.339576721191406,25.972638215184908,23.835759718668225,25.581746655899927,19034900
2019-03-04,24.878141403198242,24.973693456169073,24.38301105020172,24.409071152871615,7943200
2019-03-05,25.12136459350586,25.199543246364332,24.791278236740283,24.886828634930446,8544100
2019-03-06,24.70440673828125,25.260342214273695,24.617541405952828,25.103984947446218,11784500
2019-03-07,22.246131896972656,22.689143692708644,21.238497809077813,21.672822904095202,45424700
2019-03-08,21.255868911743164,22.30693647148748,21.14294511944933,22.246131225112435,19717800
2019-03-11,21.429597854614258,21.446971254105875,21.056078049637318,21.32535911448312,15712100
2019-03-12,21.264554977416992,21.551209456641292,20.830229908482078,21.5164643126722,15447200
2019-03-13,21.481718063354492,21.69019390297692,21.290615624571938,21.334047469852933,8167700
2019-03-14,21.499088287353516,21.698877397033907,21.4122229528086,21.54252012621675,8713900
2019-03-15,21.160314559936523,21.551206066395142,21.01264399345614,21.446968994066868,12911200
2019-03-18,21.325363159179688,21.37748336753997,21.030021939080267,21.090828848833933,7227900
2019-03-19,21.134258270263672,21.412226055632676,21.07345302431654,21.351420809685543,10318300
2019-03-20,20.838918685913086,21.090828046278745,20.769426734229253,21.07345464415308,7094700
2019-03-21,21.125577926635742,21.16032473867166,20.430658254109247,20.717312826128826,5857200
2019-03-22,21.1429500579834,21.420917910235815,20.977906024401367,21.16901016543922,6415100
2019-03-25,20.9778995513916,21.17768867644805,20.882349167175104,21.108196734827608,5714300
2019-03-26,21.255868911743164,21.273242312655665,21.012647926242998,21.047393071249292,4715700
2019-03-27,21.082138061523438,21.238495342663015,20.925780780383864,21.195061844113933,7728900
2019-03-28,21.22981071472168,21.342734508332146,21.04739331665096,21.125571964850025,6573900
2019-03-29,21.368793487548828,21.455658831742575,21.142944255372537,21.316674943760034,7094000
2019-04-01,21.264554977416992,21.612014701201193,21.090825943934217,21.48171751188445,10620100
2019-04-02,20.63912582397461,21.169002895879828,20.595692326463556,21.10819599936435,10286000
2019-04-03,20.673871994018555,20.804170836217633,20.517516365653144,20.699932093822092,10688700
2019-04-04,20.56963348388672,20.69124396091052,20.43064960819709,20.51751494470773,8213500
2019-04-05,20.760740280151367,20.986589540015398,20.51751927477382,20.604382972797897,5362100
2019-04-08,20.725990295410156,20.960524544887463,20.621751562561446,20.752048736008494,4726000
2019-04-09,20.795482635498047,20.873661272447993,20.604378564367735,20.665185459520963,5953300
2019-04-10,21.698877334594727,21.724937431928748,20.83022730528203,20.86497410172739,14217300
2019-04-11,22.35905647277832,22.47198192924128,21.759687356833247,21.78574745989827,18409900
2019-04-12,22.298250198364258,22.558844589771063,22.167953002660855,22.38511554777277,10419600
2019-04-15,22.1245174407959,22.306934823261177,22.055025499099262,22.254816281193346,4613900
2019-04-16,22.211383819580078,22.298249164962858,22.098460030355522,22.211383819580078,4428700
2019-04-17,22.185327529907227,22.541473989421238,22.081088773962698,22.36774328178663,6078300
2019-04-18,22.393796920776367,22.471975550962988,22.150574331660394,22.150574331660394,4811200
2019-04-22,22.150575637817383,22.367738144070493,21.898666335290923,22.306932907410573,5032800
2019-04-23,21.90735626220703,22.15926560185002,21.77705907062076,22.133205500805293,5748500
2019-04-24,22.211383819580078,22.298249164962858,21.90735593914967,22.037654785633173,5303800
2019-04-25,22.38511848449707,22.48066889024492,22.176642612657737,22.21138776288815,5304800
2019-04-26,21.716257095336914,21.976851517753385,21.499094524383544,21.803122455082047,10233300
2019-04-29,22.211383819580078,22.28087576452257,21.80311885014526,21.82049225058555,6295700
2019-04-30,22.393796920776367,22.489347291256863,22.11582753743597,22.289558194921423,5241000
2019-05-01,22.220073699951172,22.654398832207306,22.220073699951172,22.393804415581183,4792600
2019-05-02,22.393796920776367,22.671764647298424,21.994217071287153,22.27218479780921,5743200
2019-05-03,22.35905647277832,22.47198192924128,22.185327422801254,22.40248997788669,4367800
2019-05-06,22.33299446105957,22.35036786161813,22.081086780235132,22.202697270507713,8698400
2019-05-07,22.38511848449707,22.38511848449707,22.10715065537796,22.272193018405588,6127400
2019-05-08,21.959474563598633,22.332992705331183,21.863922524857134,22.315620962956988,6762200
2019-05-09,22.02897071838379,22.02897071838379,21.69888269783981,21.8639267081118,6131800
2019-05-10,22.437232971191406,22.47197977194243,21.855237313160977,22.00290790271552,7383200
2019-05-13,22.05502700805664,22.237444403002524,21.803119323478327,22.228757702593796,5238700
2019-05-14,22.055028915405273,22.238456078979652,21.967681933034328,22.107436438425793,5695100
2019-05-15,22.02008819580078,22.098700308834992,21.87160050007508,22.00262013313042,4235000
2019-05-16,21.539682388305664,22.430618561545806,21.426132483561737,22.220986814784307,9996700
2019-05-17,21.15535545349121,21.81919011255599,20.928253991231816,21.46980388831267,16177000
2019-05-20,21.024333953857422,21.286374848189226,20.858374887381093,21.233965669719996,9357200
2019-05-21,21.225234985351562,21.513478859661095,21.033072957813573,21.347521426516746,15445600
2019-05-22,20.963193893432617,21.295110397036446,20.884581783051846,21.225233150698536,6977900
2019-05-23,20.552663803100586,20.82343790495901,20.465316834951302,20.771030390471378,6702700
2019-05-24,20.7186222076416,20.77976625449376,20.482787548088698,20.60507230978316,5229200
2019-05-28,20.63127899169922,20.86711367514743,20.613809262257103,20.76229863050491,6715700
2019-05-29,20.115936279296875,20.48279231577663,20.028589286610206,20.412915054828357,9705600
2019-05-30,19.897567749023438,20.246954020726033,19.871363153893807,20.124669242131414,7429800
2019-05-31,19.92376708984375,19.96744140719398,19.60058547147634,19.82768692368296,8250500
2019-06-03,20.05478858947754,20.159605294936956,19.740341805109313,19.85389170885242,7476800
2019-06-04,20.640005111694336,20.849638461093456,20.19453882573365,20.229476606630485,9040200
2019-06-05,20.41291046142578,20.875846586284172,20.40417559752214,20.805969341059985,4227000
2019-06-06,20.701156616210938,20.80597166274077,20.238218773689653,20.439115667876102,6564300
2019-06-07,20.90205192565918,21.006866964242214,20.58760347790008,20.727357973347456,6812300
2019-06-10,21.303842544555664,21.373719781983297,20.945721494488456,20.9893958091337,9762700
2019-06-11,21.539682388305664,21.67943688614666,21.199031008068854,21.321315777178473,11197500
2019-06-12,21.513477325439453,21.827925771717908,21.426132015699874,21.496009263094532,6805000
2019-06-13,21.504743576049805,21.670700993105097,21.391192010690972,21.539681365849095,8832900
2019-06-14,21.190296173095703,21.78425362274633,21.12041892407828,21.539682418182828,7835600
2019-06-17,21.27764129638672,21.7143744811828,21.22523211468767,21.233966978304178,14319100
2019-06-18,20.910785675048828,21.583353523780538,20.893315947548025,21.207764378542795,13111600
2019-06-19,20.648744583129883,20.849643115653073,20.465317443962284,20.744826417553803,11300900
2019-06-20,20.203277587890625,20.709888045510738,19.591852092696687,19.635524747351617,28762900
2019-06-21,19.425893783569336,20.30809510414304,19.390955991648276,20.281890510698453,26306700
2019-06-24,19.2861385345459,19.574382387216904,19.25993394211945,19.364750645820262,9738700
2019-06-25,19.085243225097656,19.3472825068681,18.75332502444963,19.303609848574734,15139200
2019-06-26,18.718385696411133,19.181321833985983,18.604834128549573,19.032834141560077,15903400
2019-06-27,18.683446884155273,18.884345434375845,18.604834770157016,18.709651477489707,8460500
2019-06-28,18.962953567504883,19.09397485217785,18.683444603411584,18.73585378368271,10571800
2019-07-01,18.866870880126953,19.242461625168165,18.70964669234183,19.076502575172245,7948500
2019-07-02,18.72711753845215,18.875606872920464,18.491281242648697,18.83193255925054,10437900
2019-07-03,18.823204040527344,18.89308129994534,18.657246590662904,18.70965411872508,5279600
2019-07-05,18.997892379760742,19.050299892258053,18.80573038993408,18.84940303934771,5802500
2019-07-08,19.041566848754883,19.19005620335731,18.89307749415245,19.00662905908634,9034200
2019-07-09,18.962953567504883,19.06777026204229,18.858138538972316,18.997893021018964,5200800
2019-07-10,18.910551071166992,19.059040455993927,18.631042032905768,18.997898062124943,7953600
2019-07-11,19.00662612915039,19.067768501148745,18.849401934866233,18.989156404006664,6102100
2019-07-12,19.12017822265625,19.312341889459955,18.962954010182266,19.05903584358412,6051200
2019-07-15,19.2861385345459,19.34728091753596,19.067771929007105,19.067771929007105,7398900
2019-07-16,19.181320190429688,19.321076338746945,19.146382402854005,19.29487174856155,5659700
2019-07-17,18.901817321777344,19.24247044003118,18.85814465672178,19.198796108970235,7303800
2019-07-18,18.919282913208008,18.980425297305295,18.796998145013436,18.90181318460735,6487400
2019-07-19,18.94548797607422,19.155119726467223,18.928018247040203,18.962956039103176,7071100
2019-07-22,18.22051239013672,19.050304595910607,18.211777524896338,18.98042733999275,10966300
2019-07-23,18.185571670532227,18.342795901967044,18.080756626912404,18.2816535155213,9577700
2019-07-24,18.552425384521484,18.631037490617306,18.150631656480503,18.159366520047246,12400500
2019-07-25,18.4650821685791,18.70091853480915,18.43014437321458,18.569898886683085,10592900
2019-07-26,18.762056350708008,18.928015419731455,18.447609605090452,18.500017118359246,9593300
2019-07-29,18.718385696411133,18.82320073412412,18.56989633798024,18.68344623983681,6599700
2019-07-30,18.718385696411133,18.744588622836886,18.55242660969308,18.692181103980392,8743200
2019-07-31,18.4825439453125,18.648502983387928,18.264177403741222,18.639768121804536,10717200
2019-08-01,18.7969970703125,18.962954484515237,18.430141120698423,18.473813773698105,12353600
2019-08-02,19.425893783569336,19.60058774118979,18.997895420004777,19.146384784180647,17253800
2019-08-05,19.14638328552246,19.29487263807552,18.971689341575946,19.207525666102264,13792700
2019-08-06,19.460834503173828,19.565649551737394,18.954223992436166,19.233733009945887,12238900
2019-08-07,20.87584686279297,20.90205145485098,19.13764890706386,19.268668535344,30946500
2019-08-08,20.395442962646484,20.91952319210735,20.15087174463005,20.78850188523829,15310800
2019-08-09,20.369237899780273,20.482789474322207,20.185810739988803,20.212013667956107,8259800
2019-08-12,20.1508731842041,20.430382215616593,20.080995926350976,20.38670955421036,7820800
2019-08-13,20.133398056030273,20.42164187565484,20.00237844092907,20.08972540633147,7462300
2019-08-14,19.44733238220215,19.98387002139408,19.44733238220215,19.98387002139408,9269400
2019-08-15,19.552885055541992,19.807961739485894,19.192260671631985,19.658434433158543,9670300
2019-08-16,19.931095123291016,20.03664446829283,19.500105180029284,19.55287901370523,6025100
2019-08-19,20.22136116027832,20.28293093514748,19.931102451859033,20.08942568875147,7218800
2019-08-20,20.150991439819336,20.388476247736417,20.09821759727672,20.247744882522635,7963600
2019-08-21,20.52920913696289,20.57318706273813,20.256542306325688,20.300520232100926,6136200
2019-08-22,20.81946563720703,20.872239478162328,20.44124947545206,20.581980836432958,6468600
2019-08-23,20.4852294921875,20.837057901817023,20.42365805255842,20.749100379997095,7348700
2019-08-26,21.039358139038086,21.048154058613598,20.590776306587742,20.599572226163254,5626600
2019-08-27,20.335702896118164,21.18888702802971,20.318111055629206,21.109725423479645,10237200
2019-08-28,20.678735733032227,20.77548917964163,20.24774569995894,20.34449746891807,7035800
2019-08-29,20.81946563720703,21.092132439401247,20.74909995671658,20.881035397929903,5470700
2019-08-30,20.828264236450195,21.065749067775773,20.749102626008337,20.854650321497235,6170500
2019-09-03,21.118518829345703,21.22406650441242,20.494021987542453,20.66114109698981,8153000
2019-09-04,21.690244674682617,21.82218013482708,21.25045868910081,21.338416221747252,11940400
2019-09-05,21.839773178100586,22.08605394752628,21.64626793775571,21.927730715584797,11177300
2019-09-06,21.725427627563477,22.0948479101242,21.628674177143896,21.945320612953186,11326500
2019-09-09,22.156415939331055,22.182802021811487,21.743016085535405,21.77819976570959,10083700
2019-09-10,22.71055030822754,22.719346230140747,22.033279419765616,22.086054951244865,11613100
2019-09-11,22.490652084350586,22.68415896632243,22.17400567941497,22.640179366942384,14352500
2019-09-12,22.508243560791016,23.54613860230465,20.96899283798862,22.648974921235222,30230500
2019-09-13,23.07117462158203,23.106358309087188,22.402699657839037,22.420291501591617,12448900
2019-09-16,22.851280212402344,23.159130748673906,22.763322676660405,22.956829590822764,6994800
2019-09-17,22.56102180480957,22.868872344983675,22.525839796657074,22.73693687852348,8053000
2019-09-18,22.182802200317383,22.569814297096695,22.077254514245894,22.51704045406095,7449300
2019-09-19,22.71055030822754,22.90405723501698,22.094850873158073,22.244378190381475,10035200
2019-09-20,22.5874080657959,22.851278981153648,22.543428461469365,22.763321450150944,8801900
2019-09-23,22.622594833374023,22.816101777840785,22.46427325742492,22.508251193357886,5231800
2019-09-24,22.701751708984375,22.94803246055739,22.4906546409148,22.561020330271326,5084900
2019-09-25,22.666568756103516,22.983213506153014,22.657772835595154,22.710546680995023,8881300
2019-09-26,22.675365447998047,22.87766659362147,22.65777360638287,22.74573113680838,5129300
2019-09-27,22.64018440246582,22.78971171831478,22.4818611647845,22.736937864971193,4655500
2019-09-30,22.675365447998047,22.807300904811132,22.55222423434219,22.692955611962866,6117000
2019-10-01,22.508243560791016,22.842480122433468,22.32353260167665,22.736932440925386,7813800
2019-10-02,22.033275604248047,22.38510570924744,21.918931994478438,22.367513868467416,7809900
2019-10-03,21.628673553466797,22.121233356794363,21.470350340127506,21.9189322187054,11157100
2019-10-04,21.804588317871094,21.813382560583875,21.54951166029345,21.5758994213826,7781900
2019-10-07,21.848567962646484,22.033277271865888,21.822180199479256,21.857363883702227,7982700
2019-10-08,21.514328002929688,21.822178505380048,21.35600646916833,21.734220979301334,7873700
2019-10-09,21.575897216796875,21.751810573132563,21.53191761947538,21.584693136261173,4706900
2019-10-10,20.968994140625,21.435167849587433,20.854648854629378,21.19768303496599,14008100
2019-10-11,21.329620361328125,21.47914766395685,21.118523288967047,21.162501216590037,8096400
2019-10-14,21.197681427001953,21.312025026673712,20.995380308848002,21.241659347417986,4431400
2019-10-15,21.382389068603516,21.417572744362303,21.153700209121393,21.28563731556685,7753600
2019-10-16,21.558307647705078,21.74301694295279,21.356006511676558,21.373596674807096,5978000
2019-10-17,21.487937927246094,21.663851269070545,21.39998041750889,21.558303599505866,4016000
2019-10-18,21.056949615478516,21.593487279141755,21.030561857206518,21.461551843081946,7250200
2019-10-21,21.206480026245117,21.408781169961642,21.10093065519935,21.10972657592402,4404200
2019-10-22,21.85736083984375,21.91893060100934,21.2064778712144,21.32961739354558,7216800
2019-10-23,21.971704483032227,22.147619524674106,21.82217720093168,21.91013472175262,7093900
2019-10-24,21.9277286529541,22.08605187000292,21.71663158943912,22.08605187000292,5113100
2019-10-25,22.23558235168457,22.323538215844692,21.892548106387924,21.892548106387924,6370600
2019-10-28,22.279556274414062,22.3411260393065,22.086051059373514,22.253168513324333,6191100
2019-10-29,21.663850784301758,21.910131470524952,21.188882926589073,21.86615355546542,11876200
2019-10-30,21.760610580444336,21.839772192843864,21.487943736429525,21.549513506595734,5037200
2019-10-31,21.672657012939453,22.015691288661472,21.55831337279926,21.866163957616163,7027200
2019-11-01,21.980501174926758,22.11243662196721,21.67265068006555,21.707834360689795,6107600
2019-11-04,21.980501174926758,22.402695276516294,21.88374773086032,22.12123254212327,9042100
2019-11-05,24.478487014770508,24.69837999969574,22.464268145233582,22.517041991873544,26560000
2019-11-06,23.748445510864258,24.63681348869984,23.651692047860706,24.628017566822194,14409200
2019-11-07,23.62530517578125,24.003521415714683,23.519755794403117,23.827606339301294,9614900
2019-11-08,23.766033172607422,23.8627849409354,23.554936117641475,23.634097722959986,6614100
2019-11-11,23.40540885925293,23.792419288393145,23.23828972805813,23.722053603308535,7003000
2019-11-12,23.748445510864258,23.80121936447958,23.46698272138181,23.59891819424539,7176500
2019-11-13,23.80121421813965,23.836397898042758,23.572525331720026,23.79241829816387,6385400
2019-11-14,23.8100643157959,24.07550471600416,23.721583619850175,23.907393250099084,4149900
2019-11-15,23.668498992919922,23.8896999180874,23.615411243415885,23.83661216858336,5678000
2019-11-18,23.898544311523438,23.95163205248386,23.5800144905032,23.60655920479784,8600000
2019-11-19,23.77467155456543,24.102047915055017,23.721582127759984,24.09319967725411,5536000
2019-11-20,23.52692985534668,23.748130774116294,23.42960091104674,23.73928253485002,4662000
2019-11-21,23.624256134033203,23.836608789575997,23.535775438983148,23.801215836504422,4280600
2019-11-22,23.93393898010254,24.004723207326112,23.526930095474267,23.633105592495077,5181700
2019-11-25,23.889698028564453,24.084354219769278,23.756977821487116,24.084354219769278,4978500
2019-11-26,23.92508888244629,24.04896083982125,23.76582397289057,24.04011260177606,6779000
2019-11-27,24.093198776245117,24.252463675447853,23.960478589452414,24.048959276523796,3893100
2019-11-29,24.190532684326172,24.376340646588876,23.907395777471145,24.040115991605802,3703000
2019-12-02,24.54445457458496,24.54445457458496,24.15514047184245,24.261317659001,9022200
2019-12-03,24.234764099121094,24.464813181015202,23.925084265444912,24.376332505266927,8380100
2019-12-04,24.45597267150879,24.553301614345692,24.190532248026944,24.190532248026944,10504200
2019-12-05,23.71273422241211,24.606386001287206,23.226092949941066,24.332097376128736,14335700
2019-12-06,24.3232479095459,24.39403212174118,23.76582244946163,23.801213711744904,9630700
2019-12-09,24.632932662963867,24.677172168458178,24.137443113385967,24.270163317497854,6564000
2019-12-10,24.65947151184082,24.77449521133689,24.376333006103266,24.41172595218117,7430500
2019-12-11,24.79219627380371,24.84528401511939,24.438275185651072,24.77449979748886,5260400
2019-12-12,24.951459884643555,25.287684478953736,24.898370458466594,25.013395860887897,6193200
2019-12-13,24.85413360595703,24.924917827439973,24.641780941508205,24.916069588800983,6695000
2019-12-16,25.048786163330078,25.10187558747086,24.73910460635703,24.90721774087875,6643800
2019-12-17,25.393861770629883,25.464645984924253,24.978003034975266,25.07533196249082,10595600
2019-12-18,25.06648063659668,25.508882343340446,25.04878416329607,25.385010405493336,8949500
2019-12-19,25.44694709777832,25.641603246732632,25.093026059848373,25.12841731982705,8431100
2019-12-20,25.6593017578125,25.756630683831613,25.393861380196977,25.641605282603795,9343600
2019-12-23,25.56197738647461,25.845114289748704,25.544282595741777,25.721242316473553,4323600
2019-12-24,25.747779846191406,25.765476319613104,25.446946548536914,25.446946548536914,1641100
2019-12-26,25.56197738647461,25.845114289748704,25.49119316065609,25.70354583811166,3872300
2019-12-27,25.44694709777832,25.668147957438116,25.43809886087649,25.5885155129503,3361800
2019-12-30,25.71239471435547,25.80087542072813,25.438106043466416,25.45580252226677,4602700
2019-12-31,25.65045166015625,25.75662881608024,25.5619709781577,25.65929989711897,3752500
2020-01-02,25.35846710205078,25.800868833332377,25.093026738333293,25.68584512575578,6224900
2020-01-03,25.393861770629883,25.50003724825704,25.128419701304402,25.199203915598773,5442000
2020-01-06,25.482343673706055,25.544281344939854,25.084183055834107,25.278839245396238,6929600
2020-01-07,25.296533584594727,25.482341519702967,25.146116913856645,25.411557303333804,5882200
2020-01-08,25.1461181640625,25.420406805176395,25.1461181640625,25.40271032829707,7341600
2020-01-09,25.163816452026367,25.358472648821962,24.942615538001313,25.21690419885625,5725300
2020-01-10,25.09303092956543,25.278838877677018,24.97800551514772,25.12842219641237,4549300
2020-01-13,25.1461181640625,25.40271032829707,24.99570148584606,25.075333944174112,3796000
2020-01-14,25.51773452758789,25.57967050609295,25.06648451438538,25.06648451438538,6134700
2020-01-15,25.03109359741211,25.535431358101622,24.969155930418406,25.446950664310915,5676400
2020-01-16,24.84528160095215,25.32307628925349,24.78334562749724,25.07533070780516,5537500
2020-01-17,24.9072208404541,25.08418223435455,24.792197115759055,24.809893592674886,5614300
2020-01-21,25.13726806640625,25.26998825792704,24.82758649443854,24.9514601358029,7318200
2020-01-22,25.101877212524414,25.33192464817917,25.066484260805947,25.066484260805947,4821800
2020-01-23,25.163816452026367,25.323081380145055,24.96915856760173,25.10188046612,3959600
2020-01-24,24.94261360168457,25.22575047963583,24.898372409736616,25.19920576446706,4642200
2020-01-27,25.06648063659668,25.22574552104501,24.562142960929357,24.730256082027992,4241700
2020-01-28,25.06648063659668,25.19035257444379,24.92491222544896,25.08417710989729,3323300
2020-01-29,24.287860870361328,25.12842332538115,24.2524679142953,25.11957508636464,4454300
2020-01-30,24.37633514404297,24.385183381338482,24.06665527684346,24.155134274541204,3938600
2020-01-31,23.765825271606445,24.287859531397977,23.641951619833392,24.24361833875441,6094400
2020-02-03,23.87200164794922,24.137443750811794,23.774674395765707,23.898546364524176,5321700
2020-02-04,24.234764099121094,24.429421923293003,23.916236029107232,23.951627286829428,5330300
2020-02-05,24.84528160095215,24.862978075547467,24.208223704179066,24.31439917649356,5243800
2020-02-06,24.818740844726562,25.048789988245332,24.686020639365843,24.978005766211016,5524100
2020-02-07,24.739105224609375,25.004547289060785,24.659474461665585,24.81873767518192,5952000
2020-02-10,24.898372650146484,25.075334044389155,24.730261182007766,24.77450068675397,4511200
2020-02-11,25.163816452026367,25.190359481626786,24.889526103542387,24.9514637770778,4096200
2020-02-12,25.38501739501953,25.51773760606021,25.154968241655467,25.216904227632515,4375600
2020-02-13,25.47399139404297,25.607457607502344,25.296039271252805,25.37611832049107,3682000
2020-02-14,25.118083953857422,25.54517105960344,24.984619445448452,25.358321087249546,4807900
2020-02-18,26.4349365234375,27.342497889501356,26.11462204495689,26.515015567330977,15999100
2020-02-19,26.283676147460938,26.870921296720063,26.141312092795445,26.666273922753323,7528100
2020-02-20,26.49721908569336,26.515013107168354,25.92776797116521,26.123517481228347,6187500
2020-02-21,26.968793869018555,27.155645520635428,26.497219204500677,26.51501322605546,9065300
2020-02-24,26.933210372924805,27.26242275876915,26.586200567213304,26.621792012760547,7668600
2020-02-25,26.399351119995117,27.066675464082866,26.3281699245095,27.022187853314442,7335200
2020-02-26,25.58075714111328,26.586191370721362,25.465088377283056,26.586191370721362,7565800
2020-02-27,25.233753204345703,26.07013165456832,25.207059625132686,25.40280744808183,8376600
2020-02-28,25.02910614013672,25.07359543938601,24.077057198413986,24.91343735627504,13513900
2020-03-02,26.408241271972656,26.417139130947422,25.1625698660876,25.30493221549772,11950800
2020-03-03,26.105722427368164,27.066669192304094,25.77650841384784,26.265880504373015,10566900
2020-03-04,27.547142028808594,27.55603988841695,26.381549573604783,26.408243152429858,9597800
2020-03-05,29.780454635620117,29.985100308878877,27.075566495338062,27.27131430926908,25208100
2020-03-06,28.50809097290039,29.35336898164969,28.03651458841697,29.113131859530217,14613600
2020-03-09,27.805177688598633,28.2055729261518,26.692970581054688,27.29801151909353,13149900
2020-03-10,29.00635528564453,29.139821474499918,27.742889846341228,27.84966076091383,16506300
2020-03-11,27.217933654785156,28.703840785848733,26.755255070631172,28.303447227983256,12935100
2020-03-12,25.909976959228516,27.03108020575065,25.242652709249786,25.4472984052742,15294000
2020-03-13,27.3247013092041,27.564938433322773,25.135878703927062,27.173442783381123,16518300
2020-03-16,27.67171287536621,29.549117298540462,25.803204615513785,26.09682722084107,24770300
2020-03-17,29.36226463317871,31.088408665464545,27.502654403976603,28.303443100008295,25167900
2020-03-18,30.171953201293945,32.77896683990614,28.92627992760969,29.940615624619983,25779400
2020-03-19,30.412185668945312,32.47644139863899,29.727065812959367,31.80911726031079,16699300
2020-03-20,28.267852783203125,30.47447100644008,27.609426459999835,30.47447100644008,21979200
2020-03-23,27.653919219970703,29.1131361922723,27.378092314872614,28.276755918804817,13199900
2020-03-24,26.826433181762695,28.187775195283677,26.176904684572126,28.027617111682,13695000
2020-03-25,24.86005401611328,26.862026831685437,24.75328138589501,26.684073013686117,20521000
2020-03-26,25.80320167541504,25.96335975045252,24.317293097257412,24.913436100400727,18238900
2020-03-27,25.918872833251953,26.60399279622133,25.402808820243674,26.06123689965146,14993000
2020-03-30,26.38155174255371,27.01328624993939,25.909977024192756,26.692970066076604,12972800
2020-03-31,26.79974365234375,26.92431030737437,25.892182230309096,26.319269359351267,17225200
2020-04-01,27.13785171508789,28.276752332445152,26.541708675102228,26.95989791025001,17162600
2020-04-02,28.116594314575195,28.463602368034184,26.559504458356084,26.897614651842627,18951500
2020-04-03,28.73053550720215,29.219905967445882,28.116596693896078,28.12549455462149,14538900
2020-04-06,29.03305435180664,29.148721443456157,27.831870374878434,28.739430055650285,15549200
2020-04-07,28.34793472290039,28.917384207297303,27.20013619668287,27.99202709805899,16983100
2020-04-08,27.60053062438965,28.42801294305195,27.333599913511947,28.214467695512475,18720700
2020-04-09,27.63612174987793,27.849665311005072,26.70186845781002,26.986593205979542,17327700
2020-04-13,27.876358032226562,28.67714678601247,27.627223036720437,27.760689243262515,13509400
2020-04-14,28.552579879760742,28.80171317593073,28.089901333883205,28.516988439111717,13328100
2020-04-15,28.499191284179688,28.90848604266699,27.645017116720535,28.801711726094776,16203200
2020-04-16,28.42801284790039,29.041949916968306,28.33013808453017,28.516988054135204,14498700
2020-04-17,28.41021728515625,28.588171092797957,27.48486020076863,28.339036101518225,15774600
2020-04-20,28.41021728515625,29.02415435762424,28.24116133760596,28.56147581543043,11003100
2020-04-21,28.62375831604004,29.00635780350462,28.241160525668693,28.62375831604004,14815400
2020-04-22,28.74833106994629,29.015260101861383,28.543685365671823,28.76612679129887,9431900
2020-04-23,29.2554931640625,29.451239283236358,28.436907067072383,28.51698610488461,11731700
2020-04-24,29.326669692993164,29.460135873972764,28.890686504273628,29.3800568442222,9341400
2020-04-27,29.611404418945312,29.83384586654962,29.344475360657572,29.344475360657572,10093800
2020-04-28,28.79281997680664,29.73596949178784,28.69494520203985,29.424552839518,13705600
2020-04-29,28.04541778564453,28.641559228880453,27.6717160902575,28.374630173786947,14016500
2020-04-30,28.125492095947266,28.51698775108112,27.822971646102665,28.2055711383822,12290200
2020-05-01,28.43691062927246,28.588172561504237,27.78738208306954,27.974233760402093,7737000
2020-05-04,28.944074630737305,29.13982415394163,28.32123971287847,28.988565627237552,9609800
2020-05-05,29.193214416503906,29.335576795553116,28.659352949429223,28.979669150836664,7269600
2020-05-06,29.166522979736328,29.6114058971536,29.113139201926128,29.35337638463393,7380100
2020-05-07,29.07754898071289,29.531328082181087,28.89959512740063,29.27329855877512,6262700
2020-05-08,29.66478729248047,29.824945383097834,28.96187160523611,29.095337812146123,7916000
2020-05-11,30.011796951293945,30.278725985103453,29.68258458940178,29.762663638963314,8767100
2020-05-12,29.851640701293945,30.45668169230698,29.80715309193443,30.10077742324386,6569600
2020-05-13,30.341005325317383,30.69691291974257,29.90502208604222,29.90502208604222,8875900
2020-05-14,29.304012298583984,30.600255183649928,28.937488777583425,30.287370498717973,11098400
2020-05-15,29.06264305114746,29.455987700684197,28.83915301306972,29.24143576364713,15070900
2020-05-18,28.839153289794922,29.080522942457424,28.159745068001772,28.99112829044348,12812000
2020-05-19,28.392173767089844,29.053704054803365,28.374294155372112,28.964309406401945,7409600
2020-05-20,28.874908447265625,28.94642688695237,28.25807725080848,28.624600728735807,7838100
2020-05-21,28.714000701904297,29.05370653314434,28.472632743500206,28.874913810902868,7097000
2020-05-22,28.937490463256836,29.12522469533925,28.669303087665888,28.81233658199356,6134500
2020-05-26,28.043533325195312,28.94643336725329,27.980954676459792,28.66930446670605,9838000
2020-05-27,29.750988006591797,29.759929516385903,27.97200949848617,28.132920867818687,14999700
2020-05-28,28.66036605834961,30.215854941077062,28.61566531892271,29.79569595400276,13326500
2020-05-29,29.160982131958008,29.24143869012557,28.26702359527348,28.758699341120202,16545000
2020-06-01,29.044767379760742,29.69735789364915,28.991128541974568,29.241436297935216,6933400
2020-06-02,29.500682830810547,29.500682830810547,28.883851599288228,28.955366632853508,6764100
2020-06-03,29.21461296081543,29.804626422146036,29.009002570826087,29.509617986387358,6579500
2020-06-04,29.59902000427246,29.61689961582573,29.11628072289588,29.12522223376612,8774800
2020-06-05,29.035831451416016,29.67054247475208,28.96431639747086,29.545388572707004,11374100
2020-06-08,29.50962257385254,29.50962257385254,28.678242785168145,28.75869592358739,9460400
2020-06-09,29.42916488647461,29.813568002699263,28.982184835998236,29.73311145720603,7507500
2020-06-10,29.11627960205078,29.81356737484972,28.946428414114063,29.5811392539791,7871600
2020-06-11,29.23249626159668,30.180091795111522,29.053703557665912,29.152039715337196,12449200
2020-06-12,28.839153289794922,29.599021472662955,28.454751852891377,29.402349146007424,9668800
2020-06-15,28.678241729736328,29.19673681597301,28.177622844587837,28.955367179036447,11006800
2020-06-16,29.080516815185547,29.205670665710073,28.713993362855156,28.88384794015558,9299200
2020-06-17,29.330839157104492,29.670541621402986,28.767643203911565,29.509628491919294,16036600
2020-06-18,28.436872482299805,29.053705475985424,27.399878823256746,28.910671985434224,45334700
2020-06-19,28.821277618408203,28.87491304652954,27.918375929574665,28.597785868975727,28994600
2020-06-22,28.66930389404297,29.196740558621542,28.51733058890857,28.562029622826802,14389700
2020-06-23,28.69611930847168,28.919609344862227,28.40111423373356,28.83021469438094,12699900
2020-06-24,29.339771270751953,29.527502080099485,28.410053619761715,28.70506039523186,15060000
2020-06-25,29.304012298583984,29.885087753671673,29.178858424611203,29.277194585643333,14754300
2020-06-26,29.21461296081543,29.697352177409588,29.09839720640867,29.420223350804775,14473300
2020-06-29,30.5108642578125,30.591320816642114,29.37553433218918,29.384472434197928,12207700
2020-06-30,30.260547637939453,30.77904612626703,30.224791826134222,30.71646919287399,14651000
2020-07-01,30.010238647460938,30.519795603855314,29.75098941415518,30.269487880766697,9122100
2020-07-02,29.94765853881836,30.37675890865963,29.849322397986413,30.010235462950217,8613000
2020-07-06,30.15327262878418,30.233729171163215,29.956600322927194,30.054936475855687,7075400
2020-07-07,30.10857391357422,30.492976997123325,29.911901616822526,30.081756204085117,11560600
2020-07-08,28.98218536376953,30.17115395657787,28.892790716121223,30.06387969736246,9703300
2020-07-09,29.286134719848633,29.572205121888626,28.92855268512683,28.946432298391052,7193800
2020-07-10,29.894027709960938,30.242675050764714,29.26825830125868,29.28613450420373,10514100
2020-07-13,29.750988006591797,30.037054936640807,29.464921076542783,29.894021471616302,8143600
2020-07-14,30.609201431274414,30.61813953357529,29.777818099591503,29.79569771438109,9866600
2020-07-15,30.189037322998047,30.403585868114,29.786754538171092,30.117518867834306,8596900
2020-07-16,30.15327262878418,30.671771104157312,30.07281608640514,30.305247613361036,7005400
2020-07-17,30.260547637939453,30.55555610409558,30.197970704546417,30.260547637939453,6167900
2020-07-20,30.528738021850586,30.537676122146543,30.054936861675326,30.215849948499063,8063200
2020-07-21,31.10087776184082,31.80710717428652,30.69859496929658,30.716474583430514,11880200
2020-07-22,31.43164825439453,31.43164825439453,30.913152983703142,31.19922004550288,6465200
2020-07-23,31.404821395874023,31.637249537141237,31.26178790658942,31.503157559167324,5534600
2020-07-24,31.029354095458984,31.619367622064367,30.89526212725016,31.28860334159137,5034400
2020-07-27,31.074052810668945,31.234965907879992,30.662831966768394,31.020417385056785,5249500
2020-07-28,31.494218826293945,31.664070044120223,31.127695264530526,31.181334106564567,5719100
2020-07-29,31.386945724487305,31.44058115833656,31.03830176371592,31.404825339166326,5557300
2020-07-30,30.76117515563965,31.2260349415511,30.69859820466965,31.163457990581104,5757400
2020-07-31,31.10087776184082,31.109815863813935,30.734354197564446,30.82374885804641,7294500
2020-08-03,31.378000259399414,31.44057719779933,30.814807813800172,31.19921095550673,5694800
2020-08-04,31.637243270874023,31.708761706444633,31.2349605962561,31.503151319459185,5352700
2020-08-05,31.369056701660156,31.601484802402414,31.199205528432614,31.431633629174872,7168300
2020-08-06,31.315427780151367,31.69089287420249,31.27073044781353,31.46740280232545,4582400
2020-08-07,31.503156661987305,31.538912475649628,31.261787016283378,31.288604729076944,4449900
2020-08-10,31.315427780151367,31.61043631191924,31.252850832840824,31.538917852028412,4850500
2020-08-11,30.6270694732666,31.261783693478062,30.528736733412863,31.234962573348025,7306400
2020-08-12,30.939966201782227,31.100879326897385,30.591322234095347,30.73435574417683,5189900
2020-08-13,31.083738327026367,31.218534746757683,30.751244833841895,31.02083424528918,6207000
2020-08-14,31.802640914916992,32.37776584076564,31.03880376552706,31.10170784004082,10493600
2020-08-17,32.35081481933594,32.52155399679678,31.739743598507225,32.08122538144461,6611100
2020-08-18,32.56648254394531,32.97086491373051,32.08121958658499,32.30587798225013,7774200
2020-08-19,32.548519134521484,33.15060216839907,32.458653692737904,32.64736940647538,5053000
2020-08-20,32.2789192199707,32.71026639072779,32.15311105683961,32.512565889798736,4265100
2020-08-21,32.269935607910156,32.566486370479836,32.09919644122837,32.27892043646584,4945700
2020-08-24,32.40473556518555,32.43169348180708,32.054265509026365,32.35980113346186,4576700
2020-08-25,32.42271041870117,32.49459934294715,32.11717477761972,32.43169524872591,3941700
2020-08-26,32.683311462402344,32.73723072632959,32.036297435355415,32.332844816915255,4732600
2020-08-27,32.494598388671875,32.98884629790237,32.485613558911,32.72824167062988,6213500
2020-08-28,31.721769332885742,32.53952587329557,31.452179905017275,32.53952587329557,7028200
2020-08-31,32.06325912475586,32.072243955792565,31.542049796199837,31.757723449261466,8123200
2020-09-01,31.8116455078125,32.06326193509149,31.380298163881776,31.90150753812165,8454100
2020-09-02,32.889991760253906,32.90796484545809,31.856565071129342,31.856565071129342,10797800
2020-09-03,32.44965744018555,33.44714121076127,32.16209498373316,32.629384832472006,9319000
2020-09-04,31.874542236328125,32.530544504180625,31.398263987491493,32.37777497439802,7584400
2020-09-08,31.110700607299805,32.11717291242099,31.09272752027809,32.027307477312405,9244500
2020-09-09,31.613935470581055,31.892513166032973,31.200564769987132,31.317384688840395,10371700
2020-09-10,31.218538284301758,31.79366334136397,31.17360385395598,31.631908990563254,11600300
2020-09-11,30.88603973388672,31.560015018154925,30.373818792084126,31.45217993251637,21628400
2020-09-14,29.51112937927246,30.409763034636406,29.43923704139598,30.265981786898788,16737600
2020-09-15,29.40329933166504,29.852616236229526,29.151679534058093,29.484176511607284,12842500
2020-09-16,28.774253845214844,29.63694144524242,28.666417038207445,29.421271259243426,21914100
2020-09-17,29.214582443237305,29.60099523975395,28.756280727470198,28.819184817320277,10615800
2020-09-18,29.843631744384766,30.014374383595296,29.12472529196675,29.17864456140424,18410000
2020-09-21,30.068288803100586,30.1042349810257,29.511136757326142,29.583025685160166,8611300
2020-09-22,30.319904327392578,30.517601421955238,29.9334915394525,30.014368714324043,6711300
2020-09-23,29.906524658203125,30.62543426972981,29.816662670769833,30.409760700668787,6180100
2020-09-24,30.04132843017578,30.256998624080172,29.520119176877646,29.85261615350546,5840900
2020-09-25,30.131189346313477,30.355847789821368,29.762749636081164,30.140177603742643,5060900
2020-09-28,30.28396224975586,30.310920169019898,29.951468676106728,30.104234789291183,5062400
2020-09-29,30.346866607666016,30.535578900169366,29.915522755651416,30.04133095065365,6598200
2020-09-30,30.472675323486328,31.029827380025623,30.059304553409316,30.28396302775764,12820400
2020-10-01,30.571529388427734,30.760241707537467,30.12221238406169,30.508625282057825,8658300
2020-10-02,30.616453170776367,30.859084707179505,30.28395962593468,30.328890630153957,5702700
2020-10-05,31.029817581176758,31.065763748445022,30.6434048530809,30.6434048530809,5274700
2020-10-06,30.508617401123047,31.425224264615437,30.40976713721468,31.10171555655744,7658300
2020-10-07,30.580507278442383,30.939962171545986,30.553549361265183,30.607468623635498,6114500
2020-10-08,30.814159393310547,31.17361092145936,30.688351187057638,30.75125529018409,4451700
2020-10-09,30.957935333251953,31.236509619460254,30.886042983252437,31.002866337993684,6388500
2020-10-12,31.119691848754883,31.407254412643862,30.993883655555475,31.06577258251964,5526700
2020-10-13,31.2724552154541,31.35333239369816,30.984892676812084,31.002865763979194,4785000
2020-10-14,30.40976905822754,31.128675439317167,29.79869777729735,30.93097489901151,12084500
2020-10-15,30.53557586669922,30.616453045168456,30.23004024003942,30.24801332725657,5598200
2020-10-16,30.616453170776367,30.850099877542004,30.508618075046932,30.634426258067254,4953500
2020-10-19,30.44571876525879,30.868074384873047,30.301937472365683,30.61645797931422,6491300
2020-10-20,29.95146369934082,30.589492821359475,29.915517527617503,30.589492821359475,6887300
2020-10-21,29.95146369934082,30.194091788434193,29.879571355894182,29.93349061347916,4694200
2020-10-22,29.331405639648438,29.825653526455575,28.819184666119032,29.69984534741548,9890200
2020-10-23,29.43924331665039,29.502150839709323,29.034860827950926,29.115738011294034,6179100
2020-10-26,29.798696517944336,29.798696517944336,29.358364449877246,29.385325794789686,7771000
2020-10-27,29.06182098388672,29.753769510647874,29.007901714834667,29.349383562798323,8724400
2020-10-28,28.900062561035156,29.430256634471462,28.783239208443195,28.936008735373587,11676500
2020-10-29,28.98992156982422,29.295457164061126,28.414798265977918,28.819182401403644,7313700
2020-10-30,28.94499397277832,29.23255651550571,28.810200959133805,28.89107813852688,8447800
2020-11-02,28.810203552246094,29.23255914663285,28.522639269628026,29.196616396568768,7478500
2020-11-03,29.421274185180664,29.51113620028103,28.828175972676284,28.828175972676284,6431900
2020-11-04,28.837158203125,29.421271532664235,28.783238942116263,29.322421268156134,9293000
2020-11-05,29.40329933166504,29.538092346224825,28.810201154760556,29.007898261718093,7239900
2020-11-06,29.80767822265625,29.969432563109688,29.376334457452245,29.448226798994007,7473800
2020-11-09,27.866634368896484,28.819185717836188,27.381371293733572,28.73830853864237,20654500
2020-11-10,28.684391021728516,28.72033548251602,27.785757219937533,27.857647855520494,10234400
2020-11-11,28.837158203125,29.187624829642207,28.46871848960488,28.75628102561981,9264800
2020-11-12,28.94560432434082,29.11731009078496,28.529901795581722,29.11731009078496,9012200
2020-11-13,29.045007705688477,29.108266626478006,28.75582308283559,28.94559984520418,6621000
2020-11-16,29.189599990844727,29.51493355309958,28.566046294758003,28.864268152266185,10473800
2020-11-17,28.828121185302734,29.162492005354032,28.50278932446184,29.045009667088806,11181700
2020-11-18,28.954639434814453,29.343231926620252,28.891378788969963,29.008859398185592,7229200
2020-11-19,29.605304718017578,29.78604598279251,29.090194354188405,29.090194354188405,9113100
2020-11-20,29.316116333007812,29.876414527059467,29.234782946603698,29.614339898940383,7789300
2020-11-23,29.84930419921875,30.039084418767832,29.171527057929655,29.19864048778113,12656100
2020-11-24,29.542043685913086,30.07522848293556,29.505898193417817,29.984859580668424,11293200
2020-11-25,29.207674026489258,29.542043095012797,29.054046206237455,29.44263868344829,8671800
2020-11-27,29.307083129882812,29.64145221260478,29.270934189222945,29.379377563849825,5265800
2020-11-30,29.82219123840332,29.975819053690152,29.406488793959866,29.551081098433784,34108800
2020-12-01,29.831228256225586,30.138487349673785,29.514933651508017,29.659525963286423,10814800
2020-12-02,29.180561065673828,29.93063251547237,28.98174536814428,29.73182026529505,18396400
2020-12-03,27.906341552734375,28.19552789503854,27.427380174510564,27.91537878752603,33237100
2020-12-04,27.63523292541504,27.93345479525606,27.49967784342846,27.852121401328837,18170100
2020-12-07,27.969608306884766,28.18649681823999,27.581015744327903,27.644274678013595,18498200
2020-12-08,28.28590202331543,28.29493925977732,27.90634671029903,27.915383946760922,12405600
2020-12-09,28.204565048217773,28.529898624953134,28.014788277573075,28.322047383672828,12967000
2020-12-10,28.204565048217773,28.30397291303722,27.96960382466045,28.150343359987346,9034800
2020-12-11,28.32204818725586,28.502789451387326,28.141306923124393,28.240714790764343,10604000
2020-12-14,28.28590202331543,28.547976709680455,28.24071756468258,28.303976496239212,10292800
2020-12-15,28.186492919921875,28.394344165764295,28.105159523952857,28.35819522369965,9040400
2020-12-16,27.9876766204834,28.303972962453177,27.852121537832463,28.16841787980224,12657900
2020-12-17,28.014789581298828,28.096122979267683,27.870197256837855,28.032864052775565,11127000
2020-12-18,27.89730453491211,28.08708128425838,27.75271050973127,27.978636196291802,13345400
2020-12-21,27.834049224853516,27.834049224853516,27.427383945376125,27.698494131694385,12270000
2020-12-22,27.915382385253906,27.9515313290794,27.689456657374087,27.78886452921769,13974400
2020-12-23,28.367231369018555,28.557009860211593,27.90634271746559,27.90634271746559,9509500
2020-12-24,28.493751525878906,28.575084920401054,28.24975134231246,28.276863048378644,2919000
2020-12-28,28.367231369018555,28.629306017885998,28.249750759176283,28.557009860211593,7026300
2020-12-29,28.43048858642578,28.584118127729614,28.294933514375636,28.313007983629326,6465100
2020-12-30,28.511823654174805,28.70160214516688,28.466639202054786,28.493750907532615,6713300
2020-12-31,28.70160484313965,28.764863771524606,28.367234005520768,28.547975278343383,7089100
2021-01-04,29.03597640991211,29.15345530994686,28.65641938271785,28.710642800132213,11297100
2021-01-05,28.828121185302734,29.171527517211576,28.674491628578046,28.92752732882358,9001500
2021-01-06,29.10826873779297,29.551084662791144,28.91849196165927,28.954640903976035,11872200
2021-01-07,28.75581932067871,29.289004045685164,28.647375963134806,28.692560408165416,9479300
2021-01-08,28.584123611450195,28.84619829487761,28.403384055268113,28.80101383675124,9175400
2021-01-11,28.70160484313965,28.9456033206707,28.547975278343383,28.547975278343383,8842200
2021-01-12,28.484716415405273,29.234788045415886,28.46664194334618,28.936567874823467,10568400
2021-01-13,28.909454345703125,29.02693495933398,28.412418461122446,28.538936310213582,8671800
2021-01-14,29.948713302612305,30.219823480862193,28.846196394405894,28.981751483530836,20648100
2021-01-15,30.454790115356445,30.924716063206795,29.69567949919098,29.95775418214942,14722600
2021-01-19,30.38248634338379,30.48189420025319,29.867376037199172,30.454784220144266,9645300
2021-01-20,29.885454177856445,29.975823087556474,29.397453791829264,29.767971837364065,10878500
2021-01-21,30.011974334716797,30.228864560943936,29.7227896646494,29.831233054086375,8579900
2021-01-22,30.328271865844727,30.47286419815226,29.614345716859294,30.174640573631837,9458200
2021-01-25,31.24100685119629,33.46411500654444,30.138488285072015,30.274045089788284,32565400
2021-01-26,33.50025939941406,33.59062829205449,31.105445823567674,31.18677920588497,24965000
2021-01-27,35.018489837646484,38.85019191994309,33.455084124383625,33.50026858309059,40043200
2021-01-28,31.97300910949707,35.63300511262583,31.412710837424786,34.051525060268084,28535200
2021-01-29,31.177751541137695,33.05745531776768,31.132567083447256,32.22604681738037,17188900
2021-02-01,30.454790115356445,31.57537984323921,30.075233083597126,31.18678729881206,13036700
2021-02-02,29.912569046020508,30.36442056301389,29.67760777401949,30.35538504950956,11133600
2021-02-03,30.689754486083984,30.71686792155068,29.695682518594484,30.147534039699444,10162700
2021-02-04,30.228857040405273,30.879520662503833,30.192708103801927,30.689743916364765,8426200
2021-02-05,29.957744598388672,30.50900032595722,29.903521197668717,30.129446862973754,8367600
2021-02-08,30.07522201538086,30.39152000000254,29.912555268398716,30.021002064621413,8826500
2021-02-09,30.35538101196289,30.545157796493207,30.09330633960025,30.12041977121389,10256100
2021-02-10,30.373449325561523,30.707818370608567,30.2017436004504,30.53611609284978,7172600
2021-02-11,30.346195220947266,30.582421552142247,30.291679852557138,30.42796654057523,6119900
2021-02-12,30.845909118652344,30.900421024341135,30.282597475741994,30.427968334103202,7025100
2021-02-16,30.58242416381836,31.05488033246956,30.446137464161662,30.92768126127784,8262800
2021-02-17,31.227508544921875,31.254767965621266,30.482482409550027,30.782311775839013,7076700
2021-02-18,30.745969772338867,31.127567022593098,30.437056227217077,30.709626186815107,7997200
2021-02-19,30.909507751464844,31.245677201765837,30.79139284939142,30.809564639396147,7545300
2021-02-22,30.51882553100586,31.07305304266284,30.100884723037098,30.93676633897462,7199200
2021-02-23,30.010025024414062,30.237167214343724,29.346770245729225,29.646599600075465,9732300
2021-02-24,29.755624771118164,30.500650823992085,29.610253918506533,30.32802401961406,6993900
2021-02-25,29.446714401245117,30.32802723831336,29.410370817756455,29.937342380597432,8040200
2021-02-26,29.264999389648438,29.828314525197456,29.228655806855308,29.592084702956946,8254500
2021-03-01,29.882823944091797,30.10088195677048,29.07419835683855,29.137797888470974,9789000
2021-03-02,29.582996368408203,30.21899164802549,29.346766579480928,29.70110779695751,11486900
2021-03-03,30.20991325378418,30.282600422996392,29.24682905721234,29.537570802231198,11354300
2021-03-04,30.97310447692871,31.472816526076773,30.109963592447023,30.891333162274357,16866700
2021-03-05,31.29110336303711,32.09973238078097,31.00944929697906,31.25476325077807,16962100
2021-03-08,31.563688278198242,32.02705693869132,31.35471436022371,31.472829299532002,11357700
2021-03-09,31.30927848815918,31.954361472856903,31.272934906113317,31.572764259119573,9017100
2021-03-10,32.01796340942383,32.26327391528711,31.08213526540114,31.31836507492711,9629800
2021-03-11,31.74538803100586,32.25418773311661,31.645448388834733,32.05430151694552,9215000
2021-03-12,32.21784210205078,32.34504115299639,31.73630184749552,31.754473635618346,10914000
2021-03-15,32.590354919433594,32.89018422298496,32.136070616535775,32.24510134468946,11781900
2021-03-16,32.54493713378906,32.672136222948616,32.335966706467616,32.38139445746528,7327000
2021-03-17,32.05430603027344,32.60853355066487,31.84533562299575,32.53584984922324,9266500
2021-03-18,31.518253326416016,31.999797191577873,31.363798279833226,31.572768707165064,9321200
2021-03-19,32.163333892822266,32.326876538772325,31.66361832691118,31.69996190732555,12271000
2021-03-22,32.88109588623047,32.89926767386382,31.981614926821283,32.117898135200264,8064200
2021-03-23,33.28996276855469,33.6624758657934,32.4904211942685,32.72665104085803,10462000
2021-03-24,32.44498825073242,33.35355697329058,32.37230455520337,33.190014325956945,11097900
2021-03-25,33.15367126464844,33.226354953717795,32.472244783290954,32.581272049852146,7091200
2021-03-26,33.82602310180664,33.97139400165604,33.10825276746215,33.38991040225845,9376300
2021-03-29,34.480186462402344,34.643729122770644,33.82601582092913,33.82601582092913,9505500
2021-03-30,34.59830856323242,34.80727901357534,34.26213554380129,34.389334646973886,10591400
2021-03-31,32.69939422607422,34.54378787061227,32.68122243328134,34.50744428502652,18974100
2021-04-01,32.663047790527344,33.02647321692945,32.29053473556418,32.67213195317361,11932700
2021-04-05,33.37172317504883,33.58978115694809,32.7084685345632,32.81749579255582,9525500
2021-04-06,33.5171012878418,33.75333110836972,33.11733227776004,33.28995909590368,12831100
2021-04-07,33.753326416015625,34.016808687939545,33.47166888943879,33.47166888943879,11805600
2021-04-08,33.82602310180664,33.96230983675355,33.57162489354911,33.78967951036538,9538800
2021-04-09,34.32573699951172,34.48019553758632,33.88962427904972,33.9441396688259,7618700
2021-04-12,34.49836349487305,34.680074508739494,34.144022165551874,34.480191700303315,7381600
2021-04-13,34.14401626586914,34.85269880205951,34.06224493739219,34.598300653871135,10907700
2021-04-14,33.835105895996094,34.24395911056116,33.45350517224285,34.21670315383419,6639700
2021-04-15,33.789676666259766,34.18036157657993,33.589793861988426,33.971391142255364,6425100
2021-04-16,33.71699142456055,33.971389599854746,33.6988196311945,33.971389599854746,6792500
2021-04-19,34.007728576660156,34.234870764072575,33.54435657342658,33.72607101653946,6592800
2021-04-20,34.307552337646484,34.80726789174612,34.00772647110121,34.11675374385272,7519800
2021-04-21,34.4438362121582,34.87994873342553,34.32572132121677,34.37115252490409,5509400
2021-04-22,34.007728576660156,34.534696649181306,33.953213203951876,34.44384116058223,6622800
2021-04-23,33.9350471496582,34.02590611953142,33.46259436997873,33.91687882159887,5832400
2021-04-26,33.199100494384766,33.980470115975585,32.82658747315129,33.980470115975585,9005600
2021-04-27,33.40807342529297,33.60795965981577,33.171843608872436,33.22635898171904,6323000
2021-04-28,33.299041748046875,33.6624671212861,33.28086995949777,33.50801211749014,5617200
2021-04-29,33.67155456542969,33.77149420303492,33.32629751670262,33.344469305152906,5355700
2021-04-30,33.199100494384766,33.81692747583265,33.14458512569897,33.753327945323115,9032400
2021-05-03,33.96229934692383,34.14401378208891,33.253613396371456,33.27178518647942,6919500
2021-05-04,32.60853576660156,33.4262491253564,32.345049965901104,32.981048859830956,10632400
2021-05-05,33.13550567626953,33.190017586793324,32.51767860695684,32.653961849181286,7251000
2021-05-06,34.243953704833984,34.60738257809357,33.13550222662999,33.27178545466638,10428400
2021-05-07,34.28030014038086,34.41658684568251,33.880531119232195,34.10767331745834,8049900
2021-05-10,35.306983947753906,35.49778256298975,34.37115919747962,34.39841515225191,9773100
2021-05-11,34.90721130371094,35.67040922716206,34.73458448106558,35.252468414916535,14766600
2021-05-12,33.28086853027344,34.889035355707485,33.24452495473598,34.85269178017003,9749200
2021-05-13,33.60956954956055,33.96566058791041,33.24434600697975,33.280869057843795,6646200
2021-05-14,33.965667724609375,34.21219314519565,33.609576611439394,33.7100097978733,6692600
2021-05-17,34.13914489746094,34.82393652867408,34.02957921171534,34.11175434678213,5950200
2021-05-18,33.965667724609375,34.540893705977346,33.67349022236577,34.25784522685298,8218300
2021-05-19,33.23522186279297,33.846967380900466,33.061739087246394,33.71000766157742,7416500
2021-05-20,33.19869613647461,33.32652333994575,32.787820494581595,33.14391155654552,4508600
2021-05-21,33.408695220947266,33.664349603039554,33.098256264251035,33.12564681003814,8621500
2021-05-24,33.41781997680664,33.938261178517045,33.28999280207486,33.436081499343935,5077100
2021-05-25,33.290000915527344,33.50913575635323,33.171306214650535,33.41782812141322,4040500
2021-05-26,33.22608184814453,33.40869360496165,33.052602594834525,33.06173161531208,4949700
2021-05-27,33.13478469848633,33.865228396756194,33.02521553147313,33.454352728032426,16336400
2021-05-28,33.7647819519043,34.002178261950874,33.280863795082915,33.33564487968652,11356600
2021-06-01,34.03870391845703,34.18479264193852,33.86522464776961,34.05696544427096,7065400
2021-06-02,34.650455474853516,34.65958449693901,33.792181111549446,34.03870650421997,7705700
2021-06-03,35.143497467041016,35.216540074539736,34.6047947399994,34.64131430223411,7938700
2021-06-04,35.2530632019043,35.39915190027127,34.741751016105255,35.134365046034475,7792100
2021-06-07,35.5817756652832,35.65481829762947,35.207423031553546,35.33525025043238,5715900
2021-06-08,35.50872802734375,36.12047702678646,35.46307594870602,35.60916469016497,6624700
2021-06-09,34.951759338378906,35.42654856082351,34.88784573949501,35.42654856082351,6905500
2021-06-10,35.41741943359375,35.79177200437937,34.9152396654223,35.13437100864662,6373600
2021-06-11,35.34437561035156,35.55437794574998,35.10698272604079,35.47220281598276,5034800
2021-06-14,35.06132507324219,35.490458697740785,34.73262460645717,35.490458697740785,5843400
2021-06-15,34.5774040222168,35.06132571068372,34.32174964697138,35.06132571068372,10660000
2021-06-16,34.28523254394531,34.6778466786047,34.16653435641265,34.45871531411542,11134300
2021-06-17,35.77351379394531,36.175256949108366,33.57305023822109,34.30349392171311,22228400
2021-06-18,35.38090515136719,35.791780875537604,34.86046372842824,35.65482113980388,16210800
2021-06-21,36.138736724853516,36.30308350302109,35.18002570685665,35.600033864934296,10839400
2021-06-22,36.367000579833984,36.595264444433404,35.83742674210885,35.983515476131274,9580600
2021-06-23,35.78263473510742,36.36699303296133,35.77350571495117,36.348731509619384,5770500
2021-06-24,35.746116638183594,36.02003253349317,35.51785281158735,35.75524565871443,5050900
2021-06-25,35.800899505615234,36.001772797566524,35.65481078865877,35.74611841365015,5930000
2021-06-28,35.937862396240234,35.99264349307501,35.554377303246476,35.673075484771935,5939600
2021-06-29,35.472206115722656,36.26656693837648,35.40829250696161,35.92873388289041,5575700
2021-06-30,34.97916030883789,35.65481948339063,34.851329602677346,35.526992260260684,9055800
2021-07-01,34.81480407714844,35.18002415467269,34.65045382320202,34.88784669944128,5589700
2021-07-02,35.033935546875,35.42654965675308,34.93349889322758,34.93349889322758,6047900
2021-07-06,34.15740203857422,34.83306456045896,34.111749965629414,34.83306456045896,9161500
2021-07-07,34.367408752441406,34.6778477643797,34.02044668426793,34.15740640363467,4777900
2021-07-08,34.58654022216797,34.851323646385296,34.18479360895684,34.19392611363709,5706100
2021-07-09,34.942626953125,35.106977186727626,34.55914191370902,34.741753671381886,5033400
2021-07-12,34.97916030883789,35.18916267298432,34.79654849735343,34.90611419103187,4392200
2021-07-13,34.7600212097168,35.2439394907035,34.55914789321809,34.97002354831537,4576600
2021-07-14,34.988285064697266,35.24393947977623,34.62306148627288,34.7326306496183,7317800
2021-07-15,35.463077545166016,35.62742782208477,35.05220185286913,35.05220185286913,11655100
2021-07-16,35.937862396240234,36.211778329504305,35.42655009992525,35.51785773303332,8131500
2021-07-19,37.49919128417969,37.60875697529439,35.837430456312845,35.9013440663823,13948100
2021-07-20,37.04266357421875,37.89180551870198,36.72309552329733,37.44440676438147,9975300
2021-07-21,36.622650146484375,37.179614459675676,36.54047502678353,37.12482988553188,5609800
2021-07-22,36.27569580078125,36.53135023469499,35.93786622981946,36.5222212119254,6523700
2021-07-23,36.42178726196289,36.44004879189411,36.00178252263696,36.284831012024796,4924400
2021-07-26,36.33047103881836,36.89656434670134,36.284818970655614,36.46742724330658,4875800
2021-07-27,36.549617767333984,36.61353138631162,36.04743783978213,36.23917869671504,4019400
2021-07-28,36.549617767333984,36.686577512589494,36.28483426715421,36.522227211495284,3897300
2021-07-29,37.17961502075195,37.45353092954519,36.567866124184974,36.77786843702744,4962400
2021-07-30,37.16135787963867,38.30267720344189,37.079182749003635,37.25266203233087,9505400
2021-08-02,37.444400787353516,37.56309896576175,36.73221868296403,37.20700791356701,5233800
2021-08-03,38.91442108154297,39.03311926156338,37.2800545244774,37.38962019978777,10302000
2021-08-04,38.27528762817383,39.02399639615984,38.156592912458606,38.804861527939195,5364100
2021-08-05,38.22963333129883,38.75007469475652,38.18398125228209,38.485291243247254,4246000
2021-08-06,38.12006378173828,38.51267789094709,37.94658450584393,38.29354305763263,4238000
2021-08-09,38.603981018066406,38.71355017333888,38.10180124700565,38.2113669192482,4509900
2021-08-10,39.06051254272461,39.453126680007436,38.54007119479719,38.67703091079083,5590900
2021-08-11,39.26137924194336,39.41659697639447,38.86876517088155,38.99659235996592,5149600
2021-08-12,39.12376403808594,39.44490398078124,39.022834441813835,39.38067319214241,4293000
2021-08-13,39.27973175048828,39.43571124733577,39.00446804996603,39.169624870230045,3587100
2021-08-16,39.86696243286133,39.92201238389748,39.169632718661695,39.325615746886896,5455400
2021-08-17,41.692848205566406,41.82130622765022,40.068808534800496,40.14221311884839,14008600
2021-08-18,42.44523620605469,42.5645169289989,41.40842249931504,41.509352072565996,11777800
2021-08-19,42.142452239990234,42.97741032518846,41.894716961948035,42.28925794177924,11885500
2021-08-20,43.06916427612305,43.13339155443292,41.940594742804194,42.16997887966065,6685900
2021-08-23,42.885658264160156,43.28937307083793,42.50029110767879,43.124216218077926,5802900
2021-08-24,41.9772834777832,43.05997653383204,41.86718010771199,42.90399355111838,6978400
2021-08-25,42.02316665649414,42.50028600719434,41.78460873120585,41.977290536260654,5368100
2021-08-26,41.44512176513672,42.02317073654786,41.33501836586163,41.98646843674818,7359100
2021-08-27,41.73872756958008,41.876355913657164,41.22490598470534,41.46346388117953,3701300
2021-08-30,42.39018630981445,42.77554995348033,41.64698049687093,41.76626121996348,5840800
2021-08-31,42.23419952392578,42.619566633376664,41.86718706267937,42.47276094885338,8581400
2021-09-01,41.968116760253906,42.24337698209319,41.57357582557226,42.13327009325858,6880400
2021-09-02,43.40864944458008,44.03257449240828,42.078220930825125,42.19750164588385,12094600
2021-09-03,42.803077697753906,43.344424354707314,42.73885042490552,43.17009018544125,5460300
2021-09-07,42.19750213623047,42.931530583345115,42.142448690150474,42.894828285958454,7705300
2021-09-08,42.4727668762207,43.05081237088184,42.069048562347284,42.33513499646857,8349000
2021-09-09,42.32595443725586,42.546161209676015,41.48181914264916,42.25254984636678,9825800
2021-09-10,39.15127182006836,41.16067853554628,38.46311960246593,41.03222401494687,25247300
2021-09-13,39.343971252441406,39.986247586577406,39.12376092354856,39.270566642768976,9335800
2021-09-14,38.34385681152344,39.527479910544145,38.178699937235685,39.45407529969426,11345000
2021-09-15,37.71074676513672,38.756741260187475,37.6832217916251,38.29797303433363,10541300
2021-09-16,37.49972152709961,38.325505903817415,37.26116354056142,37.76580799294474,10108200
2021-09-17,37.56394577026367,37.99518907653315,37.29786282608868,37.38961508268361,25839200
2021-09-20,37.07764434814453,37.77497044508585,36.84826025702755,37.160222760951584,7950900
2021-09-21,37.11435317993164,37.57312144297128,36.92167134948477,37.23363390835669,6492900
2021-09-22,36.79320526123047,37.34372915673508,36.71980417523718,37.325378010205924,6155900
2021-09-23,36.866615295410156,37.18775165681882,36.573003907801144,36.91249141845085,7241600
2021-09-24,36.68310546875,37.58229073585346,36.65558049632676,36.921666896830224,7089900
2021-09-27,36.87578201293945,37.664863777606236,36.673926410439066,36.701451378933854,7591200
2021-09-28,37.169403076171875,37.62817133852965,36.903320144098664,36.976721246011394,7734600
2021-09-29,37.93095397949219,38.20621419267131,37.09599601611219,37.13269831123568,8553600
2021-09-30,37.09599304199219,38.160335014376564,37.05011692682764,37.986004376701985,7756400
2021-10-01,35.91237258911133,37.0959953341583,35.77474423511361,37.06847036338345,9587800
2021-10-04,36.361968994140625,36.444547411240436,35.848147343283614,35.875672315609,8508700
2021-10-05,36.59135818481445,36.72898656570078,36.1325899149451,36.1325899149451,7348000
2021-10-06,36.2885627746582,36.884962815884435,35.77474464695411,36.65557872312411,6908700
2021-10-07,36.2426872253418,36.74733153731552,36.16928263444636,36.33443946383755,5631000
2021-10-08,36.21516799926758,36.52713055981821,36.06836229430988,36.14176339672668,4012300
2021-10-11,36.31610107421875,36.72898975282995,36.040837288312034,36.17846918126539,4855100
2021-10-12,36.54547882080078,37.059296997463065,36.297743556999826,36.4078469519812,5249500
2021-10-13,36.21516799926758,36.96754767469132,36.09588727020066,36.85744077087997,4318600
2021-10-14,35.89402389526367,36.40784555229611,35.80227165299387,36.187635270675436,5872600
2021-10-15,35.40773391723633,36.20598969766264,35.2976305165178,35.939903270812536,6922900
2021-10-18,35.97660446166992,36.10505900856767,35.06824530853648,35.31598057760666,7190600
2021-10-19,35.84815216064453,36.08671361993518,35.12329745759665,35.9766067155899,5396200
2021-10-20,36.07753372192383,36.36197128768051,35.793096156167145,35.99495529961536,5366300
2021-10-21,36.059181213378906,36.52712675553053,35.92155284813481,36.306916470966755,3970500
2021-10-22,36.912498474121094,36.94002345318203,36.132593732982336,36.132593732982336,7945300
2021-10-25,37.00425338745117,37.38044325984467,36.774869233549666,36.99507606122544,5515400
2021-10-26,36.66474914550781,37.04093888273187,36.46289354268821,37.02258773699861,4180800
2021-10-27,36.224342346191406,37.02259815963687,36.19681736990423,36.9767220324502,3954300
2021-10-28,36.41701126098633,36.45371354976466,35.94906932949277,36.169276061916946,3857000
2021-10-29,36.71980667114258,37.05012033087264,36.224336181547486,36.31609192043003,6012500
2021-11-01,37.11435317993164,37.16022930621079,36.50877921272428,36.829915596802394,5251500
2021-11-02,37.34373092651367,37.912602495383844,36.848260447115386,37.38960704494903,5786400
2021-11-03,39.40819549560547,39.41736932104457,37.8116803596414,37.87590763808759,10831900
2021-11-04,39.83942794799805,39.903658714725324,38.903543920308074,39.1788041343418,7479600
2021-11-05,38.83013916015625,39.977059630388,38.51817665224827,39.87613006898785,6137100
2021-11-08,38.261268615722656,38.9494209163647,37.967657247458604,38.72921064010487,4899800
2021-11-09,38.47229766845703,38.78426015313337,38.19703747612456,38.36219429154869,3441200
2021-11-10,38.9677734375,38.99529841045602,38.1970426936178,38.44477795059319,3977900
2021-11-11,38.784263610839844,39.224680657860645,38.609932956849384,38.92189196921434,4817100
2021-11-12,39.12544250488281,39.392857401541306,38.63672139675431,38.821142067113044,3677900
2021-11-15,39.337528228759766,39.55883795298402,38.92257469433851,39.12544164841084,4050700
2021-11-16,38.44308090209961,39.0424587401656,38.267879827058515,38.96868764482234,6231100
2021-11-17,37.48408126831055,38.42463811030142,37.428752946828965,38.38775608024647,10087200
2021-11-18,38.17567443847656,38.295547207594176,37.48408615892155,37.60395892803916,4352100
2021-11-19,37.705387115478516,38.627504691372245,37.5762912176693,38.2770990276048,7030800
2021-11-22,39.52195739746094,39.72482437712025,37.95435691281892,38.009685230253055,6711900
2021-11-23,39.70638656616211,40.00146392748392,39.107008697327394,39.44819123680581,5141900
2021-11-24,39.22687530517578,39.715596404845186,39.00556557993754,39.70637677852635,4706900
2021-11-26,39.780147552490234,40.54550674987852,39.18999292768911,39.18999292768911,7507200
2021-11-29,39.05167770385742,40.0014611934454,39.02401530237407,39.47585445966536,5960000
2021-11-30,38.29554748535156,39.41131259116887,38.15723193899729,38.88570225870291,13103900
2021-12-01,37.07834243774414,38.52606657694527,37.050680039415134,38.29553721060625,8936400
2021-12-02,41.172550201416016,42.122330156595154,38.479965114043125,39.15311050648652,26027500
2021-12-03,40.04756546020508,41.60594285268046,39.59572631316112,41.495289731657174,12398500
2021-12-06,41.596717834472656,42.03011415224968,40.15821337718641,40.471733444123196,10308200
2021-12-07,41.559844970703125,42.09467493175424,41.40308664821567,41.56906811767292,6616200
2021-12-08,39.47584915161133,42.039334527289334,38.811923464489404,41.55983303299005,18433300
2021-12-09,40.278099060058594,40.416418114003164,39.549625275469886,39.568068050502475,8312900
2021-12-10,41.12643814086914,41.20020922760889,40.07522477802095,40.25042935022833,7090000
2021-12-13,42.076229095458984,42.38974923523333,40.766820211366245,40.932801668752646,8903600
2021-12-14,42.03010940551758,43.265743245403996,41.522942062163075,42.085434193811935,6991500
2021-12-15,42.62028121948242,42.85081064448161,42.08545126503636,42.20532755096391,9058300
2021-12-16,42.33442306518555,42.620280815813054,41.910249771428475,42.50040453102089,9585300
2021-12-17,41.30164337158203,43.376407731630174,41.28320059960305,42.28830880806367,13750500
2021-12-20,41.9655647277832,42.371298667933225,41.22787145150908,41.301642537936,10286000
2021-12-21,40.45330047607422,42.13155432411744,40.204328287505206,41.70738104771084,10436600
2021-12-22,40.13055419921875,40.77603715558726,39.66949544718398,40.4993990902871,6016000
2021-12-23,39.844696044921875,40.361083107552886,39.81703364575205,40.10289133503692,4115600
2021-12-27,40.33342361450195,40.388748416827895,39.68794061910438,39.936912782369134,3772400
2021-12-28,40.96046447753906,40.97890725271991,40.333427709388786,40.37953288854106,5230600
2021-12-29,41.227874755859375,41.38463656828128,40.84980670161738,41.034230914866974,3985300
2021-12-30,41.62438201904297,42.076221126935195,41.190985682656446,41.74425827503054,4571900
2021-12-31,41.73504638671875,42.14078043407559,41.59673083951978,41.59673083951978,4755500
2022-01-03,41.670494079589844,41.69816000022269,41.0526769611828,41.412302271013715,6024700
2022-01-04,42.57417678833008,42.72171901201608,41.58751103183139,41.66128214367439,10378100
2022-01-05,43.16432189941406,43.83746725944588,42.67559722726011,42.712482771875344,8367700
2022-01-06,43.45018005371094,43.73603777424832,42.74014908406607,43.357969701330866,7115600
2022-01-07,44.37229537963867,45.08232631298742,43.46862060563099,43.570054098623565,8672700
2022-01-10,45.275970458984375,45.718589980045934,44.39996159744828,44.529057492091525,10633500
2022-01-11,43.99422836303711,45.820020727141426,43.643826219566144,45.28519436639137,8873500
2022-01-12,43.468624114990234,43.588500390713925,42.57416889649728,43.38563338835068,6787000
2022-01-13,45.626365661621094,46.244186109933615,43.477834083838246,43.579264036679,12665700
2022-01-14,45.294410705566406,46.022884376245614,44.86101787166792,45.54338285317572,7060700
2022-01-18,44.80569076538086,45.285192301401636,44.51983306575332,45.109987720056054,7173100
2022-01-19,44.796470642089844,45.25752940036117,44.31696911137576,44.9071237591472,4956300
2022-01-20,43.588504791259766,45.036229321773966,43.440966097627744,44.7780374873179,7489900
2022-01-21,43.2657470703125,44.04032583329604,43.17353673660443,43.82823925168848,5832900
2022-01-24,44.003448486328125,44.658151070983095,43.145878924839565,43.367185156295186,8880200
2022-01-25,41.56905746459961,43.21964507159952,41.54139154838018,42.694038392217585,9981100
2022-01-26,40.923583984375,41.799596491623554,40.739159743227965,41.53218151784034,9921800
2022-01-27,41.864139556884766,42.01167822904368,41.07111787493083,41.07111787493083,6770500
2022-01-28,40.08445358276367,40.72071346654105,39.549623681177266,40.231992259477245,10170300
2022-01-31,40.19510269165039,40.397969670946,39.374418664644224,39.90924499515196,6861900
2022-02-01,40.69305419921875,40.91436047254052,39.78937929502198,40.11211907594947,5870600
2022-02-02,40.66539001464844,41.00657610346608,40.001467648711284,40.5916224262554,7003600
2022-02-03,41.596717834472656,41.81802404784049,40.62849523639101,40.63771486294849,5855200
2022-02-04,41.28321075439453,41.62439332593169,40.85903744733753,41.48607777846525,5992800
2022-02-07,41.19099044799805,41.71660070272036,40.72993165981307,41.51373371028717,5049300
2022-02-08,41.956356048583984,42.26987621250817,41.16333425056399,41.35697812656424,5041000
2022-02-09,41.63361358642578,42.11311167218457,41.43996620523891,41.7627094954839,3874000
2022-02-10,41.65205001831055,42.06700363898876,41.35697266973926,41.76270666222438,4799300
2022-02-11,42.6663818359375,43.03522676591228,41.80881218528688,41.91024568424978,6226600
2022-02-14,42.323638916015625,42.77753812220967,41.41584403726453,42.601538264186715,5799700
2022-02-15,42.9906005859375,43.19439254109292,41.97164787743588,42.407016781216456,5780600
2022-02-16,41.28616714477539,43.45376055020596,40.999006081269954,42.823861370259465,8416000
2022-02-17,41.89753341674805,42.305113725225574,41.082369266155865,41.082369266155865,11145200
2022-02-18,42.23100662231445,42.32363737925007,41.61036924320781,41.777107432601426,4525000
2022-02-22,41.721534729003906,42.471853125636684,41.5270079990352,42.101326525739715,5229800
2022-02-23,41.249114990234375,42.04575242658113,41.12869568186589,41.91606791994567,4070900
2022-02-24,41.16573715209961,41.97163961596413,39.96151958809183,41.16573715209961,6877700
2022-02-25,43.036903381347656,43.21290675788999,41.68447460878004,42.14763543776649,6691400
2022-02-28,43.35185623168945,43.69459428216884,42.3884807849851,42.3884807849851,8712800
2022-03-01,44.78765869140625,45.15818883375351,43.93544431109979,44.574605096329634,12129700
2022-03-02,45.73249816894531,45.84365930945704,44.546807605913095,44.546807605913095,9920000
2022-03-03,51.04032897949219,51.41085910723343,48.400313303656695,48.400313303656695,27439600
2022-03-04,54.59740447998047,54.63445819927978,50.21590288149598,50.28074512345119,21597500
2022-03-07,53.55992126464844,57.96921460573581,53.04117983227436,54.1342397383804,23454400
2022-03-08,51.60538101196289,54.50476891974258,51.55906563373241,53.15234008704622,10915700
2022-03-09,51.26265335083008,51.920341042307726,50.456754298827356,51.040334543223686,10180400
2022-03-10,52.883705139160156,53.17086613362572,51.132957719853486,51.679487655360994,9926500
2022-03-11,51.77212905883789,53.25424617989269,51.744340533335546,52.33718596830246,5621000
2022-03-14,51.33674621582031,51.772118539630355,50.28074005764317,51.49422274015797,5524100
2022-03-15,52.05001449584961,52.08706821152733,50.63274344072663,51.63317256220414,6127900
2022-03-16,50.93843460083008,52.56875932646281,50.41042795224375,51.74433353412576,7093200
2022-03-17,51.5590705871582,52.050020004114515,50.6605373218875,51.2719095607219,5364800
2022-03-18,51.707279205322266,52.23528231403524,51.09590699872635,51.66096382508441,9908000
2022-03-21,51.57760238647461,53.365403891513,51.52202180175326,51.855498242806284,6458600
2022-03-22,52.40201950073242,52.61507307263354,51.06811749392835,51.87401640218683,7006000
2022-03-23,52.29085922241211,52.98560047815637,52.03148675072792,52.559493356039376,5209300
2022-03-24,52.56876754760742,53.615512278502536,52.2630796260744,52.42981784988557,8267000
2022-03-25,52.80034255981445,53.143080636135174,52.32791999697439,52.44833928666393,5090400
2022-03-28,52.80034255981445,53.217188076224645,52.44833928666393,52.791080896621885,5879100
2022-03-29,52.23528289794922,53.0319201680388,50.84580027345912,52.75402434986819,9428400
2022-03-30,52.21675109863281,52.58728117689538,51.90180159220064,52.11485515042877,4083700
2022-03-31,53.1430778503418,53.67108096557071,52.161179056088685,52.19822924055399,8476600
2022-04-01,53.24497604370117,53.61550617300669,52.448338739240334,53.26350290353017,4232100
2022-04-04,53.20792007446289,54.60666789649818,52.87444721255147,53.35613141319143,4999900
2022-04-05,53.4024543762207,54.7734102468051,53.07823961879689,53.235716165805556,5848300
2022-04-06,54.402870178222656,54.79192710941284,53.05970307658173,53.35612572242345,7514500
2022-04-07,55.468143463134766,55.84793521247439,54.46771434762347,54.70855996445551,6436400
2022-04-08,57.12625503540039,58.15447264265053,56.6167788294903,57.431942879128464,10513400
2022-04-11,56.18141174316406,57.75615578452347,55.99614669899331,57.37636403410998,4893700
2022-04-12,54.42140579223633,55.60709656639263,54.08792937859556,55.560781183084124,8529700
2022-04-13,54.0416145324707,54.606671401907974,53.38392689549568,54.189825880713485,6504500
2022-04-14,54.02307891845703,54.773400735026634,53.91192130869599,54.152763385451024,5301300
2022-04-18,53.55992126464844,54.27318940904895,53.365394552622,53.64329036032218,3172800
2022-04-19,53.53213882446289,54.09719570002997,53.30982003286832,53.726665558584806,5372200
2022-04-20,53.448768615722656,54.00456028277724,53.143080725296564,53.72666444924995,6986500
2022-04-21,53.893402099609375,54.37508985511366,53.059711073998656,53.272764661957574,5673200
2022-04-22,52.80034255981445,54.625197635189494,52.781815699792084,54.47698628864779,5586700
2022-04-25,52.51318359375,53.022663430295154,51.72581144685955,52.73550238911856,7862600
2022-04-26,51.614646911621094,52.59654566458933,51.392328145991605,52.43907266973099,5848800
2022-04-27,51.48497009277344,52.161184618890566,51.16075532525706,51.94813101753619,5304200
2022-04-28,51.4015998840332,51.66096886558111,51.04033140220059,51.540546038303575,4921800
2022-04-29,49.98432159423828,51.82770346149597,49.82684859032492,51.66096526109529,6856400
2022-05-02,49.76200866699219,50.83654182315274,49.29884776289475,50.62348823130439,7232700
2022-05-03,50.75316619873047,51.197800185504704,49.77126393608103,50.28074015840754,6058400
2022-05-04,51.66096115112305,51.85548785823558,50.25295175622107,50.25295175622107,6979500
2022-05-05,49.882423400878906,51.2348558028576,49.45631625610881,51.012537034400154,7047200
2022-05-06,49.882423400878906,51.086644468431615,49.44705459367335,49.69716188307413,5087800
2022-05-09,50.79948425292969,50.947695589663226,49.2247365916127,49.4933707437038,6677800
2022-05-10,51.123695373535156,51.188537612409604,50.41042721227918,50.632745983875154,6505200
2022-05-11,50.32706069946289,51.71654327824028,50.09548026966666,51.35527483950314,6442100
2022-05-12,50.42005157470703,51.880019553370325,50.19687015209777,51.20118123281687,4666100
2022-05-13,49.64822006225586,50.866411431548514,49.52732997587454,50.689725102064635,5355900
2022-05-16,49.47153854370117,50.25266823034613,48.96008538458389,50.0945806445253,4692300
2022-05-17,47.63960266113281,48.69970647612525,47.202540947203175,48.69970647612525,11792100
2022-05-18,44.5429801940918,46.37491239957874,44.03152352894112,46.14243338718233,10326900
2022-05-19,44.63597106933594,45.15672534219023,43.51077348332667,44.161715437557476,9137900
2022-05-20,45.24971008300781,45.66817297088276,44.31979413099585,44.914939772707854,8053000
2022-05-23,46.70038986206055,47.258338129225166,45.100932960077394,45.24971940114453,6268200
2022-05-24,47.89998245239258,47.909283601014934,46.1703412802611,46.30052898218348,5993900
2022-05-25,47.57450485229492,48.002265382818116,46.81197397706724,47.732592425004576,6797000
2022-05-26,48.4858283996582,48.89499378360889,48.18825550988424,48.49512954784726,5866700
2022-05-27,49.24835968017578,49.480838723470434,48.10456321284793,48.29054715695339,6215600
2022-05-31,49.25765609741211,49.72261413934396,48.66251037131507,48.932183339650805,18085900
2022-06-01,47.75118637084961,49.611018417189975,47.17463942974157,49.611018417189975,6045300
2022-06-02,49.17396926879883,49.192568018336786,47.83488768085608,48.02087162888687,4563300
2022-06-03,48.85779571533203,49.63892542870929,48.78340072008247,49.341352542408295,3623100
2022-06-06,48.4951286315918,49.26695719131379,48.48582748357847,49.22046209329296,3421100
2022-06-07,48.3835334777832,48.42073097309295,47.53730996990257,47.751190246911044,3389500
2022-06-08,47.63030242919922,48.6067135970968,47.58380378763643,48.578817250037766,4051200
2022-06-09,46.89567184448242,48.13245848242557,46.85847434702659,47.50011876241951,3876700
2022-06-10,47.50941848754883,47.881386384042884,46.49580969431873,46.62599739388702,4839900
2022-06-13,46.802669525146484,47.45360782527139,46.59808688947998,47.02584735737568,5447400
2022-06-14,46.85846710205078,47.53730536259302,46.5887906082147,46.91426333960764,5567500
2022-06-15,47.31413650512695,47.881385945781375,46.85847601345987,47.081657458783255,6177000
2022-06-16,46.32841873168945,47.34202739881161,44.94284576169987,44.95214336164852,13182700
2022-06-17,42.96212387084961,46.72828330864377,42.51576457537421,46.625991971636175,21124500
2022-06-21,45.007930755615234,45.2404097294617,42.683141017150554,42.850526162107826,8713900
2022-06-22,44.0222282409668,45.110228373387756,43.97573314551561,44.71966531477974,5212800
2022-06-23,44.38489532470703,45.026536160960745,44.05942610646567,44.80335828198051,6224800
2022-06-24,45.05443572998047,45.296212355015754,44.37559740303126,44.68246787124329,10800100
2022-06-27,45.286922454833984,45.75188058363649,44.95215203452034,45.16603234808761,4333700
2022-06-28,45.03584289550781,45.928561616872784,44.97074904378425,45.603092358255,3684700
2022-06-29,44.738258361816406,46.08663724217872,44.635967036448875,45.44499294572708,4674200
2022-06-30,44.01293182373047,44.626676323287235,43.81764674182948,44.37559854428467,6448600
2022-07-01,44.76616668701172,44.76616668701172,43.7897553562381,44.27331222089765,4131000
2022-07-05,43.91993713378906,45.0916334104785,43.50147417782855,44.989342071538324,4416300
2022-07-06,44.07802200317383,44.34769496055266,43.696756566174585,43.882736937512206,4404000
2022-07-07,45.32411193847656,45.417102128847105,44.20821191728813,44.34769720284395,5002900
2022-07-08,44.654571533203125,45.79836791015045,44.37559741276326,45.57518648538952,4100000
2022-07-11,44.5429801940918,44.98933947221112,44.4685852073978,44.635970380111075,3411800
2022-07-12,44.26400375366211,45.073033293050436,44.1152173235473,44.54298141405715,4249700
2022-07-13,44.589481353759766,45.09163694022077,44.30120606212133,44.30120606212133,5326600
2022-07-14,44.171016693115234,44.56157976956916,43.41778334193452,43.99433390338825,5250900
2022-07-15,44.403499603271484,44.70107251054215,44.198916899267076,44.496489806537745,3684800
2022-07-18,44.198917388916016,44.99864591632138,44.07803083280044,44.62668155178675,3694400
2022-07-19,43.98503112792969,44.70106695561567,43.86414104082726,44.62667551171694,4363400
2022-07-20,43.89204406738281,44.15241946062564,43.492179829274946,43.98503426572705,5354400
2022-07-21,43.03651809692383,43.86414289919566,42.580861171949905,43.75255395494572,5211800
2022-07-22,42.99932098388672,43.39918163364619,42.81333705891942,43.05511367823309,4458500
2022-07-25,42.5064582824707,43.18529651720678,42.23678179888642,43.00861375934876,6041600
2022-07-26,42.79473876953125,42.869130211905066,41.23247945884927,41.7160362499983,7518500
2022-07-27,42.72034454345703,42.75754203898304,41.97641236967896,42.664551847516435,4764200
2022-07-28,42.81333923339844,43.083015760930415,42.62735529898506,42.664552795337435,3631100
2022-07-29,43.185302734375,43.222500230020636,42.32978161861588,42.56226064537848,4180200
2022-08-01,43.46428680419922,44.050131483811874,43.01792388542441,43.01792388542441,4330600
2022-08-02,43.50147247314453,43.84554397197812,42.87843041106712,43.70605514300793,3863300
2022-08-03,43.67816162109375,43.88274075684029,43.1016110682529,43.538672783101944,3487500
2022-08-04,43.427085876464844,44.329102149749225,43.36199202831077,43.71535761904752,4882200
2022-08-05,43.938541412353516,43.99433766262114,43.53867715380768,43.640968505623896,3541600
2022-08-08,43.78974914550781,44.27330594158416,43.66885905965162,43.99433182198007,2975700
2022-08-09,43.585174560546875,44.245417807912595,43.352695493159395,43.77115852392667,4293700
2022-08-10,43.510780334472656,44.00363479081596,43.371291483977956,43.864145940321265,6233400
2022-08-11,43.882747650146484,44.440699542410876,43.43638826474441,43.65026858187358,3766800
2022-08-12,44.14455795288086,44.200663315131735,43.592867708584905,44.023001685172474,4063100
2022-08-15,44.43442916870117,44.612090794107814,43.72377553307232,44.060400563949024,4564700
2022-08-16,45.89314270019531,46.173662408482244,44.65884956312991,44.65884956312991,8608400
2022-08-17,45.39754867553711,46.14560232899887,45.31339241658509,45.74352282145045,7550800
2022-08-18,46.3980712890625,46.45417665091911,45.463003326792794,45.463003326792794,5697800
2022-08-19,46.285865783691406,47.02457035631953,46.12690593659492,46.48222920669342,6426900
2022-08-22,46.86560821533203,46.921713580714425,46.332619728704266,46.35132151716506,4404700
2022-08-23,46.379371643066406,47.071323536573246,45.97729211536673,46.86560743393582,5798200
2022-08-24,46.43547439575195,46.55703422838252,46.04274756771635,46.38872171150979,4350100
2022-08-25,46.117549896240234,46.379367774484564,45.28534001153412,46.379367774484564,4999400
2022-08-26,45.23858642578125,46.31391238068346,45.21053196295702,46.19235612078212,2886000
2022-08-29,45.163780212402344,45.369496298018184,44.62144266896204,44.99546769998958,2839600
2022-08-30,44.42508316040039,45.2666458639195,44.33157777867679,45.24794407417444,3564800
2022-08-31,44.827152252197266,45.06091921890731,44.39702188953099,44.49053081641551,5408100
2022-09-01,45.453651428222656,46.19235592917899,44.79910318138795,44.80845229095658,7283900
2022-09-02,45.28534698486328,46.14560789842092,45.15443802558291,45.72483011987734,4086400
2022-09-06,45.3694953918457,46.34196687369589,45.24793556486418,45.706120409947765,6189700
2022-09-07,46.58509063720703,46.65989779444618,45.55651719417981,45.55651719417981,6012400
2022-09-08,45.21989059448242,46.88431054986364,44.8271601662343,46.47288189993836,9401600
2022-09-09,48.56743240356445,48.62353776972697,45.40690501677326,46.13625694187869,13877700
2022-09-12,47.258338928222656,48.44587575024028,46.968466555808426,48.44587575024028,9407400
2022-09-13,46.16429901123047,48.38041239623583,45.939884723508904,47.0058615076883,6987100
2022-09-14,45.76222610473633,46.42612708795173,45.17313583981462,46.28586546277915,5937900
2022-09-15,44.771060943603516,45.99599785303123,44.38768317113351,45.95859784052322,6305800
2022-09-16,44.21000289916992,44.85520194152612,43.93883595755691,44.65883499946093,13928800
2022-09-19,44.36897659301758,44.686899850535774,43.667675604404025,43.83598812703138,5997300
2022-09-20,43.873390197753906,44.18196435940889,43.452612438408316,44.06040451690831,4566800
2022-09-21,42.33052444458008,44.08845310296251,42.33052444458008,43.96689327667517,6223700
2022-09-22,42.545597076416016,42.89157126267258,42.08741215380468,42.18092110076699,5211900
2022-09-23,41.94715118408203,42.152867286176495,41.2458501818524,42.096761921877636,5965800
2022-09-26,42.07806396484375,42.33988188807335,41.498322748977486,41.891049633821886,5785200
2022-09-27,41.41416549682617,42.35858267395087,41.32065655003062,42.246375504797804,4591200
2022-09-28,42.49883270263672,42.69519608677086,40.96532206406423,41.67597203059759,6285000
2022-09-29,41.778839111328125,42.57364549567512,41.62922837190982,42.27442401683851,4046400
2022-09-30,40.90922164916992,41.96584940138306,40.74090913759611,41.87234046884147,5625800
2022-10-03,40.90922164916992,41.217795776055596,40.47909126048176,40.984028795203194,8225500
2022-10-04,41.79753875732422,41.928447701730406,41.16169225563597,41.29260120004216,4973300
2022-10-05,41.70402526855469,42.04065026999966,41.15233508663117,41.601170799891676,4085000
2022-10-06,40.881168365478516,41.928443379776894,40.834412118437726,41.694676412576314,3836400
2022-10-07,40.20792007446289,40.93727190181516,40.030258455928646,40.82506475153042,5269900
2022-10-10,41.386112213134766,41.46091937271106,40.628709340934094,40.684811143614624,4213300
2022-10-11,42.71390151977539,42.9850720640776,41.22714343132652,41.367405041689985,7378400
2022-10-12,43.050533294677734,43.65832537874027,42.667155542053166,42.81676628534564,7441200
2022-10-13,43.546104431152344,45.21987654431976,41.87233231798492,42.78869827650666,27509100
2022-10-14,40.35752868652344,43.23753940688463,39.60947511207923,42.218315297016645,19688900
2022-10-17,39.37571716308594,40.65675942558269,39.10454656557154,40.49779956517871,11020300
2022-10-18,40.35752868652344,40.507139401412275,39.60947511207923,39.80583850655818,8771000
2022-10-19,40.151817321777344,40.82506740118342,40.12376642413583,40.469740574052295,7653200
2022-10-20,39.43181610107422,40.292080521439615,39.35701251543452,40.15181889373831,6084600
2022-10-21,40.79701614379883,41.114939393270376,39.4131159893348,39.59077761783315,7103800
2022-10-24,41.13364028930664,41.30194923702612,40.067659840409156,40.890520627154174,5418100
2022-10-25,41.86299514770508,42.0126058863104,40.909225351470624,40.984032504273976,4730700
2022-10-26,42.4894905090332,42.928973629848294,42.00325469955729,42.012607377490355,6610400
2022-10-27,42.71390151977539,43.03182474519845,42.5362399047158,42.657796162229815,3638500
2022-10-28,43.73311996459961,44.331562765771736,42.91961200469378,42.966364679722766,4052300
2022-10-31,44.21936798095703,44.397029622480964,43.6957286002002,43.723779499650966,4638000
2022-11-01,44.10715103149414,44.68689569642903,43.77052958453314,44.53728497544605,3864500
2022-11-02,43.536773681640625,44.55599809221796,43.52742100276273,43.98560595872947,4018000
2022-11-03,44.15391540527344,44.22871899602995,43.02248032969237,43.3030036042837,4107600
2022-11-04,43.38715362548828,44.527934081013726,42.657798210380626,44.350272457423976,4357800
2022-11-07,43.80793380737305,43.90144274636609,43.30299980481583,43.59286859819101,2887100
2022-11-08,44.060401916503906,44.28481979964454,43.66767507975934,43.76118045031722,3839700
2022-11-09,44.93937683105469,46.35132817617788,44.864569666464405,45.14508939967409,6522600
2022-11-10,44.98611068725586,45.481695460631016,43.91078133208286,45.45364456915708,5721900
2022-11-11,44.04170227050781,45.023526544112634,42.92897261195748,45.023526544112634,8480600
2022-11-14,43.77843475341797,44.74689980980895,43.74082355455973,44.427211793116584,5400500
2022-11-15,44.06990432739258,44.455410076517005,43.50575079733755,44.22034550786063,5276900
2022-11-16,44.972557067871094,45.245229254099826,44.03229874994915,44.20154194731833,6961900
2022-11-17,45.3016471862793,45.53671177168473,44.66227122703244,44.6904778295048,4433000
2022-11-18,45.37686538696289,45.94102253653809,44.99135961548023,45.74356914824717,4656600
2022-11-21,45.24523162841797,45.50850641027646,44.76570143930601,45.23583062293778,3524500
2022-11-22,45.20762252807617,45.76237150312881,45.09478894523074,45.64014050191428,3597200
2022-11-23,44.981964111328125,45.36746992995518,44.775106105839996,45.29224753275901,4091700
2022-11-25,46.11027145385742,46.11027145385742,45.038377482964826,45.038377482964826,2438800
2022-11-28,45.912818908691406,46.439361311576846,45.583726320086896,45.99743872046847,5846200
2022-11-29,46.40174865722656,46.76845243074445,45.79998388037823,46.07265966576294,6008000
2022-11-30,46.251304626464844,46.467563605706694,45.546110899319395,46.035045647223,10713400
2022-12-01,45.51790237426758,47.39841890051173,44.80330767248708,47.34200211347618,10564400
2022-12-02,44.72809600830078,45.66835449674402,44.45542018581989,45.41448427444817,5145200
2022-12-05,43.31770706176758,44.58705455087513,42.82877223106207,44.38960113466753,7997900
2022-12-06,43.56216812133789,43.9382692837377,43.18606337213737,43.56216812133789,4102400
2022-12-07,44.13572692871094,44.24856051645685,43.590378935143264,43.68440333813046,4855400
2022-12-08,44.62466049194336,44.69988288171195,43.646790945757424,44.03230031312002,3792600
2022-12-09,43.69380569458008,44.66227062563332,43.68440110268198,44.370789252407185,5210300
2022-12-12,43.919464111328125,44.03229768925732,43.28949277516017,43.75962192279623,4260500
2022-12-13,42.73474884033203,44.088719766841024,42.71594324022478,44.004096359759124,6225300
2022-12-14,42.08596420288086,42.93219819352102,41.91672099155396,42.6595223980035,5731700
2022-12-15,40.8918342590332,41.79448134884733,40.73198848596989,41.61582997972947,7070200
2022-12-16,41.67224884033203,41.78507883546987,40.48752492438254,40.67557372067865,13022400
2022-12-19,41.74747085571289,42.09536542991693,41.36196508786495,41.66284746341452,4556200
2022-12-20,41.91672134399414,42.283421547421085,41.55942214640841,41.625239947700365,4444400
2022-12-21,41.80387878417969,42.13297130683469,41.66284220601359,41.8885021657995,3486200
2022-12-22,42.54669189453125,42.55609290018287,41.587627912017396,41.89791490053707,4340400
2022-12-23,43.148460388183594,43.317707198840345,42.54669554442688,42.54669554442688,4693200
2022-12-27,43.20487594604492,43.59038176217593,43.09204593778253,43.17666575387835,4601000
2022-12-28,41.91672134399414,43.40232775618551,41.90731675135177,43.19546975966726,4223900
2022-12-29,41.95433044433594,42.104771650746954,41.75687703344672,42.010747241790554,2897600
2022-12-30,41.91672134399414,42.161186950678385,41.59703334337557,41.8320979442186,3626000
2023-01-03,41.81329345703125,42.311629276286666,41.57822884994077,41.82269446312232,3570100
2023-01-04,42.28342056274414,42.79115736277227,41.43718658469547,41.747473572247,4299700
2023-01-05,42.46207046508789,42.537292860992636,41.56882424112596,42.10477125814287,4749800
2023-01-06,43.00741958618164,43.23307958723456,42.5560924104737,42.61250920413746,4385800
2023-01-09,43.43053436279297,43.67500355629122,43.054433153505045,43.24248555154959,4736600
2023-01-10,43.23308181762695,43.85365223273926,43.063835014705305,43.50575762086753,3434600
2023-01-11,42.88518142700195,43.51515276325441,42.39624668297878,43.43052937319654,4994300
2023-01-12,42.94159698486328,43.09204176370882,42.48087240345214,42.99801377693036,3312400
2023-01-13,42.51848602294922,42.941599433778705,42.17999242484471,42.7817572273411,3429400
2023-01-17,43.42113494873047,43.71261635572501,42.64071872361668,42.65012331660431,3834000
2023-01-18,42.55609130859375,43.6185842475438,42.41505470828771,43.45874204983677,4005200
2023-01-19,41.37136459350586,42.7253352344087,41.36196358883601,42.61250524436698,4422200
2023-01-20,41.79448699951172,41.83209819670589,41.01407079833791,41.38077100397816,3978500
2023-01-23,42.029544830322266,42.34923278136492,41.64403908819441,41.794480265932094,3556300
2023-01-24,41.6158332824707,42.31162604450613,41.51240787616362,42.31162604450613,2721800
2023-01-25,42.21759796142578,42.22699896597886,41.625234244163366,41.65344084462326,3351700
2023-01-26,41.80387878417969,42.236396696103,41.69104880428674,42.12356671621005,3106600
2023-01-27,42.358638763427734,42.59370335544099,41.80388618280442,41.93552178044368,3672000
2023-01-30,41.56881332397461,42.20818917404165,41.437177752513804,42.020136820468935,4544800
2023-01-31,41.96372604370117,41.96372604370117,41.126896788212974,41.41837454558946,5007000
2023-02-01,42.48086929321289,42.678322670789676,41.44658662198151,41.75686998863065,5387300
2023-02-02,42.28342056274414,42.58430295787232,41.897914769811095,42.104769174711045,4816500
2023-02-03,41.766273498535156,42.33043065133879,41.512406904594556,42.2364026658044,5025100
2023-02-06,41.87911605834961,41.944933868931884,41.45599899974808,41.86971146437976,4413800
2023-02-07,41.81329345703125,41.982540261080494,41.50300645400721,41.84150006210571,3487100
2023-02-08,41.625240325927734,41.89791612621559,41.37137012429433,41.7098637264722,4791300
2023-02-09,41.455989837646484,41.82269001179028,41.3055486485926,41.70045542480872,3660300
2023-02-10,42.123573303222656,42.49027348531726,41.540614131349216,41.58762633142271,3726200
2023-02-13,42.20819854736328,42.264615342003864,41.84149834920227,42.161186345230014,4477600
2023-02-14,41.26245880126953,42.34059716242619,41.22462849898778,42.34059716242619,4941500
2023-02-15,41.86773681640625,41.87719258984717,41.30029300213624,41.385409393891905,3987200
2023-02-16,41.470523834228516,41.688046297799325,41.338121366104836,41.53672506829035,4493300
2023-02-17,41.61238479614258,41.7447872614443,41.41378109818999,41.57455448957163,4230100
2023-02-21,42.19874572753906,42.33114821044373,41.20572349805699,41.54618908706732,5973400
2023-02-22,42.19874572753906,42.71889988510614,41.640761258371484,42.047428088834145,4718600
2023-02-23,41.52727127075195,42.14200116793656,41.35703848715304,42.08525570417131,5079600
2023-02-24,41.37594985961914,41.57455355309815,41.09222978212105,41.4232359379194,5039500
2023-02-27,41.05439758300781,41.75424377574352,40.95036605092717,41.470520103634016,5586100
2023-02-28,40.79905319213867,41.10168844376861,40.60044948469967,40.80851257308154,6000400
2023-03-01,41.026031494140625,41.07331757583316,40.49641799917264,40.62882047099044,7008800
2023-03-02,43.24850845336914,44.090212947399436,41.81098924705466,42.56757735361579,12908600
2023-03-03,43.484947204589844,44.222620237974986,43.078280376519295,44.16587837860509,8240500
2023-03-06,43.95780944824219,44.00509552734956,43.030988588490594,43.22013651261668,6271000
2023-03-07,44.364479064941406,44.58199792892948,43.759208555114284,43.96727164575366,8262100
2023-03-08,44.87517547607422,44.97920701690945,44.16587345150307,44.21315953160181,7354500
2023-03-09,44.68602752685547,45.13998038944278,44.48742382591664,45.0643233828599,6352200
2023-03-10,44.544158935546875,44.77113713632743,44.18478189521381,44.40230071679312,7329300
2023-03-13,44.30773162841797,45.46153074119949,44.05238607471068,44.48742378331148,8891300
2023-03-14,44.61982345581055,44.67656891291173,43.986178478451464,44.21315669915978,6577100
2023-03-15,45.66960144042969,45.73580268505518,44.27936808789997,44.45905666506954,7340600
2023-03-16,44.57254409790039,45.77362939654515,44.40231130863124,45.67905362045286,7188700
2023-03-17,44.24152755737305,44.82788645678147,43.95780748768637,44.67656884576881,15100200
2023-03-20,44.78059768676758,45.37641237066712,44.73331160880335,44.82788737242831,5776300
2023-03-21,45.16835021972656,45.26292598528067,44.87517436575025,44.92246044467902,4560400
2023-03-22,45.433162689208984,46.03843321037365,45.27238567769513,45.33858691546646,7411900
2023-03-23,45.887115478515625,46.378898677797615,45.395332279233635,45.395332279233635,8511200
2023-03-24,46.38834762573242,46.757184068999194,45.98168087861872,46.06679725842615,6830200
2023-03-27,45.99114990234375,46.7571938735466,45.9816905205503,46.426187664717844,6508200
2023-03-28,46.26540756225586,46.50184158358635,45.84928498348506,45.89657106621179,4732500
2023-03-29,46.3788948059082,46.47346696384927,46.08571534397636,46.35052027236862,5164600
2023-03-30,46.39781188964844,46.64370167514464,46.16137787726117,46.312695500881155,3743800
2023-03-31,46.690982818603516,46.79501435028426,46.33160575531992,46.530209438876064,4811100
2023-04-03,47.23005294799805,47.28679840485458,46.776100116235014,46.880131649957114,6118200
2023-04-04,46.77610397338867,47.25843137720086,46.61533057724908,47.09765437336456,3928500
2023-04-05,45.45207595825195,46.908506736494004,45.017034632478975,46.80447880123843,7469300
2023-04-06,45.887115478515625,45.93440156143379,45.31967166040708,45.433162588646915,4393700
2023-04-10,46.246490478515625,46.255946250850144,45.67904673064087,45.69796188300634,4518900
2023-04-11,45.35750198364258,46.16137982428377,45.23455888955727,46.16137982428377,6710700
2023-04-12,44.752227783203125,45.31021217439123,44.46850770124401,45.026492092432115,7214200
2023-04-13,44.49687957763672,44.87517543346077,44.12804310244143,44.74277296623134,5503100
2023-04-14,44.118587493896484,44.86571622000299,43.863238331418316,44.44013789023604,3908200
2023-04-17,45.215641021728516,45.2250967946689,44.26044560840046,44.35502137628755,5852200
2023-04-18,45.25346755981445,45.41424456080086,44.82788923277842,45.130524473544625,5113500
2023-04-19,44.87517547607422,45.38587379961265,44.7995148617589,45.22509679804092,4566000
2023-04-20,45.20618438720703,45.22509954193348,44.66711510444233,44.9508352099453,3917700
2023-04-21,45.31966781616211,45.726334588617114,45.18726535214356,45.44261450747786,3776300
2023-04-24,45.62230682373047,45.660133522375546,45.17780974345741,45.2345552029699,4634000
2023-04-25,45.36695861816406,45.94385817502567,45.32912831102964,45.56556231907478,3851000
2023-04-26,45.225101470947266,45.44262034803406,44.91301042389126,44.98866743832721,2897000
2023-04-27,45.716880798339844,45.74525172537505,45.225097619448164,45.36695947001765,2482600
2023-04-28,45.99114990234375,46.312700337076144,45.726341327583654,45.78308679525305,4972800
2023-05-01,46.60586929321289,46.700445058576925,45.8019951299497,46.22757705484645,4484000
2023-05-02,46.75718688964844,47.27734457968171,46.114086116240536,47.0125360444748,4200900
2023-05-03,46.28432083129883,46.89905070479323,46.255949904357976,46.76664823547363,4659300
2023-05-04,45.660133361816406,46.397809902098494,45.631762436008216,46.397809902098494,3402400
2023-05-05,46.55858612060547,46.59641642911248,45.71688159865676,45.80199798894915,3770300
2023-05-08,46.48292541503906,46.861217646937625,46.331607800740336,46.511296340314914,3303000
2023-05-09,46.49237823486328,46.766642520766524,46.26540002398219,46.331604858248724,3842000
2023-05-10,46.454551696777344,46.67207054566553,45.858740609356175,46.64369961989211,5119800
2023-05-11,46.49237823486328,46.62478068800381,46.10462664736763,46.605865536455696,3743800
2023-05-12,46.75859069824219,47.015297506183806,46.549421382094614,46.55893105658031,4074700
2023-05-15,46.65401077270508,46.99628655134735,46.29271927004062,46.99628655134735,4924600
2023-05-16,46.52090072631836,47.06283612487883,46.29271568261374,46.65400715728013,4495000
2023-05-17,46.82515335083008,46.910722304059036,46.27370817960372,46.66352512077476,4432500
2023-05-18,46.901206970214844,46.9392347876608,46.368777630311754,46.80612835940457,4532000
2023-05-19,47.195945739746094,47.24348323588536,46.82514819223,47.015301803665515,4509000
2023-05-22,47.519203186035156,47.88049466526814,47.053330671780515,47.26249636870212,4787400
2023-05-23,46.682533264160156,47.50019127531254,46.673027215441934,47.300531610322835,4984300
2023-05-24,47.1198844909668,47.62378845724636,46.77760873014358,46.958252658632134,5842400
2023-05-25,46.49238204956055,47.167423924000396,46.47336632574666,46.86317959673516,12037900
2023-05-26,44.98066711425781,46.37828837950895,44.942635666078296,46.1120754960094,8018100
2023-05-30,43.69713592529297,44.971160511323234,43.6210766506159,44.971160511323234,6550600
2023-05-31,43.0981559753418,43.88728861428403,43.01258702635975,43.716150716319945,13800300
2023-06-01,42.461143493652344,43.17421688660008,42.24246808837383,42.95554148132157,8704100
2023-06-02,43.65910720825195,43.65910720825195,42.337545039438396,42.40409826902764,6219000
2023-06-05,43.877784729003906,44.163013364050144,43.72566254852066,43.72566254852066,4295400
2023-06-06,43.801719665527344,43.877782565457856,43.26929024664981,43.84925716454457,4276700
2023-06-07,43.22175216674805,43.67811867956166,42.96504532325064,43.5925497317292,7948700
2023-06-08,43.506980895996094,43.62107524465245,43.06012405783397,43.13618333005955,4189000
2023-06-09,43.89680099487305,44.31513975107122,43.44043441010349,43.47846586555409,3790800
2023-06-12,44.09646224975586,44.10596829973206,43.58304850594387,43.97286183879096,4099800
2023-06-13,44.552825927734375,44.65741060509469,44.00138076597229,44.229565846292864,5138700
2023-06-14,44.88559341430664,45.17082205316359,44.41021114058542,44.65741195397265,6548300
2023-06-15,43.67811965942383,43.79221401034577,41.415302769319425,42.21394509137943,18125600
2023-06-16,43.89680099487305,44.05843286709849,43.25979043703197,43.67812556635092,10578400
2023-06-20,43.57353973388672,44.324640948972196,43.535508282599686,43.944337316738284,5682800
2023-06-21,43.43092727661133,43.9348313546883,43.259789358230634,43.50698655873657,5442800
2023-06-22,43.801719665527344,43.811229341458,43.079140250580906,43.33584709752836,4059900
2023-06-23,43.86827087402344,44.66691315220721,43.8207333771903,43.99187126729243,5160900
2023-06-26,44.35316467285156,44.36267072187427,43.79221348166625,44.11547355161844,3552000
2023-06-27,44.467254638671875,44.72396148045986,44.2200538457448,44.28661069528564,3943500
2023-06-28,44.84756088256836,44.84756088256836,44.039412487444345,44.30562539371977,4209000
2023-06-29,44.03941345214844,44.90460904337492,44.0108916763881,44.87608726761458,4758700
2023-06-30,44.68593215942383,44.81903861108746,44.058427725238985,44.077443450745044,5264500
2023-07-03,45.10426712036133,45.10426712036133,44.41020946218443,44.63839454077351,2132500
2023-07-05,44.72396469116211,45.25639051068238,44.467257830945314,44.904608647516646,4535800
2023-07-06,44.96165084838867,45.26589517640164,44.609865397284906,44.742975464309254,4136600
2023-07-07,44.84756088256836,45.18033064229147,44.685932654295094,44.876086284582755,3366500
2023-07-10,44.57184600830078,45.30393519447416,44.562336331132244,44.92362789907424,4509100
2023-07-11,45.22787094116211,45.29442417184828,44.63839791499361,44.67642936877972,3714600
2023-07-12,45.01869583129883,45.399003066903916,44.7144514935662,45.07574300470317,5140800
2023-07-13,44.68593215942383,45.303930544295035,44.600363208085945,44.97116078825716,4108200
2023-07-14,44.15350341796875,44.85707076520581,44.02990664056024,44.7049485856517,4775400
2023-07-17,44.24858093261719,44.514793833412774,43.659104328171594,43.92532085584594,5054500
2023-07-18,43.93482971191406,44.40070594494833,43.81123292972209,44.26759948604682,3870600
2023-07-19,44.66691589355469,44.6859316188307,44.0108896924865,44.10596469198783,4846700
2023-07-20,45.50359344482422,45.51309949481117,44.62888814398373,44.82855146250019,3818800
2023-07-21,45.6271858215332,45.87438297333504,45.32293787233942,45.494075757001625,2822600
2023-07-24,46.34026336669922,46.55893876666664,45.64620208943376,45.76980249006883,4317600
2023-07-25,46.292720794677734,46.49238409004725,45.84586395951412,46.47336836539879,4023800
2023-07-26,46.311737060546875,46.61598140472052,46.15010883946404,46.32124673642155,3721500
2023-07-27,45.731773376464844,46.71106332864756,45.60817659639276,46.34977178434096,3129600
2023-07-28,46.13109588623047,46.42583419911651,45.969464028557844,46.01700515703025,2766400
2023-07-31,46.24518585205078,46.40681770705532,45.95995722031912,46.216664076941264,3327600
2023-08-01,46.15011215209961,46.53992547273265,45.798326657058894,46.27370893231279,3439400
2023-08-02,46.606475830078125,46.85367300215565,45.75078633658149,45.760296012552956,3817800
2023-08-03,46.9677619934082,47.00578981231888,46.368779416305884,46.56843906638056,3720100
2023-08-04,47.0533332824707,47.319546162529534,46.920223215562814,47.06283933095346,4706000
2023-08-07,47.25299835205078,47.71887094548695,46.996291491086836,46.996291491086836,3792100
2023-08-08,46.46385955810547,47.44314944797293,46.226168435874904,47.30053332388311,4136800
2023-08-09,46.834651947021484,47.04382127204452,46.37828547805348,46.43533264675384,3497700
2023-08-10,46.66352081298828,47.36708447291723,46.49238292232912,46.9867772432572,4374600
2023-08-11,46.568443298339844,46.98677835940035,46.4448429017325,46.80613441580394,3593700
2023-08-14,46.44410705566406,46.76929245597625,46.10935534001547,46.692776527206185,4675600
2023-08-15,45.860687255859375,46.33890087969841,45.66940107662768,46.33890087969841,4939700
2023-08-16,44.971214294433594,46.20500644771752,44.85644403436649,46.13805682530498,5581800
2023-08-17,44.70341491699219,45.105112643489896,44.512128721692015,45.047725690355634,5137500
2023-08-18,45.497249603271484,45.55463655880383,44.598209190816654,44.67472148304558,4721900
2023-08-21,45.3250846862793,45.736348676535336,44.87556273216682,45.40160061399216,3815800
2023-08-22,44.96164321899414,45.315523926840264,44.665153107828424,45.315523926840264,3717600
2023-08-23,44.8851318359375,45.05728903550676,44.48343048744905,44.923389802170774,3539700
2023-08-24,44.46430587768555,45.18162633809135,44.37822727649763,44.80861663395669,4112700
2023-08-25,44.51212692260742,44.73210476134333,44.10086289630272,44.73210476134333,3560500
2023-08-28,44.598201751708984,44.799050589848726,44.273016354895965,44.320836985622535,2605200
2023-08-29,44.46430587768555,44.64602574753536,44.14868312383634,44.49299752858801,4248200
2023-08-30,44.49299240112305,44.88512739501521,44.454734438675004,44.68427856488315,3273300
2023-08-31,44.36865997314453,44.71297437023369,44.16781112433601,44.253889723608296,4573500
2023-09-01,43.97652816772461,44.60777005918551,43.880886894177486,44.426050180053686,3676400
2023-09-05,43.05835723876953,43.842627328427746,43.02009927135192,43.80436936101013,6266500
2023-09-06,43.19225311279297,43.86175289654378,43.09661185017727,43.30702335762787,4918000
2023-09-07,43.5461311340332,43.699159346720116,43.268770006868436,43.517439484304525,6754400
2023-09-08,44.89469528198242,46.138053666767405,42.29321555716341,42.69491326413908,16741900
2023-09-11,43.45049285888672,44.88513381971684,43.33572260359489,44.80861788386853,6648200
2023-09-12,43.689598083496094,43.919138585662,43.29746304785556,43.65134011697494,4061100
2023-09-13,43.14443588256836,43.80436940299209,42.943587026154255,43.80436940299209,4851200
2023-09-14,43.794803619384766,43.93826551441018,43.201816111475985,43.316590005672715,4587500
2023-09-15,44.30171203613281,44.550385176114474,43.8139357207543,43.900014323289405,22036000
2023-09-18,44.51212692260742,44.80861704728251,44.081733912697786,44.32084073503863,4689800
2023-09-19,44.08173370361328,44.569510013543585,43.95739713501123,44.53125569499572,3770200
2023-09-20,44.16781234741211,44.47386878697088,43.7565483226649,43.95739717703524,3394000
2023-09-21,43.71828842163086,44.12955242818495,43.53656855883177,44.10086077839573,4798700
2023-09-22,43.67047119140625,43.87132005253923,43.42180169407218,43.70872915975939,3724100
2023-09-25,43.71828842163086,43.756546387003425,43.373974030238564,43.4983105934592,2756200
2023-09-26,43.18269348144531,43.74698572689752,43.16356449788144,43.622649157972646,3015800
2023-09-27,42.54188537597656,43.287897493866545,42.30277855373176,43.03922800406341,4516200
2023-09-28,43.12530517578125,43.335720339892134,42.589704598262834,42.656654214392574,3811100
2023-09-29,42.80011749267578,43.307022744628426,42.589702339723246,43.125302888838675,3414500
2023-10-02,42.11149215698242,42.71404236761972,41.79587305039754,42.6662217331045,3802600
2023-10-03,42.34103775024414,42.46537432299594,41.77674548742369,41.9010820601755,3658600
2023-10-04,42.98183822631836,43.087045804943365,42.35059640304865,42.56101156029866,4266300
2023-10-05,42.22626495361328,43.00096869854772,42.20713597061138,42.88619844901678,3126300
2023-10-06,41.556766510009766,42.264520661968405,40.76293010746958,42.159316724716604,6351700
2023-10-09,42.67578887939453,42.6949178649043,41.5567705906803,41.5567705906803,4720000
2023-10-10,42.886192321777344,43.3261479225223,42.87662965588286,42.991399889016336,5383000
2023-10-11,42.26451873779297,43.10617573685326,41.75761346432095,42.89576057496809,5080500
2023-10-12,42.33146667480469,42.599268774353234,41.68109952913602,42.26451706203761,3846900
2023-10-13,42.23582458496094,42.58970162385825,42.12105434367968,42.39841910454955,4039500
2023-10-16,42.36016845703125,42.70448288881939,42.28365251730907,42.532325672925325,3740000
2023-10-17,42.551448822021484,42.72360236582427,42.24538875358905,42.283646718203144,2919200
2023-10-18,42.30277633666992,42.943584483911515,42.28364735407521,42.637528059356846,4177800
2023-10-19,42.56101989746094,42.8670763778788,42.24539709975943,42.264526085845674,4327800
2023-10-20,42.20713806152344,42.74273501818791,42.20713806152344,42.67578539860485,3488400
2023-10-23,41.43242645263672,42.12105521147198,41.298527226969924,42.073234580659594,3660300
2023-10-24,41.70979309082031,41.93933358841182,41.53763589338647,41.68110144074148,3401800
2023-10-25,42.36016845703125,42.48450138635855,41.700231246610365,41.74805553317713,2958500
2023-10-26,42.819252014160156,42.97228024106468,42.23583075893643,42.40798797026411,3601700
2023-10-27,42.49406433105469,43.14443517316135,42.34103611223433,42.70447950011288,3369000
2023-10-30,42.99140548706055,43.182691666177604,42.465371230848945,42.465371230848945,3212700
2023-10-31,43.393104553222656,43.73741895683687,42.84794129699366,43.04879014960844,3911400
2023-11-01,43.412235260009766,43.70872904122151,43.077487159029296,43.57482980082932,3638500
2023-11-02,43.42179870605469,43.65133920341664,42.98183939723017,43.22094621026245,3077600
2023-11-03,43.393104553222656,43.96696310873985,43.373975569857365,43.61308238920273,3153500
2023-11-06,43.19225311279297,43.56525914486662,43.17312413057377,43.40266826872387,3822900
2023-11-07,43.14443588256836,43.41223435778716,42.943587026154255,43.134869566464495,2291400
2023-11-08,41.958465576171875,42.84794327712041,41.652409125144494,42.838380609236104,5201200
2023-11-09,41.97759246826172,42.11149170285258,41.461120864713656,41.97759246826172,3540700
2023-11-10,41.97759246826172,42.149749669444404,41.604586415192735,42.05410840144536,2896400
2023-11-13,42.25495910644531,42.32190872667685,41.78630811634384,42.04454392944294,4053300
2023-11-14,42.591915130615234,43.12142507496472,42.30308818589083,42.30308818589083,4148800
2023-11-15,42.85186004638672,43.16956826504926,42.69782069955911,42.74596097942026,4484200
2023-11-16,41.070777893066406,42.399369490897676,40.984130535108115,42.12017204052235,8093800
2023-11-17,40.858970642089844,41.17667883160929,40.531636601033775,41.070776101769475,10563500
2023-11-20,41.32109069824219,41.50401493983537,40.733818237985986,40.916738806991596,4563400
2023-11-21,41.407737731933594,41.63879857696975,40.95524923897692,41.426993108402236,3916100
2023-11-22,42.187564849853516,42.226075603610155,41.50401549731747,41.590662856976095,5558500
2023-11-24,42.534156799316406,42.60154878607492,42.07203874472037,42.35123621705584,2414400
2023-11-27,42.447513580322266,42.70745570003088,42.3127295936411,42.46676896021789,4145200
2023-11-28,42.283836364746094,42.44750522534973,42.043149672307635,42.25495513688147,5242600
2023-11-29,42.01426696777344,42.30309025403086,41.83134641008078,42.23569827632371,8349900
2023-11-30,42.62080383300781,43.2754719900803,41.369233652459044,41.927624920204515,16309400
2023-12-01,42.93851089477539,43.09255025410975,42.08166672894124,42.851863525613055,6252600
2023-12-04,43.00590133666992,43.8531196188018,42.803725373432464,42.89037273947536,5079100
2023-12-05,42.85186004638672,43.17919411746885,42.717076076986025,43.14068703520274,4036800
2023-12-06,42.880741119384766,42.98664384948137,42.563032929094945,42.79409376499549,4029300
2023-12-07,43.13105773925781,43.2850970869035,42.71707630384982,42.996273769141304,3399900
2023-12-08,42.919254302978516,43.506526768688715,42.89036940148696,43.19844808508783,2819800
2023-12-11,43.41025161743164,43.4776435969211,42.60154419097073,43.005896067907464,4328400
2023-12-12,42.6015510559082,43.48727645626223,42.46676707520981,43.48727645626223,4237700
2023-12-13,43.05404281616211,43.063668669284425,42.37048972166198,42.60155059506546,5002600
2023-12-14,41.96613311767578,43.01552727554836,41.88911161090941,42.93850576878198,8067300
2023-12-15,42.46676254272461,42.8037224585068,41.91799715268639,42.01427036502769,18723600
2023-12-18,43.833858489990234,43.85311386576122,42.42824911199504,42.71707240338499,7225800
2023-12-19,43.39099884033203,43.75684365989183,43.092546004298036,43.68945167636603,5410800
2023-12-20,43.32360076904297,43.60279818875327,42.8614828015503,43.20807219531659,4541100
2023-12-21,43.34286117553711,43.6798210849381,42.91925390763479,43.42950853403844,3408800
2023-12-22,43.45838928222656,43.72795720676717,43.16956598127769,43.32360531995626,2444000
2023-12-26,43.53541564941406,43.708710383852534,43.23696279063938,43.37174676796087,2851200
2023-12-27,43.525779724121094,43.64131197848499,43.35248501516264,43.61242707860032,2929500
2023-12-28,43.48727035522461,43.68944997049548,43.32360516522023,43.48727035522461,2051000
2023-12-29,44.00715255737305,44.01678208141177,43.44876135850984,43.58354531435312,3424900
2024-01-02,44.54629898071289,44.79661155583538,43.89163080259201,43.978278169478244,4977100
2024-01-03,44.786983489990234,45.23947568054852,44.709961979857866,44.9506486901399,4493700
2024-01-04,44.19008255004883,44.9410239291386,44.10343518533941,44.844750711722725,4587200
2024-01-05,44.33448791503906,44.47890139921918,43.93013603547467,44.228585182985306,3599400
2024-01-08,44.25747299194336,44.286354221642455,43.872372790546166,44.13231487560112,3625600
2024-01-09,44.51741409301758,44.555921174236005,43.766469084150174,44.29597909492663,3357500
2024-01-10,44.42113494873047,44.74846899425462,44.18044825856822,44.353742969292036,2970900
2024-01-11,44.141937255859375,44.60405893022156,43.83385858800953,44.55591865439275,3319900
2024-01-12,44.31523513793945,44.32486466282952,44.045667202420454,44.21896192456486,2983300
2024-01-16,44.68107604980469,44.73884217632748,44.19007682841666,44.48852596731605,4570600
2024-01-17,44.796607971191406,45.22021891877675,44.555921268277054,44.738845512948046,4410500
2024-01-18,44.43076705932617,44.57517687827724,43.88200166761929,44.411511682281834,4214900
2024-01-19,44.22858428955078,44.584803230642656,43.80497704248023,44.55591833083764,4887900
2024-01-22,44.218963623046875,44.469276190988104,44.09380550278235,44.218963623046875,4195200
2024-01-23,44.527042388916016,44.632945131401,44.19008245608908,44.22858953942085,3086300
2024-01-24,44.38262176513672,44.62330844211162,44.18044583789874,44.5077798654881,3975600
2024-01-25,44.70033645629883,44.709962308842336,44.27672916521706,44.58480786283794,3522400
2024-01-26,44.57517623901367,44.91213982357564,44.488528879850605,44.767726334108,3368300
2024-01-29,44.796607971191406,44.89288485590973,44.50778466221171,44.671453529939036,3667200
2024-01-30,44.91213607788086,44.960272679492924,44.43076271658562,44.786977975619656,2718100
2024-01-31,44.42113494873047,45.075803039778776,44.305606365777074,45.01803691200836,5680200
2024-02-01,44.969905853271484,45.00841660986679,43.72796149748187,44.33449305980041,4087500
2024-02-02,44.42113494873047,45.066177188110764,44.1997036344917,45.00841106034034,5814700
2024-02-05,44.27672576904297,44.77735085983644,44.2189596404495,44.32486237324379,4331800
2024-02-06,43.31398010253906,44.04566605383361,43.22733274372638,43.987899923762626,6758900
2024-02-07,42.957759857177734,43.506525222374236,42.822975896966305,43.371741262162814,4861600
2024-02-08,43.74721145629883,43.804977584035626,42.832604972284514,42.85185667560935,6478300
2024-02-09,43.71833038330078,43.85311434257577,43.42950708877046,43.612427651702596,3195500
2024-02-12,44.1323127746582,44.24784136054248,43.67019475853358,43.689450134945545,3343100
2024-02-13,43.87236785888672,44.45964394733771,43.65093655337996,44.180446516338506,5365600
2024-02-14,44.26961898803711,44.3471337765157,43.76578395125193,43.86267743685016,4942300
2024-02-15,45.412940979003906,45.42263217662818,44.45371939630144,44.47309809544104,5182700
2024-02-16,46.15900802612305,46.25590152971953,45.37419097559233,45.538904387542495,5545400
2024-02-20,46.5078125,47.447659060359,46.4690551025172,46.759728191420436,6179300
2024-02-21,46.32372283935547,46.65315334304541,46.17838443921527,46.55625984424893,3851000
2024-02-22,46.352783203125,46.44967299360983,45.50013900164589,46.217136018002805,4769400
2024-02-23,46.71128463745117,46.93413413522984,46.27527314348902,46.469056440373194,3416700
2024-02-26,45.79081344604492,46.69190256986035,45.68423615175048,46.69190256986035,6323700
2024-02-27,46.866310119628906,47.13760821130158,45.878018640792334,46.168695431592276,5086600
2024-02-28,47.021339416503906,47.37983983211683,46.89538340723264,47.118232919146266,4138500
2024-02-29,48.06776428222656,48.24216888076456,46.711284892733005,46.943825589486664,10687600
2024-03-01,47.631752014160156,48.15496580129714,47.51548351572158,48.04838480434972,5464700
2024-03-04,47.83522033691406,48.474702589422236,47.476723662535974,47.592992154962346,5310500
2024-03-05,47.941802978515625,48.64910885062718,47.91273677843575,48.087141371132724,5373700
2024-03-06,48.92041015625,49.07543606039204,47.893361231240746,48.16465563946205,7733400
2024-03-07,53.755279541015625,53.813415637279434,50.1218566869771,50.625691766270165,17767300
2024-03-08,54.23004913330078,54.29787273177927,53.10611046351724,53.75528024784246,9642400
2024-03-11,53.280513763427734,54.336628809062276,53.202998969274205,54.13315432246367,6773400
2024-03-12,53.5905647277832,54.01688500077763,53.26113424988927,53.29020044919766,5802300
2024-03-13,54.33663558959961,54.37538929540354,53.5130574314357,53.62932594106604,4753300
2024-03-14,53.78434371948242,54.452895865006084,53.454913245254325,54.23004638186777,5442900
2024-03-15,54.3172492980957,54.69512467367021,53.54211615258941,53.56149485083794,7875600
2024-03-18,54.44320297241211,54.5400964595256,53.861856834165636,54.0168827174386,4022000
2024-03-19,54.72419738769531,55.0923853060313,54.55948397713742,54.64668628158254,5342100
2024-03-20,55.063316345214844,55.07300384695276,54.55948124433594,54.724194646643596,3157200
2024-03-21,55.247406005859375,55.3636745021218,54.71450472720532,55.16020370963534,7042300
2024-03-22,54.79201889038086,55.47994610122835,54.714507787240535,55.47025859937671,3618800
2024-03-25,54.22035217285156,55.01486026724745,54.13314988463208,54.85014688733761,4511900
2024-03-26,54.63698959350586,54.966420077630765,54.23004801105624,54.326937807989346,4238700
2024-03-27,55.13113784790039,55.160204048117144,54.50134307173897,54.67574766525724,3992500
2024-03-28,55.35398483276367,55.57683431525034,55.14082285120742,55.16020154917696,6458400
2024-04-01,55.21834182739258,55.61559592559933,55.19896312795456,55.42181262732821,3055300
2024-04-02,56.02253723144531,56.03222842916795,55.324918839774206,55.489635936078315,4406200
2024-04-03,55.96440124511719,56.52637243866457,55.50901474618666,56.03222854098409,3817600
2024-04-04,55.65434646606445,56.33258612342104,55.49932057547799,56.061291738921916,4730400
2024-04-05,55.52838897705078,55.73185975995075,55.10206501732662,55.70279356128181,3620500
2024-04-08,53.64870071411133,55.27647451419515,53.551810912531415,54.152535813766704,7124200
2024-04-09,53.697147369384766,53.997511677870925,53.39678675700774,53.74559596786673,4401800
2024-04-10,54.84046173095703,54.947042727865096,53.290202765318604,53.48398606005064,5079600
2024-04-11,54.40445327758789,54.98579945861872,54.04595289304696,54.98579945861872,3272600
2024-04-12,53.483985900878906,54.36569637798216,53.46460720185248,54.17191308382684,3862900
2024-04-15,53.639015197753906,54.23974012122401,53.56150039673369,53.90062210703342,4228100
2024-04-16,53.561492919921875,54.966417075367936,53.532426721651305,54.685431505057,6182800
2024-04-17,53.54212188720703,54.326942617841276,53.37740847861605,53.7746625949869,4955800
2024-04-18,53.84248733520508,53.96844704191729,53.464611911177684,53.67777392313539,3707000
2024-04-19,54.811397552490234,54.92766605517527,53.7940398377508,54.00720183943091,4522800
2024-04-22,55.16020584106445,55.36367664141317,54.59823464454819,55.03424614251615,4260400
2024-04-23,53.9006233215332,55.45088241577684,53.79404231578347,55.30554770475294,5149100
2024-04-24,54.40445327758789,54.48196437687452,53.62932010806828,53.81341589907818,3619500
2024-04-25,54.17191696166992,54.69513078451037,53.86186514727022,54.40445767052429,3219000
2024-04-26,53.76497268676758,54.249429084861646,53.65839168780945,53.939373589661166,3472000
2024-04-29,53.84248733520508,53.94906834118393,53.21269249775327,53.75528502995958,3703000
2024-04-30,53.658390045166016,54.00719923249309,53.43554055239791,53.62932014881617,4811600
2024-05-01,53.067352294921875,53.648698472327034,52.81543290756648,53.36771658104289,4084200
2024-05-02,53.377403259277344,53.503362951012754,53.03828527703831,53.22237736795253,3539200
2024-05-03,53.07704544067383,53.173938944617994,52.54414410536326,53.0479792375452,4938000
2024-05-06,53.52274703979492,53.54212204406661,52.98984201959424,53.348342432476365,3724800
2024-05-07,53.5905647277832,53.82310171446789,53.309579147439514,53.68745452288369,4893300
2024-05-08,53.658390045166016,53.832794638829554,53.144863765552756,53.658390045166016,4672500
2024-05-09,53.290199279785156,53.69714084560771,53.057658602094634,53.67776584389979,3481400
2024-05-10,54.16222381591797,54.23004741224399,53.173932374456044,53.22237727238766,3450800
2024-05-13,53.483985900878906,54.49165607359946,53.435541001367305,54.20097928431201,3239600
2024-05-14,53.8443717956543,53.95151567937914,53.376837888551606,53.75670895584572,4419400
2024-05-15,52.96774673461914,53.698269155926276,52.77294001247807,53.5034624337852,4889800
2024-05-16,53.026187896728516,53.72749063328198,52.93852505465934,53.29891880296003,9671700
2024-05-17,52.792423248291016,53.11385119488525,52.44177187700325,53.09437015029933,10570800
2024-05-20,52.490474700927734,53.03593282395869,52.324891388860706,52.92878893232498,4140000
2024-05-21,52.26644515991211,52.93852446453102,52.22748307150918,52.61709652427998,5962300
2024-05-22,52.51968765258789,52.61709286682451,52.01319540107348,52.071634813986456,5124700
2024-05-23,51.925537109375,52.344370278166366,51.32163587515576,52.344370278166366,7121600
2024-05-24,51.61384582519531,52.29566377990886,51.341114927680714,52.07163734969881,6276800
2024-05-28,50.95150375366211,51.42877630842612,50.73721599361267,51.29241272135069,5186800
2024-05-29,50.54241180419922,51.11708960391772,50.46449134295785,51.00020705424103,5298800
2024-05-30,50.63007736206055,50.863846189586695,50.49371376084923,50.73722125319214,4324300
2024-05-31,51.00994873046875,51.068391866572554,50.43527089681782,50.49371403292162,9756700
2024-06-03,50.5131950378418,50.854104042433995,50.308649635086475,50.64955863967868,5449700
2024-06-04,50.68852233886719,50.87358670214276,50.42553379170952,50.43527245687998,5680100
2024-06-05,50.337867736816406,50.60085626722527,49.97747769838768,50.454750289566114,3737200
2024-06-06,50.60085678100586,50.83462188887883,50.41578871200792,50.56189469115057,3887200
2024-06-07,50.63007736206055,50.72748258837538,50.32812673392874,50.542414516191926,3145400
2024-06-10,50.29890823364258,50.708002762745544,50.12358253768838,50.708002762745544,3120700
2024-06-11,50.03591537475586,50.37682807221392,49.83136998565856,50.21124105559046,3337500
2024-06-12,48.86708068847656,50.0748794583994,48.84760335927806,49.79240988183923,4614800
2024-06-13,49.20798873901367,49.480715909515126,48.39954217555717,49.198246359707746,6520900
2024-06-14,49.07162857055664,49.17877245660794,48.711234823724226,48.964484684505344,4958800
2024-06-17,49.72422790527344,49.733970285467294,49.003447827361526,49.08136829076554,5695600
2024-06-18,50.63007736206055,51.41904297487815,50.46449405076952,50.941766655009104,11160000
2024-06-20,48.97422790527344,51.9352800390014,48.42877347554383,51.691772535549354,16483600
2024-06-21,48.906044006347656,49.70474828620228,48.62357442269361,49.246956725953076,16745400
2024-06-24,48.720977783203125,49.13006857230556,48.67227702959036,48.84760271509978,11728000
2024-06-25,48.52617645263672,48.74046425113191,48.175525042600846,48.428774934573305,4625000
2024-06-26,48.09760284423828,48.302148254204695,47.776171158037116,48.078121798199156,5280400
2024-06-27,48.08785629272461,48.107337337074135,47.76642835003063,48.01967449531591,5229400
2024-06-28,48.63331604003906,48.72097888477582,48.126820016629985,48.2534449513896,6628700
2024-07-01,49.24695587158203,49.26643691656118,48.4482516055839,48.66253566909574,7877400
2024-07-02,49.120330810546875,49.8313722301226,48.95474378646519,49.24695574477059,7073300
2024-07-03,49.4320182800293,49.75344993609114,49.061885871250915,49.23721155353387,3191500
2024-07-05,50.49371337890625,50.542414133880555,49.432020571696846,49.45150161681245,4668500
2024-07-08,50.59111785888672,50.69826175549791,50.21124674590498,50.493716343219994,5259400
2024-07-09,50.5131950378418,51.06839182568022,50.38657010086635,50.55215712854647,5514000
2024-07-10,51.61384582519531,51.818391211609374,50.74695609660533,50.97098624244456,5440200
2024-07-11,51.38007736206055,51.42877811406462,51.03916838240283,51.214494062120856,4434600
2024-07-12,51.126834869384766,51.643069565586025,51.07813039827716,51.458005208517335,3586500
2024-07-15,50.76643753051758,51.253452482272124,50.756698866359336,51.13656993422721,3734200
2024-07-16,52.208003997802734,52.26644713261296,50.7664401131484,50.8346219126123,4125900
2024-07-17,53.37683868408203,53.55216436631225,52.13982024418181,52.16904366830635,6248700
2024-07-18,53.38658142089844,53.5424260599639,52.811903617664065,53.0846308071213,3255200
2024-07-19,53.09436798095703,53.5716442647379,52.86060288673597,53.5716442647379,2775100
2024-07-22,53.43528366088867,53.5424275499082,53.18203379309172,53.23073826310379,4315000
2024-07-23,52.441776275634766,53.42554495814776,52.22748848284535,53.41580629285263,3028400
2024-07-24,52.772945404052734,52.88008929795819,51.8963169226713,52.5391765704745,3841600
2024-07-25,51.925537109375,53.386582010099495,51.915794729284414,52.84112390953579,3207000
2024-07-26,52.8606071472168,53.01645179446806,51.89631583785433,51.93527792857452,2552400
2024-07-29,52.792423248291016,53.08463148582105,52.3638476986596,52.7437224946409,3526200
2024-07-30,53.279441833496094,53.76645683432215,52.782684451900955,52.88008968144391,3502500
2024-07-31,53.08463668823242,53.493727517740396,52.83139051505553,52.87034889241603,2906400
2024-08-01,53.6593132019043,53.883339657503676,52.967752789102335,53.44502541149201,3082000
2024-08-02,52.91904830932617,54.35086979140357,52.43203334037878,53.89307824722097,4284800
2024-08-05,52.500213623046875,53.70800863041372,52.276183474045226,52.90930440164974,4596300
2024-08-06,52.72423553466797,53.42553448293205,52.597610616880864,52.73397419805363,4505100
2024-08-07,52.500213623046875,53.571645037546105,52.490471243196765,53.1041111267303,3624900
2024-08-08,52.909305572509766,53.162555435407576,52.48073374035181,52.48073374035181,3142100
2024-08-09,52.51968765258789,52.8216382432779,52.207998398288716,52.73397540827945,2847400
2024-08-12,51.85735321044922,52.62683400311316,51.79891007916129,52.51969012023321,2698300
2024-08-13,51.243717193603516,51.896315488440074,50.32812664599115,51.81839502315382,4244700
2024-08-14,51.331382751464844,51.399564555553816,50.88332983441452,51.233977520173696,4912100
2024-08-15,51.8311653137207,52.29175732069815,51.49797181175741,52.07616042580169,4137500
2024-08-16,52.12516403198242,52.14476409155307,51.556777257750134,51.83117061508095,2874800
2024-08-19,51.70376968383789,52.09576338029686,51.64497324619931,51.99776682534659,4130300
2024-08-20,50.99818801879883,51.74297158170529,50.46899763186765,51.70377146304467,5357100
2024-08-21,51.6547737121582,51.92917080725975,51.24318367699955,51.586175372965094,6251500
2024-08-22,51.17458724975586,51.615575521522,50.70419701843052,51.615575521522,3756200
2024-08-23,50.90998840332031,51.390176761276116,50.61599499705547,51.2921802052975,2818500
2024-08-26,51.71356964111328,52.09576142473319,50.98838245138485,51.08638274098534,3822700
2024-08-27,51.66456985473633,51.919363123589505,51.350976413842254,51.81156467734554,3781000
2024-08-28,52.193763732910156,52.41916255468809,51.55677860272793,51.69397528497244,4222400
2024-08-29,51.448978424072266,52.19376199067975,51.06678661105467,52.19376199067975,3433200
2024-08-30,52.1447639465332,52.252562404707405,51.3901784776429,51.507778834739725,4417200
2024-09-03,52.62495040893555,52.742547015077854,52.01736358248347,52.21335667994441,5003000
2024-09-04,52.2917594909668,53.947925171571875,51.91936585841617,52.889548187387064,4593500
2024-09-05,52.30155563354492,52.52695068872032,51.360775297596625,52.37995586403832,4623700
2024-09-06,51.22357940673828,52.38975481548717,51.19418118902332,52.15456159710983,6631900
2024-09-09,50.92959213256836,51.52738088677464,50.8609937907738,51.07658697712989,6705300
2024-09-10,51.25297927856445,51.47837434442068,50.73359081108397,51.18438094279643,4034500
2024-09-11,50.468997955322266,50.73359315048364,49.67521236983814,50.44939789586634,5263400
2024-09-12,54.09492111206055,54.1341212269148,50.48859278870127,51.33137656642407,9955400
2024-09-13,54.79071044921875,54.810310508120054,53.4187362327594,54.153721619077835,5607400
2024-09-16,55.06510543823242,55.47669921076817,54.663313564603946,54.87891048061453,3860100
2024-09-17,53.93812942504883,55.10430491333724,53.8793292472796,54.91810995789494,2780300
2024-09-18,53.52653503417969,54.20272398650208,53.50693497515146,53.95772885614272,3249800
2024-09-19,53.732330322265625,54.261516928610654,53.46773514992872,53.55593354070769,5417400
2024-09-20,54.28112030029297,54.7319104414272,53.73233360267877,53.73233360267877,9187100
2024-09-23,55.016109466552734,55.12390792908006,53.91853225763035,54.07532900176212,2893000
2024-09-24,54.93770980834961,55.18270494062998,54.71231473525115,55.114106602657806,3625200
2024-09-25,55.46689224243164,55.66288908104355,54.731906901383546,55.03570218814845,3374600
2024-09-26,54.359519958496094,55.50609535810955,54.183123168043416,55.29049845014984,5119800
2024-09-27,55.38849639892578,55.68248979112374,54.33991759914478,54.49671432420562,3299600
2024-09-30,56.15288162231445,56.23128185632138,55.212101244204824,55.44729820789669,4006300
2024-10-01,55.5746955871582,56.22148259473447,55.45709896896136,55.976487459465744,4337600
2024-10-02,54.967105865478516,56.04508290977149,54.90830569024605,55.73148945185612,3872700
2024-10-03,54.50651168823242,54.996501914185,54.281116632893685,54.96710369689304,3329300
2024-10-04,54.77111053466797,55.114105958851276,54.53591730389044,54.575113683467364,3039000
2024-10-07,54.83970642089844,54.98670498731136,54.43791457614246,54.97690308910846,2761000
2024-10-08,54.87890625,55.09450314939022,54.457514349371195,54.72210952453315,2228500
2024-10-09,55.025909423828125,55.212104382685276,54.73191226791907,54.92790912574873,2594400
2024-10-10,54.1047248840332,55.34930062229335,53.869531647167925,55.13370370655927,2647400
2024-10-11,54.2517204284668,54.52611376891567,54.05572358314808,54.2517204284668,2179100
2024-10-14,54.16352462768555,54.31051946496426,53.78133281710021,54.15372272886953,2666200
2024-10-15,55.016109466552734,55.71189478499188,54.085127162751306,54.163527403981824,2979900
2024-10-16,55.51589584350586,55.66289067292207,54.74171036492904,54.7907086414011,2947900
2024-10-17,55.40810012817383,55.79029193718798,54.99650636116155,55.66289342140691,2963700
2024-10-18,55.39829635620117,55.62369142214384,54.88870604863686,55.62369142214384,2207400
2024-10-21,55.212100982666016,56.064682962643644,55.123902588990475,55.71188938794148,2469800
2024-10-22,55.30030059814453,55.447299170294514,54.64371171109132,55.17290208483648,2398200
2024-10-23,56.46647262573242,56.554671015989655,55.06510027960565,55.20230068315038,4041600
2024-10-24,55.555091857910156,56.535072334250046,55.52569363988518,56.41747572382133,3580900
2024-10-25,56.22148132324219,57.11326344591883,56.13328292700695,56.44687639399243,4249600
2024-10-28,55.96669006347656,56.437080281018986,55.92748994409908,56.20188330308321,2801000
2024-10-29,54.869110107421875,56.10388389857825,54.85930820890988,55.82949055350549,3214800
2024-10-30,54.624114990234375,55.359100368939565,54.48691457934642,54.780911721491655,2921200
2024-10-31,54.65351104736328,55.51589490433225,54.57511081567119,54.77110765657261,3438200
2024-11-01,55.437496185302734,55.54529463765633,54.87890760340581,55.19250106207324,3062200
2024-11-04,55.14350128173828,55.653091572762335,55.05530289024702,55.31009616659465,3043000
2024-11-05,56.24108123779297,56.329279633801704,55.12390404723498,55.15330226646156,2459500
2024-11-06,58.60283279418945,58.720429406738674,57.05446555758317,57.61305414010311,6425600
2024-11-07,58.122642517089844,59.04382280509714,58.11284061901077,58.66163102324655,3518800
2024-11-08,58.71063232421875,58.99482756989689,58.01484705789969,58.357838741767125,3013700
2024-11-11,58.406837463378906,59.14182285296,58.2794426874484,58.7106327702042,5398500
2024-11-12,58.4852409362793,59.12222980450288,58.31864229482253,58.31864229482253,3104300
2024-11-13,58.38724136352539,58.79883138884941,58.02464587836392,58.338239346704796,1924700
2024-11-14,57.897247314453125,58.54403426788606,57.88744541639861,58.240238979785445,2414000
2024-11-15,57.168113708496094,58.33078849460638,57.099141793954594,58.00563196146434,3632200
2024-11-18,57.20752716064453,57.769157754029536,57.079434851667486,57.17796508399603,2873900
2024-11-19,57.24693298339844,57.63120988337863,56.636037316693816,57.424290396100936,6200400
2024-11-20,56.76413345336914,57.36517764163133,56.24191645771917,57.14840662063515,2513900
2024-11-21,57.71989440917969,57.985926796368254,56.60648470799912,57.06958132457972,2573500
2024-11-22,58.350494384765625,58.53770332722374,57.936659145269566,57.936659145269566,2471400
2024-11-25,59.20771789550781,59.690525036019,58.2815209680486,58.35049287973773,6168700
2024-11-26,59.68067169189453,59.808764000048264,58.76432625411669,59.11904110211939,3694800
2024-11-27,59.61170196533203,60.28171808976961,59.43434453482282,60.242304492170334,3117400
2024-11-29,60.18318557739258,60.26200901092126,59.72993673952489,59.9270009613777,2532200
2024-12-02,59.266841888427734,59.946709527247314,58.71506280270549,59.61170146782444,4168600
2024-12-03,59.08948516845703,59.72008769759951,58.47858567949864,59.523023467570596,4396800
2024-12-04,59.030364990234375,59.25698754006541,58.57711989057231,59.02051347010588,5731000
2024-12-05,59.8186149597168,60.468924255404374,57.66077133281879,57.84798027476204,6670100
2024-12-06,58.360347747802734,59.77920341656173,58.232255436449925,58.823448117448464,4992600
2024-12-09,56.921783447265625,58.50814497342485,56.84295625552951,58.50814497342485,5551400
2024-12-10,59.838321685791016,60.39995226963406,56.96119685338012,56.96119685338012,10993900
2024-12-11,60.42951583862305,61.11923498761824,59.61170062097522,59.6215521408091,8729000
2024-12-12,62.37058639526367,62.656329323772496,61.43453417765494,62.2917629631814,10204900
2024-12-13,61.14879608154297,62.51838659637112,61.14879608154297,62.07499303722489,5307500
2024-12-16,61.10938262939453,61.95675615360591,60.78422609902567,61.12908942747938,4993400
2024-12-17,60.27185821533203,61.099524908370086,59.90729186205552,60.892609174782386,5032400
2024-12-18,59.995975494384766,61.020706485804745,59.789059743815606,60.0156822932991,7455800
2024-12-19,60.064945220947266,60.833495315830525,59.43434271343403,59.77920228514051,5096800
2024-12-20,60.94187927246094,62.04543745921798,60.17333290846278,60.79408391867767,38443000
2024-12-23,60.064945220947266,61.09952769475413,59.84817795816923,60.64628261231492,4649200
2024-12-24,60.922176361083984,60.951734680165636,60.01568240280839,60.3901040654888,1991600
2024-12-26,61.83851623535156,61.99616686356155,60.70540351968211,60.75466863624383,4752900
2024-12-27,61.4246826171875,62.21293573092119,61.28673879212002,61.29659031161598,3628400
2024-12-30,60.33098220825195,61.22762086600437,60.242303494466,61.07982551548611,10799900
2024-12-31,60.252159118652344,60.94187827573544,60.07480169006312,60.626577015729595,3757900
