Price,Close,High,Low,Open,Volume
Ticker,POOL,POOL,POOL,POOL,POOL
Date,,,,,
2015-01-02,55.71037673950195,56.31092936420792,55.12748118467871,56.072476379632626,184300
2015-01-05,55.321781158447266,55.85168530340264,54.89785986389915,55.401266611739224,114800
2015-01-06,55.10981750488281,55.88700479422206,54.46510034470971,55.321776449602,280800
2015-01-07,56.416900634765625,56.48755248298652,54.942004980481556,55.401253785509034,275300
2015-01-08,57.22058868408203,57.573858053767076,56.204941773007306,56.84965887803648,279900
2015-01-09,57.03512954711914,57.494375057500925,56.82316386104742,57.194100442646196,190400
2015-01-12,56.849666595458984,57.308912121755824,56.41691172729904,57.105786754798004,135900
2015-01-13,56.858489990234375,57.75049369950646,56.00181726341145,57.35306984009637,196100
2015-01-14,56.213768005371094,56.68184699528928,55.77218303555365,56.22259822239602,79600
2015-01-15,55.58673095703125,56.31093024866738,55.46308766856073,56.29326980948039,113900
2015-01-16,55.984153747558594,56.028311580052836,55.10981720948192,55.40126159916525,126200
2015-01-20,55.51607131958008,56.44339922228708,55.18046574856251,56.07246940881486,137500
2015-01-21,56.02830123901367,56.17844188461491,54.95083617510786,55.33942974597254,160300
2015-01-22,56.98212814331055,57.29124304844301,55.48074176717869,56.40806963744435,162800
2015-01-23,57.21177291870117,57.39723787949744,56.42575186377916,56.98214674616798,99100
2015-01-26,57.47671127319336,57.79465304573764,56.637695641958665,57.30890679933581,144000
2015-01-27,57.14992904663086,57.64450208314321,56.64652242359442,56.93797013641874,148600
2015-01-28,55.74569320678711,57.494369520140616,55.524900691934,57.4855359328917,157200
2015-01-29,56.416900634765625,56.69068454805879,55.401253785509034,55.87816639484828,193700
2015-01-30,54.942020416259766,56.81434377101623,54.8537047389151,56.07248062662882,278800
2015-02-02,55.569061279296875,55.76335978010017,54.60640910102094,54.959675120904606,172800
2015-02-03,56.57587432861328,56.95563774032179,55.798687067977475,55.798687067977475,247200
2015-02-04,56.531734466552734,56.74369345818475,56.054821681839535,56.33743591670052,162500
2015-02-05,57.335391998291016,57.512030032543755,56.75250333038708,56.84081897848743,223100
2015-02-06,56.885005950927734,57.3884127850928,56.53173646037828,57.3884127850928,193300
2015-02-09,55.99299621582031,56.90266051177349,55.08332855083992,56.575885087631676,124100
2015-02-10,57.114627838134766,57.19411667748834,55.77221180222956,56.443419820182164,169000
2015-02-11,57.114627838134766,57.45906375320437,56.29328247013755,56.858507614970506,180200
2015-02-12,61.64527130126953,62.3606368753348,56.42573314634887,57.98894788574297,568600
2015-02-13,61.90139389038086,62.21933569015953,60.15272072965181,61.645280470943156,360400
2015-02-17,61.37147521972656,62.431283155601996,60.52363291385722,62.12216829635602,289600
2015-02-18,61.65411376953125,61.662947358797226,60.638473359737446,61.25668984726884,161800
2015-02-19,61.6717643737793,61.83956209641112,61.300834580947836,61.52162708687883,144600
2015-02-20,61.76008987426758,61.866072719709045,61.05355104743171,61.64528017857954,215800
2015-02-23,61.33616638183594,61.91022834715852,60.85926041353186,61.49513728395521,171100
2015-02-24,61.38032913208008,61.79542020573816,61.09771493653366,61.336167926691544,147400
2015-02-25,61.27436065673828,61.61879657779979,60.67380450805696,60.85044263299588,131800
2015-02-26,61.68942642211914,61.76891523011952,60.55896984028983,61.27433542202966,119700
2015-02-27,61.08887481689453,61.73359196114986,61.000559153613125,61.450977795817444,119900
2015-03-02,61.62759780883789,61.94553952872604,60.62961819466519,60.80624948880218,187400
2015-03-03,61.256649017333984,61.70706743691655,60.58543817964917,61.51276903089859,285500
2015-03-04,60.532493591308594,61.38033627663512,60.37352266668145,60.90342350275369,221100
2015-03-05,60.21452713012695,61.09769707528103,60.11737789711585,60.67377253686422,155900
2015-03-06,59.75529098510742,60.382340934789624,59.402021604680726,59.68463576141148,188800
2015-03-09,60.143882751464844,60.523646165812266,59.507999198320036,59.94958425044247,133900
2015-03-10,59.647708892822266,60.5514590876096,59.57682466894712,59.594549104861734,178700
2015-03-11,60.409690856933594,60.46285063913653,59.452774217935236,59.895790429335484,223500
2015-03-12,61.46408462524414,61.51724441870971,60.57805201472543,60.81727784521285,160800
2015-03-13,61.428627014160156,61.605830787607005,61.08307492401536,61.552671007551076,197900
2015-03-16,61.809627532958984,62.110875330608856,61.32230696630027,61.87164953599816,210100
2015-03-17,61.76533508300781,61.933683449299224,61.60584893596665,61.89824133219089,189300
2015-03-18,62.27924346923828,62.403287514762454,61.286884345151414,61.76534284641329,236900
2015-03-19,61.827354431152344,62.45643677293233,61.72103484430591,61.93368077789112,183500
2015-03-20,62.40327835083008,62.58934439179251,62.19063241257195,62.3058142208175,274100
2015-03-23,62.36782455444336,62.50073077592416,62.01341021712495,62.27036044268351,114600
2015-03-24,61.87165832519531,62.899452630118226,61.18940943495603,62.20834828096635,361300
2015-03-25,60.85272979736328,62.02229276190635,60.82614989633399,62.02229276190635,168500
2015-03-26,60.13501739501953,60.78181721817207,59.90464709367534,60.78181721817207,322800
2015-03-27,61.260284423828125,61.88936666622636,59.940097936538635,60.14388161906232,220500
2015-03-30,62.20835876464844,62.42100473255625,61.047658021613735,61.57041410103157,161300
2015-03-31,61.809627532958984,62.33238345001894,61.65014141658808,62.05771554511566,197100
2015-04-01,61.10964584350586,62.217186164694844,60.560303410635846,61.58810407344626,242300
2015-04-02,60.6932373046875,61.35776180072423,60.223641075737724,61.27802210594834,265400
2015-04-06,60.08186340332031,60.99447582318994,60.00212372075697,60.241349528338716,308100
2015-04-07,60.57804489135742,61.012198926689585,59.95781808099134,59.96668029882428,276600
2015-04-08,61.047645568847656,61.322313503029505,60.622346959892866,60.68436896954335,190900
2015-04-09,60.7729606628418,61.18939698333041,60.250204777898844,61.065352984873066,268700
2015-04-10,61.06534957885742,61.38432177421111,60.728659710379894,60.914725697687786,104900
2015-04-13,60.68437957763672,61.543832404383814,60.560335536651905,61.13625816116325,116800
2015-04-14,60.94132995605469,60.97677207636524,59.940115406881006,60.693241873774,148800
2015-04-15,61.357749938964844,61.72988196243011,60.888153800797994,61.136241816441505,295600
2015-04-16,61.295738220214844,61.69445020370243,61.136252074841295,61.331180336952585,166200
2015-04-17,60.321083068847656,61.50836315456853,60.11729265717677,60.87928100707445,332200
2015-04-20,61.05649185180664,61.721016107434195,60.66663545867358,60.7197952359589,251200
2015-04-21,60.843833923339844,61.53493800741435,60.80839182160658,61.24255249792186,165300
2015-04-22,60.7375373840332,60.843856969614755,59.79833823207844,60.843856969614755,192000
2015-04-23,62.04887390136719,64.28168027090067,60.693244842668655,61.809648027435394,615500
2015-04-24,59.88692855834961,64.22848880713467,59.75402910207441,62.270357952618895,351400
2015-04-27,59.73631286621094,60.71980953696861,59.31987648635421,59.86035688235228,250500
2015-04-28,59.762874603271484,60.32107926619925,59.63883062481861,59.63883062481861,204700
2015-04-29,58.92116928100586,59.73631766973732,58.54017498368035,59.59455596555866,235200
2015-04-30,57.49465560913086,59.26672083181301,57.468075712373405,58.50473224526829,262900
2015-05-01,58.380672454833984,58.83255085735851,57.45919797669538,57.63640850704349,411400
2015-05-04,58.380672454833984,59.071776623465304,58.05283804360786,58.25662846353556,353800
2015-05-05,57.99967956542969,58.86799428388615,57.6807073635388,58.17689009975278,232900
2015-05-06,57.742740631103516,58.238923464165005,57.149100435005444,58.08829279061683,316800
2015-05-07,58.26549530029297,58.690787087071655,57.37060064077166,57.804754644743134,296200
2015-05-08,58.74394607543945,59.18696223962862,57.76930510631113,59.01861393407187,233300
2015-05-11,58.938880920410156,59.532527853019445,58.44270486678256,58.62877088689291,156500
2015-05-12,59.12495803833008,59.33760396835891,57.94653306461337,58.58447761459211,201600
2015-05-13,58.832576751708984,59.51481900412982,58.77055472876163,59.34647737606902,152900
2015-05-14,60.36541748046875,60.38314192355079,58.513612012164714,58.92118632442453,263100
2015-05-15,60.710960388183594,60.72868482852904,59.89581188951985,60.383132600619554,221700
2015-05-18,61.31575012207031,61.493628893020706,60.55974838143075,60.657583741145515,207900
2015-05-19,61.413570404052734,61.876059166361586,61.16453068596806,61.20900376060709,212800
2015-05-20,61.20012283325195,61.813816128813365,60.96888178807126,61.582568297992516,210500
2015-05-21,60.266258239746094,61.33354459880308,60.132845748453676,61.20902808310114,228300
2015-05-22,60.12394332885742,60.604224174649545,59.839333211236955,60.132839303494436,171100
2015-05-26,59.545806884765625,59.86599400649118,58.79870812449811,59.86599400649118,190400
2015-05-27,60.48859405517578,60.55974148406861,59.394620060070956,59.73259918627929,250200
2015-05-28,60.36407470703125,60.72872816432954,59.59028792841432,60.488591183732034,223800
2015-05-29,58.94991683959961,59.9727366278394,58.70088387250945,59.946055493599665,322100
2015-06-01,59.447998046875,59.71482302910267,58.57638243812815,59.11002561694231,248800
2015-06-02,59.839351654052734,60.586457684093915,59.14561470264184,59.332389513741504,163000
2015-06-03,60.68428039550781,60.74653865286258,59.63477921035515,60.1417412447129,186600
2015-06-04,60.18619918823242,60.72873826364222,60.14173288809534,60.33739682285084,122500
2015-06-05,60.86214065551758,60.91550292110044,59.59028796922644,60.248447458758356,119500
2015-06-08,60.853248596191406,61.1823317549403,60.2840284412373,60.60421562660392,163600
2015-06-09,60.888824462890625,60.97776383798181,60.141725569357426,60.91550559685404,124500
2015-06-10,61.529205322265625,61.90275480850462,61.022243366472686,61.315749442363355,202000
2015-06-11,61.55588912963867,61.965015744551266,61.404691490883216,61.44026860335045,135200
2015-06-12,61.1645393371582,61.271270660004994,60.790989885653616,61.2356935523894,137200
2015-06-15,60.355186462402344,60.942191815492095,60.12393863935975,60.74652788822213,192300
2015-06-16,60.719825744628906,61.00443577338939,60.36406829790706,60.51526589132768,353500
2015-06-17,61.19122314453125,61.33352477979031,60.64868416472565,61.04001875091732,175200
2015-06-18,62.30296325683594,62.685408539443564,61.20009368776835,61.43134140846148,229700
2015-06-19,62.79216766357422,63.21908624599743,61.83160594235249,62.2585245247757,412000
2015-06-22,63.39695739746094,63.610413270152364,62.1073194018321,63.12124327916619,239400
2015-06-23,62.6231689453125,63.55704250455854,62.258508708626714,63.55704250455854,276900
2015-06-24,63.04119110107422,63.11234531827774,62.169575690069856,62.77437296502048,234200
2015-06-25,63.601539611816406,63.7349521094394,62.854433696512544,63.18351695256373,214300
2015-06-26,63.859466552734375,64.17965382235242,63.32581657961011,63.7883123182323,626700
2015-06-29,62.19626235961914,63.877241873205584,62.134004110435946,63.51258835245838,192900
2015-06-30,62.418582916259766,62.93444059972859,62.21401632259563,62.720978036173804,148000
2015-07-01,63.10345458984375,63.24576303607939,62.445294990104415,63.13903170140266,225600
2015-07-02,62.13401412963867,63.494806642387026,62.080651846202684,63.245773605497305,112900
2015-07-06,62.32966232299805,62.694315770560614,61.449144251157975,61.75154624767123,211100
2015-07-07,62.32079315185547,62.58761815849101,61.484747797663104,62.29411200832027,186700
2015-07-08,61.867183685302734,62.40083361516703,61.46695302354525,61.8849756353066,296300
2015-07-09,62.400814056396484,62.66763215205703,61.627027329139814,62.52533052483246,280700
2015-07-10,63.3258056640625,63.37027874937073,62.52534441363517,62.97893731270663,112200
2015-07-13,63.788299560546875,64.2596843949737,63.53037060129372,63.77050761265911,298200
2015-07-14,63.05898666381836,64.04622943079406,63.01451357910629,63.78830046787211,175900
2015-07-15,62.703216552734375,63.14792021622894,62.4097105062745,63.103447135623725,199600
2015-07-16,63.47700881958008,63.9039205732274,63.00561719586952,63.16571079989726,198200
2015-07-17,63.77938461303711,63.939478168201525,63.272422819289446,63.68154928567897,178300
2015-07-20,64.36643981933594,64.4553792351472,63.752746314646004,63.939521123542406,145700
2015-07-21,63.37916564941406,64.7933199892986,63.28133030425535,64.27746213039616,135700
2015-07-22,63.3258056640625,63.46811410853676,62.8544208166117,63.36138277518106,212400
2015-07-23,61.36911392211914,63.45032409367496,61.173443197824426,61.38689908540033,461300
2015-07-24,61.12897872924805,61.493632265386324,60.479708286956246,61.066720477437094,403500
2015-07-27,61.1645393371582,63.139024703167394,60.65757742850499,62.00948037533986,397300
2015-07-28,61.182350158691406,62.47198847582599,60.74654233082159,61.68041624768547,192600
2015-07-29,61.938316345214844,62.383019941481834,61.10227141282863,61.11116738473272,223700
2015-07-30,62.480865478515625,62.75657958182045,61.600354114099936,61.778232867398636,217900
2015-07-31,62.63206481933594,63.37917053213763,62.57870254900713,62.71211501046882,172900
2015-08-03,62.8632926940918,63.388039614254794,62.22291851070558,62.80103446990911,186900
2015-08-04,62.9433479309082,63.503678839740076,62.738788063905126,62.97892503509108,258700
2015-08-05,62.93446731567383,63.41474810909806,62.605384146390634,63.20128545492748,149000
2015-08-06,62.58759689331055,63.201283343035215,62.02726592688606,63.201283343035215,177300
2015-08-07,62.16958999633789,62.56092470973066,61.69820507376035,62.27631456106265,358200
2015-08-10,63.098018646240234,63.3390522221467,62.29456204159455,62.624873870997355,199100
2015-08-11,63.1069450378418,63.160506538786976,62.34812078258939,62.51774128354805,104400
2015-08-12,62.892704010009766,63.14267364727848,62.10710558295094,62.71416108007973,161400
2015-08-13,62.88378143310547,63.5622500134833,62.696309313976634,62.874852243344236,125500
2015-08-14,63.856834411621094,64.0978747920378,62.51774237678165,62.74985356989329,167800
2015-08-17,64.28534698486328,64.71385262270127,63.31226989594387,63.67829165544754,104100
2015-08-18,63.7764892578125,64.26748556166855,63.758630884014686,64.07108431573653,135400
2015-08-19,63.55329513549805,64.27640248393101,63.02658218454893,63.37474548645907,101100
2015-08-20,62.803409576416016,63.71399589457526,62.7498480792209,62.91946856830371,158200
2015-08-21,61.44645690917969,62.794471000841824,61.21434577108333,61.616070561928105,336400
2015-08-24,59.04503631591797,61.08938449354979,58.52725238041822,58.93790649137408,359400
2015-08-25,59.26820755004883,60.68764852014697,59.06288393744559,60.68764852014697,305000
2015-08-26,60.41091537475586,60.70551731400208,59.250372806808834,60.61624585661779,256000
2015-08-27,61.758941650390625,61.830361546230975,60.50019152736504,60.92870409143099,283500
2015-08-28,61.999969482421875,62.062460182689506,61.39291404654683,61.419701613211956,132400
2015-08-31,62.20528030395508,62.303480917769036,61.72320642095201,61.848187781992806,230100
2015-09-01,59.97346496582031,61.749991709236305,59.794922097195915,61.18757554319299,381100
2015-09-02,61.830326080322266,61.9106683088262,60.46445370797744,60.46445370797744,250200
2015-09-03,62.142784118652344,62.54450891341564,61.83033074372836,62.05351269881302,137400
2015-09-04,61.8124885559082,62.24100101868488,61.40183446835843,61.40183446835843,151100
2015-09-08,63.6425666809082,63.705057355452766,62.81232954140323,63.321184122972554,240100
2015-09-09,63.36582946777344,64.27640893079813,63.22298973421555,64.18713750281114,397400
2015-09-10,63.4283332824707,63.67829605698304,62.99089161609933,63.240854390611666,205900
2015-09-11,64.44605255126953,64.49068487580176,62.87484897285273,63.00875956840104,222900
2015-09-14,64.19609832763672,64.48177112457155,63.72294658526573,64.48177112457155,132800
2015-09-15,64.45494842529297,64.8209701152161,64.25855401835338,64.40138693348881,208200
2015-09-16,64.76742553710938,64.81205785494402,64.37462299870569,64.49067519824551,216100
2015-09-17,64.99061584472656,65.94583474864413,64.52639336543493,64.53532255453014,169400
2015-09-18,64.03539276123047,65.04417311192506,63.83899147980891,63.83899147980891,405100
2015-09-21,64.60674285888672,65.25843063651955,64.09788805281319,64.59781366973435,176300
2015-09-22,64.18714141845703,64.52637558989144,63.46402714241109,63.92824949382006,509600
2015-09-23,64.27642822265625,64.62459166398428,64.08002693555318,64.35677048866637,218100
2015-09-24,64.52637481689453,64.55315556550619,63.740776676733105,63.92824872798843,298600
2015-09-25,64.95488739013672,65.7851246540442,64.49959422967811,65.13343025531036,297600
2015-09-28,64.2585678100586,65.11558591773056,64.07108892655974,64.75849333679028,311600
2015-09-29,64.1246566772461,64.57994307324333,63.7764932869073,64.36569025095201,462200
2015-09-30,64.54425048828125,65.07095684806826,64.09788639586154,64.68708345614829,219800
2015-10-01,64.83883666992188,65.15129694029945,64.02645767547413,64.5888739023995,330300
2015-10-02,65.95471954345703,65.98150709547818,63.88359156698762,63.88359156698762,266700
2015-10-05,66.59750366210938,66.72248503014572,65.4994520985081,66.24934030672617,216300
2015-10-06,66.39218139648438,66.57965345234692,65.71370623409577,66.49930439356362,215000
2015-10-07,66.65107727050781,66.90996240275936,65.97260206794958,66.65999964681009,276800
2015-10-08,67.49918365478516,68.0973099487799,66.22258198243648,66.42791247715351,386800
2015-10-09,67.55276489257812,68.65975315175842,67.40993187231558,67.57954565819122,217600
2015-10-12,67.10639953613281,67.53491221185054,65.05312807805062,66.68681605246574,297200
2015-10-13,66.51716613769531,70.49873225728052,66.38325557358672,66.90103945562036,270000
2015-10-14,65.85653686523438,66.95459522373199,65.44588283184567,66.35646914103366,323600
2015-10-15,66.90104675292969,67.06173808519274,65.46375395073647,65.97260870107367,222100
2015-10-16,67.1509780883789,68.00799585546376,66.35645098730112,66.9099377973718,147200
2015-10-19,67.53487396240234,68.52580257847961,66.74926897035604,66.93674784234823,151000
2015-10-20,67.03495788574219,67.80270468968682,66.84748577933371,67.61523258327834,188300
2015-10-21,65.95471954345703,67.38308930182637,65.9011580613583,67.26703034265009,202800
2015-10-22,71.23973846435547,71.59682442279087,63.472996270780044,67.00820038491955,838200
2015-10-23,72.4984359741211,72.67698565063623,70.35588753275566,71.6681987085035,573100
2015-10-26,72.96266174316406,73.11442386708745,71.81104181679575,72.49843937343196,358300
2015-10-27,72.4180908203125,72.7573249756103,72.06099829259334,72.16812128322766,266600
2015-10-28,73.9089584350586,73.94466837551494,72.38239423816685,72.69484770344152,436900
2015-10-29,73.55187225341797,74.43567122109077,73.16799887376611,73.83754499099783,269900
2015-10-30,72.79303741455078,74.44458274974238,72.676985233712,73.2572529488796,289600
2015-11-02,73.08763122558594,73.52506596318288,72.19490337932191,73.17690264801774,478100
2015-11-03,74.60526275634766,74.75702484930657,72.45379227747937,72.45379227747937,539000
2015-11-04,73.89110565185547,75.3730376435691,73.60543291755799,74.97131270223602,378500
2015-11-05,73.62328338623047,74.31068098802282,72.9894472879357,74.04286665956033,418100
2015-11-06,73.40836334228516,74.07106959148781,72.9337221030245,73.29193726528565,409800
2015-11-09,72.00235748291016,74.16063351010743,71.95757716525377,73.39941593756926,281200
2015-11-10,73.05012512207031,73.29192098614203,71.91277788622746,72.10084285439763,283900
2015-11-11,73.44416809082031,73.99940555474046,72.76354715204785,73.30087659528313,241800
2015-11-12,72.88890838623047,73.87401329600398,71.98439980127326,72.86204294462505,284000
2015-11-13,71.16947174072266,73.78448022160308,71.0978259880236,72.47697598116287,237600
2015-11-16,72.3157958984375,72.387441670401,70.85604916539494,71.18739890382156,244100
2015-11-17,72.50382232666016,73.42623894394418,72.12769247286704,72.49486490180415,214400
2015-11-18,73.40836334228516,73.54269744439122,71.93070188415099,72.65609647000097,194500
2015-11-19,73.46207427978516,73.7755158778141,73.05012148915934,73.65909666497889,214400
2015-11-20,73.39938354492188,73.82029374807371,73.05011908539464,73.65013681509382,278200
2015-11-23,73.33668518066406,73.91879481096842,72.9963781938386,73.06801709513489,228700
2015-11-24,73.43522644042969,73.56060310970231,72.78147080849442,72.84415914313072,144600
2015-11-25,73.65909576416016,73.83820329441075,73.1396743609134,73.43520793508976,143300
2015-11-27,74.23228454589844,74.45617248501202,73.72182031802018,73.72182031802018,76200
2015-11-30,73.47103881835938,74.82332336649128,73.07699400982729,74.48300945638991,302200
2015-12-01,73.90985107421875,75.23527006510992,73.30983331559533,73.882985627193,269500
2015-12-02,73.92778778076172,74.32182584114366,73.4979200037346,73.88300746747178,287700
2015-12-03,73.0859603881836,74.19644236435205,72.67400750722621,74.19644236435205,270100
2015-12-04,75.36962890625,75.42335981796249,73.12179238854846,73.12179238854846,677900
2015-12-07,73.96358489990234,75.48602633934541,73.64119269030046,75.06511609922006,346900
2015-12-08,73.27400207519531,74.56359804529359,73.11280257893303,73.20235633629791,231100
2015-12-09,71.84114074707031,73.71284005879397,71.59038742612317,72.91579978899105,285200
2015-12-10,72.83519744873047,73.1665470959541,71.65306986677737,71.69784333754313,195300
2015-12-11,71.78741455078125,73.14864988195156,71.60830014370885,71.60830014370885,297400
2015-12-14,71.85009002685547,72.43219295624881,71.3217111611954,72.18143966373819,334200
2015-12-15,72.97847747802734,73.40834513162474,72.32472881981377,72.62921299870457,244800
2015-12-16,74.60836791992188,74.85017056894426,73.53370921819442,73.83819334509562,517100
2015-12-17,72.55757141113281,74.62629979094187,72.5127979406483,74.62629979094187,288400
2015-12-18,71.36650085449219,72.19936401851086,71.29485509505676,72.13667568713379,526900
2015-12-21,71.95756530761719,72.0471190956555,70.47990389117871,71.94860787905854,278400
2015-12-22,72.88890838623047,73.10383875158705,71.75156141901743,72.36948707348172,137000
2015-12-23,73.74864959716797,74.31285129975386,73.28296591857921,73.54267662044164,146300
2015-12-24,73.40836334228516,73.9188274642752,73.15760999569585,73.67702471398103,70200
2015-12-28,73.61432647705078,74.09792508008438,72.84415168323972,72.91579743906291,117200
2015-12-29,73.92778778076172,74.3128752444989,73.30985498644667,74.01734157482504,146000
2015-12-30,73.1575927734375,73.76656797144346,73.10385504573588,73.64119132766412,138500
2015-12-31,72.3426513671875,73.30089122922503,72.26205500924334,72.8083419881402,237700
2016-01-04,70.90080261230469,71.50977783686756,70.37243056655196,71.14260531622014,293700
2016-01-05,71.21422576904297,71.71573906849946,70.60525070239187,71.18736032724432,181500
2016-01-06,70.54261779785156,70.97248570178569,69.79931493842078,70.33664469394951,176800
2016-01-07,69.43209838867188,70.27391888428548,68.52758956886458,69.21716796750995,189900
2016-01-08,68.02608489990234,69.66494563485132,67.97235400122044,69.53061155563147,264600
2016-01-11,67.88280487060547,68.42013439173508,67.33651792157764,68.14250878701425,430000
2016-01-12,69.0469970703125,69.23506200490804,67.94547290589384,68.29473733193034,222600
2016-01-13,67.28276062011719,69.37835402537063,67.07678766596595,69.37835402537063,245700
2016-01-14,67.99026489257812,68.61715501122153,66.61111483058107,67.57831204276322,220700
2016-01-15,66.71856689453125,66.72752431996992,64.84686809615701,66.01108060017754,417600
2016-01-19,67.19322967529297,67.65892029344666,66.51260860473074,67.43503241270396,252900
2016-01-20,66.76336669921875,67.57831500693104,65.07972551545662,66.43201018629381,294300
2016-01-21,66.60216522216797,67.2290485175835,65.76034465473955,66.87978399120692,265100
2016-01-22,68.24102020263672,68.30370853308276,66.691719964821,67.3633835763923,248100
2016-01-25,69.8261489868164,70.65901212456566,67.5604048681317,68.46490693054113,768500
2016-01-26,69.27984619140625,71.44707860615861,67.95442731702475,70.08584369390083,6977900
2016-01-27,69.30673217773438,69.95153037084029,68.16938474393405,68.6261111036208,631000
2016-01-28,71.55455017089844,71.73365769772855,68.94849261068097,69.83509331627832,574800
2016-01-29,75.67408752441406,75.70095297116124,71.77844059824001,71.77844059824001,865300
2016-02-01,75.18153381347656,75.67408979366009,73.87402964996123,75.21735668771852,705200
2016-02-02,72.44113159179688,73.6590816959232,71.93066771231106,73.58743596450095,494200
2016-02-03,71.49188232421875,73.6859809024589,70.36348545104454,72.80834420416929,507300
2016-02-04,71.63517761230469,72.1545992311654,70.44409905993965,71.26800497312186,329700
2016-02-05,68.95747375488281,72.19937303267545,68.66194008470077,71.16948731788494,628000
2016-02-08,68.90373229980469,68.97537122470497,67.16636026130725,68.24101929248197,385900
2016-02-09,69.20821380615234,69.68285497351744,67.67682167214764,68.35744267587702,347500
2016-02-10,69.33357238769531,70.78436779398434,69.30670694484961,69.49477187728299,251500
2016-02-11,69.46794128417969,69.86198619696502,68.33059369389049,68.33059369389049,309600
2016-02-12,69.74555206298828,70.22020012249989,68.29476292877797,70.22020012249989,371800
2016-02-16,71.13362884521484,71.68887302359748,69.7455218155148,70.73958414878116,289000
2016-02-17,71.82321166992188,72.14561068516458,71.0799092821535,71.64410414257114,524100
2016-02-18,71.85009002685547,74.19643026321762,71.6441102037133,72.7635494256463,677300
2016-02-19,72.62921905517578,72.86206433831252,71.53664522566697,71.72471020463756,589100
2016-02-22,72.48594665527344,73.98151614547955,72.01130541380222,73.02327623368396,508300
2016-02-23,72.50382232666016,73.07697453220582,72.011273279792,72.41426857563988,311400
2016-02-24,71.9306869506836,72.27099401718735,70.98140466924194,71.9306869506836,381000
2016-02-25,72.3426513671875,72.52176577236774,71.37545407676197,72.01130167450692,364800
2016-02-26,73.28300476074219,73.29195535924703,72.28894172527065,72.81731400280921,369300
2016-02-29,71.8858871459961,73.51578995077193,71.59931105392054,73.47101649318971,314200
2016-03-01,73.16658020019531,73.81137859709351,72.18147457494223,72.4232773900381,370100
2016-03-02,72.74563598632812,73.22922768157241,71.86799269539274,72.79936687857432,262400
2016-03-03,72.83519744873047,72.97848212070191,71.572466687375,72.34264144270209,228300
2016-03-04,73.04117584228516,73.5785121912943,72.36951223853923,72.93371403849572,230900
2016-03-07,73.0142822265625,73.27399287306446,72.09186565976998,72.43217262802452,272800
2016-03-08,72.58444213867188,73.88298890767972,72.53070440971986,72.95161465185083,203300
2016-03-09,73.82032012939453,74.57258020874711,72.2531047982267,72.90686048553545,386300
2016-03-10,72.9874496459961,75.2263284694929,72.39638235698528,74.27704603473536,226000
2016-03-11,74.09791564941406,74.13373852276638,72.68294973082727,73.32774095362551,226200
2016-03-14,73.89128875732422,74.71779149723605,73.08275048825735,74.02604627784407,202000
2016-03-15,73.91825866699219,74.21472392064287,73.50500718647339,73.50500718647339,172200
2016-03-16,74.30457305908203,74.66392432171544,73.28042641571272,73.99912894097955,182100
2016-03-17,75.59820556640625,75.81381349880976,74.07995066852763,74.41235165710802,216200
2016-03-18,76.93677520751953,77.1254329897592,75.32868437332193,75.73295692445154,553700
2016-03-21,76.89188385009766,77.67347227166225,75.55330752599585,76.9457909904483,267900
2016-03-22,76.49658203125,77.14341270013,75.46345009368072,76.35283883636433,179500
2016-03-23,76.74811553955078,77.06254516889125,76.11925628086985,76.35282866035027,270600
2016-03-24,76.90982055664062,76.99067094968554,76.3618117124974,76.48758355993502,219000
2016-03-28,77.70039367675781,78.10466623661833,76.81100501154818,76.98169832709276,297900
2016-03-29,79.02100372314453,79.02998938540618,77.40393407270476,77.40393407270476,428400
2016-03-30,78.6436996459961,79.6139456904364,78.0867050232871,79.2545945420452,251700
2016-03-31,78.82334899902344,79.08387833491584,78.32924731016635,78.43704782567279,218200
2016-04-01,79.40731811523438,79.83854087260063,78.13162802469121,78.4460577154514,230800
2016-04-04,78.54486083984375,79.77563602805017,78.46400359335203,79.76665036642851,235500
2016-04-05,77.87110137939453,78.97610502230583,77.80821543900468,78.19451674541475,236000
2016-04-06,80.08110809326172,80.1080582335353,77.55667776151012,77.7812714025287,231800
2016-04-07,79.11981964111328,80.03615835706195,78.60774659460193,79.5779924261134,299400
2016-04-08,80.23382568359375,80.51232644379972,79.19171481105184,79.58699493661082,245900
2016-04-11,79.8025894165039,80.95250740515966,79.75766796061346,80.63807777608221,279600
2016-04-12,79.82953643798828,80.1439660548145,79.56002142125062,80.03615867730912,175200
2016-04-13,81.52748107910156,81.53646674270796,80.00922607011661,80.44044882053325,227000
2016-04-14,81.57240295410156,83.18048719104075,80.97048686239604,81.48256002569113,333800
2016-04-15,81.36577606201172,81.89582056725163,80.90760315986422,81.14118244288791,364400
2016-04-18,82.3270263671875,82.44381256733027,80.14397638324044,81.30288013808172,256800
2016-04-19,81.90478515625,82.6234873542817,81.54543405723415,82.56958708834757,243500
2016-04-20,81.59034729003906,82.18327757175179,81.08725991456265,81.84189097777728,227900
2016-04-21,81.12323760986328,84.98624468163226,78.68863615755366,83.62071816253575,641100
2016-04-22,80.2697525024414,81.1771125795167,79.57800721959674,80.93454764952044,463500
2016-04-25,80.32366180419922,80.40451221368653,79.70378124858445,79.98227513111142,241400
2016-04-26,80.09008026123047,81.24898407607397,79.63190739162889,80.350609663394,312500
2016-04-27,80.53028869628906,80.72793218064193,79.69480014683141,79.86549349314586,213900
2016-04-28,79.63191223144531,81.04235987091403,79.46121888936493,80.49435089754849,149800
2016-04-29,78.52691650390625,80.45841615062601,78.49098070225776,79.90142836020772,250700
2016-05-02,79.38932800292969,79.74867218828898,77.97888082783643,78.49993263822779,321800
2016-05-03,78.44603729248047,79.68579125930925,77.79920675185626,79.09286783310468,187900
2016-05-04,78.63471984863281,79.08390710411825,77.97891029389407,78.32927580484844,212000
2016-05-05,78.45501708984375,79.2276194162806,78.3651810445943,79.04794047173081,219900
2016-05-06,79.64088439941406,79.70377032730502,77.43088440689337,78.2304369989579,340200
2016-05-09,80.97945404052734,81.70713498697978,79.5690067475217,79.6318926706219,301000
2016-05-10,81.17709350585938,81.96766033679215,80.26074798081903,81.5005087671617,239400
2016-05-11,80.82672119140625,82.48871195325482,80.39549859525847,81.6172879546181,365300
2016-05-12,81.59034729003906,82.11140598838332,80.88961648732507,81.18608162818144,200800
2016-05-13,81.17709350585938,82.29107559809448,80.66502048447256,81.39270139537717,192300
2016-05-16,80.82672119140625,81.78798123180898,80.61111332035769,81.50948744611914,300300
2016-05-17,79.04181671142578,81.81837851974855,78.66319652240475,80.94394126575884,284600
2016-05-18,79.01476287841797,79.9252600593836,77.42815535943579,78.59106596615426,229300
2016-05-19,79.07786560058594,80.02441593956698,78.60909191844773,79.07786560058594,427400
2016-05-20,79.52860260009766,80.1416095519223,78.90657891843377,79.20406910338168,344100
2016-05-23,79.5646743774414,80.15964795734577,78.99673723554326,79.85314787509974,132600
2016-05-24,81.60204315185547,82.00771365919807,79.76302827847991,80.06051173056085,226100
2016-05-25,81.82740783691406,81.99869138696305,80.7005568555446,81.50288108181202,176500
2016-05-26,82.39531707763672,82.92718725841979,80.82674297144146,82.02570678027881,245800
2016-05-27,83.3238525390625,83.45005927345728,82.35025183565885,82.40434534879319,210300
2016-05-31,82.54857635498047,83.31483347168295,82.13389611391503,83.17060015545414,225000
2016-06-01,82.59363555908203,82.92717890061795,82.05274182451113,82.19698198779658,125000
2016-06-02,83.90979766845703,83.98191775144853,82.43137035587954,82.43137035587954,292600
2016-06-03,83.44102478027344,83.96388507018433,83.260731448873,83.86472167458918,256300
2016-06-06,82.27812957763672,83.29680703562994,81.60201914208412,83.29680703562994,195700
2016-06-07,82.41336822509766,82.62972855631996,81.6380942325984,82.20603150486663,300600
2016-06-08,83.04438781738281,83.1435512246106,81.85443380839993,82.53955405029122,197000
2016-06-09,82.665771484375,83.03538184607241,82.16094452961897,82.665771484375,170200
2016-06-10,81.61102294921875,82.47644334434244,81.55693632382037,82.06176316820505,159000
2016-06-13,80.3940658569336,81.16933997073727,80.13263557411577,81.07017652284935,315100
2016-06-14,80.43010711669922,80.54729712873944,79.64581645157895,80.0965567901592,224100
2016-06-15,81.28649139404297,82.1338852269738,80.44811429147845,80.84476789459502,216900
2016-06-16,81.106201171875,81.16930453136541,80.15964390176845,80.72758101493253,160400
2016-06-17,80.62841796875,81.67413177034673,80.2497909323741,81.2774850279654,329900
2016-06-20,81.7552719116211,82.66576229989697,80.7185679209276,81.45778168444153,309600
2016-06-21,81.52987670898438,81.87243673092811,81.02504308779274,81.74623004506734,211200
2016-06-22,81.07915496826172,82.14290218872986,80.76363130430286,81.58398182619571,295500
2016-06-23,81.90850830078125,82.26008510058021,81.07914799755035,81.80934490824826,334300
2016-06-24,80.50221252441406,81.73723642488712,79.11393170971219,79.3483116910024,4161800
2016-06-27,79.92530822753906,80.21378187050232,78.5820965945267,79.75402463780163,490000
2016-06-28,81.17833709716797,81.85444759977264,80.03345279454977,80.3399597988281,378500
2016-06-29,82.31417083740234,82.40432437709865,81.12421701755522,81.86343064991858,408600
2016-06-30,84.76620483398438,84.76620483398438,78.446825011795,82.37728028789068,455100
2016-07-01,85.68573760986328,85.86603098681901,84.49578343980167,84.50479329422343,392400
2016-07-05,85.39724731445312,87.43458820952708,84.64000014885254,85.7307906841134,343500
2016-07-06,85.72178649902344,86.42494714061314,85.03666619863006,85.29809639657665,972100
2016-07-07,85.79388427734375,86.83058806770084,85.67669430644226,85.95615101738008,336200
2016-07-08,87.14613342285156,87.57884716423021,86.13647948922069,86.46101307581678,270500
2016-07-11,87.15512084960938,87.80418780455526,86.75846729319817,87.02891415034203,347500
2016-07-12,87.5698013305664,87.71404148900905,86.86664775253179,87.45261136014373,301400
2016-07-13,87.22726440429688,87.81322816731137,86.94780074263547,87.56982455482404,193600
2016-07-14,86.86666870117188,87.78617586086816,86.81258206758707,87.65095927690618,230200
2016-07-15,86.63226318359375,87.09202010338196,84.63999236817752,85.57753278915271,270500
2016-07-18,86.5511474609375,87.45262798937378,85.65867678580514,86.668337453644,222300
2016-07-19,86.62326049804688,87.02893086165962,86.30774368929292,86.30774368929292,226100
2016-07-20,87.56078338623047,87.89433358968876,86.5781731120346,86.63225973182543,372200
2016-07-21,88.18280029296875,89.04822053230212,86.9567865678093,88.34506701770304,392100
2016-07-22,90.4365234375,90.60780693329038,87.34444504901028,88.73272584361284,727000
2016-07-25,91.04051971435547,91.43717336113787,89.97677237978066,90.4545559755408,454900
2016-07-26,91.18476867675781,91.26589863353999,90.22018466108891,90.64388166495543,406100
2016-07-27,91.5002670288086,91.86086058969381,90.8421832643618,91.1847502421903,305000
2016-07-28,92.32062530517578,92.58204860907894,91.04953444379845,91.25687799398969,402000
2016-07-29,92.20341491699219,92.54598187337287,91.60844142486995,92.41075843678837,244400
2016-08-01,92.4107666015625,92.71726666566786,91.6715528777051,91.90593285222674,162700
2016-08-02,90.90530395507812,92.58205848682246,90.82417399922828,92.58205848682246,339300
2016-08-03,90.81517028808594,90.83320375491692,89.69733606589968,90.82418702150143,278600
2016-08-04,91.10362243652344,91.20278584752042,90.5356921644278,90.77908888739714,470200
2016-08-05,90.09395599365234,91.78873671888726,89.94971582414307,91.37405654817286,335900
2016-08-08,89.84076690673828,90.36525417507819,89.424796386757,90.0306660420025,245500
2016-08-09,89.8588638305664,90.08493523377379,88.77371695567993,89.57853059916609,202000
2016-08-10,90.05777740478516,90.1934215911967,89.5332971293571,89.786495931112,147600
2016-08-11,90.56419372558594,91.27858009470368,89.9131070651672,90.52802147787925,198500
2016-08-12,90.6003646850586,90.78121902186967,90.00353295511074,90.78121902186967,147800
2016-08-15,90.88070678710938,91.05252326637581,90.0306760780884,90.365264248462,103600
2016-08-16,90.15726470947266,90.8716511070861,90.0125826120256,90.8716511070861,100900
2016-08-17,90.57323455810547,90.86260562797496,89.41574337947702,89.994485519216,147700
2016-08-18,90.88975524902344,90.94401018186817,89.96737999574987,90.27484071322512,150500
2016-08-19,91.2333755493164,91.50466399467811,90.76315006306143,90.76315006306143,166400
2016-08-22,91.20623779296875,91.31475453869884,90.42855169644723,91.03442133701718,132500
2016-08-23,91.70360565185547,92.05627648255526,91.44136200097458,91.67647128867337,84800
2016-08-24,91.45944213867188,91.87541267361411,91.19719849506998,91.50465917690204,123600
2016-08-25,92.39989471435547,93.01480914395339,91.19719331689689,91.87540745693204,187000
2016-08-26,91.63124084472656,92.79776983362052,90.92589933961627,92.79776983362052,186800
2016-08-29,92.05626678466797,92.3727653302676,91.39613533314518,91.39613533314518,105500
2016-08-30,91.52275848388672,92.25522772208758,91.35998677549179,92.25522772208758,135400
2016-08-31,91.21527099609375,91.44134234662512,90.71791126526468,91.3509082870925,184700
2016-09-01,90.80836486816406,91.7397779997078,90.44664922215574,91.17008051417238,262500
2016-09-02,90.80836486816406,91.34189699833556,90.48282147667179,91.27859727772051,239700
2016-09-06,90.32003784179688,91.12485142572469,89.67799593209892,91.12485142572469,426400
2016-09-07,89.74128723144531,90.41046344007488,89.37053377993755,90.11204758210363,251100
2016-09-08,88.64710998535156,89.70512240661724,88.57476548667925,89.70512240661724,305500
2016-09-09,85.8890380859375,88.24921684591312,85.85286583877208,88.24921684591312,296400
2016-09-12,86.50396728515625,86.61247714606145,84.11664685796362,84.9124226334118,635500
2016-09-13,85.05709075927734,86.40448110324294,84.91240866881404,86.27788168690601,211900
2016-09-14,85.51827239990234,85.87094316385897,84.63206964742785,85.34645596135671,139400
2016-09-15,85.97943878173828,86.21454796719885,84.39693967603361,85.61772332060464,204500
2016-09-16,85.03900909423828,86.36830988070045,84.6863383018076,85.69009575692594,301700
2016-09-19,84.97570037841797,85.78051383472639,84.89431110463336,85.11134456862558,286000
2016-09-20,84.11663818359375,85.59967282149786,83.9810008714496,85.59967282149786,308100
2016-09-21,84.58687591552734,84.776775063772,84.08951607549257,84.34271493981878,220700
2016-09-22,85.85287475585938,86.09702882564665,83.65546053116825,85.28317042777003,467300
2016-09-23,85.54541778564453,85.97947791640266,85.21987441236386,85.48211806857061,300600
2016-09-26,85.3193588256836,85.84384621459311,84.6501893048541,85.13850443599543,241800
2016-09-27,86.2507553100586,86.35927206231307,85.45498649097995,85.50020352920716,222300
2016-09-28,86.05180358886719,86.5310737559884,85.25602800649216,86.19648566802161,273300
2016-09-29,85.34647369384766,86.10607719652772,85.13849186632754,85.7353167835067,196400
2016-09-30,85.47306823730469,85.84382862911211,85.32838613502346,85.80765637875398,263400
2016-10-03,86.01565551757812,86.24172693535012,84.7767816644929,85.02998054853317,303400
2016-10-04,86.49492645263672,86.54013659703082,85.93426684876273,85.95235642584214,361600
2016-10-05,85.53633880615234,87.27257173600591,85.49112868297244,86.59435779596672,558500
2016-10-06,86.15128326416016,86.27788959124686,85.09327080249297,85.42785894726568,157600
2016-10-07,85.89808654785156,86.26884695257665,85.40977149973028,86.16033019772141,215700
2016-10-10,85.97042083740234,87.14599472830676,85.9071211293783,86.21457488288057,243900
2016-10-11,83.98101043701172,85.90713637951023,83.81823874474762,85.82575398295417,236100
2016-10-12,84.56878662109375,85.2108354709643,83.56503594822173,83.94483424597348,194700
2016-10-13,83.99005126953125,84.17091254458077,83.27566475617812,83.91771365866366,255000
2016-10-14,84.33367919921875,84.9124214464628,84.13473525813765,84.13473525813765,158900
2016-10-17,84.51453399658203,84.70443315063481,84.00813625244128,84.06239118241297,190200
2016-10-18,84.42411804199219,85.81671892274711,84.37890099490068,85.32840379060036,134500
2016-10-19,83.33895874023438,85.67201019182194,83.14905270543953,84.36984370467219,411900
2016-10-20,82.54318237304688,83.42034044418322,80.16491390424044,83.07671442523491,646600
2016-10-21,85.40071105957031,85.43688330163678,81.9553791685983,82.50699378659999,584700
2016-10-24,85.09327697753906,85.97947993654763,84.55975176383072,85.5363750074674,289200
2016-10-25,84.34272003173828,85.19275075542409,84.29750988846583,85.00285159571487,463600
2016-10-26,82.57029724121094,84.29748565791164,82.27188830410117,84.09854176707177,506700
2016-10-27,82.97724914550781,83.14905871923956,81.84689213790993,82.90490464122514,420000
2016-10-28,83.3931884765625,84.0714024272188,82.76018464979384,82.76018464979384,237900
2016-10-31,83.71876525878906,84.0262190613139,83.04958892537884,83.58312103449501,172300
2016-11-01,81.9192123413086,84.99378412868761,81.87400221009946,83.73682795518049,176200
2016-11-02,82.31712341308594,82.8868278004831,81.90115283290118,81.90115283290118,295100
2016-11-03,82.6788330078125,82.904904408698,82.40754456708925,82.41658935488712,254100
2016-11-04,83.34797668457031,83.97193576606243,82.44369136027427,83.24850474696579,301600
2016-11-07,85.6435546875,85.6889243148488,83.91054429722065,84.39143188841179,329300
2016-11-08,84.78160095214844,85.53468566275592,84.52754761146791,85.29878294494362,314700
2016-11-09,85.28968811035156,85.47115276288984,83.18466629771679,83.43871958024349,293300
2016-11-10,86.4964599609375,87.54896755006335,85.6072664279843,85.71614938786644,368200
2016-11-11,87.81208801269531,88.10243562294917,86.19702899800618,86.6053279453393,297800
2016-11-14,89.65397644042969,92.29433071844299,88.10243083350305,88.10243083350305,604900
2016-11-15,90.4070816040039,91.79530646692265,88.09336888418349,89.69028435716712,335000
2016-11-16,90.4615249633789,91.67736053056075,90.09859558564979,90.38894324129357,214500
2016-11-17,91.49589538574219,91.79531837372119,90.0713760179315,90.4433876555602,154300
2016-11-18,91.16922760009766,91.75899113022764,90.56130653041733,91.32347323344143,206800
2016-11-21,91.5230941772461,91.55031318218344,90.45243614097036,91.16923326819528,263000
2016-11-22,92.69356536865234,92.80244139488788,91.08757475734812,91.82251562417002,225500
2016-11-23,92.0403060913086,93.70980354862739,91.80439643410142,92.60285083684934,222800
2016-11-25,92.48487091064453,93.95475950520898,91.9676890403699,92.22174232086513,72800
2016-11-28,91.6229248046875,92.45767347028,91.34164553073347,92.45767347028,192600
2016-11-29,91.88604736328125,92.16732663977568,90.95149103114106,91.40515969120402,305600
2016-11-30,91.28720092773438,91.94955324114237,91.05129130535366,91.90419053227589,187900
2016-12-01,91.53217315673828,92.04028668995785,90.93333421151648,91.25997615343142,282200
2016-12-02,90.60669708251953,92.1945372480039,90.41615709335346,91.37793234983947,193200
2016-12-05,92.92040252685547,93.12908619854929,90.51595765158831,90.51595765158831,163600
2016-12-06,94.32678985595703,94.73509581596832,92.80246283460437,92.80246283460437,320200
2016-12-07,95.13429260253906,95.34298317932993,93.4557203687519,94.10900418183142,208600
2016-12-08,97.5296859741211,97.58413092023349,95.16153503004473,95.49725232840622,288300
2016-12-09,96.87638854980469,97.43894009863185,96.29569330308206,97.18488679349487,273200
2016-12-12,96.10515594482422,97.32099140997607,95.83295893436949,96.82195317382539,172200
2016-12-13,97.12139892578125,97.6204303567026,95.86020045722766,96.31386917030262,224000
2016-12-14,95.98719787597656,97.62040059161126,95.80572629261732,97.5568872680438,251800
2016-12-15,95.98719787597656,96.5225234714119,95.47001597766061,96.25032648002265,206200
2016-12-16,96.45899963378906,97.3844873019601,95.7603531506996,95.7603531506996,529400
2016-12-19,96.32292938232422,97.92891332896842,95.47003012027282,96.92176839003703,266400
2016-12-20,96.17774963378906,97.97428045583831,95.83296396680075,96.15960593444606,296100
2016-12-21,95.75126647949219,97.4661327478296,95.52443224376046,96.15957225726822,316800
2016-12-22,95.35204315185547,96.25031177678945,94.94374426592695,95.88737558794631,164900
2016-12-23,95.97811889648438,96.42271214445763,95.24317804867083,95.24317804867083,166100
2016-12-27,96.18681335449219,97.17580752671222,95.57889220202843,96.44994195908002,144500
2016-12-28,95.39744567871094,96.3138583141091,95.1615360362211,96.21405065468778,136300
2016-12-29,95.88739776611328,96.76751597783343,95.2794834895926,95.37929113767017,105600
2016-12-30,94.67156982421875,96.24126638690298,94.35400315617113,95.78759774042518,348800
2017-01-03,94.94377899169922,95.33393432597966,94.21790634852437,95.12524369127566,234500
2017-01-04,95.99628448486328,97.58412468337752,95.01635858668178,95.01635858668178,318000
2017-01-05,96.29568481445312,97.32098017721731,95.5698192812528,96.12329547112566,281600
2017-01-06,94.72600555419922,96.52252934292412,94.69878654564786,96.52252934292412,319400
2017-01-09,94.29957580566406,94.535485466812,93.79146907928538,94.19976813834897,190200
2017-01-10,95.00727844238281,95.37021471092291,94.09086592186662,94.09086592186662,156800
2017-01-11,95.06172180175781,95.55168475345513,94.4175131770541,94.98914008191794,80300
2017-01-12,94.55358123779297,94.93466108940014,93.41941006817771,94.61709454639416,194200
2017-01-13,95.95999145507812,96.38644107886361,95.10709220750714,95.10709220750714,135900
2017-01-17,95.44280242919922,95.95998435709313,95.22503651671396,95.29762515420904,128500
2017-01-18,95.47911071777344,95.76945838780192,94.8711894428472,95.6696507272514,108500
2017-01-19,95.07984924316406,95.72405771081034,94.88930929547422,95.61517477394518,77900
2017-01-20,95.20687866210938,95.6151775730501,94.88023676438382,95.18873496665016,91900
2017-01-23,95.23410034179688,96.57696228377323,94.81672611018558,94.83486980615449,111500
2017-01-24,96.80380249023438,97.07599948104782,95.49723478254403,95.49723478254403,94500
2017-01-25,96.58604431152344,97.34821117607964,96.18682064193078,96.90361787650814,142700
2017-01-26,95.72406005859375,96.83101238202639,95.54259541513336,96.83101238202639,82400
2017-01-27,95.29764556884766,95.61521227287588,93.46482707528837,95.44282287493768,110700
2017-01-30,95.20687866210938,97.33004407489308,94.33583590898536,95.30668629321622,105000
2017-01-31,95.77851104736328,95.91461300961977,94.82581115643463,95.270404438868,135800
2017-02-01,95.79667663574219,97.06695027789247,94.18161730144539,95.959997631482,234000
2017-02-02,96.84918975830078,96.99436706150283,93.85498056532434,95.9418523805925,238900
2017-02-03,98.13758850097656,98.63661977510564,96.64954922098221,97.07599878487473,201700
2017-02-06,97.46615600585938,98.41886279224659,96.28662185204487,97.51152563280473,137800
2017-02-07,97.4480209350586,98.2192562043706,96.54975900597445,97.37543229449344,112600
2017-02-08,97.4207992553711,98.35535547912376,96.61326968790908,97.56596961008886,105100
2017-02-09,99.2264175415039,99.3262252082161,97.85633614408313,97.93800010886353,182800
2017-02-10,99.68006134033203,99.80708798943301,98.60940321045715,99.0812154896275,160900
2017-02-13,100.00670623779297,100.34241656789808,99.15380706360148,99.4532299978304,188800
2017-02-14,100.63276672363281,101.2497493406756,99.94318855070492,100.4059324359201,421100
2017-02-15,101.89395904541016,101.92117805080662,99.61654098732618,100.62368572159137,200700
2017-02-16,103.7903060913086,105.25111959814654,102.56540220461002,104.95169664825048,489700
2017-02-17,105.8045883178711,106.06771692878418,103.87196263108177,104.24396727241871,406800
2017-02-21,105.9406967163086,106.88432826444794,105.16946145672782,105.16946145672782,307200
2017-02-22,105.58683776855469,106.2219710715373,104.94262915483411,106.11308810998293,222100
2017-02-23,104.29840850830078,105.60497629319916,104.02621150140261,105.60497629319916,181300
2017-02-24,105.34185028076172,105.52332187895102,103.89011210741556,104.2621236918784,253500
2017-02-27,106.2945785522461,106.38531090840591,104.85190847629529,105.50519251654207,276200
2017-02-28,104.08064270019531,106.16752089520845,103.97175975110865,105.77736564735585,357000
2017-03-01,106.19475555419922,106.44880888374735,104.5071076679906,104.68857235411525,275400
2017-03-02,104.95169067382812,106.04956783851614,104.6794936714088,105.87717848038058,189700
2017-03-03,105.64128112792969,106.1675384183923,104.96985347049053,104.9970724816465,150600
2017-03-06,105.12409210205078,105.68664367715746,104.2439738806878,104.95169581304006,155600
2017-03-07,105.24205017089844,105.95884745961494,104.62506053772688,104.62506053772688,197200
2017-03-08,105.9951400756836,106.39437069143719,105.00614576975553,105.35093144181198,153100
2017-03-09,106.1493911743164,106.49418378642318,105.76831116113624,106.285493156862,227400
2017-03-10,107.4196548461914,107.8461044548197,105.99513566217163,105.99513566217163,199600
2017-03-13,108.18382263183594,108.28389231484047,107.17403360559575,107.70167249041829,209400
2017-03-14,107.20132446289062,108.43854332941183,107.17403399299216,108.14743341614847,176800
2017-03-15,108.93889617919922,109.1936164960938,107.45605608264407,107.69257812512726,203600
2017-03-16,108.775146484375,109.0116754676225,108.36577553775382,109.0116754676225,189800
2017-03-17,110.03056335449219,110.3580629077323,108.63869372352592,108.8934140559108,297600
2017-03-20,109.6939697265625,109.93049177938094,108.90251132967751,109.93049177938094,161400
2017-03-21,108.07464599609375,109.7758164936771,107.7653378525106,109.64845635826252,350700
2017-03-22,108.59317016601562,108.72053028324295,107.41963170818738,107.76532246343214,260300
2017-03-23,108.12013244628906,108.99346210126673,107.91999309899285,108.60228254262607,299400
2017-03-24,108.19292449951172,109.02986465066766,107.43785575982176,108.27479591097769,177600
2017-03-27,108.09284973144531,108.32937869890532,106.79195082132674,107.32868883126203,255800
2017-03-28,109.28459167480469,109.43924925141917,107.8017515154475,107.89272206953297,235000
2017-03-29,108.62047576904297,109.32095651143484,108.23839536410195,109.32095651143484,156100
2017-03-30,108.17471313476562,109.16630372881113,107.76533533141858,108.5476943967236,210300
2017-03-31,108.55680847167969,108.9479880581664,108.09284967361228,108.27479076195638,191500
2017-04-03,108.62047576904297,109.79401439045338,107.60158774859342,108.6477662350235,255100
2017-04-04,108.33847045898438,108.90249893585565,107.8108385283841,108.13833803874708,278900
2017-04-05,108.11103820800781,109.18450725891223,107.9018066558883,108.74784588194524,189800
2017-04-06,108.18382263183594,108.93889135246738,107.54702186781411,108.19292176863847,138000
2017-04-07,107.81993865966797,108.41125764915475,107.51063739967655,107.73806724635546,174500
2017-04-10,108.52950286865234,108.83880406382853,107.84721347159193,107.99276493384936,113400
2017-04-11,109.12083435058594,109.12993348754738,107.80174405610043,108.29299334289992,151300
2017-04-12,106.91932678222656,108.84793453169716,106.71918739098044,108.84793453169716,163400
2017-04-13,105.91862487792969,108.03827264277986,105.8458456637167,106.81015290051913,216300
2017-04-17,107.26500701904297,108.99346815306656,105.9913985987565,106.3552877103537,120500
2017-04-18,107.29229736328125,107.65617953384861,106.86472817819634,107.29229736328125,170900
2017-04-19,106.88291931152344,107.97458664301597,106.63729815278694,107.76534814878246,331700
2017-04-20,108.6932601928711,112.01372993798635,106.03687467992889,108.84791080126021,607700
2017-04-21,108.17471313476562,108.80241466159376,106.67367507037314,108.80241466159376,255500
2017-04-24,108.33847045898438,110.25797877893115,108.24749991512968,109.56659709314937,349000
2017-04-25,108.984375,109.14812475175015,108.19291670977307,108.79332783911862,182000
2017-04-26,109.29367065429688,109.93957049196487,108.61138121358472,108.99346163463782,202200
2017-04-27,109.9031982421875,110.34896574440809,108.89340915524335,109.42104807178517,115000
2017-04-28,108.82062530517578,110.00325623233884,106.98298843006205,110.00325623233884,178200
2017-05-01,108.62047576904297,109.93956585588514,107.44693714763255,109.05713710594505,215400
2017-05-02,110.39443969726562,110.5399981220714,108.59319930424437,108.77514039464387,230300
2017-05-03,110.82201385498047,111.22229260050587,109.73944557900478,110.09423557959029,170100
2017-05-04,111.11312866210938,111.49520915021381,109.7849391506452,111.09493732769845,107800
2017-05-05,110.80378723144531,111.41329735211195,110.43989820964534,111.28593723557283,136600
2017-05-08,111.04035186767578,111.79542066346932,110.09424282365893,110.73105059167852,171900
2017-05-09,110.37622833251953,111.25865703608316,110.28525780382984,111.25865703608316,139800
2017-05-10,111.1495132446289,111.42243183270794,110.13972418558771,110.30347395031353,146200
2017-05-11,110.5127182006836,111.18590862814503,109.26640009660576,110.97667010766746,127700
2017-05-12,109.40283203125,110.8310908858224,109.24817449366704,110.39442261956415,89600
2017-05-15,109.7496109008789,110.71689418167821,109.43022786751365,109.50323169286227,105100
2017-05-16,109.63096618652344,110.38836508062522,108.27130324120313,109.74047190584807,166900
2017-05-17,107.2127914428711,109.62186207967436,106.9572850059417,108.80971363570809,209400
2017-05-18,107.62340545654297,107.9610358931185,106.70175150394526,107.16714208860718,140000
2017-05-19,108.745849609375,109.11998905104748,107.0668031369702,108.07970874487732,123500
2017-05-22,110.00511169433594,110.26973834737676,106.82951527554711,108.2895568052092,125600
2017-05-23,109.01959228515625,110.16025093556254,108.59070351867902,110.16025093556254,78900
2017-05-24,108.7002182006836,109.50323945032237,108.12532173787118,108.85534611901805,81700
2017-05-25,109.95036315917969,110.22412401132054,108.7458279414098,108.90095584201003,86700
2017-05-26,109.7678451538086,110.39749084811046,109.49408434010515,109.8773508716953,71500
2017-05-30,108.78234100341797,109.77699903692967,108.38995412154189,109.64011859682807,148400
2017-05-31,108.70932006835938,109.04695750587895,107.77854575377694,109.04695750587895,156900
2017-06-01,110.05072021484375,110.13285123928195,108.20741931754957,108.68193014510184,160700
2017-06-02,111.73889923095703,111.91228154359933,110.02335142459049,110.02335142459049,112100
2017-06-05,111.77542877197266,112.62407914899936,111.0910335312101,111.37392163157126,225300
2017-06-06,108.49943542480469,111.5837734317594,108.37168223269589,111.5837734317594,204000
2017-06-07,110.49788665771484,110.62564683765841,108.16181985923065,108.82796760581341,238500
2017-06-08,109.74048614501953,111.77541721848013,108.88270863741089,110.35187749268508,125000
2017-06-09,108.54505920410156,109.67659743968025,108.38080410293865,109.30245811290982,133800
2017-06-12,109.46671295166016,109.7678484634081,108.66369188235922,108.66369188235922,105800
2017-06-13,110.9267578125,112.0674163354552,109.79522650709602,110.41574502206474,148800
2017-06-14,110.99066925048828,111.61118796023342,110.41577968079486,110.90854515283034,132100
2017-06-15,111.28263854980469,111.33739489103566,109.55796348460674,110.14198006954008,82800
2017-06-16,110.75338745117188,111.39215346805317,109.74048208009768,110.78988936099759,316800
2017-06-19,112.35942840576172,112.97082668570378,110.83551023888988,111.1548932436194,117700
2017-06-20,112.93431854248047,113.39058194177392,112.20429431880017,112.3411747309936,205100
2017-06-21,112.56932830810547,113.32672736901698,111.76630707561428,113.04383927229837,174200
2017-06-22,109.64010620117188,112.3046830241812,109.1655883240714,112.3046830241812,190400
2017-06-23,111.87580108642578,112.32293733619845,108.98309236695447,109.35722479087869,234200
2017-06-26,111.17315673828125,112.87957762918134,110.91765031367768,112.45981607990005,134500
2017-06-27,108.13443756103516,111.89405089227202,107.9519349659964,111.07277529054215,246400
2017-06-28,109.03781127929688,110.3792266157178,108.25303777584008,108.65455174375549,224100
2017-06-29,107.65080261230469,110.17849913492842,107.19453914914294,109.08346960815142,196100
2017-06-30,107.28578186035156,108.40819295316444,107.22190525910383,107.65992121196498,206600
2017-07-03,109.53059387207031,110.32449471746379,107.67816552817938,110.32449471746379,171100
2017-07-05,110.47960662841797,111.24613267207783,109.0743146833967,109.48495587315146,246900
2017-07-06,109.82262420654297,110.96328296847638,109.33898600540778,109.8499989029048,269800
2017-07-07,109.74048614501953,110.49787817536851,109.50322720337779,110.05074194698915,158700
2017-07-10,108.16181182861328,110.34275055227762,108.08880800607386,109.75873389601766,196000
2017-07-11,109.38459777832031,109.47584907238516,107.98842582722112,108.48119116960423,147700
2017-07-12,108.46294403076172,110.31537245790928,108.36256551837197,109.99598944668168,190100
2017-07-13,107.20365905761719,109.09258938782058,106.79301779155627,108.80058106979007,268200
2017-07-14,106.19987487792969,107.96105201971737,105.5428613780635,107.26753660952072,507900
2017-07-17,107.76026916503906,108.16178312040869,106.04472156286802,106.04472156286802,314900
2017-07-18,107.57780456542969,108.3260764067243,106.71090672367157,107.43180386963061,292900
2017-07-19,107.5595474243164,108.56332561458487,107.1671605816991,107.8515557517041,381000
2017-07-20,97.41223907470703,104.02805859031945,96.33545713713316,100.37795127136087,1532800
2017-07-21,96.58184814453125,98.00539490742004,95.42294199214325,97.37574908994945,615400
2017-07-24,98.79928588867188,101.25398551451454,96.74610033272914,96.95598458618443,669200
2017-07-25,97.3392562866211,99.6844504672268,97.20237584018304,98.25178331350314,723500
2017-07-26,99.42890930175781,100.16805370763859,97.24797102586464,97.6221103180434,523600
2017-07-27,99.70269012451172,99.90344715458599,98.55290429174033,99.90344715458599,313600
2017-07-28,98.77189636230469,100.37794543869124,98.57113935750301,99.2007850612852,269200
2017-07-31,98.66242218017578,99.64794605336773,98.5802911295598,98.7354190493551,257300
2017-08-01,98.68978118896484,99.47455484463292,97.87763284145234,98.80840717429982,288000
2017-08-02,98.27912902832031,99.10040450272953,97.6494902996288,98.5528898404656,232800
2017-08-03,97.55823516845703,98.58938785775146,97.34835095915348,98.18787387231494,221200
2017-08-04,99.48365783691406,99.59316354731637,97.36659616998622,97.92323801431876,246200
2017-08-07,98.53142547607422,99.7125947758737,98.49479925913433,99.55693859318157,237600
2017-08-08,98.76031494140625,99.31885241639111,97.80805444283757,98.58634219111205,299600
2017-08-09,98.53142547607422,99.41043372542198,98.31167516017143,98.31167516017143,245400
2017-08-10,96.94737243652344,99.07164406762686,96.90159490575553,98.37576691976874,208700
2017-08-11,99.37380981445312,99.82246875733897,97.07556529473405,97.57916705717298,345400
2017-08-14,98.79696655273438,100.07885628368922,98.40324342792118,99.7034427756347,331500
2017-08-15,98.16516876220703,99.337179743068,98.11023293052183,98.96177325032495,306300
2017-08-16,99.3188705444336,99.82246530371256,98.0278226085229,98.43070400453529,334400
2017-08-17,98.32083892822266,99.95067435266509,98.29337100847286,99.39213669862744,229700
2017-08-18,97.47843933105469,98.59551443906554,97.00231250727667,98.59551443906554,223600
2017-08-21,96.79170227050781,97.34108146048851,96.2331647814024,97.26783602469705,214100
2017-08-22,97.2770004272461,97.75313424550177,96.50787085492955,96.76424737903507,209000
2017-08-23,95.06116485595703,97.13050059356569,94.96960281144044,96.86496577445224,323100
2017-08-24,94.31952667236328,96.07754351297291,94.29205875075031,95.37250791053417,524700
2017-08-25,91.21549224853516,92.92772393307472,90.21744722055324,92.80869398793767,788100
2017-08-28,91.22464752197266,92.09450434349533,90.78514694720674,91.52680853320902,338600
2017-08-29,89.09123229980469,90.59287219715377,89.04544778428432,90.14420629941029,439000
2017-08-30,89.6589126586914,90.07095230204118,89.31097412527802,89.31097412527802,590700
2017-08-31,91.27958679199219,91.60921570314675,90.02516526977983,90.0434748822949,743700
2017-09-01,92.28680419921875,92.72630485723526,91.26129102095187,91.90223937702005,249900
2017-09-05,92.79954528808594,93.3123053037415,91.85644297131145,92.36919600123092,297800
2017-09-06,92.97351837158203,93.98987312053306,92.72629317008793,93.14749114406038,230400
2017-09-07,93.13833618164062,93.41302232168893,92.55233069998724,93.39471270664693,322500
2017-09-08,93.51374816894531,93.92578788185722,92.47908370767517,92.53401954176871,238400
2017-09-11,93.97154998779297,94.66743404359453,93.56867562768524,93.98070828721731,310300
2017-09-12,94.83226013183594,94.86888634828836,93.77927911247221,93.87999946128227,167400
2017-09-13,95.45487976074219,95.9767910541053,94.87803264252051,94.89634225556148,428800
2017-09-14,96.1782455444336,96.40715416187967,94.77732592338144,95.03370245720319,248200
2017-09-15,96.1324462890625,99.346324741308,95.82113397021514,98.31166046393614,577600
2017-09-18,98.064453125,98.38492380145443,96.48956067415332,96.9656945240886,264300
2017-09-19,97.8813247680664,98.95261540527801,97.75313650305323,98.37576821271865,352200
2017-09-20,98.84272003173828,98.98006657408132,97.10302044784427,97.61577342114059,211700
2017-09-21,98.77863311767578,99.37379685409947,98.40322665933014,99.00754170970521,185600
2017-09-22,98.59552001953125,99.57524862310615,98.48564136825436,98.84273825273347,215200
2017-09-25,98.9434585571289,99.57524857663708,98.13770273868428,98.26589100557919,234700
2017-09-26,98.67790985107422,99.46535594315499,98.43069165273985,99.04416498460364,260200
2017-09-27,98.84272003173828,99.43788372473455,98.44899700274709,98.95259866275977,294600
2017-09-28,98.88851928710938,99.30055198984445,98.46732828398969,98.61382616146174,254400
2017-09-29,99.044189453125,99.51116503838308,98.81528081133499,98.88853325328476,475500
2017-10-02,101.47059631347656,101.4980642256974,98.81525535560552,99.43788698030814,289400
2017-10-03,101.55300903320312,101.75444272202952,100.72893672169258,101.25084802135997,148500
2017-10-04,103.96115112304688,104.24499560760626,101.42483942268811,101.4797822478274,292900
2017-10-05,102.12068939208984,104.3456809558269,102.00165945141539,104.3456809558269,190800
2017-10-06,102.08409881591797,102.69757930237861,101.10437008085326,101.92844261168749,174600
2017-10-09,101.186767578125,102.24889993433625,101.10435684296309,102.24889993433625,153000
2017-10-10,100.95783996582031,101.42480842951556,100.31689176379622,101.42480842951556,170800
2017-10-11,101.82770538330078,101.8551732988232,100.7014789324631,101.26916781522355,210000
2017-10-12,102.87152862548828,102.96309067295394,101.53470317242777,101.6445818208284,224200
2017-10-13,102.93562316894531,103.23778421395315,102.4137118119938,102.89899695266529,206000
2017-10-16,103.40259552001953,104.3182299417019,102.01083427278627,102.87152587886705,274600
2017-10-17,101.03108978271484,103.73221527876753,100.8571240083113,103.39342805790059,389400
2017-10-18,102.45948028564453,102.78910919481488,100.83880365126775,101.02193470399315,407500
2017-10-19,107.78849029541016,108.1547454784144,100.94869972681427,101.43398487535684,703700
2017-10-20,110.59947204589844,110.69103408215443,107.55956633634479,107.81594283215578,576200
2017-10-23,110.75513458251953,111.20379347601904,108.04485763603941,109.86696810965806,557200
2017-10-24,111.24042510986328,112.26593818785103,109.54650280899541,111.02067480234317,373300
2017-10-25,110.72767639160156,111.49680599085207,109.793732308835,110.91080049073646,387100
2017-10-26,110.40718841552734,111.34113235186949,109.96768086647866,110.80091145410213,288200
2017-10-27,110.91080474853516,111.00237378735449,109.24435023378162,110.42551958003492,156600
2017-10-30,109.50071716308594,111.17632983175828,109.46409793365743,111.17632983175828,206900
2017-10-31,110.59032440185547,110.64526023175497,109.40000384436986,109.5922862347544,171500
2017-11-01,110.31564331054688,111.5059639224571,109.94938812775274,111.33199113883916,191100
2017-11-02,110.89250183105469,111.47850738906637,110.04096141304753,110.25156043502233,169700
2017-11-03,111.06644439697266,111.86304177436524,110.44381278786624,110.5903106446196,149800
2017-11-06,110.5262222290039,111.46932449757821,109.53733544835413,110.71850460539652,150100
2017-11-07,110.72767639160156,110.98405292468507,109.7571060918607,110.74598600722042,172100
2017-11-08,110.76429748535156,111.29536712831025,110.23322784239289,110.56285679417853,185900
2017-11-09,108.57593536376953,110.98405146584922,107.62367469216457,110.03179079424424,242900
2017-11-10,109.464111328125,109.94939651340104,107.59621604057672,108.12727876110803,148900
2017-11-13,109.96768951416016,110.37057088365877,108.40195553597609,109.09783963263658,269600
2017-11-14,109.65540313720703,110.75755700097801,109.36149497304655,109.76562132651348,191100
2017-11-15,109.1227035522461,109.7564459427109,108.08484177433664,109.07678455750134,258800
2017-11-16,109.71052551269531,110.67491554652845,108.53489267619456,109.2972195023808,302000
2017-11-17,110.50040435791016,110.69328096184923,109.25129272612193,109.74726413939,272200
2017-11-20,110.61979675292969,111.42804247978934,109.42579085415366,110.51876516115678,157300
2017-11-21,111.1708755493164,111.58418151719654,109.88502463866617,111.02391795617982,218000
2017-11-22,111.07904815673828,111.67604420330404,110.68410832176372,111.50154079296051,94100
2017-11-24,111.40968322753906,112.50265059533106,110.21567725435395,111.95157361052411,55300
2017-11-27,110.6749038696289,112.21792355656896,110.52794627690903,111.41885741263303,134400
2017-11-28,111.99750518798828,112.4108111953385,110.73920695405468,111.13414676417075,115400
2017-11-29,114.7345199584961,114.88147756042379,111.79543799318358,112.30058898333073,155500
2017-11-30,115.39579772949219,115.86421625575738,114.10994693606554,115.61622709177807,182100
2017-12-01,116.49800872802734,116.6449663798967,113.69669681070134,115.59791763597036,240000
2017-12-04,119.29928588867188,120.24530266759037,116.65411214697824,117.22355533030638,443300
2017-12-05,117.33377075195312,119.3084626577707,117.2235525542462,119.3084626577707,235200
2017-12-06,115.9377212524414,117.37052294215789,115.5978870279697,116.93884371324981,215200
2017-12-07,117.42562103271484,118.02262403435346,115.0192498367019,115.67135843601281,288000
2017-12-08,118.48184967041016,118.72983886126353,117.03986154773764,117.7195229093777,233800
2017-12-11,118.15121459960938,118.56452061836866,117.71953537578436,118.48186221754663,158700
2017-12-12,117.49911499023438,118.48187131698927,116.9480379204576,118.48187131698927,169400
2017-12-13,117.25109100341797,118.6379662835119,116.86533088536679,117.82053406954411,211700
2017-12-14,117.30621337890625,117.67359334228547,116.8653476125981,117.26028737982203,274500
2017-12-15,119.53810119628906,119.62995321536641,117.65526093705739,117.65526093705739,564000
2017-12-18,120.47490692138672,121.06272325114173,119.73095341189254,120.07078056693389,191100
2017-12-19,120.47490692138672,120.98006486445277,119.79523859665726,120.6677905049744,213600
2017-12-20,120.1075439453125,121.08111356518849,119.57483313139663,120.82394476049102,84900
2017-12-21,119.35438537597656,120.68615527685172,119.1339630012729,120.6677960887247,130600
2017-12-22,118.75740051269531,119.7493433354164,118.33490089732109,119.50135412607395,122600
2017-12-26,119.13395690917969,120.06160038946513,118.80330934938493,119.18906250003769,111500
2017-12-27,119.9238510131836,120.38308301244128,119.04211940816353,119.1247778045143,140700
2017-12-28,120.04325103759766,120.17183544669548,118.61044933203627,119.93303983398508,83900
2017-12-29,119.07882690429688,120.75961735191305,118.95024253197546,120.41061063540951,207900
2018-01-02,120.47490692138672,120.87903327583956,118.7390107276847,119.14313708213754,239200
2018-01-03,120.3463363647461,121.5035959552985,119.87792477170908,120.3647095687814,183100
2018-01-04,121.27397155761719,121.55870714917624,120.44735962370294,120.81473959107652,173700
2018-01-05,121.42093658447266,121.82506298211484,120.9433313859275,121.6781053803089,114500
2018-01-08,120.75968170166016,122.21085697095049,120.24534393829708,121.31994548274912,161600
2018-01-09,120.75968170166016,121.32913909508608,120.18105872520317,121.06277660106758,109100
2018-01-10,119.74015808105469,120.2636893356809,118.56452517534817,120.19021052724301,130300
2018-01-11,120.79637145996094,121.04434661298825,119.02372891273252,119.9146399830358,249100
2018-01-12,120.51168060302734,121.18215547123314,119.61157569540866,120.53003979446042,111500
2018-01-16,118.25223541259766,120.63105371679967,118.01343982713479,120.6035009190404,220200
2018-01-17,120.22691345214844,120.47490261800388,118.77575288884425,118.77575288884425,128200
2018-01-18,118.9961929321289,120.12589972170908,118.7390241347391,119.99731532301416,140900
2018-01-19,119.905517578125,120.53006657722813,119.28095456436881,119.60242267632977,209500
2018-01-22,119.39114379882812,120.25448821106299,117.60012773620181,119.33602418495673,349600
2018-01-23,120.41065979003906,120.41983938657883,118.51861180400658,119.41871679234717,181700
2018-01-24,124.53451538085938,124.60799417375756,120.40142787920229,120.85148023021111,314400
2018-01-25,124.78250122070312,125.26010635445567,122.77106311463487,124.83760681024258,256200
2018-01-26,124.60797882080078,124.91107354866892,123.20273036454986,124.81004197271288,148700
2018-01-29,123.78141784667969,125.08563526242148,122.62414404431033,124.09369229524093,184500
2018-01-30,123.86404418945312,124.81006090112825,122.10977474755181,123.47829102674893,117000
2018-01-31,124.21308898925781,125.57241192286878,123.30380449186508,124.02938495892808,153800
2018-02-01,122.5047378540039,124.22226112010812,121.84344262557522,123.94671910582132,149900
2018-02-02,121.68729400634766,123.31296511031488,121.1821360299817,121.66892080321225,155100
2018-02-05,118.95944213867188,122.53226596547547,118.0960838746971,120.64023267105222,270400
2018-02-06,118.0501937866211,120.98927620663459,115.32235419290456,116.74597640069794,282400
2018-02-07,119.84115600585938,121.00760898813806,117.71032721869354,117.71032721869354,143100
2018-02-08,115.55196380615234,119.83200978779077,115.44175260110318,119.83200978779077,192300
2018-02-09,118.35325622558594,119.07883652488215,113.77930301655505,116.53469465860843,295200
2018-02-12,119.28091430664062,120.5208463032622,117.15008513013301,118.87678790730772,224300
2018-02-13,119.79525756835938,120.47492600072638,117.8389387003357,119.51053595935328,150600
2018-02-14,123.3221664428711,123.38645163589965,119.01456799725757,119.01456799725757,302100
2018-02-15,135.01417541503906,137.65935558132625,125.48971051840606,126.85821257875028,660800
2018-02-16,137.21847534179688,138.00835470837316,134.09570427280838,134.78455206873033,417100
2018-02-20,133.38853454589844,136.88788045180692,133.03952772511587,135.2622091191508,498200
2018-02-21,131.91896057128906,133.360941455058,131.36787668337308,133.1864310900631,315200
2018-02-22,130.596435546875,133.14976507192682,128.41048612045486,132.58032171465197,293600
2018-02-23,132.4976043701172,132.6721147629455,130.1371593064408,132.35984038348832,174300
2018-02-26,130.90870666503906,133.0854624234804,130.49540056104604,132.83748716987586,200900
2018-02-27,129.09925842285156,131.57910766741864,128.6767729592567,131.57910766741864,240600
2018-02-28,126.77558135986328,129.98102567818455,126.67454976201797,129.0625617030992,242500
2018-03-01,127.61138916015625,128.9064267510658,125.4438135806698,126.42656276348639,191700
2018-03-02,130.8444061279297,131.38629660112056,125.54486417365938,126.38066989548624,287500
2018-03-05,131.8638916015625,132.57109883603684,127.86856734135849,130.15554789222242,229000
2018-03-06,135.574462890625,135.72142048469937,131.3036111708646,131.88223392373013,258000
2018-03-07,134.22433471679688,136.59397363008375,132.0108330091009,134.46313032276257,221100
2018-03-08,133.04869079589844,134.54579154652225,132.6445644081486,134.3253551492093,138400
2018-03-09,134.22433471679688,135.712241982139,131.79959020326015,133.27831787344365,201100
2018-03-12,134.11410522460938,135.5101602893625,133.06705691872097,134.21513681617085,172100
2018-03-13,132.58029174804688,136.6215279781804,132.47926014156107,134.47232545619073,330900
2018-03-14,132.41493225097656,134.09572278684317,130.95457808551166,132.85579097713372,189900
2018-03-15,131.04296875,134.4039977983968,129.55123258839023,132.37816591137906,191800
2018-03-16,131.88087463378906,133.28973914630475,130.57330167678077,131.05213576197096,496700
2018-03-19,132.08346557617188,132.54387921019327,128.30806815691278,131.14421782856968,227900
2018-03-20,133.0135040283203,133.51075865125415,132.0098056181859,132.0098056181859,126500
2018-03-21,133.2620849609375,135.49968783326315,132.58066792065432,132.75562729928816,138700
2018-03-22,133.1332244873047,133.740973931192,131.30999020635352,132.22160032147372,295700
2018-03-23,131.21792602539062,133.0043337225522,129.43151832822906,133.0043337225522,305700
2018-03-26,132.13870239257812,132.7648581404122,129.0447224574553,132.66358063771074,187300
2018-03-27,132.13870239257812,134.21976679360708,130.65617004760867,132.4241565747206,218700
2018-03-28,132.378173828125,133.29900144976094,131.28240076097836,132.13876370475685,200400
2018-03-29,134.6433563232422,135.03930528082844,131.3191695194613,132.59911878458976,212700
2018-04-02,132.15711975097656,136.0890416616246,130.09446182601627,134.55126196940668,297500
2018-04-03,134.71705627441406,134.7723036722869,130.47204124573972,132.49785878844358,275200
2018-04-04,136.2732391357422,136.66918813606884,133.3634214539235,133.41866884460075,259200
2018-04-05,135.94174194335938,137.85706445779948,134.93802948457622,137.13880622051332,304000
2018-04-06,134.55128479003906,137.00068885685405,133.09637592442812,135.40766151220504,208700
2018-04-09,133.9619140625,135.7114938717639,133.75012777715372,135.0300768028036,124000
2018-04-10,136.0154266357422,136.68762672923913,134.53289390304133,135.33400927543784,193300
2018-04-11,134.53285217285156,136.33766551761798,134.08164181130635,135.62862467824897,105300
2018-04-12,134.36709594726562,135.24187892900798,133.17923510691355,135.12218095407323,122300
2018-04-13,133.9619140625,134.744622668053,133.26209056921778,134.744622668053,123600
2018-04-16,135.09458923339844,135.8220366712232,134.22900926005798,134.75387355302811,145900
2018-04-17,136.0614013671875,136.4941912095707,134.7906695784954,135.98773351628122,231600
2018-04-18,135.2418670654297,136.954605975008,133.7501317105636,136.6875723074318,333200
2018-04-19,133.24366760253906,137.16639971840456,128.61190879448918,135.40761672986886,774000
2018-04-20,129.95635986328125,133.05954333266732,128.59352535831135,133.05954333266732,509100
2018-04-23,128.657958984375,130.88635880145355,127.37800992268551,130.88635880145355,345000
2018-04-24,127.70032501220703,132.54388567065087,126.2270097419516,129.57882059897307,345900
2018-04-25,126.16251373291016,128.41855132949553,125.69289697827853,127.27672068696975,267700
2018-04-26,126.3467025756836,127.12939724222257,125.01149193441502,126.79789889795089,315400
2018-04-27,127.93051147460938,128.85133864094456,126.32828119763893,126.33748441104758,231400
2018-04-30,127.8200454711914,129.57882912679884,127.53459123351169,128.16074710316906,224800
2018-05-01,127.17542266845703,129.30253087625502,125.0390971978356,127.55296512587461,252300
2018-05-02,127.65426635742188,129.03550701811432,126.77026615226781,127.18463554033423,209700
2018-05-03,130.3154754638672,130.98767541757618,127.20307488390469,127.35961382925014,301900
2018-05-04,131.9084930419922,132.37810984378223,129.41304521120753,130.03921499763524,269400
2018-05-07,132.34127807617188,132.74644426708304,127.54376248027515,131.89928498186296,142000
2018-05-08,132.5346221923828,133.03187663637559,131.67825983430225,132.16629701592544,283100
2018-05-09,136.66915893554688,136.82569785925642,132.50701643505215,132.5438573881054,454000
2018-05-10,136.60470581054688,137.40582089076523,133.17001061342017,136.6691564011348,268700
2018-05-11,137.84780883789062,139.03568362028705,129.2841143221603,136.24557873703864,258700
2018-05-14,137.17559814453125,139.4776656249044,136.67834370037593,138.4095029418421,203100
2018-05-15,136.03382873535156,137.53478190315138,134.68021132466205,137.16645656108682,226600
2018-05-16,137.4794921875,138.83310918151446,135.0761328359546,136.14429567013187,156900
2018-05-17,137.0638427734375,137.6364910765771,136.25107481905644,137.2393310876327,163200
2018-05-18,137.47024536132812,138.0521247482535,136.83295157434966,137.02691606771953,201200
2018-05-21,138.2923126220703,138.6525204565367,135.5030167113571,138.01522642020623,170500
2018-05-22,134.72714233398438,138.8187467044517,131.79006589474258,138.8187467044517,311900
2018-05-23,134.47781372070312,134.542459184592,133.35100678375764,134.14531308204397,214000
2018-05-24,135.3274688720703,136.14948198418327,134.27455304202468,134.45004136256287,181400
2018-05-25,133.66505432128906,135.4383866691618,133.1662962306167,135.24442205763523,147400
2018-05-29,132.49197387695312,133.78503752543065,131.51294862891837,133.1384986546003,229200
2018-05-30,133.19393920898438,133.66497571254132,131.7808015119447,132.66747421102272,257500
2018-05-31,132.0025177001953,133.50800854228527,131.54071207679976,133.24939852063892,151700
2018-06-01,130.9864959716797,132.98148467340482,130.95877468077714,132.87065588252648,284600
2018-06-04,133.57260131835938,134.1914189184571,131.559136359222,131.559136359222,222900
2018-06-05,135.06890869140625,135.56765254479083,133.43411290037628,133.43411290037628,122500
2018-06-06,136.63897705078125,136.73132967017025,134.08057131893557,135.12425597962118,176300
2018-06-07,137.2301483154297,137.98750214077384,136.30653715225668,136.71292831896287,202200
2018-06-08,137.71961975097656,137.92281527331554,136.42657014807736,136.6851800686572,161600
2018-06-11,138.0613555908203,138.26455111952018,137.13774467606976,137.85816006212048,92900
2018-06-12,138.80950927734375,139.17896218193093,137.68271667461786,138.05215548601777,131900
2018-06-13,137.87664794921875,139.0681140227323,136.79602477826467,138.7356135014245,168700
2018-06-14,139.7423553466797,140.18568470669103,137.78429032802256,138.4862437489923,157100
2018-06-15,140.37966918945312,140.68446257191968,138.5416778563445,139.28056962354933,357200
2018-06-18,142.2361602783203,143.15054066794434,139.65004545462153,139.95483891782956,184100
2018-06-19,142.78102111816406,143.3074861529319,139.93629754677204,141.17394699768423,212900
2018-06-20,144.87762451171875,145.48721116455172,141.42331423885093,143.15970745848946,211900
2018-06-21,142.60556030273438,144.83146662496625,142.41160984746247,144.48048986736623,133400
2018-06-22,142.2361602783203,143.57539403373104,141.43262284371227,143.021235631419,196900
2018-06-25,141.1647186279297,142.64250204076376,140.33347426645247,142.64250204076376,167300
2018-06-26,142.8918914794922,144.37890603907238,140.17647236259023,141.68194899862596,157800
2018-06-27,143.113525390625,145.28401693491298,141.22011997225252,143.0304037808061,214100
2018-06-28,140.5736083984375,143.13201512423618,138.32924016147552,141.19242615216595,194600
2018-06-29,139.92710876464844,141.4141234875251,133.98829500557295,141.02620844153853,208000
2018-07-02,141.43260192871094,141.59884519686295,138.10759563377152,139.20669532829845,138500
2018-07-03,139.4191436767578,140.47206015181615,136.0941509575593,138.61560623592678,150000
2018-07-05,140.87835693359375,140.98918572192864,138.02440288850963,139.49294070667725,198200
2018-07-06,143.30752563476562,143.61231903994224,141.16474075953226,141.16474075953226,121400
2018-07-09,144.36038208007812,144.8129423876199,143.37211168253023,143.8062099197282,164000
2018-07-10,144.8221893310547,145.46871413077696,144.21260276566642,144.86837269385992,153900
2018-07-11,144.5451202392578,145.2932428878229,143.68616878147873,144.82220635547813,132500
2018-07-12,144.2957305908203,145.228586642925,144.07407298888197,145.228586642925,119600
2018-07-13,146.11524963378906,146.53087174311415,144.43428503137648,144.43428503137648,155200
2018-07-16,145.5518798828125,147.09430883477256,145.02542884804188,146.44778383891924,204000
2018-07-17,145.73654174804688,146.3368972232026,144.96071205938458,145.56106753454034,221000
2018-07-18,145.46871948242188,147.00191698758493,145.0161450593747,145.9859393412277,207800
2018-07-19,149.2186279296875,149.8282147233046,135.43835008166369,142.5593988595624,489900
2018-07-20,146.6232452392578,150.530115796234,146.08754917176836,150.17915320201945,271800
2018-07-23,146.73410034179688,147.06660092281263,144.29576744541066,146.42007593005638,180800
2018-07-24,144.923828125,147.61153993895684,144.32347242491744,147.1312581975283,190000
2018-07-25,145.06234741210938,146.73408113642606,142.8179793538993,144.6467252635356,145800
2018-07-26,145.38560485839844,146.41081358957643,144.7298348746134,144.7298348746134,112400
2018-07-27,142.20838928222656,146.42005326090626,141.8943649191042,145.92130951319342,129700
2018-07-30,139.3359832763672,143.0119518292557,138.9018848940073,141.6542422662473,174600
2018-07-31,141.5433807373047,142.2083817612088,139.44677989546295,139.44677989546295,192400
2018-08-01,145.22860717773438,146.13374206439536,140.4997089987595,141.53416296241545,249800
2018-08-02,146.65093994140625,147.25128139882187,143.8985833610763,144.31420545414744,154300
2018-08-03,145.17324829101562,147.76860843510417,144.30506532237317,144.314296363791,118400
2018-08-06,147.001953125,147.31597753173082,145.14548570511678,145.14548570511678,141500
2018-08-07,148.23040771484375,150.4285933977592,144.88692465922242,147.4730395558447,173100
2018-08-08,148.94151306152344,150.11450304278574,147.54686544758468,148.22109756895256,99400
2018-08-09,149.01544189453125,150.668713993025,148.10107573861723,148.78453907242127,85300
2018-08-10,148.89535522460938,150.88111350024775,147.51916957885692,148.47971894503118,183600
2018-08-13,147.60792541503906,149.8585901634458,147.26523724703367,149.4140198194609,165700
2018-08-14,148.663818359375,149.3492089642323,146.0056385114174,148.11736573081214,126600
2018-08-15,146.8021240234375,147.73757726542814,145.9407681866493,147.73757726542814,129800
2018-08-16,147.23744201660156,148.0247146052605,146.5613226055142,147.62644280651355,115600
2018-08-17,147.8024444580078,148.51561974568153,146.45019130122986,147.03369963956632,119400
2018-08-20,148.6267547607422,149.3399300289992,147.53383553239433,148.40446251108574,90900
2018-08-21,150.0623779296875,150.75702538357845,148.48784652739576,148.48784652739576,162900
2018-08-22,149.10836791992188,150.77551018296597,148.22847000787138,148.96017309972012,85700
2018-08-23,148.2655487060547,149.46033606367516,147.73760987718737,149.07133519996992,123600
2018-08-24,149.08059692382812,149.41402823375319,147.9598929249408,148.3025811122448,100400
2018-08-27,151.2664031982422,151.40532700552467,149.34916986193096,149.59924684767492,171000
2018-08-28,149.41403198242188,152.72980314483016,149.2195244914867,151.22011240123018,132300
2018-08-29,152.2203826904297,152.35004962001466,148.19142273185327,150.21979509171717,163600
2018-08-30,150.9144744873047,152.21114405897325,145.19984322854515,152.21114405897325,114300
2018-08-31,152.1370391845703,152.4797415159423,149.08985877407463,150.54397999875175,121800
2018-09-04,153.90606689453125,155.85108514937892,151.04412317229725,152.1370282315439,150200
2018-09-05,155.16566467285156,156.49013272795713,152.77607652810283,153.23917467710143,203000
2018-09-06,156.73094177246094,157.4163321342606,153.64670634331375,155.43427258271478,171000
2018-09-07,157.37002563476562,158.25916621883172,155.99924485765868,156.73094789036105,174600
2018-09-10,158.212890625,159.0372049327702,156.2956571140684,158.37959920892266,156700
2018-09-11,158.87049865722656,159.82448000654014,157.3978494829625,157.90726042983826,115000
2018-09-12,160.8247833251953,161.0841172526891,158.09250607526045,159.10205701676412,195700
2018-09-13,160.43569946289062,162.890113626144,159.62064232220342,161.11181870043427,178500
2018-09-14,161.60275268554688,161.91767021944142,160.00969366047576,160.00969366047576,182100
2018-09-17,160.04676818847656,162.00104349286607,158.70378600473316,162.00104349286607,170200
2018-09-18,161.79727172851562,162.23258522188135,159.61144738427137,160.06528876510552,167000
2018-09-19,159.6670379638672,161.97327268174456,158.78715398371995,161.97327268174456,265400
2018-09-20,156.9903106689453,160.33388068271626,156.24009374643958,160.33388068271626,224700
2018-09-21,156.81434631347656,159.06501143243582,156.62910981737164,157.22187508449068,326500
2018-09-24,155.10086059570312,156.23080723980462,154.35990062417488,155.27682604622666,231000
2018-09-25,156.15675354003906,156.8699147516862,153.98944273959228,154.86006981109776,173300
2018-09-26,153.98941040039062,156.693902228024,153.81344495349143,156.693902228024,129200
2018-09-27,153.18360900878906,154.74888305294917,152.9428030530084,153.9152978842297,214200
2018-09-28,154.56365966796875,155.12864003695807,153.18362194499207,153.18362194499207,161700
2018-10-01,154.67481994628906,155.67511389096,154.24876332568132,154.9897233735084,312900
2018-10-02,152.1370391845703,155.526921926438,150.16425015662904,154.6099822604004,291700
2018-10-03,149.6084747314453,152.7204946052166,149.58068997537322,152.7204946052166,186400
2018-10-04,145.45916748046875,149.1546825805615,145.17204881814587,148.4044656544566,307100
2018-10-05,144.26437377929688,146.52429568892418,143.47711516824683,144.4866660455783,337300
2018-10-08,143.0417938232422,144.82934633583818,142.55091079477606,144.6533667345697,305200
2018-10-09,140.5133056640625,143.0788603126643,140.36511080224466,142.46758123978552,381500
2018-10-10,137.7161407470703,141.2542035374231,137.5401611752541,139.88343686466615,398400
2018-10-11,136.00265502929688,140.0593991586896,135.88225912603923,137.57718584017093,445400
2018-10-12,137.22525024414062,138.21627295815654,135.79889999622236,137.30860452115766,351800
2018-10-15,136.46580505371094,137.5587244019076,134.43743221765678,136.84554905544428,256500
2018-10-16,137.6050262451172,138.3181874028975,135.13206905533644,137.3549492230625,391900
2018-10-17,133.5852813720703,140.36504471546385,132.47384869700196,137.65128235010008,768400
2018-10-18,131.83477783203125,140.37430884098973,130.96415104959,137.54015042675084,808800
2018-10-19,130.6214599609375,134.03912648811516,129.4451867306932,132.47385251701138,617300
2018-10-22,130.9271240234375,132.71467629660745,130.2324767215586,130.7604013220161,442900
2018-10-23,129.43600463867188,130.98275162072682,126.73151164017085,129.16741378121878,698800
2018-10-24,128.62091064453125,132.3256968522644,128.58386900081456,129.3063011807115,450300
2018-10-25,132.27938842773438,133.3815503706063,129.18588143506665,129.59341014862986,459400
2018-10-26,130.67706298828125,132.84435944285462,129.70455382041763,130.50108338910323,331900
2018-10-29,130.69561767578125,133.75206963039778,128.97289123828028,132.22383658676944,415000
2018-10-30,132.91845703125,133.251888342586,129.89906147438973,129.89906147438973,429900
2018-10-31,134.9930877685547,135.92854078472664,133.73346044945708,133.73346044945708,321700
2018-11-01,135.57667541503906,136.7992476915495,134.72457615986153,135.42848055344996,245100
2018-11-02,134.37257385253906,137.06780873717395,132.62206324210683,136.2897930293766,315200
2018-11-05,135.4562530517578,136.71588099586944,134.0762150269336,134.43743113643274,233700
2018-11-06,136.20643615722656,137.38270950639097,135.45621935739186,135.47474724196317,233200
2018-11-07,137.04006958007812,138.74426811163974,136.50287379961284,137.14195178210844,304300
2018-11-08,138.28114318847656,138.6053034907206,136.53063233191946,136.91037629674906,215200
2018-11-09,137.03076171875,138.28113257718553,134.34479767135633,137.43829041728117,233200
2018-11-12,137.1326446533203,138.64234939507168,135.86376003438258,136.98444982891752,254900
2018-11-13,138.43856811523438,139.6148414245529,137.37344797694334,137.37344797694334,198400
2018-11-14,140.49163818359375,141.96874815026263,138.85661524869275,139.27465935516793,262500
2018-11-15,141.40213012695312,141.4578674780691,138.8659672486316,139.59988017250686,195800
2018-11-16,143.5573272705078,144.0218239003031,140.14792370884783,141.03046447039645,365200
2018-11-19,141.57861328125,143.97541837398455,140.65891872640643,143.55737410584504,292400
2018-11-20,140.96543884277344,141.78294325187363,138.61508708790066,140.04573043530988,254600
2018-11-21,142.27532958984375,144.0775790038577,141.0862192048825,141.81083290273972,195200
2018-11-23,143.23214721679688,143.88245371734197,142.08020486218234,142.28458447515774,120800
2018-11-26,143.4830322265625,145.01587988909472,141.95948357051867,144.7557628630859,255400
2018-11-27,143.95681762695312,145.36887733110746,143.10213125955215,143.10213125955215,146700
2018-11-28,149.7444305419922,149.82803653593834,144.30052930071142,144.30052930071142,233300
2018-11-29,148.97332763671875,149.86516721126384,148.12794055022553,149.18699207138644,138700
2018-11-30,150.970703125,151.16579796424182,147.42195592455886,149.3728334404097,214500
2018-12-03,153.05166625976562,153.28391461524325,150.06030630718843,152.41995753701747,146900
2018-12-04,148.4995574951172,153.2745816161277,147.29186359109994,153.04233333363632,306000
2018-12-06,145.39674377441406,146.4000582911678,141.49497454835856,146.4000582911678,273500
2018-12-07,141.58787536621094,147.19898878436732,139.96213705548828,144.50491382529503,240500
2018-12-10,139.9342803955078,141.1605443124969,137.453869718237,140.71463144952946,216600
2018-12-11,139.6927032470703,143.9289099800929,139.3489802984338,141.42063116978335,178900
2018-12-12,139.45118713378906,143.91964271255927,139.3768659675237,141.1698304373067,219200
2018-12-13,140.2130126953125,142.14532129729085,138.76378478765847,139.67420882221563,147200
2018-12-14,136.41336059570312,143.97536481581892,135.93029432903964,139.36756639721744,214600
2018-12-17,134.9641571044922,137.1101295441166,133.51492969982706,135.8838656537515,206100
2018-12-18,135.14991760253906,137.07294020029033,134.71328969412144,135.48435569887363,222800
2018-12-19,134.01657104492188,139.21893929947103,133.05970906074037,135.0849218665539,260800
2018-12-20,134.34170532226562,136.16253820569457,132.13069700138286,133.477734287302,324000
2018-12-21,129.6409912109375,135.78163622914687,129.34370661187452,134.0165408166577,473600
2018-12-24,128.76771545410156,130.50492776266697,127.92232845382232,128.47972990298192,163800
2018-12-26,133.877197265625,133.93293458401575,127.29063953666638,130.0497501994878,232000
2018-12-27,135.261474609375,135.31721195764533,131.09957305116956,132.7160270275963,240400
2018-12-28,137.34239196777344,138.84737103677122,134.73192257058258,136.078960274523,251300
2018-12-31,138.0948486328125,138.83804610926322,137.05438067096918,138.28994346331453,262900
2019-01-02,135.54010009765625,137.4909914573786,134.70401190081014,136.2368449867984,260000
2019-01-03,134.11875915527344,136.55273125809637,131.74983756338412,136.55273125809637,215200
2019-01-04,138.68011474609375,139.24680120999045,134.78763066174088,135.46580595767966,162000
2019-01-07,139.4883270263672,140.67743722002464,138.04839886825113,139.0516990767089,139500
2019-01-08,139.19105529785156,140.33371298480174,138.43857306070606,140.2872604889249,163800
2019-01-09,142.55401611328125,143.87318487106845,139.11674380915267,139.5069192860774,150300
2019-01-10,141.95947265625,142.6933853466683,140.10148594171167,141.83869898370463,134900
2019-01-11,141.039794921875,142.4797234550417,140.78896271677178,141.9502045501742,164100
2019-01-14,140.27796936035156,142.24743035434443,140.26868453171778,140.62169229884367,160900
2019-01-15,138.96810913085938,141.25343896470167,137.6582251306731,140.25940929531805,195300
2019-01-16,137.76971435546875,139.46047485326832,137.44456101823525,139.0981680197889,244600
2019-01-17,140.08291625976562,141.82014365260554,137.12872388930214,137.12872388930214,250800
2019-01-18,141.81082153320312,143.41799014795606,139.59982711906554,140.30585692374547,259500
2019-01-22,141.11407470703125,142.303184981056,139.14461347354884,140.93757788966147,240900
2019-01-23,141.420654296875,143.62237818485875,139.84136843028801,141.9408883070153,169100
2019-01-24,141.78294372558594,142.89774695362226,140.1479207266109,141.53212575705845,131900
2019-01-25,139.91567993164062,143.02781312232543,139.53478928078067,142.86058695901338,148100
2019-01-28,140.83541870117188,141.69009101061263,139.04245389498186,139.04245389498186,118200
2019-01-29,140.43592834472656,141.23486322304,139.26540178244528,141.19770972476888,115900
2019-01-30,139.9064178466797,141.80155822866573,139.12605258321253,140.63103159643742,318200
2019-01-31,139.265380859375,140.89111903928477,138.31780377971165,140.00857829096756,205300
2019-02-01,140.85394287109375,140.98400135062533,137.26802859222425,138.9495181726621,322000
2019-02-04,143.78028869628906,143.92891684245723,140.18507519396215,140.9747251234274,161400
2019-02-05,145.87051391601562,146.6044122952211,140.47306577780088,143.84530140102314,191000
2019-02-06,144.67210388183594,148.62962389890706,143.89175301309072,145.90766651167135,119700
2019-02-07,145.39674377441406,145.46178011291653,143.48301974582054,143.6595307499689,127400
2019-02-08,145.50819396972656,146.0655813252326,144.26333244094585,144.74641282263224,165300
2019-02-11,144.3470001220703,146.1492495997794,142.04308626638323,146.07492842617842,364200
2019-02-12,147.384765625,147.5427069433973,143.6595079932022,145.4431732375581,165000
2019-02-13,146.6230010986328,148.4995713655287,144.50489769849744,147.70063663212247,208300
2019-02-14,139.8227996826172,142.7026850606415,137.8254694262977,140.7517931367779,761800
2019-02-15,141.2069854736328,141.35562780778548,138.3271004945058,139.92497014836408,424500
2019-02-19,143.5294647216797,143.7988665413012,140.52882033444996,141.11407647371402,390000
2019-02-20,141.8758087158203,143.5386999090896,141.03042170387585,143.5386999090896,257300
2019-02-21,144.3470001220703,144.7557594892185,139.48835439702154,141.45783005916144,188800
2019-02-22,147.4591064453125,148.48100477250222,146.26999612384438,148.48100477250222,271600
2019-02-25,148.77828979492188,148.90834830605544,146.79954345948357,147.06894531279076,248600
2019-02-26,149.82803344726562,150.3389825808134,147.51483510191972,148.38809104374457,306800
2019-02-27,149.25205993652344,150.4969074977011,148.6389209853838,149.44714058214194,208200
2019-02-28,148.2115936279297,149.8652148412116,147.57060012020696,148.7689953110866,199100
2019-03-01,147.91432189941406,149.80946209087423,147.05964972088782,149.13130091639505,193700
2019-03-04,147.9329071044922,149.52147780498998,146.22354855630695,148.33236744339987,139600
2019-03-05,148.3973846435547,149.65151700715185,147.0967856077765,148.14655250071053,383200
2019-03-06,146.6044464111328,150.23681401278753,146.40006672879375,148.00723551948866,225100
2019-03-07,145.72189331054688,147.50555879086582,145.01586348770599,146.34431713633683,248100
2019-03-08,145.034423828125,145.13661365416942,143.21360496900365,144.73715335483084,172300
2019-03-11,147.31048583984375,147.52415034637048,144.66284905884143,145.16449924271154,260000
2019-03-12,147.728515625,148.36022425240589,146.14922988117274,147.31047148329756,159000
2019-03-13,149.4333953857422,150.19733854884646,147.44903382859877,147.6353569219893,242600
2019-03-14,148.22230529785156,149.20983060091558,147.75649040278043,148.92102764045828,193600
2019-03-15,146.2471923828125,148.96754876957402,145.8000142109506,148.5203705977121,394700
2019-03-18,147.9707489013672,148.1477608211799,145.9677364907207,146.5267200042828,359100
2019-03-19,147.07640075683594,149.48000749018573,146.8993888097823,148.8837649512144,171800
2019-03-20,146.47080993652344,147.46764623745398,145.87456754857755,147.16022097264891,158100
2019-03-21,148.83718872070312,149.56385891041174,145.81871692208102,146.05162439866825,125800
2019-03-22,145.53921508789062,148.855815051685,145.38083972057947,147.96145836386393,211900
2019-03-25,147.5235595703125,148.00799674920458,145.34353540313734,145.34353540313734,131100
2019-03-26,146.6851043701172,148.6974280840421,145.7255268447399,148.45520946155824,154000
2019-03-27,149.8433380126953,149.88061116649178,146.32177840270964,146.71306122431437,181000
2019-03-28,153.27169799804688,153.36485242399814,149.06072843928618,149.125949331437,297700
2019-03-29,153.6909942626953,155.02321827010843,152.9363762763374,153.71894202400154,278300
2019-04-01,156.35540771484375,156.49514647778054,153.6629985631177,154.65052372931237,186300
2019-04-02,156.24359130859375,156.70008067034965,154.55732995517926,156.14111149391704,323700
2019-04-03,158.13482666015625,159.30867493683297,156.61626573605434,157.2684036675414,177700
2019-04-04,157.90194702148438,159.45776715159474,156.80261641595808,158.45160521647588,219100
2019-04-05,158.68447875976562,159.14098240231993,157.25908654356277,158.24661169041806,211200
2019-04-08,158.30250549316406,159.04781204248218,157.641056414605,158.11618240971953,114100
2019-04-09,151.278076171875,157.41751414451986,148.79062590561855,156.9330625890724,599200
2019-04-10,152.62890625,153.476692748681,150.12281990529584,152.59163309866125,232300
2019-04-11,153.7747802734375,155.591455159449,152.41460901131182,153.0481103190329,241900
2019-04-12,156.5976104736328,156.85846561509695,154.1287978077977,154.37101637757465,196700
2019-04-15,158.76829528808594,159.12231904171537,151.85560620827326,156.60692227278403,180800
2019-04-16,158.9546661376953,160.24031976384381,158.33980129590185,159.30868999777496,250900
2019-04-17,157.59449768066406,160.88314968109705,157.25911038978643,159.56023709361924,303100
2019-04-18,165.7275848388672,166.51015027160508,156.29949807116208,159.16891887340694,448500
2019-04-22,165.9325408935547,168.61563856551746,164.04133403091225,165.71827007588897,379600
2019-04-23,166.25863647460938,168.14984355963517,165.4667455721721,165.51332989858736,258500
2019-04-24,167.1436767578125,168.5411212147498,166.1095672910573,166.5660567157111,227100
2019-04-25,164.65623474121094,166.57538960729616,164.2835743399308,166.4263254467841,199500
2019-04-26,166.58468627929688,166.70580267610796,163.3892035790185,164.89843898003258,147900
2019-04-29,168.63424682617188,168.72741546025932,166.21201871081306,166.9573251368995,167300
2019-04-30,171.17764282226562,171.42917260111926,168.66223130940296,169.07215064381143,237700
2019-05-01,169.1839599609375,171.7086684984971,169.07215472987082,171.41986556469533,206700
2019-05-02,172.3142547607422,173.73964722327187,168.68088999670084,169.08149820440553,345500
2019-05-03,171.8297576904297,173.20856545381983,171.32666976917375,172.13719714996634,228500
2019-05-06,173.1713104248047,173.45078792563967,170.05965683196283,170.05965683196283,354100
2019-05-07,170.18075561523438,173.7488982338914,168.960323269418,172.2862331250327,118000
2019-05-08,170.5441436767578,171.91364057794922,168.96968708861652,169.8733691041113,107900
2019-05-09,169.85472106933594,170.67454547767204,167.69333350294983,169.64976141336692,139000
2019-05-10,171.57823181152344,172.165163042996,168.38274891915157,169.8826732319389,124300
2019-05-13,168.2616424560547,169.8826832687059,167.59086792775358,169.31438857710472,122600
2019-05-14,168.01942443847656,169.98516370167692,167.4883886785666,168.65292581990468,146100
2019-05-15,169.65907287597656,170.87950541958162,166.74306757843408,167.3952054778177,136400
2019-05-16,169.99551391601562,171.9391758760824,168.481706169426,170.16372269819593,154100
2019-05-17,172.20079040527344,174.19117746201903,169.49088567088518,169.49088567088518,246000
2019-05-20,172.9203338623047,174.00430153172076,170.60289705003294,170.84584942065172,249700
2019-05-21,171.8270263671875,174.23791407047287,171.40651158956177,173.4903496707665,222700
2019-05-22,171.200927734375,173.67721940482454,170.72434817087463,171.5466703521274,175900
2019-05-23,168.98626708984375,170.41597726237833,168.3134606252859,170.07023464480957,131200
2019-05-24,169.78057861328125,171.07012687870449,168.6966109194068,169.6871277139935,182400
2019-05-28,167.60325622558594,171.46254628039983,167.57522381548424,170.37857889446354,200800
2019-05-29,165.57553100585938,168.35085423194596,165.0055147883459,167.4444347670703,143400
2019-05-30,167.20143127441406,170.86449438602858,162.6226237727974,165.6315593053801,170500
2019-05-31,167.99574279785156,169.60300102817317,165.54748365430248,166.0614349939872,162100
2019-06-03,167.60325622558594,169.4254341752022,166.45388463561278,167.58456319931773,178500
2019-06-04,173.97625732421875,174.2005309254679,168.3508668476201,168.3508668476201,231900
2019-06-05,174.42477416992188,176.5366300777022,173.910822834802,174.66772650170458,174300
2019-06-06,176.04141235351562,176.7515907430149,172.15408859723257,172.40639463056502,140500
2019-06-07,177.05996704101562,177.6954018372871,175.63025657266286,177.57391851036613,120700
2019-06-10,175.6395263671875,178.41483445951954,174.7144141640104,177.94760866654923,119700
2019-06-11,173.64920043945312,176.85436365203324,172.1540716774875,176.58337887146186,208300
2019-06-12,175.9946746826172,176.24698069843248,172.91098043371315,173.89215782090147,144000
2019-06-13,178.4990234375,180.37726680761952,175.47139385145408,176.31239494049726,132700
2019-06-14,177.20944213867188,178.9848948888645,176.63008657444962,178.60178048014507,119300
2019-06-17,175.20042419433594,177.62999102750825,174.5369569491185,177.62999102750825,151500
2019-06-18,174.9947967529297,176.62073379821072,173.3127806210844,174.6116680837254,137200
2019-06-19,175.4153594970703,176.76097288026517,171.9578893788441,175.04158433889765,169700
2019-06-20,177.95700073242188,178.49898448032465,175.3498722599,176.9945165317712,192800
2019-06-21,174.70510864257812,178.41486903987632,174.30328696827078,177.85420653480415,320900
2019-06-24,173.21934509277344,177.8168467550224,173.0137645329546,175.3498942958009,126100
2019-06-25,172.1820526123047,174.52753533457954,171.7335198212666,173.00437461137477,217700
2019-06-26,173.2941131591797,173.8921618433352,171.02340174013156,172.37835423063646,157200
2019-06-27,175.58351135253906,175.75172011384743,172.752123154858,173.79871900878643,153500
2019-06-28,178.4802703857422,179.47078688242303,175.29378674370213,175.29378674370213,420100
2019-07-01,178.79800415039062,180.3305045334218,176.96648660556463,178.73259993880544,189900
2019-07-02,177.40570068359375,179.34000872136542,177.18142709226467,178.98491243307888,203200
2019-07-03,180.65756225585938,180.7509988776207,177.639287033662,177.639287033662,85700
2019-07-05,179.9567413330078,180.59216175517219,177.06928850088278,180.59216175517219,132800
2019-07-08,179.19052124023438,180.18105239745853,178.3962455472897,180.18105239745853,130400
2019-07-09,172.4344024658203,177.86356555025853,168.13591815949604,177.4337256747885,465400
2019-07-10,171.03273010253906,173.35952046644928,169.45350411028951,172.98573115131674,354600
2019-07-11,170.41600036621094,171.91112921428405,168.4162737306113,171.1635647902475,176200
2019-07-12,172.8175506591797,172.9483733654273,169.26663029996615,169.26663029996615,189300
2019-07-15,173.27540588378906,175.6395822665576,172.2475173672765,173.10721138891768,235800
2019-07-16,174.5182647705078,175.3218941270863,172.94839212525147,173.1072472673114,229300
2019-07-17,171.84568786621094,175.36857529938985,171.7335582080377,174.44346284365008,266400
2019-07-18,176.29367065429688,183.15254308023717,164.37941083657736,166.95849253461046,865800
2019-07-19,178.70460510253906,180.90055874110166,176.28436359291317,176.28436359291317,426600
2019-07-22,175.46202087402344,179.1157166253698,175.32184454694786,179.1157166253698,199400
2019-07-23,175.91989135742188,176.6768092953268,174.23788951835218,174.99479319765413,306600
2019-07-24,175.1162567138672,177.6112554975858,174.75182109241433,175.8451279567729,141400
2019-07-25,177.48980712890625,178.69524388056644,175.35925780601477,175.36859719249398,139800
2019-07-26,179.9006805419922,180.34921345350887,175.1536632644114,178.16259946893547,174800
2019-07-29,178.7233123779297,180.20910212716947,178.30281176379353,179.92876363154264,138600
2019-07-30,178.62045288085938,181.6200493825054,178.20930607295827,178.3961935781138,152100
2019-07-31,176.95718383789062,180.30252395772268,175.82650481861918,178.67658648230642,173100
2019-08-01,176.65811157226562,180.11558030089958,176.27498292102658,177.0973050488367,223600
2019-08-02,176.52731323242188,177.20945913235053,174.7611996979459,176.09745908127223,160800
2019-08-05,172.798828125,175.48070027449776,172.02323140659195,173.97623228020808,191400
2019-08-06,178.89146423339844,179.40541560201015,172.56522122398573,172.56522122398573,147900
2019-08-07,181.88174438476562,182.74143855001057,177.21882357489991,179.7698879087469,190200
2019-08-08,184.5355682373047,186.84366570879823,182.21813137935112,182.21813137935112,369000
2019-08-09,186.28297424316406,186.89036221692785,182.8722165775433,183.18058738623358,167500
2019-08-12,182.2648162841797,185.97459086412374,181.52659141850302,185.97459086412374,200900
2019-08-13,184.1056671142578,186.5726188870347,181.05000624230217,182.77874748921727,236900
2019-08-14,181.3319854736328,183.98388907286025,180.25436321921893,181.6974413449881,221400
2019-08-15,180.9384307861328,183.75901421340717,179.46724167197266,182.2222234853472,249000
2019-08-16,182.6813507080078,183.89017608425937,181.40693802602814,181.40693802602814,238700
2019-08-19,185.7549285888672,186.04541729189097,182.87813814759565,184.89282800945128,346800
2019-08-20,184.69606018066406,185.7455714904581,182.56891237379583,185.7455714904581,153800
2019-08-21,184.61175537109375,187.36673748690959,183.84336707197073,186.2328932519246,156500
2019-08-22,186.9075469970703,187.28236839228336,183.90891864128722,185.12710962350914,166900
2019-08-23,181.11643981933594,185.72681108333077,180.71350758073,183.7027414654253,170700
2019-08-26,183.59033203125,184.04950042665573,180.86346114756347,181.5943729289713,156600
2019-08-27,185.2395477294922,185.97983926624767,183.36541221155633,184.92094812308773,232000
2019-08-28,185.07089233398438,186.1672599550266,183.57157811971877,185.23955767636625,211100
2019-08-29,185.84864807128906,187.38543860519695,184.2743668203117,186.4764817462708,156000
2019-08-30,184.02137756347656,186.92627913948562,183.5434638385169,186.4764906029234,150500
2019-09-03,182.62513732910156,184.5742400087197,180.76036731723374,183.43101618415022,267600
2019-09-04,185.3988800048828,185.86741393029467,183.33731929425406,184.13383268686252,201000
2019-09-05,190.14979553222656,190.81511995902827,186.48585701660846,186.9637707438316,175900
2019-09-06,188.8848114013672,192.07083701315514,188.3319303917227,190.15921020726353,207700
2019-09-09,182.64393615722656,189.23152337238645,182.43778004336042,189.23152337238645,268400
2019-09-10,175.9625701904297,182.17533356852493,174.93179000905764,182.17533356852493,257300
2019-09-11,175.625244140625,176.8434351318698,173.46998535588727,176.8434351318698,375700
2019-09-12,179.0830078125,180.35742044999023,175.90634889751962,176.60914966896235,245700
2019-09-13,178.04287719726562,180.81660410179265,176.5529428671016,179.95448916635084,236800
2019-09-16,174.55697631835938,178.68006862790747,174.45389829569473,177.58370109512109,203400
2019-09-17,177.99603271484375,178.66135717022502,173.92916173536184,174.54762993920576,193000
2019-09-18,177.32131958007812,180.5073583879292,175.42845309205427,178.39895603067484,176200
2019-09-19,179.86080932617188,180.73227558232392,176.65603892533628,178.211560723271,154800
2019-09-20,183.66529846191406,184.94907683992227,181.19143991171484,181.19143991171484,517500
2019-09-23,186.1579132080078,187.57288059533474,183.09369715887308,184.0026541694772,188000
2019-09-24,186.50457763671875,188.29438032209842,184.5461096336474,187.42289995180423,180300
2019-09-25,187.91021728515625,188.26630764836074,184.25565834155532,186.10168317418783,200900
2019-09-26,185.8673858642578,189.8311782711224,185.8205296190878,187.55409630223014,133700
2019-09-27,186.96376037597656,187.86333740347658,185.21143397086465,186.48584667525557,136700
2019-09-30,189.00656127929688,189.13775019163702,185.74556953075665,186.467115697887,181100
2019-10-01,186.6639404296875,190.67459027616007,186.09232838482225,189.66255513286475,209400
2019-10-02,186.23287963867188,187.1230912841837,183.66530844458094,186.7670009065704,189600
2019-10-03,184.69606018066406,186.6638938865279,183.65591440095062,186.21410536783318,151000
2019-10-04,188.96908569335938,189.3439070735485,184.8272479586373,184.8272479586373,125500
2019-10-07,188.95973205566406,189.709389218468,187.38546488244478,189.07218992412336,133300
2019-10-08,188.07887268066406,190.73076180631153,187.1324251107329,188.6785954632605,164900
2019-10-09,188.9784393310547,190.86194024053376,187.76962830227342,188.12570430148966,124300
2019-10-10,188.77232360839844,189.68128060571306,187.50729053582623,189.0534468351438,93400
2019-10-11,190.4683837890625,192.8297984987388,190.07481705386962,190.07481705386962,115000
2019-10-14,189.5126190185547,190.9369519449604,187.99455928334106,190.22478548175755,134800
2019-10-15,192.06141662597656,192.2769382097104,189.55943309483362,190.33720106054736,171300
2019-10-16,188.1070098876953,192.1832465542736,182.47522282248042,191.95835941590963,442700
2019-10-17,199.5673065185547,213.82947786388485,193.16713249814023,213.82947786388485,817100
2019-10-18,203.77476501464844,204.2807753227231,198.53654527596615,200.56061510530387,613900
2019-10-21,197.23403930664062,203.25939308586973,196.1283060943602,201.3196557510282,385800
2019-10-22,199.50173950195312,202.01308877463455,196.2313818572217,198.90201665002513,326200
2019-10-23,192.95162963867188,199.5111040859993,191.8365166948631,199.5111040859993,318500
2019-10-24,190.8526153564453,195.04130996678273,190.1123380150206,193.1578086561797,241100
2019-10-25,187.51661682128906,191.49915452085295,187.46039504741108,190.18726546863923,244200
2019-10-28,186.9824981689453,189.66251258651323,186.73886569408262,188.30376716783974,216800
2019-10-29,188.92222595214844,190.6745380348288,186.50458948864036,186.50458948864036,213000
2019-10-30,193.94493103027344,194.14170726852956,189.0065795342913,189.35330435637186,251500
2019-10-31,194.34783935546875,196.64366670765614,193.4107716357249,194.8538639313009,260400
2019-11-01,194.16981506347656,196.3719157002065,193.42952353268254,195.55667133199557,208600
2019-11-04,191.0212860107422,195.45361291605025,190.46840511506159,193.7013006206188,189800
2019-11-05,186.97312927246094,192.7735810027999,186.59830788734035,190.89944548015825,171100
2019-11-06,189.57814025878906,189.92485068866253,186.14846947644378,187.60092708849328,160000
2019-11-07,188.3412322998047,190.8713120975036,187.68527350536775,190.3278111441654,309500
2019-11-08,189.37205505371094,189.98115778896977,187.41358650636468,189.11905700686313,125600
2019-11-11,190.92755126953125,192.47370731500575,187.83522488006327,187.92893737310007,174000
2019-11-12,191.4991912841797,195.08816295707734,191.2649243157022,191.4335896697159,211500
2019-11-13,192.26963806152344,193.89513600632583,190.8320565509407,191.2642629159355,216100
2019-11-14,192.936767578125,194.42133196639736,191.54616858721553,192.5891214146743,150000
2019-11-15,194.7971649169922,196.55420588924662,192.5327337756007,193.7729937745139,546400
2019-11-18,195.93406677246094,196.79849387513144,194.22400851244691,194.84413133718292,197200
2019-11-19,195.51124572753906,197.45620306989275,193.6696302388308,196.18775636934168,204800
2019-11-20,198.0293731689453,199.65488560075,195.87770327506863,196.29112807073903,300300
2019-11-21,192.3730010986328,198.97836363945885,192.01594982493233,198.97836363945885,271800
2019-11-22,194.91925048828125,195.6803212009399,191.61186748227033,192.38234333371852,130700
2019-11-25,192.89915466308594,197.1273387014712,192.32600025328733,195.41726627524764,166300
2019-11-26,197.55955505371094,197.60653774616162,192.1286884272412,192.83338580268733,164600
2019-11-27,197.0803680419922,198.8562048730342,195.76493866237035,198.62130574545134,210900
2019-11-29,193.9796600341797,197.13670428579104,193.77294769400078,196.75146634844836,82600
2019-12-02,193.56626892089844,196.59177078406927,193.20923200175795,193.99848961725345,149300
2019-12-03,192.41058349609375,193.80118239835483,191.8280382134788,193.08709417008149,150200
2019-12-04,193.85757446289062,195.39851229010904,192.64548683843657,192.6924695351475,254100
2019-12-05,197.39979553222656,197.8132202239362,194.60919320028904,194.75014125633697,137700
2019-12-06,197.91661071777344,198.38640897852935,195.80251854437174,197.31526951749004,180200
2019-12-09,196.00924682617188,198.83742742398428,195.23877073422136,197.44682847373198,125700
2019-12-10,194.8253631591797,196.04682728463138,194.3649556581159,195.1636185128557,106000
2019-12-11,195.2105712890625,196.03742082917134,194.13004100677918,194.8347384092523,256100
2019-12-12,194.95689392089844,196.7045440827616,194.1770270615455,195.20118386329233,185400
2019-12-13,193.02134704589844,194.55289428529505,191.59317035615405,194.52470753070193,199400
2019-12-16,195.7367706298828,196.31931593411613,193.18106673044332,193.8293763413935,138100
2019-12-17,199.0347442626953,199.19447396004074,195.5676306059633,196.30051478771574,171900
2019-12-18,197.29647827148438,199.1944673045303,196.18776123150565,199.1944673045303,181500
2019-12-19,199.43878173828125,199.72066360348794,195.45490107866536,197.4844189665175,241700
2019-12-20,202.11660766601562,203.02801743592,200.19983707662087,200.4535178138977,341700
2019-12-23,197.57835388183594,202.52062638574117,197.39982825018052,202.52062638574117,153500
2019-12-24,200.4253387451172,201.02667996650894,197.3152764436799,197.3716499430126,85600
2019-12-26,199.8522186279297,200.58510291944893,196.9300722676539,200.22806591659858,110200
2019-12-27,200.45352172851562,201.38372746134505,199.35419550086561,200.36896148110532,124900
2019-12-30,201.95687866210938,202.54882905863636,199.04412371008422,200.3877541913698,120100
2019-12-31,199.55152893066406,202.46426976555378,199.14749494053785,201.66562126408186,167200
2020-01-02,200.89511108398438,200.9608897161167,197.63471031388625,199.4199521391879,157000
2020-01-03,202.05084228515625,202.65218352296213,199.12869634743404,199.8052070321039,193300
2020-01-06,202.08840942382812,202.3326993433841,199.07229846268547,201.8347143638749,137200
2020-01-07,200.15286254882812,201.71258193695402,200.09648904935565,200.53808624092525,267000
2020-01-08,201.1676483154297,202.26697467446905,200.38778137619175,200.63207134360925,220100
2020-01-09,201.5528106689453,203.5071728244684,201.101808429087,201.76892815515268,170400
2020-01-10,203.93003845214844,204.76627884731892,200.91394141420693,201.853538008201,188400
2020-01-13,203.52601623535156,206.0723292813342,201.36494122896033,204.29647797742834,236900
2020-01-14,202.59584045410156,204.31530417449338,202.0226858806376,203.39450340203118,152000
2020-01-15,203.92063903808594,205.87500159153365,201.85352948599308,201.85352948599308,164200
2020-01-16,205.25485229492188,205.68707299269488,203.7045238067477,204.3434425441198,123300
2020-01-17,206.54212951660156,207.5286944674722,204.8414476437127,205.33943268997706,158400
2020-01-21,206.0441436767578,206.93677196657134,205.15152972405141,206.3730082400688,186300
2020-01-22,207.26564025878906,208.0079297079549,206.12873623862544,206.50456919764795,159000
2020-01-23,207.444091796875,209.32328459462698,206.57966483036145,207.24678458188885,213300
2020-01-24,206.66427612304688,209.8871000227039,206.4105810182845,208.07367106956065,167700
2020-01-27,208.19580078125,209.88707740221122,205.01995992283975,205.01995992283975,176100
2020-01-28,208.0830535888672,209.40787379835473,206.495133161163,207.85754526058375,103800
2020-01-29,211.89779663085938,213.13805649666202,207.9608851888959,208.51524365666296,215000
2020-01-30,210.4414520263672,211.60655697381492,208.57164962765566,211.00521572222075,177700
2020-01-31,206.0535125732422,210.8454460571613,205.58371432949886,210.4884091411475,187800
2020-02-03,207.5756378173828,208.85348951241073,205.968935980102,206.49510767738937,187700
2020-02-04,209.38912963867188,210.45086415693385,206.4857649490536,210.00925256242294,127100
2020-02-05,210.30052185058594,210.65755881607126,207.90454760808475,210.65755881607126,140200
2020-02-06,212.160888671875,212.63068691324892,209.00384391635822,209.7273372224633,116100
2020-02-07,213.20388793945312,213.71126384270397,211.52200183895982,211.79449290729139,156100
2020-02-10,213.80519104003906,214.66961811817492,212.00116744169833,213.00652826302286,180500
2020-02-11,215.4401092529297,216.00387297694238,210.8172954621898,210.8172954621898,251700
2020-02-12,213.4575653076172,216.10723480750337,212.583747283468,215.51528431559106,243900
2020-02-13,214.35951232910156,219.79976892822785,206.72058935822696,207.2655569657815,386400
2020-02-14,219.44276428222656,219.68705420957727,212.5649110567795,214.48169593542414,310500
2020-02-18,221.74478149414062,222.60920858290243,218.27766799802845,218.6910927659374,287700
2020-02-19,219.3675994873047,223.8400737370061,219.19846465932295,223.00383341220402,229600
2020-02-20,218.33401489257812,220.2789863581316,216.7273130478287,218.94476116606413,203700
2020-02-21,215.3555145263672,217.69511496831188,214.84813872565033,217.69511496831188,106800
2020-02-24,211.0052032470703,213.73941830011938,206.89915659123403,211.92600384789188,161800
2020-02-25,204.37164306640625,213.91794757849954,204.12735312161186,212.09512795404052,196800
2020-02-26,206.7206573486328,210.54482266149594,204.66295269303072,205.11395507837156,242300
2020-02-27,203.3192596435547,209.19173700552378,203.0843605490759,204.40919488284086,324000
2020-02-28,198.21728515625,200.4347334832472,189.19715296643994,198.4239831973732,462300
2020-03-02,198.1796875,199.6830476002539,191.1984925474276,197.8884148856381,366200
2020-03-03,202.3421173095703,204.05217552906555,197.3810488065988,198.23607074779383,257000
2020-03-04,213.79576110839844,214.1809990779174,204.55954100242315,205.48034147106304,341100
2020-03-05,212.9501495361328,214.0212889693772,207.66021666941558,210.35686836541083,290000
2020-03-06,211.3246612548828,212.2548526537467,205.01996216307953,208.79714426831512,254800
2020-03-09,200.15286254882812,208.6374183099715,197.78507521124453,199.99313285462088,325500
2020-03-10,203.60116577148438,205.13271263850504,189.526014361564,203.197131825372,323400
2020-03-11,195.32110595703125,202.50846051664928,192.96613730249067,199.38106961768514,447800
2020-03-12,176.08572387695312,186.52294754048353,174.45608945806075,183.056440294101,390200
2020-03-13,194.1812744140625,194.36025431278807,176.43423594661414,180.38116529695523,380700
2020-03-16,161.5791015625,176.1610628500144,159.52557587910752,164.49926832405177,563900
2020-03-17,170.70700073242188,172.6098197838274,161.74870347876143,162.84139821378704,486200
2020-03-18,176.5472869873047,180.73912828486863,156.2286250691856,158.80966149526944,619900
2020-03-19,182.62310791015625,190.43219215839312,167.73028817053063,176.60380849574088,561400
2020-03-20,158.04666137695312,186.48526626157235,157.9241984025777,182.04849881845806,648500
2020-03-23,159.4879150390625,167.86218405919456,151.04771436252724,158.64013196559986,546700
2020-03-24,170.546875,173.74962741254052,162.54939429751124,165.47897660296925,449200
2020-03-25,164.88546752929688,175.10603652891663,159.2994891683793,170.64101109581918,383800
2020-03-26,174.26768493652344,174.9365023760641,160.89146550800524,160.89146550800524,329700
2020-03-27,176.1328125,179.23195931467058,169.57658778093864,169.57658778093864,343600
2020-03-30,186.8432159423828,187.57796500147236,176.18932583840908,177.0936401122973,242100
2020-03-31,185.3549041748047,186.1838434892026,180.814517041076,184.94042733081068,273100
2020-04-01,183.6969757080078,186.11789046266088,177.15016551091702,178.9870382462751,337600
2020-04-02,181.91664123535156,183.43324185065447,172.50619428339988,181.1536335769328,306900
2020-04-03,167.92813110351562,179.5616691749613,165.96879519837333,179.5616691749613,314800
2020-04-06,184.6107177734375,186.37224428266734,170.73524505508323,170.73524505508323,346300
2020-04-07,180.46597290039062,193.10744384063986,180.18337376639383,191.0539179225353,246800
2020-04-08,187.5591278076172,189.91409650874564,180.48480700391912,181.47388235952246,328100
2020-04-09,187.89820861816406,193.07913878849305,185.0910904777534,188.8496106204064,309400
2020-04-13,179.45802307128906,187.34246776432082,179.09064854248024,187.34246776432082,147000
2020-04-14,184.00784301757812,184.83679665414505,181.4738942296454,183.77234613206156,314800
2020-04-15,180.37179565429688,184.7426178833542,178.9965017005249,181.37972936402605,333000
2020-04-16,184.9592742919922,186.48528963152623,181.1159630909524,182.09562388795922,238700
2020-04-17,187.24830627441406,188.24681089620987,180.277603326095,188.0490015364305,357400
2020-04-20,180.4848175048828,184.87446849525773,177.51754814466642,184.87446849525773,301000
2020-04-21,174.04159545898438,178.97761485365032,172.5626826420909,178.4595188833038,218600
2020-04-22,179.3732452392578,182.17094906472167,172.40254398557207,174.8140295139047,339400
2020-04-23,192.542236328125,199.36223089910183,180.49422271037082,188.39749714047,635200
2020-04-24,201.11431884765625,203.50696062572754,191.4401037946422,195.84861249704377,428000
2020-04-27,209.7052459716797,210.8167986605446,199.91799673333125,201.80197167332972,436100
2020-04-28,207.88722229003906,216.5535043575953,207.3785409942178,214.31156952298048,304600
2020-04-29,205.08013916015625,210.56249985043914,203.95917154838605,210.56249985043914,318300
2020-04-30,199.38108825683594,202.8004932888523,198.95719673410872,200.26655885349555,361300
2020-05-01,203.48814392089844,204.79750597189624,194.9914126401851,196.6964077166367,310900
2020-05-04,202.34829711914062,204.33589097081193,199.56002265692018,203.02652915018584,371400
2020-05-05,208.98934936523438,212.28630564742141,202.1505252229612,207.0582720966642,459100
2020-05-06,209.42266845703125,212.84207331709715,209.3567224325331,210.84506441132731,240400
2020-05-07,206.0126190185547,211.68338657218237,205.24961160761254,210.0631672711459,159900
2020-05-08,211.61746215820312,212.17324564418354,208.01907779001485,209.30959591930505,207500
2020-05-11,214.51878356933594,216.40275834291816,209.73348591960666,211.37254914711446,399800
2020-05-12,208.73501586914062,216.49699838551157,208.3864850783378,215.33835773408364,234000
2020-05-13,203.8084259033203,208.0567845586996,201.63243697316045,208.00026760574832,274100
2020-05-14,205.63137817382812,207.123706529585,200.8332166496394,202.07053507814885,240000
2020-05-15,210.59950256347656,211.84626074101303,202.85444596901354,202.85444596901354,365500
2020-05-18,216.82386779785156,221.73536571929196,214.40590047727918,215.95491169278475,525400
2020-05-19,216.3043975830078,220.9892204727734,216.21939429005533,220.12026429407157,190900
2020-05-20,217.9856414794922,221.38591732607975,216.46496456091046,219.59133610340612,187100
2020-05-21,225.12620544433594,225.90070386035225,218.18398206818654,218.18398206818654,567100
2020-05-22,224.96560668945312,225.910126017723,221.53701132814388,224.79560012823072,370800
2020-05-26,229.3482208251953,234.24082468090518,227.72364621072086,234.07081809698775,372700
2020-05-27,240.3518829345703,241.2491735943604,226.69412436085852,229.57491177363642,369200
2020-05-28,244.7533416748047,251.87502674736425,242.78872498091707,247.31298143879303,562300
2020-05-29,254.09463500976562,255.55865758415078,241.74033217079122,241.74033217079122,601600
2020-06-01,252.90460205078125,256.1159632399227,250.28826405528716,256.1159632399227,331100
2020-06-02,251.08164978027344,254.54804963242407,246.76521681925013,253.61298438821143,473900
2020-06-03,254.5385284423828,255.41695340669818,251.3932914667897,252.5739407379417,223600
2020-06-04,248.21029663085938,254.52913462487987,245.79232892763062,252.6023067029652,188800
2020-06-05,244.47940063476562,249.3909130967304,240.6163197066521,247.64354642327496,429100
2020-06-08,241.19252014160156,245.24450279197669,237.31998410487196,245.24450279197669,357700
2020-06-09,247.9269561767578,250.88330732264797,240.01189123115037,240.37081331364152,328900
2020-06-10,247.79466247558594,250.55264289419952,246.89735754434034,249.6364579523543,260600
2020-06-11,237.66941833496094,248.94698213935948,237.2821619267511,245.5750410046217,239900
2020-06-12,238.65171813964844,244.7816543129322,235.553695620759,242.1181026527893,216200
2020-06-15,240.97523498535156,242.0708809294226,231.32224573055686,232.26676511429628,271200
2020-06-16,248.76751708984375,250.78877355949268,242.62814116491944,247.73799443213585,244400
2020-06-17,250.6849365234375,253.35791415970536,248.58810197532296,251.194985149857,210100
2020-06-18,250.43931579589844,252.5644844683924,247.82300740700606,249.98596492674446,168900
2020-06-19,251.80892944335938,254.26468615185047,250.75107211033566,252.77232905212375,388600
2020-06-22,255.73814392089844,257.627183178522,250.13712061546147,252.07340314919654,256300
2020-06-23,251.31771850585938,258.27885095223354,251.0249197870538,258.27885095223354,225400
2020-06-24,246.79351806640625,253.0273527798616,242.5998490132335,249.9954243103652,289100
2020-06-25,249.26815795898438,249.60817116133,244.66835236129734,247.02965123686147,212100
2020-06-26,246.4629669189453,253.04627022319397,245.3106517595755,248.20087966637217,397400
2020-06-29,251.0438995361328,253.03682227058857,244.92340149352165,246.4157587636072,190100
2020-06-30,256.7864685058594,257.94823767154634,250.35429410260815,250.73209607394318,260200
2020-07-01,257.768798828125,259.2327924019424,252.9045295713903,256.7676105471056,244500
2020-07-02,255.22804260253906,260.6873637779546,253.6034680231189,259.2233701850668,203900
2020-07-06,254.3213348388672,259.40285446158236,253.72628293015134,258.8361369854507,166100
2020-07-07,256.805419921875,259.2894819869019,253.60348499072654,255.22805967884057,152500
2020-07-08,255.77581787109375,258.32603154039174,253.6317694120731,256.27641195291096,392500
2020-07-09,263.64373779296875,264.98493936745695,254.9258122610026,255.99312392874705,302700
2020-07-10,263.03924560546875,264.3238072083082,258.2033100230255,258.2033100230255,191700
2020-07-13,260.9518737792969,269.8870211191186,260.75353273426146,265.42888745680096,321900
2020-07-14,265.7688903808594,267.6106860339826,259.79952047322837,259.8373093224896,245000
2020-07-15,271.5965881347656,272.5222276810032,266.6945293090427,270.4726075516377,255300
2020-07-16,267.8656311035156,273.40995378616765,264.8904016081184,271.53036994079173,318700
2020-07-17,278.0570983886719,278.57657256324507,267.99794305393965,270.21756955560465,311600
2020-07-20,284.63092041015625,285.79266079779893,275.9413306001847,279.42660941200063,340300
2020-07-21,279.9745178222656,287.7573502499814,279.2850081243923,287.72901581442227,320200
2020-07-22,285.1504821777344,287.0961903890415,280.54122158317864,280.588464861279,426700
2020-07-23,283.9037170410156,301.0278637112556,280.68293024884605,294.6901446331022,826500
2020-07-24,287.3889465332031,289.6746964747182,278.718264180246,281.4668194668596,468200
2020-07-27,293.1127014160156,294.1989218177999,288.163428836991,289.6557856749588,286100
2020-07-28,289.61798095703125,293.7455260194123,288.2956595951445,293.7455260194123,240600
2020-07-29,296.531982421875,297.1364600637396,290.4870330565001,290.4870330565001,317700
2020-07-30,297.4670104980469,299.1482542634086,293.0277567681558,293.60392872326776,371900
2020-07-31,299.12933349609375,299.1954279536996,294.85066136676215,298.21314843939837,284100
2020-08-03,304.3431396484375,309.434085855459,300.23447317826697,300.23447317826697,307200
2020-08-04,306.7893981933594,308.09283980748506,302.4446024210902,303.6535863136438,230800
2020-08-05,309.79296875,309.8024231696524,303.71971475024344,306.05267927282216,166400
2020-08-06,310.3219299316406,310.89810192626544,306.336055721389,309.54744569913396,130500
2020-08-07,310.3691101074219,312.74928884487275,307.95114251953447,309.0845486126051,156800
2020-08-10,307.431640625,311.4836373217676,303.76690037938715,311.4836373217676,197400
2020-08-11,298.6381530761719,306.8743638412315,297.4291693319634,306.8743638412315,475500
2020-08-12,306.9273986816406,308.3467818325045,297.8622843308566,300.66319232954925,337100
2020-08-13,302.9057312011719,311.81946768495885,302.65972449150837,305.42277344021403,203300
2020-08-14,302.1581726074219,305.4038205317582,299.9723257296107,302.6786013393149,130100
2020-08-17,308.5075988769531,312.2169321735324,302.61241825687097,303.91825512595966,213900
2020-08-18,310.4190368652344,314.31763292374467,306.97468261999296,310.49475345991914,255200
2020-08-19,308.03448486328125,311.98038214740836,306.88005224889525,311.4788679964205,152000
2020-08-20,308.0061340332031,310.9679180684109,306.3028858567999,307.9115027173089,229000
2020-08-21,315.453125,315.661302321268,306.89896899528856,307.53297275287474,259400
2020-08-24,316.7305603027344,318.46219471438104,315.0840853987997,317.6673437649843,265700
2020-08-25,317.3739929199219,318.32971992659395,314.5636137799553,315.81267759269986,177000
2020-08-26,317.79986572265625,319.72076293198626,315.8505820078651,317.9039399502067,177400
2020-08-27,318.57574462890625,323.7612045414465,316.6832342661009,319.64498872686147,233600
2020-08-28,313.11578369140625,320.5438914533349,311.53555396245554,319.2191401866485,185900
2020-08-31,310.2203063964844,316.3520505890369,309.0942603798015,312.96444074605927,233900
2020-09-01,312.18853759765625,314.0715762610238,310.8921436779753,311.989803207991,314600
2020-09-02,312.15069580078125,316.3331279591746,307.741142738969,314.35545789297765,252000
2020-09-03,293.0363464355469,311.22337520526844,291.33309837640485,310.43799598000504,316700
2020-09-04,279.14532470703125,296.9633000153164,275.7104132097404,291.70212264628606,667500
2020-09-08,277.3663330078125,282.06922273418434,270.5627554808247,274.14907094781626,350900
2020-09-09,286.16650390625,288.1820031802579,280.91477033695566,281.47305742721136,271100
2020-09-10,284.046875,288.81600922642593,282.2111376276929,287.60480374260214,253800
2020-09-11,284.179443359375,289.08103965435635,283.2615744187961,286.55452489959185,206000
2020-09-14,291.80621337890625,293.09310672285386,284.7187704386011,287.19795469864493,361600
2020-09-15,291.90081787109375,296.6983098437956,290.73691356574955,295.9318454331159,237400
2020-09-16,284.08477783203125,294.95724239053027,283.96176001809243,293.1404483186654,262900
2020-09-17,287.9360656738281,288.13477122347615,277.6124157256207,281.36905084379543,258600
2020-09-18,285.06890869140625,289.27972786019023,281.387961354631,287.08443729715486,534600
2020-09-21,284.34027099609375,285.0405196166517,278.72898350155407,279.2588842062115,258200
2020-09-22,291.35198974609375,292.9511634509981,285.58929865884613,286.9897668441679,286200
2020-09-23,290.7653503417969,293.39593912799575,288.61736103740225,290.48148528039576,244900
2020-09-24,293.43377685546875,296.8781311611423,288.0684965517788,289.76230163917586,231600
2020-09-25,298.16510009765625,299.55609677371035,290.1029851272916,292.19423047775535,204000
2020-09-28,307.7222900390625,308.4414245587816,298.53412864424325,303.43575392001725,308400
2020-09-29,310.8826904296875,312.6900413207919,307.30584694102583,308.11014075633955,319200
2020-09-30,316.560302734375,320.66704787545507,310.9016848117515,310.9016848117515,336800
2020-10-01,310.63665771484375,320.37363186537885,308.4129522063752,320.09920977009966,380600
2020-10-02,305.4417724609375,309.69992153522315,301.9311443212829,302.68816592760885,729800
2020-10-05,310.1352233886719,311.7249256123019,304.03186419206685,305.6499818014926,670600
2020-10-06,310.3811950683594,313.7876908804189,303.8614825079147,310.0216134514952,8139000
2020-10-07,313.8161926269531,316.0493417795601,310.13524481512223,311.3653654327547,547600
2020-10-08,322.5311279296875,324.4520250523464,315.11248977054214,315.11248977054214,410400
2020-10-09,327.9248046875,331.2272557443538,325.1049820136894,328.79537238112783,454100
2020-10-12,333.7347717285156,334.472849680131,328.3505769603838,331.17987096200613,281300
2020-10-13,333.07232666015625,336.3936913343566,330.23356133244016,334.88914917595685,389000
2020-10-14,340.94525146484375,343.9070352318433,333.5076985233307,334.1700599197629,382300
2020-10-15,341.0114440917969,343.8312660276566,334.19839529072175,336.1760651383106,330500
2020-10-16,340.12200927734375,344.41801644946383,337.53872189777474,341.64546645785,291000
2020-10-19,334.5485534667969,342.32677327398255,332.7601459462613,340.8506172998382,281500
2020-10-20,336.5168151855469,340.8885105477563,334.2741944901867,334.6337761654201,267300
2020-10-21,336.8385009765625,340.6519086881694,334.88921736481825,339.60157916420917,411300
2020-10-22,331.43536376953125,351.22156395496165,328.3032612904533,346.319939951198,511500
2020-10-23,342.2700500488281,343.4528693589609,334.0376449767586,334.5202156186441,314500
2020-10-26,343.0648193359375,343.25408193138776,337.7752561079225,339.29874203226933,357800
2020-10-27,347.2662353515625,350.22801916368263,342.5349586874526,347.2757071456655,333500
2020-10-28,343.3487548828125,346.897212397357,338.3903572791759,343.51907391292957,306800
2020-10-29,341.2574768066406,347.63522738245064,340.41529584803897,341.70218901218396,350500
2020-10-30,331.02850341796875,340.17880555295545,326.21206704942205,338.39984083676944,326500
2020-11-02,338.0876159667969,341.09670135075487,330.83929579415513,334.4918279500115,337300
2020-11-03,344.60723876953125,347.94751873179786,338.6837003906821,340.8222176733688,256000
2020-11-04,356.89910888671875,360.66518633750627,345.3831696739902,348.72344958450765,433000
2020-11-05,363.28631591796875,370.08986436661667,359.00922385203467,360.47593676605146,326600
2020-11-06,362.3116149902344,370.45885722278814,360.4191048639366,365.5099328466508,440100
2020-11-09,304.97802734375,356.2650687057422,303.6722194764395,353.1140517204635,975500
2020-11-10,322.0318908691406,323.06516510469623,305.70799786228673,305.8881128044871,566100
2020-11-11,328.06097412109375,331.52102708111494,318.543434566314,322.85664691066484,496600
2020-11-12,321.8612365722656,332.487872582833,319.4344584295585,331.1796816139799,272500
2020-11-13,322.904052734375,326.8475750977296,320.6384114079731,322.69550009734,265200
2020-11-16,323.065185546875,323.50126855531136,316.1830064774862,320.5625828660468,381100
2020-11-17,312.3058166503906,326.6863712892886,310.12548861830425,323.93728970311594,420800
2020-11-18,305.66058349609375,314.89371547644197,304.8358619567537,312.9788444433826,552300
2020-11-19,321.0270080566406,322.64801337339827,309.4429227147405,309.4429227147405,546000
2020-11-20,322.18359375,323.42542070529197,313.6614311492984,319.0079176943866,431900
2020-11-23,316.7422790527344,325.92802535646433,315.87014202343073,321.5673980689059,541300
2020-11-24,311.1967468261719,320.1360152988475,308.44766473235717,315.3393332437784,417600
2020-11-25,316.23040771484375,320.10756597403,312.3532494556575,313.1779711608595,449100
2020-11-27,325.2644348144531,326.3071978963022,316.3820432040042,319.03632293100264,310800
2020-11-30,328.09893798828125,328.77201147658366,320.00336767883573,326.0892642547048,3029300
2020-12-01,334.72515869140625,335.3602765958133,324.32602151787614,328.0988891784915,744300
2020-12-02,321.4820556640625,334.1562910682025,318.1357541050125,332.44997264304936,413100
2020-12-03,313.0546875,322.7049541962838,311.45263080846127,319.529278491125,486300
2020-12-04,307.3952941894531,312.37208929591174,302.29528845730624,312.37208929591174,467800
2020-12-07,315.282470703125,317.5860099046843,307.53764245850317,308.35287535604846,344000
2020-12-08,321.47265625,321.8233973293654,312.86517971034067,317.17839238659496,355000
2020-12-09,317.4722595214844,324.4777079869791,316.7897261725423,320.38250789332665,307100
2020-12-10,314.1543884277344,318.98899714208494,312.9315101749874,316.60014493322825,324000
2020-12-11,320.2118225097656,321.8517768742864,313.0926246256248,314.1258988642218,292200
2020-12-14,328.5444641113281,330.09913476364886,320.7048333941146,321.7949832674194,354100
2020-12-15,330.63946533203125,334.8104897127667,327.9188207384227,328.94260632307686,276000
2020-12-16,334.5734558105469,337.0476208602628,329.12267846141367,329.9758378258163,288700
2020-12-17,337.61639404296875,338.66864607579805,332.11823035431655,334.27958085124317,294800
2020-12-18,345.40863037109375,347.28560402993566,338.0524419342583,339.55972575499135,637400
2020-12-21,343.17144775390625,346.0058425215118,334.4312442185124,341.6736528378247,309700
2020-12-22,350.4897766113281,351.57992642850945,343.1620246212376,343.17151349261286,204400
2020-12-23,346.4988098144531,352.347743863226,344.12890652442064,352.12970234592893,138900
2020-12-24,345.74993896484375,347.77856112464207,342.39414782763555,345.95849161019527,83200
2020-12-28,343.8824768066406,350.69832139048555,342.1382313524689,349.5607561714893,153400
2020-12-29,345.09576416015625,348.23351306148396,338.9908924110498,344.9725245894342,187300
2020-12-30,348.1672058105469,349.8640645437581,343.94876668754983,347.10549384210685,147300
2020-12-31,353.1155700683594,353.65591493073424,345.6930461164314,349.2952873399669,272600
2021-01-04,338.31787109375,358.96446392906586,335.2085307275394,354.3668465332711,314800
2021-01-05,338.29888916015625,341.29444984965215,335.37918156276214,337.97658584241964,214800
2021-01-06,351.10589599609375,351.60831430655503,331.0185945887099,333.87196723783853,362400
2021-01-07,365.8656921386719,380.40741567813495,351.7884604001435,355.0873473610417,446800
2021-01-08,370.64337158203125,378.6820936504434,367.3539447834981,368.5768229348617,333400
2021-01-11,365.2021179199219,372.40663012033264,364.3205207885907,369.45845521527167,357500
2021-01-12,364.965087890625,367.57198137555804,362.424558637475,367.57198137555804,257900
2021-01-13,354.2720642089844,366.5102468895523,353.80757247397617,364.9650654900594,293300
2021-01-14,347.617431640625,355.1063203694371,346.77373216990424,354.8977677194431,261300
2021-01-15,340.6972961425781,346.76424286737205,338.43168360769874,346.0153742460621,298000
2021-01-19,341.8633117675781,345.7120325960077,337.3699841538762,340.9058615312719,319400
2021-01-20,347.1812744140625,349.20043624630745,339.16153136790723,342.1286543285693,360300
2021-01-21,347.6268615722656,352.9449392232774,344.1099334382071,346.3565969699544,229100
2021-01-22,350.091552734375,352.0254017062534,342.6595403071228,342.6595403071228,233500
2021-01-25,349.74078369140625,354.3573497931777,345.948939148911,352.14861307614456,199600
2021-01-26,344.7545471191406,351.5798798228295,344.6028698446718,350.77410695886203,212800
2021-01-27,336.2039794921875,345.3138742778851,329.90004223252726,341.26608968429974,365000
2021-01-28,343.7876281738281,346.09116705335936,334.1658273344328,338.1946626208849,285200
2021-01-29,335.7489013671875,345.09581413466685,335.3412849815221,342.01494013837015,301600
2021-02-01,341.0954284667969,342.1760892628778,335.54036042438617,337.63537564405124,205600
2021-02-02,338.70648193359375,345.00095738390627,338.70648193359375,345.00095738390627,392600
2021-02-03,336.384033203125,342.2234775902329,334.5165485063884,341.44614247333186,322600
2021-02-04,340.3086242675781,344.2237091393616,336.0522872074906,338.00508520807534,316700
2021-02-05,340.6214294433594,343.2662203940951,338.1662133772266,340.3180749126183,248100
2021-02-08,340.6972961425781,344.02464966759493,340.35604395000405,342.06236277184223,418700
2021-02-09,341.5409240722656,345.4654681122426,339.33215843598464,342.2803325974484,545200
2021-02-10,332.29827880859375,343.910801819312,331.03747439549505,342.223432285954,446700
2021-02-11,312.72296142578125,341.2565728905279,311.6991470399887,332.83867207171124,966100
2021-02-12,320.2591552734375,326.91383138022627,314.48607599350373,314.48607599350373,859800
2021-02-16,315.9839172363281,326.19347862380425,313.11159574689634,323.44439672812575,562900
2021-02-17,312.9883728027344,318.3064214298761,309.4429781218256,314.2301997027098,401700
2021-02-18,313.2347717285156,313.63292810982324,310.9312332544911,311.24404768093,264500
2021-02-19,309.1111755371094,315.23502572170446,308.48554660270753,312.78926962385,363400
2021-02-22,298.0675048828125,309.0543743625257,295.3563490847057,308.1538283635579,580700
2021-02-23,301.68865966796875,303.26227877202433,289.5737163772088,294.5789504849059,534300
2021-02-24,311.30096435546875,312.5143534251563,298.53192698274796,302.314282573126,654200
2021-02-25,306.1820068359375,311.0261040559214,304.0206562587198,309.59467325509246,460000
2021-02-26,317.3489685058594,321.0934269120032,308.7888798113438,310.7132399386541,677100
2021-03-01,316.8086242675781,322.7523301952837,315.45301785222506,317.5764704759116,604000
2021-03-02,313.4908447265625,317.216326063795,310.0592001777742,314.8843491336286,515700
2021-03-03,313.87005615234375,317.9083524409106,311.2821108615562,313.10220965728934,311300
2021-03-04,306.75079345703125,316.16404221870727,302.4565299271485,314.4008480876548,382700
2021-03-05,313.0357666015625,313.61400908062564,297.5840097258249,307.85041738254336,301300
2021-03-08,311.2535705566406,317.2541810301538,309.7937022383094,311.72755114692535,230800
2021-03-09,318.9985046386719,323.3685928704569,313.01687043151406,315.6142754480809,345200
2021-03-10,325.9019775390625,327.42131084012516,321.4388562737718,324.6010042064043,284100
2021-03-11,329.35858154296875,330.8969257349218,319.9670719730949,325.22782426271147,242800
2021-03-12,325.1802978515625,327.19344070501415,321.93266037592235,325.53164442775943,221700
2021-03-15,330.05181884765625,330.460139075933,323.41410841709853,325.05692356406655,255300
2021-03-16,326.6331787109375,334.14450129895636,325.2942422440526,332.35925267644313,249100
2021-03-17,322.1036071777344,326.81360447064804,319.72010726481074,326.37679756728875,356100
2021-03-18,319.89105224609375,323.7084544978261,315.51341966876254,319.3402981938484,303900
2021-03-19,323.6229553222656,330.79243691239026,320.802648377482,322.26503726944384,1289900
2021-03-22,319.27386474609375,323.4425852105061,314.88672629264914,323.4425852105061,329000
2021-03-23,323.72747802734375,325.17085664556987,317.0613100804856,317.57407216755956,321300
2021-03-24,322.9582824707031,327.383412585414,318.49516032211915,322.94877721737714,226200
2021-03-25,318.3526916503906,321.11602497938395,315.93122863005584,320.01448795281624,307600
2021-03-26,324.6295166015625,324.8669160710176,316.7288842824615,318.60906953371233,400100
2021-03-29,326.1678466796875,332.83401247410853,321.79018596843105,325.6740373012257,340000
2021-03-30,325.1138916015625,326.53828872852284,318.3432526213683,322.75890689849234,274600
2021-03-31,327.8392028808594,331.4192058727816,326.1679301138348,326.1679301138348,199400
2021-04-01,333.8501892089844,334.43893535589564,328.0196433449385,328.31401641839415,179600
2021-04-05,339.0064392089844,341.1145476371921,334.13499750465115,334.87568268324156,305900
2021-04-06,339.690185546875,342.9472996150976,335.3030475807907,340.4308708011564,318800
2021-04-07,338.67413330078125,342.6624566385404,336.89838961249177,340.0320515354224,164000
2021-04-08,342.5769958496094,342.87136892164904,336.6609896681235,340.52586061965326,227200
2021-04-09,350.866943359375,351.77857827238057,343.64051674462786,343.64051674462786,227200
2021-04-12,352.4718017578125,353.13653199309834,349.51856569462,351.7501269365847,184000
2021-04-13,351.77862548828125,355.56751260964455,351.5886942777216,354.0956471558261,224500
2021-04-14,349.1672668457031,353.52591907014386,347.77135634406363,351.3228443092886,161900
2021-04-15,355.5579528808594,357.9794450370496,349.17665350813786,351.9874843007217,278100
2021-04-16,362.9458312988281,364.77857740175716,355.0546745017156,357.07732281061993,290500
2021-04-19,363.6485900878906,366.2409742549701,361.50248919049704,362.7464603355969,251200
2021-04-20,366.6017150878906,369.00419630201776,363.92384240448183,364.8259718834606,242100
2021-04-21,366.2314147949219,372.36580877885984,364.6930419384192,364.6930419384192,262100
2021-04-22,389.77197265625,405.1934633161015,388.74641960485036,392.2694199412714,849700
2021-04-23,398.3847961425781,403.1612723042788,390.55061365803715,390.55061365803715,348400
2021-04-26,392.4212646484375,398.43220557014615,388.385474267903,398.43220557014615,327400
2021-04-27,400.4360046386719,403.579171870651,392.71576784358996,395.3651545214055,290700
2021-04-28,394.3585510253906,401.7464221093417,393.04810118360245,397.62517037669636,206200
2021-04-29,400.2080993652344,402.53459713962286,395.0422837891087,402.53459713962286,222000
2021-04-30,401.22406005859375,403.04730062205425,398.01444377303284,399.7806818062807,211700
2021-05-03,407.24456787109375,409.7230336199874,402.1737182340618,403.57913364971915,279000
2021-05-04,409.4191589355469,409.4951430016215,403.10433823145837,406.4279311261818,232900
2021-05-05,419.3044128417969,420.5768704484097,410.7200403987059,414.3950083202572,332500
2021-05-06,412.93267822265625,419.6178559675381,407.29206402844807,418.4688215720821,221600
2021-05-07,421.6309814453125,422.7704815608788,413.38844948096323,413.38844948096323,144400
2021-05-10,422.5330810546875,426.78729015564926,420.586416916514,423.5966260850708,193000
2021-05-11,416.75006103515625,419.7697756578643,411.97358435276425,416.59812188075557,274100
2021-05-12,398.6032409667969,415.3066652705846,397.72009285734663,413.18905142967037,269100
2021-05-13,413.084716796875,415.43970175491614,401.28118930247575,402.19282442762415,222300
2021-05-14,416.5665588378906,417.51790641475856,412.1998769440059,413.90279723579016,176600
2021-05-17,414.47357177734375,418.57387711717473,410.1925080926442,416.1859856380951,199600
2021-05-18,406.3205261230469,422.25559686830815,406.1492905396318,419.90576736426124,302800
2021-05-19,407.0149230957031,416.4713180568747,399.3661113218755,403.26664125500224,237800
2021-05-20,408.8226013183594,410.89653205110545,404.61763228852374,407.88074748263665,276200
2021-05-21,408.36590576171875,416.2145224711752,407.77607496941096,411.5338800954581,210400
2021-05-24,409.78338623046875,412.8847881694327,408.36588783808526,410.5920373594844,151200
2021-05-25,408.7559509277344,410.7537863894489,406.10168339955896,408.8035066873479,200100
2021-05-26,408.7274475097656,412.8277530770592,405.28357406650036,409.4409581634639,174000
2021-05-27,410.4778747558594,412.1141934886896,406.1397328191132,408.63225842815024,766100
2021-05-28,415.3107604980469,417.2325011261607,409.4219168528505,409.4219168528505,286700
2021-06-01,417.384765625,420.3529656526453,414.3404415268464,419.03057848120676,204900
2021-06-02,419.1446533203125,421.54206751291775,415.7769041981241,418.44066548677375,285100
2021-06-03,417.07073974609375,420.1531253998875,414.5021189062243,416.02425168563354,198500
2021-06-04,416.7283020019531,422.80739794005706,409.63122815271936,420.47661378914546,195100
2021-06-07,414.359375,419.30639341002467,410.6491257088917,417.2039236505334,157500
2021-06-08,418.5928955078125,419.0019679605453,409.45046006668025,414.67334849512713,168000
2021-06-09,412.52325439453125,419.4015065392052,411.21039033902497,418.2408615514348,148800
2021-06-10,408.1280517578125,414.7113888170179,407.1006092970587,413.4270639664608,182200
2021-06-11,410.6205749511719,411.7907427471869,405.3406083038851,407.5096792927967,161500
2021-06-14,409.9927062988281,415.9862129075327,406.63445081931377,415.9862129075327,179600
2021-06-15,413.27490234375,413.6173735340035,405.7878015954181,408.62279877970684,168400
2021-06-16,411.476806640625,415.7673931185109,409.0794214134595,413.53172070654745,208300
2021-06-17,415.29180908203125,416.7093078603019,407.3195107345379,410.4494527874018,224000
2021-06-18,420.5146179199219,423.00717279555624,409.2697123631438,412.69454018918753,443200
2021-06-21,430.8652648925781,441.45376691668014,420.87611642196435,420.87611642196435,476400
2021-06-22,437.39154052734375,440.4738971695173,428.4108177095123,435.2605023624336,279400
2021-06-23,432.7679748535156,439.9316204153736,431.93078440263463,438.54266118522384,192100
2021-06-24,436.6970520019531,437.99089972935434,431.75955603856886,434.71826193000237,223700
2021-06-25,433.59564208984375,439.9696819892334,431.87370542767366,438.3238403530546,299700
2021-06-28,434.3282470703125,436.78271113572595,432.58726468133455,435.821840756751,222500
2021-06-29,442.4146423339844,447.27601404416714,433.52906031243356,433.52906031243356,371600
2021-06-30,436.34503173828125,444.80249560423965,429.8568350597371,443.3279186467617,431900
2021-07-01,439.57012939453125,439.9792309111237,434.8895156480262,437.19176048960935,193300
2021-07-02,444.1175537109375,446.0107550339305,440.15045077765507,441.09227553984886,202000
2021-07-06,441.9294738769531,445.5350892013625,433.13903185246375,445.27820678322934,223200
2021-07-07,447.4377746582031,449.34996343998995,441.4918526305102,442.6905307689739,283800
2021-07-08,445.963134765625,451.18605202110217,439.931595401944,442.8141770211181,357700
2021-07-09,453.06976318359375,453.49788120864457,446.80990886816664,447.59002085332304,249700
2021-07-12,452.375244140625,455.3815056257125,449.1787015486656,451.1765370395376,249800
2021-07-13,447.97052001953125,453.8403178960883,446.83841416034545,451.04335389490245,232200
2021-07-14,445.963134765625,450.05394623023255,442.8332225511691,449.0455202534139,236600
2021-07-15,437.4485778808594,445.48744616473596,435.2890006552279,443.8225881787899,249200
2021-07-16,436.5638732910156,442.2243735621934,435.6030030143311,439.3513145305757,224100
2021-07-19,431.455078125,434.33765969077257,421.1710146787171,431.5502186750321,363900
2021-07-20,430.4942321777344,435.9834963630751,428.7437564012972,432.301786476993,364300
2021-07-21,435.4222106933594,435.4222106933594,430.5988722206658,433.2150776719964,275200
2021-07-22,428.6011047363281,433.9571963000504,421.34234703012993,428.1064144425668,606400
2021-07-23,439.87457275390625,440.9020443912938,425.27138169942947,432.0164325091516,346700
2021-07-26,444.24127197265625,452.95561956686794,440.4644207984849,440.4644207984849,332100
2021-07-27,448.912353515625,449.78760601606774,439.52255805693306,444.27929569824187,237500
2021-07-28,444.878662109375,450.74846026955913,442.30051836266415,448.9123664549682,168500
2021-07-29,454.5538330078125,455.2863891785176,445.40187451942353,447.00013138361646,176500
2021-07-30,454.5728759765625,460.85177537372033,449.2167848290321,449.9017562002279,270800
2021-08-02,453.32666015625,458.77786339526824,449.0455958996849,455.9999446249458,191800
2021-08-03,457.0654602050781,461.98391122096984,453.43130527052153,455.5908829835614,186200
2021-08-04,463.2777099609375,465.50385970736437,456.71341778052664,456.71341778052664,219500
2021-08-05,463.12542724609375,471.12626239469154,460.70899671164466,463.2586298183571,203800
2021-08-06,457.683837890625,466.3791693556662,456.76102950793273,463.6202379417766,147900
2021-08-09,461.7840576171875,462.6783265644904,455.8191194129113,457.5125167536468,154600
2021-08-10,460.6234130859375,466.60739682778893,458.56849905774635,461.5557440624602,154900
2021-08-11,460.4233703613281,464.2541066219656,456.7546145676545,462.4054354756651,166800
2021-08-12,461.9099426269531,463.9587193374205,459.16552231041777,460.9570205215381,175600
2021-08-13,462.3672180175781,463.8537738263696,460.09925928648477,461.0331331995432,96900
2021-08-16,470.1717529296875,470.65775250099165,456.63073818668437,461.0141856125693,180300
2021-08-17,457.39306640625,465.62632725386493,455.4300492198822,465.349971704073,306100
2021-08-18,454.2007141113281,462.57687677989287,452.0566398092487,457.39297925195126,179100
2021-08-19,461.56683349609375,464.67336858260717,450.693989774169,453.162054312637,188400
2021-08-20,463.52984619140625,468.5993982623369,461.4334352186236,463.14868320370687,204000
2021-08-23,452.5426330566406,463.92052358724044,452.466412095412,463.92052358724044,203800
2021-08-24,455.10601806640625,455.44908511115517,450.1508410759926,454.22934610480564,221000
2021-08-25,462.186279296875,463.74908554305705,455.6968819422878,456.4115735371179,117300
2021-08-26,454.9917297363281,461.95758816732837,454.16269213769516,461.95758816732837,147000
2021-08-27,458.26971435546875,459.9563757963433,451.503962459681,454.8582373708829,146000
2021-08-30,468.2944641113281,470.4671251666938,459.34654141203987,459.6800699372101,156700
2021-08-31,471.0293273925781,473.13530592587944,464.02537404017374,468.59938795368737,329800
2021-09-01,468.1038818359375,471.0293302576439,457.8694798398272,471.0293302576439,211100
2021-09-02,473.8500061035156,475.4604466204451,468.73281958321917,471.1913455636037,164900
2021-09-03,473.4974365234375,474.8696174779708,465.9026468600517,472.71603348755093,113500
2021-09-07,467.93231201171875,474.23114122457105,466.8174096152759,474.126304687997,131300
2021-09-08,473.9739074707031,477.2710095867111,464.1111585397735,467.2272031416979,161500
2021-09-09,468.4945983886719,472.8589684681363,462.69127766452516,472.8589684681363,232600
2021-09-10,470.2003173828125,475.28891761013807,468.1420022772303,468.51365583336053,198600
2021-09-13,456.37347412109375,472.48736156553355,453.07634265044425,472.2300830624656,291200
2021-09-14,452.3329772949219,461.62396616463354,448.63563553280517,459.3369593359554,218600
2021-09-15,454.686767578125,458.15541793043775,449.1788790835604,450.9894252310221,214100
2021-09-16,448.5308837890625,456.26860621227956,442.3559384118821,456.26860621227956,249100
2021-09-17,442.1939697265625,449.15982779828767,440.14519307267994,447.01575312032065,372300
2021-09-20,440.74554443359375,443.44233041614007,431.1115154103457,437.3626824174434,196700
2021-09-21,438.0868225097656,444.77632419023007,435.1136815709111,444.128344237771,254400
2021-09-22,434.532470703125,443.90922052859275,433.5795486182497,440.40247423566154,226400
2021-09-23,444.4142761230469,446.9204659046204,433.6367294742903,433.74156602758075,220700
2021-09-24,443.57568359375,444.72874023287176,441.22196492538694,444.12839467781424,157700
2021-09-27,434.3037109375,442.6036528589504,425.717874986675,442.07001890116135,238900
2021-09-28,423.173583984375,430.7302774569078,418.5233491070326,430.7302774569078,202300
2021-09-29,425.79412841796875,428.50996195935994,423.8978229262402,424.84120640912073,157100
2021-09-30,413.9588317871094,428.7672471757687,413.3108518342601,427.70948867900074,321900
2021-10-01,416.80810546875,419.60016014015156,405.6589347553317,413.9588777999109,259100
2021-10-04,415.39776611328125,418.28511857583237,407.06920815697873,416.36019754688414,354000
2021-10-05,419.6764221191406,424.59350360464015,416.4079063222762,417.9135104323805,281700
2021-10-06,420.19097900390625,423.14501401985655,415.84565689174514,419.0474609403386,222500
2021-10-07,431.2353820800781,435.0375320131833,422.935409519903,425.08902280575956,251000
2021-10-08,425.5082702636719,435.1423270495018,423.8311181953549,432.2835609771646,139500
2021-10-11,424.5458068847656,430.7779250235814,424.11700942529546,425.9466034141125,97500
2021-10-12,420.105224609375,429.86316672465546,418.56149545457447,427.88107246399505,198900
2021-10-13,419.6382751464844,425.54640344154086,418.666305132379,422.3636473097226,180000
2021-10-14,431.5497131347656,431.9404145825878,418.54233571115236,421.1247457794856,254400
2021-10-15,431.88336181640625,438.54427808963936,430.87326670169455,432.33123637337275,182200
2021-10-18,438.7825012207031,439.3352123229819,428.83399218843164,429.7678663138382,168100
2021-10-19,442.6417541503906,445.3766353076684,438.79194159197215,442.1462161583867,148200
2021-10-20,442.0033264160156,447.32064733409464,439.2112720022206,445.4433898757704,200700
2021-10-21,475.82257080078125,476.66114688657075,439.7830797313675,440.8217613118968,393000
2021-10-22,479.39599609375,490.71674340314667,474.0024830622061,477.6997960646834,317500
2021-10-25,484.6752014160156,492.6797697850731,478.48120818049955,479.53896676277225,182500
2021-10-26,479.9106140136719,486.24754003922885,475.74634917061655,485.856838496124,227200
2021-10-27,476.25140380859375,484.97063516776046,475.5652987364794,479.6342656158574,150700
2021-10-28,482.7884216308594,489.91625966166185,477.4139275297893,477.4139275297893,162600
2021-10-29,490.9072570800781,494.5760415661522,481.41619147067547,481.41619147067547,206900
2021-11-01,490.70709228515625,495.6241431794175,486.0472907267831,491.7171870661576,212100
2021-11-02,491.14556884765625,496.9584287307895,488.03909156342394,493.5088552772346,235600
2021-11-03,492.11749267578125,494.5665091513734,485.2564718470594,492.60349219296484,236300
2021-11-04,497.5872802734375,499.58845143410235,493.69940026629354,495.5003787006234,155500
2021-11-05,493.5849914550781,503.85751876232854,492.4796275015378,499.4741007290467,175300
2021-11-08,496.0721740722656,497.07273058636144,490.79294872369576,497.07273058636144,167900
2021-11-09,502.3043518066406,504.0890541485639,492.3596371217564,496.24400641043286,199900
2021-11-10,502.50482177734375,504.9576080428551,495.87180780656666,500.4242611331452,246300
2021-11-11,528.6549072265625,529.5806944420981,508.43141083645446,508.43141083645446,399200
2021-11-12,545.2232666015625,546.2062567838753,525.5246676094434,529.848018622248,270200
2021-11-15,543.8870239257812,551.312137542416,541.6251274213218,542.7417458630932,211900
2021-11-16,547.5614013671875,555.2156172579722,542.3504764301554,542.3504764301554,279300
2021-11-17,546.86474609375,552.5242643118632,541.3674576505108,549.1266427394816,189700
2021-11-18,551.4934692382812,553.5645345915096,546.8647074928169,547.7331755512994,164000
2021-11-19,550.6821899414062,555.7118362091753,550.0904737041692,555.2823497140828,203200
2021-11-22,533.7131958007812,552.715106546535,532.1098298501952,550.6822540508565,238100
2021-11-23,535.9560546875,537.5212660932773,529.122599160454,531.890349615761,200400
2021-11-24,542.5319213867188,544.12573449918,532.4249175599646,533.7515320778255,129200
2021-11-26,533.6847534179688,544.001695524085,531.9668649770957,540.5468122231395,88900
2021-11-29,534.5530395507812,543.5911300185497,530.6114099137553,538.6378507804505,180800
2021-11-30,528.8458862304688,536.6814387901319,521.0580997090243,531.5754240583418,487000
2021-12-01,527.0324096679688,546.6355874885754,526.4789062576986,534.4671336481417,313500
2021-12-02,531.3081665039062,534.4099295778677,525.8585864096619,527.9486998572434,204600
2021-12-03,519.9890747070312,532.2910986443524,513.8523051698073,532.2910986443524,213900
2021-12-06,522.957275390625,524.5606413415885,512.983902291177,523.9784782420815,229100
2021-12-07,537.4830322265625,538.4374208632742,525.7536168518294,529.8288749709914,219100
2021-12-08,539.0100708007812,540.2221047176341,527.3283636019694,537.7979786326708,158300
2021-12-09,524.3314819335938,540.2411210060897,522.6613021543508,539.0099808821255,166000
2021-12-10,537.0057983398438,541.8541085674523,527.3856035315447,527.7387226410083,205000
2021-12-13,536.5572509765625,540.3365923292217,530.6781849260309,536.1468708928775,209200
2021-12-14,533.2169799804688,535.7938411286481,527.7769527234822,531.5754011207622,287300
2021-12-15,541.6631469726562,542.4839070500005,525.476756325969,533.5795048539035,424300
2021-12-16,526.402587890625,545.3853916299546,517.2977413748478,544.1064852413767,348100
2021-12-17,515.9807739257812,528.0824168988366,511.7909931206751,526.4694974995571,604900
2021-12-20,513.7188720703125,516.0189234211317,498.62998764701115,511.7050674546566,440800
2021-12-21,516.7632446289062,522.2509787847739,505.7018557172229,518.9392202296242,404300
2021-12-22,524.0834350585938,524.522474800528,514.4536281144694,518.9965273308646,221200
2021-12-23,524.5797119140625,532.6920149309192,521.5638113482685,521.5638113482685,246600
2021-12-27,535.3261108398438,535.8987789793151,522.9668244510824,527.7769222658363,327900
2021-12-28,535.6123657226562,539.7830386102963,525.0186189229566,536.853059063725,264600
2021-12-29,541.7396850585938,543.0471929720808,533.3028629678026,538.027098880291,180500
2021-12-30,535.230712890625,543.4861982668041,527.6528644471811,540.7948152011148,208500
2021-12-31,540.1840209960938,543.2476297888062,532.0526103788573,535.2307411590294,145000
2022-01-03,525.1522827148438,540.1839018929605,515.5988443169957,540.1839018929605,286000
2022-01-04,524.8087768554688,530.2965114688136,521.8692435696202,526.9561512693863,200800
2022-01-05,505.2343444824219,526.5935703545517,504.11772590367656,521.1249412047468,278400
2022-01-06,496.7784118652344,508.46011992970915,487.4635690748981,500.5004927478301,280900
2022-01-07,480.2197570800781,495.77625153387163,479.2844457037417,494.2015451883728,316000
2022-01-10,473.6726379394531,474.5697656182843,463.15528529323024,474.3597989460976,544400
2022-01-11,479.1603698730469,482.7488805665579,466.1616009415328,473.6726350601404,386100
2022-01-12,489.4200439453125,496.85471059890085,481.9662708782167,481.9662708782167,469200
2022-01-13,484.09454345703125,491.2906417066564,479.64708905477636,490.0498899169521,434900
2022-01-14,471.5634765625,480.84966025011505,460.9697558513487,478.26327495113657,332100
2022-01-18,471.382080078125,474.8846699532313,455.3674404278932,462.39172659063615,353900
2022-01-19,468.2804260253906,481.3460114158907,468.01319831847115,474.67481370011956,244300
2022-01-20,454.6994323730469,479.7712438729937,454.22223799048993,471.2771605629733,277400
2022-01-21,449.4025573730469,462.1627296789925,447.6273792391733,454.72803352340395,337100
2022-01-24,455.8351135253906,457.9156738432338,429.05496968006133,443.7907331272844,632600
2022-01-25,439.0091857910156,453.0864170958058,434.609468495718,447.1310417826581,409600
2022-01-26,430.677490234375,451.55952140336734,427.35620679435056,444.2297934366111,319000
2022-01-27,431.14508056640625,441.67198640447447,429.4271926150658,437.69217284550706,322800
2022-01-28,438.7515869140625,438.7897706183346,421.02858125654876,432.16631052029845,285600
2022-01-31,454.5276794433594,455.3389157724799,437.15779111936416,438.0358416566132,303000
2022-02-01,452.12255859375,460.7311339779819,444.23929879885486,454.07904373201103,348900
2022-02-02,449.7747497558594,457.68664019167915,447.8564482845587,453.1437406837979,253700
2022-02-03,437.15771484375,447.8850632067436,436.2510630905085,442.4736666795985,314500
2022-02-04,428.1578063964844,436.83319522119933,427.0602653384683,435.1343846888398,370200
2022-02-07,428.615966796875,434.81949328611205,424.93201130563045,431.16416829056186,356800
2022-02-08,431.5459289550781,435.2203019593669,421.60118640059494,427.9669715153447,313200
2022-02-09,443.8288879394531,449.0875493821145,438.20752503878003,440.097224974318,246000
2022-02-10,432.9870300292969,443.81934688900833,430.1429705302229,434.2659073083486,207500
2022-02-11,426.1822814941406,437.9117272996249,420.4559490367084,433.8651283499087,246800
2022-02-14,430.3720397949219,432.6911973300722,424.4261877489411,425.40920693826195,366400
2022-02-15,438.6083679199219,445.7471758777632,431.04007344963554,435.23937738818245,299700
2022-02-16,439.1905517578125,439.7536375531479,433.9509675113089,438.5415744810493,464900
2022-02-17,425.5810546875,446.1958288942587,424.48348429748563,443.7907796703059,820800
2022-02-18,434.0846252441406,448.36230200988047,426.59269680714885,427.394379867423,678400
2022-02-22,410.50164794921875,436.09835893588723,407.89618553404847,431.8608709330353,579200
2022-02-23,396.47216796875,413.67024191822856,394.70654304239133,411.2651928709666,442600
2022-02-24,416.1803283691406,416.74341426249663,383.1966539801833,383.65474196087456,498700
2022-02-25,428.89276123046875,431.67955998491465,413.3552848948807,416.1802964789689,443300
2022-02-28,437.6635437011719,439.352830288355,421.07629307346633,421.07629307346633,610900
2022-03-01,441.414306640625,444.30610310350164,435.8120498895761,435.8120498895761,447200
2022-03-02,453.792724609375,458.99412526299625,441.80560552653884,442.1205409649441,447600
2022-03-03,448.0378112792969,461.38014739193034,443.9243980882033,455.8255978651055,387600
2022-03-04,444.5637512207031,448.03773970332287,430.9541604710914,447.6082531832794,387200
2022-03-07,430.9541931152344,444.7069373714011,429.48445553106814,444.7069373714011,393700
2022-03-08,417.06781005859375,441.2043054366114,416.26612714531853,430.8968912824409,377000
2022-03-09,436.7069396972656,442.61590119337893,422.12581920688365,426.18941016321963,360700
2022-03-10,432.2513122558594,435.98027775063895,423.1679916303084,430.16693621002,212800
2022-03-11,422.7091064453125,437.78740970835474,422.2310368902237,437.78740970835474,220500
2022-03-14,421.7337341308594,428.2068131731458,417.440679797405,424.56392629019734,230800
2022-03-15,432.9493103027344,434.6990610616883,420.9593187389731,426.11292209831737,185000
2022-03-16,447.1957702636719,448.69691551928065,435.2440325834372,436.3053620625465,348400
2022-03-17,454.3094787597656,454.5676549863739,443.6867875697567,447.4730901625367,216200
2022-03-18,466.0317077636719,467.3129305064393,447.3296314878555,451.03945543090697,471000
2022-03-21,454.9500732421875,467.0452259493693,450.18849044175454,464.04293543552217,234400
2022-03-22,455.963623046875,461.04071938221296,450.6761749403589,455.69590526347105,285300
2022-03-23,439.9482421875,454.16602443104114,436.67823397281603,451.7087402011483,307300
2022-03-24,430.7597961425781,441.62155197871925,426.12254464288606,440.780144864343,326600
2022-03-25,412.32537841796875,433.2361339529378,409.2848633611549,431.46730012303,425200
2022-03-28,420.940185546875,421.32263530270404,407.53512756441006,414.39062770426034,375400
2022-03-29,434.5556335449219,445.96239474624656,426.2563534783922,429.77493822838886,341600
2022-03-30,429.7271423339844,434.3644226202176,424.1910889952008,433.8672116334162,273600
2022-03-31,404.30340576171875,438.13161023970474,402.1520928852063,432.47125418805507,673000
2022-04-01,406.3876953125,411.16838957501864,403.50016648239387,407.2482144439449,418400
2022-04-04,411.8472900390625,416.29335958673806,403.5384400667657,407.4777571281939,366700
2022-04-05,414.52447509765625,424.2005962889219,410.2505329627267,412.75561226176455,408000
2022-04-06,401.49237060546875,410.31754495067764,388.4697608092165,407.74552845258114,552400
2022-04-07,407.0092468261719,412.51661686177516,396.4534931633281,398.11716570364706,375000
2022-04-08,403.57672119140625,411.10153071720305,402.0660343570967,406.40688456073354,305400
2022-04-11,396.8360290527344,401.0908310637285,390.62112413817937,401.0908310637285,549700
2022-04-12,392.9444580078125,409.98286251157566,392.35165647834054,401.1863717710855,216300
2022-04-13,402.9552307128906,404.08346775293063,391.47199175138667,392.94445401155167,300200
2022-04-14,395.89892578125,412.2680213621764,395.5929542876323,406.5407578901873,224300
2022-04-18,392.4855041503906,398.2892751107551,386.80603593354385,393.154813148233,282800
2022-04-19,410.9389953613281,412.0098663893095,395.82243987091704,397.40963413704907,273000
2022-04-20,412.87994384765625,418.5211580280196,412.6887043788794,416.40809903955227,472200
2022-04-21,408.45306396484375,453.19082056937924,407.7359596407189,432.652942221986,966100
2022-04-22,397.5052185058594,410.0497575166803,397.4669939547745,404.1599669544909,504900
2022-04-25,408.88323974609375,410.69032703452206,388.17326835214834,397.27569987614277,529400
2022-04-26,397.2566833496094,410.0020047002611,396.94114110667743,407.4299881896749,362900
2022-04-27,387.18841552734375,408.54855264108784,387.15016180552897,397.6485762471014,419800
2022-04-28,399.3410339355469,401.57839578198934,384.08106306596466,391.166027656842,391000
2022-04-29,387.4466552734375,403.01259736882474,386.5574529868406,395.22007018314923,318200
2022-05-02,394.0057678222656,395.8702506458191,381.8532486379973,388.64184174495193,445000
2022-05-03,388.34539794921875,398.05977314557555,384.32960270294916,395.6694257797115,477700
2022-05-04,398.6335144042969,399.9625325401622,375.3993174666603,387.2363238367882,392500
2022-05-05,382.99102783203125,396.13793881861847,377.5984191531823,394.50294933151037,508500
2022-05-06,377.005615234375,383.1153577615692,363.7057467443939,377.31158673293345,447400
2022-05-09,382.3026123046875,384.6069107843966,370.4751776037812,372.89420809425644,426600
2022-05-10,378.57373046875,393.27915499572885,365.72321819320587,389.1390562116001,539200
2022-05-11,364.6809997558594,382.54167026535913,363.42845993058273,376.18335139785324,498600
2022-05-12,386.0411376953125,386.2132357196727,360.96160015247006,360.96160015247006,500500
2022-05-13,394.10223388671875,396.03841974045986,388.5524350700709,388.6674519572143,338800
2022-05-16,384.5362243652344,391.6196492189023,380.1750020740966,391.6196492189023,300600
2022-05-17,388.3990478515625,392.7890538098346,378.10462750425773,388.4373965623082,315700
2022-05-18,371.24169921875,383.35731860842486,369.0658850545004,382.15917725666895,397400
2022-05-19,377.1365051269531,386.7695780299557,366.4299316288823,367.0433647191348,461300
2022-05-20,388.75372314453125,391.23629776961917,378.4784617296791,379.877911891261,826800
2022-05-23,387.9677429199219,392.53024504625535,383.33810860971323,387.9677429199219,592300
2022-05-24,373.05328369140625,388.14986394283284,366.6503944076005,386.63539697169307,440500
2022-05-25,377.165283203125,381.30606651735377,363.3627014071921,370.3886183051746,563000
2022-05-26,384.2294921875,386.74082072103107,378.0662608576929,382.2262036056348,702800
2022-05-27,389.15631103515625,392.0989532153136,381.09521251067684,385.7631665366963,534000
2022-05-31,382.08245849609375,389.7697517007054,378.97688564621853,389.7697517007054,770500
2022-06-01,376.7339782714844,386.51079385417785,371.5675788787992,383.3668722126514,339500
2022-06-02,397.313232421875,397.79248892118915,377.29947633027786,377.29947633027786,225000
2022-06-03,390.3735656738281,397.77328695167313,388.54280239604907,390.9390848143733,331300
2022-06-06,394.5335998535156,396.1918382017403,387.6227279482691,392.99040765928146,318700
2022-06-07,393.7571105957031,395.05110893650823,385.3318027741486,391.77301100806216,350600
2022-06-08,389.99017333984375,395.16613760606464,388.5236496435562,391.98389672852556,197100
2022-06-09,399.11529541015625,404.40627734619665,384.81426666968224,384.81426666968224,477600
2022-06-10,369.0563049316406,392.32900228416145,367.1680329176975,390.6228501028955,519100
2022-06-13,353.5666809082031,364.9729796055835,351.46753512611565,358.2346344756277,584300
2022-06-14,334.9427490234375,353.4037167776899,323.29682317672837,352.2343298734451,931100
2022-06-15,339.14105224609375,346.67494984257746,331.72214226959085,336.6201585574786,524900
2022-06-16,318.3987731933594,331.5112212073919,315.97373699229274,331.5112212073919,490600
2022-06-17,319.1177062988281,325.4726517753492,317.57451450515373,320.19123611207874,538000
2022-06-21,318.95477294921875,326.2682313083316,317.9291570905386,322.0603454916965,342300
2022-06-22,321.8495178222656,323.22977898467667,310.69244088619024,316.36682188588225,419700
2022-06-23,338.3838806152344,338.8918913913156,321.85912402953807,322.5205004127473,385300
2022-06-24,342.1316833496094,349.87645666866393,339.7449949857837,340.5980564716432,583900
2022-06-27,341.6332092285156,344.94965594915203,338.6043047013035,342.7738127634281,300100
2022-06-28,338.43170166015625,344.48950984692027,336.0162598268726,340.5212818885621,587200
2022-06-29,335.46038818359375,339.1985830100389,329.8243270984172,338.8247489016468,424000
2022-06-30,336.6585388183594,339.764111645201,327.3705453069019,331.0895805077595,456100
2022-07-01,337.3199157714844,343.6269185892992,332.63277305042686,337.1665501776946,450200
2022-07-05,348.3619689941406,350.384417394651,329.1533601770804,334.0801310651504,485500
2022-07-06,357.26654052734375,361.96324810763645,350.65277780552003,351.5729712938134,472800
2022-07-07,371.5484313964844,372.3248246543321,354.64024655558336,355.6275138619513,461900
2022-07-08,362.51922607421875,371.0787701635398,359.0398188917168,370.1969252537398,274500
2022-07-11,355.68499755859375,364.560837458511,354.7169193022208,362.6821601351826,304400
2022-07-12,358.2346496582031,366.9283698409196,354.64982029462277,356.91189699956755,415000
2022-07-13,352.6560974121094,356.279275192818,348.97538194303013,352.04263508343155,439500
2022-07-14,353.7008972167969,354.2089079449616,341.930358556295,344.3074521138224,396800
2022-07-15,358.3401184082031,360.59262998141577,354.92781420637795,359.4424025925207,289100
2022-07-18,357.24737548828125,364.1199266352836,356.2409485291638,359.2986073688007,262900
2022-07-19,370.4556884765625,371.788035617732,358.6372357871009,362.64381319831534,322100
2022-07-20,380.2900390625,381.9290881292881,371.8167875120305,374.63481811892706,506000
2022-07-21,341.7770080566406,359.44239669239,336.495591747428,355.64669317373756,1220800
2022-07-22,348.0456848144531,361.2348347005233,338.6043539876678,340.2817519469544,1041400
2022-07-25,340.27215576171875,348.8221056165882,336.1313720853291,346.5408397230726,429000
2022-07-26,328.9137268066406,336.28469404296266,327.1404719240952,332.89154986651585,424000
2022-07-27,340.3775329589844,340.78971577475596,328.0798241997073,333.46666250935385,480400
2022-07-28,344.959228515625,345.89855245544203,328.7124228353404,339.82158405817466,574900
2022-07-29,342.8601379394531,346.67500124933235,339.1411025356833,345.29474008398483,506900
2022-08-01,348.2469482421875,349.82848883308634,340.3871299853332,343.34893162866985,361300
2022-08-02,344.9975891113281,355.10991916518293,344.2978933178632,348.06484251898473,300600
2022-08-03,348.0456848144531,349.94355132178555,343.5598504351207,348.4291134634893,304400
2022-08-04,355.3399353027344,357.6020119087397,347.4322031690632,348.4482245939971,300500
2022-08-05,358.1387939453125,358.22505660093833,347.94979657053904,350.7486380136009,336400
2022-08-08,365.8356628417969,371.64424917468045,359.4136141594958,359.4136141594958,343700
2022-08-09,354.5443420410156,368.98910886328844,350.92113528527204,363.81314517885585,325500
2022-08-10,367.60595703125,370.7776134210766,362.56971255296224,365.856726966918,581700
2022-08-11,360.7146911621094,372.4210201301121,360.3206319968455,370.02786230263104,540200
2022-08-12,373.67047119140625,374.93911581821936,359.69590465240975,361.435513761981,328100
2022-08-15,373.71856689453125,380.3598504305887,373.18034683735317,376.1309659824212,338900
2022-08-16,377.3996276855469,380.0522752140407,370.0375108156728,372.3730044865875,251800
2022-08-17,371.59454345703125,376.4385536233851,368.82653764768617,372.3538297536713,239600
2022-08-18,376.2077941894531,377.4284243286076,370.45074681072265,371.89241378015083,227700
2022-08-19,365.5971984863281,373.45908310669137,361.5605186646505,371.42153152594136,279000
2022-08-22,359.9938659667969,364.4918600586172,358.67714810635636,361.57010266420565,231500
2022-08-23,346.6056213378906,362.34863132889177,346.3653434792509,358.8405511281173,312700
2022-08-24,349.6330871582031,352.0262450436274,343.7126376983201,346.9131549321387,327700
2022-08-25,355.76495361328125,355.76495361328125,348.6239038685897,350.00790645315186,262700
2022-08-26,339.03204345703125,357.41810907506925,338.4265385872713,356.25517250361446,242100
2022-08-29,330.8241271972656,338.407309773137,330.80491552948814,335.42785874335596,301500
2022-08-30,329.84381103515625,335.00497436186396,327.0277617807792,332.56374328706903,276300
2022-08-31,325.9993896484375,332.515723997796,324.2789919689368,331.86217526205934,336100
2022-09-01,323.76959228515625,324.25014798465173,317.4743243540824,323.21216057929007,469000
2022-09-02,326.6817626953125,333.4576157405617,323.8657133007954,329.00766521521473,307000
2022-09-06,322.42401123046875,330.1321133510848,314.36027328851213,326.96045777130445,449800
2022-09-07,332.1024475097656,332.4484335413832,323.3947804112093,323.3947804112093,227600
2022-09-08,339.47412109375,339.80089542282553,328.1618514174616,328.2675595838729,264100
2022-09-09,342.1171569824219,347.56667074945835,340.90617673591555,341.81921483733964,301300
2022-09-12,343.4916076660156,350.1040292742131,342.05953177534593,349.26786707265217,454500
2022-09-13,322.15496826171875,333.9862485621622,321.75128852337417,333.56335715277095,461000
2022-09-14,317.349365234375,335.2356337303068,314.12963628249486,332.76559980370666,524800
2022-09-15,315.65777587890625,323.74072539726996,312.8032741567987,315.8115572059478,453200
2022-09-16,318.7334289550781,320.9920469703677,310.32370286789114,313.2647018730608,661800
2022-09-19,325.307373046875,325.3169935466196,317.39741575537613,317.88759194967804,364400
2022-09-20,314.2545471191406,322.74114656549904,312.1112584689191,321.46288150637594,351500
2022-09-21,311.7364196777344,322.7507456790212,311.68834651986543,316.830297241555,342800
2022-09-22,302.7019958496094,310.75608337845046,301.317993321756,309.1318323721152,410900
2022-09-23,300.3664855957031,306.584876728366,296.7334861434864,300.5106757518199,671100
2022-09-26,299.7994384765625,306.15239937298156,298.42505636746404,300.7125059368945,588500
2022-09-27,305.31622314453125,306.95971516645807,297.53121616735984,302.86537186296175,735800
2022-09-28,316.3401794433594,319.73290107421417,302.1349266273334,308.2668212607895,792900
2022-09-29,303.4997253417969,310.7465127612179,301.29877225071806,310.7465127612179,481900
2022-09-30,305.8352355957031,314.0335142681238,301.2122923316638,304.3647363980264,527800
2022-10-03,315.0042419433594,318.3969638031104,305.3258437022317,308.05539639037556,726500
2022-10-04,319.867431640625,327.93116907853187,318.71408641236786,322.9814226938168,402800
2022-10-05,317.9932556152344,320.39603375171214,311.2366446686904,312.82250170339603,253800
2022-10-06,316.08062744140625,321.0880084507277,314.4755882043347,319.3388084035578,209600
2022-10-07,309.0934143066406,311.46736050116573,303.11530056966586,310.4870081579135,254400
2022-10-10,310.19866943359375,311.78449719893223,307.3826203879624,311.4865550449324,230800
2022-10-11,306.9982604980469,314.24502037933314,304.4801236295964,310.2467928599357,379800
2022-10-12,304.7876281738281,310.4197559655694,304.54735033510246,307.38264056438186,367400
2022-10-13,309.1991882324219,311.794201147177,288.333464715158,295.05162505716623,474600
2022-10-14,295.09002685546875,315.686636761182,293.96551363140566,312.5053604287703,371200
2022-10-17,306.08514404296875,309.63164740111085,299.7033503659375,299.8090878703299,392000
2022-10-18,306.4984130859375,315.1964886697259,303.55741461084733,310.80420262559755,585500
2022-10-19,286.5264892578125,300.72212159335857,281.9419990247824,299.4726593345609,874400
2022-10-20,272.8787536621094,295.7916452524328,268.4191828169501,291.85108276080996,1643200
2022-10-21,273.7533264160156,275.58905257063014,267.2850659557789,274.0801300783531,826700
2022-10-24,281.4421691894531,282.85500377346773,273.38808227468445,276.6462338679518,667800
2022-10-25,286.9302062988281,290.29409620738886,281.865130436231,281.865130436231,851300
2022-10-26,293.9847717285156,302.3175914815064,285.24827226549377,286.7860564344409,927000
2022-10-27,292.39892578125,297.2525265193404,290.2748485126643,295.234186754597,428100
2022-10-28,306.3734130859375,306.82513653263624,290.16909199310226,291.187867539991,448800
2022-10-31,292.39892578125,305.71991543313175,292.18748010435706,304.1917518581837,389200
2022-11-01,293.8406066894531,298.2328636127686,290.9668635821491,295.48409901450464,349200
2022-11-02,283.81610107421875,299.72250765659714,283.0568444100695,293.3022924354108,513200
2022-11-03,280.26007080078125,282.9415796346906,276.9826776328455,280.54839246860365,363800
2022-11-04,281.2404479980469,283.9892421944124,272.7730578620846,283.9892421944124,507700
2022-11-07,292.3316650390625,292.4181615507216,280.71183101348834,283.18189450377577,410700
2022-11-08,295.82049560546875,300.0878327062265,290.39981305501686,294.1000979310929,658800
2022-11-09,289.6589660644531,294.87553097460926,288.41508274578325,292.6867071262824,385400
2022-11-10,327.17767333984375,330.96714570775623,304.59509229791433,304.7011450275262,1016700
2022-11-11,338.79681396484375,347.45573711596217,326.13631286102424,327.1776836063079,769300
2022-11-14,328.7012023925781,339.81893626415666,327.438015483892,337.485452473724,604700
2022-11-15,333.86962890625,340.1564919025459,331.1022521416633,338.3822857089852,470800
2022-11-16,325.3841857910156,332.6642170308428,320.19654778532595,327.49588274019254,422400
2022-11-17,308.17242431640625,317.5448782692773,298.9253268064143,317.5255745541297,663500
2022-11-18,310.4673767089844,313.1479745685177,303.64051088521774,311.68230446381784,484200
2022-11-21,308.7895812988281,311.86552293092456,306.45612660121037,309.09814653325043,288900
2022-11-22,314.7582092285156,315.2692574483723,309.059522799701,311.64371947267813,269400
2022-11-23,320.5051574707031,323.1278735575351,313.6397137548934,315.46214949551006,403900
2022-11-25,317.06280517578125,322.6361358310217,316.11783520586727,321.0644129763197,229100
2022-11-28,303.9587097167969,317.2556160459223,303.6597963689507,314.46896561004064,326900
2022-11-29,309.28131103515625,309.67665466772496,302.73408501890265,303.6212025842951,314100
2022-11-30,317.63165283203125,319.0201666915411,303.0137087301432,306.6296241087845,830100
2022-12-01,326.03985595703125,326.5798302885121,317.61237210191143,322.5974975240456,427200
2022-12-02,318.6152038574219,321.4115061513854,313.57222552568146,321.4115061513854,470400
2022-12-05,308.6641540527344,313.3793216633535,304.7397030655017,312.27044687197724,444900
2022-12-06,306.61993408203125,310.5540660030373,301.70231332036025,309.8790834458243,358500
2022-12-07,309.5995178222656,314.62325134050144,304.5854655889697,305.84862314923606,258300
2022-12-08,317.4580993652344,318.3451874688727,308.09526785725825,311.04585248380306,605300
2022-12-09,319.1744384765625,320.70758301405056,313.4275226422726,313.4275226422726,526700
2022-12-12,319.2805480957031,322.3950675849445,317.70882527600793,318.8273521257689,542100
2022-12-13,323.47503662109375,337.45657897641183,320.9004913914982,335.18094712581785,405800
2022-12-14,322.8385925292969,330.17650606304375,320.54368666572395,321.52723456519647,608700
2022-12-15,308.5967102050781,317.89200863585165,299.6485255483583,313.20579612774725,590100
2022-12-16,301.8277282714844,305.0483005751163,298.1250338368944,303.8237209559867,957100
2022-12-19,297.1221923828125,304.4311497447877,296.8425533532134,303.35120105634337,380400
2022-12-20,292.9084777832031,295.39624453361364,289.28293925776217,295.2323100564717,328000
2022-12-21,300.5356140136719,300.5356140136719,295.05871422374923,295.3769018502976,358400
2022-12-22,294.17156982421875,295.83007081236525,285.4548245622341,295.6372396529585,331800
2022-12-23,294.6729736328125,295.87827863832433,291.94414662155435,293.7280039149902,207600
2022-12-27,295.0683898925781,296.6111571385633,290.76783938651744,294.8755292736305,206500
2022-12-28,285.879150390625,297.6236384805049,285.3681021070345,295.41551087341395,196900
2022-12-29,295.94586181640625,297.5079328124943,289.5529176516461,289.630044244984,268900
2022-12-30,291.5199279785156,293.79555952932634,287.7497591559823,292.2141849603769,250000
2023-01-03,290.07354736328125,298.75174449388015,286.6312181988709,294.3355193461449,368100
2023-01-04,293.54486083984375,295.4348006980993,289.2154137083794,295.4348006980993,363200
2023-01-05,292.16595458984375,294.1233688841325,286.27443741898827,290.94137520866207,332900
2023-01-06,304.03582763671875,304.2961629697565,288.64649888504186,293.3520151544441,514300
2023-01-09,306.4464416503906,316.8313409147539,304.03583119127586,304.13226149491993,486900
2023-01-10,313.43719482421875,313.8614645959101,304.75899764645163,306.64890790355236,350400
2023-01-11,330.5525207519531,331.5553428650064,320.1676222883907,322.0478806456713,602300
2023-01-12,334.3902587890625,335.3834291511691,328.8844031470871,334.4481110877174,479400
2023-01-13,336.6080322265625,339.22112598637824,329.1062129040478,330.0511828920993,308500
2023-01-17,341.31353759765625,342.84668242061093,334.4963237028385,334.69880675550064,451300
2023-01-18,346.79034423828125,354.3596654258532,344.7558035492115,345.7007438241234,923200
2023-01-19,332.4521179199219,345.0933748289387,331.198612216074,342.7695427490624,566600
2023-01-20,340.1274719238281,340.52281555634374,331.6324833197048,334.1684501414535,335700
2023-01-23,346.4336853027344,346.5976197786893,337.3697949151631,340.3782323740982,270900
2023-01-24,351.235595703125,354.2247291308995,343.1455728787749,344.56301300559585,439600
2023-01-25,350.5027160644531,351.79479957462394,344.2351296699031,347.1278618520031,323000
2023-01-26,351.3802795410156,356.54861502094417,346.96402403441834,354.1090780450821,209600
2023-01-27,365.82464599609375,366.61530392970406,348.71893271694927,350.9367121833383,468900
2023-01-30,363.0187072753906,365.2461092703413,357.4743025104075,361.591615107595,638300
2023-01-31,371.8221435546875,372.1017825757666,361.8229372073494,361.8711670669252,368100
2023-02-01,383.9042053222656,386.2665859897153,370.0576431134269,371.18582179093903,435200
2023-02-02,407.074951171875,408.81057880914716,390.2681538753257,390.2681538753257,688500
2023-02-03,389.1400146484375,398.82100462718927,386.1605037869568,398.3292601257305,780700
2023-02-06,378.02227783203125,378.4561700356896,370.587934385667,376.85552124504915,590900
2023-02-07,377.81976318359375,379.2179289377424,368.38945680236355,373.3264114488,431100
2023-02-08,371.359375,376.5470135258171,369.5658654788077,374.68599984800835,429300
2023-02-09,363.4717712402344,374.7148298798735,361.20579205676364,374.3966423217816,600000
2023-02-10,356.03753662109375,359.2581088773958,352.90374281592096,358.69886016131903,597900
2023-02-13,361.4469299316406,362.65223513387605,355.642161244781,359.045941958838,561600
2023-02-14,361.90972900390625,364.8699654851289,355.48788912395696,360.8105060197905,360200
2023-02-15,370.8193664550781,372.13072432711687,356.7799744914886,356.7799744914886,645800
2023-02-16,375.7660217285156,379.08302452978035,359.4991953988664,363.394750675031,1152100
2023-02-17,363.1150817871094,375.9588220850565,356.25931938736665,374.5606855973795,626300
2023-02-21,344.7655334472656,356.77038660493787,342.74064398333087,356.77038660493787,616500
2023-02-22,344.9005126953125,349.3456643641301,341.99812821630536,345.24762648510045,405700
2023-02-23,347.67755126953125,349.05641346480513,340.6096245402037,346.3950899567474,315000
2023-02-24,343.56982421875,344.96798998030107,341.12063588479253,341.3231483394584,310400
2023-02-27,343.35772705078125,351.87202014794366,341.4195867166731,348.1789482389914,301600
2023-02-28,344.1001892089844,349.2974798453648,341.9885213720616,344.6883935036883,343500
2023-03-01,336.0873107910156,344.6498041647014,334.5059655734457,341.34245355558033,274800
2023-03-02,340.1853942871094,341.94997792316656,331.83506412661933,333.17534846893824,282800
2023-03-03,348.6224670410156,349.05638868701396,341.97884002767694,342.78880159733,357400
2023-03-06,344.44732666015625,353.0098201716104,343.0973906169988,350.9077748025224,274900
2023-03-07,342.2102966308594,346.72295289840633,341.18820002563893,344.7366119919288,220600
2023-03-08,343.820556640625,343.820556640625,338.6425700673739,342.036699010331,207900
2023-03-09,336.559814453125,346.87721006363626,334.36133878464085,343.0298850003887,261800
2023-03-10,335.9523010253906,340.715669383984,330.23434039408664,339.4042820648301,390300
2023-03-13,333.88885498046875,339.5296898824344,330.089730177512,332.2882059505489,377200
2023-03-14,339.0818176269531,343.7139029225614,334.5367325954375,338.27916050931685,306400
2023-03-15,334.5851135253906,338.0471224222862,329.98203759244984,334.0049149497111,300700
2023-03-16,337.9890441894531,342.0409307756829,332.6993516695154,332.6993516695154,352900
2023-03-17,330.56219482421875,339.44926587358367,330.0690260965725,337.7473010784136,445900
2023-03-20,331.6453552246094,335.25238439360874,329.2954328555173,331.1134671607849,320600
2023-03-21,335.2909851074219,337.74726673008496,331.9933862291824,334.7010773404191,279800
2023-03-22,323.3868408203125,335.08799420948003,323.21278124627383,335.08799420948003,275700
2023-03-23,314.5480651855469,327.62242226878436,312.43025212574133,324.18942374856476,449600
2023-03-24,314.5093994140625,314.95422809341306,304.7616516235195,313.49399303375236,499400
2023-03-27,317.24615478515625,319.93451645559077,315.3991105800134,316.0760482823728,425300
2023-03-28,316.6562805175781,319.97321037687135,315.6215438347789,316.3758315216098,224100
2023-03-29,326.2589111328125,326.37495083791725,320.5050298245019,321.74283586499257,272300
2023-03-30,324.0733642578125,331.364829915751,322.7195186544923,330.89099133249414,248100
2023-03-31,331.15216064453125,333.12492443546654,324.78904050423006,327.34203241151425,485900
2023-04-03,328.0672912597656,333.3956743949858,324.6826618731505,329.1987374969782,400700
2023-04-04,316.68524169921875,330.33979744755413,316.3757828210707,330.07867860778174,315900
2023-04-05,311.2118225097656,314.28699277163366,307.9625631769128,314.28699277163366,418100
2023-04-06,315.5054626464844,316.8979981178538,309.84829098299934,312.2852133020839,443100
2023-04-10,324.12176513671875,324.17978498878256,312.38192320874873,313.2039104618175,334800
2023-04-11,334.42071533203125,335.8712707145246,324.76967622965697,324.76967622965697,481100
2023-04-12,322.89361572265625,342.25371339096466,321.829869227976,337.66993840691043,519800
2023-04-13,329.121337890625,330.5815730661493,318.56131137653506,324.5472426893307,412400
2023-04-14,319.364013671875,329.55659333286553,316.72399167047587,327.9513081481834,625400
2023-04-17,326.3072509765625,326.39428075533874,318.47424625883673,318.8997448517144,418300
2023-04-18,327.76751708984375,333.30864962173183,327.3420184567689,328.8215838589888,505800
2023-04-19,327.50640869140625,327.777177850203,321.34635868343753,324.0637300843839,490600
2023-04-20,321.4334411621094,330.6783124799506,307.03424613074327,307.517764628587,1294200
2023-04-21,331.92572021484375,332.8250869176033,325.43691118987715,329.3340685297596,791200
2023-04-24,338.68536376953125,338.87875345378166,330.0206913942375,330.0206913942375,507900
2023-04-25,325.8141174316406,338.24051921156445,325.1178496145808,336.5482044698411,413200
2023-04-26,321.29803466796875,325.0598226630706,320.12792819247846,325.0598226630706,353700
2023-04-27,330.8136901855469,331.1908487884211,321.7428782282843,324.80839856267824,389600
2023-04-28,339.73944091796875,340.95788745211286,328.35739670820027,330.15610084774903,400300
2023-05-01,335.3490905761719,340.90955334103916,332.86379839673634,339.1011988680644,311300
2023-05-02,335.4554443359375,336.31609183071174,328.0189282155736,335.2040052982707,341700
2023-05-03,340.1261901855469,346.98247767123644,335.9679436803984,336.57715208486235,393000
2023-05-04,333.5019836425781,343.7138901085352,331.3551607200973,340.6483999133359,281000
2023-05-05,342.2923583984375,344.10071260317227,337.09937518670785,339.9037761758933,284300
2023-05-08,341.53814697265625,343.4528910048212,337.0994503410111,342.3794645058163,207000
2023-05-09,339.41058349609375,341.46069677095346,336.27736422565874,337.7085893003819,227900
2023-05-10,339.6427001953125,345.3772219125855,336.5481703198027,344.70031379155927,250800
2023-05-11,336.5675048828125,339.8167344496835,333.36661535254945,339.8167344496835,255200
2023-05-12,327.48699951171875,338.41453282825455,325.0500774512915,336.6545188065802,409500
2023-05-15,330.88134765625,331.09409695369317,324.65362768923035,327.5354082615745,260000
2023-05-16,330.3671875,332.44333533762796,323.9641526375283,326.5253784252404,368200
2023-05-17,333.0447998046875,333.42314517902446,327.12684338013605,332.6955283138781,238900
2023-05-18,342.6784973144531,343.1732863396954,330.00826255186115,333.08364043649595,322400
2023-05-19,334.75225830078125,342.67844448260126,334.6261629122211,342.67844448260126,317000
2023-05-22,332.472412109375,335.8388539966682,331.5022562871788,335.0627115748276,325200
2023-05-23,327.9903259277344,334.6359004181925,326.05972497089203,331.60901844935836,308400
2023-05-24,323.8865661621094,328.8828633266838,317.77456598221795,328.358970829708,265100
2023-05-25,317.3185729980469,327.0492353145425,316.49396418342815,324.0514571906523,290700
2023-05-26,318.2208557128906,323.30446330615115,315.77604382370293,316.7559107860716,344900
2023-05-30,313.13720703125,322.4507095285671,310.14913990679327,321.3253251394888,400800
2023-05-31,306.7923889160156,313.2827337901513,300.54458299948794,310.44986573829465,922000
2023-06-01,303.67816162109375,307.7819313644025,298.58484360797127,307.7819313644025,648200
2023-06-02,316.6200256347656,317.2215470871037,307.01548934974187,308.0826666273678,448800
2023-06-05,317.6193542480469,318.04619560569677,310.6536123862809,315.2909564030709,463200
2023-06-06,326.28277587890625,328.29100530661515,313.97149753589474,317.21181405831254,407800
2023-06-07,328.6305847167969,334.6552738908331,325.3611642238465,328.3686532945024,409500
2023-06-08,314.9513854980469,327.9514669819436,314.2431611227436,327.7186094629536,444200
2023-06-09,316.67828369140625,317.86187500560493,313.1662946656774,313.55438068880363,366600
2023-06-12,323.76043701171875,324.4880539566744,315.1842621733258,317.5514450027928,280600
2023-06-13,326.8551940917969,328.3686347710718,323.2559243641321,324.62381798798003,336500
2023-06-14,335.091796875,337.25525489950604,325.7491920773179,329.6201337303777,532900
2023-06-15,346.8404541015625,349.0718008855709,336.16873893023524,337.53666233683157,754400
2023-06-16,347.267333984375,350.81807870573755,341.77624775710115,349.7024052851163,556600
2023-06-20,342.9598083496094,346.3456428347964,340.0008152055638,344.3374130942382,385700
2023-06-21,346.0933837890625,346.9665477277368,340.97096215439126,342.9597993841635,314800
2023-06-22,339.826171875,345.78294268836754,339.195576527409,345.3463607363709,228300
2023-06-23,341.82470703125,343.3187553231411,337.2649923217429,338.6814115661866,508200
2023-06-26,343.5613098144531,346.14192803280474,338.59411639833286,339.7971002268847,292600
2023-06-27,355.2710876464844,357.2987098403356,342.92099289469166,347.2964052958906,376000
2023-06-28,359.0740661621094,360.2479464104833,350.18743532777137,354.63076554834333,425300
2023-06-29,359.5591735839844,366.3793683513529,355.6785499984135,357.8808228315823,537700
2023-06-30,363.4591979980469,368.34876211325525,358.44347927978123,364.12857828918067,606100
2023-07-03,360.3934631347656,362.1009170959218,351.2933976024045,360.9852439219132,265700
2023-07-05,360.1509704589844,361.5091827412184,354.1068887945339,359.3166210240931,349700
2023-07-06,353.3792724609375,356.26063655312737,348.06280768282744,355.49420513283246,353500
2023-07-07,354.8053894042969,358.55017667648525,353.76731556620297,354.5337469576449,303100
2023-07-10,365.1957092285156,365.70020914941085,350.9538304170182,353.5926551499683,389400
2023-07-11,370.48309326171875,373.2480431505438,366.738276562878,367.7181433728937,412700
2023-07-12,376.7794494628906,380.54365916508016,373.5488432801487,376.24587555025215,321600
2023-07-13,371.2398986816406,379.5832462067971,369.901078663942,376.77948115425255,351700
2023-07-14,353.1464538574219,357.98752225877524,339.5545604080524,341.4948721818127,1169200
2023-07-17,349.2755126953125,352.38973441765177,344.35684483649675,350.1001511227868,755200
2023-07-18,347.18963623046875,354.21355444121923,345.37544970087026,346.8112908805481,508200
2023-07-19,355.0479431152344,355.55241350660776,344.45382804193446,346.37474731317667,762000
2023-07-20,350.4687805175781,363.28453026403866,339.60302378406885,346.78220034378313,1277800
2023-07-21,358.7151184082031,362.8964876700558,352.6807479568612,354.2621066980215,876700
2023-07-24,354.2621154785156,361.5479954219731,353.4277660478787,358.0263249320899,571900
2023-07-25,367.1554870605469,368.4554923247254,356.1442124280684,358.21064909067985,623800
2023-07-26,376.20703125,379.00108481222367,364.778596614798,367.1069647143822,603800
2023-07-27,370.50250244140625,381.44585892755043,368.1062163771758,380.7958711067254,430800
2023-07-28,373.3547668457031,378.36077449179595,370.50250633098966,376.3137598974792,288500
2023-07-31,373.25775146484375,376.40107654481983,370.53161590065804,372.55923807004984,336000
2023-08-01,375.6055603027344,378.47721346540516,370.21149588873556,370.5413453406065,379200
2023-08-02,368.5718994140625,374.6256622285166,366.4181523194116,369.59055117760033,388000
2023-08-03,367.1069641113281,368.3099774861356,361.7322924652354,367.96070598802805,416000
2023-08-04,370.104736328125,372.8793973840867,365.18606879491233,370.40548226543046,301900
2023-08-07,374.56744384765625,375.9159746014041,370.8808637037384,373.99505548675774,312300
2023-08-08,374.7420959472656,374.81972499640875,366.583081556035,371.2495585128199,315100
2023-08-09,373.7983703613281,376.61985125180644,370.811478902897,374.68370734126313,238800
2023-08-10,374.7129211425781,380.5893757413788,372.57247099641893,378.2349102719637,332500
2023-08-11,364.8474426269531,374.50859578178824,361.98703630144894,373.49677358534933,314200
2023-08-14,362.5805358886719,364.2053065347459,359.9828090403173,361.67569166808227,323700
2023-08-15,358.1244812011719,364.44850291044645,356.1786283675489,360.1773713801502,321300
2023-08-16,357.31695556640625,362.4248191149608,356.412111458088,358.1244714060758,233800
2023-08-17,342.09063720703125,358.7957965570253,341.94470418532194,358.0271763875466,392300
2023-08-18,340.0281066894531,341.5264219615563,334.71593578645883,338.30603730264073,620200
2023-08-21,340.68963623046875,343.16084780480793,336.4768484684035,342.6160114190201,255800
2023-08-22,342.0809631347656,344.54246599064686,339.01625059986094,340.6896853665198,209200
2023-08-23,346.9845275878906,348.38551445758293,341.12749094779355,342.080969624204,197200
2023-08-24,342.7814636230469,347.7336558297543,341.886358199694,345.9629225150656,192400
2023-08-25,344.3965148925781,346.5758606357533,338.98704621479766,345.0191723800458,164200
2023-08-28,344.70782470703125,347.33473796312774,340.4172452488234,347.3152901232794,274100
2023-08-29,358.1828918457031,358.27045166940434,345.0581226124396,345.0581226124396,254000
2023-08-30,359.7785339355469,360.8973935817012,356.0424993731194,357.9105018086515,208900
2023-08-31,355.7019348144531,363.46586929237606,355.05006099438185,360.37197014416074,310800
2023-09-01,358.2120361328125,362.33726427398415,355.2154358740783,359.875761660659,279400
2023-09-05,348.4536437988281,356.4316535194168,347.06236593487927,356.4316535194168,273000
2023-09-06,340.5242919921875,349.6308702347534,339.62918650332307,346.89694900863935,401200
2023-09-07,339.7654113769531,341.0496815503855,329.8902128211491,338.92867910346405,504800
2023-09-08,334.9397277832031,338.8898074860465,334.0543609958259,338.8898074860465,223300
2023-09-11,338.8314208984375,342.36314914119316,337.21635920959284,337.40121763545454,201100
2023-09-12,338.7632751464844,342.0420326499202,335.51370424994064,336.7590489629356,250800
2023-09-13,339.31787109375,340.7091489261822,336.3309794768006,337.15797297773395,220200
2023-09-14,344.1629943847656,344.7564949612952,337.9946442285077,340.58263215947204,207600
2023-09-15,340.6215515136719,346.225587600367,338.33516844857303,346.225587600367,426900
2023-09-18,337.1968078613281,347.22770604050197,336.9341284306196,339.5123773698734,408600
2023-09-19,338.1795349121094,339.3373198783598,332.6630580177275,335.6304721095621,396800
2023-09-20,338.20867919921875,344.90241775564374,338.11138061842087,339.6875463680874,265000
2023-09-21,336.9925537109375,340.54372956781117,333.0424744182211,335.72776111249846,364000
2023-09-22,334.39483642578125,341.5361130844981,333.75270139874334,338.20869152463985,306400
2023-09-25,337.51788330078125,339.05509386803305,332.66299032041553,333.7623721540669,272700
2023-09-26,329.12158203125,335.4066790375049,328.99509683301943,334.20025965381836,361500
2023-09-27,334.39483642578125,336.94389900224843,330.96040720709635,332.26412510149714,461700
2023-09-28,343.4430236816406,347.02338575443554,333.9667299232174,333.9667299232174,418900
2023-09-29,346.45916748046875,354.5733717446939,344.2408960247192,348.3077220783661,387700
2023-10-02,339.55133056640625,348.3660418155435,338.5492175119878,344.9705380111143,316300
2023-10-03,329.6761474609375,338.724351951992,327.60380928419244,336.6812003823267,358700
2023-10-04,329.38421630859375,332.1278758447457,324.8504054754084,331.32036000806056,331300
2023-10-05,324.7433776855469,330.94091419990144,322.85589806470523,330.94091419990144,317500
2023-10-06,327.02008056640625,331.96256426905006,320.11229584153693,320.11229584153693,443500
2023-10-09,332.2933349609375,332.3808947855664,321.8732704596778,323.81912351728374,332300
2023-10-10,341.0593566894531,344.5035246513681,332.7894818276332,332.7894818276332,417700
2023-10-11,341.857177734375,342.8203654630118,334.46293043546905,342.5674247644835,356500
2023-10-12,336.7590026855469,342.78141917467735,333.78185042623574,342.78141917467735,328700
2023-10-13,334.9299621582031,339.11353441319153,329.8902097954459,337.17742009541547,349500
2023-10-16,339.4151306152344,342.2074546609726,336.44771661364825,337.8487331740417,333600
2023-10-17,342.6841735839844,346.4202077871954,333.74297665889907,336.5060843605022,531000
2023-10-18,327.6232604980469,345.19431073361596,327.53570067590607,339.512423529828,645300
2023-10-19,316.39569091796875,349.52382440231247,313.50609819663345,339.8821197959899,1006700
2023-10-20,313.44775390625,316.6778474273398,310.3830115770909,316.20112292785353,560500
2023-10-23,313.31146240234375,319.11009497003744,308.53439059658734,310.48024324130984,400800
2023-10-24,313.09747314453125,322.33053608567894,313.0488386962999,314.36226571214917,373100
2023-10-25,310.4316101074219,318.7987824531924,300.78016788480755,308.50520529215623,619400
2023-10-26,307.2890930175781,312.54289002236254,303.9325145076634,312.54289002236254,482200
2023-10-27,301.12078857421875,310.1106210323547,300.1089365768979,309.69226971212083,435500
2023-10-30,308.0674743652344,310.6846194459255,302.07424330638156,304.6135673279486,298500
2023-10-31,307.220947265625,309.487882320862,305.1972734927398,307.2696113986379,436500
2023-11-01,310.635986328125,310.8986658065777,303.38767168600594,307.2210046514307,422900
2023-11-02,317.3978271484375,322.7002588315351,316.843251909885,317.97185022836766,341400
2023-11-03,327.54541015625,329.1312849619586,320.2095366798546,322.1456507428113,440400
2023-11-06,321.0754699707031,327.17570817470664,318.40963128512016,327.17570817470664,341800
2023-11-07,326.27850341796875,328.1820669745341,318.6935929912505,321.58307842181085,238400
2023-11-08,327.49871826171875,329.34371332230677,323.7306766153418,325.0192417569596,303100
2023-11-09,321.1925964355469,330.2222640283237,320.33355302237743,330.2222640283237,273800
2023-11-10,322.6666259765625,323.4182740393015,317.4733399322107,323.4182740393015,295800
2023-11-13,320.51904296875,322.54951471886017,316.8876509836099,320.1383481347664,198000
2023-11-14,340.98956298828125,347.3152225165822,330.43705556171966,331.90132611812317,485300
2023-11-15,342.2390441894531,352.0106184223153,341.91691780174324,342.94189518966016,466800
2023-11-16,339.09576416015625,342.5026240561517,338.5003084448611,340.6283744627916,318900
2023-11-17,341.8778991699219,345.63619964925925,339.46673240235344,344.66001925414105,240400
2023-11-20,340.7650451660156,342.61981178163336,337.6315143843941,341.8486209146482,275400
2023-11-21,344.0059509277344,345.02118683768134,335.70841791544757,339.35935269850273,250000
2023-11-22,347.77398681640625,349.3358513902507,344.60140099096685,346.41708196385673,248600
2023-11-24,346.2999572753906,347.65686217564735,344.7673470729974,345.87043556528477,62600
2023-11-27,343.2250061035156,345.4409247029114,340.63813421641066,344.68927658195156,249000
2023-11-28,341.9657287597656,345.6654605490451,340.57956937498597,342.53193003350566,205500
2023-11-29,337.0946044921875,343.01025501028744,334.8298589379508,339.4959998038271,431400
2023-11-30,339.0469665527344,340.5209786246332,330.84705756503837,338.23672017888885,593700
2023-12-01,349.1211242675781,349.453021982793,336.8017042993565,338.48073554675136,345300
2023-12-04,345.21636962890625,353.8457987570925,342.9418531499699,348.34012829860933,317900
2023-12-05,345.1773681640625,345.32378925437774,340.41360342141184,342.45381672156213,298300
2023-12-06,353.8751220703125,357.3600630214739,348.05706616482433,348.3108825700858,351900
2023-12-07,355.0758361816406,355.4467894865847,349.08210423591174,353.6701340737793,287700
2023-12-08,345.6849670410156,353.2503644529333,345.0895113506906,351.66895711527013,331400
2023-12-11,347.403076171875,352.6549313490834,344.5819005922591,346.85641754583537,279700
2023-12-12,343.4104309082031,352.4010419472468,341.65328872493205,347.39323290043905,355400
2023-12-13,356.3448486328125,356.9403042888575,341.4190441922176,343.5178257823729,383400
2023-12-14,386.8601989746094,389.41781610709717,362.5533181015956,362.5533181015956,1130300
2023-12-15,383.0531311035156,388.06094064353323,379.37294221876806,384.82978634056246,726800
2023-12-18,380.5248107910156,383.68762518423796,377.07889579140726,383.31670172321384,378900
2023-12-19,382.203857421875,388.70522155243526,380.88600810786215,383.10195637229083,270800
2023-12-20,381.3253173828125,390.4721220759359,380.0074680126745,382.0867368292342,362700
2023-12-21,386.20623779296875,389.1445501882747,383.18984407731955,385.6302949596241,222200
2023-12-22,386.6747741699219,388.2854955384231,383.73649164982413,386.4014448705951,178000
2023-12-26,391.3409729003906,392.6295083810503,386.07934627116,387.21171910438204,199800
2023-12-27,394.1230163574219,395.3627843779207,389.96450862603365,392.77588280573605,193400
2023-12-28,392.8052062988281,395.1480330671517,391.48735693206527,393.4104333199904,131700
2023-12-29,389.21282958984375,394.35731871153826,388.5685470326603,391.72162004948416,201500
2024-01-02,378.90435791015625,388.43188667891167,376.24914643971573,384.86883472613425,346100
2024-01-03,364.87664794921875,373.89654380991993,364.44712626150374,373.750122732439,309500
2024-01-04,363.9883117675781,368.35183851746154,361.50880568168145,361.50880568168145,257900
2024-01-05,368.7325744628906,370.6946764965999,362.748584797872,362.748584797872,266100
2024-01-08,372.354248046875,373.7111232894572,365.7064620152546,365.7064620152546,214400
2024-01-09,372.44207763671875,374.0137434487109,368.07855039900767,368.07855039900767,129400
2024-01-10,380.56390380859375,380.75912199824876,367.1511659506753,373.8770626567319,290200
2024-01-11,375.7122802734375,380.5346133597775,370.40185703496314,377.9965386105472,266800
2024-01-12,372.7252197265625,379.95872030315513,368.50811311021766,378.26991743101814,150000
2024-01-16,372.5201110839844,373.8477316444933,365.7844736754685,368.8984908905476,287600
2024-01-17,368.07855224609375,372.4420795057018,365.38428500667794,368.61543951045417,223700
2024-01-18,377.78179931640625,378.07464150813934,370.24568574565154,370.5971261663916,235400
2024-01-19,377.62554931640625,379.7145892678375,372.5689429722725,377.79151306019475,272200
2024-01-22,390.26708984375,390.9601694432021,378.787201178026,380.7005060254282,254000
2024-01-23,381.3545837402344,392.78564623726817,378.445555842371,392.78564623726817,198700
2024-01-24,371.82708740234375,386.3721685827549,367.9516502415887,384.8005325270331,278400
2024-01-25,369.5428161621094,375.9758408369501,368.8790207003638,373.79897780936403,306500
2024-01-26,368.4007263183594,371.3097247721863,364.7497914552608,369.7185459931452,300200
2024-01-29,374.2967834472656,374.872726215793,366.72164501875596,369.45493778306513,262700
2024-01-30,370.6068420410156,374.95085625833576,370.37256830385695,373.73063089287035,240800
2024-01-31,362.40692138671875,372.70561120952624,361.274548710672,370.79230624204035,315600
2024-02-01,368.0980529785156,368.2249611835254,358.55101087342763,364.2812142362017,330800
2024-02-02,364.94500732421875,368.5080594240949,352.5572770625773,363.9200001454654,343700
2024-02-05,357.9457702636719,360.9035952571735,353.7286643945239,360.08360741439316,316900
2024-02-06,364.67169189453125,364.8766814218095,357.8872267058522,357.8872267058522,175800
2024-02-07,371.7782897949219,374.72634370777183,361.11838733558676,366.3019025765255,350700
2024-02-08,378.1136779785156,378.49440259921175,370.5482805704534,373.1058682180284,242500
2024-02-09,377.4400939941406,381.69625544620817,375.26323106638523,378.04532099272114,216100
2024-02-12,383.541259765625,385.78649248136685,376.2687339147936,378.1527548710336,200500
2024-02-13,366.9266357421875,374.5701139627532,364.6033219895109,370.37255081996676,316700
2024-02-14,373.6622619628906,373.76965727781305,366.2237734820018,370.4701633805743,310000
2024-02-15,379.8609924316406,380.0952661382674,375.5072372364512,375.7610238217454,227300
2024-02-16,378.0746154785156,381.30576986437404,373.79897082028,375.8977524916313,293700
2024-02-20,375.6048889160156,376.84465698155304,369.9235421260653,371.81733431960174,236100
2024-02-21,379.8317565917969,381.4815036642577,372.32492778250236,375.7513301315607,550000
2024-02-22,370.0504150390625,397.0515657136163,358.51198653324735,358.51198653324735,1049700
2024-02-23,378.3772277832031,379.3338951917261,366.40927768937854,369.8161373673498,449800
2024-02-26,377.1960754394531,381.93055602175247,375.8684844835331,375.966108475153,369200
2024-02-27,381.7450866699219,382.1258113073172,376.83490068327006,379.77321308041996,231200
2024-02-28,383.7267150878906,383.96098882964907,377.0398739957184,378.45534736371314,220500
2024-02-29,388.63690185546875,391.9266247472474,384.71266771770183,385.59122404219784,465000
2024-03-01,393.8009033203125,395.9484821327617,381.3643756758691,386.38192698944505,275100
2024-03-04,392.5611877441406,398.8282490280352,390.60882700686193,391.5459518193707,252800
2024-03-05,399.2577209472656,399.58961865630386,391.7606638014854,391.7606638014854,383600
2024-03-06,396.8270568847656,400.98556463803664,395.5775473125479,400.25342942484673,314800
2024-03-07,404.28509521484375,405.6029446755318,395.32376654722236,397.9692070146717,370800
2024-03-08,405.17340087890625,412.6607170345984,403.96294681618383,406.6376713576159,267500
2024-03-11,392.6197204589844,407.5357539429741,392.3171069554935,405.0367348098932,295900
2024-03-12,395.43109130859375,398.52559587742974,390.4135402037529,392.6197171505613,352500
2024-03-13,396.99725341796875,400.35469173348326,394.011808334743,396.6742498990786,207600
2024-03-14,386.97393798828125,399.0136672518293,380.1220697457299,397.8194833061137,533900
2024-03-15,390.85992431640625,391.8387626292613,384.99669238137244,385.38822173215954,389900
2024-03-18,388.8924560546875,393.8453756083062,385.74059544131427,390.9480225193701,374400
2024-03-19,396.5567932128906,397.08537429624863,389.68532874456616,389.9496342221334,272600
2024-03-20,400.7951354980469,402.54726447835367,393.29723028205586,396.6840324221842,256700
2024-03-21,410.1039123535156,412.07138703272864,403.19331586319464,404.1819521741268,321300
2024-03-22,407.5687561035156,411.11214649140936,406.73673745173676,410.49547349218767,230200
2024-03-25,399.5325012207031,409.4677054626366,398.46554102853736,405.53275579598073,413600
2024-03-26,394.0411682128906,405.57188291055485,393.6300728294668,402.68432766868176,252100
2024-03-27,405.845947265625,406.2668405820952,394.7067621902716,397.9663105867651,262700
2024-03-28,394.9613037109375,401.91106248912865,392.6316634845335,397.40839976862605,711600
2024-04-01,392.80780029296875,395.0689143903394,389.6951016487669,394.47183736206443,341700
2024-04-02,383.3913879394531,388.5498850297716,379.44667068485523,388.5498850297716,397500
2024-04-03,383.7144470214844,386.44538462331843,380.5723542802785,382.20702753600654,314100
2024-04-04,386.8172912597656,393.45381337920355,385.35883183078005,389.5090964388732,374100
2024-04-05,387.8647155761719,389.8223923740327,383.5871965523304,385.1533439649745,247600
2024-04-08,388.4324035644531,392.27926092583004,387.70807275509236,390.1747346069137,221100
2024-04-09,391.6136474609375,393.9335195229179,388.4520185990891,389.52874679566247,280100
2024-04-10,373.280029296875,381.5707917282526,373.0450877683921,380.7289751720954,479500
2024-04-11,371.1167907714844,377.49880613555223,370.255408233755,371.9096474546725,445100
2024-04-12,372.15435791015625,372.48715936927505,365.7331806325993,368.0236588195532,398900
2024-04-15,365.6940002441406,376.97020687249636,364.6074741818042,374.6699308592389,259500
2024-04-16,362.1506042480469,366.80985423372255,360.21249366416725,365.1360491082386,375100
2024-04-17,356.4439697265625,368.03341189864005,356.2090580877598,366.48686049023024,322700
2024-04-18,355.2302551269531,361.54374502248623,354.99534346476486,357.43264157530194,235500
2024-04-19,353.4878845214844,357.9024548691888,353.3019028523943,355.2302155226114,329100
2024-04-22,358.13739013671875,361.0837032102966,353.9185991218209,356.1209854699508,299900
2024-04-23,367.0545959472656,371.136365150905,358.62681180200246,360.33977897348944,503400
2024-04-24,369.4037780761719,370.7056197930047,363.9614099746713,363.9614099746713,550300
2024-04-25,362.1701965332031,372.18372380200117,350.84502943454663,359.8405564354783,1065500
2024-04-26,363.3154602050781,369.61915198665827,356.7083010390219,358.3331464875103,437300
2024-04-29,361.7884521484375,364.67603742075005,356.81596614493657,363.9614746241205,379600
2024-04-30,354.8582763671875,360.5257589460653,353.29212898632983,360.50616306054695,453300
2024-05-01,351.89239501953125,359.51755430769583,347.00800109825644,354.8582740942268,397500
2024-05-02,352.4894714355469,360.21252052104035,350.04237550809415,357.6773327248125,368800
2024-05-03,356.93341064453125,363.45247786463545,356.56144727923817,358.83235949866565,430000
2024-05-06,362.92388916015625,363.383944385719,356.1797083712116,359.38049906495087,340300
2024-05-07,364.7934875488281,369.1395324322597,364.13768254937213,364.6858296633385,309600
2024-05-08,358.0786437988281,362.28763665441335,353.9773088207147,361.84717733051724,272100
2024-05-09,365.106689453125,365.55694671141,356.8257257186336,357.6968762807888,210100
2024-05-10,366.2911071777344,369.27658220350395,362.2289338156247,364.42152225995284,255800
2024-05-13,365.1947937011719,370.60776854154807,364.17679346064483,369.7659819052603,231300
2024-05-14,369.511474609375,370.5098789657386,366.50643372610705,369.6876583419494,228200
2024-05-15,376.1593933105469,376.9646076361029,367.979650404885,370.68004018175543,315100
2024-05-16,362.56903076171875,375.5210830289502,362.5493723866527,375.5210830289502,336100
2024-05-17,360.2810363769531,363.31528849343124,357.4628166102097,362.9519681704761,220800
2024-05-20,361.64599609375,364.26781207217334,358.876862166419,360.094482772606,204600
2024-05-21,364.444580078125,364.79807122730426,356.91293511251257,361.6459886123147,226300
2024-05-22,360.9684143066406,368.2152821409516,359.17141116162725,365.0140837291365,304900
2024-05-23,358.50372314453125,360.9095367980978,351.08993815829456,360.9095367980978,382300
2024-05-24,355.921142578125,361.0568031471088,355.6069382154287,359.8686401736664,243400
2024-05-28,351.19793701171875,359.49550979370554,348.6644937650795,357.16826972635357,325900
2024-05-29,344.805419921875,350.8935534320367,344.38315438227,348.57614241019775,454200
2024-05-30,349.7053527832031,352.8378069821082,345.2079600608911,345.3454488188034,504200
2024-05-31,356.9914855957031,357.47266629185566,348.30116504009163,350.3829150930483,383700
2024-06-03,354.6152038574219,358.1109789049212,348.75290171890066,357.71820091576035,247900
2024-06-04,347.7021484375,351.8165624732049,345.6203984175991,351.8165624732049,251700
2024-06-05,349.57769775390625,352.4548328495114,345.74806042922285,349.64644213375544,205000
2024-06-06,340.7204284667969,350.5891126517233,340.27853456184505,348.6939373949104,296300
2024-06-07,334.7108154296875,338.4422807879901,333.6895987761628,337.0184270384869,327600
2024-06-10,336.2229919433594,337.2344092256211,331.5095974170398,331.99074807580524,273200
2024-06-11,336.4292297363281,339.9053757885397,332.73708129836893,335.879334650525,279700
2024-06-12,340.4749450683594,354.782077118385,335.70260467771965,344.4616996091839,495000
2024-06-13,336.8122863769531,340.0429432288915,330.9696122795159,340.0429432288915,276900
2024-06-14,335.1527099609375,337.4014063810665,330.7829766943644,334.41624008232645,224400
2024-06-17,336.98895263671875,337.78433766712374,332.5210475910101,332.5210475910101,325000
2024-06-18,331.79443359375,336.8122341261455,331.3819972644258,334.68136803087157,312700
2024-06-20,327.4737548828125,331.32305037581676,325.3330897712348,331.32305037581676,446100
2024-06-21,331.82391357421875,332.0595743685651,323.81111692901464,327.97461745334107,771600
2024-06-24,331.8140563964844,334.69119156391525,328.13170696023906,332.3934091117426,564000
2024-06-25,305.13421630859375,314.227174767892,293.8416772153726,293.8416772153726,1977200
2024-06-26,306.64642333984375,308.3943106888713,300.5091742256969,301.55004927809324,463800
2024-06-27,302.02142333984375,305.4680823220083,300.5681118530113,304.95747394573476,582800
2024-06-28,301.78570556640625,306.6562479672239,300.52879816520345,303.278303707672,795700
2024-07-01,302.13922119140625,304.61374916423733,299.2326284978694,301.7857000712671,472300
2024-07-02,295.9626770019531,303.12117231719594,295.0690899900968,303.12117231719594,351500
2024-07-03,295.6582946777344,298.0051931592729,292.69278664828227,295.5208358783215,316000
2024-07-05,294.3719482421875,296.5519004975064,292.72226274276755,295.65831336022745,324800
2024-07-08,298.9871520996094,299.9887403791905,294.4995883002115,294.61741868992254,430700
2024-07-09,290.8270263671875,301.47146624242544,288.21500988981427,298.25063952728715,520800
2024-07-10,293.47833251953125,294.2835467802374,289.1478860300688,293.4488749230194,585800
2024-07-11,311.63470458984375,314.5805835819097,298.30953472400876,298.30953472400876,714200
2024-07-12,322.4755859375,326.2954238679957,313.50048912617854,314.0405550186644,799600
2024-07-15,321.14013671875,330.86153260415614,319.7555698248143,323.20225826220815,475500
2024-07-16,330.822265625,333.86634713641575,319.1369494686327,321.4936471020707,523300
2024-07-17,330.3607482910156,334.73048165196406,325.0581710439011,326.75697238872004,426400
2024-07-18,324.67523193359375,335.712451491418,324.05659240908267,327.39525003673737,402600
2024-07-19,322.59344482421875,325.7651859837994,317.9684222399064,324.6752249152507,299400
2024-07-22,325.58843994140625,326.1186766927466,317.7131026376737,325.0287156257323,322300
2024-07-23,331.96136474609375,332.1577687148906,323.6539922990438,325.5884545202439,358900
2024-07-24,321.28741455078125,330.7927777845775,320.3054547960411,330.2821695002447,429800
2024-07-25,353.4466247558594,356.79511138308237,333.0611290293784,343.68594161658547,1077800
2024-07-26,365.1123046875,368.1170993164831,355.3221641578809,357.97343767149437,787200
2024-07-29,362.4708251953125,367.38062418754544,359.7016913716048,364.4445739796413,447200
2024-07-30,365.78009033203125,366.8602522968896,361.71476165530265,362.54943362664955,443300
2024-07-31,367.2922668457031,375.85495784688436,361.9405737323263,367.8519611794053,426800
2024-08-01,358.9652099609375,370.56215240970545,355.0472000807811,366.1826202404629,539600
2024-08-02,347.0148010253906,351.4139619142672,342.61561016947803,351.4139619142672,514500
2024-08-05,343.51898193359375,350.3829012789115,329.5162556330817,337.9905734595019,524500
2024-08-06,348.1341857910156,352.4155458447923,342.64503443466515,345.9542339672331,379300
2024-08-07,342.9593200683594,353.7903364341924,342.62545730248775,349.82321009594784,435900
2024-08-08,344.40277099609375,350.8935108815108,342.8021717294411,344.1769094542537,390100
2024-08-09,342.9101867675781,344.5991588882617,341.1328418574853,344.4027849008087,252800
2024-08-12,337.8629455566406,343.3324693200394,334.96615190279437,342.91020379362527,317400
2024-08-13,341.6238098144531,343.5386434190462,337.470139022481,338.8645051626061,358200
2024-08-14,337.8334655761719,343.4600761777375,337.6861775962683,342.3209991880905,265100
2024-08-15,342.0213928222656,345.7166310504366,337.8137590523482,343.7064130341724,345800
2024-08-16,340.2378234863281,345.75605186592276,339.873231462992,340.92761331074945,193600
2024-08-19,340.54327392578125,342.4845068099649,338.92723882341346,340.23780332584727,199000
2024-08-20,341.04583740234375,344.02172490292224,340.0308799044706,340.0308799044706,186900
2024-08-21,345.8742980957031,346.6133457412068,339.9914776346171,344.87903764340865,221200
2024-08-22,342.99688720703125,345.8742589461493,340.2574854473147,344.07099612687927,172100
2024-08-23,353.2845153808594,353.5801525188012,343.0856806683485,344.8889439148831,182500
2024-08-26,351.4122009277344,356.96985329722867,350.8702447181645,354.7428469130368,176200
2024-08-27,346.7808837890625,350.51551631837526,344.94802995196545,348.93887529349934,188100
2024-08-28,344.5242919921875,348.53486423197415,344.0217299953419,345.6574923109485,164000
2024-08-29,345.6968994140625,350.5154739449609,343.7261058891962,348.6235290013659,177800
2024-08-30,346.4852600097656,349.6877999980175,344.6622696943752,347.1257619930305,454900
2024-09-03,335.034912109375,346.9582194076522,334.75900220816186,345.41113921388546,429700
2024-09-04,339.4987487792969,340.0702656756212,332.4334406898091,333.6356259549687,390000
2024-09-05,336.9761657714844,340.3954940821576,335.64587399470014,340.3954940821576,290300
2024-09-06,336.38494873046875,341.41047914085897,334.94627761763473,337.8137863228099,356100
2024-09-09,341.4202880859375,346.1501806139917,337.6363680491095,338.97649323901965,431700
2024-09-10,341.3414611816406,343.4502248650085,338.8484083660247,341.3217640706286,268900
2024-09-11,340.858642578125,341.12468891311653,332.07875266028566,340.61229335508324,225500
2024-09-12,341.43011474609375,342.43523869025836,336.5326916317202,341.07538634598103,202100
2024-09-13,350.82098388671875,352.9691719244439,343.9823271825951,344.8790419456234,191300
2024-09-16,353.2549133300781,356.3392103361891,351.4417867029043,351.99360654283004,187300
2024-09-17,366.4296569824219,368.4596021528122,356.83190131849915,356.8910227235476,502800
2024-09-18,363.54248046875,372.5588563217296,361.6308080277293,366.3607313127823,336800
2024-09-19,366.65631103515625,373.4654068907936,364.6263959258838,373.02196627864384,210900
2024-09-20,359.0490417480469,363.66069174158355,358.82241972089867,363.2567055005128,341800
2024-09-23,362.921630859375,364.3307711436599,358.5169059429221,361.90667335420204,150700
2024-09-24,366.4789733886719,366.7450197320947,362.5176885825157,364.3110881284306,156100
2024-09-25,360.7242126464844,366.0552129261674,360.28077205912456,365.9271065310669,236500
2024-09-26,364.9219970703125,367.01106362319877,361.1380768284331,363.61143250998583,256800
2024-09-27,367.0997314453125,373.1303550358932,365.9862282523733,369.3661320513148,173700
2024-09-30,371.2975158691406,377.4168518740211,367.1588672000577,368.07527904050556,390500
2024-10-01,370.1249084472656,371.70154947299477,363.20743316088794,371.30739673454406,258000
2024-10-02,367.3263854980469,370.0165298163468,364.6067105480404,367.5530376071834,209000
2024-10-03,366.0256652832031,366.47893940579416,361.098681123095,364.06470513857124,226100
2024-10-04,358.59576416015625,369.11979509158573,357.7483072486098,368.8241880712351,341600
2024-10-07,357.7187194824219,358.15229646074926,352.7326143035796,355.4818796725367,241700
2024-10-08,359.6107177734375,363.0300459405438,355.15673497445516,357.71874264803847,189900
2024-10-09,360.3990478515625,360.81292777577676,355.27500208198853,359.23628674209,181400
2024-10-10,357.2063293457031,360.3004896399379,354.4866246358074,357.9749376239011,211000
2024-10-11,359.94580078125,363.44394796470925,357.02903419626244,357.20639843201405,204100
2024-10-14,362.9315185546875,363.3059741765591,357.27535014747673,359.7289787292105,208900
2024-10-15,359.3545227050781,368.1837002966042,358.7928392728994,362.93151814842264,316300
2024-10-16,366.54791259765625,367.7796585980184,361.30559440285333,361.30559440285333,199300
2024-10-17,364.0351257324219,366.5774662686905,360.65522198950856,366.5774662686905,204100
2024-10-18,365.0008544921875,367.5136044562173,361.42385907916406,365.4344315163071,216800
2024-10-21,353.73779296875,366.5085284802261,352.22027330982274,365.0008724133986,278500
2024-10-22,345.65753173828125,352.1414302654358,344.81993833864004,352.1414302654358,299800
2024-10-23,345.5589599609375,348.9388639374168,344.14984968343276,346.0615219771921,363700
2024-10-24,371.81976318359375,374.45078588448126,361.15779260859784,374.45078588448126,644100
2024-10-25,360.6552429199219,374.33255585090666,358.2902965217172,374.33255585090666,308800
2024-10-28,364.48846435546875,367.0997600585955,362.28115490760547,363.67056810932786,260100
2024-10-29,357.06842041015625,361.1085538747659,356.447645598956,361.1085538747659,329300
2024-10-30,359.1279296875,361.36476993331746,355.5903281812758,355.5903281812758,328800
2024-10-31,356.35894775390625,360.6552637841323,355.807097826206,359.53189688864046,264500
2024-11-01,357.7581787109375,363.47346842423974,357.09797966032113,358.07351292086565,225900
2024-11-04,354.83154296875,361.86729081037356,353.0676742126575,357.9454005782822,419100
2024-11-05,363.897216796875,364.07458101536196,349.72720506273845,352.6045470690577,460900
2024-11-06,365.2176208496094,368.14425054891984,352.5946902454934,367.49388505219264,421300
2024-11-07,365.858154296875,371.0906093509994,364.1632704516268,366.5775048488912,208900
2024-11-08,367.1391296386719,372.87414628076925,366.67599193585113,367.0110533139973,228800
2024-11-11,369.51397705078125,372.86435059681844,366.7745748483591,366.7745748483591,207700
2024-11-12,351.2742919921875,368.38076746185624,350.68304784747295,366.3607158786685,381400
2024-11-13,347.2303771972656,354.25033158175285,346.0537918909567,352.5595899021684,393600
2024-11-14,353.4593505859375,361.69544813097815,345.856051631576,346.9139948027753,404800
2024-11-15,355.36761474609375,374.538980149021,354.9325732563509,372.7493900008279,522000
2024-11-18,356.7715759277344,359.3818247808393,353.50879503485,355.4961120484447,341800
2024-11-19,358.6204833984375,358.87756158771674,350.00869596604406,355.76308346339613,405300
2024-11-20,356.9100036621094,358.55129097744776,354.3393123227421,357.53287514019615,287400
2024-11-21,360.25189208984375,364.24635026549373,358.43264137952247,358.87757977990725,254200
2024-11-22,362.3578796386719,367.73654700319264,361.19119117410617,363.8014401187255,337200
2024-11-25,385.6324462890625,391.1396522911883,370.702691370458,370.702691370458,737000
2024-11-26,374.2720031738281,381.71710187781224,371.04874973217267,381.71710187781224,367000
2024-11-27,372.5812683105469,380.9953286157069,370.62361191226677,378.78059403442217,254800
2024-11-29,372.8383483886719,376.5757281003347,371.93860491707767,374.25221805539314,145900
2024-12-02,371.7309875488281,375.53758532599693,366.87634354995004,373.24373578759696,253800
2024-12-03,372.0968322753906,375.1816500229516,370.41601756601347,373.1547754643356,309800
2024-12-04,369.7436218261719,373.77763704272405,364.79999643475634,372.3143130644069,285900
2024-12-05,370.1292419433594,376.4570764584545,366.1644446933606,369.16028049671394,308200
2024-12-06,368.7252502441406,374.54885566027804,368.4780689651568,371.35526267334825,327900
2024-12-09,376.0319519042969,376.52631447353156,370.0106194318382,371.9287486143485,318100
2024-12-10,370.8708190917969,376.002305162745,367.44983843566405,375.151985822222,316700
2024-12-11,371.42449951171875,375.7155631117011,370.4555379864979,375.102558336489,300200
2024-12-12,365.37347412109375,368.8241149910857,361.3987799927071,368.8241149910857,276200
2024-12-13,358.8577880859375,365.1263016160889,356.1486607866261,363.84094087851173,361200
2024-12-16,358.2645568847656,362.3479964993631,355.60488387122626,357.3351528487,336800
2024-12-17,354.50738525390625,359.5696832932574,353.62743557355486,356.4354113374743,299700
2024-12-18,339.8544921875,356.50461938305875,338.74709472095935,354.1217882522944,465500
2024-12-19,337.095947265625,341.71327671227436,336.16654323222093,339.8149413652974,455300
2024-12-20,345.1046142578125,347.0227433484911,336.9080748037372,338.93494917116277,814600
2024-12-23,343.91815185546875,344.3630902414623,339.6270883340187,343.42378928147457,340900
2024-12-24,347.6851806640625,347.8532772099551,341.8220479735996,342.88985782148904,205300
2024-12-26,345.9351501464844,346.5580518004436,341.1892514618166,345.5297692260745,399300
2024-12-27,341.20904541015625,345.9153564697714,338.54937241986397,343.0975140127409,249500
2024-12-30,335.4942321777344,340.52683967599023,333.7738298626653,339.54801141247515,284700
2024-12-31,337.095947265625,339.9731410064615,335.9490224973073,336.83886907704624,248200
