Price,Close,High,Low,Open,Volume
Ticker,POR,POR,POR,POR,POR
Date,,,,,
2015-01-02,26.312366485595703,26.339833050248547,26.023975414808174,26.106372489410926,783300
2015-01-05,26.099504470825195,26.401631442510713,25.969042218096483,26.229969342909676,761300
2015-01-06,26.085771560668945,26.532091409568892,26.03083843623819,26.161300677727922,957500
2015-01-07,26.326101303100586,26.415366333749834,26.023976932368573,26.126972626789158,695500
2015-01-08,26.58702850341797,26.65569229985231,26.36043326034396,26.435965008035296,848700
2015-01-09,26.312366485595703,26.614490838709656,26.18190423252836,26.566425660245066,488700
2015-01-12,26.23683738708496,26.44969935556678,26.072043221268615,26.394766220723973,371900
2015-01-13,26.635087966918945,26.847947261783503,26.381026212069408,26.49089245374837,724400
2015-01-14,26.992141723632812,27.019605660962345,26.367291965511946,26.470287624046474,452700
2015-01-15,26.950952529907227,27.163814499226262,26.703758660854422,27.026484280935144,521800
2015-01-16,27.42473602294922,27.43846930520677,26.86168454716838,26.90288439394104,525400
2015-01-20,27.301136016845703,27.493399327369126,27.136341887089017,27.486531377338576,368200
2015-01-21,27.534595489501953,27.562062049855218,27.060809110507332,27.23247118368217,272500
2015-01-22,27.692522048950195,27.754317869882737,27.417861732260455,27.719985985135246,320400
2015-01-23,27.953453063964844,28.015251518833264,27.719992525501418,27.747459087521946,335900
2015-01-26,27.939727783203125,27.96032902029523,27.562071615027335,27.864198645052987,295100
2015-01-27,27.75432014465332,28.111377537872787,27.706254978196384,27.802387930465375,302700
2015-01-28,27.58953857421875,28.180056738303723,27.514006815646535,27.802400564798962,406800
2015-01-29,28.008378982543945,28.00837898254394,27.459060980229108,27.63072301966217,391900
2015-01-30,27.25994110107422,27.93972152772196,27.253073150462438,27.843591174002537,470900
2015-02-02,27.38353729248047,27.48653297472515,26.97154670543489,27.253072427872674,472400
2015-02-03,27.47279930114746,27.644461388461032,27.30113721383389,27.383536901680422,517300
2015-02-04,27.033342361450195,27.50713135649294,26.964678580401706,27.39726773520215,521100
2015-02-05,27.198143005371094,27.280540078322428,27.02648090876497,27.17067644126874,414000
2015-02-06,25.783647537231445,27.053948680430562,25.70125046060228,27.04708072942056,714800
2015-02-09,25.378517150878906,25.927835193664265,25.309853377788876,25.78363969856218,723300
2015-02-10,25.91410255432129,25.982766322164423,25.364781934156863,25.405981766475648,514800
2015-02-11,25.570785522460938,25.80424606455474,25.323591699143318,25.80424606455474,401600
2015-02-12,25.522716522216797,25.721845161517393,25.40598756636465,25.70811188094265,610200
2015-02-13,25.172529220581055,25.824845698055228,24.74680796322813,25.817977747493916,1336900
2015-02-17,24.97339630126953,25.522714381405944,24.801734237517202,25.261789930438162,769500
2015-02-18,25.53644371032715,25.550176987625417,24.925327277005728,24.945928502630537,607800
2015-02-19,25.61198616027832,25.81111483552973,25.41285748502691,25.543322364363448,646700
2015-02-20,25.37166404724121,25.687521746626825,25.048938395624084,25.58452341800459,870700
2015-02-23,25.701250076293945,25.70811540784545,25.289262079952714,25.385392437808616,509700
2015-02-24,25.852317810058594,26.04457855734796,25.653189110733905,25.721852914949753,444400
2015-02-25,25.66691780090332,25.94844353876334,25.543320879954454,25.811113335558407,932600
2015-02-26,25.481521606445312,25.77678061714062,25.433456429760557,25.721847489869084,422900
2015-02-27,25.60512351989746,25.639455421463676,25.337331020582322,25.460927961705647,899500
2015-03-02,24.91846466064453,25.605112884177167,24.890998103058003,25.550179769004107,886300
2015-03-03,25.055801391601562,25.12446518419656,24.671277342744535,24.849804775105,575900
2015-03-04,24.959665298461914,25.05579826319006,24.84293634175378,24.973398579137363,387000
2015-03-05,25.138193130493164,25.26179002641283,24.897864668713712,24.959663116673546,402200
2015-03-06,24.334814071655273,24.815468390961893,24.24555168129592,24.808603060686295,1066100
2015-03-09,24.293617248535156,24.520209822309493,24.231818797623,24.341682419316236,521900
2015-03-10,24.218088150024414,24.472147311677407,24.10135656589911,24.170022974018593,450700
2015-03-11,23.861024856567383,24.286746005480982,23.840426248841645,24.20434895522303,787700
2015-03-12,24.437816619873047,24.55454559038691,24.018960677477157,24.018960677477157,515200
2015-03-13,24.34168815612793,24.458417135719536,24.149424808335915,24.43095318834008,433900
2015-03-16,24.588882446289062,24.877273543965913,24.47215084530842,24.47215084530842,940100
2015-03-17,24.479019165039062,24.678145231944615,24.40348741374286,24.513351064894774,747800
2015-03-18,25.062664031982422,25.268658007004326,24.36228242142354,24.49961261122331,933800
2015-03-19,25.062664031982422,25.337324411581964,24.83606882590947,24.98713229662477,678100
2015-03-20,25.502117156982422,25.52271576755775,24.97339765758759,25.254923352657006,1437400
2015-03-23,25.7235164642334,25.785784360625957,25.377584292997607,25.522875171495915,919600
2015-03-24,25.550540924072266,25.875717889268664,25.446760255402598,25.675076670775056,781800
2015-03-25,24.98322105407715,25.695840460160092,24.962465969007685,25.60589735943752,1069200
2015-03-26,24.831010818481445,25.20461819667819,24.644207129383073,24.941709007659774,525300
2015-03-27,25.114673614501953,25.16310390446268,24.79641666925922,24.85176444096311,590600
2015-03-30,25.502120971679688,25.585143956669498,25.107758493911703,25.17002639246734,580900
2015-03-31,25.6612548828125,25.695847580598382,25.246137230874563,25.349915324232214,1156800
2015-04-01,25.668163299560547,25.737351309945772,25.467524667575212,25.675083420225434,878400
2015-04-02,25.7235164642334,25.820377049898934,25.619735757161454,25.67508617140063,514300
2015-04-06,25.965669631958008,26.076367828446045,25.737355756374694,25.737355756374694,395600
2015-04-07,25.41218376159668,25.94491976413061,25.391428670346567,25.94491976413061,364700
2015-04-08,25.259965896606445,25.426014499507204,25.03856951890744,25.426014499507204,682200
2015-04-09,25.073163986206055,25.232292462258812,24.907115389008048,25.232292462258812,358800
2015-04-10,25.3153133392334,25.38449870942372,25.00397389487156,25.22537024658382,372100
2015-04-13,25.02473258972168,25.405260098445396,24.97630229574831,25.2668866988416,390900
2015-04-14,25.19769287109375,25.27379835529542,25.00397173985493,25.107752425448563,385300
2015-04-15,25.287639617919922,25.467525813764727,25.225371725397157,25.266884533496615,541700
2015-04-16,25.342988967895508,25.432929422800274,24.8725210528062,25.25996335517193,788300
2015-04-17,25.30839729309082,25.515956054684615,25.183861508283975,25.183861508283975,525700
2015-04-20,25.578229904174805,25.834219015117757,25.370668454987772,25.370668454987772,583000
2015-04-21,25.426015853881836,25.771948042370024,25.356830471885456,25.68892505612374,558600
2015-04-22,25.322235107421875,25.502121323174457,25.149269013411473,25.502121323174457,323000
2015-04-23,25.41218376159668,25.5436370716036,25.197704808081863,25.287647935588556,412300
2015-04-24,25.682004928588867,25.785785640813213,25.37066543116898,25.426015848156137,403200
2015-04-27,25.41909408569336,25.937992280938776,25.211532696193032,25.820373984271743,800700
2015-04-28,25.246131896972656,25.412177866964836,24.837931815133317,25.183863998412313,1871300
2015-04-29,24.74106216430664,25.100831858234507,24.581933718016852,25.01780889479036,1416600
2015-04-30,24.32594871520996,24.73414875833014,24.20833305089284,24.616533094013015,1108300
2015-05-01,24.360544204711914,24.395136895887315,24.111472605443968,24.305196426681906,647900
2015-05-04,24.658048629760742,24.93479546606864,24.3536292212248,24.3536292212248,824900
2015-05-05,24.201416015625,24.734151911977985,24.159903202145077,24.609616110791407,979500
2015-05-06,24.152978897094727,24.38129534786255,23.952337647496172,24.242921981268637,532000
2015-05-07,24.021533966064453,24.415896481861306,24.007696360689586,24.194500074370207,1103400
2015-05-08,24.173734664916992,24.450481405964858,24.076874097325998,24.284432833485635,584600
2015-05-11,24.097631454467773,24.450481036684753,24.042281051393157,24.111466415983944,793200
2015-05-12,23.84856605529785,23.903913833360793,23.661762355735746,23.751705464247834,839700
2015-05-13,23.63408088684082,23.980012985675874,23.5372203214474,23.90390750165177,807200
2015-05-14,23.99385643005371,24.000773912444085,23.661761851000577,23.710192145492506,605600
2015-05-15,24.09070587158203,24.18756641574576,24.000762806607764,24.049193078689626,606400
2015-05-18,24.18065643310547,24.229086720201813,23.99385276605412,24.042283053150463,595000
2015-05-19,24.242931365966797,24.256768971908116,24.02153494941259,24.090720339865726,934100
2015-05-20,24.33978843688965,24.540429735047947,24.249845330947466,24.249845330947466,504500
2015-05-21,24.443565368652344,24.4850755347842,24.24292410150611,24.319029591751416,360900
2015-05-22,24.37437629699707,24.4573992648938,24.236002924334137,24.408968980349663,322300
2015-05-26,24.04920196533203,24.31211113896349,23.986934072610183,24.31211113896349,402100
2015-05-27,24.194501876831055,24.222174450388994,24.014615632809882,24.014615632809882,368700
2015-05-28,24.215253829956055,24.291359335702147,24.11147311498353,24.173741016116402,390700
2015-05-29,24.187576293945312,24.353624894077253,24.111470795520383,24.208334018494906,439600
2015-06-01,24.173734664916992,24.277515352623073,24.076874097325998,24.256760270782866,499300
2015-06-02,23.765539169311523,24.111471341436893,23.61333080826842,23.98693554833152,786800
2015-06-03,23.73094940185547,23.90391550921484,23.55106581147319,23.73094940185547,839700
2015-06-04,23.800127029418945,23.890067465685952,23.606403279127424,23.64791607688679,643400
2015-06-05,23.39192771911621,23.724022192382662,23.246634242669675,23.56489375556242,1167900
2015-06-08,23.343503952026367,23.488794829751424,23.198210435048306,23.41960681232068,1043800
2015-06-09,23.025243759155273,23.391933643990583,23.01832627721631,23.32274562833631,1085800
2015-06-10,23.177452087402344,23.301987861997254,23.04599883166444,23.177452087402344,832300
2015-06-11,23.35733985900879,23.385015067098113,23.239724183508823,23.329667290172573,354600
2015-06-12,23.1082706451416,23.329667028870244,22.99757245327728,23.246641405532195,640900
2015-06-15,23.018327713012695,23.198211286428396,22.86611670833188,23.039082799377134,732700
2015-06-16,23.080595016479492,23.08751249867165,22.900708808447085,23.00448951610063,1144400
2015-06-17,23.177452087402344,23.232802493556807,22.976810823971366,23.108266718961897,592000
2015-06-18,23.627166748046875,23.668676916656853,23.21204658717724,23.21204658717724,468400
2015-06-19,23.689434051513672,23.75170194213407,23.4818726566105,23.634083642405418,1042700
2015-06-22,23.724023818969727,23.793209182590854,23.557975251325605,23.772454101355006,1163300
2015-06-23,23.4378604888916,23.793824421526345,23.368061812117055,23.73798548010671,1118300
2015-06-24,23.277328491210938,23.549539379233146,23.179612991045488,23.437864141537247,1087000
2015-06-25,23.158674240112305,23.326185761939943,23.123776228277183,23.31920722459197,1031500
2015-06-26,23.256389617919922,23.291287629574448,23.06095862261647,23.179612394751388,1222600
2015-06-29,23.151689529418945,23.563492396740568,23.1377324568395,23.1586707282559,596300
2015-06-30,23.144716262817383,23.34014727399295,23.06096049553469,23.24941296883163,973400
2015-07-01,23.319198608398438,23.33315834048404,23.095848220122072,23.179603950089046,527800
2015-07-02,23.58443260192871,23.724027286334664,23.45181645359684,23.47275738691338,527100
2015-07-06,23.772886276245117,23.800803084556186,23.493696892756113,23.59839357720131,671000
2015-07-07,24.26845359802246,24.408048339784436,23.842690833795153,23.870610314657196,790100
2015-07-08,24.06603240966797,24.35220032575776,24.05207267442612,24.18468882795007,551400
2015-07-09,23.82872200012207,24.33824034995075,23.737985053220537,24.11488991338331,787100
2015-07-10,23.98227310180664,24.240521509088797,23.724024694524484,23.80778043099902,654400
2015-07-13,24.038110733032227,24.233544345934508,23.905497254226432,24.11488793854237,421400
2015-07-14,23.98227310180664,24.121867770962105,23.94039390229594,24.052069105110945,780400
2015-07-15,24.07301902770996,24.107917042396952,23.731012093662592,23.9822820594855,561400
2015-07-16,24.47783660888672,24.5336755528847,24.073014915090965,24.073014915090965,647800
2015-07-17,24.079992294311523,24.463875696928778,24.066032558983064,24.408039418162197,628300
2015-07-20,23.912477493286133,24.073013113995664,23.793823739988962,24.045093644085554,580700
2015-07-21,23.724027633666992,23.926437133344496,23.59141148339355,23.870600856292935,604000
2015-07-22,23.85664176940918,23.982276724371793,23.59141212420507,23.66121080059945,339400
2015-07-23,23.563491821289062,23.821742921004883,23.388999130287807,23.80080198755266,534200
2015-07-24,23.60537338256836,23.79382582717176,23.137734202015334,23.56349417402957,610800
2015-07-27,23.85664176940918,23.91247804797742,23.382021420116466,23.584433587839264,1043700
2015-07-28,24.261465072631836,24.268446272014028,23.249409491104153,23.298267236589734,1113000
2015-07-29,24.777963638305664,24.7919233739456,24.100931103779068,24.226566061991164,1076400
2015-07-30,24.896615982055664,25.14090734804563,24.610448074073894,24.72910448899409,974800
2015-07-31,25.133926391601562,25.454994971067354,25.057151843027537,25.057151843027537,568200
2015-08-03,25.217687606811523,25.41311859319,25.064133167487007,25.203727870277703,452700
2015-08-04,24.88266372680664,25.196748502737755,24.826824776611435,25.1897699652372,389800
2015-08-05,24.931514739990234,25.126945687768963,24.903595272437,24.97339127877312,331100
2015-08-06,25.043195724487305,25.071112535933274,24.77796604664371,24.966418502278824,557100
2015-08-07,25.259559631347656,25.36425630533247,24.88963599834949,24.994332672334302,530400
2015-08-10,25.308414459228516,25.566665515351428,25.196739262340426,25.28747619185785,632800
2015-08-11,25.678346633911133,25.699284906110364,25.21768600769669,25.301441759040955,833000
2015-08-12,26.076189041137695,26.125046783247914,25.55271095063053,25.61552842799328,975900
2015-08-13,25.999414443969727,26.16692862130413,25.762104245898705,25.992435906915073,985200
2015-08-14,26.257659912109375,26.29953911728925,25.85283824555947,25.971491999748288,966600
2015-08-17,26.36236000061035,26.52289298072482,26.090151788131575,26.264644505110027,515000
2015-08-18,26.12504768371582,26.376317601827495,26.07618993992159,26.292559187425372,531900
2015-08-19,26.06920623779297,26.264639856753032,25.85981554698663,26.00638876429636,865200
2015-08-20,25.852848052978516,26.208812113129085,25.824928572267194,25.964523313275578,773300
2015-08-21,25.636472702026367,25.957538700365948,25.455001426349003,25.46197996433557,840200
2015-08-24,24.463878631591797,25.35728316195439,24.394082609124094,25.092053483991464,898700
2015-08-25,23.84267807006836,24.840776344913305,23.80778006894691,24.729101143796584,1155800
2015-08-26,24.233545303344727,24.31032251188816,23.54953428753059,24.170727829313474,1107300
2015-08-27,24.519712448120117,24.533672182201684,24.10092841331424,24.428975507863456,757900
2015-08-28,24.408044815063477,24.60347582777946,24.059059342329014,24.519720059836587,583800
2015-08-31,24.107913970947266,24.380122178392327,23.80080509071385,24.303344958333973,1789700
2015-09-01,23.521617889404297,23.912479856586415,23.402961461832966,23.800804628456174,781200
2015-09-02,23.521617889404297,23.72403007243644,23.305245970037436,23.72403007243644,1148600
2015-09-03,23.807785034179688,23.863621315109576,23.26336864801325,23.54255537775744,1003300
2015-09-04,23.53557777404785,23.703089286025055,23.44484081857417,23.570475783830812,1003300
2015-09-08,24.261465072631836,24.289384545065722,23.807785627044673,23.84966217314806,925500
2015-09-09,23.92643165588379,24.380113617347405,23.87757392619344,24.289376692545368,917000
2015-09-10,23.807785034179688,24.052073755524276,23.731007818172138,23.933419994456152,519200
2015-09-11,24.093948364257812,24.100926899586774,23.6053683522778,23.710065020040254,420700
2015-09-14,24.191669464111328,24.366162175959374,24.079994235030476,24.079994235030476,481300
2015-09-15,24.25448226928711,24.296361470571135,23.989252652915567,24.198643334241744,410500
2015-09-16,24.387100219726562,24.540654656722104,24.191669236312208,24.28240619113207,536600
2015-09-17,24.72910499572754,25.02923264470567,24.359181333634734,24.359181333634734,640900
2015-09-18,24.784944534301758,24.99433792628707,24.526696056746808,24.526696056746808,1672000
2015-09-21,25.02225685119629,25.126953556032213,24.73608887553228,24.889643332612216,690100
2015-09-22,24.85474395751953,25.07809443056132,24.736087521033024,24.81984594533444,704800
2015-09-23,25.129262924194336,25.143341264558664,24.685804600808925,24.763234130228316,942900
2015-09-24,25.382667541503906,25.4389782174842,24.81954467068789,25.00959823681297,1134900
2015-09-25,25.69940757751465,26.023203867191107,25.27706832686531,25.424886796075835,799100
2015-09-28,25.614953994750977,25.86132092732889,25.446019278004492,25.60791616704025,811000
2015-09-29,25.438976287841797,25.819083391259394,25.326352259255323,25.5445624894029,1273900
2015-09-30,26.02322006225586,26.06545240250282,25.41786479047079,25.572723865160686,812600
2015-10-01,25.636072158813477,26.09360886552806,25.424902403856404,26.030257670524026,700900
2015-10-02,26.009136199951172,26.05136853123422,25.565677925299156,25.7698098103958,776100
2015-10-05,26.318851470947266,26.325891982906054,25.903549875941195,26.13583843754715,761300
2015-10-06,25.966909408569336,26.347016621527917,25.93171489296267,26.30478159169827,658800
2015-10-07,25.875391006469727,26.023212208227804,25.783885840105594,25.924666530501305,763700
2015-10-08,26.2766170501709,26.31884937789079,25.769807636185476,25.854274976793597,699100
2015-10-09,26.325897216796875,26.417402409104938,26.178075973127907,26.318856703438353,374100
2015-10-12,26.57225227355957,26.72711129175863,25.71349253288211,26.403314918690764,590900
2015-10-13,26.522991180419922,26.7412014676578,26.45963997994243,26.558185695092007,630600
2015-10-14,26.579294204711914,26.825661106733747,26.53706187334769,26.53706187334769,502600
2015-10-15,26.95940399169922,26.980522844660037,26.522986184595727,26.6215318811834,380400
2015-10-16,27.057954788208008,27.290243418377194,26.98052792998763,27.057954788208008,562400
2015-10-19,27.093143463134766,27.093143463134766,26.783425387029347,26.987557267159097,518700
2015-10-20,27.226884841918945,27.32543053038387,26.924207264394617,27.00867461376903,473900
2015-10-21,27.0720272064209,27.50844768544012,27.06498937909358,27.38174531219825,454500
2015-10-22,27.374706268310547,27.374706268310547,27.057950318212434,27.205771551704157,771600
2015-10-23,26.966449737548828,27.37471094337809,26.818628478812112,27.37471094337809,438000
2015-10-26,27.1776123046875,27.233922976516993,26.76231069491645,27.029793770320342,1000200
2015-10-27,26.910127639770508,27.416937082143267,26.853816971267143,26.959400481649137,1497100
2015-10-28,26.332927703857422,26.92420445818909,25.95986115493246,26.593370236965317,1649600
2015-10-29,26.01616668701172,26.107674520922796,25.734608045607512,26.10063669608401,932000
2015-10-30,26.100645065307617,26.368125457634555,25.93874550525621,26.079526213683835,1010500
2015-11-02,25.89651107788086,26.171031960269175,25.790924883807605,26.086564616111648,902400
2015-11-03,26.002094268798828,26.023213118456283,25.66422221113218,25.82611907094109,978600
2015-11-04,26.248462677001953,26.347008363882317,25.910590599768454,26.002095774632462,652700
2015-11-05,26.142871856689453,26.283652535275667,26.107677358334925,26.220301364170275,706600
2015-11-06,24.960329055786133,25.69238674727232,24.756197119380886,25.636073377849115,827700
2015-11-09,25.05887222290039,25.16445843726419,24.79842962868371,24.85474299238946,723200
2015-11-10,25.234838485717773,25.410813656985454,25.04478766369654,25.058863314450097,939900
2015-11-11,25.41082000732422,25.509368383403174,25.101104595153583,25.291158149838527,785700
2015-11-12,24.882890701293945,25.50232411968471,24.819539525717975,25.35450560506355,752000
2015-11-13,24.65764617919922,25.22076901333937,24.615413846256782,24.84769973294622,682400
2015-11-16,25.284120559692383,25.291161072810343,24.67876800482863,24.67876800482863,693400
2015-11-17,24.83362579345703,25.389708213851193,24.735080085573337,25.234849138508732,827200
2015-11-18,25.30522918701172,25.319307522389018,24.62948519990879,24.868811530987067,903800
2015-11-19,25.805004119873047,25.84723913600554,25.2700406747042,25.312273005668146,1080100
2015-11-20,26.058406829833984,26.128795832772628,25.81203994921205,25.938742302636282,929200
2015-11-23,25.7557315826416,26.220306024938466,25.713496566007855,26.149917015717474,933200
2015-11-24,25.8824405670166,25.945791765585508,25.467138861991398,25.643114115219547,613700
2015-11-25,25.77684211730957,25.875387782758658,25.614945283333498,25.861312132124212,378100
2015-11-27,25.833158493041992,25.93874199620262,25.70645614111459,25.769807317078293,250500
2015-11-30,25.98802375793457,26.14992335167352,25.826126849364858,25.86132404767199,734300
2015-12-01,26.354042053222656,26.368120389876534,26.002091692380198,26.086561712303464,718100
2015-12-02,25.727569580078125,26.255495095477137,25.727569580078125,26.255495095477137,583300
2015-12-03,25.382667541503906,25.748696333466775,25.347470348201266,25.678304632030347,441700
2015-12-04,25.966909408569336,25.966909408569336,25.467140305514214,25.467140305514214,838900
2015-12-07,25.875391006469727,26.016171696865438,25.6853401623791,25.889469344026132,700600
2015-12-08,25.79796600341797,25.973941207574523,25.636066452645643,25.81908216866283,684700
2015-12-09,25.657184600830078,26.016172826009903,25.579755083493453,25.74869245633413,607100
2015-12-10,25.227807998657227,25.65014745848341,25.14334064372575,25.65014745848341,616100
2015-12-11,25.40378189086914,25.495289753601657,24.981442453158344,25.079988142946288,858600
2015-12-14,25.41786003112793,25.55160022548315,25.284117151604075,25.354508847450482,937500
2015-12-15,25.7557315826416,25.88947177422892,25.36154614956573,25.424897331932055,622600
2015-12-16,26.241426467895508,26.276623663411556,25.76277360870265,25.86132199691096,712700
2015-12-17,26.044326782226562,26.6074468242681,26.02321061976506,26.227339788952,1220600
2015-12-18,25.438976287841797,26.121760971554668,25.42489794862241,25.94578575906526,1905300
2015-12-21,24.854740142822266,25.565678824500793,24.70691892262668,25.537522145876046,1481200
2015-12-22,25.50232696533203,25.586794313802415,24.66468593717663,24.92512849464199,891200
2015-12-23,25.89980697631836,25.98497959978288,25.23261375434444,25.5520144768225,505300
2015-12-24,25.857223510742188,25.963691338057913,25.772050873443202,25.84302761992747,185700
2015-12-28,26.134033203125,26.15532568277453,25.722363253563262,25.750752323899647,517900
2015-12-29,26.354061126708984,26.40374537618865,26.134028945021523,26.22630085445027,560300
2015-12-30,26.417949676513672,26.58119836359434,26.169525642407923,26.318581145907128,734900
2015-12-31,25.814632415771484,26.403749622324664,25.772047456562603,26.361161955526818,557900
2016-01-04,25.410057067871094,25.686870111407217,25.19002757561866,25.21132005355567,1175000
2016-01-05,25.544910430908203,25.615887145148793,25.033869424094075,25.452638536324965,564500
2016-01-06,25.573305130004883,25.580404427546924,25.296492092816383,25.33907975530257,923800
2016-01-07,25.48813247680664,25.53781672917637,25.197123552531654,25.268100282320212,1138600
2016-01-08,25.509428024291992,25.786243801995067,25.45264717514529,25.57330817182516,962900
2016-01-11,25.772045135498047,25.828825978525785,25.502328685247317,25.580404713550585,649300
2016-01-12,25.6939697265625,26.041759505911454,25.154536813057696,26.041759505911454,799700
2016-01-13,25.942384719848633,26.226296995894735,25.679767624438277,25.693963508999392,1355800
2016-01-14,26.538604736328125,26.666365020614222,25.757849850214225,26.091443741326785,1238800
2016-01-15,26.077251434326172,26.19791242486609,25.57330687050199,25.87141511301692,1205400
2016-01-19,26.751535415649414,26.8650998025027,26.098540868140134,26.20500595779653,1181000
2016-01-20,26.141128540039062,26.787026498223735,25.715260058460732,26.545701837605915,1207400
2016-01-21,25.963682174682617,26.261787653813215,25.70106234868086,26.148223274965126,1618900
2016-01-22,26.730239868164062,26.730239868164062,25.97077761066543,25.97077761066543,1154400
2016-01-25,26.26888656616211,26.765731782909516,26.19081324871473,26.687655757873532,830000
2016-01-26,26.559892654418945,26.801217293571778,26.361155671912485,26.361155671912485,760800
2016-01-27,26.680564880371094,26.82252107377543,26.339871640754197,26.43924016386048,792200
2016-01-28,27.049652099609375,27.219997379474105,26.26889432619626,26.58119851859727,689500
2016-01-29,27.589073181152344,27.695540976070728,27.14901153016079,27.255479325079175,728600
2016-02-01,27.986557006835938,28.220782424676408,27.170310924846085,27.35485478868567,1107900
2016-02-02,28.369834899902344,28.497595189714993,27.787817005239788,27.851697150146112,925100
2016-02-03,28.596952438354492,28.7318092655544,28.242063485903095,28.497583964882153,1040700
2016-02-04,28.32015037536621,28.703428533585097,28.2420743425992,28.46920314287294,685200
2016-02-05,28.554370880126953,28.68922773609254,27.901376367971363,28.178189376715075,765900
2016-02-08,28.355640411376953,28.68213774253519,27.86589170705056,28.518889076956068,1140900
2016-02-09,28.334339141845703,28.60405556549566,28.305950076926067,28.369830211275044,1136400
2016-02-10,28.071718215942383,28.469194854496536,27.71682923038663,28.355630487422218,1814900
2016-02-11,27.695539474487305,28.121405215894455,27.6671477030366,27.972352477160786,1245500
2016-02-12,27.12771224975586,27.880075092156783,26.850899301507383,27.880075092156783,1294400
2016-02-16,26.85800552368164,27.163210347281677,26.694756872758866,26.850908933462733,1346400
2016-02-17,26.66636848449707,27.06384527697253,26.623780815006764,26.865105526940233,1442500
2016-02-18,26.96446990966797,27.04254322252758,26.545700742564375,26.701850075872045,2181500
2016-02-19,26.88640022277832,27.03545300187925,26.694759774967512,26.92898518389911,1019100
2016-02-22,27.290971755981445,27.60327318266333,26.999962808422058,27.056743655278357,969500
2016-02-23,27.369047164916992,27.425828010477403,26.985766303926066,27.12062318127228,685200
2016-02-24,27.624570846557617,27.68135441166035,27.333561844379638,27.354857035087868,473000
2016-02-25,27.929767608642578,27.951062793151007,27.589074439982554,27.645857988553534,453300
2016-02-26,26.93607521057129,27.809101811693278,26.92897591443548,27.738125095864103,580500
2016-02-29,27.007061004638672,27.30516926802219,26.801224668920177,26.90059589510739,596200
2016-03-01,26.75864028930664,27.262582191764565,26.6450758787867,27.127725300393735,470900
2016-03-02,26.623775482177734,26.701851506809845,26.290181614552242,26.687655619823225,1185800
2016-03-03,27.09932518005371,27.10642176895673,26.40374304126138,26.708947808268704,858600
2016-03-04,26.843809127807617,26.9360810444405,26.5031159443809,26.9360810444405,1261100
2016-03-07,26.90768814086914,26.907688140869144,26.623775812788345,26.75153608966584,980800
2016-03-08,27.5109920501709,27.581971469464435,26.76572574691076,26.928974349903896,785500
2016-03-09,27.589073181152344,27.738128635555782,27.369043709450818,27.447117023790668,775200
2016-03-10,27.674259185791016,27.738139345889948,27.18451038916937,27.62457221007892,674400
2016-03-11,27.851696014404297,27.958161113180786,27.603272035414918,27.80910835034043,522100
2016-03-14,27.55358123779297,28.022034600893463,27.510993583842687,27.844590104149514,379000
2016-03-15,27.610368728637695,27.823301613692756,27.36194477308301,27.46841256940481,459100
2016-03-16,27.851696014404297,27.901380268684417,27.248382957649053,27.57488025937234,536200
2016-03-17,28.23497772216797,28.298857872527183,27.702644038370902,27.85169952760182,740100
2016-03-18,28.071718215942383,28.320142130384262,27.865881954498906,28.320142130384262,771100
2016-03-21,28.007844924926758,28.071725066218832,27.624564077174288,27.979453149332777,510600
2016-03-22,27.88626480102539,28.05791506244238,27.213960213535675,27.213960213535675,569200
2016-03-23,28.25101661682129,28.343995410125792,27.67169099007464,27.8862578559052,530900
2016-03-24,28.12228775024414,28.32970100704963,27.92917913821821,28.143743353247462,800200
2016-03-28,27.922019958496094,28.301083384378856,27.778976281151078,28.08651923252694,743200
2016-03-29,28.308231353759766,28.3511425384682,27.922014321399843,28.050753332186485,1058900
2016-03-30,28.143733978271484,28.3869074018562,28.07221350652997,28.3869074018562,514500
2016-03-31,28.24386978149414,28.34399954504579,28.05076121107392,28.179500258020735,1123500
2016-04-01,28.39406967163086,28.41552527397469,28.000701501446354,28.229570354220318,1066500
2016-04-04,28.6086368560791,28.63009246065485,28.26533354120602,28.4155282299007,840600
2016-04-05,28.0292911529541,28.594311986032803,28.0292911529541,28.594311986032803,475500
2016-04-06,28.07936668395996,28.093671325106243,27.843346925874613,27.99354156541359,390300
2016-04-07,28.086523056030273,28.329696522121374,27.99354424384884,28.057913771000358,497300
2016-04-08,28.115121841430664,28.394055445475242,28.0793588843332,28.272467393671118,587700
2016-04-11,27.98639488220215,28.351153737967138,27.87911142138976,28.143740502173443,304700
2016-04-12,28.115121841430664,28.193793253385607,27.922013332092746,28.043598655566306,210400
2016-04-13,27.936321258544922,28.172340978860326,27.829037831281898,28.172340978860326,366400
2016-04-14,28.022151947021484,28.065065872143858,27.836194333155976,27.864803616570892,340000
2016-04-15,28.293933868408203,28.315389466186108,27.943476977491386,28.10082530341298,337600
2016-04-18,28.33685302734375,28.344006714167655,28.129442491096498,28.29394181972879,219800
2016-04-19,28.351158142089844,28.451287932625497,28.193809769344007,28.451287932625497,257400
2016-04-20,27.600173950195312,28.451279650319517,27.57156466741852,28.30823869309831,301100
2016-04-21,27.11382293701172,27.57871416234553,27.042302469266957,27.5358002447001,608200
2016-04-22,27.271183013916016,27.357008157929464,27.128139288338847,27.199659786961362,568100
2016-04-25,27.249713897705078,27.292627816894868,27.01369416298887,27.149584147926625,315500
2016-04-26,27.33553695678711,27.500036192423963,27.1638840383705,27.1638840383705,398100
2016-04-27,27.75752067565918,27.9005616246276,27.23541357259704,27.421368443254714,415000
2016-04-28,27.78612518310547,27.943473489385713,27.36414786671564,27.478582254465543,366800
2016-04-29,28.408361434936523,28.51564212634396,27.221103776378275,27.643081043907873,1651000
2016-05-02,28.96623420715332,29.1021242002469,28.386908540811017,28.46558269988196,720700
2016-05-03,29.216550827026367,29.29522496517539,28.758813363247143,28.966226504125384,783100
2016-05-04,29.624237060546875,29.72436956412296,28.98054447897684,29.2022623586834,848100
2016-05-05,29.667146682739258,29.867406204148608,29.445428835227936,29.524102998161997,734000
2016-05-06,29.45257568359375,29.631379565729052,29.137881833234673,29.631379565729052,674700
2016-05-09,29.681446075439453,29.76727117967675,29.41681707918143,29.509793138633977,696400
2016-05-10,29.795886993408203,29.874561159688707,29.55986722289816,29.752973067710254,522600
2016-05-11,29.702898025512695,29.967529717637003,29.51694320108937,29.831637030240593,352700
2016-05-12,29.760116577148438,29.996136266957848,29.359594925909676,29.667137800760226,500100
2016-05-13,29.602783203125,29.810196451679207,29.45973948935203,29.702912984266504,420500
2016-05-16,29.609933853149414,29.63854041030512,29.302390854989618,29.54556432496872,420600
2016-05-17,29.030603408813477,29.545559551053387,28.787429978125875,29.545559551053387,608800
2016-05-18,28.51563835144043,29.15217964585019,28.386899356129433,28.873246065453134,379900
2016-05-19,28.8518009185791,28.873256516120005,28.229564034911036,28.38690963076319,464900
2016-05-20,28.923328399658203,28.959091375328068,28.651548337224742,28.909023755056655,383300
2016-05-23,28.487035751342773,28.99483812073718,28.47988206820724,28.923314931035403,378800
2016-05-24,28.85895538330078,28.887564669054168,28.4870455818334,28.50850118198261,649800
2016-05-25,28.52994728088379,28.959078239277325,28.479882411654156,28.744511395915183,473700
2016-05-26,28.973386764526367,29.016300688663446,28.501344512344026,28.565714034383955,239900
2016-05-27,29.15934181213379,29.18795109237818,28.909014702492065,29.066363015505083,319000
2016-05-31,29.45257568359375,29.488335914354664,29.023447457801307,29.09496791932314,693300
2016-06-01,29.581329345703125,29.6099386358115,29.331002149752976,29.35961143986135,322600
2016-06-02,29.710058212280273,29.710058212280273,29.295231833270186,29.50264502277523,397700
2016-06-03,30.167789459228516,30.32513773943065,29.924616084520917,29.967529995938925,491400
2016-06-06,29.6885986328125,29.99614156195129,29.61707816347693,29.6885986328125,812100
2016-06-07,29.724361419677734,29.931771870854277,29.595622392971745,29.760121654133624,530600
2016-06-08,30.074813842773438,30.08196752626022,29.667141190613968,29.667141190613968,287200
2016-06-09,30.4395809173584,30.49679675414331,30.03190819006474,30.03190819006474,456000
2016-06-10,30.51824951171875,30.661293182865716,30.310839053303297,30.403815120467396,287500
2016-06-13,30.3895206451416,30.60408484020019,30.353757672355368,30.539715308849438,318500
2016-06-14,30.604087829589844,30.639848077537355,30.232175248605262,30.432434819776947,279500
2016-06-15,30.160640716552734,30.69705241965005,30.060510968507533,30.58261803212253,405500
2016-06-16,30.453880310058594,30.489640542927482,30.167792990445736,30.167792990445736,335900
2016-06-17,30.353748321533203,30.518247578013288,30.081968364738767,30.518247578013288,879000
2016-06-20,30.332294464111328,30.453882538760766,29.967535696825184,30.389513023553672,488800
2016-06-21,30.41097640991211,30.58978036147909,30.110584352547054,30.418127367508806,371000
2016-06-22,30.232166290283203,30.44673044272117,30.225012605814243,30.410970205370045,377100
2016-06-23,30.304229736328125,30.3330572501402,30.059201367211553,30.318643493234163,478200
2016-06-24,30.469989776611328,30.787086992278642,29.96552193194709,30.015968716413514,1142300
2016-06-27,30.952838897705078,31.03931870074459,30.390713305089832,30.390713305089832,729800
2016-06-28,30.981658935546875,31.14020474465282,30.642942560794822,30.988864438584216,740400
2016-06-29,31.0321102142334,31.334790870360163,30.945627670360228,31.08976249433907,350000
2016-06-30,31.796030044555664,31.796030044555664,31.01770615046,31.096980465880034,455700
2016-07-01,31.997814178466797,32.0842939845953,31.55099589032535,31.997814178466797,465900
2016-07-05,32.45904541015625,32.50228394122434,32.06267663021812,32.06267663021812,638300
2016-07-06,32.177974700927734,32.58154887018206,32.09149216539365,32.45903606855638,1569000
2016-07-07,31.651887893676758,32.13473918144823,31.55099433331526,32.12032542294754,1021300
2016-07-08,31.968982696533203,32.012221219665015,31.406859902674633,31.60143875505404,915800
2016-07-11,31.745573043823242,31.796019819386814,31.392445614878227,31.774400558186166,1139000
2016-07-12,31.35641098022461,31.651886140262043,31.248311921172775,31.54378708121021,886000
2016-07-13,31.75278091430664,31.817641446269988,31.507752543461002,31.565404822348953,488500
2016-07-14,31.450111389160156,31.752794921560948,31.385250828584574,31.752794921560948,522600
2016-07-15,31.56540870666504,31.709543545336153,31.356413328049094,31.478928903119726,394300
2016-07-18,31.75278091430664,31.796019436186842,31.637473607387697,31.666298372260147,540500
2016-07-19,31.745573043823242,31.84646659495039,31.615851978333172,31.796019819386814,447700
2016-07-20,31.723960876464844,31.85368197096204,31.601445287598068,31.759993902904352,322000
2016-07-21,31.9833984375,32.06987823827004,31.587029705732064,31.659095748183216,541100
2016-07-22,32.3437385559082,32.423012862894105,31.96178078126193,31.96178078126193,321300
2016-07-25,32.141944885253906,32.430214558766956,32.062673336724,32.32211274391372,375700
2016-07-26,31.911334991455078,32.19239645289652,31.774408388203643,32.127538653311966,385700
2016-07-27,31.514963150024414,31.961778693036962,31.19066043769938,31.86809338103245,496800
2016-07-28,31.48613739013672,31.579825456518083,31.291555751872494,31.493345644781865,482100
2016-07-29,31.47172737121582,31.71675582454942,31.42128057927749,31.493349388577943,847100
2016-08-01,31.925743103027344,31.947365114873342,31.406861554159075,31.406861554159075,949500
2016-08-02,31.543785095214844,31.875293254064484,31.399650276410608,31.572612608804295,754000
2016-08-03,31.269926071166992,31.687916728768812,31.14741327444126,31.507748910659625,552200
2016-08-04,31.529380798339844,32.04105694692981,31.26993859647906,31.26993859647906,975200
2016-08-05,31.118587493896484,31.57261119053463,31.04652146230314,31.46450939400173,540700
2016-08-08,31.024906158447266,31.262729062559508,30.880771314968044,31.11138596487741,364000
2016-08-09,31.017704010009766,31.111389331637586,30.851949884271576,30.99608199420477,406600
2016-08-10,31.082557678222656,31.125796201973156,30.86635681204065,30.974455870560067,626900
2016-08-11,31.075359344482422,31.14742815564381,31.003293282465076,31.104186868946975,335900
2016-08-12,31.096973419189453,31.334793562414653,31.060937648241485,31.248313760254884,254000
2016-08-15,30.6213321685791,31.176246784832845,30.6213321685791,31.118594496413436,610200
2016-08-16,30.275407791137695,30.556471978787627,30.26820228593087,30.556471978787627,547100
2016-08-17,30.50602149963379,30.592501297357874,29.915068425946803,30.268198619463554,651200
2016-08-18,31.11138916015625,31.111389160156254,30.484405688142626,30.484405688142626,628800
2016-08-19,30.686189651489258,30.98887032108318,30.578087841409584,30.96004280517617,360800
2016-08-22,31.003286361694336,31.07535240762459,30.62133136980581,30.72943043870119,323200
2016-08-23,30.758251190185547,31.183447365578857,30.751042937692212,31.003279541245128,241400
2016-08-24,30.77988052368164,30.808708044804607,30.397925490805378,30.71501997572683,291000
2016-08-25,30.73664665222168,30.909606306900617,30.671786094431045,30.82312647956115,320200
2016-08-26,30.080829620361328,30.988874500760424,29.994347060975812,30.765465346063248,399500
2016-08-29,30.426753997802734,30.462787025802108,30.05920996443523,30.05920996443523,476900
2016-08-30,30.116865158081055,30.585300022686315,30.080832129902777,30.347479837394623,463000
2016-08-31,30.347476959228516,30.43395676848337,30.008760478360287,30.15289532654742,821200
2016-09-01,30.28982925415039,30.433964137235847,30.181730153694474,30.261004476848687,546800
2016-09-02,30.73664665222168,30.758265921770512,30.253795222192682,30.253795222192682,481800
2016-09-06,31.226686477661133,31.226686477661133,30.765454569923747,30.85193709901724,378000
2016-09-07,31.44289779663086,31.52217210018752,30.98887398935225,31.212283140362516,589700
2016-09-08,31.399654388427734,31.51496170874287,31.190659011249252,31.284347068112602,353100
2016-09-09,30.304229736328125,31.21227717740726,30.304229736328125,31.118589132089532,496100
2016-09-12,30.66456413269043,30.700597148881258,30.181715667618917,30.246576196419575,631500
2016-09-13,30.152889251708984,30.66456524800065,30.066409459877033,30.556466195496462,448900
2016-09-14,30.19614028930664,30.455579748719646,30.05921092971055,30.203345795480377,383400
2016-09-15,30.592504501342773,30.6141237657522,30.066414657279914,30.160099969149766,388800
2016-09-16,31.017704010009766,31.032117770831842,30.39792604037945,30.614126954423014,1066800
2016-09-19,31.435686111450195,31.464513627623496,30.996076111808772,31.046525639683676,488100
2016-09-20,31.298763275146484,31.60865223819891,31.262730250193698,31.565410958769416,525800
2016-09-21,31.709545135498047,31.759991919191222,31.133008501044973,31.277143346944122,895700
2016-09-22,31.978145599365234,31.992664953769275,31.695025111695653,31.92007095103276,1019700
2016-09-23,31.898292541503906,31.999928028726078,31.673249457293046,31.796659823565598,726500
2016-09-26,31.767616271972656,32.02895908929394,31.724060981941403,31.9273263868431,505000
2016-09-27,31.5933895111084,31.95636503016624,31.491756808857556,31.861990619811838,721600
2016-09-28,31.368350982666016,31.731326586082982,31.136046818021885,31.687771286014762,405500
2016-09-29,30.976322174072266,31.252184279006592,30.816614866401057,31.252184279006592,362100
2016-09-30,30.918251037597656,31.15781341080953,30.656908252796995,31.099738774899997,637400
2016-10-03,30.431861877441406,30.9037310930829,30.344748540607746,30.9037310930829,598400
2016-10-04,29.5679874420166,30.44638759268291,29.415538378370442,30.44638759268291,692200
2016-10-05,29.633329391479492,29.87289462990537,29.52443559777969,29.66962639961802,574400
2016-10-06,29.6768856048584,29.727701966927764,29.36472636969857,29.44458144417444,337200
2016-10-07,29.466350555419922,30.13422413153664,29.45909226406354,29.894661746810684,558400
2016-10-10,29.72043800354004,29.800293070222246,29.335684794198986,29.41553986088119,449400
2016-10-11,29.270339965820312,29.655093055326926,29.241301265292254,29.6405764743458,408600
2016-10-12,29.669618606567383,29.684137959865968,29.321162435251743,29.321162435251743,272900
2016-10-13,30.264902114868164,30.569803034554198,29.705919403180296,29.734958113490173,730000
2016-10-14,30.1269588470459,30.344743537866822,30.018065116994144,30.08340080116868,283200
2016-10-17,30.163267135620117,30.33749661512716,30.097931426965427,30.228602844274803,239300
2016-10-18,30.322973251342773,30.47542229495027,30.010814103413175,30.33023154277411,349000
2016-10-19,30.43912124633789,30.482679296976077,30.17777848107456,30.3447468545966,514400
2016-10-20,30.431861877441406,30.59883302952357,30.308451547700642,30.46090057948031,306600
2016-10-21,29.996299743652344,30.344755945299905,29.909186385561384,30.25038152528586,467600
2016-10-24,30.264902114868164,30.337498890642856,30.02533967802127,30.054378388331145,333300
2016-10-25,30.308446884155273,30.359263220262747,30.192294863154967,30.228591850477073,386000
2016-10-26,30.235862731933594,30.35201479066706,30.105191319698005,30.301198438051387,423200
2016-10-27,30.388317108154297,30.475430475129553,29.960005797373604,30.03259980830565,456800
2016-10-28,31.172327041625977,31.324778817638435,30.424598587327733,30.998100396586867,1197900
2016-10-31,31.68050193786621,32.17414885095441,31.25219072707743,31.25219072707743,1082600
2016-11-01,30.8964786529541,31.62968801794142,30.889217591427855,31.622429725698744,608700
2016-11-02,30.758544921875,30.925513329480108,30.38105004713515,30.85291933288083,559000
2016-11-03,30.860177993774414,30.96907175925866,30.533502235888655,30.584318587972373,421300
2016-11-04,30.765804290771484,31.288487129958693,30.75854322994089,30.96181139394793,408700
2016-11-07,31.281225204467773,31.30300284586303,30.526235584224995,30.93276909572872,529300
2016-11-08,31.774879455566406,31.876512164805796,31.28849078655607,31.32479055638468,733100
2016-11-09,31.070701599121094,31.324786105399966,30.765803514726333,31.106998594508582,932700
2016-11-10,30.562536239624023,31.034405501156094,29.923701348338014,30.860176041261436,795600
2016-11-11,30.417348861694336,30.918254068815493,30.337493806367043,30.62787255294958,1144300
2016-11-14,29.938228607177734,30.381056511510234,29.66962467018419,30.23586848741908,965500
2016-11-15,30.30120086669922,30.424611227433353,29.894667243906564,30.047116313972406,473000
2016-11-16,30.06889533996582,30.562542344103193,29.880149259223348,30.43187091540307,619400
2016-11-17,30.17778778076172,30.337497913035644,29.981780646412012,29.981780646412012,386300
2016-11-18,30.30120086669922,30.4100918727675,30.11971308730167,30.156010089324432,447900
2016-11-21,30.66417121887207,30.751284562792033,30.37378971342782,30.42460606148807,504200
2016-11-22,30.66417121887207,30.68594886253124,30.126966264585185,30.359270361227278,659700
2016-11-23,30.388317108154297,30.649659978364074,30.235868023626594,30.235868023626594,355600
2016-11-25,30.867450714111328,30.976341751441584,30.41010060332755,30.482697397498924,133600
2016-11-28,31.469982147216797,31.63695335347465,30.874702408689316,30.998115547755912,380900
2016-11-29,31.32479476928711,31.7240673675477,31.273978407833074,31.433685785566908,755300
2016-11-30,30.19957733154297,31.01264489879266,30.1923190359804,30.86745406397773,747800
2016-12-01,29.80754852294922,30.192301659885832,29.65509671102504,29.923700570097058,599400
2016-12-02,30.00356101989746,30.410091873415023,29.909186599209278,30.03259695994604,534200
2016-12-05,29.829334259033203,30.047119060359627,29.553472033734938,29.916447625706976,834100
2016-12-06,29.749473571777344,30.054374451524573,29.5897634552772,29.872886689786586,596000
2016-12-07,30.308446884155273,30.381040858799484,29.793022464046572,29.83657774112005,384600
2016-12-08,30.59157943725586,30.714992566406746,29.938225097584823,30.047116102888133,589100
2016-12-09,30.99810218811035,31.01987982767822,30.526233022732963,30.58431042062429,435200
2016-12-12,31.375608444213867,31.484499451169903,30.729512387376587,30.773067682445493,542400
2016-12-13,31.440948486328125,31.70954966362015,31.375612765442586,31.571619928099196,553300
2016-12-14,30.838397979736328,31.731317372559385,30.809359275266488,31.607907032487475,470200
2016-12-15,31.237672805786133,31.259453220406193,30.569799168818633,30.714989932723935,521400
2016-12-16,31.484493255615234,31.77487475559059,31.215892168172125,31.54982895464553,1298200
2016-12-19,31.709545135498047,31.803919556474746,31.469979936699602,31.6659870713664,995200
2016-12-20,31.818437576293945,31.920070285720207,31.382865261102438,31.571614095137182,504200
2016-12-21,31.72405433654785,32.04347173009536,31.71679327687469,31.832945308099497,510500
2016-12-22,31.811809539794922,31.81912137198646,30.970806562513694,31.73868005903606,437000
2016-12-23,31.702117919921875,31.943450268944478,31.628988426727275,31.89957089920091,447200
2016-12-27,31.636308670043945,31.753317564086597,31.453482098745305,31.621684999286693,393500
2016-12-28,31.416927337646484,31.658259827601835,31.358424266868596,31.658259827601835,448100
2016-12-29,31.811809539794922,31.833747826080405,31.394965362105513,31.453468388770425,527100
2016-12-30,31.687496185302734,31.877634553029825,31.585110982991136,31.80450505537591,294100
2017-01-03,31.541231155395508,31.70211659162491,31.380342929454883,31.628987101494385,469800
2017-01-04,31.687496185302734,31.928825759329868,31.563172691637263,31.658243270356564,447100
2017-01-05,31.797197341918945,31.928832698072068,31.38035297733809,31.69481490706921,302500
2017-01-06,31.914199829101562,32.06777345053884,31.57048504708442,31.665555627374353,410700
2017-01-09,31.438844680786133,32.045827181433296,31.424218226712473,32.045827181433296,643100
2017-01-10,31.607051849365234,31.643616597943826,31.190207578204006,31.45347544179676,433400
2017-01-11,31.921506881713867,31.95075700049425,31.599730467731536,31.643609830468463,415200
2017-01-12,31.83375358581543,32.01658011050256,31.636300604387962,31.96538890676707,288100
2017-01-13,31.819129943847656,32.00927110858084,31.67287094292874,31.80450627552506,195800
2017-01-17,32.140899658203125,32.28716141796677,31.870317215952554,31.987326065821264,348000
2017-01-18,32.067771911621094,32.206721858387056,31.95807766859217,32.031207163944785,356900
2017-01-19,31.87032699584961,32.0604653890915,31.738691650639115,31.892265290147396,542500
2017-01-20,31.93614387512207,32.0750938535924,31.775258390694617,31.7971966863638,373700
2017-01-23,31.980012893676758,32.17746585985484,31.84106574994158,31.980012893676754,340800
2017-01-24,32.04582977294922,32.12627388200436,31.7898737802384,31.892256177322725,514800
2017-01-25,31.687496185302734,32.05314925299534,31.59973744046422,31.89226101050291,543700
2017-01-26,31.62168312072754,31.914203943600242,31.482733149379477,31.62168312072754,374600
2017-01-27,31.497352600097656,31.760623234897686,31.46809968740625,31.687493742880477,312500
2017-01-30,31.32184600830078,31.548549145777244,31.21946079654006,31.490046100197173,505000
2017-01-31,31.89226722717285,31.89226722717285,31.160960949236163,31.256031546487307,591000
2017-02-01,31.36571502685547,31.84837689270508,31.204826808335234,31.69480329668727,499100
2017-02-02,31.78256607055664,31.78256607055664,31.329157017832056,31.526610022174623,334600
2017-02-03,31.848379135131836,31.972702619026776,31.738684897271792,31.93613508336213,351600
2017-02-06,31.863018035888672,32.06047108880765,31.753320965473996,31.98002694246521,294800
2017-02-07,31.89226722717285,31.921520147821212,31.687502362058435,31.906893687497032,385300
2017-02-08,32.05315017700195,32.294479757985975,31.85569717999052,31.994644345423044,389900
2017-02-09,31.914199829101562,32.170158654541915,31.87763507967053,32.02389686710622,341500
2017-02-10,32.140899658203125,32.15552611315059,31.76793203132028,31.841064306057618,300400
2017-02-13,32.009273529052734,32.19210008373795,31.928829398637347,32.133594247177,401400
2017-02-14,31.680185317993164,32.02390013508576,31.49735876246933,31.94345600430138,538600
2017-02-15,31.46810531616211,31.555864069933882,31.30721984700412,31.394975811064096,425300
2017-02-16,31.614360809326172,31.731369667967996,31.43884891621906,31.46078720542964,602400
2017-02-17,31.43153953552246,32.38223701925937,31.014695232732343,32.34567226790636,1008600
2017-02-21,31.972715377807617,32.060471361057125,31.073208877791025,31.256035470226408,1549000
2017-02-22,31.987319946289062,32.140893509290585,31.738675839172576,31.958067041990535,839100
2017-02-23,32.309112548828125,32.48462449854397,32.045841834542216,32.15553889539872,899100
2017-02-24,32.76251220703125,32.79176512010213,32.4041737859027,32.4041737859027,677300
2017-02-27,32.77714157104492,32.82102094454353,32.49193261758292,32.74788865537918,580400
2017-02-28,33.150115966796875,33.186680723908204,32.72595697311148,32.72595697311148,691000
2017-03-01,33.17936325073242,33.34756335077691,32.66013649106745,32.857589510174954,737100
2017-03-02,33.45724868774414,33.67663992447569,32.98189868340002,33.10622215103148,507600
2017-03-03,33.062355041503906,33.52307876219308,32.835651888401074,33.52307876219308,737100
2017-03-06,32.835655212402344,33.06967301396669,32.784463992667156,32.981914246095876,724100
2017-03-07,32.82833480834961,32.94534368853554,32.72595238690089,32.72595238690089,523100
2017-03-08,32.243289947509766,32.63819595864633,32.192098737515586,32.63819595864633,603000
2017-03-09,32.148223876953125,32.47000043035006,32.089720824334115,32.25792093646792,515400
2017-03-10,32.19210433959961,32.38224275413571,32.053157143966004,32.33836616062626,405000
2017-03-13,32.34566879272461,32.367607083237054,32.06045985721723,32.162842265890504,640400
2017-03-14,32.23598098754883,32.331048791894126,32.133595768719175,32.25791928244206,314800
2017-03-15,32.93073272705078,33.06236812792174,32.31643511955736,32.42613221685418,414900
2017-03-16,32.65281677246094,32.92339923418464,32.521181458171306,32.86489341018426,531400
2017-03-17,32.90878677368164,33.08430153061474,32.65283065910464,32.8210307900713,933600
2017-03-20,32.44805908203125,33.01847988129505,32.36761494433302,32.98191233527797,498600
2017-03-21,32.68207550048828,32.83565193407293,32.36761358796119,32.39686650766417,692200
2017-03-22,32.81371307373047,33.025792571385,32.65282758388234,32.87953075266766,654000
2017-03-23,32.96101760864258,33.12306149935808,32.65902850942266,32.85789979082355,420700
2017-03-24,33.078861236572266,33.23353793660967,32.791603705145846,32.894721505170786,385600
2017-03-27,32.946292877197266,33.24091768287133,32.76215307608857,33.15989572082344,342500
2017-03-28,33.03466796875,33.05676664800346,32.769509105453366,32.80633649120989,473500
2017-03-29,32.91682434082031,32.968383251745465,32.68112565951962,32.968383251745465,711600
2017-03-30,32.762149810791016,32.93892523852689,32.622204587406436,32.93892523852689,460400
2017-03-31,32.717960357666016,32.975757779608664,32.688500123237304,32.78425080219406,395000
2017-04-03,32.703224182128906,32.798974839234425,32.438062464529224,32.72532005534558,667000
2017-04-04,32.938926696777344,33.04204453012589,32.6516690725206,32.6516690725206,382000
2017-04-05,33.181983947753906,33.22617850134111,32.879994855949036,32.90945789167384,553800
2017-04-06,33.20408630371094,33.27037392680237,32.924193052852445,33.09360131239178,382300
2017-04-07,33.093597412109375,33.39558650174042,33.08623024835634,33.31456455895531,420800
2017-04-10,33.078861236572266,33.17461468363085,32.931548889501215,33.17461468363085,227600
2017-04-11,33.28511047363281,33.417691359340616,32.894734982243435,33.093606310805136,425900
2017-04-12,33.557640075683594,33.579735953822535,33.24091937685626,33.30720982102362,227200
2017-04-13,33.461883544921875,33.65338769413113,33.34403418931227,33.609195941871455,262600
2017-04-17,33.71229553222656,33.71965988370094,33.46922978734072,33.54288735082829,249600
2017-04-18,33.78596496582031,33.8890827897584,33.69021430630636,33.73440605385127,296200
2017-04-19,33.653385162353516,33.815429067782354,33.57236601938915,33.75650579928554,379200
2017-04-20,33.60919952392578,33.66075844689072,33.25565141941595,33.66075844689072,314000
2017-04-21,33.89644241333008,33.96273282964996,33.56499033173066,33.56499033173066,393300
2017-04-24,34.02903747558594,34.110059441607056,33.74914417744493,33.93328398758366,434400
2017-04-25,34.124786376953125,34.25736443746301,33.911183551561955,33.99956986181859,637900
2017-04-26,34.06585693359375,34.279459737895706,33.99220215061025,34.051125415047075,503400
2017-04-27,34.16160583496094,34.40466883413088,34.10267976864732,34.10267976864732,584500
2017-04-28,33.39558029174805,34.522514497930864,33.30719401139527,34.522514497930864,732000
2017-05-01,33.16726303100586,33.506082430637036,32.96839169092363,33.506082430637036,615600
2017-05-02,32.83580780029297,33.32193672016103,32.798977595503615,33.11569825039115,943100
2017-05-03,32.80634689331055,32.98311952489197,32.629571451978805,32.732689288693024,709900
2017-05-04,33.071510314941406,33.13780075755846,32.71059505852626,32.71059505852626,527600
2017-05-05,33.32929229736328,33.41767858412922,32.938916955210104,33.226174494511454,387000
2017-05-08,33.30720901489258,33.43978990001846,33.09360616555083,33.380863813406755,402100
2017-05-09,32.99785232543945,33.36613193355764,32.93156188358817,33.27037844871679,372500
2017-05-10,33.189353942871094,33.248277209597575,32.924192218226985,33.00521416850713,333000
2017-05-11,33.240909576416016,33.29246848337275,32.88736158167706,33.078865691837855,348700
2017-05-12,33.37349319458008,33.476611017048995,33.25564385322275,33.299835600138046,264400
2017-05-15,33.314571380615234,33.39559333999081,33.18935766867137,33.388228984479525,720300
2017-05-16,32.97575378417969,33.34403336254701,32.94629074357025,33.21881684483201,433800
2017-05-17,33.0567741394043,33.29247283335994,32.85790283955109,33.00521522571088,538900
2017-05-18,33.19672393798828,33.32930482283706,32.80634844912824,33.05677869720366,425600
2017-05-19,33.30720901489258,33.38823097910844,32.99785267968204,33.16726096406501,409500
2017-05-22,33.778594970703125,33.88907713086676,33.218808577442516,33.29246616063444,470800
2017-05-23,33.92591857910156,34.07322817484265,33.76387465208585,33.86699249300479,438100
2017-05-24,34.15424728393555,34.1984418448146,33.93328009904065,33.93328009904065,314600
2017-05-25,34.62563705444336,34.64773573488209,34.13950823103492,34.213165816248065,219900
2017-05-26,34.57406997680664,34.691919275540045,34.49305086684842,34.65509189651378,246800
2017-05-30,34.62563705444336,34.75085354443091,34.41940143534571,34.53725076193716,428800
2017-05-31,34.86871337890625,34.93500382070029,34.58145573438222,34.647746176176256,601800
2017-06-01,35.00129699707031,35.00129699707031,34.640381716938464,34.839253057857974,525400
2017-06-02,35.369564056396484,35.39902709118557,34.883435221375194,35.22961885577281,440500
2017-06-05,34.95709991455078,35.36220692368982,34.942368392977485,35.325379524631806,284800
2017-06-06,34.95709991455078,35.119143842106574,34.88344511643476,34.99392731360879,386600
2017-06-07,35.0970458984375,35.22962677504159,34.89080741830321,34.89817458353137,476700
2017-06-08,34.95709991455078,35.09704796462186,34.58145594855833,35.09704796462186,508300
2017-06-09,34.949729919433594,35.05284774405795,34.69929971259587,34.905535361844585,622000
2017-06-12,34.7508544921875,35.18542442267351,34.7508544921875,34.949725763062425,1147600
2017-06-13,34.73613739013672,34.83189088838791,34.61092365452048,34.75086891369466,681500
2017-06-14,34.905540466308594,35.20016527382022,34.64037870149821,34.942367864809945,617500
2017-06-15,35.060218811035156,35.060218811035156,34.75086527793657,34.80978855625274,703700
2017-06-16,35.18544006347656,35.340116850775956,34.80979322603414,34.80979322603414,860900
2017-06-19,35.119140625,35.26645301748787,34.94973235705151,35.26645301748787,551800
2017-06-20,35.14860916137695,35.25909136570551,35.02339262477051,35.08231871487957,323800
2017-06-21,35.04549026489258,35.22963007634809,34.898177853778066,35.20016703217508,559500
2017-06-22,34.90452194213867,35.21610469860016,34.88968439850031,35.09740717946533,415700
2017-06-23,34.70423126220703,34.941626381976256,34.63746370789862,34.87485882766784,771600
2017-06-26,34.785823822021484,35.04547658624881,34.56326633123523,34.81549890878553,468400
2017-06-27,34.50392150878906,34.785829216823394,34.42231925249062,34.6003641407431,686700
2017-06-28,34.22202682495117,34.64488709798011,34.22202682495117,34.615211997774104,410700
2017-06-29,33.85109329223633,34.11074331902304,33.509835332779886,34.00688330830835,841700
2017-06-30,33.89560317993164,34.118163580474246,33.873348271866604,33.91786091796973,488100
2017-07-03,33.695289611816406,33.99945501678391,33.66561735399091,33.99203482984844,163100
2017-07-05,33.324371337890625,33.80658178093466,33.205673774522225,33.74723441423703,490700
2017-07-06,33.109222412109375,33.3169423681253,33.049872236120734,33.22791993411449,605300
2017-07-07,33.28727722167969,33.3466274153938,33.09439475205482,33.138904567367405,551200
2017-07-10,32.95344161987305,33.33179205470109,32.93118671075605,33.309537145584095,1363100
2017-07-11,32.946014404296875,33.04245703157484,32.790224427136394,33.03503684410682,860400
2017-07-12,33.19824981689453,33.37629754154737,33.10180718145872,33.257600001769674,438400
2017-07-13,33.04987716674805,33.23534224942337,32.901504534613274,33.16115734834227,403100
2017-07-14,33.079551696777344,33.3392016761194,33.04987660486039,33.235341684382576,373800
2017-07-17,33.086971282958984,33.16857637623992,32.94601883182001,33.10180882991667,632600
2017-07-18,33.21308898925781,33.25018144163457,33.02762389740132,33.12406653755905,485700
2017-07-19,33.420806884765625,33.472736880821834,33.227924446552926,33.339201796685145,293100
2017-07-20,33.828834533691406,34.02171983060514,33.56918451473786,33.56918451473786,821000
2017-07-21,34.38522720336914,34.38522720336914,33.90301965824636,34.10332229882576,543900
2017-07-24,33.62111282348633,34.2442756675304,33.50983263241771,33.93269566049477,932100
2017-07-25,33.45790100097656,33.635948732016246,33.38371609719409,33.56176382823377,433300
2017-07-26,33.58402633666992,33.665631447289336,33.38372365514227,33.38372365514227,532600
2017-07-27,33.695289611816406,33.85849976473124,33.52466210193823,33.53208228887371,484600
2017-07-28,32.968265533447266,33.62110328726987,32.84215066064841,33.316940725256835,1303900
2017-07-31,33.15373611450195,33.24276138895829,32.97569122553425,32.99052877127697,709100
2017-08-01,33.47273635864258,33.55434144545001,33.2205037403162,33.2205037403162,716300
2017-08-02,33.272430419921875,33.4282232201077,33.257595705591996,33.40596548866846,531900
2017-08-03,33.509830474853516,33.51725066309917,33.15373784832326,33.25018048570832,668700
2017-08-04,33.7249641418457,33.80656921695348,33.420801571880794,33.420801571880794,1436400
2017-08-07,33.91785430908203,33.97720166234933,33.56176169956072,33.7323892314164,1109900
2017-08-08,34.3778190612793,34.40007397287471,33.84367854320142,33.84367854320142,567400
2017-08-09,34.19976043701172,34.42232080230651,34.11815817703924,34.35555325871259,700700
2017-08-10,34.466827392578125,34.54843247490222,34.02912972099901,34.14782725075069,656900
2017-08-11,34.051395416259766,34.35555808424932,33.86593030577899,34.28137034207321,408900
2017-08-14,34.362972259521484,34.4149022592466,34.11815980795633,34.162669619164866,411300
2017-08-15,34.47425079345703,34.533598148878575,33.83625045033293,34.16266798008295,354800
2017-08-16,34.541015625,34.61520052094534,34.44457299629314,34.48908563184378,238700
2017-08-17,34.192344665527344,34.63004239829392,34.17750711848764,34.48166975786965,358600
2017-08-18,34.42232131958008,34.526181315626324,33.91785605595033,34.04397095687144,521600
2017-08-21,34.61520767211914,34.659720316865666,34.325882556199126,34.4445801122169,248800
2017-08-22,35.008384704589844,35.03064243680533,34.4965021431906,34.63003721659428,556400
2017-08-23,35.03806686401367,35.097417055267236,34.659719299677256,34.9490444071062,376900
2017-08-24,35.03806686401367,35.127089320921144,34.91195195255916,35.04548705290681,208500
2017-08-25,34.97130584716797,35.16419117480396,34.963888486862004,35.119678523047945,481900
2017-08-28,35.14192581176758,35.193855812566106,34.94904335594059,35.119670905703295,544800
2017-08-29,35.045494079589844,35.23837657989146,34.94905141445231,35.17902637673807,327700
2017-08-30,35.008384704589844,35.13450242056991,34.882269818582095,34.97129225752711,347500
2017-08-31,35.245784759521484,35.25320494796958,34.889692123276056,35.05290230946164,689800
2017-09-01,35.11225128173828,35.31255108334009,35.07515600072728,35.28287882049295,512400
2017-09-05,35.15676498413086,35.31255499372728,35.015812522587375,35.16418517314379,487300
2017-09-06,34.993534088134766,35.23834924124965,34.94160411565063,35.22351170197257,751400
2017-09-07,35.31255340576172,35.32739095314743,34.9490433997167,35.045486042737394,431700
2017-09-08,35.512847900390625,35.54252298835167,35.01580291191775,35.30512794460759,444800
2017-09-11,35.75026321411133,35.772520957688066,35.431262912591045,35.431262912591045,471100
2017-09-12,35.045494079589844,35.68349178364808,34.91937631287562,35.68349178364808,485500
2017-09-13,34.77840805053711,35.089987985845454,34.71905787430381,35.02322045256907,503300
2017-09-14,34.93421173095703,34.941629090911654,34.57069883376833,34.74874660238537,461700
2017-09-15,34.83776092529297,35.097413742560406,34.67455357469592,35.03806355690867,854400
2017-09-18,34.39264678955078,34.89711206144026,34.21459905771868,34.86743696780613,571000
2017-09-19,34.54842758178711,34.65228755186353,34.34812499808032,34.44456761171069,597200
2017-09-20,34.32587814331055,34.689388123769454,34.19976041439539,34.67455340740071,590300
2017-09-21,34.34813690185547,34.63746201304385,34.27395199179744,34.37039463885121,454300
2017-09-22,34.06414794921875,34.5349754785281,33.989411384393776,34.49013639054156,452300
2017-09-25,34.34066390991211,34.415397619036796,34.02677605959027,34.079090226159195,421400
2017-09-26,34.422874450683594,34.60971158390307,34.198667610093494,34.318243261317626,519000
2017-09-27,34.30329895019531,34.45276637670096,34.19119552940766,34.22856238603407,712700
2017-09-28,34.460235595703125,34.55739168712895,34.05666677061857,34.26592341285148,633400
2017-09-29,34.108978271484375,34.43781337038952,34.08655873325274,34.39297144301853,348500
2017-10-02,34.4527587890625,34.482653408143214,34.15382115097875,34.23602992799682,604200
2017-10-03,34.46771240234375,34.49013479620897,34.019304437755665,34.43034554711279,611500
2017-10-04,34.736759185791016,34.76665381108295,34.36308492236696,34.54992205407899,507200
2017-10-05,34.609710693359375,34.781600509389385,34.542449213094734,34.781600509389385,470100
2017-10-06,34.43033218383789,34.647063851330074,34.318228810746845,34.46769902456584,626900
2017-10-09,34.41538619995117,34.65453741088928,34.340652515623255,34.49759496325627,430200
2017-10-10,34.81149673461914,34.938544619344334,34.39298052140797,34.39298052140797,955600
2017-10-11,34.90117645263672,35.17769460677014,34.77412572177,34.81149542849503,544800
2017-10-12,34.8189582824707,35.14031828758617,34.60970166552392,34.8936919739781,917500
2017-10-13,34.56486892700195,35.08801345932203,34.52002698963451,34.946015416445974,815500
2017-10-16,33.45879364013672,34.63960282129814,33.40647947171928,34.43782122934995,1362200
2017-10-17,34.004356384277344,34.05667055064203,33.51857872413865,33.51857872413865,1234200
2017-10-18,33.76520919799805,34.034255143943625,33.623213993597254,33.937099029928035,1411400
2017-10-19,33.89224624633789,33.96698279125229,33.69046470233821,33.84740717029693,1028900
2017-10-20,33.90719223022461,34.116451696899375,33.61572684371814,33.9296146182765,1046200
2017-10-23,34.041717529296875,34.131398535036936,33.81751358949284,33.98193114243943,1027900
2017-10-24,34.295814514160156,34.400442824540164,33.81751203761862,34.12392473983477,3449700
2017-10-25,34.13139343261719,34.26591634657087,33.862350455617175,34.20612996865109,1926800
2017-10-26,34.28087615966797,34.59476402370404,34.206142447278054,34.26592884700831,1048600
2017-10-27,35.62609100341797,35.633566082697655,34.079080297785154,34.6022246619733,1597100
2017-10-30,35.4542121887207,36.0072513389706,35.200113581996426,36.0072513389706,1968100
2017-10-31,35.67841720581055,35.86525432327709,35.40189621930619,35.46915769563047,1097300
2017-11-01,35.289798736572266,35.68589254784933,35.222537254382914,35.678420316898695,826900
2017-11-02,35.7232551574707,35.80546394269636,35.259899919090145,35.327161393283134,990800
2017-11-03,35.693363189697266,35.865255853901544,35.48410652149489,35.67094364693509,1083500
2017-11-06,35.581260681152344,35.768097796385526,35.491579664094694,35.73820317373026,522000
2017-11-07,36.1641845703125,36.291235266557905,35.484097716502625,35.66346256681744,723800
2017-11-08,36.11934280395508,36.373438475693085,35.91008335236589,36.05955357467035,517500
2017-11-09,36.276302337646484,36.38840291898454,35.96988952053521,35.99230906662108,354900
2017-11-10,36.08198165893555,36.23892699753861,36.01472018550796,36.13429582150056,474800
2017-11-13,36.48555374145508,36.612604469622184,36.13429903224353,36.13429903224353,540000
2017-11-14,37.15815734863281,37.225418807787186,36.38838668255331,36.38838668255331,525400
2017-11-15,36.6948127746582,37.449636408930125,36.68734054353553,37.217957331408435,695700
2017-11-16,36.9713249206543,37.10584785585256,36.620070273091294,36.724698589154876,545900
2017-11-17,36.87417221069336,36.881644440707404,36.530392611886114,36.83680535880702,650600
2017-11-20,36.62007522583008,36.956382609310154,36.463132730508775,36.87417382102523,453200
2017-11-21,36.657440185546875,36.75459628040142,36.493025468379216,36.70975434795132,532100
2017-11-22,36.223976135253906,36.6574367041398,36.21650105510146,36.6574367041398,502600
2017-11-24,36.23146057128906,36.44819235420529,36.156726850032506,36.26135520015517,187500
2017-11-27,36.50796890258789,36.62007230510957,36.044613683920325,36.26134540831133,511600
2017-11-28,36.649967193603516,36.78449013724894,36.485549628946224,36.552811100768935,501100
2017-11-29,36.7620735168457,36.94891065113709,36.530397294905775,36.590183695406644,565200
2017-11-30,37.09836959838867,37.158158831537484,36.75459006050564,36.78448467708005,1200600
2017-12-01,36.98627471923828,37.25531775683245,36.582705886485044,37.173111825041666,556500
2017-12-04,36.747127532958984,37.24785255344107,36.72470798832391,37.068487643634874,446000
2017-12-05,36.186614990234375,36.7695487908877,36.044619793757875,36.74712639603782,459000
2017-12-06,36.268821716308594,36.35103050728074,36.10440698527256,36.238929943061855,379000
2017-12-07,36.34355545043945,36.38092230227325,36.07450955578323,36.261346665860266,482300
2017-12-08,36.38093566894531,36.41830253450802,36.08947012628345,36.36598835253841,351100
2017-12-11,36.493019104003906,36.52291086951616,36.126817180130324,36.35849618102239,603500
2017-12-12,35.71578598022461,36.4706067209906,35.71578598022461,36.433239865669016,837200
2017-12-13,35.67094421386719,36.00725161518628,35.64104958910364,35.95493744730423,579100
2017-12-14,35.39441680908203,35.69335442584269,35.12537095836213,35.57377880895691,685200
2017-12-15,35.71578598022461,35.96988458768304,35.424320517444585,35.424320517444585,957600
2017-12-18,35.40190124511719,35.9624126770895,35.33463975924416,35.88767895985662,1103400
2017-12-19,34.69939041137695,35.573786771014795,34.67697086910159,35.45421112736582,714200
2017-12-20,34.38549041748047,34.73674499388257,34.295809429152754,34.64706400555486,618700
2017-12-21,34.10151290893555,34.39297836826613,33.89972847149708,34.265927640586376,787100
2017-12-22,34.342464447021484,34.45540658678153,34.161753002170045,34.169284201540634,452200
2017-12-26,33.935848236083984,34.50056725870217,33.92831991293191,34.3349154262618,681200
2017-12-27,34.169281005859375,34.282223135056505,33.883155775067365,33.92080315146641,363300
2017-12-28,34.3499870300293,34.38763440365387,34.16927848770717,34.26716108466895,373500
2017-12-29,34.31986999511719,34.50810973083685,34.31233879719456,34.38763354255826,359700
2018-01-02,33.79280471801758,34.372583561215464,33.58950541931357,34.3349333089173,484800
2018-01-03,33.5443229675293,33.87562676671667,33.44643749301388,33.672327491481866,615100
2018-01-04,33.13019943237305,33.83797993166908,33.13019943237305,33.52173849761477,548600
2018-01-05,33.02477264404297,33.36360467046601,32.851592468828926,33.280778744861514,751400
2018-01-08,33.08500289916992,33.14524097143,32.85158754993558,33.024767699219225,965700
2018-01-09,32.65583038330078,33.03984107423993,32.56547610932534,33.03984107423993,852300
2018-01-10,32.21158218383789,33.01724801109339,32.09110886964016,32.50523570767545,1231700
2018-01-11,32.17393493652344,32.33958682130433,32.023342575114484,32.26428920444466,1136700
2018-01-12,32.09110641479492,32.158872828366675,31.91039789347702,32.02334000122317,869100
2018-01-16,31.88780403137207,32.23416726233079,31.83509714515637,32.18146037611509,732600
2018-01-17,32.219120025634766,32.369712417513554,32.00076120102607,32.00076120102607,992600
2018-01-18,32.000755310058594,32.249233141763355,31.88781031886362,32.1588759998832,602600
2018-01-19,31.925457000732422,32.27934571384338,31.81251202214396,31.978163891457676,628500
2018-01-22,31.857696533203125,32.23417603567501,31.752279859770045,32.03840508589566,874500
2018-01-23,32.01581573486328,32.13628905511737,31.699571474002212,31.820044794256304,873400
2018-01-24,31.67698097229004,32.10616731928636,31.63180240386032,31.955574963497586,902100
2018-01-25,32.068519592285156,32.18899290111622,31.541447789032897,31.601685879603554,1002900
2018-01-26,31.827571868896484,32.26428652112079,31.541446693246677,32.18899178283354,705000
2018-01-29,31.44356346130371,31.714629134020957,31.33062134587843,31.714629134020957,481500
2018-01-30,31.518856048583984,31.737214791469516,31.398382754631605,31.398382754631605,556500
2018-01-31,31.88780403137207,31.902863552049396,31.345675648537753,31.6393291209709,699700
2018-02-01,31.3908634185791,31.978173461773036,31.27039007910796,31.902875829409208,636000
2018-02-02,31.172502517700195,31.413449158398645,30.871317780671866,31.006850625103564,920300
2018-02-05,30.57766342163086,31.338150697377962,30.562603897952343,31.0821445394641,1050100
2018-02-06,30.186124801635742,30.47225001049636,29.666584153605832,30.306598120264873,1253700
2018-02-07,30.193649291992188,30.57012872392381,30.11082622970773,30.13341407648439,730900
2018-02-08,29.93011474609375,30.54754078276924,29.922586421294827,30.148473505293893,911300
2018-02-09,30.47224998474121,30.6906058998585,30.028004084113554,30.035532409885676,1297700
2018-02-12,30.479774475097656,30.577659931680724,29.975293414842852,30.472246150272863,1623600
2018-02-13,30.442129135131836,30.5174238776382,29.945176366583013,30.321655823735462,841800
2018-02-14,30.073183059692383,30.396955677066167,30.00541663111855,30.118361636178538,921600
2018-02-15,30.8411865234375,30.85624604155837,30.20117280100205,30.291527037417897,1081200
2018-02-16,31.021907806396484,31.180028488855267,30.26894889300002,30.69813524385118,1380100
2018-02-20,30.284015655517578,30.946617589641942,30.01294992232534,30.74332116205876,1143200
2018-02-21,30.088239669799805,30.637899371723712,30.080711343936965,30.329186309757944,773900
2018-02-22,30.193649291992188,30.60024776783277,30.028000295113152,30.231299533033443,622400
2018-02-23,30.93155860900879,30.97673431293578,30.2840133778213,30.329189081748293,479400
2018-02-26,30.5851993560791,31.074623944299777,30.47225720885898,31.052036089317983,470200
2018-02-27,30.23883628845215,30.939088456860294,30.23130796153107,30.58519677304022,569700
2018-02-28,29.91506576538086,30.494844637738655,29.907537437929175,30.3367239104532,981200
2018-03-01,30.058115005493164,30.45718513711152,29.892466016666845,29.975291947234993,588500
2018-03-02,29.922574996948242,30.344229960143903,29.674097288800215,30.050576575830064,636400
2018-03-05,30.336713790893555,30.4345963766699,29.74940391468466,29.884936742093622,440800
2018-03-06,29.666580200195312,30.012940586058775,29.568694744256472,29.817169674181095,992100
2018-03-07,29.553638458251953,29.726818670145352,29.425636816886996,29.561166783851487,729300
2018-03-08,29.538585662841797,29.711765914181026,29.46329090045468,29.66659020567318,511900
2018-03-09,29.500934600830078,29.681643156936662,29.380461272655452,29.53858197732639,1075500
2018-03-12,29.674110412597656,29.83223109372715,29.41810426930264,29.54610877710529,1021100
2018-03-13,29.61387825012207,29.93764797105191,29.4858737291079,29.704232524048756,729800
2018-03-14,29.75693702697754,29.99788365291984,29.63646371400639,29.73434917839243,598800
2018-03-15,29.71175765991211,30.058118066367644,29.659050766421494,29.756936228179892,985200
2018-03-16,30.156005859375,30.186124907215248,29.779526378303377,29.779526378303377,1128000
2018-03-19,30.374359130859375,30.509891949213188,30.035527084974845,30.208707270135832,1235000
2018-03-20,30.284015655517578,30.44966470289317,30.04306897541581,30.321663035725166,794400
2018-03-21,30.231306076049805,30.540019162156664,30.13342059831522,30.29154130459442,431200
2018-03-22,30.11835289001465,30.916490275631624,30.11835289001465,30.28400475004892,1095100
2018-03-23,29.700679779052734,30.4980638399451,29.68549115255816,30.209485730416734,713600
2018-03-26,30.25505828857422,30.315809911028893,29.82219247719555,29.82219247719555,796800
2018-03-27,30.43731117248535,30.809422369392795,29.91331371591378,30.31580216475405,807700
2018-03-28,30.589195251464844,30.78664451541665,30.422126139968547,30.520847875009917,725600
2018-03-29,30.763853073120117,30.953706531203128,30.5967839999221,30.64994273643063,631000
2018-04-02,30.285430908203125,30.877772896823704,30.04241866174676,30.839802776490114,684900
2018-04-03,30.589195251464844,30.68791988344075,30.08798212310689,30.285431387058694,487700
2018-04-04,30.482873916625977,30.589191400630686,30.255050322768152,30.520844032779923,652600
2018-04-05,30.703113555908203,30.733490816420346,30.11077146059647,30.490478526193225,521900
2018-04-06,30.53602409362793,30.862572215440384,30.444895261032215,30.703096034164542,527100
2018-04-09,30.513256072998047,30.786645588345507,30.44490869416118,30.551226195255275,428000
2018-04-10,30.414525985717773,30.627163846724837,30.308208503681296,30.627163846724837,530000
2018-04-11,30.232267379760742,30.558815577475062,30.034818150153274,30.384147837078448,646700
2018-04-12,29.882932662963867,30.33098693271225,29.753833704071635,30.23226522188895,568600
2018-04-13,30.54364013671875,30.61198753078793,29.98167235249046,29.996860984165306,1160500
2018-04-16,30.90814781188965,30.93092930297818,30.505656455408584,30.627165466372126,754400
2018-04-17,31.075212478637695,31.17393708750624,30.77144868533011,30.946113518292087,433200
2018-04-18,30.82461166381836,31.295447491250883,30.794234411226775,31.143564125227222,353100
2018-04-19,30.703113555908203,30.77146094359302,30.490478526193225,30.710706422568734,592600
2018-04-20,30.505651473999023,30.756259422786993,30.42971125148171,30.68031920026968,367000
2018-04-23,30.63475227355957,30.93092318688449,30.558812053657583,30.649940896926708,508400
2018-04-24,30.832202911376953,30.984086269434464,30.490468976915174,30.67272668903691,596900
2018-04-25,30.97649574279785,31.08281323238115,30.596788767466478,30.779046493342317,601700
2018-04-26,31.43214225769043,31.584025623843164,30.84739318100966,30.96130642985778,572200
2018-04-27,32.145999908447266,32.343446297737785,31.553654946705986,31.72831984025314,921200
2018-04-30,32.25990295410156,32.426974943417626,32.13839684285376,32.32825032273684,668500
2018-05-01,32.176368713378906,32.396599457312284,32.01689247684827,32.19155734022959,884600
2018-05-02,31.956140518188477,32.3510332242661,31.83463150470696,32.1915569894731,1349400
2018-05-03,32.25231170654297,32.4497580608694,31.614403866276614,31.956140726586153,773900
2018-05-04,32.4725341796875,32.60163603752523,32.27508785803045,32.32824659451249,526400
2018-05-07,32.06245422363281,32.510508518690706,32.001699724063066,32.502912757777494,591800
2018-05-08,31.394174575805664,32.00930095282259,31.24988696008122,32.00930095282259,758900
2018-05-09,31.075212478637695,31.38657492944879,30.801825933741025,31.38657492944879,461900
2018-05-10,31.310632705688477,31.318228466475805,30.9613030297538,31.196722366284007,400200
2018-05-11,31.173940658569336,31.4093600153211,31.14356340667862,31.35620127297944,303100
2018-05-14,30.968902587890625,31.204321975309433,30.763860456319644,31.135974598119105,360200
2018-05-15,30.801828384399414,30.938523116190396,30.505654534229556,30.794232623225422,422800
2018-05-16,30.53602409362793,30.854979353112974,30.361359290763907,30.854979353112974,365000
2018-05-17,30.11835289001465,30.725883384876823,30.11835289001465,30.596784422127197,691100
2018-05-18,30.209489822387695,30.330995953868406,30.125953813819457,30.293025830955937,534100
2018-05-21,30.414525985717773,30.543627854572147,30.11835502949213,30.29301987811407,361200
2018-05-22,30.73348045349121,30.771450567860857,30.429713744665982,30.444902369800648,417200
2018-05-23,31.25748062133789,31.25748062133789,30.794237610459525,30.817022000737424,485900
2018-05-24,31.356204986572266,31.56124711571696,31.181540112915943,31.287857610190702,642200
2018-05-25,31.796653747558594,31.834623856682377,31.378976753329727,31.378976753329727,622900
2018-05-29,31.743501663208008,31.94854377173726,31.48530081138609,31.728313036990926,481100
2018-05-30,32.2219352722168,32.28268688396402,31.70553353616051,31.70553353616051,409200
2018-05-31,32.39659118652344,32.60163325125927,32.03207292597094,32.28267796269232,1223900
2018-06-01,32.10042190551758,32.29786822029303,31.743496489920435,32.29027535688903,765300
2018-06-04,31.378992080688477,32.20675361042268,31.341021953017833,32.199160743662574,755200
2018-06-05,31.143558502197266,31.50807967361275,31.029648170946942,31.3941664454287,678100
2018-06-06,30.513256072998047,31.10559809162779,30.49047457903064,31.098005225950196,472300
2018-06-07,30.627155303955078,30.824601587387516,30.36895453519986,30.581589439962993,463200
2018-06-08,30.53602409362793,31.128368747833477,30.384140774679498,30.642341547811824,406200
2018-06-11,30.103168487548828,30.55881859530162,30.072791234311776,30.55881859530162,515900
2018-06-12,30.566410064697266,30.611975942472622,30.125948603671354,30.125948603671354,405100
2018-06-13,30.725879669189453,30.794227022654557,30.573996339607717,30.649939452865365,693200
2018-06-14,31.052431106567383,31.08280835509155,30.748667312127292,30.748667312127292,482600
2018-06-15,31.439725875854492,31.462507358051166,30.88535136898161,31.08280053779656,730700
2018-06-18,31.53086280822754,31.584021544975762,31.227096115151525,31.454919686491596,595100
2018-06-19,32.032073974609375,32.077639845020244,31.60680120824243,31.637178455183008,559400
2018-06-20,31.956140518188477,32.077646634735665,31.804257148270906,32.032080754680095,524100
2018-06-21,32.16118240356445,32.221936915344216,31.887795791359224,32.01689478348937,551600
2018-06-22,32.485191345214844,32.62306789265343,32.1328414670851,32.25539807347719,1002500
2018-06-25,32.814552307128906,32.84519217944987,32.469861048465766,32.47752247753553,752600
2018-06-26,32.6920051574707,33.02903508415291,32.66902670760006,32.684343726193894,505800
2018-06-27,32.85286331176758,32.91414307995907,32.469873526511286,32.63838996705771,613300
2018-06-28,32.82221603393555,33.15924883910629,32.74561926293102,32.875834358034616,541700
2018-06-29,32.75327682495117,32.88349483827209,32.53880353475133,32.75327682495117,617600
2018-07-02,32.70732116699219,33.01371117570232,32.53114625453846,32.7685979999424,866400
2018-07-03,33.166908264160156,33.28180634582228,32.707321781470846,32.76859861557228,335200
2018-07-05,33.664791107177734,33.67244961457238,33.12860500819834,33.189884755272175,534200
2018-07-06,33.89459228515625,33.98650900540232,33.580540812500665,33.626500633613624,481600
2018-07-09,32.62306594848633,33.93289014911416,32.554127678875396,33.93289014911416,423000
2018-07-10,32.71498107910156,32.85285761162996,32.24773315464195,32.62306436474252,557200
2018-07-11,33.23584747314453,33.38138543698257,32.65370438373141,32.737962589747184,720700
2018-07-12,33.2128791809082,33.33543581204888,33.05968266148722,33.32011586790872,457500
2018-07-13,33.22819519042969,33.41969008653547,33.059678746822925,33.30479198007991,530800
2018-07-16,33.15159606933594,33.36607234374148,32.921802774311686,33.212875839731886,407300
2018-07-17,32.95244216918945,33.28181362521605,32.91414377425199,33.251173740473995,428300
2018-07-18,33.603519439697266,33.733737472549066,33.12861297360572,33.12861297360572,1117500
2018-07-19,34.545677185058594,34.57631706890931,33.70310083302503,33.7490606588011,1553600
2018-07-20,34.02481460571289,34.5839823208205,33.76438433015657,34.50738260273293,926300
2018-07-23,33.971187591552734,34.392478628532,33.84863099588051,34.16268245491432,597000
2018-07-24,34.07075881958008,34.14735850255671,33.18222295090501,33.863944058511855,916700
2018-07-25,34.32353210449219,34.35416905455589,33.925222533873864,34.04777910006573,838300
2018-07-26,34.72185516357422,34.93632850723209,34.262265670332866,34.46908050399445,715800
2018-07-27,34.33885955810547,35.2350540967107,34.05544506263265,34.40779490232464,1497500
2018-07-30,34.44609832763672,34.60695331798812,34.193323695387505,34.58397486850359,766000
2018-07-31,34.74481964111328,34.85205626981145,34.32353163323663,34.56098333336001,807500
2018-08-01,34.277584075927734,34.60695550862801,33.99417246708565,34.60695550862801,620700
2018-08-02,34.67588806152344,34.76014626370324,34.21629866471893,34.21629866471893,667900
2018-08-03,34.943973541259766,34.98227192043193,34.62226364983877,34.706521837204946,486100
2018-08-06,35.14313507080078,35.31164854888487,34.92100034744054,34.92100034744054,507100
2018-08-07,35.04356002807617,35.158458114992904,34.78312689678068,35.158458114992904,483100
2018-08-08,35.11248779296875,35.13546623468689,34.66821843989246,34.936312921845726,500500
2018-08-09,35.41123580932617,35.43421426180708,34.92866785336558,35.089525786672596,535700
2018-08-10,35.0052604675293,35.80953828307407,34.98994052832144,35.44952701663856,493100
2018-08-13,35.03590393066406,35.6257055796244,34.836747622564786,35.074202321612404,534000
2018-08-14,35.403568267822266,35.57974317652141,34.98227726660749,35.04355702023126,938400
2018-08-15,35.72528076171875,36.02401227703652,35.40357079813952,35.51846596142652,857000
2018-08-16,36.20785903930664,36.2231789832122,35.495497718591096,35.72529103321341,962400
2018-08-17,36.284454345703125,36.39169102665449,36.10062087035233,36.10062087035233,1433100
2018-08-20,36.19252395629883,36.42997860453841,36.16188408130417,36.28444065930348,538400
2018-08-21,36.20785903930664,36.23849892711775,35.87848755028846,36.123600808816335,858400
2018-08-22,35.55677032470703,36.269131560325626,35.41889668998812,36.20785471400391,477000
2018-08-23,35.533790588378906,35.817202201582134,35.4342124294772,35.533790588378906,415800
2018-08-24,35.686988830566406,35.686988830566406,35.18910093363745,35.564432214365766,301200
2018-08-27,35.48017120361328,35.794222690562286,35.31931620536672,35.7635828084258,462000
2018-08-28,35.35761260986328,35.53378753927663,35.26569589059976,35.46484926933403,404500
2018-08-29,35.6180534362793,35.6869917210997,35.29634338843771,35.46485692312502,333100
2018-08-30,35.763587951660156,35.801889270828944,35.56443453309232,35.66401270336644,400300
2018-08-31,35.541446685791016,35.97805472670268,35.48782835950219,35.79421837801268,427700
2018-09-04,35.533790588378906,36.069976853721826,35.48017225404262,35.618048805758804,491800
2018-09-05,36.15422821044922,36.1618867187668,35.503143968233005,35.549103784077055,341800
2018-09-06,36.284454345703125,36.414672402558644,36.03934109724846,36.223177494579666,319900
2018-09-07,36.03166580200195,36.27677893627579,35.855490919366325,36.077622688441394,338700
2018-09-10,36.15422821044922,36.29210473600185,36.03167162351127,36.13890827183454,394400
2018-09-11,35.947410583496094,36.16954529289863,35.86315238875863,36.07762566846906,243700
2018-09-12,35.82486343383789,35.96273998478629,35.6180486074153,35.886140277603815,662600
2018-09-13,36.039329528808594,36.039329528808594,35.671659774146704,35.84017617410904,448900
2018-09-14,35.901451110839844,35.932090985939496,35.4265447347125,35.932090985939496,421100
2018-09-17,36.02400588989258,36.09294414443374,35.78655417467906,35.932089191164096,523000
2018-09-18,35.985713958740234,36.085292104698276,35.679323934070425,36.01635383780112,293400
2018-09-19,34.86738204956055,35.99337268357062,34.622268879460044,35.99337268357062,560400
2018-09-20,35.21207046508789,35.27334729158874,34.56864771594321,34.85971775528589,461100
2018-09-21,35.08952331542969,35.31165515838826,34.85972711888355,35.07420337419461,1184300
2018-09-24,35.184478759765625,35.25396764452118,34.92968814587385,35.184478759765625,439400
2018-09-25,34.435546875,35.16132040058525,34.435546875,35.16132040058525,481200
2018-09-26,34.35834503173828,34.88337166335439,34.312018112953766,34.57453142876182,594500
2018-09-27,34.6826171875,35.068665925269954,34.366057340341364,34.420106873321835,504700
2018-09-28,35.21538162231445,35.26170560595866,34.69807455750538,34.7907284154326,485300
2018-10-01,35.14588928222656,35.26170217538918,34.86021394470916,35.207655569516135,313300
2018-10-02,35.23080825805664,35.431552303617345,34.87564118465216,35.21536595527226,757900
2018-10-03,35.00690841674805,35.609143655833336,34.72895278476442,35.253979435107084,501500
2018-10-04,35.00690841674805,35.15360591348658,34.4896014471521,34.87565028150295,515900
2018-10-05,35.51648712158203,35.64774229066983,34.983740875072925,34.983740875072925,537900
2018-10-08,35.84077072143555,36.21909985766537,35.62458432662921,35.64002663273234,423600
2018-10-09,36.188209533691406,36.48160741270492,35.82532570615923,35.99518515584641,670700
2018-10-10,35.96430587768555,36.69779620586049,35.910256338613536,36.08011874487811,761000
2018-10-11,35.130435943603516,36.08011550688252,35.11499364030001,35.97974200806885,707800
2018-10-12,34.79844284057617,35.19993399498238,34.605418417033896,35.15360707301741,855800
2018-10-15,35.1150016784668,35.43156160535679,34.70579085586528,34.83704604601336,583400
2018-10-16,35.66318893432617,35.856213344342635,35.09183833005596,35.184489222174605,704700
2018-10-17,35.75584030151367,35.87165317233118,35.36979150815156,35.547373599659906,412400
2018-10-18,35.987457275390625,36.14959700895356,35.64773256280055,35.77127096397337,599700
2018-10-19,36.21138381958008,36.605152356201344,35.9025435570904,35.9025435570904,833500
2018-10-22,35.77899932861328,36.32718786298998,35.77127964932442,36.2808638966202,1054800
2018-10-23,35.30030822753906,36.21138376054743,35.25398130464543,35.83305458688029,1171700
2018-10-24,35.93342208862305,36.35807516866034,35.284860003456046,35.57053528343481,1350700
2018-10-25,35.45472717285156,35.84849867369302,35.253983054320805,35.84077604683463,2258500
2018-10-26,34.39694595336914,35.57825723138036,33.925965967171294,35.23853241756239,1727000
2018-10-29,34.95285415649414,35.49332299521847,34.62857167513226,34.62857167513226,1749100
2018-10-30,35.253971099853516,35.593692933445524,35.03778474623298,35.21536681460959,668000
2018-10-31,34.80616760253906,35.192216473310864,34.48188501952479,35.06867800715751,1263400
2018-11-01,34.79844284057617,34.95286296847379,34.497325211101256,34.898816365507464,1016500
2018-11-02,34.5899658203125,34.883363681509664,34.28112860170535,34.883363681509664,513500
2018-11-05,34.89881134033203,35.08411311087189,34.55136683892163,34.55136683892163,369300
2018-11-06,35.53192901611328,35.601417912275444,34.9065289506538,34.929693879586765,721100
2018-11-07,35.7944450378418,35.87937624469081,35.27713811672445,35.6168629441205,644000
2018-11-08,35.88709259033203,35.90253489426239,35.300299767570166,35.78671908744389,636700
2018-11-09,36.04151916503906,36.18821666077802,35.44700361075143,35.77128616096234,726600
2018-11-12,36.17276382446289,36.620581752655276,35.74811082224742,35.86392661617799,575600
2018-11-13,36.67464065551758,36.775014180948304,35.90254295750668,36.226822576918146,982200
2018-11-14,36.59743118286133,36.93715310149342,36.33491785404416,36.48933503367398,801100
2018-11-15,36.88310241699219,36.88310241699219,36.02607361644364,36.38896042810762,563400
2018-11-16,37.25371551513672,37.49306687202553,37.02208678493544,37.02980646630387,598100
2018-11-19,37.46989822387695,37.57027174363379,37.099291703219556,37.16878060992525,777200
2018-11-20,37.60886764526367,37.99491638630391,37.28458811654259,37.62430994834346,884200
2018-11-21,36.52793502807617,37.52393859852058,36.504770099471656,37.48533431127082,522500
2018-11-23,36.57426071166992,36.84449662574142,36.39667862572958,36.54337904761133,235100
2018-11-26,36.85221481323242,36.991192604483295,36.58970153479392,36.62058614292041,745800
2018-11-27,37.0529670715332,37.18422225669353,36.6360336386967,36.85222003558137,727100
2018-11-28,37.029808044433594,37.253717102808956,36.883110529628645,37.13790126011295,918100
2018-11-29,36.83678436279297,37.1919486345801,36.52022439092717,36.944877580700414,770300
2018-11-30,37.17649459838867,37.238260864821605,36.57425656508836,36.77500355796117,902300
2018-12-03,37.7015266418457,37.755573237388894,36.636031145545445,37.184219726237004,599900
2018-12-04,37.84049987792969,38.16478238262372,37.732406691471155,37.75557162093972,847000
2018-12-06,38.1338996887207,38.21883089529455,37.3154781242496,37.94087529025962,1223100
2018-12-07,38.48134994506836,38.70525898761716,37.78646082864761,38.17250968325491,814100
2018-12-10,38.296043395996094,38.558556722583084,38.01036808172518,38.558556722583084,883300
2018-12-11,38.589447021484375,38.682097931188544,38.141631836814824,38.3964225748311,750700
2018-12-12,38.1647834777832,38.913719070191924,38.1570608526326,38.70525237090336,538200
2018-12-13,38.21110534667969,38.496780587837726,38.07984724431964,38.12617415314991,751900
2018-12-14,37.80188751220703,38.27286739141623,37.74784093052576,38.25742509017618,495700
2018-12-17,36.682350158691406,37.97947416707588,36.42755952060776,37.825057026573376,1153000
2018-12-18,36.41212844848633,37.20738815957388,36.33491985442079,36.88310853011572,752100
2018-12-19,36.6283073425293,36.9603095303728,36.08784140447566,36.56654106903108,586000
2018-12-20,36.49705123901367,37.168775277249225,36.226815331565575,36.72867991302748,599900
2018-12-21,36.03378677368164,37.431284226095045,35.99518249003533,36.497047013391445,1189600
2018-12-24,34.386451721191406,36.12172608146353,34.24638446624504,36.12172608146353,372700
2018-12-26,34.970062255859375,35.02453252200752,34.02850140569073,34.35532597098648,764300
2018-12-27,35.28132247924805,35.28132247924805,34.3241982985484,34.861120750626704,586600
2018-12-28,35.405826568603516,35.73264815824766,35.117911887001746,35.25019596802719,512700
2018-12-31,35.67818069458008,35.67818069458008,34.94672067336961,35.43695606473349,414700
2019-01-02,34.66658401489258,35.49920432806367,34.3864495229085,35.49920432806367,844200
2019-01-03,34.565425872802734,34.90003065187783,34.417578423046756,34.59655258909043,469700
2019-01-04,34.87668991088867,35.06344725526559,34.42536436195601,34.42536436195601,558700
2019-01-07,34.573204040527344,34.80664844214011,34.30863292712444,34.61989410821254,494400
2019-01-08,35.250186920166016,35.257970080820826,34.38644012865658,34.5731973950935,543800
2019-01-09,34.85334396362305,35.35135955656743,34.604336167150855,35.1101319550569,569500
2019-01-10,35.33580017089844,35.39027044697516,34.86112807788064,34.92338151820113,461900
2019-01-11,35.1801643371582,35.49142555592622,35.06344360642543,35.25798112605369,528500
2019-01-14,34.63545608520508,34.900027210749776,34.26194443180198,34.85334010932861,546300
2019-01-15,35.05565643310547,35.28132064247685,34.45648058498489,34.45648058498489,856900
2019-01-16,35.33580017089844,35.39027044697516,34.84556471780052,35.07122898635118,552600
2019-01-17,35.65483856201172,35.70152863823255,35.23463678124565,35.23463678124565,745500
2019-01-18,35.67039489746094,35.872712584435085,35.57701773181183,35.732645351758144,494700
2019-01-22,35.958309173583984,36.222880280444905,35.608141095620034,35.68595787317122,706300
2019-01-23,36.53414535522461,36.55748890677949,36.0439099937241,36.0439099937241,526400
2019-01-24,36.9854621887207,37.0165888957846,36.21509548352922,36.51857345638684,716700
2019-01-25,36.627525329589844,37.047727100138275,36.58083525450432,36.82206285650222,681500
2019-01-28,36.33961486816406,37.001041349608585,36.11395059815313,36.57305933406169,450800
2019-01-29,36.40964126586914,36.68199259386669,36.28513737758357,36.40185810312244,361000
2019-01-30,36.72089385986328,36.876524438407834,36.28513180202621,36.38628915493473,466700
2019-01-31,37.6002082824707,37.73249532787147,36.67421083829223,36.72089793915755,854000
2019-02-01,37.11775588989258,37.70136839454999,36.61195719849348,37.58464470625582,769600
2019-02-04,37.273380279541016,37.28116047220892,36.70532825737925,37.06327945663315,380100
2019-02-05,37.20335388183594,37.40567158287844,37.00103321238665,37.312294410736264,375700
2019-02-06,37.20335388183594,37.343421124252586,37.00103321238665,37.18000736249531,356600
2019-02-07,37.802528381347656,37.89590555008636,37.00103186375315,37.20335252582814,739900
2019-02-08,38.33945846557617,38.33945846557617,37.74806268589203,37.786972568339955,562000
2019-02-11,38.13713455200195,38.51842940167316,37.927036640191005,38.23829489471587,497000
2019-02-12,38.12156677246094,38.471731869870155,37.9737163844463,38.25385083709883,334100
2019-02-13,37.856998443603516,38.03597258624231,37.65467778259851,37.94259244959078,459100
2019-02-14,38.01263427734375,38.284988615453585,37.864786814991994,38.01263427734375,774900
2019-02-15,38.07488250732422,38.417267463605455,37.615773855188955,38.207166592112344,1133200
2019-02-19,38.051536560058594,38.15269392379657,37.654678393863826,38.02040984733612,695200
2019-02-20,38.57289123535156,38.68961491052778,37.91924518485876,38.08265595538037,513500
2019-02-21,38.69740676879883,38.89972747097221,38.36280196539515,38.52621278517632,497300
2019-02-22,39.257667541503906,39.257667541503906,38.59623826976321,38.76743221724543,604700
2019-02-25,38.79077911376953,39.234324408325975,38.580681210795966,39.17207394740226,421600
2019-02-26,38.518428802490234,38.829690020580216,38.425051624426025,38.79856330508982,440300
2019-02-27,38.70518493652344,38.72074532538305,38.19160602035661,38.456174188666395,761500
2019-02-28,39.016448974609375,39.17207960199468,38.54177689686747,38.75966096256983,908500
2019-03-01,39.1565055847168,39.16428874659165,38.635146538549,39.102035325218864,672600
2019-03-04,39.51445770263672,39.5533675789893,38.93084517822957,39.26544992969555,691100
2019-03-05,39.20318603515625,39.59226091808601,39.14093262905271,39.37437696512941,602600
2019-03-06,39.39773941040039,39.530023499261894,39.11760490645016,39.265452353131906,545900
2019-03-07,39.63118362426758,39.810157785611516,39.35883228491962,39.48333617839397,759200
2019-03-08,40.06695556640625,40.13698920395062,39.600063659974616,39.732350739072864,624200
2019-03-11,40.4793586730957,40.487138866096664,40.12141042692483,40.15253416733501,893100
2019-03-12,40.5727424621582,40.67390279814187,40.37820495287021,40.47936528885388,603700
2019-03-13,40.65834426879883,40.76728481199017,40.48715029040833,40.596090833599675,617600
2019-03-14,40.417110443115234,40.790622091635655,40.37042334230438,40.627211301984225,468300
2019-03-15,40.728370666503906,40.930688358158505,40.34707586463872,40.55717671851464,1522800
2019-03-18,40.35485076904297,40.70501878718125,40.214783561787655,40.650548536404855,433200
2019-03-19,39.5611457824707,40.31595222594506,39.452205258341756,40.31595222594506,743000
2019-03-20,39.716773986816406,40.113629153482904,39.452202886236584,39.64674037288626,516800
2019-03-21,40.14476013183594,40.21479375321184,39.638961425409164,39.65452478220456,606400
2019-03-22,40.54679489135742,40.69569004205115,40.06092084067678,40.2254926265872,839900
2019-03-25,40.805397033691406,40.91510954977669,40.39789126720189,40.51544209983147,559800
2019-03-26,41.111019134521484,41.21289630745448,40.781881638118335,40.868085169873844,692800
2019-03-27,40.8210563659668,41.16586743698276,40.70350557454912,41.16586743698276,697200
2019-03-28,40.39788818359375,41.03265725034561,40.209810453072805,40.828902887932685,814800
2019-03-29,40.62514877319336,40.70351399071466,40.35870284840295,40.45274170731679,508200
2019-04-01,40.5389518737793,40.66433803599559,40.19414067504498,40.66433803599559,902200
2019-04-02,40.405723571777344,40.63298389723627,40.20196922412828,40.63298389723627,411200
2019-04-03,40.39004135131836,40.53110110374668,40.11575717073406,40.47624486551798,663100
2019-04-04,40.162784576416016,40.5311076550063,39.91984763253543,40.46057776739202,335600
2019-04-05,40.6173095703125,40.640818535436686,39.89633708227908,39.89633708227908,774400
2019-04-08,40.068748474121094,40.52327212261378,40.02172754933573,40.46058054567475,446600
2019-04-09,40.23331069946289,40.280331616619826,40.04523002027612,40.100086262238726,599100
2019-04-10,40.17845916748047,40.66433007729517,40.147111885701115,40.421396117108486,447300
2019-04-11,40.4605827331543,40.46841805965474,40.084424282858954,40.19413679051489,370200
2019-04-12,40.56244659423828,40.57028490818405,40.11575836143707,40.35869527326123,475500
2019-04-15,40.374366760253906,40.73485145708743,40.272489610473755,40.585956383901596,324900
2019-04-16,39.66907501220703,40.507595341180895,39.59854512521665,40.34302660135042,428300
2019-04-17,39.441810607910156,39.77094805342062,39.34776877538638,39.77094805342062,479900
2019-04-18,39.386959075927734,39.62989603993602,39.35561478173433,39.46532728501501,420900
2019-04-22,39.23805618286133,39.386951266442566,39.01863121980667,39.30075073770032,381900
2019-04-23,39.66123962402344,39.72393119600396,39.08916520353547,39.26156926856284,628500
2019-04-24,40.11576461791992,40.27249803743006,39.770953486550674,39.82580973496302,528200
2019-04-25,40.3430290222168,40.452741522020645,39.88066706629959,39.974705924782675,638000
2019-04-26,40.84457778930664,41.18155363877147,40.664335379734574,40.75053892114767,708000
2019-04-29,40.531105041503906,40.86808081732778,40.413554239912855,40.77403898027851,742300
2019-04-30,40.993473052978516,41.064002946555604,40.47625482989369,40.51543743978285,776100
2019-05-01,40.836734771728516,41.11885431251522,40.66432772137194,40.97779454212187,480700
2019-05-02,40.656497955322266,40.96996182949294,40.50759984985775,40.77404578709568,318000
2019-05-03,41.13452911376953,41.15019976475239,40.55461637584295,40.61731093753933,448500
2019-05-06,41.220726013183594,41.33827681126691,41.009139359739194,41.12668716838153,335800
2019-05-07,41.18154525756836,41.33044334041175,41.02481184957374,41.18154525756836,325900
2019-05-08,40.51543045043945,41.27558251736763,40.49191849700881,41.212890950248244,483900
2019-05-09,40.72703170776367,40.89160048149909,40.4840947159815,40.54678929041891,285800
2019-05-10,41.58121109008789,41.596884728132466,40.648649057800775,40.774035172716594,335200
2019-05-13,42.090606689453125,42.1376276212548,41.25992448705018,41.46367587930696,462900
2019-05-14,41.74579620361328,42.129790023499716,41.68310162680785,41.996568531951105,553500
2019-05-15,41.683101654052734,41.910365010958046,41.62041006664828,41.74579623089915,255500
2019-05-16,41.75361633300781,42.01222688403511,41.40880525441229,41.56553864993421,268600
2019-05-17,41.81631088256836,42.137612998105894,41.54202669307381,41.70659840254689,303400
2019-05-20,41.73011016845703,42.145451153418655,41.62039768106649,41.808475376752824,266000
2019-05-21,41.55770492553711,42.09843505033311,41.51852231968958,41.77713289927744,430100
2019-05-22,41.73795700073242,41.81632522007553,41.393145803948435,41.61257083922534,375000
2019-05-23,41.90251541137695,41.94953333855527,41.51851873258867,41.65957849300551,399500
2019-05-24,42.0435791015625,42.22382148128865,41.90251932796095,41.980884540210155,378700
2019-05-28,41.40097427368164,42.263003555335125,41.29125879269632,42.09059650322796,396000
2019-05-29,40.954280853271484,41.5185199109529,40.82105940323061,41.40880742516841,343700
2019-05-30,40.78972244262695,41.19722819965138,40.640827315604135,40.99347681586006,410500
2019-05-31,41.42449188232422,41.48718346652657,40.758375489843175,40.774049133254216,468800
2019-06-03,42.1611328125,42.231662709158236,41.39314226524451,41.67526185187747,529300
2019-06-04,42.00440216064453,42.239503824715285,41.314779780325296,42.239503824715285,558000
2019-06-05,42.85075759887695,42.960470105759434,42.004398849597884,42.07492874537114,530700
2019-06-06,43.19556427001953,43.29744143986277,42.86642678359855,42.88993574993111,473500
2019-06-07,42.88993453979492,43.6500896504737,42.882099214385576,43.42282635086688,417100
2019-06-10,42.76454162597656,42.92911033844807,42.46674848714188,42.86641877679067,299800
2019-06-11,42.41189956665039,42.913444104200174,42.192474578832666,42.748875363336886,295800
2019-06-12,43.15638732910156,43.17206097186153,42.52161824981034,42.52161824981034,493100
2019-06-13,43.32094955444336,43.32878786936096,42.78022241333694,43.28176694817905,538600
2019-06-14,43.51686096191406,43.68926799852935,43.07801103517102,43.30527132318827,278600
2019-06-17,43.42282485961914,43.63441451169954,43.14070532351194,43.49335474364594,339000
2019-06-18,43.0780143737793,43.71278034971102,42.81940379881367,43.71278034971102,399200
2019-06-19,43.595237731933594,43.681441267199794,42.9369597228771,42.944795049064254,450000
2019-06-20,43.642250061035156,43.86951335400467,43.32878623331549,43.728453585226426,378400
2019-06-21,43.53253173828125,43.55604368955432,43.132864439927765,43.29743315163563,1092000
2019-06-24,43.386558532714844,43.78112527420222,43.291863357643365,43.631190996146934,574100
2019-06-25,43.43389892578125,43.67063832119473,43.205049539082836,43.402332870311525,604800
2019-06-26,42.45536804199219,43.426001573547204,42.42380198967224,43.370762487139515,542400
2019-06-27,42.54218292236328,42.652661120476814,42.242311377265736,42.48694382330651,389200
2019-06-28,42.747344970703125,43.06299946199967,42.36856138732987,42.51060560738288,994400
2019-07-01,42.56584548950195,42.91306603849596,42.1239328057705,42.818367883149755,280500
2019-07-02,42.9998779296875,43.05511702383027,42.542179137870384,42.65265732615593,396500
2019-07-03,43.5128059387207,43.61539410178453,43.18137142616671,43.18137142616671,193500
2019-07-05,43.41021728515625,43.53647848046032,42.78680432663862,43.13402186114871,294000
2019-07-08,43.418121337890625,43.75744895094261,43.307643140209535,43.44968739731526,336900
2019-07-09,43.82846450805664,43.82846450805664,43.34709271007362,43.418114827977746,703600
2019-07-10,43.74955368041992,44.033642180017615,43.56016335422477,43.89949094982146,411100
2019-07-11,43.56805419921875,43.90738180132421,43.35498782043357,43.71799147149629,857000
2019-07-12,43.023555755615234,43.74166706970201,42.91307755503345,43.68642796941112,876200
2019-07-15,43.26028823852539,43.29974430235222,42.83415552446436,42.999875809024566,1433600
2019-07-16,43.63907241821289,43.678528482535555,43.14981059794144,43.22083271784413,630600
2019-07-17,43.61540222167969,44.152013160262385,43.45757494380743,43.796902537626046,839200
2019-07-18,43.97050094604492,44.03363003392834,43.29973594917085,43.59171738783205,604500
2019-07-19,43.09457015991211,44.06520376139783,43.07878713261503,43.75744225486634,562400
2019-07-22,42.95253372192383,43.41022955540837,42.81837947069728,43.22083921407173,594500
2019-07-23,43.134029388427734,43.307639691131534,42.64476754753189,42.98409513355938,600200
2019-07-24,43.27607727050781,43.362882429153544,42.93674965596821,43.18927211186208,456700
2019-07-25,43.12613296508789,43.552262628783,42.99987176652926,43.38654537010688,472300
2019-07-26,43.46546173095703,43.48124174720715,43.0630020795753,43.14980722047349,312200
2019-07-29,43.6706428527832,43.733771959968664,43.31553221766171,43.583837696386276,413400
2019-07-30,43.56805419921875,43.76533754880076,43.35498782043357,43.50492509271111,504700
2019-07-31,43.28395462036133,43.96260965094447,43.2208255300047,43.58382607789198,726400
2019-08-01,43.717994689941406,43.9626241348371,43.1182515772892,43.212946749174456,480500
2019-08-02,42.928855895996094,43.48124683856676,42.26598375460643,42.976201970899375,1410900
2019-08-05,42.849945068359375,43.59962243629332,42.51851046944625,42.92886021831857,679200
2019-08-06,43.16558837890625,43.24450049795972,42.19495486508757,42.75523873715858,571000
2019-08-07,43.394447326660156,43.710098882922125,42.58163787135686,43.17348792594123,442800
2019-08-08,43.875816345214844,44.12833879532187,43.283966288344295,43.42601054281763,358100
2019-08-09,43.78900909423828,44.065204551125525,43.76533304771601,43.85213819425335,412700
2019-08-12,43.91526412963867,43.99417624613783,43.607499650561664,43.82056597747454,324100
2019-08-13,43.923160552978516,44.088877828015484,43.57594297523849,43.80478935063513,394900
2019-08-14,43.5522575378418,44.13621739435508,43.386540298536815,43.92315108226121,338400
2019-08-15,44.17568588256836,44.27827406399776,43.44179160446746,43.63907494782136,392100
2019-08-16,44.428199768066406,44.65704912477279,44.17567737801259,44.17567737801259,523500
2019-08-19,44.34929275512695,44.6965103288434,43.44178824182312,44.49922700076037,494900
2019-08-20,44.22303771972656,44.4045380456664,44.128339541606124,44.4045380456664,297600
2019-08-21,44.586029052734375,44.625485113552,44.136223336743534,44.22302847672501,582000
2019-08-22,44.70440673828125,44.838557966605975,44.325620070565144,44.58603552833185,595600
2019-08-23,43.99419021606445,44.95693399664641,43.8758189934238,44.664952450214194,394100
2019-08-26,44.45976257324219,44.48343560486118,44.08097901581772,44.120435071950745,296100
2019-08-27,44.44399642944336,44.94115135440037,44.38086731771365,44.73597496809196,443000
2019-08-28,44.37297439575195,44.71230202667961,44.2388231515879,44.53080169088428,575500
2019-08-29,44.83066177368164,44.86222481638356,44.467658184716846,44.62548543944443,371000
2019-08-30,44.893795013427734,45.193666524060106,44.633382577847996,44.9490341061357,583100
2019-09-03,45.84075164794922,45.93544679720209,44.799095975254055,44.95692323087852,544200
2019-09-04,45.59611892700195,46.109056751558064,45.3357065158321,46.05381766402796,541000
2019-09-05,44.96480941772461,45.406725093856366,44.75963611006245,45.35937601810159,496500
2019-09-06,44.41242599487305,45.31203757314456,44.372969927639296,45.15421330420953,512600
2019-09-09,44.04941940307617,44.412419989026475,43.73376488728182,44.25459574143387,646600
2019-09-10,43.489131927490234,43.97839367753593,43.29973863149922,43.97839367753593,626400
2019-09-11,43.97050094604492,44.08097910756899,43.22871384386193,43.43389015266732,648300
2019-09-12,44.0020751953125,44.44399096430049,43.84425093024276,44.26249065122637,471800
2019-09-13,43.69431686401367,44.08888357619445,43.607511705685084,43.962622348708805,657500
2019-09-16,43.78900909423828,44.00207244080575,43.4654645546112,43.702203947700944,350400
2019-09-17,43.757450103759766,44.24671199651098,43.53649069227116,43.765340113671236,810100
2019-09-18,44.073089599609375,44.33350500991324,43.63906692607397,43.97050444734213,738100
2019-09-19,44.34929275512695,44.52290003683283,44.19146549059958,44.27827063660487,453500
2019-09-20,44.57815170288086,44.72019296009675,44.23093104435993,44.3256262192723,1001600
2019-09-23,44.586029052734375,45.01216173429553,44.5307899655288,44.554462999958474,662400
2019-09-24,44.96345520019531,45.20976608237212,44.70125300004332,44.70920017451041,720500
2019-09-25,45.050846099853516,45.17797358494651,44.69329910085501,44.9634453855474,599000
2019-09-26,45.14619827270508,45.440180061323076,45.05879754423407,45.09058017839786,451200
2019-09-27,45.08262634277344,45.34482544085602,44.923716237078274,45.1461885664766,710800
2019-09-30,44.78864288330078,45.519628178281664,44.70918934363163,45.09851593135203,759500
2019-10-01,44.93166732788086,45.050850683325514,44.653576873121516,44.73303042277886,534400
2019-10-02,44.57411193847656,45.09851314842482,44.391366383747716,44.891932139457715,545800
2019-10-03,44.37546920776367,44.74890743993456,44.25628892136026,44.5184879762139,516700
2019-10-04,45.12234878540039,45.14618423813411,44.39931075321815,44.57410912486188,503800
2019-10-07,45.14619827270508,45.59909020118321,45.00317944992685,45.42428874424119,692000
2019-10-08,44.55821990966797,45.233583991268205,44.51054597424198,45.12234783956537,629800
2019-10-09,44.899879455566406,45.0031714828331,44.558226807145694,44.725081060528474,647000
2019-10-10,44.70919418334961,44.83632167915661,44.3119203800829,44.78864773161951,638600
2019-10-11,44.804534912109375,44.99522765369866,44.31191629019464,44.70919005679388,870600
2019-10-14,44.224517822265625,45.03495671099634,44.184791049780074,44.89988204739533,348600
2019-10-15,44.23246383666992,44.439047911872684,44.02588279242574,44.296029100104185,1006200
2019-10-16,44.67741394042969,44.69330525712505,44.11328583705874,44.20068656340385,823800
2019-10-17,44.88399887084961,45.058797295869326,44.61385254386409,44.66947063786475,761600
2019-10-18,45.31303405761719,45.42427020082202,44.68534395939598,44.796580102600814,704000
2019-10-21,45.25743103027344,45.40839701562703,45.10646807587844,45.336887609659165,414700
2019-10-22,45.249481201171875,45.59908101365802,45.19386311807086,45.29715211185378,381800
2019-10-23,45.368656158447266,45.45605685900107,45.106457087743706,45.257420005363464,363100
2019-10-24,45.614986419677734,45.702387157540116,45.16209444253555,45.448132118827274,378700
2019-10-25,45.01906204223633,45.622916819526125,44.860151933173256,45.622916819526125,390900
2019-10-28,44.55027770996094,44.97933408380281,44.50260376921468,44.852206606104275,384000
2019-10-29,44.653568267822266,44.82836664957433,44.51054948123363,44.55027624840646,412700
2019-10-30,45.185916900634766,45.41633641032777,44.63768019949877,44.71713373961995,386100
2019-10-31,45.19386672973633,45.313047046923565,44.756866171466214,45.177975414586335,491500
2019-11-01,45.932796478271484,46.0201941656617,45.0349568683602,45.281267708164805,965500
2019-11-04,45.0111198425293,46.01224842018712,44.78070032599528,46.01224842018712,710900
2019-11-05,44.184791564941406,45.034957236069964,44.06560821513671,44.81248488279026,564300
2019-11-06,44.34370040893555,44.54233729890952,44.153007660938826,44.20862574765487,484800
2019-11-07,43.58092498779297,44.33574564667675,43.183651275849705,44.16889141509047,857800
2019-11-08,43.493534088134766,43.620661574509185,43.16776971486542,43.525313686509605,556000
2019-11-11,43.19955062866211,43.60477158760337,43.175715171415604,43.39818752160551,327400
2019-11-12,43.43791198730469,43.53325987314432,43.09625933806671,43.23927510490957,714700
2019-11-13,44.12123489379883,44.423163882719635,43.54121540913457,43.549162583846716,587100
2019-11-14,44.311912536621094,44.605894250333606,44.10532849815216,44.25629445648516,465100
2019-11-15,44.08944320678711,44.431095851815364,43.82724107039634,44.2721887726239,434000
2019-11-18,43.91464614868164,44.510556847772015,43.82724542786168,44.13711850643531,389000
2019-11-19,43.827247619628906,44.18479466315549,43.747794068160196,43.898757028334224,317500
2019-11-20,44.264244079589844,44.29602670959177,43.771625438393684,43.771625438393684,422800
2019-11-21,44.12123489379883,44.41521973896657,43.890818353451,44.343710321352674,574000
2019-11-22,44.081504821777344,44.27219759816273,43.803414346797474,44.27219759816273,760800
2019-11-25,43.946414947509766,44.22450530717026,43.827231632822354,44.08943371275162,539700
2019-11-26,44.20069122314453,44.29603610240943,43.85903545557299,43.93848901646723,505700
2019-11-27,44.208621978759766,44.375476224683155,43.89874894177116,44.27218723299238,435000
2019-11-29,44.10533142089844,44.47876972452196,44.041769195513,44.22451476106372,237700
2019-12-02,43.72395706176758,44.049721483378335,43.66039482462731,43.89081437504826,533000
2019-12-03,43.731895446777344,43.89874969556582,43.596820794692725,43.88285838173479,481100
2019-12-04,43.97820281982422,44.07355070191292,43.63654715306844,43.63654715306844,464800
2019-12-05,44.08944320678711,44.097387348363384,43.77956712806395,43.882859154305,393300
2019-12-06,43.96230697631836,44.37546893714645,43.93846849441692,44.05765181105117,367600
2019-12-09,43.77956771850586,44.025878544107755,43.68422286351344,44.025878544107755,404200
2019-12-10,43.78750991821289,43.938472840719264,43.66832658978927,43.779562746473744,493900
2019-12-11,43.81134796142578,44.00998483323562,43.56504018019478,43.79545664796602,658300
2019-12-12,43.41407775878906,43.954370336656375,43.318732901211995,43.771624763401014,623700
2019-12-13,43.445865631103516,43.49353958112426,43.1916106262437,43.35846490487819,678500
2019-12-16,44.20069122314453,44.26425346566811,43.286960118065466,43.461761589183666,661500
2019-12-17,44.40727233886719,44.5741266354664,44.01794564680237,44.200691261786126,591300
2019-12-18,44.76479721069336,44.79657983169041,44.29601415933829,44.566160375898114,563300
2019-12-19,44.77275085449219,44.89193419305171,44.542334380746354,44.70124145754811,362100
2019-12-20,45.14619827270508,45.360726506872425,44.70919766130884,44.804542532841396,849200
2019-12-23,44.4787712097168,45.162082583436685,44.3039697798931,45.162082583436685,424100
2019-12-24,44.43476867675781,44.506773284161376,44.178752973089146,44.506773284161376,145700
2019-12-26,44.370765686035156,44.506775752874084,44.05074756467244,44.37876789393938,433400
2019-12-27,44.43476867675781,44.49077192118859,44.24275537303235,44.362764069354256,262500
2019-12-30,44.65079116821289,44.66679253429244,44.290768061294244,44.33076995051887,405900
2019-12-31,44.63477325439453,44.850787038461526,44.48276185896921,44.610769688199944,612300
2020-01-02,43.91474151611328,44.754793357985335,43.642724409493454,44.7227936792847,353600
2020-01-03,43.82672882080078,44.14674997438333,43.77872778412693,43.994741605002964,479800
2020-01-06,43.962745666503906,44.16275815538523,43.74673181227827,43.75473096897624,335900
2020-01-07,44.13874816894531,44.17875310246839,43.75472461231768,44.098746287370176,505400
2020-01-08,44.15475082397461,44.26676036838962,43.67472212713096,43.67472212713096,684500
2020-01-09,44.514766693115234,44.6027726521306,44.04273722817173,44.16274590900132,481100
2020-01-10,44.85079574584961,44.938798665823484,44.52277542901688,44.59478003768494,596200
2020-01-13,45.43482971191406,45.4988321100809,44.714783657863194,44.834792350854286,666400
2020-01-14,45.59484100341797,45.61083931425079,45.24281712613821,45.482831463953026,452000
2020-01-15,46.25888442993164,46.32288988611418,45.60284376380123,45.60284376380123,670200
2020-01-16,46.77092361450195,46.81092550526427,46.402901336370824,46.402901336370824,511900
2020-01-17,47.050941467285156,47.11494388009315,46.76292297977784,46.83492760165467,460500
2020-01-21,47.4029541015625,47.426954620686764,46.88292047291805,47.09893430088045,441400
2020-01-22,47.67497634887695,47.79498506141698,47.5229679580148,47.538966271201694,467700
2020-01-23,47.96298599243164,48.02698838924804,47.6109621281242,47.73097081858315,581100
2020-01-24,48.28301239013672,48.41102025774804,47.954992038635936,47.96299424708256,493500
2020-01-27,48.459022521972656,48.67503636264683,48.17900627588475,48.23500952510233,463800
2020-01-28,48.73103713989258,48.90704908676112,48.403016817422674,48.403016817422674,820800
2020-01-29,48.83503723144531,48.979046429890374,48.41901099726488,48.69902718760383,691500
2020-01-30,49.059051513671875,49.131056114846395,48.60302339021579,48.723032076155874,555300
2020-01-31,49.20307540893555,49.37108517786425,48.91505691823,48.98706154090639,1112600
2020-02-03,49.13106155395508,49.467084080618484,49.02705421808926,49.27507077224682,464400
2020-02-04,48.603031158447266,49.06706156283751,48.531026545764234,49.05905935479043,685600
2020-02-05,48.54702377319336,48.73903402268805,48.38701319731585,48.5630251359759,517400
2020-02-06,48.411014556884766,48.739034869758,48.331010793529515,48.56302597998686,256700
2020-02-07,48.52302551269531,48.651033368963745,48.419018175743446,48.5550251878014,330100
2020-02-10,48.83503723144531,48.87503910835837,48.35500555264593,48.59502291801941,353800
2020-02-11,49.09906005859375,49.139061942022884,48.84304434230957,48.84304434230957,469500
2020-02-12,48.78704071044922,49.01905590523617,48.60302960656759,49.01905590523617,517100
2020-02-13,49.87510299682617,49.87510299682617,48.89104214175832,48.89104214175832,731600
2020-02-14,49.44308090209961,50.115122908813305,49.09106006122978,49.87510856040442,1422300
2020-02-18,49.891109466552734,50.171125695138265,49.50708590222916,49.69909615841695,799500
2020-02-19,49.77111053466797,50.37915025313104,49.68310454499974,49.79511411036295,697100
2020-02-20,49.97111511230469,50.07512245195776,49.6590961452936,49.71509939311877,662100
2020-02-21,49.899105072021484,50.46714274836988,49.811099105885205,49.971109675955915,721200
2020-02-24,49.32307434082031,49.87510763713653,49.26707109562655,49.691096538364455,561400
2020-02-25,48.65102767944336,49.403073365578535,48.56302171631046,49.29106688593582,800400
2020-02-26,48.26701736450195,49.3710841533646,48.26701736450195,48.739043928759415,840900
2020-02-27,46.12287139892578,48.33900662116436,46.07486731304873,48.13899417459824,620800
2020-02-28,43.53070831298828,45.45882815651429,42.61865205408478,45.31481895227188,1197000
2020-03-02,45.8748664855957,45.88286564262736,43.39471274078555,43.53071977396324,765700
2020-03-03,45.4908332824707,46.802914499794305,45.21881622141963,45.802852224157675,726700
2020-03-04,47.66697311401367,47.850984219402726,45.97886738603169,45.994868749797874,409200
2020-03-05,46.930931091308594,47.33095607608004,46.106880599302904,46.914929725683926,675100
2020-03-06,46.66691207885742,46.8269196171169,44.98680545959943,45.78685535868948,890300
2020-03-09,43.72272491455078,44.69878364263701,41.762602198950944,42.68265768247271,761500
2020-03-10,44.514766693115234,45.24281182867749,42.386634523629596,44.27475238340359,1095900
2020-03-11,43.27470779418945,44.5307861421063,42.6186669902564,43.76273881827475,1367200
2020-03-12,36.3062629699707,40.498522465922335,35.74622746577772,40.498522465922335,1476900
2020-03-13,39.06644058227539,39.69847772424659,36.938304782199666,38.21838653529668,1933300
2020-03-16,33.27407455444336,37.13031472298291,33.01805883759038,36.80229439501828,1210000
2020-03-17,38.64241027832031,38.81842223621737,33.95411728881108,34.14613061123952,1401200
2020-03-18,39.266448974609375,40.93855026835823,35.21019333727258,36.57027872285465,2316500
2020-03-19,37.978363037109375,39.41845199294852,36.20225159547077,39.322446876411945,1538500
2020-03-20,32.226009368896484,38.450399738365874,31.361957053894617,38.450399738365874,1396900
2020-03-23,31.777978897094727,32.78604029793846,30.265885269855236,31.993992708407195,1046500
2020-03-24,34.99738311767578,35.08625046603155,31.571971513293928,32.58182214130124,967700
2020-03-25,35.27206039428711,36.71816714231661,33.195807880179224,34.77117537719453,1215800
2020-03-26,38.794429779052734,39.271079493151205,35.13473136448901,35.465962312806916,1142800
2020-03-27,38.9802360534668,40.862599190866206,37.21097878039147,37.71186385226226,962900
2020-03-30,41.38771438598633,41.7997351343595,39.17412371612087,39.56998340412881,990000
2020-03-31,38.72979736328125,41.03225907151597,38.5843785993161,40.862604874163345,1256000
2020-04-01,38.107730865478516,38.212756218632364,36.78280702010476,37.1140379814482,1343200
2020-04-02,39.166046142578125,39.64269575929797,37.22713479798684,37.291763635230126,728900
2020-04-03,37.4129524230957,39.262996690893885,36.984773601130556,38.53590598584472,787100
2020-04-06,41.032249450683594,41.44426713076564,38.8509715844708,38.91560041895727,849600
2020-04-07,39.62653732299805,42.5914603167258,39.38417379294383,41.718947910347225,1022300
2020-04-08,41.50082015991211,41.702790283636176,39.46496094295516,40.15973866165707,848300
2020-04-09,42.42988967895508,43.15698037324132,41.702795902848905,42.11481673658238,1140800
2020-04-13,41.07264709472656,42.034023835311395,40.31324049070474,41.94515648213252,433700
2020-04-14,41.33924102783203,42.11480859977476,40.644466431566904,42.00978327866868,634400
2020-04-15,39.497283935546875,40.77373682405037,39.35186517402571,40.499057283601516,532100
2020-04-16,39.852745056152344,39.9577672983207,39.08525799344678,39.58614302183402,614500
2020-04-17,41.056488037109375,41.31500955858367,40.07895334142097,40.595996384369556,597900
2020-04-20,38.73786544799805,40.66869909354319,38.67323353730608,40.53943835397838,504300
2020-04-21,38.73786544799805,39.04486086014663,37.873433674317326,38.277373870684734,924800
2020-04-22,40.062801361083984,40.36979686949408,38.94792520662003,39.319549564167986,731000
2020-04-23,39.12565994262695,39.91738260609699,38.21275394949697,39.91738260609699,893100
2020-04-24,37.493736267089844,37.897676542788645,36.0153164605785,37.566445639988416,1433700
2020-04-27,37.4129524230957,38.06733374945795,36.895906240311,37.92999552406044,932700
2020-04-28,38.30162048339844,39.06102716492131,37.89768016904839,37.9703895489042,843000
2020-04-29,38.842899322509766,39.545754556181244,38.325853168480144,39.17413023325791,885200
2020-04-30,37.80073165893555,38.45511293180777,37.51797161745742,38.45511293180777,894700
2020-05-01,36.039546966552734,37.356392948308645,35.63560674604768,37.26752560670644,937500
2020-05-04,36.82319641113281,37.04940197565084,35.69216242490334,35.70023987428483,801000
2020-05-05,36.77472686767578,37.566449519999296,36.7020174872675,37.1382737697172,505300
2020-05-06,35.00546646118164,37.033245329150226,34.99738592968937,36.782801243826384,539900
2020-05-07,35.61945724487305,36.249603152654075,35.31246174131458,35.51443189963619,611100
2020-05-08,36.60507583618164,36.66162723896002,35.79719513155294,36.24960635378001,469600
2020-05-11,36.36269760131836,36.78279580401395,35.55481715347746,36.59698367082886,741600
2020-05-12,34.61767578125,35.99915368221686,34.54496641804122,35.83757697710631,825600
2020-05-13,33.47049331665039,34.4157121340706,32.913056815234874,34.37531872066135,904000
2020-05-14,33.30083084106445,33.30890828900748,31.919353024552734,33.034228831657565,825700
2020-05-15,32.93729019165039,33.28467907256898,31.935516959783353,33.00999956397799,1192900
2020-05-18,34.91659164428711,35.28013535643817,33.7693998812944,33.93097657659439,645700
2020-05-19,33.92290496826172,34.80349487332456,33.890589007274905,34.52881536857598,475700
2020-05-20,34.58536148071289,34.76309307537429,33.98752862098129,34.30260148796474,457200
2020-05-21,34.63383483886719,34.932752831270456,34.359155356168145,34.39147131456084,581900
2020-05-22,34.69847106933594,34.7792578935416,34.19758597925729,34.7792578935416,365900
2020-05-26,35.67599868774414,36.28190899363777,35.441712629828665,35.65984070976867,664000
2020-05-27,36.16073226928711,36.63738191979225,35.837581896526515,36.53235966660042,847500
2020-05-28,37.219051361083984,37.58259817287726,36.459644862308586,36.815111143940186,941200
2020-05-29,38.05925750732422,38.37433046436145,36.6293084023075,36.88782996099548,1412900
2020-06-01,37.58260726928711,38.07541494657169,37.22714090161922,38.05925696415678,726700
2020-06-02,38.366241455078125,38.85096846112593,37.49372914600911,37.93806274852278,721100
2020-06-03,38.92367935180664,39.36801297180422,38.46318775339579,38.70555126595636,884400
2020-06-04,37.97039031982422,38.53590738776008,37.235219056053616,38.53590738776008,608200
2020-06-05,38.422794342041016,39.319539030187734,38.38239785510475,38.52781657898136,515600
2020-06-08,39.00447082519531,39.15797009756323,38.41471841079027,38.72171387370647,560600
2020-06-09,38.43894958496094,38.66515510297373,37.792642821806034,38.54397181442742,460500
2020-06-10,37.72801971435547,38.77826374097634,37.598758958491665,38.342007534253675,649600
2020-06-11,36.0799446105957,36.968611967371984,35.87797447661749,36.90398312704519,628100
2020-06-12,36.05570602416992,37.25136874282718,35.40132173791411,37.25136874282718,644300
2020-06-15,36.45964431762695,36.75048176271667,34.85196092141182,35.11048240997618,577700
2020-06-16,36.41117858886719,37.75226026871809,36.289995265495506,37.534132135741025,608800
2020-06-17,35.96684265136719,36.58083051670471,35.61137631688965,36.57275306716147,486800
2020-06-18,35.74871063232422,35.95875819755316,35.40132178528376,35.643685308800045,509700
2020-06-19,34.738868713378906,36.152659881946654,34.674236780684986,35.764877531243634,1144900
2020-06-22,34.76309585571289,34.9569885257282,34.18142400930585,34.61767712365627,641500
2020-06-23,34.91659164428711,35.35284471523221,34.52880942465861,35.20742907946327,803100
2020-06-24,34.06477355957031,34.741339576863766,33.61644623107192,34.602766975672175,745300
2020-06-25,33.616455078125,34.05662936385619,33.200730946103654,34.05662936385619,711500
2020-06-26,32.83391189575195,33.75502303371135,32.7687021663449,33.437118217743595,1351600
2020-06-29,34.024017333984375,34.08922705573274,32.92357412774055,33.1925723924398,566600
2020-06-30,34.08108139038086,34.293016900222675,33.83653635119193,33.83653635119193,532700
2020-07-01,34.66797637939453,34.936974639740825,33.95065390417553,34.0647732475277,432400
2020-07-02,34.814697265625,35.37714696417426,34.6272150692814,35.14075515201641,521000
2020-07-06,34.187042236328125,35.43421116850016,33.697958453586956,35.173366069769024,565800
2020-07-07,33.543087005615234,33.64090315296726,33.11921288773076,33.63274999346836,791900
2020-07-08,33.76316452026367,33.820227294610724,32.972479260703246,33.453412942485514,604900
2020-07-09,33.0295524597168,33.61645566360651,32.49155889265783,33.44527348945881,496300
2020-07-10,34.325626373291016,34.38268605830536,33.07846024437802,33.20888282577076,565400
2020-07-13,34.4886474609375,35.010337666760414,34.09737980657031,34.415284581398716,539500
2020-07-14,34.84731674194336,35.1733747505881,34.496805470982125,34.537561944682814,627300
2020-07-15,34.51310348510742,35.46681788606799,34.44789064939089,35.254882389027586,637500
2020-07-16,34.49680709838867,34.88807486150887,34.37453456199871,34.55386678616538,373500
2020-07-17,35.36084747314453,35.57278294489736,34.67612832741563,34.67612832741563,495800
2020-07-20,34.78208923339844,35.25487283567102,34.37451844917103,35.25487283567102,504200
2020-07-21,35.45866394042969,35.77656870582088,34.79839804418112,35.04294304173017,730200
2020-07-22,35.931453704833984,36.06187627450861,35.0510990273907,35.26303453704223,420700
2020-07-23,35.94775390625,36.31456835621568,35.75212160594787,35.79287807605087,450700
2020-07-24,35.76026916503906,36.63247062446545,35.662453021702035,36.08632712218799,439600
2020-07-27,34.98588180541992,35.915145996160184,34.77394632231569,35.86623637258893,382900
2020-07-28,35.548336029052734,35.90699731810716,34.87991997109898,34.87991997109898,449100
2020-07-29,35.76026916503906,35.81732884111226,35.21412566276161,35.499424043127576,522700
2020-07-30,36.11893081665039,36.33901945470465,35.368998815556,35.49127131764799,749700
2020-07-31,35.97220993041992,37.357951667247484,35.4912761249774,35.4912761249774,1069100
2020-08-03,34.50495529174805,35.80102782139084,34.07292800568113,35.76027135163492,881200
2020-08-04,34.55386734008789,35.12446733652188,34.31747542435498,34.32562858532222,590700
2020-08-05,33.934349060058594,34.822853616974506,33.58383788837038,34.822853616974506,747500
2020-08-06,34.252254486083984,34.47234311744838,33.66535146911227,33.68980783449862,429400
2020-08-07,35.181514739990234,35.27933087080146,34.11367802111201,34.11367802111201,739800
2020-08-10,34.96957778930664,35.61353732516212,34.8554553470926,35.45051148389355,726200
2020-08-11,34.700584411621094,35.42606007918474,34.57016185463795,35.271184264491964,711600
2020-08-12,35.05110168457031,35.222280737210255,34.70874357929041,35.010345211492165,433200
2020-08-13,34.325626373291016,34.95328601796843,34.14629415780615,34.88807317251225,613900
2020-08-14,34.57016372680664,34.7413427590825,33.92620095641361,34.14628961627652,676200
2020-08-17,34.3745231628418,35.05109225000389,34.23595056977124,34.48049245193729,650800
2020-08-18,34.21965026855469,34.63537430210223,33.934351900056576,34.423435705915914,464100
2020-08-19,34.187042236328125,34.52940337186203,33.99956001596005,34.36637440777535,349100
2020-08-20,33.583839416503906,34.31746509727656,33.46972007346275,33.84468451760337,547100
2020-08-21,33.75502014160156,33.82023297494053,33.24147996237383,33.616447535034816,573600
2020-08-24,34.20335006713867,34.2441065362899,33.60829691087681,33.942504933147696,389800
2020-08-25,31.342199325561523,31.505228289226842,29.34510151707878,30.771599507492333,4984200
2020-08-26,30.290668487548828,32.02692135346203,30.18469918524863,31.953558468718683,2016900
2020-08-27,31.146568298339844,31.276990865587962,30.38033610444705,30.38033610444705,1417900
2020-08-28,31.228084564208984,31.399263601881653,30.673787872157128,31.35850713236711,685900
2020-08-31,31.09765625,31.521527186053927,30.99983700981642,31.138412711983793,603500
2020-09-01,30.298816680908203,31.146564828333894,30.16024407905999,30.975385810926475,790800
2020-09-02,30.722686767578125,30.853109303370395,30.298812748873615,30.298812748873615,764600
2020-09-03,31.228084564208984,31.774228096646347,31.016145947502466,31.0650555766315,1161800
2020-09-04,31.309593200683594,31.513378629771488,30.893872293532592,31.342199615622185,926800
2020-09-08,31.04059600830078,31.40740726890221,30.69008484457698,31.268834678811658,814000
2020-09-09,31.089502334594727,31.65195206863426,30.910170174811842,31.25253128807747,966500
2020-09-10,28.024578094482422,31.01614723633451,26.05193317091111,30.910177923577848,10288300
2020-09-11,27.755571365356445,28.228354994565876,26.850763675297255,28.073476097643518,2898600
2020-09-14,27.902305603027344,28.391392586638563,27.706673297198407,27.88600239262169,1425200
2020-09-15,27.462127685546875,28.627780774650148,27.36431153464516,28.097940440206443,1005100
2020-09-16,28.277265548706055,28.758199294712593,27.413217303334903,27.902301098468804,1754000
2020-09-17,28.815258026123047,28.815258026123047,27.71481796825006,27.975663065072084,1453400
2020-09-18,28.52181625366211,29.067959830348716,28.318030780059125,29.067959830348716,2264700
2020-09-21,27.91045379638672,28.692989099490926,27.69851520834669,28.546263341469025,1706300
2020-09-22,28.67668914794922,28.807111713274814,27.820790868655024,28.4076908578606,1963500
2020-09-23,28.49735450744629,29.312496248113646,28.350628745364645,28.58702059644273,3223800
2020-09-24,28.89984703063965,29.064801120364002,28.248280106659106,28.569938851190937,975500
2020-09-25,29.27098846435547,29.32872191498394,28.495705305223847,28.627667927551364,837600
2020-09-28,29.361703872680664,29.60913648908981,29.081282967488523,29.460678177738888,936400
2020-09-29,29.023555755615234,29.642131136865462,28.86685112501053,29.36995960515865,643800
2020-09-30,29.279237747192383,29.444191828536724,29.023558763796785,29.287484035452763,742900
2020-10-01,29.675128936767578,29.79059586260812,29.21325808716765,29.386461622166223,757600
2020-10-02,30.202972412109375,30.384422193467543,29.31222551848304,29.361709534317438,506600
2020-10-05,30.351428985595703,30.376174138309718,29.831824825917018,30.318437546134902,489800
2020-10-06,30.10400390625,30.763817061249117,29.996783285363488,30.44215834482688,1041200
2020-10-07,30.508132934570312,30.623599812005995,29.930795401155457,30.17822487369427,663400
2020-10-08,31.134963989257812,31.14321027749329,30.557626279414823,30.64010489295662,569600
2020-10-09,31.085474014282227,31.49785760604301,30.656594701302563,31.258677513961967,860500
2020-10-12,31.415386199951172,31.959732485467047,30.887535637782754,30.887535637782754,831500
2020-10-13,30.714332580566406,31.299916550209467,30.541129073657928,31.085475311651255,409300
2020-10-14,30.384422302246094,31.085473129797347,30.359680294240317,30.80505216952944,446300
2020-10-15,30.68958282470703,30.788557141316417,29.930798608122412,29.930798608122412,359800
2020-10-16,30.72258186340332,31.003002870690597,30.334940226384493,30.574123498001963,459700
2020-10-19,30.755571365356445,30.94526745443064,30.623608731816248,30.77206708782864,495000
2020-10-20,31.17620277404785,31.308165413926588,30.71433510759104,30.895781771025856,601200
2020-10-21,32.042198181152344,32.42159340993017,30.99474681114421,31.118459979153805,844400
2020-10-22,33.097900390625,33.246358701425386,31.811262745767117,32.017454494519164,1002400
2020-10-23,33.7824592590332,33.815450697737575,32.96594160163895,33.2298668188004,972500
2020-10-26,33.963905334472656,34.26906824373108,32.92469715188344,33.40306352239768,1185800
2020-10-27,33.55152130126953,34.07937166984136,33.328833837108974,34.00514251512117,1196900
2020-10-28,32.7762451171875,33.45255387054472,32.61953735852201,33.12264578031532,1191200
2020-10-29,32.66902160644531,32.800984201537226,31.88549232160865,32.57829673240029,749000
2020-10-30,32.413352966308594,33.18038677637571,31.9844736098876,32.3638689438768,984900
2020-11-02,32.62778854370117,33.03192267239035,32.18241354184067,32.74325543761237,1051200
2020-11-03,33.4773063659668,33.62576473846456,32.94120633792068,33.056676408048276,1022000
2020-11-04,33.403076171875,34.11237656435481,32.578308858989196,33.14739717223486,1139800
2020-11-05,33.963905334472656,34.29381339318844,33.57626383741708,33.71647586355403,876900
2020-11-06,34.005149841308594,34.582487486156296,33.6175082668954,33.922674383289085,901800
2020-11-09,35.16807556152344,36.677401161745685,34.79692966423621,35.250554175496944,884300
2020-11-10,36.372230529785156,36.4629554208636,35.176320663713426,35.50622564026399,985300
2020-11-11,36.759864807128906,37.0980191500728,35.95159352756148,36.33923502297389,769100
2020-11-12,35.159828186035156,36.49595022871628,34.97013209911799,36.45471249612339,878800
2020-11-13,36.11655807495117,36.17429152986077,35.29179083768572,35.407257747504914,510600
2020-11-16,36.21552276611328,36.82585179655293,35.803139221454174,36.74337319987905,812100
2020-11-17,35.87736892700195,36.29799876456054,35.522718821541844,35.968093811594564,762400
2020-11-18,34.97837829589844,36.06707079394497,34.928891129173664,36.06707079394497,861500
2020-11-19,34.57424545288086,34.95364082119268,34.09588203075216,34.63198206133691,682100
2020-11-20,34.81342315673828,35.01136867135607,34.25258120259799,34.4422772832282,900100
2020-11-23,35.01137161254883,35.27529689005257,34.84641752754962,35.13508481662012,545000
2020-11-24,35.86912155151367,36.05881760161413,35.17631708120749,35.522717743242225,642500
2020-11-25,35.27529525756836,35.86087924329006,34.98662483561957,35.6216959884221,620000
2020-11-27,35.11033630371094,35.25054835118048,34.71444846076144,35.11858573686398,305100
2020-11-30,34.128875732421875,35.17633070304373,34.087637991863424,34.895909662513176,1013900
2020-12-01,34.615482330322266,34.88765388552886,34.21959442968889,34.524757429840946,579100
2020-12-02,34.40104293823242,34.61548419569642,34.029897028188984,34.61548419569642,850600
2020-12-03,34.26082992553711,34.89590104119917,33.906179781125346,34.42578399325561,826600
2020-12-04,34.37629699707031,34.55774678707114,34.16185576411712,34.41753472764218,725900
2020-12-07,34.59074020385742,34.80518146855189,34.15361453186599,34.33506434872476,570300
2020-12-08,34.03814697265625,34.46702634776851,33.84020143558998,34.194851627582096,667500
2020-12-09,34.5577392578125,34.6567104188691,33.93091456323555,34.26906891422905,669500
2020-12-10,34.14535140991211,34.47525628691846,33.96390168250517,34.42577228579735,427100
2020-12-11,34.26082992553711,34.40928827186004,33.774217156197984,34.04638869363192,438000
2020-12-14,34.51649856567383,35.2422944250016,34.4670145580119,34.681452599098755,563900
2020-12-15,35.3000373840332,35.42375372902328,34.27732776423294,34.51650787364983,601500
2020-12-16,34.7474365234375,35.613441292353386,34.722691372620524,35.341266657022814,501900
2020-12-17,34.994869232177734,35.4897282467984,34.722694571770546,34.747439724867405,581500
2020-12-18,34.458778381347656,35.30829087908963,34.35156089267857,35.08560332023908,1252100
2020-12-21,33.7824592590332,34.318559126150575,33.10615049677739,34.318559126150575,605200
2020-12-22,34.16184997558594,34.29381572503455,33.65874471387799,33.7824578846311,439200
2020-12-23,34.3680419921875,35.027858159330535,34.252575106808465,34.252575106808465,816800
2020-12-24,34.52463912963867,34.64957560137568,33.90827506608874,34.49964929341346,201100
2020-12-28,35.05771255493164,35.13267571644002,34.53297042437297,34.53297042437297,414800
2020-12-29,34.72453308105469,35.332566040722384,34.69121860044373,35.18264293460622,368400
2020-12-30,35.03272247314453,35.14100011348134,34.61626121150284,34.64957569765024,357100
2020-12-31,35.62409973144531,35.73238055833716,34.97442112478929,35.016066619025366,446600
2021-01-04,34.37471389770508,35.64908437792818,34.15815225615963,35.599111058607974,631900
2021-01-05,34.37471389770508,34.74952967934345,34.008229120851645,34.45800488147033,507700
2021-01-06,35.22428894042969,35.8573085642741,34.566279484073256,34.71620576975818,1040500
2021-01-07,34.79950714111328,35.22429946998548,34.60793531377105,35.22429946998548,549900
2021-01-08,34.8161506652832,34.882785972803234,34.27475308974151,34.7994918384032,666000
2021-01-11,34.899452209472656,35.074365162830425,34.23311170218151,34.81615805738775,815700
2021-01-12,35.09101867675781,35.17430963887664,34.59126337200523,35.10767750465089,765000
2021-01-13,34.91611099243164,35.19097695293035,34.7661878599337,35.00773297926454,730800
2021-01-14,35.35755920410156,35.4491811834441,34.66623203440573,35.00773011727979,673900
2021-01-15,36.08220291137695,36.38205552362147,34.98274545137855,35.00773210994985,646100
2021-01-19,35.36588668823242,36.25711346118435,35.05770626943941,36.25711346118435,863900
2021-01-20,34.95775604248047,35.54079921225432,34.48299050289492,35.36588626132217,654500
2021-01-21,34.86613464355469,35.03271977083097,34.31640594768588,34.95775662242399,628200
2021-01-22,34.80782699584961,34.86613130821679,34.29974383606699,34.86613130821679,454300
2021-01-25,35.20763397216797,35.37421910534682,34.291417328357866,34.807831558947015,668600
2021-01-26,35.149330139160156,35.474169405818714,34.57461158059761,35.38254742243355,510500
2021-01-27,34.60792541503906,35.1493262511482,34.2664273548716,34.8494736759091,670100
2021-01-28,35.1410026550293,35.50749062528222,34.4829962288295,34.77451786212387,568800
2021-01-29,35.22428894042969,35.56578699619052,34.53296182562176,34.907777539834086,866000
2021-02-01,35.99058151245117,36.082203498499766,34.791174221303805,35.22429431522162,706600
2021-02-02,36.290435791015625,36.80684689006677,35.98225533257271,36.21547263330277,817800
2021-02-03,35.37422180175781,36.12385019218258,35.22429548820338,35.94893721881821,653800
2021-02-04,35.47416687011719,35.507484530302456,34.941097016540716,35.257608433606855,753100
2021-02-05,35.85731506347656,35.982254716641805,35.50748911836968,35.690729918372035,525800
2021-02-08,35.54079055786133,36.02388698357651,35.29924552234994,35.857301899628304,468100
2021-02-09,35.64908218383789,35.77402182914349,35.13267112611261,35.66574101503512,362900
2021-02-10,35.69072723388672,36.0405563300285,35.540800932304116,35.8156668776546,467800
2021-02-11,35.35755920410156,35.75736160522141,35.165987418815824,35.690726283027914,599600
2021-02-12,35.066036224365234,35.415865329033,34.94942758192505,35.357561007812905,501800
2021-02-16,34.68288803100586,35.174312371313825,34.64957037263151,35.124335883752295,665400
2021-02-17,34.87446212768555,34.99107076242988,34.4663319060804,34.682890345270295,565600
2021-02-18,34.86613464355469,35.29092369962953,34.86613464355469,34.974415452886326,575900
2021-02-19,34.88279342651367,35.307582482010034,34.674562812038644,34.92443891393927,764400
2021-02-22,35.08269500732422,35.09102601168542,34.391370980663126,34.88279538551625,828400
2021-02-23,35.80734634399414,36.43203833537518,35.19098218113183,35.26594534719147,1076900
2021-02-24,35.98225402832031,36.090534847169,35.449184116061055,35.807341059112865,1285300
2021-02-25,35.67406463623047,36.57361909327931,35.67406463623047,35.98224500623043,939400
2021-02-26,35.11600875854492,36.1405029438984,35.11600875854492,35.86564020019227,763000
2021-03-01,34.832820892333984,35.48249946655095,34.741198903180845,35.399208482237576,1381800
2021-03-02,34.50798034667969,34.982745930114895,34.15815123515796,34.83281962194091,775100
2021-03-03,35.024383544921875,35.057701200878995,34.166474556778525,34.50797258697266,726100
2021-03-04,35.44084930419922,36.18214976988493,34.89112061906792,35.04937791669541,740300
2021-03-05,36.090538024902344,36.31542433234303,35.46584607071745,35.71572221692189,1046900
2021-03-08,37.30659103393555,37.50649060905621,36.01556208868085,36.12383970131019,852400
2021-03-09,37.02340316772461,37.439864388559876,36.79851372719193,37.439864388559876,622100
2021-03-10,38.481014251708984,38.68924484487045,36.706888708316185,36.89013264704922,926900
2021-03-11,38.21448516845703,39.04740766799495,38.13119101209493,38.42271579334151,863500
2021-03-12,39.54716491699219,39.61380025054072,38.422720670815174,38.422720670815174,641500
2021-03-15,40.33010482788086,40.33010482788086,39.372245885343254,39.45553686213884,993500
2021-03-16,39.813690185546875,40.52167613375127,39.605459585018544,40.43005416114332,790700
2021-03-17,39.06407165527344,39.86367659780513,38.84750999749552,39.847017764333934,723600
2021-03-18,39.30561065673828,39.53050010744476,38.739223116591695,39.222319679742,862400
2021-03-19,39.64710235595703,39.78036980407962,38.889143149007296,39.330594152507494,2285200
2021-03-22,38.989105224609375,39.58047946519369,38.98077421989842,39.53050296896998,455700
2021-03-23,39.4971809387207,39.92197316629655,38.80585695945667,38.98076991088344,745900
2021-03-24,39.31907653808594,39.80636578507828,38.97461466535509,39.2770696179817,602700
2021-03-25,39.839962005615234,39.92397903515631,38.98301073875008,39.41988647267578,622200
2021-03-26,39.87356948852539,39.89877620027294,39.16784245311246,39.73074534328472,711100
2021-03-29,40.15922164916992,40.40286623559274,39.70553928926303,39.8315632353223,594600
2021-03-30,39.688743591308594,40.23483994138101,39.43669567058946,40.11721928767072,400600
2021-03-31,39.8819694519043,39.96598327089689,39.38628022803575,39.638324889935305,641600
2021-04-01,39.688743591308594,39.94078830710528,39.15104413804056,39.94078830710528,411200
2021-04-05,40.51209259033203,40.537296101192794,39.78115872614453,39.78956203304648,509200
2021-04-06,40.680118560791016,40.814545826196095,40.218036053189486,40.43647715455033,430300
2021-04-07,40.76414108276367,40.831351519580835,40.41127587347435,40.68012403058868,362000
2021-04-08,40.856544494628906,40.95736171840381,40.344051865980376,40.873347899411684,365000
2021-04-09,41.01618194580078,41.167409420473874,40.873357778010934,41.125402500825246,480800
2021-04-12,41.18419647216797,41.37743078974271,40.99936225321766,41.0161656553878,281500
2021-04-13,41.50346374511719,41.696698104788176,40.663312683110135,40.79773672483439,660500
2021-04-14,41.56228256225586,41.58748607369498,41.17581055896114,41.511872334455,400800
2021-04-15,42.12517547607422,42.13357878179765,41.57907918616827,41.71350323344442,305400
2021-04-16,42.44443130493164,42.62086225572805,42.15037651534906,42.26800035413523,313800
2021-04-19,42.58725357055664,42.65446718976238,42.05796074145942,42.60405697535808,460600
2021-04-20,43.23417282104492,43.26777963265932,42.51164239594504,42.62926623659545,479900
2021-04-21,42.998939514160156,43.35180148670514,42.49485006626087,43.276187749028,582800
2021-04-22,42.570457458496094,43.133360398548795,42.55365725573838,43.01573974971094,383600
2021-04-23,42.56205749511719,42.73848846894602,42.19239213972502,42.60406441199229,419600
2021-04-26,42.02436447143555,42.82250877260604,42.007561062419875,42.82250877260604,365200
2021-04-27,41.44465637207031,42.17558695057545,41.31863242184569,42.17558695057545,453400
2021-04-28,41.679893493652344,41.831120936834154,41.201007658550566,41.45305232887963,465100
2021-04-29,42.22600173950195,42.29321537997339,41.71351215305974,41.8059261013238,513000
2021-04-30,42.73008728027344,42.830904519192856,41.86473263596042,41.86473263596042,544800
2021-05-03,42.41083526611328,42.80570738431595,42.28481449993051,42.74689705244611,450800
2021-05-04,42.352020263671875,42.604064973164704,42.21759620494754,42.34362016215514,446600
2021-05-05,41.77231979370117,42.30161275614726,41.4446613298281,42.30161275614726,552700
2021-05-06,42.26800537109375,42.26800537109375,41.64629211197509,41.89833681516071,531000
2021-05-07,42.200782775878906,42.42762392203284,41.940334821793655,42.15037256398194,581000
2021-05-10,42.32681655883789,42.780495751862055,42.310013150959605,42.419233699707256,515800
2021-05-11,41.69670104980469,42.32681439081456,41.478259963498175,42.284807475731675,445400
2021-05-12,40.932151794433594,41.93193018530361,40.79772778217442,41.67988556293282,580200
2021-05-13,41.77231979370117,42.09997825757424,40.95737208258528,40.99097890065497,810800
2021-05-14,41.78071594238281,42.225995022444046,41.637891786484786,41.822722858533865,591100
2021-05-17,41.51185989379883,41.763904547422854,41.243011835943655,41.62108041884051,640000
2021-05-18,41.44465637207031,41.730304676724714,41.301829014820925,41.469859880146366,622600
2021-05-19,40.99097442626953,41.27662593883637,40.72212632090335,41.12539847895262,494600
2021-05-20,41.07499313354492,41.45306182813651,40.8313485075945,40.94056906490376,646100
2021-05-21,41.33544158935547,41.629493240962226,40.98257640250473,41.35224499872195,382100
2021-05-24,41.32703399658203,41.4950648678993,41.125399514939154,41.3186338952312,305600
2021-05-25,40.394466400146484,41.04978323214611,40.352456281236066,41.007776318157795,551500
2021-05-26,40.453285217285156,40.772540394588525,40.167633655277086,40.41967839706708,471100
2021-05-27,40.08361053466797,40.7725342201974,40.033203516897025,40.7725342201974,532500
2021-05-28,40.27684020996094,40.453274366318695,40.033198841039884,40.27684020996094,334600
2021-06-01,40.167633056640625,40.52049504890321,40.01640557283588,40.4532846143915,568900
2021-06-02,40.41967010498047,40.596101067546414,40.00799465407113,40.25163924328437,499200
2021-06-03,41.100189208984375,41.234616458227414,40.32725175536904,40.47007590030673,587200
2021-06-04,41.125396728515625,41.28502428274431,41.04978300179213,41.20101045523912,413700
2021-06-07,41.05818557739258,41.327033687520725,41.03298206860627,41.16740612367035,450900
2021-06-08,41.226219177246094,41.31023301537826,40.671719512775326,41.05818829605927,436500
2021-06-09,41.679893493652344,41.73030050476503,41.15059744251601,41.25141466966326,360500
2021-06-10,41.906742095947266,42.02436274931444,41.59588384927981,41.73871121759883,404700
2021-06-11,41.88153839111328,42.00756236016284,41.64629706747162,42.00756236016284,424700
2021-06-14,42.015953063964844,42.24279423455858,41.772311692517,41.97394615198569,525500
2021-06-15,42.183990478515625,42.41083168439447,42.04956641631954,42.25120411207489,355700
2021-06-16,41.5706787109375,42.36882294813764,41.5622786095642,42.335216132799836,405200
2021-06-17,41.31023025512695,41.62948858755758,41.01617863638971,41.57067826381013,702800
2021-06-18,39.77275466918945,41.26822265677376,39.755951261979014,41.209412333998344,803200
2021-06-21,40.47007751464844,40.62130497115726,39.873570994487054,40.083608772424625,527500
2021-06-22,40.27684020996094,40.68011232963797,40.184426286534006,40.47847787226041,549100
2021-06-23,39.67193603515625,40.16762531319754,39.554315393743416,40.16762531319754,591700
2021-06-24,39.64649963378906,39.72280825536088,39.16321277529271,39.72280825536088,542100
2021-06-25,40.63003158569336,40.68938561139552,39.44301252478549,39.57867193844283,1422400
2021-06-28,40.32479476928711,40.79960103441637,40.1721775456741,40.63002598213802,537000
2021-06-29,39.37518310546875,40.33327958010609,39.29039718072239,40.2315358235353,331900
2021-06-30,39.0699462890625,39.6125838929036,38.93428365372698,39.307349432149174,972500
2021-07-01,39.468448638916016,39.93477768285045,39.01907742640882,39.298873559019235,695800
2021-07-02,39.23951721191406,39.5956251527283,39.0953805167483,39.5956251527283,371500
2021-07-06,39.18017578125,39.2649649466267,38.493401330766396,39.04451635102322,480500
2021-07-07,39.39214324951172,39.459974580790906,38.79015473910049,39.01908063060389,517900
2021-07-08,38.747764587402344,39.23105153753848,38.64602081747267,39.09539209950687,430900
2021-07-09,39.35823059082031,39.37518842493568,38.80711553676357,38.934294441064594,340100
2021-07-12,39.25647735595703,39.60410478557038,39.00211637430404,39.13777578014399,598500
2021-07-13,39.11233901977539,39.31582650285425,38.88341317553025,39.1801671026766,380400
2021-07-14,39.54475784301758,39.77368371907876,38.942769373213544,39.12930228727281,438600
2021-07-15,40.24848937988281,40.25696667770665,39.34974379491413,39.34974379491413,398700
2021-07-16,40.57916259765625,40.943747889721536,40.2060967726356,40.45198047833091,537700
2021-07-19,40.14674758911133,40.55372909351985,39.67194122459435,40.35023834131559,786500
2021-07-20,40.56220626831055,41.13875962435317,40.078919371977136,40.189143663849464,888600
2021-07-21,40.2908821105957,41.10483854086018,40.26544698289223,40.774168943213695,667600
2021-07-22,40.028045654296875,40.51133254795969,39.833035437062385,40.15522777762951,602100
2021-07-23,41.09635925292969,41.104836550295204,39.985645704286256,40.282399627707115,638900
2021-07-26,40.986141204833984,41.291375706346614,40.74025749701818,41.04549199853081,406200
2021-07-27,41.44398880004883,41.49485905561459,40.536765919538766,40.85047768823725,456600
2021-07-28,41.723785400390625,41.78313618883354,41.053965662963,41.49485954452136,445100
2021-07-29,41.672916412353516,42.0375016863833,41.45246784767828,41.76617962961944,451100
2021-07-30,41.46094512939453,42.36816797706863,41.30832789947036,41.46094512939453,935900
2021-08-02,42.30882263183594,42.58861876642489,41.47790505790352,41.825535753056755,638700
2021-08-03,42.58013916015625,42.79210719144436,42.19859605696255,42.39360625762256,623600
2021-08-04,41.99509811401367,42.35120602731576,41.47789568896476,42.181630984523096,582500
2021-08-05,42.207069396972656,42.35968662393792,41.82552956393467,41.93575060111778,541000
2021-08-06,42.69036102294922,43.021033874949055,42.359691405324924,42.58013997332481,579200
2021-08-09,42.461429595947266,42.724267835321726,42.16467246731902,42.56317332620916,309800
2021-08-10,41.961181640625,42.33424411124105,41.89335033630866,42.31728628516196,692300
2021-08-11,42.673404693603516,42.76666790848898,41.88488337542121,41.952711462099316,466200
2021-08-12,42.58013916015625,42.84297744895321,42.410564088250666,42.77514936081626,226900
2021-08-13,42.94472122192383,42.96167581690883,42.452953873602574,42.64796405968248,234900
2021-08-16,43.19060134887695,43.46192014792514,42.83449663801691,43.07189977859027,465500
2021-08-17,43.54671859741211,43.54671859741211,42.817547956299734,42.9786425169085,542200
2021-08-18,43.20756912231445,43.50432635070489,42.76667516379582,43.49584581694679,560600
2021-08-19,43.41952896118164,43.92825415590681,43.08038206574021,43.08038206574021,537500
2021-08-20,43.79259490966797,43.936731613018836,43.24147675531093,43.3517010330574,460600
2021-08-23,43.59757614135742,43.78410901402074,43.11428936616151,43.7501933581956,492500
2021-08-24,43.23300552368164,43.75868538962623,43.071907733361336,43.75868538962623,364700
2021-08-25,42.83449935913086,43.224519753242255,42.81754152881618,43.224519753242255,448200
2021-08-26,42.664920806884766,42.79210290667309,42.41903713896076,42.79210290667309,287800
2021-08-27,43.00408172607422,43.156698990431416,42.732762863744966,42.77515582953841,346200
2021-08-30,43.14820861816406,43.28386801839617,42.69035692948998,42.87688981769984,426000
2021-08-31,43.538230895996094,43.623020046338446,43.18212616768432,43.216041827821265,526100
2021-09-01,44.19108963012695,44.326749026571605,43.44496456686896,43.7417184858494,527400
2021-09-02,44.216529846191406,44.48784865046691,43.92825321235177,44.34370871635946,368800
2021-09-03,43.885860443115234,44.20805276120505,43.86042531397346,44.12326684114877,364500
2021-09-07,42.95320129394531,43.945213352158575,42.91928563303408,43.784115580017925,399200
2021-09-08,43.95369338989258,44.15718413366841,42.65645000574557,42.74123592893304,472600
2021-09-09,43.59757614135742,44.029992667190584,43.58062154781981,43.987599714596634,491900
2021-09-10,42.69036102294922,43.690850408485865,42.65644859542085,43.690850408485865,356000
2021-09-13,42.639495849609375,43.17365303360908,42.42752778899415,42.98712333964331,410300
2021-09-14,42.52078628540039,42.91080666759815,42.30881826450483,42.91080666759815,421300
2021-09-15,42.60557174682617,42.885371083932334,42.181635709544324,42.32577240972002,312000
2021-09-16,41.9781494140625,42.77515131817634,41.834012698691225,42.715800525449865,345700
2021-09-17,41.15571212768555,42.190113880694966,41.147231595514164,42.054454475331006,1507800
2021-09-20,40.9013557434082,41.6813966033179,40.680907163433226,41.01157679901998,669600
2021-09-21,40.816566467285156,41.35072684944577,40.8080891685607,41.05396964407845,456100
2021-09-22,41.07940673828125,41.43551149245569,40.65547065890657,41.01157541308101,413800
2021-09-23,41.60508728027344,41.75770453019986,40.97766368335431,41.0878847371201,568700
2021-09-24,41.33136749267578,41.81892682641511,41.031990099316154,41.39124297134771,384400
2021-09-27,40.86946487426758,41.96433767440842,40.801037159678614,41.42545514653269,482900
2021-09-28,40.587196350097656,41.27148982939018,40.527320874595105,40.81814601116551,335800
2021-09-29,41.108970642089844,41.25438157710213,40.57864034706367,40.63851582182975,294600
2021-09-30,40.193729400634766,41.31425899214015,40.18517389642716,41.31425899214015,465100
2021-10-01,40.450340270996094,40.792485401291586,40.18517510306774,40.57009122974796,405900
2021-10-04,41.442569732666016,41.613643941833935,40.39046775129169,40.39046775129169,497500
2021-10-05,41.416900634765625,41.76760450869442,41.143183243917186,41.63074255030151,466500
2021-10-06,42.00711441040039,42.07554213966055,41.0319956119157,41.24583756817881,387700
2021-10-07,41.72483825683594,42.25516861696929,41.63074728123263,41.92157244992965,336800
2021-10-08,41.70772933959961,41.793268070915246,41.43401192532749,41.6050861249898,269600
2021-10-11,40.818153381347656,41.66496569519604,40.80959787589182,41.66496569519604,333700
2021-10-12,41.30570602416992,41.76760535419008,40.88657442552894,40.92078991581978,610700
2021-10-13,41.5109977722168,41.67351974049048,41.00633064599112,41.220172593324556,468700
2021-10-14,42.03276824951172,42.12685921857237,41.49388568496266,41.767606350852226,312200
2021-10-15,41.33136749267578,42.37491714319027,41.271492014003854,42.297933918759384,411100
2021-10-18,40.895137786865234,41.3142662030656,40.732615808242365,41.01488876292248,405500
2021-10-19,40.79248046875,41.27148750880584,40.77537272485852,40.980662388587746,477000
2021-10-20,41.28860855102539,41.64786149954988,40.83526461227698,40.87803235429615,420500
2021-10-21,41.408348083496094,41.53665453704345,41.083307460686484,41.25438164442673,397700
2021-10-22,41.66496276855469,41.759053744144076,41.357029853159986,41.493888564116624,368200
2021-10-25,41.72483825683594,42.14396989462275,41.34847761739176,41.72483825683594,651500
2021-10-26,41.21161651611328,41.97289325570321,41.15174103746928,41.84458679405528,984600
2021-10-27,40.9036865234375,41.39980139654254,40.76682781067906,41.23727943185064,2339000
2021-10-28,41.493896484375,41.5110042343812,40.84381829898782,40.955017042543275,793000
2021-10-29,42.178184509277344,42.4519019255279,41.01488385872801,41.39124449033027,1099200
2021-11-01,42.896690368652344,42.896690368652344,41.98999945505493,42.383467803930344,603000
2021-11-02,42.73417282104492,43.178964451075224,42.43479540802889,43.10198122158981,620800
2021-11-03,42.60586166381836,43.16184865038474,42.33214429071555,42.6315216478691,745000
2021-11-04,42.08408737182617,42.853916268665174,41.78470674835947,42.63152212414773,511600
2021-11-05,43.050655364990234,43.20461853996705,42.34925089047837,42.34925089047837,417600
2021-11-08,42.152523040771484,43.23028826793276,41.861697865835644,43.23028826793276,423100
2021-11-09,42.18674087524414,42.52033380497663,41.99855890956148,42.16963312718487,285800
2021-11-10,42.87958526611328,42.888137507716436,42.18673622937563,42.195291733947734,341600
2021-11-11,42.665748596191406,42.8111595621641,42.29794016547662,42.776944065593106,346800
2021-11-12,42.21239471435547,42.77693726616495,42.21239471435547,42.72561729243516,494200
2021-11-15,42.70851516723633,42.88814162486678,42.32359899876446,42.49467321397076,327100
2021-11-16,42.2038459777832,42.768388576473896,42.032771770883485,42.63152986354794,372900
2021-11-17,42.306488037109375,42.38347126495567,41.68206997256452,42.16107708616026,386400
2021-11-18,42.3492546081543,42.528884310172074,41.938678491913095,42.16107592756599,337500
2021-11-19,42.699954986572266,42.89669243344851,41.99855371769604,42.21239564754779,317800
2021-11-22,43.24739074707031,43.58953585869099,42.68284821307591,42.80259916529158,360800
2021-11-23,43.187522888183594,43.4697925734819,43.033556418759325,43.20462737325803,256500
2021-11-24,43.24739074707031,43.546768127609496,42.999333338641435,43.38424944431233,356400
2021-11-26,42.38346862792969,43.067762131227326,41.95578478049757,42.674293774702285,261500
2021-11-29,42.999332427978516,43.196066597161824,42.34925118262017,42.79404275497887,405500
2021-11-30,41.630741119384766,42.70850616390354,41.6221888787635,42.70850616390354,564100
2021-12-01,41.913021087646484,43.03355405057694,41.83603785717082,42.1952940203803,376200
2021-12-02,42.905250549316406,43.19607574425193,42.17818919346228,42.17818919346228,474200
2021-12-03,43.17897033691406,43.22173807846484,42.62298317081492,43.101987096934856,408900
2021-12-06,43.803382873535156,44.23106676004802,43.4099144810559,43.76916737950154,459000
2021-12-07,43.51254653930664,44.025769029263,43.39279560387397,43.700728445254136,320100
2021-12-08,43.74351119995117,43.83760218525316,43.247399545135316,43.615207980605234,309400
2021-12-09,43.33293151855469,43.837598638275054,43.06776633261038,43.56388121025409,545900
2021-12-10,43.42702102661133,43.8718126478353,43.341482293893826,43.598095229077316,649000
2021-12-13,43.580989837646484,44.017225977688355,43.11909044491801,43.26450466691143,707800
2021-12-14,43.33293151855469,43.87181413251996,43.238840540865766,43.709292166341235,582900
2021-12-15,44.308048248291016,44.34226374097954,43.409912774515526,43.598094721333446,710400
2021-12-16,44.9495735168457,45.30027415529879,44.308047719945996,44.40213869223298,736500
2021-12-17,44.3679313659668,45.018012787070006,44.17975264972706,44.63309658549173,833600
2021-12-20,44.641639709472656,44.71862293406255,43.589537815390024,44.179743624902166,508200
2021-12-21,44.308048248291016,45.12920049500181,44.20540503319441,44.71862437164641,430700
2021-12-22,44.55611038208008,44.675861356169676,44.23106969314452,44.44491165058146,296900
2021-12-23,44.26285934448242,44.92697513091758,44.23698577167612,44.65960281478017,387300
2021-12-27,44.59922790527344,44.616478050115916,44.047236430828846,44.23698473396744,362700
2021-12-28,45.185726165771484,45.211599741690705,44.50436015211239,44.50436015211239,301300
2021-12-29,45.625587463378906,45.634210890230364,44.91834801693307,45.16846687716744,167300
2021-12-30,45.4703369140625,45.79807975813034,45.34096248763212,45.79807975813034,378400
2021-12-31,45.6428337097168,45.81533185560711,45.3323409952684,45.711834284124315,270200
2022-01-03,45.3754768371582,45.91884499039907,44.737234513813284,45.59109875462037,342500
2022-01-04,45.22884750366211,45.76359217207116,45.168473636281895,45.52209341242129,306300
2022-01-05,45.56521987915039,45.953336653349496,45.039101935297765,45.263347255726785,453800
2022-01-06,45.35821533203125,45.979207351677985,45.25471775879964,45.61696091017455,470500
2022-01-07,45.9447135925293,46.30695679537813,45.21159717846585,45.26334761749954,629400
2022-01-10,45.85845947265625,46.43632781705311,45.70321474728309,45.99646063321685,472500
2022-01-11,45.33234786987305,46.048210842204305,45.0304752462542,45.970586829288486,483200
2022-01-12,45.297855377197266,45.64284849057104,45.08223344754008,45.23748150010362,459000
2022-01-13,45.8498420715332,46.07408740666071,45.34960095926606,45.42722168709047,425600
2022-01-14,45.884334564208984,46.06545614526042,45.461714251627015,45.79808384218786,353000
2022-01-18,45.401336669921875,45.88433080326534,45.064967106931825,45.5652113832656,477600
2022-01-19,45.8239631652832,46.09995891031861,45.29784524814419,45.49621698425534,440900
2022-01-20,45.50484085083008,46.35008152954977,45.47034384996447,45.789463316340985,356700
2022-01-21,45.28921890258789,46.30695445456774,45.22022161082644,45.823963541851086,472200
2022-01-24,44.849342346191406,45.33233644821191,43.85748057440707,45.013213758779436,536400
2022-01-25,44.40085983276367,44.857977193298794,43.866118459106644,44.34048596590541,423400
2022-01-26,44.15936279296875,44.926976178659444,43.7281190221197,44.48710898005012,626400
2022-01-27,44.6251106262207,45.17710217313365,44.21111367590685,44.61648390760254,582900
2022-01-28,45.23746871948242,45.28059243520451,44.236983380138284,44.60785325757977,591400
2022-01-31,45.315093994140625,45.3668411384063,44.45260649500644,44.78897609324818,484500
2022-02-01,44.63372802734375,45.392717946919156,44.35773229115791,45.21159307181763,648200
2022-02-02,45.427215576171875,45.54796659128995,44.512980921179135,44.530231066196,626800
2022-02-03,45.28059005737305,45.83258148593762,45.08221834336568,45.349590631007835,458000
2022-02-04,44.849342346191406,45.20296202923895,44.055855560866455,44.849342346191406,364500
2022-02-07,45.254730224609375,45.49622572538136,44.659611611807804,44.74586235503311,434800
2022-02-08,45.30647277832031,45.67734271119368,45.030477008293026,45.42722051644111,393500
2022-02-09,45.177101135253906,45.57384463921682,44.8666050747163,45.49622062408242,391200
2022-02-10,44.30598068237305,45.09947087047022,44.055861815048196,44.67685055994097,495100
2022-02-11,44.4698600769043,44.96147772619788,44.24561146732504,44.42673306651131,398800
2022-02-14,43.753990173339844,44.94422383622883,43.279622709692305,44.62510438470284,671700
2022-02-15,43.391746520996094,44.219733716320256,43.227871793291406,44.055862278744215,329900
2022-02-16,43.48662185668945,43.73674404252085,42.813882602508876,43.54699901372547,655700
2022-02-17,43.37450408935547,43.90062207477062,42.69313806594473,43.04675786579486,675300
2022-02-18,42.900123596191406,43.58148612378688,42.80524945826428,43.27099014152654,573800
2022-02-22,42.546512603759766,43.22787527069243,42.20151626622434,42.727634200407856,531300
2022-02-23,42.10663986206055,42.88287993503019,42.09801643464032,42.865629790061,469300
2022-02-24,42.51200866699219,42.693130248110876,41.64089446996274,41.83064276835106,909200
2022-02-25,43.788490295410156,43.93511158955988,42.62413020894763,42.7017542147118,430800
2022-02-28,43.788490295410156,43.960988451567054,43.339996405453704,43.374496694710814,559300
2022-03-01,43.296871185302734,44.23698264907385,42.78800345188298,43.83161248970243,440100
2022-03-02,43.917869567871094,44.090367755932824,43.27100383023657,43.50387589060051,542600
2022-03-03,45.185726165771484,45.20297631309403,44.09899320548479,44.14211692872655,530100
2022-03-04,46.4190788269043,46.548453273084355,44.84935177788851,44.84935177788851,626200
2022-03-07,46.16895294189453,46.574323103226725,45.68596206724706,46.56569967623455,704100
2022-03-08,47.09181594848633,47.66968428146388,46.2810788869864,46.38457646523287,1109200
2022-03-09,46.8244514465332,47.764563039107664,46.67782684725806,47.48856727707929,1021600
2022-03-10,46.988319396972656,47.040069832291024,46.16895560014002,46.48807834941015,700300
2022-03-11,46.66057586669922,47.523063430151176,46.58295185438339,47.0918196484252,534800
2022-03-14,46.39320755004883,47.18669454151724,46.16033550947554,46.902075352013654,662800
2022-03-15,46.95382308959961,46.99695010108753,46.52257929575275,46.64333032173827,399000
2022-03-16,46.84170150756836,47.31606901705714,46.065461371947436,46.78995106848396,668400
2022-03-17,46.565704345703125,47.16944299955356,46.522577336031894,46.79857308925749,498600
2022-03-18,46.39320755004883,46.772700899429935,46.01371091053872,46.76407747131789,1149100
2022-03-21,46.96244430541992,47.022818166274234,46.410452840392715,46.410452840392715,404500
2022-03-22,46.557071685791016,47.16943697947308,46.35007654235438,47.16943697947308,648900
2022-03-23,46.60020065307617,46.6778246631476,46.12583316491918,46.496703069690554,587900
2022-03-24,46.791465759277344,47.06967562267849,46.391539495203595,46.608891158268435,338300
2022-03-25,47.47829818725586,47.4956867184218,46.84363172405339,46.904489924872586,496700
2022-03-28,47.765201568603516,47.87822536507007,47.19139329530733,47.50438022920039,331800
2022-03-29,48.1303596496582,48.173829325153164,47.70434887015086,47.99125469816015,397400
2022-03-30,48.33901596069336,48.50420537255967,47.982559311199736,48.15644133165305,368100
2022-03-31,47.94778823852539,48.73025239948549,47.90431524359104,48.382491655677846,614100
2022-04-01,48.4520378112793,48.54767308448576,47.347890840072665,47.921699162787874,475100
2022-04-04,47.6260986328125,48.13035611781745,47.295726470074854,48.13035611781745,498500
2022-04-05,47.834754943847656,48.55636074875518,47.65218034078321,47.65218034078321,579500
2022-04-06,49.53009796142578,49.58226023790323,47.88691992192272,47.88691992192272,634100
2022-04-07,48.912818908691406,49.56487392603892,48.599835286244186,49.56487392603892,418100
2022-04-08,48.712860107421875,49.25189469101047,48.65200189903665,49.06931674933117,366800
2022-04-11,48.11297607421875,48.98238293980527,47.999952253065786,48.617230331666455,393000
2022-04-12,47.999942779541016,48.46073058259465,47.85214523349294,48.13035511024972,518400
2022-04-13,47.017520904541016,48.243384348632645,46.878412633954554,48.173830213339414,531200
2022-04-14,47.2696418762207,47.99994364500582,47.1827025318629,47.67826409105386,1102700
2022-04-18,46.339378356933594,47.643488460692645,46.14811113028491,47.339197429758265,836600
2022-04-19,46.82624435424805,47.13923128995114,46.47848035535055,46.86102141744246,919300
2022-04-20,47.147926330566406,47.45222067443571,46.95665578964989,47.17400747104649,633300
2022-04-21,46.956661224365234,47.54785813151037,46.8610292593621,47.00013421889484,595600
2022-04-22,46.1741943359375,46.93057730131588,46.078559060074696,46.80016827502231,526200
2022-04-25,45.782955169677734,46.64366923337857,44.99179523159943,46.64366923337857,877600
2022-04-26,45.252620697021484,46.06986516500879,45.22653955579587,45.36564450320509,748000
2022-04-27,44.86138153076172,45.6438488374414,44.52231347004157,45.209145515180055,763200
2022-04-28,42.91391372680664,44.809220531181076,42.61831532658705,44.74836232965262,1345400
2022-04-29,41.14902114868164,42.80089190666166,41.06207848782581,42.70525663798195,1445200
2022-05-02,40.54913330078125,41.70544595608736,39.97532493582769,41.14902612540801,1607700
2022-05-03,40.28831100463867,41.175106333338334,40.262229862081654,40.479581560786755,1200200
2022-05-04,40.70561981201172,40.801255075857206,40.21005827801534,40.453491083059674,899300
2022-05-05,40.783870697021484,40.87081004581108,40.157896772860965,40.46219112667169,964300
2022-05-06,40.80994415283203,41.03599172355235,40.270912995497575,40.775170409779086,631700
2022-05-09,40.79256057739258,41.19249017804173,40.383941685578534,40.6360704233409,866000
2022-05-10,41.0794677734375,41.50547852813606,40.06226349669316,40.92297429755015,933400
2022-05-11,41.54025650024414,42.32272395923915,40.905589924180994,41.16641130500473,1137100
2022-05-12,40.81864929199219,41.861938099161144,40.401334432429344,41.462008456788524,956500
2022-05-13,40.85341262817383,41.15770357458281,40.35784787520087,40.740388855283676,993200
2022-05-16,40.93167495727539,41.331601301242934,40.68823879077545,41.018614313260045,716300
2022-05-17,41.54894256591797,41.609800763117505,40.45348838328027,41.00990808140348,621400
2022-05-18,41.940185546875,42.30533481142772,41.548951823051546,41.8271617340985,814900
2022-05-19,42.27055740356445,42.53137877850852,41.253353046325465,41.7402187284814,1233300
2022-05-20,41.80976867675781,42.366188438653516,41.20118331848812,42.1749179018056,730000
2022-05-23,41.696746826171875,42.48790683396433,41.46200660629628,42.04451085188169,636800
2022-05-24,42.2531623840332,42.41835177214349,41.175099982002315,41.861932039931006,761000
2022-05-25,42.061893463134766,42.40096151637818,41.809764745817276,42.33140739441898,1014600
2022-05-26,41.96626663208008,42.45313563400655,41.95757070682718,42.261865076727624,637200
2022-05-27,42.296634674072266,42.37488140490938,41.80107315094491,41.82715428904956,731500
2022-05-31,42.81827926635742,43.02693833017439,41.453311035269515,41.99234225172201,1027400
2022-06-01,42.86174774169922,43.04432234461906,42.24446980809983,42.91391333532912,844000
2022-06-02,42.905216217041016,43.03562853922367,41.80976531349459,43.03562853922367,549200
2022-06-03,43.235595703125,43.65291052992666,43.018244023549755,43.15734896581697,686500
2022-06-06,43.89634323120117,43.9485055076423,43.313839050930895,43.426862844091964,671600
2022-06-07,44.2528076171875,44.2528076171875,43.1312720448987,43.89635096047444,594700
2022-06-08,43.13996505737305,44.16586536024996,42.91392074565682,44.16586536024996,790300
2022-06-09,42.96608352661133,43.9745986234145,42.931309774309426,43.10519180191424,697700
2022-06-10,42.89652633666992,43.218205884238834,42.366187723649915,42.54876233309254,503900
2022-06-13,41.27074432373047,42.60962835518748,40.94036879135975,42.60962835518748,1202900
2022-06-14,40.21005630493164,41.60980149829836,39.784045600484916,41.20117932429059,1223300
2022-06-15,40.27961730957031,40.79256412081678,39.549315488957355,40.21006317592925,1026400
2022-06-16,39.471065521240234,40.09703609023638,39.23632531417042,39.757968007754435,908000
2022-06-17,39.6710319519043,40.1926746887173,39.140693290114356,39.76666722750886,1056200
2022-06-21,39.67972183227539,39.83621530586469,39.22762994374223,39.66233330004064,676400
2022-06-22,40.01879119873047,40.22745027569372,39.42759434994536,39.51453701389818,548100
2022-06-23,40.59259796142578,40.749091434029026,40.14920200006551,40.253529876293214,845300
2022-06-24,41.26245880126953,41.56973109103397,40.42842970888732,40.59523753677384,1139400
2022-06-27,43.448486328125,44.48443418920779,42.482767338718986,44.3264108553943,5449200
2022-06-28,42.9129524230957,43.22022467227558,42.18427344787436,42.42131347539156,16205900
2022-06-29,42.40375900268555,43.02708468686082,42.08770559971874,42.869061334394104,1411700
2022-06-30,42.43009948730469,43.0446440565052,41.99113716700904,42.289628329754024,1196300
2022-07-01,43.738197326660156,43.852328446787226,42.491546172559914,42.54421949799079,1064000
2022-07-05,42.01747512817383,43.50116661080691,41.04297821127206,43.50116661080691,1051500
2022-07-06,42.95684814453125,43.24656150214925,41.84188357336062,41.91211914430823,736300
2022-07-07,42.825157165527344,43.2816783194255,42.56178047839818,42.93051051959203,783000
2022-07-08,42.56178283691406,42.91295400522359,42.25451057640558,42.91295400522359,814400
2022-07-11,43.00074768066406,43.06220213642134,42.2984086512833,42.51788980727833,594300
2022-07-12,42.64958190917969,43.43093432657845,42.430100742538826,43.00074976639496,538600
2022-07-13,42.11404037475586,42.61445708416935,42.07892259012635,42.175494823349354,707000
2022-07-14,42.798824310302734,42.95685100644671,41.34146960621001,41.481937408447266,834200
2022-07-15,43.448486328125,43.545055212950935,42.32474065588921,43.14999185489278,946200
2022-07-18,43.25534439086914,43.50116220119962,42.75492764897267,43.229007725195586,864300
2022-07-19,43.97523880004883,44.142043251151975,43.4484854341322,43.52749877392132,889900
2022-07-20,43.70307922363281,44.440535915409185,43.61528811588023,44.379081470179166,891500
2022-07-21,43.95768737792969,44.00158294104609,43.09732161458434,43.45727059056573,818300
2022-07-22,44.08059310913086,44.33519204543296,43.75576194672064,44.15960645663783,592200
2022-07-25,44.343971252441406,44.44054349685388,43.78210002933246,43.896231168094175,1059900
2022-07-26,44.52833557128906,44.81804893991227,43.957683257219884,44.19472329464786,981300
2022-07-27,44.28251647949219,44.55467431643066,43.896230853626264,44.273738706888786,1690800
2022-07-28,45.178001403808594,45.3711458972908,44.019141140948825,45.169223630930645,2280400
2022-07-29,45.0726432800293,45.65207330727639,44.92339437580558,45.0902021716448,993100
2022-08-01,45.78376770019531,45.906676604246876,44.29129526024819,44.756594211019525,1147500
2022-08-02,45.01119613647461,46.187615273445886,44.94096055861761,46.170056378981634,908600
2022-08-03,46.00325393676758,46.07348616870961,44.44932687272956,44.89706697978337,871000
2022-08-04,46.249061584472656,46.36319270388189,45.722308239380325,45.99446268310439,796100
2022-08-05,46.073486328125,46.222735263670565,45.31847057528905,46.2051763683701,599200
2022-08-08,46.54756164550781,46.582679432480845,46.170053808088966,46.23150826078352,655500
2022-08-09,47.276241302490234,47.285022424484126,46.37197998009278,46.73192895445634,646200
2022-08-10,47.53083801269531,47.73276027180637,47.10943460033094,47.73276027180637,558700
2022-08-11,47.047977447509766,47.829329772444495,46.889950758307634,47.65374419010697,480700
2022-08-12,47.98735427856445,47.99613205022461,47.302574222518786,47.302574222518786,601500
2022-08-15,48.31218338012695,48.338523392030964,47.82054781146721,47.86444336595238,612500
2022-08-16,48.64580535888672,48.80383206587524,48.057597443220274,48.28585638163881,535500
2022-08-17,48.830162048339844,48.99696985455375,48.320967555885204,48.461435348529555,413400
2022-08-18,48.50533676147461,49.48861142868841,48.470218971819925,49.31302582943176,812900
2022-08-19,48.48777389526367,48.909177289554606,48.347306097166694,48.610682799971464,897400
2022-08-22,47.64496994018555,48.452658990023295,47.58351548417688,48.250736727563854,433000
2022-08-23,47.18844985961914,47.62741218389467,47.109436507288876,47.574735499335574,476200
2022-08-24,46.731929779052734,47.19722878243583,46.56512529741009,47.10943765504851,469500
2022-08-25,47.10066223144531,47.11821777858503,46.538787601481154,46.626582082264775,536600
2022-08-26,46.15249252319336,47.118208171797335,46.15249252319336,47.047975950506874,498300
2022-08-29,46.13494110107422,46.54756677090067,45.450160924780846,45.950577722690134,459700
2022-08-30,45.599403381347656,46.10860126651246,45.45015780405106,46.099820144896995,707100
2022-08-31,45.36235809326172,45.95056925993943,45.18677586943315,45.52038477392043,575200
2022-09-01,45.82767105102539,45.95935774960719,45.26579976610218,45.41504536096495,480500
2022-09-02,45.40626525878906,46.50367110244489,45.21312075862024,45.93301872413711,688700
2022-09-06,44.949745178222656,45.827669875652724,44.81805513400137,45.546734240396454,601800
2022-09-07,46.09104919433594,46.14372588477563,44.993643261137464,45.169228880252646,721500
2022-09-08,45.739871978759766,46.49488769797662,45.669639749702014,45.9154575749292,581200
2022-09-09,45.78376770019531,46.09981773246371,45.59062322296202,45.94179439083774,494400
2022-09-12,46.635353088378906,46.635353088378906,45.81010518287016,45.81010518287016,721900
2022-09-13,44.78293228149414,46.380758131344756,44.56345113193983,45.85400136300448,1063600
2022-09-14,44.72148132324219,44.888289153312776,44.38787236113466,44.79171690411756,608400
2022-09-15,43.922569274902344,44.47566274347553,43.606515864289086,44.33519493309373,878000
2022-09-16,44.02791976928711,44.22984202421124,43.56261745670699,43.966465315571796,1101300
2022-09-19,44.87950134277344,44.905841356184645,43.83477235057517,43.88744902838126,393400
2022-09-20,44.30007553100586,44.47566112484712,43.869894342562255,44.46688335221255,611300
2022-09-21,44.036705017089844,44.958525328319176,44.0103683464601,44.72148524560013,687500
2022-09-22,44.2122802734375,44.5283336429881,43.650409104910366,43.87866801124339,498900
2022-09-23,43.479652404785156,43.89602003074061,42.948114303998224,43.89602003074061,570600
2022-09-26,42.6380500793457,43.435352107790514,42.23053654898668,43.32018839953361,809600
2022-09-27,41.450958251953125,43.010129346672436,41.4243791485813,42.79751679619122,541700
2022-09-28,42.106510162353516,42.65576647668388,41.50410240944696,41.96476736045874,800600
2022-09-29,40.3347282409668,41.84960862924932,40.18412797455543,41.831890354480564,559300
2022-09-30,38.50092315673828,40.68908075449849,38.41233517585857,40.57391367582299,1458500
2022-10-03,40.13982391357422,40.52075827705701,38.979302552799375,39.245069848867374,986600
2022-10-04,40.697940826416016,40.95485071872229,40.077818161421646,40.17526359491,1102500
2022-10-05,39.900638580322266,40.299291276546484,39.280512539464034,40.07781793191248,810100
2022-10-06,38.74898147583008,39.73232037895165,38.62495355256598,39.73232037895165,672100
2022-10-07,37.56188201904297,38.55408169420649,37.34040866605195,38.492069425722214,907900
2022-10-10,37.35812759399414,38.15543310261363,37.24296387118341,37.632755797944306,974900
2022-10-11,37.74791717529297,38.226300407912696,37.20752167689828,37.20752167689828,696000
2022-10-12,37.36698532104492,37.951674852379846,37.11893624090746,37.615034401182385,927700
2022-10-13,38.1199951171875,38.51864785650005,36.83545228300264,37.11893792442147,884800
2022-10-14,37.535301208496094,38.810989826427075,37.3581218582929,38.297170048779314,980500
2022-10-17,38.35032653808594,38.75783669571265,37.84536756463215,38.12885318553901,890500
2022-10-18,39.067901611328125,39.47541518564814,38.77555851651939,38.84642823852147,772200
2022-10-19,38.73126220703125,38.80213192480506,38.119993571728884,38.430058302808206,454600
2022-10-20,37.9516716003418,38.589515899656526,37.801067972152495,38.4743488168547,717400
2022-10-21,38.793270111083984,38.85528237443716,37.694760884200115,38.16428665169329,1012100
2022-10-24,38.757835388183594,39.422255423409595,38.465488950564925,39.05903927266265,570400
2022-10-25,39.58171463012695,40.24613463392799,39.25393504115461,39.25393504115461,1445700
2022-10-26,39.50198745727539,39.78547307934361,38.50092695342596,39.22735928240267,4712300
2022-10-27,39.35137939453125,40.09552991363369,39.27165224049169,39.962647944152955,2178000
2022-10-28,40.2727165222168,40.44989589292292,39.40454132311376,39.40454132311376,1258500
2022-10-31,39.812049865722656,40.30815140732539,39.54628251034862,40.08667804794448,1029800
2022-11-01,39.91836166381836,40.21956558399404,39.48427236908279,39.90064338858267,829200
2022-11-02,39.70573806762695,40.56505566371708,39.56399527254748,39.80318687288436,1008500
2022-11-03,39.62601089477539,39.856345068447915,38.9084360329088,39.39568010051796,643300
2022-11-04,40.201847076416016,40.423320446458874,39.45769641789539,39.62601496253841,813200
2022-11-07,39.253936767578125,40.290430396974514,38.65152900061756,40.24613640398934,698900
2022-11-08,39.34252166748047,39.74117433190645,39.014742089803455,39.44882791818914,1137300
2022-11-09,39.12105178833008,39.5108436615582,38.73125991510196,39.041321248418065,1440200
2022-11-10,41.27376937866211,41.30920592206206,39.484264489941935,40.24613327596699,969000
2022-11-11,40.6447868347168,41.30034600496191,40.290428151752245,41.16746403341134,622300
2022-11-14,40.52076721191406,41.105456743953916,40.38788184487149,40.65364919954138,769200
2022-11-15,41.04344177246094,41.12316893214071,40.56505853789206,40.7776710558682,602500
2022-11-16,41.42436981201172,41.53067944270693,40.91055344797736,41.140884222320736,545700
2022-11-17,40.6447868347168,41.140884935569346,40.19297934496625,41.070015226625344,807500
2022-11-18,41.75215530395508,42.14194716857502,40.999143914878935,41.291490347905146,840700
2022-11-21,41.98248291015625,42.177380517401204,41.22947495757032,41.388936021786236,491500
2022-11-22,42.443153381347656,42.66462673511788,41.93819440510478,42.257116575240325,576200
2022-11-23,42.68234634399414,42.75321606212142,42.124232528799915,42.30141189324105,527900
2022-11-25,43.231590270996094,43.31132079931241,42.82408018378583,42.91266815773081,203200
2022-11-28,42.88610076904297,43.293610935383455,42.46972977593864,42.88610076904297,887300
2022-11-29,42.43429183959961,42.50516154867187,42.08879060234718,42.50516154867187,627100
2022-11-30,43.61253356933594,43.64797011793358,42.00020778171118,42.17738714528412,1479900
2022-12-01,43.06328201293945,44.2503793950363,42.691204999146066,44.03776347580931,843100
2022-12-02,43.21387481689453,43.417629873779894,42.30140578401337,42.46086685103927,568500
2022-12-05,42.89495849609375,42.974689040412024,42.381142061143436,42.788652230141146,597000
2022-12-06,42.78865051269531,43.08985440365073,42.19510355725044,42.85952360676253,685900
2022-12-07,42.72663116455078,43.40876937453755,42.62032492048187,42.80636169245611,472600
2022-12-08,43.22273635864258,43.3733366025429,42.505161545137014,42.611467798444,435500
2022-12-09,43.01898193359375,43.47964687727927,42.97468456293146,42.98354538882988,430900
2022-12-12,43.39992141723633,43.488509410092156,42.877244148790204,43.32019087189996,572200
2022-12-13,43.417633056640625,44.41869352204127,42.974686366744855,44.03775909837771,870200
2022-12-14,43.479652404785156,44.15292994381685,43.1784484948305,43.408779306247425,686600
2022-12-15,42.72663116455078,43.42648764511813,42.49630040583238,43.364475387793384,650300
2022-12-16,42.85065460205078,42.89494858768151,41.79644287461557,42.28368347538262,1750300
2022-12-19,42.80636978149414,43.14301022731032,42.58489642650734,42.770933233636605,453300
2022-12-20,42.708919525146484,42.99240513962186,42.336845923428214,42.744356071809676,636000
2022-12-21,43.34676742553711,43.45307369488679,42.930396416412435,42.939257243517204,975800
2022-12-22,43.01011657714844,43.205014173404905,42.23052957153713,43.08098965921063,618200
2022-12-23,43.808677673339844,43.81761854352387,43.03068892881843,43.03068892881843,357700
2022-12-27,44.211082458496094,44.345219392431,43.65665639330343,43.80867847917925,567300
2022-12-28,43.880218505859375,44.443588888980386,43.73714069234783,44.148488979788,519200
2022-12-29,44.622432708740234,44.95329948099416,44.13954385545472,44.166369876889306,871100
2022-12-30,43.81761932373047,44.69397130085581,43.48675254112815,44.60454895244781,540500
2023-01-03,43.66559982299805,44.273677920906174,42.994921988896046,44.02329262110613,571100
2023-01-04,43.835506439208984,44.398876810897754,43.69242862860086,44.02329542602388,625600
2023-01-05,42.99492645263672,43.87127850416376,42.74453771559741,43.63877492057327,432200
2023-01-06,44.02330017089844,44.17532227987946,43.49570004780746,43.54041122883325,463700
2023-01-09,44.22896957397461,44.586665806184925,43.79079527132326,43.93387308195857,530400
2023-01-10,44.25579833984375,44.3183946678479,43.522520733770506,44.06800594458727,476000
2023-01-11,44.693973541259766,44.72079956487811,44.237914083527485,44.443588224170995,482200
2023-01-12,44.34522247314453,44.84599652854773,44.157433481584896,44.8012819399671,594900
2023-01-13,43.1558837890625,44.20214303885867,42.4047244391107,44.20214303885867,1628900
2023-01-17,42.798194885253906,43.450987661608764,42.69982824297884,43.21848747997671,1083000
2023-01-18,41.877132415771484,42.95915867889714,41.599917637834615,42.92338836989023,778300
2023-01-19,40.79509353637695,41.85029353527381,40.687786044813585,41.85029353527381,1071100
2023-01-20,41.582027435302734,41.61779773996715,40.31221232091212,40.839808964114184,954500
2023-01-23,41.626739501953125,42.038087780670935,41.215391223235315,41.53731714962111,1095700
2023-01-24,42.360008239746094,42.413663690966565,41.33163767568104,42.002315465340544,651000
2023-01-25,41.9307746887207,42.22587455233627,41.70721542643386,42.011256159593714,933400
2023-01-26,42.18115997314453,42.24375970493234,41.805582049879455,41.859237500878876,510000
2023-01-27,42.22587966918945,42.44943895856679,41.939724051685985,42.18116508231875,567600
2023-01-30,41.95760726928711,42.49415162941831,41.89501093895843,42.12751451838853,585200
2023-01-31,42.54780197143555,42.67299461703557,41.68933178072559,42.038083696681,2459900
2023-02-01,42.92338180541992,43.397326387923385,42.181163357637466,42.35107059381335,924900
2023-02-02,43.88916015625,44.04117883157102,42.72664915352809,43.003863893003064,1231300
2023-02-03,43.27213668823242,43.611947772517624,42.011262398148105,43.406273630020934,1064400
2023-02-06,43.200599670410156,43.37944437855979,42.655114441319,43.200599670410156,808000
2023-02-07,43.24530792236328,43.39732659625685,42.54780405627481,42.878670837464995,619300
2023-02-08,42.52991485595703,43.02174454577202,42.32424074607962,42.93231879501428,595100
2023-02-09,41.7251091003418,42.753483281434264,41.58203127970013,42.52097969086385,635300
2023-02-10,42.64617156982422,42.65511585227405,41.66251199748696,41.79664894428034,553200
2023-02-13,42.86973190307617,43.12906152044035,42.64617259388174,42.64617259388174,570900
2023-02-14,42.09174346923828,42.6819398670951,41.734047235463926,42.6819398670951,682700
2023-02-15,42.10068893432617,42.27059277395915,41.66251120620168,41.832415045834665,1020200
2023-02-16,43.06645584106445,43.29895597122511,40.91134470455304,41.447885565689084,1105800
2023-02-17,44.37204360961914,44.44358421447246,43.120113725880245,43.352613869165936,825000
2023-02-21,43.31684494018555,44.13954486586505,43.17376713718614,44.13954486586505,903400
2023-02-22,43.25424575805664,43.62088281723257,43.08434194422905,43.307901209854464,782100
2023-02-23,43.24530792236328,43.45098205181901,42.95020803363729,43.2721339445224,633600
2023-02-24,43.433101654052734,43.45098680786445,42.529923559648736,42.88761640215027,578200
2023-02-27,43.17376708984375,43.88915951530021,43.08434474228364,43.59405962811283,453100
2023-02-28,42.74453353881836,43.683481830044904,42.637226039855186,42.9144407743576,976600
2023-03-01,41.8592414855957,42.62828255566651,41.555200723476936,42.503089902660655,467700
2023-03-02,42.467315673828125,42.49414169162563,41.43894178250802,41.66250102746949,604700
2023-03-03,42.66405487060547,42.79819181157336,41.948665811679625,42.699825176362786,689400
2023-03-06,42.619346618652344,42.83396505667968,41.72510938081974,42.61040574722153,898800
2023-03-07,41.79664611816406,42.8160759288825,41.55520167700801,42.64616868626674,676100
2023-03-08,42.047027587890625,42.127509060922016,41.34952376244773,41.868179491016015,481100
2023-03-09,41.60885238647461,42.324244816360746,41.59096723460306,42.163281860760755,498900
2023-03-10,40.79509353637695,41.92183413714516,40.58047855325021,41.707215742774764,581200
2023-03-13,41.1974983215332,42.37789088876074,40.67884263532399,40.75932410178238,1125100
2023-03-14,42.80712890625,43.370499232876874,42.082799040402115,42.57462876182515,1540800
2023-03-15,43.06645584106445,43.54040038210941,42.36895203933888,42.628278189183256,1228800
2023-03-16,43.73713684082031,43.80867744689824,42.80712942927041,42.88761090548615,640800
2023-03-17,43.03068923950195,43.51357810277886,42.7445336341328,43.33472999661217,1239500
2023-03-20,43.66559982299805,44.00540746951415,43.17376668232816,43.17376668232816,809600
2023-03-21,42.297420501708984,43.69243181531665,41.70722406349888,43.69243181531665,1075000
2023-03-22,41.295867919921875,42.3957791001317,41.2600976186361,42.243760436532696,763600
2023-03-23,40.598365783691406,41.46577345273763,40.51788430808466,41.143847550310646,799900
2023-03-24,42.57918930053711,42.606285688297085,40.33913051094548,40.619139151753465,608800
2023-03-27,42.687583923339844,43.11211243085981,42.40757869125181,42.96759260105241,510800
2023-03-28,43.057918548583984,43.35599265196612,42.32628837778188,42.425646412242585,536400
2023-03-29,43.428245544433594,43.608892720923286,43.03984791285752,43.229529515546105,468100
2023-03-30,43.509544372558594,43.8889111078399,43.2295391194192,43.617936837281704,320400
2023-03-31,44.15987777709961,44.259235796514105,43.50953688320415,43.74438373738826,872400
2023-04-03,43.9702033996582,44.18698143620862,43.43728584517001,43.89794175705822,544500
2023-04-04,43.9702033996582,44.0334306141208,43.56374027409521,43.979234382170816,534000
2023-04-05,44.96377182006836,45.04506443605806,44.12374927004956,44.12374927004956,561600
2023-04-06,45.577980041503906,45.596045449377726,44.999900772038615,45.15345501615396,541900
2023-04-10,45.75863265991211,45.76766364142872,45.05409895038726,45.45152760398151,455500
2023-04-11,46.11090087890625,46.35477873456274,45.577983367425276,45.83089565049006,1426100
2023-04-12,45.812828063964844,46.490265371161684,45.71347004094275,46.273483916783995,1022900
2023-04-13,45.67734146118164,45.731537688836234,44.80118806503372,45.59604884251199,442800
2023-04-14,44.70183181762695,45.541850918423265,44.46698495216291,45.37023470567983,873100
2023-04-17,45.22571563720703,45.40636628004814,44.74699436245885,44.81925255222064,515300
2023-04-18,44.98183822631836,45.56895195989019,44.765060209287604,45.23475050702018,730800
2023-04-19,45.64120864868164,45.66830848413719,44.846351351555164,45.054098380051244,765400
2023-04-20,46.02057647705078,46.09283466693617,45.39733193046413,45.56895159198772,1234800
2023-04-21,45.668312072753906,46.5173656618858,45.379272406427106,46.34574943676195,727900
2023-04-24,45.97541809082031,46.3638157964586,45.496693334089,45.767667596118706,608600
2023-04-25,45.90315246582031,46.02057589923723,45.541851184056426,45.74960166072651,938500
2023-04-26,45.5237922668457,46.05670979800941,45.12636014118995,45.577985050799036,578600
2023-04-27,46.210262298583984,46.22832770910211,45.559921302430226,45.559921302430226,506800
2023-04-28,45.722503662109375,46.363813635289894,44.76506108452564,45.80379628149144,1177100
2023-05-01,45.53281784057617,46.19218971681031,45.47862161743565,45.78572665731688,891600
2023-05-02,44.98183822631836,45.532821141843584,44.412789901769834,45.4063667243049,724700
2023-05-03,45.1534538269043,45.85798748730611,44.90957599546733,45.26184282566823,723200
2023-05-04,45.65927505493164,45.65927505493164,44.68376709782189,44.981837729352165,789100
2023-05-05,46.381866455078125,46.42703169242757,45.632171064686425,45.69539826222703,645200
2023-05-08,46.24638748168945,46.58962334844033,45.885086206622816,46.28251829832098,646800
2023-05-09,45.803794860839844,46.33671236123228,45.63217864552257,46.201226963547406,767300
2023-05-10,46.26445770263672,46.354781307987075,45.58702032563501,46.23735786453187,717700
2023-05-11,45.78572463989258,46.408969118862316,45.56894664813062,46.11089507315956,518400
2023-05-12,46.11090087890625,46.418005943922815,45.7676649955055,46.06573907873827,665000
2023-05-15,45.812828063964844,46.23735310011699,45.53281940323206,46.2283221187624,926100
2023-05-16,45.35216522216797,45.75862826385408,45.00893282752108,45.75862826385408,757400
2023-05-17,45.334110260009766,45.71347700152912,45.126363200978275,45.40637190434673,1395100
2023-05-18,44.97280502319336,45.09022500760822,44.67473095746883,44.954739615062394,868000
2023-05-19,44.584407806396484,45.37023411698501,44.448918966877216,45.270876094087455,889100
2023-05-22,44.629573822021484,44.88248267102566,44.132787106209854,44.79215906655978,563500
2023-05-23,44.64763259887695,44.999899427833185,44.394723787446665,44.51214376668265,591500
2023-05-24,44.25924301147461,44.584413511430306,43.979234315262815,44.584413511430306,470900
2023-05-25,43.81664276123047,44.02439323068719,43.27469430302618,44.02439323068719,473200
2023-05-26,43.6269645690918,43.76245341708763,43.256632289611005,43.69019177932331,427700
2023-05-30,43.47340774536133,44.00632519049039,43.41018054387348,43.789543752800576,447600
2023-05-31,44.015357971191406,44.27730121413861,43.410182319166,43.635994746749965,797800
2023-06-01,43.97923278808594,44.259241474574445,43.58180410506565,44.08762524805709,1168700
2023-06-02,44.855384826660156,44.90054662743103,43.56373733999099,43.780518807565514,684200
2023-06-05,44.33149719238281,45.32507049001602,44.0243921547395,44.521178803556104,854500
2023-06-06,44.38569259643555,44.78312469550987,44.331499816106785,44.58440864597271,611900
2023-06-07,45.13538360595703,45.26183799863301,44.34955397325838,44.48504279148195,804800
2023-06-08,44.93667221069336,45.17151561471483,44.674728972867165,45.12635381920579,781100
2023-06-09,44.74699020385742,44.90054099634611,44.50311237553059,44.89151001557435,506900
2023-06-12,44.602474212646484,44.864414024953774,44.457954388550455,44.611505194191814,816800
2023-06-13,44.59343719482422,44.837315029872784,44.17794315538927,44.30439756342389,672000
2023-06-14,44.123748779296875,44.9547403385741,44.06052157263304,44.55731169016937,887100
2023-06-15,44.123748779296875,44.20504139438243,43.572769327744076,44.14181418771859,1280000
2023-06-16,43.96116638183594,44.49408390493078,43.71729196648918,44.36762948345481,2555100
2023-06-20,43.066951751708984,44.19601402824157,42.9224319181378,43.35599141885135,1460100
2023-06-21,43.256629943847656,43.536638606562995,42.20886037245627,42.949524891252366,990800
2023-06-22,42.75984573364258,43.40115226564981,42.62435688519055,43.40115226564981,988700
2023-06-23,42.016231536865234,43.266224876300576,41.99798302702453,42.83739707695991,2207100
2023-06-26,42.90127182006836,42.94689136151982,42.00711558153771,42.14397420589209,941400
2023-06-27,43.311851501464844,43.530826676711335,42.782655113615114,42.864771674469466,975500
2023-06-28,42.362945556640625,43.33921819328774,42.271706489505256,43.33921819328774,1001700
2023-06-29,42.280826568603516,42.73702883909749,42.034476924871115,42.034476924871115,719300
2023-06-30,42.727909088134766,42.89213871402919,42.2260837737031,42.372068370479404,919800
2023-07-03,43.04724884033203,43.17498492606134,42.59104654527175,42.65491458813641,559400
2023-07-05,43.08374786376953,43.56732120525688,42.609297037167,42.7279106139545,703900
2023-07-06,42.819149017333984,42.90126557220685,42.35382071287193,42.59104786274795,734100
2023-07-07,42.353824615478516,42.80090445110326,42.08010390086332,42.545432248202104,940000
2023-07-10,42.19871139526367,42.60016815337837,41.98885876166641,42.21695990434351,797300
2023-07-11,42.49068069458008,42.50892920370936,41.97061036631087,42.326447592963774,722900
2023-07-12,43.348350524902344,43.47609012058733,42.60930486431088,42.76441200967764,809800
2023-07-13,43.39396286010742,43.539947452953186,43.1384872122169,43.18411022542583,741100
2023-07-14,43.33922576904297,43.57644947339033,43.10200206469561,43.34834828513221,689600
2023-07-17,42.57279968261719,43.23885464150406,42.545428657629934,43.19323510634282,1008600
2023-07-18,42.2990837097168,43.156742900284286,41.824632833908886,42.627549968395186,819600
2023-07-19,42.873897552490234,43.05637570451115,42.508934287353114,42.518056802735096,854300
2023-07-20,44.251625061035156,44.2607475759986,42.773530518085835,43.07462223954427,902900
2023-07-21,44.85380935668945,45.06366199402906,44.10563787381006,44.47972361524976,972000
2023-07-24,44.81731414794922,45.1184093444757,44.379360346176774,45.06366381404886,655700
2023-07-25,44.56184005737305,44.92680328348345,44.5435915480128,44.58921108113978,634000
2023-07-26,44.69870376586914,45.364758719322715,44.5253446609042,44.6165872110298,564700
2023-07-27,43.667686462402344,44.66220765546902,43.53995037017226,44.525345567766806,783200
2023-07-28,43.37572479248047,44.21513553327252,43.111126566581554,43.111126566581554,716500
2023-07-31,43.494327545166016,43.831919768169996,43.22973284461768,43.66768665442414,763000
2023-08-01,43.4395866394043,43.88666297596102,43.29360203228714,43.62206826843764,994000
2023-08-02,43.53995132446289,43.868417557709414,43.13849104802934,43.28447565385584,611900
2023-08-03,42.727909088134766,43.485203096240795,42.24433228336856,43.485203096240795,855200
2023-08-04,42.5180549621582,43.20235844425655,42.189592214410894,42.810024169409694,736800
2023-08-07,42.93776321411133,42.96513423928288,42.35382132625442,42.70966205622186,580000
2023-08-08,42.85564422607422,42.91951226821509,42.198711814857,42.7370306561495,727100
2023-08-09,42.90127182006836,43.18411854594406,42.55455704005104,42.68229314833429,793500
2023-08-10,42.53630447387695,43.41221559679567,42.51805596292577,43.138491413075556,693700
2023-08-11,43.00163650512695,43.065504558682704,42.48156608014565,42.63667321576735,535100
2023-08-14,41.8337516784668,42.64579473806805,41.78813214222004,42.63666874249019,1104000
2023-08-15,40.50164031982422,41.60564906910247,40.49251780511127,41.414044935204075,916900
2023-08-16,40.64762496948242,40.99433969831011,40.50164037006246,40.565508414774484,764100
2023-08-17,39.82646560668945,40.75711531582953,39.68048099735889,40.42865255524648,1781800
2023-08-18,40.28266525268555,40.76623858615947,40.118432143100556,40.50164041176727,1286500
2023-08-21,40.02719497680664,40.32829021172648,39.66223516906643,40.28267067082744,1429300
2023-08-22,40.20055389404297,40.2188024064164,39.54362137079074,39.79909358292312,1127700
2023-08-23,39.972450256347656,40.492520645146705,39.78084262846303,40.492520645146705,1091500
2023-08-24,40.018070220947266,40.519892103844406,39.87208560991269,39.93595365970609,811800
2023-08-25,40.045440673828125,40.41040393645698,39.990698620817135,40.23704482046184,1073000
2023-08-28,40.2279167175293,40.58375393486584,40.06368362021287,40.06368362021287,1105700
2023-08-29,40.31916427612305,40.383032329587756,39.93595595533478,40.3100417601486,827600
2023-08-30,40.355655670166016,40.60200533367648,40.22791958106001,40.22791958106001,669700
2023-08-31,40.018070220947266,40.60200866508559,39.999821709499486,40.38303000825988,937800
2023-09-01,40.136680603027344,40.42864980180355,39.698723324315644,40.30091023185999,662200
2023-09-05,38.941429138183594,39.972447324815256,38.84106407392555,39.972447324815256,1151900
2023-09-06,39.39763259887695,39.51624617652558,38.87756223297969,39.1786539540293,765600
2023-09-07,39.616607666015625,39.88120584606459,39.49799756920538,39.66223068230146,692600
2023-09-08,39.85383987426758,39.908585412423925,39.44325703946476,39.61661268947132,1046600
2023-09-11,39.87207794189453,40.136676086179534,39.726093358935046,39.91769747146681,571500
2023-09-12,39.954200744628906,40.01806879214196,39.62573451139174,39.96332325975325,460700
2023-09-13,39.89032745361328,40.3556522358349,39.73521687250802,40.04543455417146,1479900
2023-09-14,40.747989654541016,40.81185769865798,40.145802752475774,40.20967079659274,1275900
2023-09-15,40.54726028442383,41.09470514778497,40.53813776961415,40.86660399152135,2295800
2023-09-18,40.310035705566406,40.59288238596065,40.13668008370711,40.556385366449,873200
2023-09-19,39.963321685791016,40.5655085961594,39.95419917102596,40.392152971244116,963400
2023-09-20,39.86294937133789,40.30090309191171,39.77171031809005,40.14579600528103,861200
2023-09-21,39.2698974609375,39.7808418437574,39.2698974609375,39.7808418437574,1000700
2023-09-22,39.883419036865234,39.97567981021295,39.00696104669946,39.22838338334534,1608700
2023-09-25,39.781925201416016,39.90186242071034,39.3021798436266,39.68966796773599,831800
2023-09-26,39.154563903808594,39.81882721010142,39.05308236035845,39.431342627689055,2000700
2023-09-27,38.093597412109375,39.16379761084097,38.02901663869017,39.05308821632065,1201300
2023-09-28,37.512359619140625,38.36114086336681,37.410874560869146,38.24120365637439,1194900
2023-09-29,37.3463020324707,37.98288546642497,37.1525597072744,37.844499599594016,1267600
2023-10-02,35.88861846923828,37.14333323026864,35.722552607454126,37.14333323026864,1212900
2023-10-03,36.43294143676758,36.62668375181384,35.06751035706258,35.52880359444213,1138900
2023-10-04,36.78352737426758,36.80197952890407,36.02700663111461,36.48829993886099,897300
2023-10-05,36.82965087890625,37.0049445638788,36.47907054773744,36.72816932160253,875400
2023-10-06,37.49391555786133,37.63230494342531,36.00855069961277,36.39603886755896,1270100
2023-10-09,37.945987701416016,38.03824495331531,37.46624224888483,37.49391872057691,1418900
2023-10-10,38.499534606933594,38.564115381027115,37.93675627321444,37.94598410916394,893600
2023-10-11,39.29296112060547,39.37599405049077,38.51798828147217,38.68405414124276,870000
2023-10-12,38.2873420715332,39.18225215699984,37.81682447653442,39.18225215699984,1232000
2023-10-13,38.43495559692383,38.951605332773354,38.268889736093215,38.67482655179673,818700
2023-10-16,38.49031066894531,38.720957298515906,38.231984050642225,38.62869653505471,1075000
2023-10-17,38.158180236816406,38.647149981672776,37.97366222310452,38.05669515330545,1278300
2023-10-18,37.54927062988281,38.15817756898845,37.47546202180303,37.99211172019709,1079500
2023-10-19,37.410884857177734,37.927534605395344,37.00494803175649,37.18023821376802,1225800
2023-10-20,36.940364837646484,37.70610981361315,36.82965192208956,37.54004395966602,1396000
2023-10-23,36.30377960205078,36.8942379546846,36.23919882462634,36.45139331036213,1007000
2023-10-24,36.709716796875,36.85733049254973,36.303776494228416,36.67281249310929,1392400
2023-10-25,37.032623291015625,37.14333269080099,36.20229751354287,36.48829708960408,1565400
2023-10-26,37.623077392578125,37.669209534374666,37.18946411867468,37.281721363491165,1656900
2023-10-27,36.62668228149414,38.48107947278735,36.27609844973064,38.33346578352713,1891500
2023-10-30,36.46061706542969,37.16178122157402,36.24842260344669,36.8296495352048,1239600
2023-10-31,36.92190933227539,36.94958579895727,36.39603534899207,36.66358625821002,970300
2023-11-01,37.76146697998047,38.00133792941178,36.48829658229099,36.718943214946925,877800
2023-11-02,38.499534606933594,38.72095691767439,37.72456179842314,37.72456179842314,1213000
2023-11-03,38.970054626464844,39.43134786839115,38.94237463876533,39.30218280436575,902400
2023-11-06,38.296566009521484,38.96082944942843,38.25966522238428,38.831667895977276,782400
2023-11-07,38.05668640136719,38.388818045790224,37.964429175421934,38.34268943281759,706100
2023-11-08,37.383209228515625,37.9275354600032,36.92191593130204,37.9275354600032,840200
2023-11-09,37.30939483642578,37.94598174045008,37.272494053095976,37.57694575204793,777700
2023-11-10,37.13410949707031,37.42011260117045,36.94959147892146,37.42011260117045,542700
2023-11-13,36.156166076660156,37.35553142206965,36.110037452464816,37.04185185039752,1113900
2023-11-14,38.05668640136719,38.12126716340638,36.88500133104707,37.19868082640354,1096600
2023-11-15,38.13972854614258,38.739411218133284,37.872177598984365,37.95521053019248,1075800
2023-11-16,38.06591796875,38.5087625919458,38.06591796875,38.462630450796226,697300
2023-11-17,38.11204528808594,38.49030556969371,37.872170854254,38.32423973685246,949100
2023-11-20,37.65998458862305,38.047472789245845,37.33708068759452,37.97366417221728,873000
2023-11-21,37.6507568359375,37.77991838456422,37.235592201502854,37.72456192684352,717700
2023-11-22,38.01057052612305,38.029022681373114,37.49392073728733,37.90908543194203,558600
2023-11-24,38.25043487548828,38.32424348369501,37.816821620132266,38.05669255802784,264000
2023-11-27,38.268890380859375,38.40727977367931,37.909082182793675,38.20430960271366,1371200
2023-11-28,38.121280670166016,38.57334968400062,37.992119100324366,38.231990084403314,818600
2023-11-29,37.623077392578125,38.46263099020602,37.55849661732892,38.13972711396002,687100
2023-11-30,37.88140869140625,38.13050750644101,37.457016162427365,37.67843850447673,744800
2023-12-01,38.7209587097168,38.730183026704964,37.70611139098669,37.83527294515145,609600
2023-12-04,38.951602935791016,39.36676404293121,38.49030968840131,38.49030968840131,989000
2023-12-05,38.767086029052734,39.00695697594666,38.481082940604956,38.988504823202774,879300
2023-12-06,39.68044662475586,39.828060334427335,38.92392592276601,38.97928238366348,1371000
2023-12-07,39.14534378051758,39.67121778118221,39.09921516139381,39.59740917507374,983900
2023-12-08,39.246826171875,39.29295478784608,38.83166158935969,39.2560504873141,728300
2023-12-11,39.772705078125,39.920318779205274,39.42212121828876,39.514381981081584,1150400
2023-12-12,39.634315490722656,39.86496211744156,39.191474389748954,39.781929191047226,1326000
2023-12-13,41.23038864135742,41.36877802150584,39.33908705586179,39.56050936022163,1594500
2023-12-14,40.40928268432617,41.903871632433905,40.38160621916846,41.44257844307085,1578700
2023-12-15,39.67121887207031,40.65838612989403,39.44057225072106,40.65838612989403,2509300
2023-12-18,39.717350006103516,39.957224478345324,39.523607676561696,39.78193078261746,1011000
2023-12-19,40.298580169677734,40.31703232272234,39.60664026775248,39.85573905477217,865700
2023-12-20,39.73579788208008,40.58457924108082,39.671217112517716,40.31702832752932,851000
2023-12-21,40.003353118896484,40.27090406136289,39.66199708297735,39.901868035934164,699500
2023-12-22,40.213233947753906,40.73560259806875,40.11062480333648,40.269199984076465,819700
2023-12-26,40.36247634887695,40.61433414816932,40.13860156338296,40.23188420665921,473900
2023-12-27,40.39979553222656,40.40912201878391,40.14793769474363,40.297186388248015,556400
2023-12-28,40.52105712890625,40.716948927790156,40.09196758538816,40.138607134314995,936800
2023-12-29,40.42778015136719,40.530389299409464,40.175922303909694,40.34382753554802,1206700
2024-01-02,41.257972717285156,41.369908342630964,40.19457538057655,40.24121492793986,882000
2024-01-03,41.21133041381836,41.58445388451005,40.82888045762549,41.202000369948045,1045400
2024-01-04,41.30461120605469,41.57512555554599,41.06208343095961,41.42587687278687,1256200
2024-01-05,41.05275344848633,41.76168736143598,40.8382086890953,41.062083492755534,889100
2024-01-08,41.17401885986328,41.332597586132025,40.96880058764582,40.97813063185712,935700
2024-01-09,40.86619567871094,41.01544436321094,40.53038524899359,40.81955257362961,1076200
2024-01-10,40.68896484375,41.006118777594,40.56770272078737,40.735604395533294,634000
2024-01-11,39.28975296020508,40.50239897558517,39.056551666540855,40.40911988146722,749200
2024-01-12,39.476318359375,39.76548927128728,39.33639614688236,39.72817620683995,429200
2024-01-16,38.170387268066406,39.271097694275035,38.123747719505594,39.25244472154628,1889100
2024-01-17,37.955841064453125,38.272994964405456,37.545408070902184,37.81592242405521,888100
2024-01-18,37.83457946777344,37.881219015205524,37.46145597157795,37.75995334518659,1083100
2024-01-19,37.77861022949219,37.946515448515036,37.49876938391057,37.86256283900361,1359800
2024-01-22,37.40549087524414,38.11442489154545,37.17228955168684,37.843910502210214,1481100
2024-01-23,37.66667175292969,37.75995084160924,37.33086134029268,37.657341709040246,1348800
2024-01-24,37.2562370300293,38.03979351140452,37.004379208333404,37.93718437385775,3425800
2024-01-25,37.97450256347656,38.06778522764972,37.32153814774366,37.84391039200394,1123800
2024-01-26,37.85323715209961,38.33829273021999,37.79726755845365,38.161061021228676,385000
2024-01-29,38.310306549072266,38.4875382434285,37.78793439328713,38.12374481069406,695400
2024-01-30,38.459564208984375,38.61814296906558,37.94652197741817,38.189049803085275,847800
2024-01-31,38.179718017578125,38.86066540257044,37.909203649214604,38.78604283516954,1138100
2024-02-01,38.90730667114258,38.944619735676504,37.946518388797,38.05845402402909,797900
2024-02-02,38.310306549072266,38.627460436804455,37.843903982311346,38.32896307874701,644100
2024-02-05,36.883121490478516,37.53608589576725,36.883121490478516,37.53608589576725,1121800
2024-02-06,37.051021575927734,37.26556633272421,36.62192850396553,36.76185069935722,592700
2024-02-07,37.01371383666992,37.1163229869244,36.78983900353561,37.097666454299066,587700
2024-02-08,36.94841766357422,36.976400683260636,36.50999804384843,36.724542830973675,664800
2024-02-09,37.414817810058594,37.52675343971579,36.82714952721169,37.02303776870415,627700
2024-02-12,37.965171813964844,38.179716579921866,37.31220747153903,37.442799628350315,727500
2024-02-13,37.20027542114258,37.853239826331055,36.77118228961489,37.60138197468537,1550000
2024-02-14,37.34019088745117,37.53608268313063,36.92043139560667,37.32153435651173,657000
2024-02-15,38.05845260620117,38.105092155946224,37.45213134277637,37.55473692886766,1239900
2024-02-16,38.151729583740234,38.45955341292207,37.21892449424408,38.37560081253265,1631500
2024-02-20,38.207698822021484,38.683431450322935,37.93718446933001,38.05845013749676,1357100
2024-02-21,38.68342971801758,38.86998789654211,38.2356836844942,38.47821145159759,845800
2024-02-22,38.46888732910156,38.49687034592536,37.84390600587143,38.142403379889906,593700
2024-02-23,38.65544509887695,38.83268035915271,38.30098169506412,38.49686992744005,413000
2024-02-26,37.46146011352539,38.394265398780874,37.442803580815905,38.394265398780874,660200
2024-02-27,37.97450256347656,38.08644176048435,37.74130124059837,37.862566924838575,591900
2024-02-28,37.88121795654297,38.05844965517959,37.648016667530385,37.96517056292227,511800
2024-02-29,37.47078323364258,38.40358843507798,37.44280021627774,38.161060648387334,1185400
2024-03-01,37.44280242919922,37.54541157676057,36.836481147453455,37.40548936492788,1029300
2024-03-04,38.03046798706055,38.09576406562877,37.19094189351287,37.19094189351287,855300
2024-03-05,37.69466018676758,38.46889025591233,37.573394507355935,38.19837587813623,654200
2024-03-06,37.787933349609375,38.31963553473121,37.66667124762653,37.99315161199433,838500
2024-03-07,38.674102783203125,38.720742331583764,38.17971716530339,38.31963936881474,610800
2024-03-08,38.73939895629883,39.00991331927796,38.46888815168915,38.77671201844135,459800
2024-03-11,39.26176834106445,39.31773793027228,38.76738275735422,38.86066184766472,1599400
2024-03-12,38.79536437988281,39.17781432981529,38.356944842752014,39.019239170307,718700
2024-03-13,38.60880661010742,39.33639352651421,38.394261841381564,38.944617051024224,961900
2024-03-14,38.011810302734375,38.375603746108574,37.545407722332726,37.694656405726484,1255300
2024-03-15,38.31964111328125,38.599481974674006,37.82525191450544,37.82525191450544,2503300
2024-03-18,38.23568344116211,38.54350728046393,38.12374426471677,38.28232298549643,775500
2024-03-19,38.33829116821289,38.60880552225931,38.23568558826329,38.36627774308036,600400
2024-03-20,38.487545013427734,38.74873291644812,38.217034181483854,38.338296308146006,1254500
2024-03-21,38.57719039916992,38.83198146558054,38.3223993327593,38.624373130028566,1166500
2024-03-22,38.435638427734375,38.92634674596392,38.124229525668696,38.765924741829515,943500
2024-03-25,38.360145568847656,38.68099316680897,38.06760688841451,38.58662410869594,531100
2024-03-26,38.21859359741211,38.45451084184058,37.89774600099693,38.45451084184058,791900
2024-03-27,39.332130432128906,39.332130432128906,38.482826757805555,38.482826757805555,898400
2024-03-28,39.63409423828125,39.70958947902545,39.03014671157248,39.35099428511291,676300
2024-04-01,39.586917877197266,39.709595863224195,39.14339226604652,39.690722050003764,666000
2024-04-02,39.64353561401367,39.851143959087096,39.4831136017746,39.4831136017746,979100
2024-04-03,38.982967376708984,39.65297149743956,38.97352867088938,39.558602438301186,1101600
2024-04-04,38.99240493774414,39.49254838332705,38.6621222094935,39.38874781145667,1158400
2024-04-05,39.020713806152344,39.067900138536295,38.41676618967992,38.6998661849249,567400
2024-04-08,39.31325149536133,39.49254731444299,39.001842588555114,39.13395567627967,616400
2024-04-09,39.80396270751953,39.841710335267216,39.32268945326633,39.43593233650939,646000
2024-04-10,38.397891998291016,39.06789975353594,38.303526534076546,39.06789975353594,759200
2024-04-11,38.42620086669922,38.61493177719766,37.97324020184248,38.55831394397268,764200
2024-04-12,38.27521896362305,38.728179687476285,38.13366716250123,38.41676716493303,1295700
2024-04-15,38.5677490234375,38.624370456435486,38.105353253293735,38.41676213525424,1304900
2024-04-16,38.265777587890625,38.68099425565303,37.84112581395706,38.35070794267734,1239900
2024-04-17,38.67155075073242,38.72817218016767,38.11478596062483,38.50169006223783,775400
2024-04-18,39.38874435424805,39.46423599987428,38.643245004702464,38.84141462425921,996200
2024-04-19,40.389034271240234,40.44565570968348,39.44536522938971,39.539734293461784,900200
2024-04-22,40.8514289855957,41.13452894561709,40.37015581372916,40.577764130990126,1061100
2024-04-23,41.09678268432617,41.33269992545297,40.63438690761204,40.63438690761204,914700
2024-04-24,41.228904724121094,41.31383509337805,40.22861770821933,40.643830846913254,669500
2024-04-25,40.81368637084961,41.2760857887949,40.58720421516357,41.05903873968206,1206400
2024-04-26,40.389034271240234,42.229189622811106,40.379599164738885,41.483690215794375,1517900
2024-04-29,40.92692947387695,41.09679020656398,40.47396871998224,40.47396871998224,985200
2024-04-30,40.7948112487793,41.1439677777712,40.24748508980374,40.653263055853095,1082000
2024-05-01,41.445945739746094,41.74792316791306,40.62495461889426,40.97411118296495,980900
2024-05-02,41.03072738647461,41.719605319434436,41.00241846862236,41.63467496606616,1070400
2024-05-03,41.30439376831055,41.65355030056075,40.70988127300002,41.51200210631364,1500500
2024-05-06,41.80453872680664,41.97439944595227,41.39876074216006,41.46481728851538,2212400
2024-05-07,41.927215576171875,42.153694129018376,41.54974652167878,41.813976299748624,1167700
2024-05-08,41.578060150146484,41.87059525536377,41.578060150146484,41.823412522245995,843300
2024-05-09,42.14426040649414,42.18200803314534,41.42707349918049,41.52143896599666,1060500
2024-05-10,42.04045486450195,42.39905010639079,41.82341141804105,42.22918939180195,679400
2024-05-13,42.2480583190918,42.56890589845657,42.05932381361641,42.11594524520241,822400
2024-05-14,41.78566360473633,42.64440228026905,41.7384808730764,42.61609336123543,785900
2024-05-15,42.12538528442383,42.389611463149635,42.02158111426392,42.24806326732296,649500
2024-05-16,42.71989822387695,42.80482858216743,42.08763808997855,42.106511902911066,938500
2024-05-17,42.45566940307617,42.92750389762117,42.29524380302889,42.71045686229634,1010400
2024-05-20,42.389610290527344,42.5972186251041,42.25749720481908,42.39904899654171,991400
2024-05-21,42.74820327758789,42.85200743942373,42.389608063921735,42.389608063921735,690400
2024-05-22,42.1820068359375,42.625528837159685,42.05932885270886,42.47454193465202,802500
2024-05-23,41.276084899902344,41.94608904633505,41.096785480567064,41.94608904633505,720100
2024-05-24,41.2572135925293,41.48369215727831,41.06847905536386,41.34214395426315,551000
2024-05-28,40.95524215698242,41.72905056457319,40.908055820085444,41.29496002388083,717600
2024-05-29,40.35128402709961,40.67213162450052,40.20029713419397,40.587201272252884,630700
2024-05-30,40.898616790771484,40.94579952333196,40.44565607852984,40.56833406303645,561200
2024-05-31,42.049896240234375,42.16313552387851,41.002422967043294,41.09678843677809,845200
2024-06-03,41.88946533203125,42.21031292834902,41.88946533203125,42.09707365900494,665300
2024-06-04,41.73847961425781,41.96496175913119,41.36101417255095,41.70073199014366,829200
2024-06-05,41.228904724121094,41.710178016514604,41.228904724121094,41.710178016514604,663500
2024-06-06,40.86086654663086,41.502561747809395,40.38903205163556,41.059036170574124,2355900
2024-06-07,40.389034271240234,40.78537714071955,40.26635628785238,40.3984729775533,855900
2024-06-10,40.511714935302734,40.77594113256507,40.0021327550294,40.200302402976156,575700
2024-06-11,40.436214447021484,40.68157039828595,40.09649663727385,40.181426989663635,705100
2024-06-12,40.35128402709961,41.14396611480708,40.26635367485197,41.14396611480708,573700
2024-06-13,40.35128402709961,40.53058343729545,40.03987513539925,40.36072273280017,840700
2024-06-14,40.266357421875,40.33241756849177,39.93607468785024,40.105935408152064,679400
2024-06-17,40.56833267211914,40.870306469926824,40.07762435072874,40.10593326933208,1115300
2024-06-18,40.03044128417969,40.61551871497627,40.01157107011314,40.47396691079376,750200
2024-06-20,40.12480545043945,40.360722695373966,39.95494474610168,40.002127475126294,1147600
2024-06-21,40.28522872924805,40.49283706332736,40.07762399498032,40.26635491707614,1612700
2024-06-24,40.74355697631836,40.84859134068706,40.21838879694832,40.23748628524021,742400
2024-06-25,40.39026641845703,40.7531114458164,40.3616220045118,40.714916465573566,610600
2024-06-26,40.58123779296875,40.648077187347496,39.97013267723515,40.13245588001959,593200
2024-06-27,41.09685516357422,41.144597063203804,40.51439451766225,40.695815193244066,1102400
2024-06-28,41.2878303527832,41.373767237323705,41.030019699161706,41.22098731594165,2226700
2024-07-01,41.077762603759766,41.70796522491338,40.80085445322172,41.47879897973302,1043500
2024-07-02,40.61943054199219,41.326019427316766,40.533493662158264,41.22098505835602,1640500
2024-07-03,40.52394104003906,40.934527929247295,40.466652218039215,40.70536535630105,639500
2024-07-05,40.55259323120117,40.791306393819546,40.323426992399064,40.52394517480479,880900
2024-07-08,40.52394104003906,40.77220474361649,40.48574970619697,40.61942848082785,497400
2024-07-09,40.70536422729492,40.848589920795455,40.38071422256439,40.428456120397904,586100
2024-07-10,41.163700103759766,41.19234451890642,40.65762934297447,40.9536313460871,571500
2024-07-11,42.576881408691406,42.85378956178777,41.57428681702154,41.72706310106196,1034600
2024-07-12,42.872886657714844,43.32166493905845,42.72965729916384,42.968370468432916,904100
2024-07-15,43.12114715576172,43.15934213739697,42.481397604503975,42.62462332192526,1324600
2024-07-16,44.009159088134766,44.009159088134766,43.25482461523148,43.45534279892258,799700
2024-07-17,44.70619583129883,45.069040818013775,44.1332857617265,44.181027660445295,910800
2024-07-18,44.496131896972656,45.26001692861627,44.29561371527941,44.372003675433284,989800
2024-07-19,44.25741958618164,44.61071769497583,44.028256986261255,44.61071769497583,667800
2024-07-22,45.00220489501953,45.06904428686498,44.372002312995505,44.81123364297238,1141900
2024-07-23,44.64890670776367,45.12633301561709,44.629812860826355,45.04039613450453,1352200
2024-07-24,45.53691864013672,46.13847679086175,44.43884034870449,44.944911055083104,2302100
2024-07-25,45.70878982543945,46.3867378934933,45.61330602893949,45.76608228882345,1255900
2024-07-26,45.279109954833984,46.18622068160077,44.878073598722146,45.80428181518098,1396300
2024-07-29,44.677555084228516,45.441436453789514,44.477036907682574,45.441436453789514,1280200
2024-07-30,45.260013580322266,45.470078670257436,44.67755292589712,44.67755292589712,942100
2024-07-31,45.24092102050781,45.65150796450734,45.11678915215416,45.28866292603647,892100
2024-08-01,45.78518295288086,45.97615420160243,45.13588289271169,45.37459604299525,741800
2024-08-02,45.861572265625,46.42493548282963,44.98310956352901,45.88066975599324,1142600
2024-08-05,44.16193389892578,45.57511534659456,43.83728386078067,45.57511534659456,1213200
2024-08-06,43.99006271362305,44.74439720565847,43.96141829879033,44.25742029865883,870700
2024-08-07,44.381553649902344,44.64891124387089,44.01870859917787,44.21923043712831,922800
2024-08-08,44.45793533325195,44.68709790182751,44.11418783791528,44.17147665882249,616500
2024-08-09,44.27651596069336,44.629814060583435,43.80864020620463,44.44838972753887,741700
2024-08-12,44.31471252441406,44.3911024868418,43.97096497843701,44.238326204460215,552500
2024-08-13,44.4388427734375,44.725297837159616,44.10464216370023,44.4388427734375,1133300
2024-08-14,44.29560852050781,44.63935601593966,44.276511032709,44.36244790656697,655300
2024-08-15,44.24787139892578,44.477037634777254,44.047353219101836,44.34335520575421,809400
2024-08-16,44.429290771484375,44.562969554069866,44.22877259760614,44.48658323936686,600900
2024-08-19,44.534324645996094,44.7348428176439,44.26696708379902,44.352903963430016,864500
2024-08-20,44.878074645996094,44.96401153037887,44.45794079038797,44.51522961832729,1002700
2024-08-21,45.260013580322266,45.33639989235137,44.76348980347581,44.90671550445794,949200
2024-08-22,45.13588333129883,45.42233838592787,44.9735564934424,45.27910903737653,694100
2024-08-23,45.5560188293457,45.68969761688097,45.059495016733436,45.3555006480428,472400
2024-08-26,45.804283142089844,46.19577258593361,45.62285880599656,45.68969820061814,530900
2024-08-27,45.38414764404297,45.80428516302853,45.08814563836567,45.62286081893059,466900
2024-08-28,45.460533142089844,45.880666977325056,45.34595184929363,45.47963063130148,558600
2024-08-29,45.517826080322266,45.680152932052536,45.154984679934984,45.64195795017789,442300
2024-08-30,45.93796157836914,45.94750850218152,45.45098468704064,45.55601906134576,557200
2024-09-03,46.31990051269531,46.52042233775195,45.80428284926426,45.86157167716004,588800
2024-09-04,46.66364288330078,46.73048227009451,46.32944594933213,46.32944594933213,731300
2024-09-05,46.23396301269531,47.0455899409908,46.109834792258226,47.01694552742436,782500
2024-09-06,45.8138313293457,46.60636080524772,45.794733838573784,46.396292049230524,524600
2024-09-09,46.00479507446289,46.042990049763226,45.556013220867264,45.75653137748404,517200
2024-09-10,46.10983657836914,46.29125727544038,45.727894051144126,46.090739087760504,599700
2024-09-11,45.67060089111328,46.10983220604056,45.19317459859054,46.023895327687526,744700
2024-09-12,45.38414764404297,45.909319542774924,45.17408252702417,45.48918202378936,676900
2024-09-13,46.39628601074219,46.415383499028565,45.55601473850885,45.8042784437583,2010900
2024-09-16,46.873714447021484,47.026490717867894,46.42493255782794,46.49177194866864,1867800
2024-09-17,46.63500213623047,47.2174628175976,46.59680715721244,46.997847151954424,868500
2024-09-18,46.41538619995117,46.9023594309338,46.27215685070552,46.5968068855185,725600
2024-09-19,45.70878982543945,46.20531358068066,45.326850996966236,46.10027921904668,1806200
2024-09-20,45.54647445678711,45.880671444344735,45.212273826755506,45.880671444344735,2565900
2024-09-23,45.89976501464844,46.014346308812925,45.38414372719774,45.508275587318906,1502200
2024-09-24,45.7260856628418,46.53659250877402,45.70678744261018,45.84187130347236,994300
2024-09-25,45.706783294677734,46.09274030276585,45.48485930329265,45.97695467264294,1171900
2024-09-26,45.89976501464844,46.21818012074443,45.60064812838484,45.74538293674831,692300
2024-09-27,46.40150451660156,46.536588365436685,46.034845726364196,46.140984087808604,678400
2024-09-30,46.21818161010742,46.44975289404037,45.899766493750626,46.401509183284276,830100
2024-10-01,46.08309555053711,46.43045616837873,45.95766263468488,46.198884876990526,533500
2024-10-02,45.861167907714844,46.01554998336875,45.65854212356141,45.755029540560464,939300
2024-10-03,45.12785339355469,45.93836020060043,45.118202443522335,45.93836020060043,500200
2024-10-04,44.94452667236328,45.04101408993858,44.539271420877135,44.84803557402894,745400
2024-10-07,44.645408630371094,44.80943797214528,44.28840077769396,44.74189604544309,888200
2024-10-08,44.452430725097656,44.94452611864253,44.346292358617035,44.857685971591025,857000
2024-10-09,44.47172927856445,44.77084616082394,44.201561566045584,44.539271206694174,1011100
2024-10-10,44.346290588378906,44.809436793912504,44.143664813600246,44.462079900331446,710100
2024-10-11,44.8480339050293,44.886630342926686,44.35594220449378,44.40418591148606,486600
2024-10-14,45.88046646118164,45.890117411407196,44.82873741289779,44.915577561132565,906000
2024-10-15,46.5655403137207,46.89360271244935,46.005906622218504,46.005906622218504,1492200
2024-10-16,47.00939178466797,47.13482470059038,46.642732945545646,46.75851859130452,746100
2024-10-17,46.5655403137207,47.07693397338436,46.536594822313845,47.07693397338436,644000
2024-10-18,46.700626373291016,46.86465572704659,46.33396754386903,46.57518977992785,647700
2024-10-21,46.79711151123047,47.03833373551516,46.38220899100008,46.70062409382021,896800
2024-10-22,46.84535598754883,47.07693094619072,46.25677316172815,46.49799538996554,1064000
2024-10-23,47.27955627441406,47.3470982032025,46.69097345432134,46.816410042396605,775300
2024-10-24,47.096229553222656,47.50148113322785,46.855007323002674,47.269909853441774,1011200
2024-10-25,46.642730712890625,48.09971136795625,46.604134272565396,47.78129993717095,1498100
2024-10-28,46.990089416503906,47.23131163765561,46.66202704850723,46.8646528308925,1035800
2024-10-29,46.00590515136719,46.575189775644006,45.85152306753411,46.575189775644006,1452300
2024-10-30,45.803279876708984,46.3725645074517,45.77433070513952,46.015552943915935,965000
2024-10-31,45.73573303222656,46.160282801802445,45.71643481350599,45.74538030120741,1014000
2024-11-01,44.48137664794922,45.90941545356759,44.423485669855935,45.668193229488125,1078100
2024-11-04,44.51997756958008,44.64541416934324,44.12437322948957,44.269108050813166,905600
2024-11-05,45.079612731933594,45.17610015422342,44.259454919433175,44.42348795423695,768200
2024-11-06,45.53310775756836,46.034850448103995,45.11820521887079,45.57170419855399,1269600
2024-11-07,44.857688903808594,45.55240644487333,44.78049602104627,45.52346095421708,903500
2024-11-08,45.369075775146484,45.542756068756965,44.82873667494064,45.031362457233215,1388100
2024-11-11,45.78397750854492,46.025199725470074,45.27258390574754,45.369075000972956,722900
2024-11-12,45.5138053894043,46.10238817814049,45.4655616829483,45.88046418383582,614900
2024-11-13,44.703304290771484,45.79362609243004,44.240154381910244,45.79362609243004,1021200
2024-11-14,44.278751373291016,44.992770784327234,44.23050766407106,44.81909048652813,1030000
2024-11-15,45.01206970214844,45.20504454202064,44.3462939900083,44.53927251063963,1042100
2024-11-18,45.13750076293945,45.369075714362836,44.751547418245785,44.99276963896394,1598600
2024-11-19,45.262935638427734,45.30153207566674,44.5778654408502,44.983116989583216,559200
2024-11-20,45.23398971557617,45.37872083269138,44.89627641412308,45.176095060274804,810200
2024-11-21,45.9287109375,45.96730737752908,45.20504425037074,45.34977906010024,863800
2024-11-22,45.89976501464844,46.18923095061629,45.82257581607791,46.025201603179504,768000
2024-11-25,46.382205963134766,46.61378090286466,46.073441830667434,46.2278238969011,803300
2024-11-26,46.034847259521484,46.49799347699188,45.98660355201062,46.45940071943856,757300
2024-11-27,46.372562408447266,46.70062478556417,46.2664240392684,46.31466774868813,698300
2024-11-29,46.23747253417969,46.44010199272503,46.13133785111934,46.31466540996056,339300
2024-12-02,45.55240249633789,46.24712365794262,45.18574737727665,46.24712365794262,737500
2024-12-03,45.47521209716797,45.88046364353663,45.436615660154146,45.77432528212803,649000
2024-12-04,45.12785339355469,45.581352345341884,45.00241680844694,45.45591576023413,345800
2024-12-05,44.8287353515625,45.29188156059837,44.741895207320844,45.0120665898276,655900
2024-12-06,44.433135986328125,44.857689485507905,44.24980840852913,44.857689485507905,381100
2024-12-09,44.230506896972656,44.68400585344509,44.21120867746755,44.500674608526104,743200
2024-12-10,43.989288330078125,44.19191413058267,43.50684384463343,43.96999010896922,1763900
2024-12-11,43.57438278198242,44.15331465240527,43.3910552151923,43.90244515675779,1041900
2024-12-12,42.96649932861328,43.950686397669834,42.94720110991505,43.51648567885682,1791100
2024-12-13,42.91825866699219,43.35245941660866,42.184944708230354,42.83141851706889,2083500
2024-12-16,42.69633102416992,43.24631736663073,42.67703280574478,42.91825501492088,1263200
2024-12-17,42.92790985107422,43.034044540883414,42.40686894869828,42.45511265874958,976300
2024-12-18,42.12704849243164,43.14983203367623,42.11740122313379,42.86036242411489,1283700
2024-12-19,42.36827087402344,42.976151903346725,42.0209102858387,42.0209102858387,1414500
2024-12-20,42.48405838012695,42.71563334269784,42.11740323713186,42.30073080862941,2603600
2024-12-23,42.64809036254883,42.72527956100008,42.06915481074863,42.54195199401417,1585800
2024-12-24,42.71640396118164,42.735922983898256,42.17964386652981,42.433383716100025,491600
2024-12-26,42.72616195678711,42.85303374403516,42.37482699079125,42.43338405941488,769100
2024-12-27,42.47242736816406,42.93111515537204,42.26748318689499,42.413870292284294,724400
2024-12-30,42.491943359375,42.59929612938581,42.06253227933174,42.32603351766561,816600
2024-12-31,42.57001495361328,42.667610071326166,42.30651372009812,42.42362786135357,1094500
