Price,Close,High,Low,Open,Volume
Ticker,RITM,RITM,RITM,RITM,RITM
Date,,,,,
2015-01-02,4.200780868530273,4.2137863695753115,4.139004506009638,4.1617643653951575,676200
2015-01-05,4.148758411407471,4.207283004682893,4.116244507306794,4.194277505057736,897900
2015-01-06,4.152007579803467,4.197526648413584,4.13249918605956,4.152007579803467,702800
2015-01-07,4.200780868530273,4.200780868530273,4.129250457744759,4.171518413660036,804600
2015-01-08,4.191026210784912,4.223539803631414,4.174769259323882,4.213785756785019,1209900
2015-01-09,4.099987030029297,4.200779871768915,4.080478938128422,4.184522921801166,1220500
2015-01-12,4.086981773376465,4.109741628705327,4.060970775922521,4.096736129978355,897900
2015-01-13,3.969930410385132,4.122745180830454,3.9536734671334335,4.093482744992477,1698100
2015-01-14,4.002444744110107,4.012198787120854,3.934165822884007,3.9471713169234817,2525100
2015-01-15,4.015451431274414,4.028456929178257,3.989440435466729,4.015451431274414,1169000
2015-01-16,4.0837297439575195,4.0837297439575195,3.986188369660792,3.9926909625736506,767900
2015-01-20,4.093484878540039,4.103238925544762,4.054468380445583,4.096736330900134,686900
2015-01-21,4.226790428161621,4.230041879832172,4.077227062146728,4.096735462094539,1587100
2015-01-22,4.272311687469482,4.301573835059664,4.226792274425366,4.2463006828944545,873800
2015-01-23,4.21053409576416,4.28206449260164,4.204031501547413,4.2723104462387465,955800
2015-01-26,4.246300220489502,4.249551363150619,4.2007808124022645,4.210534860536816,1643100
2015-01-27,4.21053409576416,4.252802043437419,4.207282643618015,4.236545092782236,785200
2015-01-28,4.213785648345947,4.249550692579375,4.191026102931542,4.226791147164971,1687100
2015-01-29,4.19752836227417,4.2267908098002565,4.191025768421444,4.223539357836129,1009400
2015-01-30,4.145506381988525,4.184522875433472,4.119495386358562,4.184522875433472,1652000
2015-02-02,4.106489658355713,4.165014550280303,4.067473167097822,4.145506149613603,2019700
2015-02-03,4.194278717041016,4.204033077135191,4.109743100087777,4.109743100087777,911600
2015-02-04,4.1780195236206055,4.194276160383538,4.13900272717825,4.1780195236206055,869100
2015-02-05,4.2397966384887695,4.243048090706665,4.171517692290712,4.19427723766488,686800
2015-02-06,4.191026210784912,4.2300427082460486,4.171517807016564,4.2300427082460486,773000
2015-02-09,4.1845221519470215,4.226790090056645,4.171516656380636,4.191025054767952,466500
2015-02-10,4.165014743804932,4.2007797849342525,4.132500844541531,4.2007797849342525,465700
2015-02-11,4.1845221519470215,4.204030550334338,4.152008568068793,4.165014063635179,509900
2015-02-12,4.236545562744141,4.2397970152509705,4.194277610382079,4.194277610382079,610500
2015-02-13,4.262557506561279,4.269060413014963,4.223540998066114,4.236546500897836,620500
2015-02-17,4.2397966384887695,4.278813134876867,4.223539687474841,4.262556183862939,478900
2015-02-18,4.252801418304443,4.252801418304443,4.197527980246968,4.239795921707126,500700
2015-02-19,4.252801418304443,4.259304321640851,4.210533476844286,4.24304737337533,463400
2015-02-20,4.256053447723389,4.25930489983297,4.207282596306277,4.243047949360601,636000
2015-02-23,4.633213520050049,4.672230017746666,4.3958630815434026,4.415371175353931,5595300
2015-02-24,4.698240756988525,4.727503206165341,4.512912325636085,4.636464716562894,3710700
2015-02-25,4.747013568878174,4.763270216176704,4.691740099851288,4.698242696755567,1578300
2015-02-26,4.834799766540527,4.844553815167404,4.730755754318869,4.740509802945746,1971200
2015-02-27,4.9128313064575195,5.016875597638928,4.795781827713397,4.8445523663379015,4685300
2015-03-02,4.9128313064575195,4.932339707952634,4.857557863976137,4.909580164604603,1415900
2015-03-03,4.929089069366455,4.96160297386488,4.8835699751593475,4.9095809747278585,1693500
2015-03-04,4.994114875793457,4.997366327156505,4.9030764081564,4.93559030163594,879000
2015-03-05,4.971357345581055,5.007122394802647,4.96810589290393,5.007122394802647,841300
2015-03-06,4.802283763885498,4.961601155369497,4.747010332541995,4.955098252822985,2655600
2015-03-09,4.883570671081543,4.883570671081543,4.81204025703707,4.8152917099653685,967400
2015-03-10,4.870563983917236,4.886820935561032,4.825044891405283,4.8575584846173125,1455200
2015-03-11,4.857557773590088,4.8900716721184425,4.841301134401427,4.880317626590143,963600
2015-03-12,4.857557773590088,4.90632862138262,4.818541281401372,4.877066174722204,2415900
2015-03-13,4.779524803161621,4.873814737078413,4.773022209482282,4.8445522903325955,3193600
2015-03-16,4.877067565917969,4.877067565917969,4.782777605379913,4.7892802008951545,4469100
2015-03-17,4.890073299407959,4.896576205307835,4.860810843009757,4.873816344733889,1220800
2015-03-18,4.984361171722412,5.023377660513576,4.815289720294035,4.886819794706757,1614900
2015-03-19,4.974608421325684,5.039635919562995,4.958351469247463,4.990865373403904,1131500
2015-03-20,5.0363850593566895,5.042887964982877,4.919335548765771,5.000620008639477,3062500
2015-03-23,5.016876697540283,5.075401294705531,5.00061974440943,5.042887698519413,1532400
2015-03-24,5.003541469573975,5.060210518114745,4.976873719425924,5.040209546551379,1494300
2015-03-25,5.026876926422119,5.076878890956389,5.006876267770306,5.013543048019331,2287000
2015-03-26,5.043544292449951,5.063544950858071,4.983541681416123,5.020210085005567,1319800
2015-03-27,5.016876697540283,5.070212212219277,5.010209599253037,5.040210905736157,780400
2015-03-30,5.060210227966309,5.113545725204195,5.003541182674896,5.0302089312938385,1128500
2015-03-31,5.010208606719971,5.076877986861367,5.003541827658172,5.056877331771289,635800
2015-04-01,5.066877841949463,5.1202133479850325,4.99354136219821,5.026876212422787,2013900
2015-04-02,5.093545913696289,5.113546888663536,5.0468775019472325,5.070211707821761,611600
2015-04-06,5.123547554016113,5.143548530298221,5.096879797576457,5.1102136757962855,566900
2015-04-07,5.2768874168396,5.516897229542365,5.070212141393183,5.070212141393183,8391900
2015-04-08,5.320221900939941,5.320221900939941,5.163548610957631,5.163548610957631,21795900
2015-04-09,5.376890182495117,5.393557924372077,5.300220477289125,5.336888873609095,4897000
2015-04-10,5.456894874572754,5.506896835940036,5.330222560912243,5.376890973413781,10176900
2015-04-13,5.496895790100098,5.543564199212082,5.463560939673227,5.483562231414982,5009600
2015-04-14,5.520228385925293,5.5668974172461585,5.510228378778053,5.5335625765338845,3326300
2015-04-15,5.5435638427734375,5.633567742396123,5.516896091308496,5.523563188127068,4449000
2015-04-16,5.623568058013916,5.646902262418264,5.500229302978867,5.5468977117875635,2133900
2015-04-17,5.573566436767578,5.613568391157672,5.520230921453782,5.613568391157672,3156400
2015-04-20,5.583566188812256,5.656902351654527,5.573565542866285,5.620234588138088,2190200
2015-04-21,5.666901588439941,5.670235136259661,5.590231896014088,5.623566738402052,3461500
2015-04-22,5.653568744659424,5.6735700363449455,5.606900335678645,5.656902293273677,1953000
2015-04-23,5.670236587524414,5.6869036950796295,5.636901736604584,5.683570146406707,1871600
2015-04-24,5.720241069793701,5.750242385277313,5.676906189544971,5.696906854597486,2030600
2015-04-27,5.736906051635742,5.763574442869631,5.7169053940197685,5.750240247252687,1965600
2015-04-28,5.773573398590088,5.790241140065058,5.720237897488833,5.730238542373815,3736000
2015-04-29,5.700238227844238,5.820242808139766,5.683570483491085,5.756907287026089,2821200
2015-04-30,5.680237770080566,5.72690618429084,5.603567414980098,5.6869042322467065,6976100
2015-05-01,5.646901607513428,5.703570655555763,5.633567414652027,5.67356935742692,2446200
2015-05-04,5.730238914489746,5.743572472726265,5.626900818062233,5.670236312901995,2934500
2015-05-05,5.556897163391113,5.723570742813991,5.526895868230255,5.706903639195402,3373700
2015-05-06,5.523561954498291,5.560230343001597,5.50022775665408,5.560230343001597,2653800
2015-05-07,5.556897163391113,5.620233301598396,5.433558434862115,5.523562320344688,2179400
2015-05-08,5.6735687255859375,5.82690811155944,5.626899691577673,5.626899691577673,3230400
2015-05-11,5.650236129760742,5.686903894832051,5.603567082509972,5.673570335481417,1970000
2015-05-12,5.590234279632568,5.633569148148,5.566900070754297,5.626902049665778,1949800
2015-05-13,5.570233345031738,5.630235963639761,5.556899783013037,5.620235951078122,1411300
2015-05-14,5.566898822784424,5.663569185867363,5.560231725796811,5.610233681585184,1797700
2015-05-15,5.746906280517578,5.790241777312482,5.72023852703202,5.750239829179447,3084800
2015-05-18,5.816909313201904,5.83024287154121,5.733572507200784,5.750239614077259,1611500
2015-05-19,5.9269118309021,5.970246675345251,5.803573120733025,5.8269073166492715,2060800
2015-05-20,5.880242824554443,5.94357895356301,5.86690927075794,5.933578311358766,2145700
2015-05-21,5.883665561676025,5.9178723961125765,5.849458074785929,5.897348164959936,1205200
2015-05-22,5.9486613273620605,5.972606381539339,5.849460295419935,5.869984534364203,1476200
2015-05-26,5.849459648132324,5.934978062132933,5.808410522332396,5.92471561756952,1671400
2015-05-27,5.924713611602783,5.938396866387842,5.846036853949191,5.859719456280751,1747400
2015-05-28,5.883665561676025,5.941818093653125,5.856299702654657,5.914452234631757,1156100
2015-05-29,5.835775375366211,5.911031984189257,5.822092770777952,5.8768244940382,1435800
2015-06-01,5.846038341522217,5.900770069682397,5.822093292008845,5.852879970655655,1436500
2015-06-02,5.815249443054199,5.842615296688082,5.804987003271462,5.8255118828369366,1508100
2015-06-03,5.835775375366211,5.869982865517267,5.777622837845496,5.818671956517486,2674000
2015-06-04,5.78788423538208,5.856299203329007,5.777621794453995,5.835774321472836,2350600
2015-06-05,5.75709867477417,5.846037889267462,5.746836231867923,5.763940303378334,3456700
2015-06-08,5.6818437576293945,5.777623965807131,5.675002127772776,5.767362173475936,1729500
2015-06-09,5.68868350982666,5.733153441863198,5.637372601860617,5.72973262767165,1540600
2015-06-10,5.449231147766113,5.503962857461851,5.425285780104186,5.469755375788654,18827400
2015-06-11,5.486860752105713,5.497122542338889,5.44923244804113,5.469756680961083,4143400
2015-06-12,5.476598262786865,5.514226566531051,5.46633582018747,5.473177448587067,2813200
2015-06-15,5.497121334075928,5.503962961029996,5.43212750914593,5.462914177985777,2605800
2015-06-16,5.497121334075928,5.52448718943874,5.4765971056671825,5.500542147552961,2307800
2015-06-17,5.490280628204346,5.5039638844080665,5.442390536398459,5.493701442255276,2301800
2015-06-18,5.551854133605957,5.613427483361135,5.493701597998688,5.503964040442413,3039200
2015-06-19,5.514226913452148,5.5621170103550845,5.483440236170651,5.558696195940069,4686800
2015-06-22,5.514226913452148,5.555275381525054,5.45607404707735,5.524488704243557,4029000
2015-06-23,5.473177909851074,5.538172080217578,5.445812046399965,5.5039645877902785,2738300
2015-06-24,5.408184051513672,5.490281315424651,5.404763237034557,5.476598709961841,3415400
2015-06-25,5.2679338455200195,5.428708545222304,5.2508304247611965,5.415025612879142,5347500
2015-06-26,5.3055620193481445,5.329507068783654,5.237147359370381,5.264513223361487,3807200
2015-06-29,5.247407913208008,5.319243366336116,5.220042057371274,5.288456696963108,3273500
2015-06-30,5.213201522827148,5.305561550302026,5.20293940629443,5.264512757944348,2549500
2015-07-01,5.271354675292969,5.281616793023085,5.192677895650669,5.2166229457632225,1907200
2015-07-02,5.233725070953369,5.336347195134168,5.196096773891923,5.295298084480456,1959400
2015-07-06,5.254249095916748,5.285035764597546,5.220041940003315,5.230304054154673,1369700
2015-07-07,5.2952985763549805,5.308981831995067,5.185835141048449,5.254249788115032,2384000
2015-07-08,5.213201522827148,5.322665295341093,5.192677289761711,5.281616176756612,1726400
2015-07-09,5.168731212615967,5.305560828075585,5.110578683135311,5.2542495999431935,3127200
2015-07-10,5.298720836639404,5.421867561200978,5.1995194897575026,5.1995194897575026,3626000
2015-07-13,5.2952985763549805,5.3808169667449,5.240566858701715,5.312402319678318,1365300
2015-07-14,5.315823554992676,5.38081739330153,5.274774763498643,5.3192443691738776,1313600
2015-07-15,5.312402248382568,5.315823062246681,5.27135346069352,5.30556094688111,1323800
2015-07-16,5.3431901931762695,5.408184367165572,5.319245142878549,5.3773976875103076,1874700
2015-07-17,5.384237766265869,5.421866066722007,5.329506048758871,5.35003060593738,1401900
2015-07-20,5.33976936340332,5.442391519888503,5.332928060291957,5.3773976723097645,1143500
2015-07-21,5.380817413330078,5.404762786460824,5.32608569113431,5.3431894358771865,2170000
2015-07-22,5.4116034507751465,5.428707193502065,5.36029254882115,5.367133850175862,937100
2015-07-23,5.391078948974609,5.452651962973066,5.363713092480463,5.425286106478921,1637000
2015-07-24,5.278195858001709,5.40476305338692,5.267933414913071,5.3979214246611615,1692900
2015-07-27,5.240567207336426,5.278195510396389,5.2166221608268435,5.267933067983604,1346200
2015-07-28,5.261091232299805,5.281615462590008,5.185834960039955,5.247408303364082,1208900
2015-07-29,5.370555400848389,5.373976215108486,5.22004316189893,5.261091954339692,1406000
2015-07-30,5.384237766265869,5.408183137345258,5.3089818178071315,5.353451093611491,1670400
2015-07-31,5.367135047912598,5.456074268958957,5.322665763616249,5.415025472989906,4979300
2015-08-03,5.384237766265869,5.408183137345258,5.326085234857992,5.37055483688912,1241900
2015-08-04,5.3089823722839355,5.408183702182774,5.29187862721997,5.384238328602501,2596400
2015-08-05,5.206360816955566,5.326086393490436,5.103738661192221,5.322665905072235,4508100
2015-08-06,4.9976935386657715,5.182413209004656,4.8813888268593395,5.178992722059393,6628400
2015-08-07,4.946382999420166,5.007956336008208,4.925858445148577,4.973748854297802,3185400
2015-08-10,5.014799118041992,5.144787130224036,4.9737503235992655,5.045585795430742,2522200
2015-08-11,4.949804306030273,5.018218950041132,4.946383492273042,5.001115207481728,1644400
2015-08-12,4.99427604675293,4.997696535749435,4.840342623968812,4.949806427529395,2315300
2015-08-13,4.973750114440918,5.031902652346029,4.94980506691298,4.984012231063347,1168100
2015-08-14,5.021642208099365,5.021642208099365,4.963489650827496,4.966910466249821,963100
2015-08-17,5.155049800872803,5.165312245255671,5.018220471369772,5.025061774731496,2067100
2015-08-18,5.07637357711792,5.2166237368635215,5.059269827489382,5.1516298797473485,1576700
2015-08-19,5.155049800872803,5.172153548617396,5.045586337270378,5.076373017965274,2515600
2015-08-20,5.079793453216553,5.19609821149085,5.076372638677854,5.103738502533786,2436300
2015-08-21,4.929279804229736,5.028481120699302,4.84376141671367,4.960066475931801,3407800
2015-08-24,4.751402378082275,4.789030356297247,4.5735239511166546,4.6829873977251575,4769200
2015-08-25,4.727456092834473,4.850602772748511,4.720614791854104,4.823236916373556,3542900
2015-08-26,4.816396236419678,4.823237864972348,4.717194905993596,4.806134119817478,2543300
2015-08-27,4.867706775665283,4.925859309035611,4.758243336957268,4.860865473859422,1761000
2015-08-28,4.88823127746582,5.001115528895314,4.840340860467002,4.8540237901485535,2348600
2015-08-31,4.843761444091797,4.891651858813115,4.802712656999279,4.877968929782275,2227300
2015-09-01,4.871128082275391,4.908756387806526,4.758243818135611,4.775347563720053,2638400
2015-09-02,4.860865592956543,4.908756011678063,4.819816802435292,4.905335197577928,1288900
2015-09-03,4.836920261383057,4.888231164951134,4.812974890321421,4.854023678421236,1716900
2015-09-04,4.79929256439209,4.833500055223054,4.7548229568025615,4.7924512619619835,918800
2015-09-08,4.795870780944824,4.8813891586972495,4.789029154135804,4.8813891586972495,2806600
2015-09-09,4.7171950340271,4.864286789633803,4.696670474038819,4.80955506463414,2083500
2015-09-10,4.771927833557129,4.792452398167078,4.70009234676264,4.706933977041585,1474600
2015-09-11,4.871128082275391,4.871128082275391,4.737719584415731,4.74456088691342,1849800
2015-09-14,4.843761444091797,4.9087556016583545,4.830078515060957,4.871127302153475,1342400
2015-09-15,4.874549388885498,4.88481150678174,4.802713911158111,4.8471835236776215,1448200
2015-09-16,4.922438621520996,4.939542038455078,4.867706578160929,4.877969019793499,1032200
2015-09-17,5.059268474578857,5.110579383516411,4.901914607283075,4.922439166594178,1631400
2015-09-18,4.960066795349121,5.0558473041916745,4.942963051499113,4.99085346903378,5530500
2015-09-21,4.939542293548584,5.131103639634732,4.925859363558629,5.0182193856609105,1961800
2015-09-22,4.973750114440918,5.055847699873967,4.905335459913377,4.915597576535807,2889800
2015-09-23,5.038743019104004,5.045584646399824,4.9771700045753455,4.987432119292331,1995600
2015-09-24,4.960066795349121,5.069530234026326,4.93270093567982,5.031902258537731,2435600
2015-09-25,4.75482177734375,4.9840110608698796,4.75482177734375,4.9840110608698796,3190900
2015-09-28,4.515371322631836,4.76166439876864,4.477743345174506,4.758243584574302,5992900
2015-09-29,4.385383605957031,4.529054549242918,4.33065188017704,4.511950803379966,4479600
2015-09-30,4.481164932250977,4.522213730982474,4.361439024613969,4.433274503950804,4699700
2015-10-01,4.3960771560668945,4.541431608572821,4.374806003670135,4.4953436609146795,3341000
2015-10-02,4.541432857513428,4.56624932150072,4.360626321922959,4.381897480169506,5145900
2015-10-05,4.633608818054199,4.669061202155662,4.562704387950266,4.576885273971052,2651400
2015-10-06,4.580428123474121,4.683239576510819,4.576882819345557,4.644242245393041,2187800
2015-10-07,4.626518249511719,4.679696484178934,4.608792058589657,4.608792058589657,1948200
2015-10-08,4.612337589263916,4.676151406355962,4.587520785523522,4.626518475073147,2285700
2015-10-09,4.608792304992676,4.633608770750961,4.559159035377119,4.626518496862445,2094300
2015-10-12,4.583975791931152,4.633608722935546,4.576885180016819,4.6087922574333495,1157800
2015-10-13,4.470526695251465,4.598154957162739,4.4598911194584785,4.548521706630703,1526200
2015-10-14,4.399624347686768,4.498890557007692,4.392534073213352,4.484709669961846,2232800
2015-10-15,4.513070583343506,4.523706500173724,4.374807045540182,4.396078203002715,1713200
2015-10-16,4.601701259613037,4.612337176592592,4.498889762170034,4.527251869349891,1582100
2015-10-19,4.608792304992676,4.683242040366517,4.587520807129155,4.644244688732215,1615300
2015-10-20,4.605246543884277,4.644244229763611,4.573339469291715,4.591065659409689,1394100
2015-10-21,4.534341812133789,4.665515069098537,4.530796506732299,4.622972418577451,1341100
2015-10-22,4.442165851593018,4.573339107119827,4.43862088432932,4.552067951141927,2036300
2015-10-23,4.399624347686768,4.4705287829159985,4.342900799503382,4.449257621396738,2782200
2015-10-26,4.399624347686768,4.445712315110522,4.378353186167506,4.406714960259198,1695000
2015-10-27,4.268450736999512,4.403169322853693,4.179820115103261,4.3925337428938604,3585200
2015-10-28,4.353536128997803,4.3641720472425956,4.236543733097056,4.268450811633441,2481600
2015-10-29,4.289721488952637,4.3428997176020685,4.261359721926415,4.328718834088958,1377900
2015-10-30,4.300357341766357,4.339354689393801,4.261359994138915,4.33226441623379,1900400
2015-11-02,4.399624347686768,4.406714960259198,4.257815477228305,4.2968128320796275,2886600
2015-11-03,4.399624347686768,4.5272526691984005,4.367717267308859,4.449257621396738,3223200
2015-11-04,4.2932658195495605,4.413803480584288,4.254268480196688,4.392532327518678,3941600
2015-11-05,4.325173377990723,4.325173377990723,4.2259071968575235,4.293266306673178,3063800
2015-11-06,4.555613040924072,4.63715303181227,4.271995049214982,4.300356814575999,7323000
2015-11-09,4.552068710327148,4.6123375591475995,4.4917998615066965,4.52725224484778,4335100
2015-11-10,4.612337589263916,4.633608748928269,4.523706968431477,4.552068740049939,2850800
2015-11-11,4.505980968475342,4.626518672034869,4.488254775934411,4.612337785621925,2276700
2015-11-12,4.328718662261963,4.50597986818899,4.325173356999682,4.491798985238784,2245000
2015-11-13,4.2790846824646,4.342898814046304,4.25781353066994,4.325172628818179,2190500
2015-11-16,4.33935546875,4.364172274514566,4.264905727654333,4.279086614620221,1510600
2015-11-17,4.194000720977783,4.360626373682018,4.190455415194956,4.346445488649677,3683000
2015-11-18,4.229453086853027,4.271995741791575,4.204636284564648,4.208181590334269,2663100
2015-11-19,4.179819583892822,4.247178699209793,4.15145781553842,4.225907541993465,2184400
2015-11-20,4.172729969024658,4.247179369123772,4.147913164225953,4.197546435724362,2698800
2015-11-23,4.140822887420654,4.215272625571163,4.1337322751687005,4.176274934383419,2940400
2015-11-24,4.204637050628662,4.204637050628662,4.09828056295415,4.14436819396029,2909700
2015-11-25,4.2790846824646,4.2790846824646,4.165637637962781,4.215270888981758,2353700
2015-11-27,4.399624347686768,4.399624347686768,4.300358138365843,4.303903444652059,1305000
2015-11-30,4.509525299072266,4.552067949107985,4.3960778942114205,4.3960778942114205,4981300
2015-12-01,4.427986145019531,4.580430935136775,4.403169677083801,4.52725269296049,2823900
2015-12-02,4.357080459594727,4.4315301801451215,4.3428995765422185,4.4208946023804705,2258800
2015-12-03,4.335809707641602,4.381897669970697,4.289722083411484,4.357081204908484,3011800
2015-12-04,4.268450736999512,4.367716938855596,4.236543659021023,4.335809860877107,3282000
2015-12-07,4.147912979125977,4.254269791534127,4.112460933722584,4.250724485564092,3616600
2015-12-08,4.123096466064453,4.144367625441796,4.066372923592895,4.123096466064453,2799000
2015-12-09,4.147912979125977,4.19045563646944,4.105370321782513,4.151458285096012,3634000
2015-12-10,4.137275695800781,4.190453911059351,4.116004206838045,4.155001880253254,1629500
2015-12-11,3.917473554611206,4.11600595828167,3.88556647663942,4.11600595828167,4118800
2015-12-14,3.6976699829101562,3.9422903723590266,3.6870340639044072,3.9245641787817993,5541800
2015-12-15,3.9281086921691895,3.988377535306177,3.669307467721264,3.694123930860393,3569600
2015-12-16,4.271996021270752,4.286176907177999,3.9600161932123306,3.9635614992138897,8302400
2015-12-17,4.335809707641602,4.47407359462889,4.264905280250291,4.282631471622864,5765700
2015-12-18,4.413805961608887,4.445713047241331,4.314539735940559,4.332265932191815,7749700
2015-12-21,4.612337589263916,4.6655158265237855,4.431531041621983,4.431531041621983,7315800
2015-12-22,4.612337589263916,4.729329981714818,4.583975817645455,4.612337589263916,3307500
2015-12-23,4.633608818054199,4.690332362137346,4.594611466021783,4.637154124084144,4184800
2015-12-24,4.59815788269043,4.672607636806896,4.591067268917874,4.669062329920618,2501700
2015-12-28,4.477619171142578,4.591066261825215,4.452802704580501,4.591066261825215,3198700
2015-12-29,4.473938941955566,4.532806504211032,4.415071379700101,4.518089613647166,3473300
2015-12-30,4.407712936401367,4.4996935938475895,4.36724157344124,4.4812977430610355,2236300
2015-12-31,4.473938941955566,4.518089613647166,4.337807616520215,4.389316908932922,3058000
2016-01-04,4.459223747253418,4.543846163336675,4.3782806429299725,4.477619955173994,3587500
2016-01-05,4.481298446655273,4.525449127056013,4.404034668234375,4.470260513396275,2325500
2016-01-06,4.507053375244141,4.599034056371572,4.451865106919063,4.518090958733465,4141400
2016-01-07,4.330450057983398,4.481298298760469,4.326770747018493,4.466581405779252,4820300
2016-01-08,4.245828151702881,4.415072616018737,4.231111257017956,4.38931813803973,2694400
2016-01-11,4.312053203582764,4.3488452550466805,4.197997037024409,4.267902531299051,2928500
2016-01-12,4.194318771362305,4.411393227319616,4.098659133025923,4.337808755184538,3624600
2016-01-13,3.852151393890381,4.205357257382887,3.7564913921181735,4.194319321954834,7316100
2016-01-14,3.82271671295166,3.8926218666942027,3.337058544194694,3.855829458906504,7217800
2016-01-15,3.745452642440796,3.7675278046728318,3.642434049096702,3.668188872871914,4239500
2016-01-19,3.653472900390625,3.8742263326496196,3.5909260068642936,3.8742263326496196,5280300
2016-01-20,3.6645097732543945,3.7049811402628823,3.3444170954279997,3.6240384062459072,7037900
2016-01-21,3.71601939201355,3.8080000665596434,3.6497931940592654,3.675547670651075,4916500
2016-01-22,3.8999810218811035,4.06554617780809,3.80064171779784,3.8227172356647166,4022100
2016-01-25,3.738093137741089,3.8962999501568962,3.693942472832134,3.8889413305662566,5170400
2016-01-26,3.918375253677368,3.958846961182504,3.75281016635886,3.7601687862246327,3219600
2016-01-27,3.958848237991333,4.14648889454677,3.9073389349530503,3.9367727221525204,4568400
2016-01-28,3.951489210128784,4.069224697719444,3.9220554259507154,3.9919609265324176,2053000
2016-01-29,4.190638542175293,4.194317501509391,3.9919603521222866,4.0324317118240405,4116100
2016-02-01,4.150167465209961,4.209035034082977,4.091299896336944,4.168563668202376,2689800
2016-02-02,3.958848237991333,4.131771650068614,3.9330934110329814,4.113375796227761,3030900
2016-02-03,3.955169200897217,4.006678507504212,3.778566465464855,3.9772447182654846,2392000
2016-02-04,3.9146971702575684,4.021394726029105,3.8999802781124733,3.9367723330360183,2900700
2016-02-05,3.896301031112671,3.922055505068417,3.7712072703932304,3.8815841387267596,3373700
2016-02-08,3.7638487815856934,3.859508760909111,3.682906046045944,3.8521504898956813,4124600
2016-02-09,3.6902644634246826,3.741773766075299,3.5762086266047426,3.704981356913656,3071700
2016-02-10,3.6829068660736084,3.7528120352189367,3.653473073709419,3.704982034907509,1681200
2016-02-11,3.627717971801758,3.65715176197179,3.5651710799708263,3.624039011189346,1655900
2016-02-12,3.73441481590271,3.741773437440107,3.642434151955565,3.6497927734929627,1332500
2016-02-16,3.9220540523529053,3.940450248741003,3.763847254644828,3.7712058735513723,2062300
2016-02-17,4.014037132263184,4.039791612391628,3.9294150684820237,3.9330940293014613,1944900
2016-02-18,3.9846034049987793,4.03979167784779,3.9110189242406057,4.028754093453683,1443500
2016-02-19,4.014037132263184,4.032433339874276,3.9146981725688446,3.991961963832653,1262100
2016-02-22,4.083941459655762,4.113375242895794,4.03979043391734,4.047149055166535,1396300
2016-02-23,4.076582908630371,4.135450476124497,4.069224638132795,4.0729035979423935,1517500
2016-02-24,4.260545253753662,4.264224565323581,4.017716304194407,4.146489402113873,2787900
2016-02-25,4.2531867027282715,4.3451673806768385,4.172243607887569,4.267903597164905,3268100
2016-02-26,4.297336101531982,4.392995711337498,4.2715812808073546,4.282619211494339,2355100
2016-02-29,4.308374881744385,4.341487981274672,4.249507305192067,4.293657987606306,2571100
2016-03-01,3.8300750255584717,4.352525256896046,3.789603657255401,4.337808363796892,9605400
2016-03-02,4.06186580657959,4.124412681525267,3.815357617294478,3.958847568795447,5076600
2016-03-03,4.120733737945557,4.179601307635317,4.036111694236124,4.061866168255796,2218700
2016-03-04,4.150167465209961,4.205356074187205,4.124412991547613,4.139129883765867,2305800
2016-03-07,4.21639347076416,4.2679027667088265,4.087620406341681,4.142809012899189,2164500
2016-03-08,4.05450963973999,4.201678627204119,4.036113428587338,4.19799931479788,2676200
2016-03-09,4.113375663757324,4.131771517005743,4.006678100875814,4.087620837628402,1737400
2016-03-10,4.087619781494141,4.135449759514511,4.025072914150449,4.11337460096869,1317500
2016-03-11,4.2531867027282715,4.271582557615232,4.102338096154731,4.120734301920132,1876000
2016-03-14,4.197997093200684,4.223751564657899,4.14280883982712,4.220072605077124,1969800
2016-03-15,4.131771564483643,4.1979977597498594,4.10233777789386,4.172243284203404,1405100
2016-03-16,4.267903804779053,4.275262076916095,4.113376230238119,4.117055190867411,1779200
2016-03-17,4.275262355804443,4.29733787541254,4.179602355633491,4.238470290962256,2089400
2016-03-18,4.315733432769775,4.323092055754421,4.267903786883406,4.304695849171264,2232200
2016-03-21,4.289978504180908,4.334129184823231,4.2605447170860264,4.289978504180908,2226900
2016-03-22,4.260545253753662,4.293658356126008,4.220073879119941,4.2679038768935005,2393000
2016-03-23,4.2531867027282715,4.3635632355638,4.2531867027282715,4.275261868944001,2079200
2016-03-24,4.234790802001953,4.249507697498669,4.153847701330783,4.238470113595748,2023400
2016-03-28,4.308374881744385,4.3451672925288,4.238469722308116,4.238469722308116,2049500
2016-03-29,4.3782806396484375,4.415073055462013,4.238470301665203,4.312054782413874,3694900
2016-03-30,4.374599456787109,4.459221478946542,4.367240837010653,4.415070812922711,5305200
2016-03-31,4.451147079467773,4.466456255016263,4.370773816588321,4.374601201725328,2902100
2016-04-01,4.435837268829346,4.531519693558195,4.405218922116073,4.42435548006174,2515500
2016-04-04,4.3822550773620605,4.474110119551429,4.37842769268763,4.439664752480034,1777800
2016-04-05,4.366945266723633,4.424354933468128,4.347808711142134,4.363117882607445,1760800
2016-04-06,4.424355983734131,4.462628738982983,4.370773688386309,4.370773688386309,2124600
2016-04-07,4.474110126495361,4.5544833797856725,4.40904641192653,4.40904641192653,2587600
2016-04-08,4.443491458892822,4.554483051630041,4.412873113654932,4.5085555337732055,3215400
2016-04-11,4.458800792694092,4.539174043098853,4.4243554268058904,4.458800792694092,2499800
2016-04-12,4.443491458892822,4.497073745558863,4.424355266868741,4.458800631511767,2012700
2016-04-13,4.543001651763916,4.543001651763916,4.458801012662283,4.470283166857618,1544000
2016-04-14,4.531519412994385,4.543001201051109,4.470282723359238,4.535346797346446,1661100
2016-04-15,4.5544843673706055,4.581275700943082,4.500902430224797,4.527693398797702,1457000
2016-04-18,4.5544843673706055,4.57744831543279,4.520038992776688,4.546829961349593,2966300
2016-04-19,4.604238986968994,4.631030318813061,4.558311458807156,4.569793249597729,2010400
2016-04-20,4.63868522644043,4.676958353217826,4.565966723562883,4.600412464662622,4343400
2016-04-21,4.588927745819092,4.676955742264839,4.5812733437365045,4.646337403935723,3908900
2016-04-22,4.592757701873779,4.615721650982968,4.543002782970197,4.588930316188984,2383100
2016-04-25,4.6118927001953125,4.623374488353625,4.543001241246507,4.592756143265148,2271800
2016-04-26,4.703747272491455,4.707574656500668,4.615719630276126,4.638683204332547,1724400
2016-04-27,4.738193511962891,4.768811857355263,4.703747782146605,4.730538743115064,1930700
2016-04-28,4.63868522644043,4.719058500673292,4.611894256696005,4.7152311149956345,2259400
2016-04-29,4.63102912902832,4.6846110489513135,4.569792075545757,4.646338301149098,2217700
2016-05-02,4.657821178436279,4.68461214466408,4.596584475630141,4.661648563611548,1599800
2016-05-03,4.62337589263916,4.665476038673279,4.577448361056601,4.634857684284906,2788800
2016-05-04,4.70757532119751,4.726711878946177,4.562137993306914,4.65016564795151,4091100
2016-05-05,4.864493370056152,4.898939093443551,4.684610350699404,4.715228690377225,5009200
2016-05-06,4.883630275726318,4.941039575511733,4.8415297818842165,4.860666336812497,2832200
2016-05-09,5.059686660766602,5.078823218481198,4.906594564049312,4.906594564049312,5441400
2016-05-10,5.071168899536133,5.0788236693012365,5.0099322014133545,5.0788236693012365,2323200
2016-05-11,5.052031993865967,5.113268687791695,5.0328954357643045,5.048204609245737,2343800
2016-05-12,5.117096424102783,5.159196562820334,5.055859725968342,5.082650690152282,1977600
2016-05-13,5.105612277984619,5.136230612920112,5.071166559932354,5.094130493633645,1867800
2016-05-16,5.12475061416626,5.140059786968123,5.074995711310338,5.097959288013397,2070600
2016-05-17,5.128577709197998,5.224260131869598,5.0903049591290435,5.117095920677259,2716900
2016-05-18,5.120923042297363,5.19364151919495,5.0252406245376955,5.090304697814227,4525700
2016-05-19,5.0367231369018555,5.128578183562796,4.960177264684406,5.101787219536566,4373900
2016-05-20,5.101786136627197,5.10944090472389,5.029067664705781,5.0558586230453395,2048500
2016-05-23,5.052031993865967,5.140060015133817,5.040550205004764,5.120923457032155,2843500
2016-05-24,5.128577709197998,5.155369035745689,5.040550055539874,5.078823170608304,2423200
2016-05-25,5.166850566864014,5.166850566864014,5.097959109172667,5.120923050069602,1293100
2016-05-26,5.1821608543396,5.212779205458334,5.1400607128012235,5.1477151180811385,1140400
2016-05-27,5.1859869956970215,5.2127779552506155,5.163023055365764,5.174505208031118,1156400
2016-05-31,5.197470664978027,5.220434613622812,5.147715747080645,5.182161487548031,2592300
2016-06-01,5.266359806060791,5.274014208875135,5.1515408438502766,5.166850014478384,1920600
2016-06-02,5.235742092132568,5.262533052691898,5.189814574745374,5.254878283960968,1783900
2016-06-03,5.247223854064941,5.293151371223123,5.201296336906759,5.243396469718561,1879900
2016-06-06,5.258706569671631,5.296979689887391,5.239570009563751,5.2472247796067135,1589300
2016-06-07,5.28932523727417,5.350561941294781,5.254879500012689,5.262534270515039,1875000
2016-06-08,5.304634094238281,5.316116249301225,5.281670514111443,5.293152304174862,1800200
2016-06-09,5.319941520690918,5.33142367197975,5.266359608007321,5.300805331875008,1521200
2016-06-10,5.266359806060791,5.323769104666339,5.247223251525803,5.3008055312238875,1846200
2016-06-13,5.147712707519531,5.243395101209483,5.132403539129114,5.243395101209483,2362400
2016-06-14,5.082650184631348,5.159196049686139,5.04437743460369,5.128577703664223,2714800
2016-06-15,5.128577709197998,5.170678208773166,5.059686613074089,5.082650190115567,2122900
2016-06-16,5.094132423400879,5.128577789502449,5.002277018798248,5.117096000801926,2675900
2016-06-17,5.117096424102783,5.178333122237224,5.090305459918843,5.105614634452453,3323100
2016-06-20,5.1400604248046875,5.189815333834758,5.12475125010309,5.174506159133161,2014600
2016-06-21,5.128577709197998,5.159196055252952,5.078823170608304,5.140059862718212,1609500
2016-06-22,5.0482048988342285,5.1553694843512,5.04437787899395,5.1553694843512,1771500
2016-06-23,5.117096424102783,5.155369542936565,5.074996285385232,5.105614634452453,2254900
2016-06-24,5.002277374267578,5.1859878315281,4.898940538620635,4.99462296958979,5244400
2016-06-27,4.887458324432373,4.99844992011254,4.81473947881464,4.983140747087671,3382100
2016-06-28,5.078824043273926,5.094133218931892,4.948695867681445,5.0520327121228314,2846500
2016-06-29,5.143886089324951,5.159195259992607,5.090304174487864,5.10944072907229,2202100
2016-06-30,5.296978950500488,5.296978950500488,5.120923279082137,5.147714240493797,4107700
2016-07-01,5.3122878074646,5.342906151542249,5.289323866906636,5.293151251166205,3330000
2016-07-05,5.165824890136719,5.371665989126947,5.114364521011491,5.363749212536511,4674200
2016-07-06,5.161865234375,5.185616314204247,5.039152014026669,5.130197379609742,3691000
2016-07-07,5.086654186248779,5.1737405983130325,5.051027755172218,5.149989895935731,2508300
2016-07-08,5.134158134460449,5.173742780959058,5.086656332155659,5.130199556557359,3109300
2016-07-11,5.201449871063232,5.2054080694939735,5.110404511965747,5.142072364475156,1512100
2016-07-12,5.244994163513184,5.268745246584725,5.201450951644458,5.201450951644458,2084500
2016-07-13,5.248950958251953,5.280618806588965,5.209365959075423,5.244992382832193,1545500
2016-07-14,5.157906532287598,5.276661173514749,5.146031181418062,5.256868670391791,2170000
2016-07-15,5.185616493225098,5.1935332684344155,5.146031484646644,5.16978256529584,1047000
2016-07-18,5.244994163513184,5.244994163513184,5.177699868572916,5.181658445336616,991900
2016-07-19,5.296453952789307,5.304370727944904,5.23707644032455,5.244993592990765,1530700
2016-07-20,5.332081317901611,5.34395667146855,5.280620949097298,5.304371656231176,1038500
2016-07-21,5.304370880126953,5.351873042465839,5.2687448246387305,5.304370880126953,2087300
2016-07-22,5.339996814727783,5.347913966882208,5.2766611075347525,5.288536458255797,2325600
2016-07-25,5.339996814727783,5.355830741526041,5.300412186487435,5.324162887929526,2719200
2016-07-26,5.3439555168151855,5.363748020157362,5.3122876624719435,5.351872669156297,1892600
2016-07-27,5.328121185302734,5.3518722630130435,5.28061940739269,5.3518722630130435,1946100
2016-07-28,5.367707252502441,5.3835411816096785,5.300412959419022,5.324163664324553,2497400
2016-07-29,5.411250591278076,5.411250591278076,5.3518734500978775,5.383541309062071,1787700
2016-08-01,5.403331756591797,5.44291675673591,5.37958105851376,5.415207483141354,2232200
2016-08-02,5.506253719329834,5.5260462239467385,5.450835159415253,5.490419791138436,2823400
2016-08-03,5.585424423217773,5.60521693160128,5.490420835989782,5.506254767194447,2934200
2016-08-04,5.5418806076049805,5.6052163255759035,5.466669536892174,5.601257748825057,2471000
2016-08-05,5.632925033569336,5.640842186263926,5.53396288995067,5.549797195339851,2512600
2016-08-08,5.632925033569336,5.6487593389585165,5.613132906854098,5.640842186263926,2069800
2016-08-09,5.862517356872559,5.894185211564447,5.636883420304597,5.640841996518735,3990700
2016-08-10,5.7318878173828125,5.87439356171696,5.6962617588099365,5.862518208859334,5140500
2016-08-11,5.585424423217773,5.617092285627105,5.561673715166124,5.585424423217773,17518600
2016-08-12,5.593340873718262,5.636884084674008,5.593340873718262,5.597299450398961,3453200
2016-08-15,5.593340873718262,5.632925507993308,5.585423720356862,5.617091578781159,4633600
2016-08-16,5.522088527679443,5.601258181255178,5.514171751077213,5.585424250540031,3860600
2016-08-17,5.533963203430176,5.557714285348743,5.458752136124221,5.541880356573245,2727700
2016-08-18,5.573547840118408,5.6170910469514554,5.533962832080644,5.541879984692443,1920400
2016-08-19,5.553755760192871,5.581465418939504,5.5022953968184325,5.573548265723139,2241700
2016-08-22,5.553755760192871,5.5854236180370425,5.537921831270785,5.549797561095333,1016200
2016-08-23,5.601256847381592,5.605215423495362,5.561672218775683,5.589381496550879,1909100
2016-08-24,5.585424423217773,5.6289680171636265,5.581466223549631,5.60521693160128,1360200
2016-08-25,5.601256847381592,5.605215423495362,5.5695889934926255,5.581464721833935,1308100
2016-08-26,5.518130302429199,5.617092470085833,5.450836375732542,5.601258538361201,3513800
2016-08-29,5.597299098968506,5.680427316490684,5.530004809664333,5.530004809664333,2720400
2016-08-30,5.640841007232666,5.640841007232666,5.5537542333478775,5.597297809045542,1564300
2016-08-31,5.6804280281066895,5.700220157725685,5.609175153444149,5.64480159077542,4305500
2016-09-01,5.652717113494873,5.708136045665332,5.593339982784847,5.6923021189752845,1971500
2016-09-02,5.7200117111206055,5.731887062414083,5.660634577142607,5.676468504704114,1461900
2016-09-06,5.704179286956787,5.735847150426207,5.692303932533433,5.720013218691498,1597100
2016-09-07,5.78334903717041,5.78334903717041,5.6923040226324275,5.6923040226324275,2036300
2016-09-08,5.743762493133545,5.826890702894996,5.735845341008363,5.77938892267568,2211700
2016-09-09,5.581464767456055,5.720011534975095,5.573547615163801,5.716052958828968,4032600
2016-09-12,5.656675815582275,5.688343669667964,5.470626889695902,5.545838326282363,3621800
2016-09-13,5.632925033569336,5.668551465673755,5.593340402628241,5.613132906854098,3072600
2016-09-14,5.704179286956787,5.739805727737562,5.648760714640659,5.652718914441303,2506000
2016-09-15,5.688343524932861,5.735845304852752,5.66855102225526,5.712094603648102,3075900
2016-09-16,5.684383869171143,5.708134943374969,5.6408406735597305,5.672508520824488,4321800
2016-09-19,5.779389381408691,5.799181508271442,5.704177940292,5.704177940292,2826100
2016-09-20,5.743762493133545,5.799181047967451,5.70813606359141,5.799181047967451,1941700
2016-09-21,5.7318878173828125,5.779389983834635,5.6606353227263995,5.763556054187581,3341300
2016-09-22,5.7200117111206055,5.783347421366633,5.688343855997592,5.767513493805127,2997200
2016-09-23,5.644799709320068,5.7358446832556105,5.640841133711424,5.692301484092162,2536800
2016-09-26,5.668552875518799,5.739805757449182,5.6448021665491455,5.660636098365819,4241900
2016-09-27,5.708136081695557,5.73980393527554,5.660634301325582,5.684385002755273,3097200
2016-09-28,5.668552875518799,5.739805757449182,5.605217148252108,5.735847180117336,3843000
2016-09-29,5.6358323097229,5.729899381654985,5.607203387414786,5.689000586894981,3043200
2016-09-30,5.648100852966309,5.680819725058417,5.6153815908344775,5.648100852966309,2219900
2016-10-03,5.594934940338135,5.668552238473188,5.59084498209733,5.660372712031465,2085200
2016-10-04,5.492687702178955,5.607203789666425,5.43951942119267,5.599023874111685,2905500
2016-10-05,5.5131378173828125,5.545857096128156,5.488598845873705,5.500868331628259,1923900
2016-10-06,5.615383148193359,5.623563063504848,5.488597581183918,5.558125301172256,3739500
2016-10-07,5.582663536071777,5.676730599638262,5.570394054750854,5.635831808515481,2177500
2016-10-10,5.63992166519165,5.680820455586045,5.6031128318446495,5.6031128318446495,1521100
2016-10-11,5.599024772644043,5.672642464291516,5.5744858021214885,5.644013535335234,1349500
2016-10-12,5.644012928009033,5.672641853884688,5.57039524428322,5.603114128152501,1802600
2016-10-13,5.697181224822998,5.717630234758122,5.590844656984956,5.6112940569599425,2608600
2016-10-14,5.644012928009033,5.7258101376822355,5.644012928009033,5.7258101376822355,962700
2016-10-17,5.615383148193359,5.680821300565782,5.6072036229217,5.6521919870154,1463700
2016-10-18,5.648100852966309,5.701268727586194,5.635830983401976,5.6644602890123625,1241600
2016-10-19,5.7135396003723145,5.742168520969838,5.656281369137477,5.676730765295619,1183200
2016-10-20,5.709451198577881,5.746260043682536,5.664462826805468,5.725810641953295,1412800
2016-10-21,5.668552875518799,5.729901085905669,5.652193430756952,5.668552875518799,1949900
2016-10-24,5.721719741821289,5.74216914018462,5.644012496088433,5.693090818136526,2180900
2016-10-25,5.7667083740234375,5.778977856765494,5.709450137827466,5.725809578163483,1410100
2016-10-26,5.7135396003723145,5.762617917127979,5.6890002469745875,5.725809082051283,1231400
2016-10-27,5.676732540130615,5.746260274782323,5.672642581612299,5.713541386715627,1848100
2016-10-28,5.693092346191406,5.72172127756032,5.660373456044094,5.71354175004346,1659300
2016-10-31,5.709451198577881,5.729900600307122,5.684911838494813,5.717630725245639,1530300
2016-11-01,5.656282424926758,5.725810150818457,5.574485215065896,5.705360750843275,4544900
2016-11-02,5.627653121948242,5.721719809476061,5.574484841590843,5.676731444576648,2355800
2016-11-03,5.676732540130615,5.709451428197311,5.639923693545604,5.644013652063919,1665500
2016-11-04,5.738080024719238,5.766709342645945,5.664462725861725,5.684911737186657,2767800
2016-11-07,5.828056812286377,5.836236728364862,5.766709001857204,5.774888527895823,2621100
2016-11-08,5.811697483062744,5.840326409813833,5.787158124390473,5.823966967378943,1759400
2016-11-09,5.819875240325928,5.840324634663974,5.680820216914677,5.705359178088528,3745200
2016-11-10,5.8157877922058105,5.864866122472708,5.778978946995664,5.83214723562811,3620400
2016-11-11,5.8157877922058105,5.848506679050408,5.770799030264565,5.8157877922058105,3020200
2016-11-14,5.78306770324707,5.856684988324797,5.7707978307009355,5.848505463333857,2942600
2016-11-15,5.889403820037842,5.893493777519656,5.7626182584200905,5.7789776983075365,3251900
2016-11-16,5.868955612182617,5.918033938530447,5.864865654143665,5.889404622297646,3018700
2016-11-17,5.909853935241699,5.922123419137631,5.84850612572218,5.885314967449836,4721500
2016-11-18,6.003921031951904,6.0080105998997695,5.922123432356812,5.930303348332266,2402500
2016-11-21,6.163425922393799,6.167515880666416,6.012100976665976,6.012100976665976,3831500
2016-11-22,6.265671253204346,6.273851168070996,6.187964012170213,6.187964012170213,2707100
2016-11-23,6.212502956390381,6.265671232730446,6.183874034530271,6.265671232730446,3058900
2016-11-25,6.253401279449463,6.2779406320809,6.200233007114497,6.237041841041764,956200
2016-11-28,6.269762992858887,6.298391922950505,6.261583465706961,6.269762992858887,1707000
2016-11-29,6.32702112197876,6.35974001004004,6.269762872851563,6.269762872851563,2067500
2016-11-30,6.318840503692627,6.351559388122839,6.241133250680841,6.339289903971476,3094700
2016-12-01,6.277941703796387,6.339289510788075,6.228862990155222,6.339289510788075,2208700
2016-12-02,6.2902116775512695,6.355649447454345,6.261582750728643,6.286121719422359,1948400
2016-12-05,6.461987018585205,6.466076977347054,6.3188415822399895,6.322931541001838,2359700
2016-12-06,6.535602569580078,6.5437824849053285,6.449715798903933,6.453805366526728,2033100
2016-12-07,6.576501369476318,6.592861200135151,6.5069736493356,6.539692530573605,3007300
2016-12-08,6.617401123046875,6.6582999255290485,6.556053309363503,6.576502320564702,2779000
2016-12-09,6.5724101066589355,6.65011772669785,6.486522962954728,6.63375789928776,3204600
2016-12-12,6.511063575744629,6.6337591847782456,6.470164779373538,6.576501337906512,2784300
2016-12-13,6.5233306884765625,6.621487686095206,6.478342340846129,6.5233306884765625,2390700
2016-12-14,6.457894802093506,6.547871913197805,6.404726526897321,6.531512473909732,2461400
2016-12-15,6.437445640563965,6.502883400105992,6.408816718274282,6.437445640563965,2691200
2016-12-16,6.5274224281311035,6.564230873500663,6.461984671865496,6.461984671865496,3402500
2016-12-19,6.613312244415283,6.617402203339165,6.543784502869103,6.564233517408609,3146400
2016-12-20,6.682838439941406,6.682838439941406,6.605130798524491,6.613310714479897,2756300
2016-12-21,6.691017150878906,6.719646071487184,6.658298273029505,6.682837236396661,2204400
2016-12-22,6.650118350982666,6.69919627766115,6.5846805953583,6.695107100504259,3134300
2016-12-23,6.658298015594482,6.662387972677472,6.592860262425752,6.646028144345514,1954600
2016-12-27,6.5724101066589355,6.666476774028434,6.5724101066589355,6.666476774028434,2671700
2016-12-28,6.555570602416992,6.64398872082199,6.5134669850783204,6.622936711385813,3406400
2016-12-29,6.580832481384277,6.618726014534844,6.492414371210836,6.534518386163388,2072200
2016-12-30,6.618727684020996,6.665041790924005,6.576623658448264,6.652410743865683,1912700
2017-01-03,6.656620502471924,6.711355167613955,6.559781414804484,6.627147527164249,2856000
2017-01-04,6.7071452140808105,6.728196823442637,6.639779100442061,6.6903036856711235,2163700
2017-01-05,6.7197747230529785,6.736616247610661,6.673460630902758,6.707143680018122,1515800
2017-01-06,6.7197747230529785,6.766088815203199,6.686091673937615,6.736616247610661,1185300
2017-01-09,6.7197747230529785,6.770299296726025,6.7029331984952965,6.745037210656311,1247300
2017-01-10,6.774511337280273,6.791352464180018,6.702934741054659,6.7324073154297785,2345700
2017-01-11,6.787141799926758,6.816614370025344,6.757668426760866,6.774510354284233,1422900
2017-01-12,6.74503755569458,6.79977221215675,6.690302497698771,6.778720606532979,1565100
2017-01-13,6.749247074127197,6.808192203914465,6.6945116224100225,6.7450365929899405,1281300
2017-01-17,6.7071452140808105,6.782932292691259,6.698724249109112,6.757669397776163,1486800
2017-01-18,6.694512844085693,6.7324063781689985,6.656619711536044,6.723985815891405,2007200
2017-01-19,6.686094760894775,6.698725809761363,6.660832261627796,6.694515326294566,865900
2017-01-20,6.736616134643555,6.736616134643555,6.694512123188588,6.694512123188588,1190100
2017-01-23,6.778720855712891,6.7997724621105,6.728195876064397,6.7534587674222974,1895700
2017-01-24,6.803983211517334,6.820825139751446,6.753459032949677,6.778721122233506,2384200
2017-01-25,6.825035572052002,6.837667019621775,6.7913525149333696,6.803983962503143,1654700
2017-01-26,6.841876983642578,6.875560038208586,6.803983446872399,6.825035054825891,1740700
2017-01-27,6.85029935836792,6.867140487584437,6.8208267799383675,6.867140487584437,1508400
2017-01-30,6.5934624671936035,6.871347796993551,6.580831425348219,6.816613148485691,10872600
2017-01-31,6.378735065460205,6.450311664476139,6.328210478190202,6.3408419261579985,53223000
2017-02-01,6.530309200286865,6.542940246665776,6.420839060913041,6.441891072567041,13452400
2017-02-02,6.631357192993164,6.681881771041454,6.551360044800117,6.563991088928777,9563700
2017-02-03,6.643986701965332,6.702932230168571,6.639776622584327,6.694511268339439,6674200
2017-02-06,6.643986701965332,6.7155632713787075,6.635566141669761,6.6650387050046005,5293800
2017-02-07,6.643986701965332,6.702932230168571,6.631355660755195,6.669249185919166,4994700
2017-02-08,6.5934624671936035,6.652407998361367,6.589251986067282,6.648197517235045,6283800
2017-02-09,6.652410507202148,6.66083107109688,6.589254471089864,6.593464953804096,5864000
2017-02-10,6.694512844085693,6.7324063781689985,6.66925075571926,6.686092281808101,5999700
2017-02-13,6.770299911499023,6.799772481767802,6.72398581514328,6.736616859325091,4413000
2017-02-14,6.8755598068237305,6.8755598068237305,6.728196146906451,6.778721128588816,4883300
2017-02-15,6.841876983642578,6.86292859159607,6.782931838918907,6.86292859159607,4168500
2017-02-16,6.8376665115356445,6.87977053057217,6.829245547114866,6.850297958166813,5493900
2017-02-17,6.812404632568359,6.841877205887553,6.7660901298854,6.837666723546612,3453700
2017-02-21,6.951346397399902,6.968187521418559,6.841876280543138,6.947135915628418,5346600
2017-02-22,7.018715858459473,7.065030377042629,6.95556020779823,6.959770691584669,4929100
2017-02-23,7.014503002166748,7.0608175050850095,6.951347372866552,7.0271344492537455,3907300
2017-02-24,7.022923469543457,7.048185558861051,6.976608969905086,6.997661380225864,3157300
2017-02-27,7.060815811157227,7.086077896203315,7.022922282054492,7.052394848452796,4712200
2017-02-28,7.102919101715088,7.102919101715088,7.010290127488915,7.052394133676528,9455400
2017-03-01,7.107131481170654,7.119762928748602,7.077658906556205,7.1029218017121005,4351900
2017-03-02,7.107131481170654,7.145025020837069,7.090290354134153,7.107131481170654,4218300
2017-03-03,7.15765380859375,7.15765380859375,7.052394193761489,7.128181244931457,3507800
2017-03-06,7.15765380859375,7.166074770516442,7.098708681269165,7.15765380859375,3264700
2017-03-07,7.15765380859375,7.195547334178734,7.115549802047419,7.15765380859375,3430600
2017-03-08,7.077658653259277,7.174498141756305,7.035554632573708,7.161866694630414,4092600
2017-03-09,7.014503002166748,7.123973134385205,6.951347372866552,7.065027987447342,4338700
2017-03-10,7.031345844268799,7.073449067222234,6.985031335339019,7.027135361359956,3904300
2017-03-13,7.022923469543457,7.077658130242799,7.01029202335099,7.048185558861051,2689000
2017-03-14,6.963977813720703,7.043974557844014,6.9387149231969705,7.039764076090059,2776100
2017-03-15,7.081868648529053,7.111341220061547,6.976609005588806,6.9892404518458795,5300500
2017-03-16,7.132392883300781,7.157654970101129,7.081867906632826,7.123971920011579,3613500
2017-03-17,7.1913371086120605,7.208179033055572,7.140812138348683,7.140812138348683,5914100
2017-03-20,7.220811367034912,7.241863777527357,7.174497670086229,7.199759759609814,3660300
2017-03-21,7.203970909118652,7.262916057823763,7.170287852277529,7.250284610358059,4640100
2017-03-22,7.1955485343933105,7.225021102971615,7.145023557496742,7.203969497720616,5970300
2017-03-23,7.212875843048096,7.260528741745,7.147895143363314,7.212875843048096,5383400
2017-03-24,7.191215991973877,7.26486100638282,7.169555207574518,7.221540263858541,2976000
2017-03-27,7.199882984161377,7.199882984161377,7.130569274572482,7.1565622255213475,3024100
2017-03-28,7.299518585205078,7.303850742767493,7.191217124968429,7.199881440093257,2808100
2017-03-29,7.308181285858154,7.338505555821462,7.290852659436616,7.2995169726473845,2566000
2017-03-30,7.377494812011719,7.377494812011719,7.299517638550053,7.308181952551229,1869900
2017-03-31,7.355837345123291,7.41215458526039,7.351505186168526,7.364501663032819,2324400
2017-04-03,7.3904924392700195,7.3904924392700195,7.316847403053347,7.364500316568454,2159300
2017-04-04,7.429480075836182,7.438144391041312,7.360167206744295,7.390491483687673,2198500
2017-04-05,7.360166549682617,7.490128787333762,7.351502235250974,7.442475884234225,3223300
2017-04-06,7.4078192710876465,7.425147073251425,7.303849979281528,7.347169897828216,2622300
2017-04-07,7.360166549682617,7.442475884234225,7.351502235250974,7.407819452782154,1996800
2017-04-10,7.425146579742432,7.451139520672214,7.373162350431722,7.381826664074983,1901900
2017-04-11,7.472799301147461,7.477131457866273,7.42081424679613,7.433810716952565,2365900
2017-04-12,7.4857964515686035,7.52911637014456,7.442475706718164,7.477132137343619,2602300
2017-04-13,7.546444416046143,7.555108729602285,7.477131560145844,7.498791517761781,3812800
2017-04-17,7.667743682861328,7.6764071716749775,7.533449277817711,7.537781435361818,3395600
2017-04-18,7.685070037841797,7.702398664751134,7.615757182753267,7.667742237206869,3051600
2017-04-19,7.6894025802612305,7.737055480377716,7.68073826637197,7.7197268525991944,3167500
2017-04-20,7.10024356842041,7.732724534747578,6.658373819280792,7.719728061877817,29695300
2017-04-21,7.078583717346191,7.360167357067328,7.0612550865820145,7.260530208997088,15517100
2017-04-24,7.0482611656188965,7.0959132593392775,6.822993868173257,7.0959132593392775,10076300
2017-04-25,7.165224552154541,7.204212315198362,7.043926626911436,7.061254429789299,5929400
2017-04-26,7.282190799713135,7.31251507989318,7.173889326913164,7.199882275302915,4272900
2017-04-27,7.3211774826049805,7.360166068725125,7.269193251961087,7.316845325672248,4283100
2017-04-28,7.22154426574707,7.364502216906614,7.182555658496749,7.347173579784296,4076600
2017-05-01,7.3904924392700195,7.442477510947834,7.225874560460526,7.329843877541472,6812800
2017-05-02,7.342839241027832,7.39915563607277,7.256197743432251,7.364499202289449,6037400
2017-05-03,7.243202209472656,7.364500156569146,7.221542245404378,7.338508034432278,3666500
2017-05-04,7.247532844543457,7.277857118376565,7.178219982560784,7.247532844543457,2579900
2017-05-05,7.247532844543457,7.277857118376565,7.221540727868578,7.238868530227,1971600
2017-05-08,7.126236438751221,7.256197860975278,7.126236438751221,7.238869230665632,3430500
2017-05-09,7.0222673416137695,7.147897451000787,7.00493953503176,7.126237486204602,4462900
2017-05-10,7.043925762176514,7.087246503464752,7.0179336479133365,7.0179336479133365,2701000
2017-05-11,7.004940032958984,7.082917233807561,6.926962832110409,7.061256441196983,4323800
2017-05-12,6.974614143371582,7.0309305386402885,6.9572855132737885,7.004938419768159,2512400
2017-05-15,6.970283031463623,7.013603786932118,6.9356265923437626,7.000607312409164,3750800
2017-05-16,6.9529523849487305,7.026597400032602,6.944288897384028,6.983277483385751,3535500
2017-05-17,6.87497615814209,6.9572850802978365,6.866312256769658,6.931292963043287,4210600
2017-05-18,6.857649326324463,6.905301826333575,6.827325045694787,6.905301826333575,3795700
2017-05-19,6.957286357879639,6.996274954058279,6.853317043494816,6.86198135959555,2539600
2017-05-22,7.0482611656188965,7.087249768110442,6.974616119387622,6.9832804368912536,2202600
2017-05-23,7.074251651763916,7.108908087468914,7.043927373806368,7.074251651763916,2240400
2017-05-24,7.126236438751221,7.143564242786295,7.082915689251678,7.104575650864164,1720100
2017-05-25,7.156559944152832,7.208544176929536,7.126235670654007,7.139231315710942,2245700
2017-05-26,7.169557094573975,7.178221410614133,7.091580729036523,7.156561446788394,1620900
2017-05-30,6.978944301605225,7.178218532995462,6.961615676471643,7.1695542204286715,3593800
2017-05-31,6.970283031463623,7.039595909703342,6.913966214609514,6.978947347812259,2496900
2017-06-01,7.056922435760498,7.113238822665635,6.939956678794709,6.965948793806738,2336000
2017-06-02,7.10024356842041,7.143564318378367,7.078583606578722,7.078583606578722,1728500
2017-06-05,6.996274948120117,7.100244262416695,6.991942790073428,7.082916456504595,1970700
2017-06-06,6.931292533874512,6.9962732361246935,6.86631183162433,6.9962732361246935,3151800
2017-06-07,6.935624599456787,6.957284557829905,6.905299914087418,6.9399567563863,1837000
2017-06-08,7.030930519104004,7.061254795416322,6.935625532654639,6.93995769016705,1405400
2017-06-09,7.074251651763916,7.091580282753717,7.026598742816567,7.026598742816567,1771400
2017-06-12,7.1478962898254395,7.1478962898254395,7.082915579718302,7.087247737228719,2079600
2017-06-13,7.212875843048096,7.217207999863671,7.1305665161010126,7.147895143363314,2157000
2017-06-14,7.2258734703063965,7.2258734703063965,7.100243381365489,7.178220563980596,5450800
2017-06-15,7.2258734703063965,7.251865589086579,7.1522284452004135,7.191217036507966,2195000
2017-06-16,7.247532844543457,7.277857118376565,7.16522433736059,7.16522433736059,5092700
2017-06-19,7.3255109786987305,7.338507451872785,7.256198107652969,7.273526738551709,2513400
2017-06-20,6.978944301605225,7.256195693547929,6.952951363904853,7.238867068414348,7826200
2017-06-21,6.944288730621338,7.0612536595432225,6.939956573805798,7.017933743936672,4106100
2017-06-22,7.264861106872559,7.295185379176678,7.108906762137722,7.156559662201022,5259500
2017-06-23,7.186886310577393,7.342840706872654,7.1478977115035764,7.282191315938539,32717100
2017-06-26,7.121903419494629,7.264861297154445,7.043926245084825,7.2345370240560705,6811400
2017-06-27,7.0482611656188965,7.165226973093532,7.022268213108003,7.14789833808627,7243900
2017-06-28,7.052590370178223,7.09157895633821,6.974613197858249,7.065586014715252,9404600
2017-06-29,7.101755142211914,7.1464481211433295,7.039184460234453,7.119632419030061,5482100
2017-06-30,6.954266548156738,7.133039291820267,6.936389273790385,7.119631442602463,6596200
2017-07-03,7.070468425750732,7.079407275804242,6.972143632529106,6.976612631328031,2141700
2017-07-05,6.958736419677734,7.101755058770418,6.9363901435885325,7.061531079845222,4151100
2017-07-06,6.8380632400512695,6.9721429949989,6.820185967806771,6.945326873518257,4960600
2017-07-07,6.8559393882751465,6.878286081474012,6.72185965530968,6.8380621189615995,4264500
2017-07-10,6.851473331451416,6.878289461714013,6.820188201334995,6.85594275753317,3496600
2017-07-11,6.887226104736328,6.918511226753893,6.85147155779402,6.855940982718764,2647400
2017-07-12,6.914043426513672,6.976613681394515,6.891696724244274,6.909574000814214,2158200
2017-07-13,6.8648786544799805,6.949796013838443,6.820185688810903,6.927449317890018,3674000
2017-07-14,6.93638801574707,6.967673133657088,6.8782867780372055,6.8782867780372055,4986400
2017-07-17,7.025776386260986,7.083877640633475,6.963205706268794,6.9855524081394265,2763300
2017-07-18,6.9944891929626465,7.012366465021405,6.936388378442524,6.998958617534282,3091600
2017-07-19,7.030245780944824,7.0660007616849745,6.981083375047472,6.985552800918479,2214900
2017-07-20,7.115161418914795,7.177731660819597,7.048121752237419,7.065999025099907,2938100
2017-07-21,7.1330389976501465,7.164324546171914,7.088345600463522,7.128569572685919,1683400
2017-07-24,7.128567695617676,7.200077197532221,7.110690426695967,7.133037119405031,2119300
2017-07-25,7.115161418914795,7.182201085592171,7.110691994142222,7.146446539867196,2040200
2017-07-26,7.150915622711182,7.164323896387771,7.092814382129319,7.133038350703515,1890400
2017-07-27,7.253711700439453,7.27605882899558,7.119632338925857,7.16432574358232,2981900
2017-07-28,7.168793678283691,7.284995312784054,7.128569281476677,7.280526740458021,2952200
2017-07-31,7.597846984863281,7.597846984863281,7.392258593275019,7.441420552919118,8937800
2017-08-01,7.66488790512085,7.705111875754913,7.593378813428208,7.602317663003691,5239200
2017-08-02,7.629133701324463,7.705112221211321,7.562094031413859,7.673827098750083,3800500
2017-08-03,7.503994464874268,7.63360440135614,7.481647336200983,7.629134975621483,2832400
2017-08-04,7.521868705749512,7.55315382258238,7.383319965865882,7.526338129933564,2822500
2017-08-07,7.486116886138916,7.557625994168256,7.428016055536006,7.5442177167418265,2645300
2017-08-08,7.445892810821533,7.495055641632118,7.432484533567066,7.495055641632118,2391300
2017-08-09,7.459299564361572,7.468237561582984,7.356504497986909,7.401197893916463,1826200
2017-08-10,7.374382019042969,7.468237381015735,7.3609737448516,7.423544838622382,2565800
2017-08-11,7.40119743347168,7.41013628259261,7.289464376826764,7.343096619096775,2172600
2017-08-14,7.414607524871826,7.48164720480269,7.39672982224718,7.419076950527988,2083800
2017-08-15,7.463770866394043,7.468239439900816,7.401199755373316,7.419077459223763,1886500
2017-08-16,7.526339530944824,7.535278380976876,7.45929986061575,7.477176708224196,1872200
2017-08-17,7.432484149932861,7.530809806478865,7.432484149932862,7.526340380958069,1663900
2017-08-18,7.396729469299316,7.441422871272528,7.383322045426371,7.436953445829634,1933600
2017-08-21,7.419074058532715,7.441420325647047,7.360972400106736,7.419074058532715,1925300
2017-08-22,7.445892810821533,7.463770513827491,7.410138257265418,7.419077108768396,2029900
2017-08-23,7.405665874481201,7.450359261694526,7.383319607102268,7.44142041376077,2486800
2017-08-24,7.387789249420166,7.43248178549895,7.360972704826316,7.410135517459558,2185000
2017-08-25,7.4280171394348145,7.445893992822842,7.365446021436886,7.445893992822842,1718200
2017-08-28,7.40119743347168,7.512930490116596,7.37438173856446,7.441421402060295,2750000
2017-08-29,7.365442276000977,7.41460508961592,7.3386265833271445,7.374381124377421,2158600
2017-08-30,7.316281318664551,7.392259835377882,7.293934194657326,7.365443286569212,2327100
2017-08-31,7.365442276000977,7.401196817051253,7.320748886574256,7.3386265833271445,1902800
2017-09-01,7.445892810821533,7.450362236573023,7.360975426454833,7.369914277957812,2162800
2017-09-05,7.329687118530273,7.486113542140717,7.2805251615053095,7.450359004097367,3420100
2017-09-06,7.34309720993042,7.36544348207518,7.3118120879454995,7.3475666348505,1644300
2017-09-07,7.311811447143555,7.360973412044635,7.28052632790044,7.360973412044635,1677400
2017-09-08,7.311811447143555,7.320749443744755,7.271587478843674,7.320749443744755,1579800
2017-09-11,7.3609747886657715,7.38332191548696,7.320750812843358,7.329689663571833,1772800
2017-09-12,7.383321285247803,7.3922601352132595,7.325219612927989,7.369913010299618,2112700
2017-09-13,7.356505870819092,7.3922612761997195,7.320751317894247,7.383322424854563,2194900
2017-09-14,7.352036476135254,7.378852174718736,7.329689350269279,7.352036476135254,1680200
2017-09-15,7.387789249420166,7.419074365657509,7.360972704826316,7.396727245162633,2805700
2017-09-18,7.454830646514893,7.463769496799847,7.396728972118376,7.419076097830761,2477200
2017-09-19,7.503994464874268,7.530810166826415,7.441423357044865,7.441423357044865,2643700
2017-09-20,7.486116886138916,7.535279717580016,7.454831757933056,7.526340865962396,2274300
2017-09-21,7.4995245933532715,7.512932017304484,7.450361765650174,7.508462591835499,1757500
2017-09-22,7.5486860275268555,7.557624877824109,7.503993480951955,7.512931478793525,2967300
2017-09-25,7.557624340057373,7.575502039379783,7.508461519376369,7.575502039379783,3674400
2017-09-26,7.633602142333984,7.660417836350526,7.557623632240828,7.575501329888885,4866100
2017-09-27,7.696174144744873,7.705112995619533,7.615727044240144,7.647012169845717,6294500
2017-09-28,7.7274580001831055,7.731926571937245,7.6425406451109,7.7051108791348915,5874300
2017-09-29,7.699843406677246,7.745867752104213,7.663024105903948,7.7228560183114165,5240200
2017-10-02,7.796494960784912,7.814904173055877,7.6768320085787,7.699843743377758,3610600
2017-10-03,7.796494960784912,7.837916785696348,7.7504706133453825,7.791892438256818,2825000
2017-10-04,7.83791446685791,7.842516988024354,7.782685090701742,7.796492654201073,2158500
2017-10-05,7.948375225067139,7.962181915734501,7.837917310520886,7.84712147835197,3749600
2017-10-06,7.906954288482666,7.934568550770942,7.814905577066317,7.934568550770942,2463200
2017-10-09,7.902350425720215,7.925362160753147,7.879338690687282,7.916157993444827,2038000
2017-10-10,7.888542652130127,7.920759431472047,7.874735962607247,7.920759431472047,1366200
2017-10-11,7.879338264465332,7.916157565231187,7.865530697487621,7.888542431275765,1761800
2017-10-12,7.897747993469238,7.916158083979271,7.87013373554562,7.883940425586713,1293200
2017-10-13,7.920760154724121,7.929965200474162,7.893145895315477,7.91615850969058,1538800
2017-10-16,7.888542652130127,7.943772043745846,7.874735962607247,7.929964476381566,2115900
2017-10-17,7.879338264465332,7.906952520579379,7.874735742139428,7.9023499982534755,1299800
2017-10-18,7.897747993469238,7.916158083979271,7.860928690290604,7.888542948214222,1380300
2017-10-19,7.939168930053711,7.952976496389727,7.856325287720276,7.883939542550976,1661200
2017-10-20,8.049630165100098,8.0542326891206,7.957582318215167,7.971389012434973,2207000
2017-10-23,8.008206367492676,8.054230718595806,7.971387062178469,8.054230718595806,1810500
2017-10-24,8.026616096496582,8.054230354774491,7.948374966507973,8.031218619183141,2042000
2017-10-25,7.9161577224731445,8.045024838792692,7.833314074644069,8.040422316375366,2901900
2017-10-26,7.851726055145264,7.952979828347717,7.833316836825901,7.929967208146386,2658000
2017-10-27,8.233723640441895,8.233723640441895,8.017410359872555,8.104856527694784,4968900
2017-10-30,8.026616096496582,8.242929395716178,7.975989224785881,8.23372435034306,4064200
2017-10-31,8.11406135559082,8.160085704397005,8.040422748637502,8.068037884626076,2510100
2017-11-01,8.15088176727295,8.210713692208254,8.109460813341315,8.173894383725589,2306000
2017-11-02,8.058834075927734,8.187702096791607,8.012809720059096,8.187702096791607,2072500
2017-11-03,8.054232597351074,8.10485948315805,8.035822501478833,8.054232597351074,1430600
2017-11-06,7.985195636749268,8.063436780128105,7.971388066326558,8.058834256653869,1942600
2017-11-07,8.072641372680664,8.081845541269457,7.971387617630054,7.985195187275558,2175100
2017-11-08,8.022013664245605,8.091049749639373,7.999001050553382,8.081844704162481,2314900
2017-11-09,7.989797592163086,8.040423591097085,7.966784976428058,8.022014376350594,1734400
2017-11-10,7.948375225067139,7.999001220583251,7.92536261088575,7.98519452991589,1383200
2017-11-13,8.022013664245605,8.031218709722495,7.962181746487277,7.962181746487277,1528300
2017-11-14,8.026616096496582,8.035820264028256,7.98059174747244,8.022013573810025,1237600
2017-11-15,7.980590343475342,8.022012162525732,7.952976090055512,8.00360207501832,1584800
2017-11-16,8.022013664245605,8.049627922834821,7.975989314702611,8.008206096030271,2895700
2017-11-17,8.035820960998535,8.040423484084284,8.003604177239813,8.01280922341131,3075700
2017-11-20,8.11406135559082,8.137073968914631,8.05423031663179,8.063435361961314,2284700
2017-11-21,8.201508522033691,8.238327829961504,8.123267382956898,8.146279999062745,2214500
2017-11-22,8.256736755371094,8.261339277941481,8.183098149927723,8.21531493007902,1971500
2017-11-24,8.206110954284668,8.284352092494107,8.196905907944373,8.27974956932396,1122200
2017-11-27,8.183098793029785,8.25213488132825,8.169291224233495,8.224520621577161,1533100
2017-11-28,8.141676902770996,8.183098731004408,8.104857597434794,8.169291162312776,1362800
2017-11-29,8.11406135559082,8.201507530538425,8.086447097443687,8.141676491579394,2508000
2017-11-30,8.141676902770996,8.183098731004408,8.127869334079364,8.137074379873786,2352700
2017-12-01,8.16468620300293,8.173891246050486,8.058830841479688,8.127866908653923,2025300
2017-12-04,8.224518775939941,8.247530507594947,8.17849443478864,8.224518775939941,2491200
2017-12-05,8.206110954284668,8.233725215464018,8.196905907944373,8.21991852379511,1278100
2017-12-06,8.183098793029785,8.242929835464055,8.1646887013014,8.206110529848775,1681100
2017-12-07,8.252135276794434,8.344183106323088,8.16468909257691,8.183099185187562,2788400
2017-12-08,8.256736755371094,8.284351012952001,8.229121619948764,8.284351012952001,1478900
2017-12-11,8.279748916625977,8.316568221243132,8.265941348203993,8.279748916625977,2542200
2017-12-12,8.293558120727539,8.353389173339922,8.24753376141867,8.284353073297437,2353900
2017-12-13,8.293558120727539,8.367196744485074,8.270545502152284,8.288955597012489,2475900
2017-12-14,8.334977149963379,8.357988882949023,8.284350283985349,8.307362016970993,2247000
2017-12-15,8.417821884155273,8.422423529075672,8.339580752886638,8.348784920568892,2453600
2017-12-18,8.413219451904297,8.482255538391923,8.376400147254799,8.450038756553795,2416800
2017-12-19,8.288954734802246,8.43162944376136,8.284352211565945,8.42242439728876,2907600
2017-12-20,8.376399993896484,8.394809206963457,8.275146249583056,8.353387380260955,2259400
2017-12-21,8.40861701965332,8.4500388475603,8.36719519174634,8.37640023746822,1674300
2017-12-22,8.413219451904297,8.440833710931054,8.385604315036073,8.436231188119683,1894200
2017-12-26,8.422422409057617,8.445435019806668,8.385603109700476,8.413218242599337,2262700
2017-12-27,8.413219451904297,8.445436233742425,8.390206837847444,8.436231188119683,3124700
2017-12-28,8.550440788269043,8.550440788269043,8.427412752876917,8.46999941522525,2561000
2017-12-29,8.460537910461426,8.56937102427636,8.42741514202861,8.559907118287626,2350700
2018-01-02,8.323315620422363,8.48893037977256,8.285460895644704,8.460538659293443,3212000
2018-01-03,8.24760627746582,8.36590240674094,8.233410417042782,8.304387914102286,2626100
2018-01-04,8.384828567504883,8.427415242433815,8.247605539144358,8.247605539144358,2761900
2018-01-05,8.380096435546875,8.417952059144643,8.318582852255986,8.40375620029548,2767200
2018-01-08,8.413220405578613,8.44634317487759,8.356437870689103,8.389560639988078,1786400
2018-01-09,8.332777976989746,8.422682367530669,8.332777976989746,8.413219364992656,1407300
2018-01-10,8.342241287231445,8.38482795907013,8.190822410706213,8.32331437892964,1965300
2018-01-11,8.394289016723633,8.403752918927756,8.332775457451609,8.342238457128344,1086600
2018-01-12,8.394289016723633,8.446339576318923,8.38482511451951,8.408484870029818,1474600
2018-01-16,8.342241287231445,8.446342441738315,8.337510237051765,8.408487722607006,2741500
2018-01-17,8.134038925170898,8.233407201743466,8.086720311434084,8.091452263060514,27177800
2018-01-18,8.105646133422852,8.209747250253308,8.105646133422852,8.167160593827644,7689600
2018-01-19,8.157699584960938,8.186090398471041,8.105649008086006,8.138772676796764,8346900
2018-01-22,8.257067680358887,8.285458490067263,8.167162396666864,8.17189434870619,5309300
2018-01-23,8.313851356506348,8.323315262926235,8.247605816622725,8.261800773724763,3759800
2018-01-24,8.38956069946289,8.408488512069502,8.31385125409201,8.328047113546967,3023700
2018-01-25,8.45107364654541,8.46526860088362,8.365900310405685,8.39429112160972,3518900
2018-01-26,8.413220405578613,8.484197897294672,8.34224201133478,8.465270084822244,4429500
2018-01-29,8.299654960632324,8.422682112652529,8.285459103463392,8.41795106279052,3162600
2018-01-30,8.228675842285156,8.299654219262006,8.16243031980282,8.294922267295046,3498300
2018-01-31,8.18135929107666,8.318582307521686,8.119844809286246,8.275995636290686,3669700
2018-02-01,8.21921157836914,8.304383993108878,8.176624919735563,8.181356870975673,2325600
2018-02-02,8.091452598571777,8.223943639495596,8.058329838340823,8.190820879264642,3524000
2018-02-05,7.646660327911377,8.001548650936451,7.21133061556618,7.992084745715807,11391800
2018-02-06,7.940034866333008,8.006280396105756,7.476313901604627,7.490509307803955,6278400
2018-02-07,7.817007541656494,8.072526682240794,7.812275588725411,7.925839751488183,4013200
2018-02-08,7.613539218902588,7.831203671175981,7.613539218902588,7.826472620063841,4760700
2018-02-09,7.712906360626221,7.764956940194612,7.575683336120102,7.670319686893489,5295300
2018-02-12,7.873788356781006,7.902180071428758,7.679782819326256,7.760224205772931,4561100
2018-02-13,8.00154972076416,8.053600303909324,7.878521644029644,8.044136397423332,5951500
2018-02-14,7.963692665100098,7.99681542557294,7.878519336725627,7.977888520671688,3131900
2018-02-15,8.02520751953125,8.029939472146332,7.944767032657905,7.99208475375336,3416000
2018-02-16,7.992083549499512,8.053598021698836,7.949496884908454,7.992083549499512,2569500
2018-02-20,7.930572032928467,8.029940341014138,7.916376173547182,7.996817571652247,3558200
2018-02-21,7.859591484069824,7.99681446127126,7.850127581496643,7.949495850932776,4805400
2018-02-22,7.82647180557251,7.935304020383171,7.812275946129815,7.9021812508779945,2667500
2018-02-23,7.840664386749268,7.897446904787045,7.79807772385281,7.854860241890588,2196500
2018-02-26,7.925838947296143,7.973157569278066,7.8595934180380365,7.883252277765175,2748200
2018-02-27,7.788615703582764,7.940035487451784,7.774420747536845,7.911643770304497,2299000
2018-02-28,7.632464408874512,7.845397761993082,7.632464408874512,7.802811091369368,3477400
2018-03-01,7.69871187210083,7.741298548420723,7.613538519461046,7.670320152869041,2590800
2018-03-02,7.746029853820801,7.769688715340895,7.599342024307525,7.660856508304115,2030000
2018-03-05,7.845400333404541,7.90691393195181,7.7365680961520065,7.746032004398653,2384700
2018-03-06,7.8974480628967285,7.94476668444593,7.812274724613696,7.845397488939844,2246800
2018-03-07,7.82647180557251,7.944767926678302,7.812275946129815,7.854862621930122,2100900
2018-03-08,7.873788356781006,7.887984214104882,7.826470637423375,7.85012949710219,2091600
2018-03-09,7.968425750732422,7.973157703262897,7.850129645053529,7.892716315300143,1808700
2018-03-12,8.044133186340332,8.115110651596671,7.968423769729912,7.968423769729912,2560500
2018-03-13,8.053598403930664,8.124575880775241,8.034670595424064,8.091453118416277,1895100
2018-03-14,8.086722373962402,8.152967908573451,8.081990421129081,8.086722373962402,1859900
2018-03-15,8.058329582214355,8.129307052242954,7.9920831613305,8.110379245553995,2275000
2018-03-16,8.148235321044922,8.162431178439117,8.029939217009572,8.058330931797963,3419400
2018-03-19,8.07725715637207,8.129307726556723,7.996815776326503,8.119843822427228,2766900
2018-03-20,8.048864364624023,8.10091492199217,8.02993656102566,8.063060217322795,1847000
2018-03-21,8.053598403930664,8.110380024395292,8.034670595424064,8.067793357783028,2124600
2018-03-22,7.930572032928467,8.058332059776708,7.930572032928467,8.001549524779342,2628100
2018-03-23,7.802811622619629,7.949498552239707,7.793347716830532,7.940035548978341,2647100
2018-03-26,7.883254051208496,7.921108776804433,7.84539932561256,7.902181865270389,2588800
2018-03-27,7.935301780700684,8.011011204637722,7.873787309672138,7.911642021640657,3157800
2018-03-28,7.878518581390381,7.992082707492793,7.835931921286045,7.940033047108842,3663800
2018-03-29,8.024870872497559,8.044383751572026,7.89315544948371,7.917546780944207,3409900
2018-04-02,7.893155574798584,8.0248709999036,7.824859101249169,8.015114094976635,3758600
2018-04-03,7.917547225952148,7.9858446327255885,7.849250749648413,7.902912798441179,2665600
2018-04-04,7.956574440002441,7.995601133380997,7.834615906885734,7.839494359866774,1801000
2018-04-05,8.01999282836914,8.039505708436911,7.88827739865032,7.956573874592064,2365600
2018-04-06,7.961451053619385,8.029747518635626,7.912667465549405,8.000477737981457,1577100
2018-04-09,7.893155574798584,8.015114094976635,7.893155574798584,7.990721832659225,2040900
2018-04-10,7.937062740325928,7.9809678932227195,7.898036041136546,7.961454078393077,1599700
2018-04-11,7.927302837371826,7.956572618086032,7.8882761529297,7.927302837371826,1086800
2018-04-12,7.922425270080566,7.956573506471529,7.907789912854587,7.937060627306546,1164500
2018-04-13,7.868763446807861,7.941939304539601,7.844372114543736,7.941939304539601,1453600
2018-04-16,7.937062740325928,7.966332532100488,7.859009341947164,7.898036041136546,1159900
2018-04-17,8.044384002685547,8.049262455223863,7.941939290789962,7.956573717935228,1542600
2018-04-18,8.059019088745117,8.112680203919071,8.024870852597243,8.044383731623322,1961200
2018-04-19,8.059019088745117,8.083410420145128,8.01999240022331,8.049262183997254,1948200
2018-04-20,8.073654174804688,8.098046438666561,8.02974903032304,8.073654174804688,1844700
2018-04-23,8.06877613067627,8.093167462490975,8.039505415935023,8.093167462490975,1276300
2018-04-24,8.06877613067627,8.137072604133179,8.039505415935023,8.078532105120352,1754600
2018-04-25,8.117560386657715,8.141952653726907,8.039506992975994,8.044385446389834,1734200
2018-04-26,8.263911247253418,8.278545677112904,8.127317342255811,8.132195795698923,3428200
2018-04-27,8.463922500610352,8.512706100620829,8.283423459712521,8.366355300589397,5360400
2018-04-30,8.52734088897705,8.644420975658747,8.498071099924081,8.537097795484646,4120700
2018-05-01,8.634664535522461,8.649298964027462,8.50782754915044,8.52734043064703,3072600
2018-05-02,8.62002944946289,8.702961292006046,8.58588120791038,8.634664808901023,3162000
2018-05-03,8.668808937072754,8.69807871159061,8.561484879725027,8.605390006736487,2995100
2018-05-04,8.75174331665039,8.776134647517496,8.644419227708013,8.66881148904475,2761600
2018-05-07,8.766375541687012,8.795646247941024,8.71759289220245,8.766375541687012,2052900
2018-05-08,8.707839965820312,8.7858933571954,8.707839965820312,8.78101490392573,1979300
2018-05-09,8.707839965820312,8.732231301698844,8.67369172340244,8.717596872359653,1637600
2018-05-10,8.771257400512695,8.78101430638809,8.722473801605476,8.741987613356267,1375500
2018-05-11,8.771257400512695,8.820040999419914,8.7615004946373,8.78101430638809,1240800
2018-05-14,8.771257400512695,8.80052811813888,8.746866066293965,8.78101430638809,1672700
2018-05-15,8.78589153289795,8.800526889668083,8.727351036287038,8.73222948854375,1535000
2018-05-16,8.81516170501709,8.82979706243314,8.781013468182637,8.790770373126671,1596500
2018-05-17,8.78589153289795,8.834675124995437,8.771256176127814,8.81028286371188,1563900
2018-05-18,8.810284614562988,8.815163067789186,8.766379465997025,8.800528638580406,1534400
2018-05-21,8.824919700622559,8.844432582452534,8.795649912642705,8.81516279447268,2291900
2018-05-22,8.834674835205078,8.863944617315628,8.815161026818313,8.834674835205078,2248000
2018-05-23,8.854188919067383,8.873702730111939,8.820040680209134,8.834676038492551,1766400
2018-05-24,8.84443187713623,8.873702593251618,8.82491899686235,8.84443187713623,2307100
2018-05-25,8.829797744750977,8.849310625677225,8.761500335334759,8.829797744750977,1619900
2018-05-29,8.84443187713623,8.873702593251618,8.790770758530773,8.810283638804655,2857500
2018-05-30,8.824919700622559,8.859067941677353,8.82004124754762,8.854189488602414,2282200
2018-05-31,8.722474098205566,8.829798205544861,8.712718122468186,8.829798205544861,3124700
2018-06-01,8.68344497680664,8.74198546721769,8.639539841615736,8.737107015477642,2625600
2018-06-04,8.688325881958008,8.722474123311605,8.663934546839666,8.698082788193261,3337000
2018-06-05,8.727351188659668,8.737108093343439,8.659054716812559,8.698081405078,2315200
2018-06-06,8.820039749145508,8.824918201391666,8.712716591138902,8.722472565161592,2214300
2018-06-07,8.839553833007812,8.86394516452746,8.800527144294584,8.829796928212092,1977600
2018-06-08,8.88345718383789,8.88345718383789,8.829796073594483,8.839552977445853,2110500
2018-06-11,8.868824005126953,8.888336885102849,8.839554219928264,8.878580910349749,2522700
2018-06-12,8.859066009521484,8.893214243128572,8.829796227925348,8.878579817565294,2282200
2018-06-13,8.81516170501709,8.859066846795576,8.781013468182637,8.85418839432356,2342600
2018-06-14,8.859066009521484,8.878579817565294,8.820039323903442,8.849309105499579,2256400
2018-06-15,8.854188919067383,8.878581182873077,8.815162227447995,8.834676038492551,2728300
2018-06-18,8.961512565612793,8.981025445200691,8.849310018721086,8.85418847123548,2378800
2018-06-19,9.049323081970215,9.054201535111313,8.92736454485218,8.92736454485218,2316700
2018-06-20,9.112740516662598,9.137131847814643,9.044444045061157,9.063956923888865,2641100
2018-06-21,9.102985382080078,9.142012077793837,9.078594046185163,9.127376717974995,2070000
2018-06-22,8.927363395690918,9.07859263218878,8.927363395690918,9.024930585014076,6910600
2018-06-25,8.863946914672852,8.951757214232765,8.849311554589587,8.932243400788412,3923000
2018-06-26,8.839553833007812,8.927363184760335,8.810283118620651,8.898093400842827,4350700
2018-06-27,8.732229232788086,8.902971334893666,8.727350780674257,8.888335978552181,3663800
2018-06-28,8.790771484375,8.790771484375,8.610272441972011,8.756623243223842,4634800
2018-06-29,8.77571964263916,8.850982913991412,8.720526130369446,8.830913154908874,3714900
2018-07-02,8.901156425476074,8.901156425476074,8.73055921116282,8.755647599752516,2865100
2018-07-03,9.041650772094727,9.05168613001855,8.91621166912013,8.91621166912013,2165100
2018-07-05,9.05168342590332,9.07175317873089,8.996489930835285,9.056700146342122,2593300
2018-07-06,9.116911888122559,9.147016997755705,9.046666313303822,9.056700711832084,1747300
2018-07-09,9.131965637207031,9.152035392860787,9.086807490705764,9.147017714691284,2577800
2018-07-10,9.126947402954102,9.157052513112628,9.106876691498952,9.157052513112628,2225800
2018-07-11,9.19217300415039,9.197190680760336,9.121927445659061,9.126945122269007,2183000
2018-07-12,9.177123069763184,9.212245857193029,9.14199932530916,9.19719282385559,1676000
2018-07-13,9.162069320678711,9.212245137526224,9.157051643291549,9.182139073203253,1527700
2018-07-16,9.147015571594238,9.182138353527419,9.116910466654943,9.1620686025759,2205600
2018-07-17,9.182140350341797,9.187158028426865,9.147017560770559,9.152035238855628,2157700
2018-07-18,9.207228660583496,9.207228660583496,9.167088193276765,9.182140270376644,2033800
2018-07-19,9.242348670959473,9.257401700557601,9.172103113549426,9.20722589225445,2332100
2018-07-20,9.262421607971191,9.277474642750215,9.197193704643963,9.23733417369709,1745800
2018-07-23,9.287510871887207,9.302563908080554,9.252388077793757,9.272457835693858,2912400
2018-07-24,9.287510871887207,9.322633665980655,9.262422478231626,9.302563908080554,1750300
2018-07-25,9.327648162841797,9.342701193900218,9.282490026690567,9.282490026690567,3037300
2018-07-26,9.006523132324219,9.342699785768117,8.941294297926389,9.332664433241698,6297800
2018-07-27,8.92122745513916,9.051684209394816,8.866033955293712,9.051684209394816,5389300
2018-07-30,9.02157974243164,9.076773252068369,8.931263438307678,8.956351832244541,6143200
2018-07-31,8.976420402526855,9.056701338452559,8.891121788477765,9.021578548613094,6699300
2018-08-01,8.996490478515625,9.00150815628401,8.896138837196284,8.966385368929494,2863800
2018-08-02,9.041650772094727,9.076773567803707,8.961369822752937,8.981439581576181,3279200
2018-08-03,9.011543273925781,9.076772133095925,9.006526552781235,9.066736776758326,1897900
2018-08-06,9.04666805267334,9.066737810612782,8.97642150732438,9.011544301486678,1736800
2018-08-07,9.026597023010254,9.086808208778134,8.996491908638479,9.061719815948047,1850500
2018-08-08,9.03663158416748,9.066736695887503,8.986455759951278,9.026596227919391,1728100
2018-08-09,9.071752548217773,9.09683997676462,9.046665119670928,9.056699516875234,1364700
2018-08-10,9.06171989440918,9.101860366260548,9.04666781560513,9.06171989440918,1871900
2018-08-13,9.066736221313477,9.101859009319135,9.046666466892042,9.0817892548977,1427500
2018-08-14,9.091826438903809,9.121931555101924,9.07175572342214,9.076773402292556,1284600
2018-08-15,9.08178997039795,9.106877404657283,9.051684857881897,9.076772292141229,1596800
2018-08-16,9.142000198364258,9.167088589655915,9.096842051063549,9.10687740758021,1867100
2018-08-17,9.197193145751953,9.202210823706716,9.147017323228546,9.147017323228546,1800400
2018-08-20,9.247367858886719,9.247367858886719,9.187156687677204,9.21726275179401,1694800
2018-08-21,9.267438888549805,9.297544956815953,9.252386811440962,9.252386811440962,2105700
2018-08-22,9.222282409667969,9.277475921105303,9.212248008790239,9.267440563203168,1939200
2018-08-23,9.19217300415039,9.242348813225892,9.187155327540443,9.222278106786108,1258300
2018-08-24,9.202207565307617,9.207225241485677,9.172102465263139,9.202207565307617,953500
2018-08-27,9.257403373718262,9.282490803892106,9.212245233786046,9.212245233786046,1867000
2018-08-28,9.282491683959961,9.29754471770591,9.252386573492275,9.262420972298699,2139800
2018-08-29,9.282491683959961,9.317614472342964,9.252386573492275,9.282491683959961,2072900
2018-08-30,9.307579040527344,9.332667429899105,9.252386497957865,9.292526963928484,2189100
2018-08-31,9.317615509033203,9.33266854445397,9.287510395215982,9.29754575216316,1440400
2018-09-04,9.307579040527344,9.372807895869725,9.28249160817978,9.307579040527344,3189600
2018-09-05,9.372808456420898,9.382843812769778,9.307579597177432,9.307579597177432,2894300
2018-09-06,9.367790222167969,9.407930688156469,9.34270278980923,9.38284325579773,2602300
2018-09-07,9.282491683959961,9.372807972387228,9.257404251407591,9.357754938641282,2540000
2018-09-10,9.307579040527344,9.3226320741504,9.28249160817978,9.307579040527344,2368200
2018-09-11,9.312597274780273,9.342703343825068,9.297545197282133,9.307579596606143,3464700
2018-09-12,9.172103881835938,9.312595008424044,9.141997820117894,9.307577331471036,3089100
2018-09-13,9.207228660583496,9.262421204990106,9.182140270376644,9.202210982542125,2923600
2018-09-14,9.152033805847168,9.217262653715402,9.086805915003024,9.217262653715402,3159900
2018-09-17,9.121928215026855,9.157050997234869,9.101857506894255,9.157050997234869,2524800
2018-09-18,9.101859092712402,9.126947482249307,9.086807016014465,9.106876770619783,2846500
2018-09-19,9.076770782470703,9.126946599668278,9.061717750204197,9.12192892224611,2743000
2018-09-20,9.066736221313477,9.111894365041952,9.001508323163566,9.101859009319135,3337200
2018-09-21,9.111893653869629,9.131964363748764,9.056700158726123,9.081788546075044,5458600
2018-09-24,9.147015571594238,9.192173707515195,9.116910466654943,9.136980217606462,3635400
2018-09-25,9.076770782470703,9.182139137263908,9.031612642695297,9.172104739443682,3976300
2018-09-26,9.02157974243164,9.091826288430486,9.001509984306523,9.091826288430486,3538600
2018-09-27,9.121928215026855,9.182138425376582,9.031611942478227,9.031611942478227,3443000
2018-09-28,9.194162368774414,9.235438030987622,9.152886706561207,9.168365448924689,2781500
2018-10-01,9.173524856567383,9.225118695293029,9.1167704530619,9.183843033858876,3326900
2018-10-02,9.189003944396973,9.235439193241755,9.152887858426485,9.158047439863632,2222100
2018-10-03,9.158044815063477,9.235436546260246,9.158044815063477,9.178683134896884,2766300
2018-10-04,9.106450080871582,9.168364056835319,9.018739188975026,9.152885316822069,5951100
2018-10-05,9.06517505645752,9.147726374100658,9.054855895729796,9.137407213372933,2643300
2018-10-08,9.183843612670898,9.189003193686524,9.044538861606817,9.065176201579867,3185500
2018-10-09,9.287032127380371,9.312829045209583,9.168364730823063,9.199321229035984,2838400
2018-10-10,9.080652236938477,9.343784885737216,9.075492657461345,9.292190075055062,3640700
2018-10-11,8.9310302734375,9.116771258342304,8.925870692291314,9.06001684982373,3619500
2018-10-12,8.94650650024414,9.060014301262322,8.87943294830083,9.0445365462671,3206900
2018-10-15,9.034219741821289,9.080654987089607,8.961987575443663,8.961987575443663,2028200
2018-10-16,9.132248878479004,9.168364957970415,9.029059236426953,9.07549447694144,2040800
2018-10-17,9.266393661499023,9.276712822105695,9.132248509969557,9.132248509969557,2871400
2018-10-18,9.204482078552246,9.328309072566778,9.173525576070979,9.276714245705023,2030400
2018-10-19,9.24059772491455,9.297352130186123,9.194162481344975,9.194162481344975,1781700
2018-10-22,9.235438346862793,9.312830093148373,9.230278765898493,9.271554429523434,2061400
2018-10-23,9.106450080871582,9.204480132776972,9.013579608970609,9.183841812759306,2826200
2018-10-24,9.106450080871582,9.230277048709793,9.075493584934346,9.121928820884833,2949900
2018-10-25,9.261235237121582,9.307670476623867,9.070334698713372,9.158045597318873,3321200
2018-10-26,9.008423805236816,9.240600082315982,8.941351205241544,9.230280917981425,4687600
2018-10-29,9.013583183288574,9.261238201261348,8.956829748913059,9.085816347905057,3631100
2018-10-30,9.147726058959961,9.15804521933219,8.972304268989271,9.008420346202772,3622900
2018-10-31,9.225119590759277,9.287033580965087,9.173525747025506,9.173525747025506,4267900
2018-11-01,8.838157653808594,8.951666443526335,8.81752031828034,8.936187703813214,26482100
2018-11-02,8.88459300994873,8.925868665657035,8.838157774265731,8.869115254113902,10042400
2018-11-05,8.925869941711426,9.023900007066628,8.900073022239244,8.900073022239244,9297800
2018-11-06,8.905232429504395,8.956827251533243,8.853637607475548,8.93102934847413,6022800
2018-11-07,8.961986541748047,8.972304718547973,8.858796901034028,8.931029059080233,5506400
2018-11-08,8.982625007629395,9.01358151009591,8.951668505162878,8.961987667348208,4455900
2018-11-09,9.0961332321167,9.0961332321167,8.92071238783983,8.982625395445899,6973700
2018-11-12,9.106450080871582,9.19416097276814,9.060014844921096,9.111609660875999,7063600
2018-11-13,9.142566680908203,9.189001919520576,9.116769763496583,9.137407100608016,4776700
2018-11-14,9.163204193115234,9.189001108249318,9.085812463623752,9.168363772959896,4441700
2018-11-15,8.920713424682617,9.121932198924002,8.90523467893727,9.096134289348422,6258900
2018-11-16,8.905232429504395,8.941348509697775,8.869116349311016,8.920711171339862,3819100
2018-11-19,8.874275207519531,8.967144698704233,8.827839969882529,8.900072124389288,3357000
2018-11-20,8.605982780456543,8.827839804091342,8.549228383501795,8.817520643901519,7921400
2018-11-21,8.621461868286133,8.678216274006923,8.585345786132697,8.616303271483726,4096300
2018-11-23,8.65241813659668,8.719490710577354,8.621460655600098,8.636939396098388,1097000
2018-11-26,8.791725158691406,8.791725158691406,8.704014250978307,8.714332428758512,2299000
2018-11-27,8.791725158691406,8.863957323600038,8.781405996821762,8.796883755536788,2681400
2018-11-28,8.874275207519531,8.900072124389288,8.776245152053717,8.802042068923475,2389200
2018-11-29,8.925869941711426,8.967145603320553,8.838159037780855,8.858797360630117,2593300
2018-11-30,8.874275207519531,8.925869041259045,8.79172389262915,8.900072124389288,4573300
2018-12-03,8.987783432006836,8.987783432006836,8.869116034416296,8.920710854613287,3542900
2018-12-04,8.807201385498047,9.013579666546681,8.7968822254233,8.972304010336954,3297000
2018-12-06,8.781402587890625,8.791721745754383,8.605980840562964,8.771083430026867,6243200
2018-12-07,8.719491958618164,8.80204328491289,8.667897133661603,8.786565526288525,3269600
2018-12-10,8.605982780456543,8.734969330561492,8.52859104721143,8.719490590276758,3856900
2018-12-11,8.404766082763672,8.667897841768236,8.404766082763672,8.647260500553344,5209100
2018-12-12,8.31189250946045,8.46667595557436,8.31189250946045,8.435719463169407,6968600
2018-12-13,8.033282279968262,8.337690620614435,8.01264445138435,8.337690620614435,11649600
2018-12-14,8.09003734588623,8.229342577323798,8.002326444148075,8.022964274436777,6013300
2018-12-17,7.728874206542969,8.11583387490367,7.713395957581047,8.090036957315354,9935000
2018-12-18,7.84238338470459,7.9610512853781135,7.785629470844472,7.790789051753042,6629000
2018-12-19,7.6875996589660645,7.914616306091314,7.682440569929604,7.87334064153122,7526100
2018-12-20,7.3831915855407715,7.703078224525137,7.254205013754588,7.687599481638594,10696000
2018-12-21,7.434784889221191,7.641163670719971,7.383190562879987,7.439944469468708,9428100
2018-12-24,7.2232489585876465,7.429627303443665,7.1510162918656475,7.403830379370253,4335500
2018-12-26,7.692760944366455,7.692760944366455,7.2696850428713224,7.2696850428713224,5945000
2018-12-27,7.728874206542969,7.7391933672140265,7.4296254357076,7.651482469688694,7456800
2018-12-28,7.734212398529053,7.808939272802951,7.696849215909696,7.750225627396079,4499100
2018-12-31,7.584759712219238,7.766238913667103,7.526046062530022,7.739550705977377,5595100
2019-01-02,7.648810863494873,7.691511790834681,7.488682131452988,7.547396288321629,3245000
2019-01-03,7.664822578430176,7.755562164381823,7.584758477430554,7.606108938299462,3455200
2019-01-04,7.899680137634277,7.937043326263797,7.707525432601855,7.707525432601855,3846300
2019-01-07,8.049131393432617,8.193247386259005,7.937041346468251,7.947716831433972,4843000
2019-01-08,8.129195213317871,8.17723387593151,8.065143832844727,8.107844753160157,3425500
2019-01-09,8.348040580749512,8.358715559526226,8.187911826816558,8.187911826816558,5325400
2019-01-10,8.396076202392578,8.428102147080287,8.283986668573403,8.326687588800267,3636600
2019-01-11,8.42276668548584,8.433442172950794,8.332027078174765,8.428104429218317,2796800
2019-01-14,8.449454307556152,8.502830723098727,8.390740657687502,8.406753378736184,3224600
2019-01-15,8.481481552124023,8.518844743280619,8.428105128441487,8.470806063773395,3586800
2019-01-16,8.5348539352417,8.60424356273832,8.513503476410083,8.518841218376759,2828000
2019-01-17,8.58823299407959,8.614920694100098,8.540194319586277,8.566882019606785,3169000
2019-01-18,8.636270523071289,8.684309191192828,8.598907340770173,8.614919551430445,3239600
2019-01-22,8.63093376159668,8.684310178697936,8.556207388497208,8.6469469921482,3160300
2019-01-23,8.727009773254395,8.737685258655052,8.625594698088793,8.657620136220443,3175000
2019-01-24,8.785722732543945,8.801735960327294,8.727009600145607,8.732347342740056,2523600
2019-01-25,8.887139320373535,8.89247706387772,8.833762903402157,8.839100646906342,3084500
2019-01-28,8.913825988769531,8.961864651193517,8.82842414847583,8.876461792829577,3776000
2019-01-29,8.977877616882324,8.983215359609488,8.913826740297022,8.935176693135347,2409500
2019-01-30,9.015240669250488,9.031253897203463,8.940514308277239,8.988552974065847,3366700
2019-01-31,9.06328010559082,9.06328010559082,8.97254050895,9.009903692613209,2955900
2019-02-01,9.06328010559082,9.095306564219628,9.004566967578807,9.06328010559082,3786200
2019-02-04,9.095305442810059,9.100642167186466,9.004565857357013,9.073954473023331,2659500
2019-02-05,9.10598087310791,9.127331845153716,9.036592250099805,9.100643130096458,2867600
2019-02-06,9.06328010559082,9.100643289254029,9.031254665032414,9.089968821114827,2406800
2019-02-07,8.993891716003418,9.079293571767415,8.929839815145208,9.036592643885417,3309900
2019-02-08,8.935178756713867,9.004568410122193,8.881802335185284,8.97787969032262,3092200
2019-02-11,8.967202186584473,9.015240853354095,8.897813566845203,8.95118997637482,2708600
2019-02-12,9.164693832397461,9.2554334156121,9.020577844102993,9.025915586418,5960500
2019-02-13,9.121992111206055,9.20739394460899,9.047265761496027,9.164693027907521,3225500
2019-02-14,9.089967727661133,9.132668649292548,9.004565884398303,9.095305470123845,3172200
2019-02-15,9.138005256652832,9.14867972218202,9.047265682198756,9.132667514853162,3044600
2019-02-19,9.084630012512207,9.175369598510565,9.084630012512207,9.132668676750766,4576100
2019-02-20,8.753697395324707,8.80173606115475,8.727009700117042,8.780386108602684,37112000
2019-02-21,8.844436645507812,8.887137567046434,8.748359317528347,8.759034802430572,15087100
2019-02-22,8.828425407409668,8.865788590607373,8.75369802294387,8.860450847569075,12242000
2019-02-25,8.82308578491211,8.913825361093426,8.780384867772089,8.860448960150856,7194800
2019-02-26,8.828425407409668,8.876463058613583,8.81774992133307,8.844437618454178,6747100
2019-02-27,8.833760261535645,8.876461178728311,8.75903391096602,8.833760261535645,4662900
2019-02-28,8.828425407409668,8.887138544690181,8.785723463103277,8.828425407409668,4701700
2019-03-01,8.839099884033203,8.892476296397842,8.812412186886078,8.849775370120208,7311400
2019-03-04,8.903149604797363,8.924499553678844,8.812410031393261,8.87646089610784,5005200
2019-03-05,8.839099884033203,8.913827268571852,8.8337621409897,8.903151782484846,3268700
2019-03-06,8.801738739013672,8.881802867065849,8.78038877996605,8.83910193089998,4505300
2019-03-07,8.764371871948242,8.823086016332093,8.737684179812053,8.801735048166984,3585200
2019-03-08,8.743022918701172,8.796399333344882,8.673634292313652,8.732348450228775,3118900
2019-03-11,8.871124267578125,8.876460991303125,8.785721416925888,8.791059158721037,3656700
2019-03-12,8.892477989196777,8.945854411722314,8.876464757017944,8.881802501077555,3000200
2019-03-13,8.919163703918457,8.967202371679663,8.903151493378292,8.908489236248466,3424600
2019-03-14,8.967202186584473,8.999228643144443,8.924501262574845,8.935176748094834,3556200
2019-03-15,8.977877616882324,8.98855310233665,8.929838950408184,8.956527664044,4922400
2019-03-18,9.047266960144043,9.052603684627385,8.961865115426448,8.972539582463428,2710900
2019-03-19,8.999227523803711,9.084629361200527,8.977876555419405,9.068616134912297,4806800
2019-03-20,8.929840087890625,9.031255176484319,8.919164601076456,9.004567477519354,5456300
2019-03-21,9.020577430725098,9.052602865077295,8.9351755937391,8.9351755937391,4382400
2019-03-22,8.855111122131348,9.015239305150764,8.844435638444676,9.015239305150764,5037900
2019-03-25,8.892477989196777,8.93517892360309,8.807076120384155,8.855114798850078,3247400
2019-03-26,8.951190948486328,8.999229620473015,8.92450223178792,8.92450223178792,3743800
2019-03-27,9.02591609954834,9.089967992899588,8.999228404526333,9.020578356929878,4132200
2019-03-28,9.073954582214355,9.073954582214355,9.004565965713054,9.036591402708249,4516000
2019-03-29,9.02591609954834,9.10598020268467,9.004566147144796,9.079292507662661,4679500
2019-04-01,9.164693832397461,9.17003157471247,9.063278764552807,9.079291991497831,5904300
2019-04-02,9.164693832397461,9.212732495162285,9.11131742731763,9.207394752847277,5522200
2019-04-03,9.12621021270752,9.230667126833385,9.087726362399641,9.230667126833385,5671300
2019-04-04,9.170190811157227,9.170190811157227,9.08772527768259,9.109715597259624,3128200
2019-04-05,9.17569351196289,9.181191356919934,9.148204287177679,9.17019566700585,3491300
2019-04-08,9.203180313110352,9.20867815724597,9.131710436560398,9.153700764496326,3472800
2019-04-09,9.137205123901367,9.192181449050803,9.131707281665188,9.192181449050803,2416200
2019-04-10,9.131710052490234,9.17019391121443,9.115216520777077,9.159198223405658,2795600
2019-04-11,9.109716415405273,9.164693792194612,9.104218572865715,9.153698107115495,2203600
2019-04-12,9.131710052490234,9.148202535596885,9.082230505957266,9.131710052490234,3146500
2019-04-15,9.104219436645508,9.15369897558975,9.082229113007147,9.126210808890214,2065800
2019-04-16,9.159198760986328,9.186686933515114,9.115217055776329,9.115217055776329,2308100
2019-04-17,9.159198760986328,9.18119013789461,9.12621274423047,9.17569229366754,2199700
2019-04-18,9.186685562133789,9.208676935759216,9.131709225283041,9.170193080521129,1856600
2019-04-22,9.14270305633545,9.181187956782347,9.098721361573881,9.175690113861362,2517000
2019-04-23,9.2086763381958,9.23066771039418,9.148201113256606,9.1536989563062,3424600
2019-04-24,9.274649620056152,9.285644257802533,9.219672236898782,9.225170080075157,2660900
2019-04-25,9.192183494567871,9.285644736168303,9.192183494567871,9.285644736168303,2450200
2019-04-26,9.25265884399414,9.263654531055927,9.192183613760745,9.263654531055927,2904600
2019-04-29,9.2086763381958,9.274649406184592,9.197680652096613,9.258155877035808,2736100
2019-04-30,9.241661071777344,9.241661071777344,9.164693376923582,9.208675066640902,3069600
2019-05-01,9.230668067932129,9.3736077983328,9.181188527175596,9.208676694881945,5600000
2019-05-02,9.159198760986328,9.269153548314607,9.137208432684611,9.236166482952182,3453800
2019-05-03,9.12621021270752,9.192182227919231,9.09872099919741,9.170191905717418,3141000
2019-05-06,9.164693832397461,9.181187360088488,9.027250914124318,9.098720770239602,2864500
2019-05-07,9.203180313110352,9.225171689652829,9.148202920360708,9.181189985174424,3130400
2019-05-08,9.214174270629883,9.258155966846951,9.159196888206958,9.181188260618669,2955500
2019-05-09,9.15369987487793,9.186685887879294,9.038248305069935,9.186685887879294,3565400
2019-05-10,9.22516918182373,9.236163818499566,9.09322410425731,9.131707954138399,2298600
2019-05-13,9.09872055053711,9.164693611101947,9.065734544557802,9.148200083809183,2520700
2019-05-14,9.164693832397461,9.181187360088488,9.0877261337185,9.11521429793063,2013000
2019-05-15,9.170190811157227,9.186683288688464,9.11521343930542,9.142701600928248,1741500
2019-05-16,9.214174270629883,9.247160280641097,9.175690417515742,9.1976807413211,1849000
2019-05-17,9.137205123901367,9.208674975759346,9.131707281665188,9.208674975759346,2068100
2019-05-20,9.087725639343262,9.148199807041381,9.076729954814079,9.13720517111839,1965500
2019-05-21,9.12621021270752,9.14270269220731,9.104218841899431,9.120712370005498,1728500
2019-05-22,9.120711326599121,9.153697330431388,9.071231796547641,9.12620916867219,2717600
2019-05-23,9.082229614257812,9.115215625839033,9.054740397434795,9.082229614257812,2397200
2019-05-24,9.082229614257812,9.126211312568241,9.065736084164001,9.10971778247443,2486900
2019-05-28,9.016255378723145,9.13170797726507,9.016255378723145,9.098720921335225,2254900
2019-05-29,8.785353660583496,9.02725356128905,8.741371955783082,9.005262184585566,5836200
2019-05-30,8.570942878723145,8.829335260273684,8.554449870695153,8.7963492442177,4997700
2019-05-31,8.38401985168457,8.471983254764545,8.158613500216322,8.471983254764545,7630000
2019-06-03,8.510466575622559,8.59843049745625,8.367526316787124,8.384019322748287,3171600
2019-06-04,8.713882446289062,8.724877608650223,8.532457810752726,8.554448659778247,2995400
2019-06-05,8.642412185668945,8.834831986456132,8.609425649483686,8.785352444329847,3352700
2019-06-06,8.653407096862793,8.680895788834917,8.52146200456043,8.658904940117855,2347000
2019-06-07,8.318045616149902,8.60392661830946,8.25757091984578,8.537954079349563,10013300
2019-06-10,8.422502517700195,8.460986894329702,8.197096198126191,8.296055274740404,5426700
2019-06-11,8.444494247436523,8.521462484432167,8.417006078219641,8.455489934565852,2686500
2019-06-12,8.477482795715332,8.565446216405485,8.46648710597739,8.482980640584302,2424800
2019-06-13,8.548949241638184,8.576437928932172,8.48297670671447,8.493971867050206,2558600
2019-06-14,8.499470710754395,8.576438939385131,8.493972867787235,8.554448091819658,2423700
2019-06-17,8.565443992614746,8.625918697562733,8.515964450246752,8.515964450246752,2018100
2019-06-18,8.669899940490723,8.785351493891044,8.60392687525747,8.614922560897394,3183100
2019-06-19,8.708382606506348,8.741368610330783,8.664400918538382,8.713880448578113,2903000
2019-06-20,8.702887535095215,8.77435793187232,8.53795589055599,8.741371393243176,5014200
2019-06-21,8.735875129699707,8.757865983342931,8.636916026153543,8.702888587083217,3431800
2019-06-24,8.801844596862793,8.829332761027509,8.741369377372923,8.768858065840762,3197000
2019-06-25,8.598431587219238,8.840330961086337,8.592933743100986,8.840330961086337,5392100
2019-06-26,8.642412185668945,8.702886890321512,8.620421336313175,8.620421336313175,3605400
2019-06-27,8.708382606506348,8.735871292562095,8.647907392323086,8.675396078378835,3232200
2019-06-28,8.736767768859863,8.821921232360932,8.714060142500077,8.75947539521965,4490900
2019-07-01,8.776507377624512,8.833276723262852,8.702707444851711,8.787860921916618,3124000
2019-07-02,8.702709197998047,8.787862692216985,8.64026333833034,8.75947855507248,3587900
2019-07-03,8.753801345825195,8.770831936068923,8.651616721577424,8.657293765456235,1923500
2019-07-05,8.833274841308594,8.83895134154895,8.7027055907156,8.742443799360538,1960600
2019-07-08,8.742445945739746,8.878692271415751,8.719738315025849,8.827599966961326,3071200
2019-07-09,8.685675621032715,8.76515204393925,8.640260367545403,8.719736790451936,3458100
2019-07-10,8.685675621032715,8.742444417195593,8.657290952255014,8.702706205742325,3705700
2019-07-11,8.679999351501465,8.719737566491354,8.634584093972283,8.685676394040755,2985300
2019-07-12,8.74812126159668,8.782182971638925,8.674321340998915,8.685675424810501,3593300
2019-07-15,8.770830154418945,8.804891869380025,8.753799567634701,8.770830154418945,2167600
2019-07-16,8.72541618347168,8.78218553632308,8.634585652023576,8.77083144919573,3006800
2019-07-17,8.674321174621582,8.714059925807412,8.645936507029562,8.702705842213602,2129800
2019-07-18,8.538076400756836,8.65729158522548,8.51536877235293,8.640260999270692,4821300
2019-07-19,8.6175537109375,8.69703014279123,8.532399695018036,8.538076737691185,3263500
2019-07-22,8.611876487731934,8.645937660271617,8.577814773799671,8.623230031447635,2227600
2019-07-23,8.708383560180664,8.719737103263526,8.60619896547218,8.60619896547218,1933200
2019-07-24,8.793536186218262,8.816243811602336,8.708382726376106,8.714059768070248,3358900
2019-07-25,8.73109245300293,8.821922976398689,8.67432310518427,8.793538302489358,2547200
2019-07-26,8.821922302246094,8.827599344872658,8.736768828417974,8.776507044018752,2514400
2019-07-29,8.804891586303711,8.895722101422944,8.804891586303711,8.821922172540424,3917600
2019-07-30,8.901399612426758,8.963845459509471,8.668646269836291,8.697030401260413,5002000
2019-07-31,8.90707778930664,9.01493945802057,8.884370155060452,8.912754833216365,3778000
2019-08-01,8.787861824035645,8.924108159275525,8.77650827857804,8.901400526967656,3489500
2019-08-02,8.72541618347168,8.804893169185105,8.691355004874977,8.787862038494081,2253700
2019-08-05,8.469954490661621,8.640261993994105,8.35641633557084,8.623230864686017,5966800
2019-08-06,8.566460609436035,8.572137651578867,8.47563010072086,8.526722397221281,3625300
2019-08-07,8.549432754516602,8.600524525939775,8.379125225594557,8.515371032175109,3564900
2019-08-08,8.668646812438965,8.69135444383518,8.475631674874823,8.53240048266904,3579800
2019-08-09,8.509693145751953,8.662970069025048,8.441570249205906,8.645938938844045,3539700
2019-08-12,8.203139305114746,8.469954371880794,8.203139305114746,8.45860028583463,5164300
2019-08-13,8.242877006530762,8.31099988988318,8.169077080884172,8.169077080884172,5451600
2019-08-14,7.981740951538086,8.18610965114576,7.959033318248344,8.157724974185413,7203200
2019-08-15,7.924970626831055,8.0555393669046,7.896585953347749,8.015801148863542,4277300
2019-08-16,8.038507461547852,8.106630341904228,7.947676954406015,7.947676954406015,2664800
2019-08-19,8.0952787399292,8.123663415563954,8.049863475470653,8.100955783334681,2410300
2019-08-20,8.027153968811035,8.112307434438355,8.015799884651376,8.078245723351909,1760200
2019-08-21,8.186107635498047,8.25990756086628,8.112307710129812,8.117984752402572,4720500
2019-08-22,8.220169067382812,8.220169067382812,8.13501559615754,8.191784937902765,2945200
2019-08-23,8.032832145690918,8.23720137206979,8.027155643819118,8.174754978946183,4061400
2019-08-26,8.066895484924316,8.100957209963033,8.027157256873108,8.072572529329562,2841700
2019-08-27,7.896585464477539,8.100954667790944,7.868200792751502,8.089600582543495,4636000
2019-08-28,7.924970626831055,7.942001214363993,7.737632539790899,7.862524778281875,3824600
2019-08-29,7.981740951538086,7.993094497486615,7.92497159761739,7.981740951538085,3285000
2019-08-30,7.9874162673950195,8.049862655710768,7.9760627231329035,8.021477982966573,3101000
2019-09-03,7.936324596405029,7.970386314687636,7.873878744511669,7.947678682963447,3583300
2019-09-04,8.004446983337402,8.03283111322611,7.953354683309609,7.964708226986577,2171900
2019-09-05,8.123663902282715,8.163402125716642,8.032832826530942,8.038509870276556,2584500
2019-09-06,8.237200736999512,8.282615996828367,8.140693174515043,8.214493107085083,3886400
2019-09-09,8.407506942749023,8.413183443312677,8.259907100243622,8.259907100243622,3799500
2019-09-10,8.549432754516602,8.560786301035293,8.42454049445474,8.458601675403523,3741300
2019-09-11,8.5778169631958,8.623232232435527,8.498340512722638,8.594848095205235,3444200
2019-09-12,8.504014015197754,8.577813937024578,8.464275803980437,8.572137436416762,2728000
2019-09-13,8.5778169631958,8.606201641818808,8.521048147342501,8.526725191345646,2836400
2019-09-16,8.5778169631958,8.611878685821953,8.526725191345646,8.555109328575938,2061500
2019-09-17,8.543753623962402,8.555107167708274,8.492661323624537,8.549430666531627,2123200
2019-09-18,8.504014015197754,8.555106310415749,8.481306388588926,8.543752767807597,2317600
2019-09-19,8.606200218200684,8.640261935192424,8.521046737810272,8.54375436867389,2912500
2019-09-20,8.634583473205566,8.668645184599939,8.583491176810275,8.606198803942345,5323400
2019-09-23,8.645936965942383,8.708383346237884,8.617552838236282,8.617552838236282,3202100
2019-09-24,8.702709197998047,8.85598613726339,8.691355651418789,8.714063285970019,5317200
2019-09-25,8.753801345825195,8.838954838436536,8.697031989822499,8.702709033701309,2933900
2019-09-26,8.84463119506836,8.855985281943743,8.782185341431735,8.782185341431735,3408400
2019-09-27,8.850309371948242,8.958170504114646,8.827601736682013,8.855986416112982,3698500
2019-09-30,8.901399612426758,8.92978374385088,8.838953223951439,8.855984352477037,4436000
2019-10-01,8.770830154418945,8.986552905458874,8.719737852673621,8.912752974203693,5755600
2019-10-02,8.659361839294434,8.759097079843848,8.542026426736118,8.759097079843848,5039000
2019-10-03,8.618293762207031,8.694561917916749,8.489225092082306,8.624160672530708,5537000
2019-10-04,8.659361839294434,8.659361839294434,8.565493509247782,8.600693853265586,2665000
2019-10-07,8.747363090515137,8.806031075415053,8.700428926394952,8.806031075415053,4311000
2019-10-08,8.68869400024414,8.747361414403223,8.653493104149282,8.712161077807625,3555300
2019-10-09,8.788429260253906,8.800163079586351,8.712161672590208,8.729761842089577,2220100
2019-10-10,8.923365592956543,8.94096576286592,8.794296374789383,8.800163284592278,3249400
2019-10-11,9.034835815429688,9.093503805717958,9.028969464000397,9.028969464000397,3787500
2019-10-14,8.993769645690918,9.03483690815999,8.929235296168164,9.028970556021186,1666200
2019-10-15,9.058302879333496,9.116970869490215,8.993768537760642,8.993768537760642,2780600
2019-10-16,9.040700912475586,9.075901811485894,9.028967652471689,9.058301082231084,1756000
2019-10-17,9.093502044677734,9.105235864262795,9.028967715457838,9.046567885336117,1992000
2019-10-18,9.087634086608887,9.122834981804264,9.05830010052928,9.087634086608887,2126000
2019-10-21,9.199105262756348,9.21083852421937,9.093503112092248,9.093503112092248,2367400
2019-10-22,9.28710651397705,9.298840334727192,9.14043711159649,9.199105096348463,2474300
2019-10-23,9.281240463256836,9.322308280186782,9.204972299814848,9.298841196012278,2530100
2019-10-24,9.251904487609863,9.281237915150115,9.175636345106822,9.269504656033867,2447000
2019-10-25,9.199105262756348,9.427909176529388,9.15803744888732,9.281239771495644,5779000
2019-10-28,9.199105262756348,9.234305606644794,9.134570366461897,9.199105262756348,3652700
2019-10-29,9.269506454467773,9.334040790876003,9.199105207613512,9.199105207613512,2958100
2019-10-30,9.222572326660156,9.263639580947329,9.175638161903565,9.240172498569034,2415000
2019-10-31,9.29297161102295,9.357505934058098,9.187369482875196,9.316438688444755,3595400
2019-11-01,9.37510871887207,9.433776708550633,9.29297420472138,9.29884111558912,3255200
2019-11-04,9.416173934936523,9.445508482916784,9.386840505954849,9.392707415550902,2895600
2019-11-05,9.37510871887207,9.427909797682895,9.357508545768267,9.416175975947416,3015400
2019-11-06,9.40444278717041,9.422042399865216,9.292973724441968,9.351641151589066,1767800
2019-11-07,9.46311092376709,9.492445480523315,9.427910574658544,9.445511308712279,2449000
2019-11-08,9.51004409790039,9.515911008636152,9.416175764125837,9.451377228540398,3024900
2019-11-11,9.457244873046875,9.515911746958725,9.451377961855911,9.4865783100028,1855800
2019-11-12,9.457244873046875,9.50417904357569,9.404443791327095,9.451377961855911,2165600
2019-11-13,9.416173934936523,9.445508482916784,9.328172528992914,9.404441234743006,2625500
2019-11-14,8.940967559814453,9.351641817065882,8.876433217510469,9.328174732637212,11014700
2019-11-15,8.917499542236328,9.046568772837595,8.829498124712362,8.97616752691855,6653500
2019-11-18,8.9996337890625,9.111102278405168,8.894031650054162,8.91163182005578,3985800
2019-11-19,8.987899780273438,9.028967588745493,8.952699441010882,8.993766689983632,2960500
2019-11-20,9.040700912475586,9.081768161738188,8.940965684695573,8.982033493457484,3033300
2019-11-21,9.02896785736084,9.06416819767062,8.993766957551738,9.052434937400466,1827100
2019-11-22,9.005498886108398,9.07003320278992,8.993765068803102,9.02309905256714,1917500
2019-11-25,9.087634086608887,9.111101163572721,9.011365946601607,9.011365946601607,3476900
2019-11-26,9.093502044677734,9.134569294226822,9.064168055214395,9.116969124348543,2226800
2019-11-27,9.075901985168457,9.122836145080825,9.040701085484521,9.093502155260765,2098700
2019-11-29,9.093502044677734,9.128702943933604,9.075901874799456,9.099368954470265,1210000
2019-12-02,9.204973220825195,9.25190795336971,9.116971786240617,9.128705609251615,4059400
2019-12-03,9.246038436889648,9.251905346742207,9.122836127482515,9.181503547510143,2523900
2019-12-04,9.257773399353027,9.292974305441566,9.210839230901255,9.228439404195814,3589800
2019-12-05,9.216705322265625,9.263639486543921,9.187371329716846,9.257772576134291,2667900
2019-12-06,9.275372505187988,9.310572845602744,9.222571435066532,9.222571435066532,2176800
2019-12-09,9.275372505187988,9.310572845602744,9.216704525164298,9.287105765493132,2561700
2019-12-10,9.24017333984375,9.328174766899634,9.210839344325313,9.246040250847322,4218900
2019-12-11,9.169770240783691,9.240171480159272,9.146303160991831,9.216704400367412,3434200
2019-12-12,9.228438377380371,9.263639279552232,9.17563786337162,9.17563786337162,2118300
2019-12-13,9.21083927154541,9.29884125740537,9.199106009130404,9.240173266832063,3132100
2019-12-16,9.24017333984375,9.310574593388342,9.228439517836604,9.251907161850896,9848100
2019-12-17,9.521778106689453,9.57457918535122,9.304707440690615,9.322308173244148,6306500
2019-12-18,9.527645111083984,9.568712368446601,9.451377507267532,9.504178586447706,4078700
2019-12-19,9.650846481323242,9.650846481323242,9.539377429620181,9.551111249588642,4381900
2019-12-20,9.674314498901367,9.744716310604806,9.603913806196765,9.6567137662258,4498700
2019-12-23,9.668447494506836,9.738849305529424,9.64498097016519,9.738849305529424,3318300
2019-12-24,9.691915512084961,9.721248948394388,9.609779876220601,9.680181689961643,1387200
2019-12-26,9.768182754516602,9.80338310057825,9.709514765081302,9.709514765081302,3036500
2019-12-27,9.779915809631348,9.815116152933912,9.73884855594523,9.79164963039845,4111300
2019-12-30,9.701290130615234,9.858541939012882,9.689193482707774,9.816204824936605,3681700
2019-12-31,9.74362564086914,9.804106563251478,9.70733570312016,9.70733570312016,3264000
2020-01-02,9.840398788452148,9.840398788452148,9.73757958146181,9.77386837404666,2938600
2020-01-03,9.761772155761719,9.822254248470024,9.725483361576721,9.767820480392546,2560000
2020-01-06,9.804108619689941,9.816205268143573,9.7194343877143,9.737579360394747,3952600
2020-01-07,9.81015682220459,9.840398442963469,9.767819706742035,9.77386803089381,2089900
2020-01-08,9.828301429748535,9.852494725457374,9.77991599193069,9.816204781894115,2481900
2020-01-09,9.882735252380371,9.91902404256737,9.810156518406535,9.8403981382289,6909400
2020-01-10,9.925071716308594,9.955312180549969,9.864589634226078,9.900879575635447,3834700
2020-01-13,9.943217277526855,9.97345774356417,9.90692733396228,9.937168953599427,2911200
2020-01-14,9.967409133911133,9.997650752681375,9.937168668740691,9.949265316248788,2144300
2020-01-15,10.00369930267334,10.088373529945358,9.961361035437504,9.967409359328336,2568000
2020-01-16,10.08232593536377,10.11256640340557,10.039988818665288,10.058132638050402,10174000
2020-01-17,10.100469589233398,10.124661729787377,10.064179648002794,10.100469589233398,2728800
2020-01-21,10.124662399291992,10.166999513260862,10.082325285323122,10.100470257138282,3033300
2020-01-22,10.112566947937012,10.179097365531325,10.05813317965075,10.160952391569246,3200500
2020-01-23,10.088371276855469,10.10651509087599,9.967407133254017,10.08232295431544,3425200
2020-01-24,9.97950553894043,10.124661844711227,9.937168427290585,10.08837305666847,3135200
2020-01-27,9.919023513793945,9.961360625688467,9.840397613646946,9.88878304918351,2913500
2020-01-28,10.05813217163086,10.088373791870191,9.94926579956883,9.961361294064707,2593500
2020-01-29,10.112566947937012,10.130711921899088,10.070229828958801,10.100471452228932,2284100
2020-01-30,10.1609525680542,10.173049217572357,10.076278328627078,10.082326653386158,2615200
2020-01-31,10.124662399291992,10.233529922983278,10.11256575141522,10.191192809014408,5790500
2020-02-03,10.166998863220215,10.251674239343957,10.100469611351272,10.136758399061582,4779800
2020-02-04,10.18514633178711,10.269820575077487,10.142809210141921,10.221435128397266,3854900
2020-02-05,10.25167465209961,10.312155582851974,10.209336385533224,10.245626328304411,5596700
2020-02-06,10.57222843170166,10.662950987382418,10.342397880403746,10.421023787700435,12284700
2020-02-07,10.427072525024414,10.608518797174913,10.414975876161062,10.566180526153179,4798400
2020-02-10,10.451265335083008,10.529891241826164,10.378686598889429,10.469409153931494,4972800
2020-02-11,10.529891967773438,10.602470708970708,10.439169406476816,10.463361551142603,4206200
2020-02-12,10.560134887695312,10.62666531976586,10.523846085475116,10.560134887695312,4909900
2020-02-13,10.584324836730957,10.64480692366082,10.54198772196001,10.59037316078393,4507900
2020-02-14,10.662948608398438,10.662948608398438,10.554082258030359,10.584322718643776,2917300
2020-02-18,10.638757705688477,10.66899816981253,10.590372270930134,10.632709382143714,4714100
2020-02-19,10.602470397949219,10.681096307806492,10.560132127226154,10.675047983417482,4774800
2020-02-20,10.644805908203125,10.644805908203125,10.560130533138953,10.602468797470912,4231200
2020-02-21,10.54803466796875,10.638757209711201,10.50569755872892,10.63270888644841,5281900
2020-02-24,10.39078140258789,10.433118510518396,10.209335171114725,10.306107186726884,5732600
2020-02-25,10.094423294067383,10.481506849509634,10.039989524883318,10.402880934910423,7494600
2020-02-26,10.136759757995605,10.33030152319649,10.064181019245316,10.094422641057902,5441200
2020-02-27,9.664999961853027,10.033939639241348,9.544036369594522,9.99765084996375,12195100
2020-02-28,9.410975456237793,9.537987355435341,9.15090333483333,9.271866911021514,12678900
2020-03-02,10.00369930267334,10.00369930267334,9.483554984059904,9.483554984059904,7946000
2020-03-03,9.792013168334961,10.179096691771583,9.665000666207384,10.02184372197548,7343600
2020-03-04,9.943217277526855,10.015794857456342,9.79806096406805,9.894831839707253,9342500
2020-03-05,9.74362564086914,9.900878576982445,9.671046918970829,9.804106563251478,7191100
2020-03-06,9.501699447631836,9.574277604446857,9.2174345675064,9.525892166570177,6443100
2020-03-09,8.509796142578125,8.98155498965656,8.497700072468351,8.709386202188282,10028300
2020-03-10,8.824304580688477,8.993653648571179,8.461413144139792,8.993653648571179,5518400
2020-03-11,8.316254615783691,8.624712198146549,8.201339351248448,8.624712198146549,9067600
2020-03-12,7.021942138671875,7.31225530047114,6.592521007427007,7.118713577138186,17911400
2020-03-13,7.312256336212158,8.171098720352209,6.95541330067229,8.165050396441384,10461300
2020-03-16,6.38688325881958,6.761870638762421,6.126811133697999,6.35059389704454,9971700
2020-03-17,5.957461833953857,6.495749873622101,5.449414254689593,6.465508836418312,13830700
2020-03-18,3.4656105041503906,5.540138147214246,2.6370091117814427,5.485704382267389,26043000
2020-03-19,4.082524299621582,4.536138110690646,3.0664294666508387,3.8708379121359973,20996900
2020-03-20,4.239778518676758,5.534089951767833,4.179296428038873,4.675247783189643,19506900
2020-03-23,3.1994900703430176,4.28211523956079,3.054333758412122,4.251874485441831,27053900
2020-03-24,2.7640204429626465,3.6531034448487096,2.733779404854993,3.6349590527040485,33231100
2020-03-25,3.139007806777954,3.610766038779316,2.7337793969819693,3.0845740537009076,29099200
2020-03-26,4.390982627868652,4.899030280917904,3.3506946038535137,3.4474654755200578,41008800
2020-03-27,4.16115140914917,4.663150725235491,4.112765974596263,4.366789505999026,20416700
2020-03-30,3.6107664108276367,3.961561392091912,3.199489924090132,3.9313203509553554,15734900
2020-03-31,3.030141592025757,3.53818906477977,2.8547439172082907,3.272068822670521,29014700
2020-04-01,2.6370086669921875,2.9575623015220156,2.5886232344895665,2.8063576807513613,21590200
2020-04-02,2.5765273571014404,2.8184545647541746,2.5644307083188234,2.643057195005952,13854500
2020-04-03,2.014045238494873,2.5341891465109305,1.7600216069567454,2.5281408240410297,40110000
2020-04-06,2.0745277404785156,2.34064780232825,2.014045796812679,2.2741178229158128,23784400
2020-04-07,2.3950812816619873,2.860791514851822,2.2378284775225623,2.3285511659491727,34466400
2020-04-08,3.090623378753662,3.187394270356123,2.4918527659634195,2.6430574282922676,29367900
2020-04-09,3.4777064323425293,4.130910376968962,3.2357789706734956,3.598670018977076,33685800
2020-04-13,3.2297310829162598,3.6168148662096096,3.054333730092713,3.6107665424019237,20626800
2020-04-14,3.1808884143829346,3.4983667066473605,3.058781490868105,3.333522214339406,13924800
2020-04-15,2.9610955715179443,3.04657041539735,2.838988651690222,2.9855169554834884,10120400
2020-04-16,2.8511993885040283,2.991622494076792,2.771829743805104,2.9488849259021714,9905800
2020-04-17,3.2602577209472656,3.40068081393893,2.967200843883176,3.0221488081836783,18509100
2020-04-20,3.0648865699768066,3.22973105574968,2.9610955435409494,3.0709920614734374,10200300
2020-04-21,3.5716300010681152,3.6082620693052583,2.9244628799603274,2.9549897490541794,22190300
2020-04-22,3.3762595653533936,3.8830037019421826,3.2968899246254058,3.760896495177774,16757100
2020-04-23,3.3701539039611816,3.589946632146386,3.3335218311179533,3.3457325220656964,8731700
2020-04-24,3.1869943141937256,3.290785367515092,3.022149785720359,3.284680165562859,15311600
2020-04-27,3.3884708881378174,3.486156438845995,3.0954139448873796,3.2053101894340794,11132800
2020-04-28,3.6021578311920166,3.6998433725528703,3.4006812565723163,3.6021578311920166,12506100
2020-04-29,4.0051116943359375,4.133324135788652,3.699844032043937,3.7608975062771512,14745400
2020-04-30,3.7181599140167236,3.9623737908602643,3.63879025847962,3.93795240317591,11582900
2020-05-01,3.5716300010681152,3.699842385461015,3.431206927262835,3.5960513798928773,9148200
2020-05-04,3.6998438835144043,3.7059493762555866,3.3274172689538997,3.394576233477316,12586300
2020-05-05,3.98068904876709,4.340904869786737,3.937951484724235,4.182165595735422,23667600
2020-05-06,3.73037052154541,4.145534393699253,3.705949134426119,3.968479191521445,11647000
2020-05-07,3.8280558586120605,3.9990058501320083,3.7364755164094414,3.797528980835893,9552500
2020-05-08,4.0295329093933105,4.053954298028198,3.8524776962274196,3.8952152719014306,8112500
2020-05-11,3.852476119995117,3.9501616345668484,3.82194954225435,3.9257402559239156,8181000
2020-05-12,3.73037052154541,3.937952312059382,3.6754222549640563,3.8952150301635724,9112400
2020-05-13,3.455627918243408,3.687631282165428,3.3274155482404906,3.6632099060816117,14271100
2020-05-14,3.7181599140167236,3.7303706078589003,3.2358370705618724,3.3518385164996016,10204400
2020-05-15,3.608262538909912,3.779212504057675,3.5777359569689153,3.632683920913044,9701900
2020-05-18,3.73037052154541,3.858582949484636,3.614368787165829,3.7975291905605104,12855200
2020-05-19,3.7425806522369385,3.846371677447148,3.5288934015178426,3.724264469089197,11023000
2020-05-20,4.078375339508057,4.16995568465644,3.8524773683010327,3.8891094481352075,12596300
2020-05-21,4.249324798583984,4.365326515603259,4.047848239438978,4.084480314635719,16200800
2020-05-22,4.273746967315674,4.298168355267405,4.090586266551782,4.273746967315674,6926900
2020-05-26,4.4996442794799805,4.591224616185822,4.365326665803713,4.4385908187180405,8502300
2020-05-27,4.658383369445801,4.774385085497464,4.401958554081687,4.682804752706588,9973600
2020-05-28,4.603435039520264,4.908702616629702,4.5484867824802935,4.695015370878265,9372000
2020-05-29,4.377537250518799,4.5851193031405995,4.353115866813393,4.487433477193122,10263600
2020-06-01,4.579013824462891,4.646172775403587,4.279851727671727,4.322589003712832,7373000
2020-06-02,4.530170917510986,4.719436781496175,4.463011968636935,4.640067141111011,6860800
2020-06-03,4.81101655960083,4.951439350251778,4.627855916891724,4.6400666069972765,9595500
2020-06-04,5.043021202087402,5.134601254822533,4.731648091185117,4.811017741939725,10127300
2020-06-05,5.15291690826416,5.751241715912537,5.110179629950615,5.52534375843105,12128200
2020-06-08,5.433762073516846,5.531448177105612,5.256706920530386,5.464288944497608,17659700
2020-06-09,5.226180553436279,5.555869474131332,5.104073071344194,5.238390952294512,9251000
2020-06-10,4.841544151306152,5.281129378116221,4.835438950540143,5.281129378116221,11593500
2020-06-11,4.438591003417969,4.682805147753901,4.212693043635729,4.426380310757466,11157300
2020-06-12,4.707226276397705,4.7804904283657494,4.4446962529492815,4.749963843941995,6831000
2020-06-15,4.823228359222412,4.902597717603404,4.340905552412759,4.456907280662988,9711100
2020-06-16,4.865965366363525,5.183443655486198,4.719437059595768,5.183443655486198,7245200
2020-06-17,4.707226276397705,4.88428145588341,4.6644887088534155,4.865965272328468,5451400
2020-06-18,4.658383369445801,4.829333052271308,4.58511921966344,4.640067186437284,4333000
2020-06-19,4.548486709594727,4.872070464240954,4.542381509535809,4.688909804459943,12761400
2020-06-22,4.524065017700195,4.579013270101679,4.456906366015963,4.524065017700195,5445200
2020-06-23,4.902597904205322,4.9087033964578755,4.6766999311269375,4.762175075907321,8322200
2020-06-24,4.505748748779297,4.8171214735786565,4.3531149859436225,4.792700094815013,8238500
2020-06-25,4.585119247436523,4.609540630845236,4.359221014217151,4.3958530893302195,5465600
2020-06-26,4.3592209815979,4.579013721757499,4.322588906758942,4.542381646918541,6461900
2020-06-29,4.524065017700195,4.542381198875964,4.176060195492995,4.328693971163051,4777100
2020-06-30,4.536275863647461,4.579013427105748,4.4385903370294715,4.505749282142256,4350800
2020-07-01,4.4805779457092285,4.666237376760232,4.424880352471953,4.517710067997454,4868000
2020-07-02,4.270164489746094,4.5548421420690035,4.270164489746094,4.5548421420690035,6839400
2020-07-06,4.45582389831543,4.4991445158206655,4.282542018489615,4.332051127011276,10921900
2020-07-07,4.208277702331543,4.424880166032978,4.202088917178422,4.424880166032978,5629200
2020-07-08,4.226844787597656,4.3320518072756835,4.1525811131534995,4.220656295609449,6085100
2020-07-09,4.016429901123047,4.233032681880508,3.9483550281226063,4.220655405417015,6730200
2020-07-10,4.220656394958496,4.239222166457746,3.9545444459565724,4.010242350649555,5697900
2020-07-13,4.14639139175415,4.325862045435902,4.140202901160406,4.239221111440671,5252800
2020-07-14,4.171145439147949,4.220654833389438,4.034995416502004,4.115447850159725,2991200
2020-07-15,4.517710208892822,4.548653251634667,4.288730158095965,4.301107434212211,7269300
2020-07-16,4.672426223754883,4.746689879115038,4.480578004761513,4.5053328516457665,7222700
2020-07-17,4.771444320678711,4.845707974323334,4.653860054859294,4.678614606074168,6065800
2020-07-20,4.6848039627075195,4.802388242865562,4.6476721313572265,4.740501562184177,5245400
2020-07-21,4.882840156555176,4.932349262588566,4.653860393601969,4.684803732421613,6956900
2020-07-22,4.944726467132568,4.963292824271203,4.802387936906905,4.88284008549151,11336600
2020-07-23,4.82714319229126,5.068499968278958,4.783822571287198,4.91997263071804,6750300
2020-07-24,4.709558486938477,4.876651874499096,4.684803932862648,4.802388212271612,3711400
2020-07-27,4.8085761070251465,4.845707933534904,4.703369117698739,4.746689729508885,3093400
2020-07-28,4.913784503936768,4.9942366702051855,4.839520829643946,4.864275387741553,5554500
2020-07-29,5.043745517730713,5.056123091217799,4.932350012225285,4.957104864101863,4116300
2020-07-30,4.994235992431641,5.025179333403098,4.926161114450546,4.957104455422003,3872500
2020-07-31,4.907595634460449,5.0437457017112015,4.7962001248916515,5.012802947255166,4462800
2020-08-03,4.8518967628479,4.913783140925547,4.808576150644784,4.895217079953489,6414700
2020-08-04,4.820954322814941,4.864274943074409,4.790010980472809,4.851897665157073,3208100
2020-08-05,4.926161289215088,4.9323497805703855,4.81476578894151,4.870463391529508,2906800
2020-08-06,4.944726467132568,5.049933463471142,4.858085532835086,4.8952173618197214,4937600
2020-08-07,4.9880475997924805,4.994235795586756,4.858085749893272,4.926160920288793,3614900
2020-08-10,5.192273139953613,5.254159233124762,4.994236107298541,5.000424893674201,5922700
2020-08-11,5.173707008361816,5.4026868025752215,5.142764255512983,5.297480380537866,5924300
2020-08-12,5.056122779846191,5.266536794607207,4.988047900445043,5.260348008244788,4001000
2020-08-13,4.926161289215088,5.130386520598772,4.91997250276221,5.012802528969896,4497400
2020-08-14,5.056122779846191,5.099443103992818,4.89521787559422,4.919972430848743,2732100
2020-08-17,4.98185920715332,5.074688643543223,4.932349800621768,5.049934087826238,2325900
2020-08-18,4.889028549194336,5.037556150447829,4.845707937350083,4.9818582630905786,3975500
2020-08-19,4.7776336669921875,4.938538573817411,4.752879111341781,4.889029462516598,8021900
2020-08-20,4.864274978637695,4.95091592469249,4.709558855991054,4.7714452460301935,5631200
2020-08-21,4.796198844909668,4.882839773674277,4.771444293834065,4.845707947060873,4550300
2020-08-24,4.957104206085205,4.975669973656186,4.740501420375022,4.808576590029581,5071600
2020-08-25,4.901406288146973,4.994235715722933,4.845708395523354,4.969481162356336,3639000
2020-08-26,4.79000997543335,4.9509148496952555,4.79000997543335,4.907594238525315,3680600
2020-08-27,4.839521408081055,4.870464461852684,4.765257429814324,4.777634710342505,2899700
2020-08-28,4.889028549194336,4.901405824707333,4.814764896116353,4.851896722655344,2954000
2020-08-31,4.79000997543335,4.88283968788464,4.7405008741520005,4.864273922452894,4102600
2020-09-01,4.734313011169434,4.833331226848539,4.690992394261045,4.728124225140709,2958900
2020-09-02,4.765255928039551,4.783821990529533,4.666237715019784,4.7219356073921785,4379400
2020-09-03,4.672426223754883,4.851896871757358,4.622916825083911,4.783821706795115,6595500
2020-09-04,4.6352949142456055,4.765256481476565,4.554842754372105,4.666238256956819,4459300
2020-09-08,4.616727828979492,4.709557535560086,4.5795960053667555,4.610539044161952,3866700
2020-09-09,4.616727828979492,4.66004843740977,4.561029946011636,4.591973279904335,2682100
2020-09-10,4.536276340484619,4.709558515151021,4.536276340484619,4.610540003156978,3488700
2020-09-11,4.499145984649658,4.573409671676898,4.400127735280006,4.573409671676898,4287300
2020-09-14,4.926161289215088,4.9323497805703855,4.511522039994842,4.51771082644772,6849100
2020-09-15,4.895218849182129,5.012803452673343,4.858087008915362,4.9261621969532525,5201400
2020-09-16,5.025178909301758,5.062311033372758,4.858085531372433,4.91997191299486,4777900
2020-09-17,5.062311172485352,5.087065725814578,4.93234932486058,5.025179047393958,3935500
2020-09-18,5.018990993499756,5.056123124006627,4.950916109464883,5.0499343372229495,6760300
2020-09-21,4.771444320678711,4.932348903575394,4.709557942641525,4.913783137713002,6038600
2020-09-22,4.759068012237549,4.8457089590973,4.721936177869083,4.783822568483192,2878900
2020-09-23,4.616727828979492,4.858084830011034,4.604350554441914,4.7714439082479805,4289100
2020-09-24,4.697181224822998,4.783822164363645,4.5919742221177176,4.777633378276246,5232300
2020-09-25,4.895218849182129,4.9261621969532525,4.690993580166093,4.703370860255015,3775800
2020-09-28,5.068499565124512,5.118009263901934,4.957104365911916,4.969481347959925,4564700
2020-09-29,4.882840156555176,5.068499304180391,4.839519836324733,5.068499304180391,4211700
2020-09-30,4.9199724197387695,5.025179426881706,4.864274818090656,4.90140665088859,3619800
2020-10-01,5.025178909301758,5.031367695012772,4.889028869732419,4.950915251354846,3825200
2020-10-02,5.157587051391602,5.163891712810865,4.886466767365966,4.911687216951866,5877800
2020-10-05,5.258469104766846,5.264774367794859,5.1260615876934725,5.1260615876934725,4145600
2020-10-06,5.157587051391602,5.378265834942489,5.144976525947177,5.264774112457414,8206300
2020-10-07,5.163891792297363,5.26477419349677,5.11345089234914,5.2332484807033905,6302700
2020-10-08,5.308909893035889,5.3341303433064855,5.20172282906011,5.20172282906011,3611100
2020-10-09,5.22694206237793,5.359349545796787,5.176501173580539,5.308908656999396,3198700
2020-10-12,5.283689498901367,5.289994761861748,5.214333410246099,5.226943334863888,2673800
2020-10-13,5.201722621917725,5.277383969716539,5.195417359275422,5.245858257807964,3570500
2020-10-14,5.176502704620361,5.2773845120526754,5.176502704620361,5.20802841976871,2095700
2020-10-15,5.170196533203125,5.19541698063132,5.132366162712282,5.138670823592157,1780900
2020-10-16,5.138671875,5.201723307122696,5.107146760241673,5.151282401945748,3066000
2020-10-19,5.075620174407959,5.226942864007727,5.075620174407959,5.1828072298668575,3312100
2020-10-20,5.31521463394165,5.31521463394165,5.144976160356388,5.176501870424352,6679900
2020-10-21,5.176502704620361,5.315215490491294,5.132367064194475,5.296299700620483,4439900
2020-10-22,5.34043550491333,5.34043550491333,5.163891755064509,5.163891755064509,5526700
2020-10-23,5.504368305206299,5.523284094136989,5.308909963346292,5.346740338601725,5001000
2020-10-26,4.993653297424316,5.378265263036749,4.949517365016513,5.252163028516516,12176200
2020-10-27,4.873856544494629,5.100840891508696,4.873856544494629,5.018874279996467,4324200
2020-10-28,4.665788173675537,4.84233133933673,4.646872684171799,4.80450066098076,5638400
2020-10-29,4.785584926605225,4.810805375967583,4.58382103105489,4.665787641808289,4359400
2020-10-30,4.7288384437561035,4.7666691152279785,4.602736205516521,4.7666691152279785,5603800
2020-11-02,5.018874645233154,5.044095096664356,4.779280055985238,4.829720958847642,5354900
2020-11-03,5.044094085693359,5.151281133118573,5.0188736393170075,5.088229716526257,3997000
2020-11-04,4.949517250061035,5.044094074080329,4.848635464787888,5.025178589015896,5029600
2020-11-05,5.031485080718994,5.094536211925697,4.962128686065867,4.974738912307208,3763700
2020-11-06,4.91168737411499,5.0630100764723815,4.880161660798126,5.031484663807,4163000
2020-11-09,5.176502704620361,5.245858796904327,5.088230822465586,5.163892178039821,8276200
2020-11-10,5.289994716644287,5.334130354383746,5.1260614888934875,5.189112314049433,5500000
2020-11-11,5.1828083992004395,5.3341311229413,5.157587945243629,5.28369021502768,3917300
2020-11-12,5.044094085693359,5.176501579494925,4.9873479310208495,5.138670609278961,3545800
2020-11-13,5.252164840698242,5.264775369152785,5.081926915683573,5.100842107062293,3379200
2020-11-16,5.441317558288574,5.472843272327457,5.296299514230906,5.359350942308672,4746300
2020-11-17,5.435013294219971,5.453928485598874,5.315216280416127,5.346741398946602,2331700
2020-11-18,5.353045463562012,5.592640038779897,5.353045463562012,5.453927263379446,3190300
2020-11-19,5.435013294219971,5.435013294219971,5.271080032127896,5.3530466631739335,4214200
2020-11-20,5.977251052856445,5.989861576379458,5.725046595424769,5.86375934766362,11737000
2020-11-23,6.15379524230957,6.2042361376315425,5.9772515073797665,6.071828637085641,6424900
2020-11-24,6.2042365074157715,6.330338753236632,6.0592184737445764,6.30511830407246,8304500
2020-11-25,6.122270584106445,6.21684712875601,6.07182968011961,6.204237203410804,4792700
2020-11-27,6.0907440185546875,6.179015888860887,6.0592183076379795,6.11596446702747,1888400
2020-11-30,5.838540554046631,6.084439819298679,5.800709574075455,6.071829893510305,6479000
2020-12-01,5.907896041870117,6.05291408199975,5.888980854480327,5.939421755055077,3508300
2020-12-02,5.989862442016602,6.00247296736205,5.8322344830161645,5.876370119119345,2556000
2020-12-03,6.078134059906006,6.172710590807612,5.970947004189295,6.046608349171164,4928000
2020-12-04,6.14749002456665,6.2105414448269585,6.115964314436496,6.14749002456665,5694000
2020-12-07,5.989862442016602,6.103354764913858,5.939421543240697,6.103354764913858,4568300
2020-12-08,6.027693271636963,6.078134169198534,5.93942140025275,5.964641849033535,3407800
2020-12-09,5.99616813659668,6.06552422708357,5.926811444806801,6.052914302132765,2532100
2020-12-10,5.9394211769104,5.970946887026641,5.876369756677919,5.920505991361819,2694400
2020-12-11,5.8700666427612305,5.964643196732827,5.832235660390753,5.907897023828643,2328900
2020-12-14,5.920507431030273,6.040304437039105,5.901591639579101,5.939422621178394,2955900
2020-12-15,6.027693271636963,6.033997932854962,5.8889805026911795,5.93942140025275,2466200
2020-12-16,6.052914142608643,6.078134593148555,5.9835574526466555,6.040303616687201,2194200
2020-12-17,6.3303375244140625,6.330337524414062,6.0970482646050135,6.179014858803245,6069600
2020-12-18,6.273592472076416,6.462746137834599,6.179015939848788,6.437525689153704,8917600
2020-12-21,6.336644649505615,6.336644649505615,6.160101487702435,6.216847053019065,5036700
2020-12-22,6.260982513427734,6.387084756128092,6.2483719885062365,6.368169570048769,2948600
2020-12-23,6.443831443786621,6.487967082023244,6.279898214189204,6.286203477166715,5295100
2020-12-24,6.374474048614502,6.469051178907872,6.317728492001969,6.450135392067454,1266300
2020-12-28,6.41230583190918,6.4879671849304605,6.374474854747047,6.418611094986698,3371300
2020-12-29,6.273592472076416,6.431220426657748,6.21054165102564,6.418610502968764,6167700
2020-12-30,6.312201023101807,6.408717608733988,6.202815232112008,6.2864632260240585,4852700
2020-12-31,6.395847320556641,6.421585113276969,6.267158356955,6.305765352854183,3469600
2021-01-04,6.099861145019531,6.402280607618105,6.067689370952726,6.402280607618105,7254600
2021-01-05,6.080557823181152,6.202812771021461,6.0741232230554,6.112730210172667,3938400
2021-01-06,6.1706414222717285,6.305764979461524,6.08699344747449,6.112731238670768,6600100
2021-01-07,6.228552341461182,6.2735933279646465,6.1835107413202985,6.2092485355561955,3579000
2021-01-08,6.209248065948486,6.267158252008839,6.138469290562149,6.254289662682856,2721100
2021-01-11,6.1384687423706055,6.254289104148059,6.09342776329596,6.138468742370606,2278400
2021-01-12,6.144904613494873,6.20924879495395,6.112732215946613,6.138470011257732,2716000
2021-01-13,6.074123382568359,6.2156815208661484,6.061254795616157,6.164205945782818,2796600
2021-01-14,6.189944744110107,6.202813946801043,6.061255785387546,6.099862166185635,2625800
2021-01-15,6.048387050628662,6.170642031101343,6.03551846057951,6.170642031101343,3299400
2021-01-19,6.099861145019531,6.106295745287795,6.041951583516927,6.0741233575837335,3460300
2021-01-20,6.144904613494873,6.215683397191091,6.0676912275615145,6.125601420420894,3840500
2021-01-21,6.286460876464844,6.325067250833624,6.151337338899601,6.20924690045277,3417500
2021-01-22,6.2993292808532715,6.318632467478355,6.183508933828295,6.260722293965866,3723800
2021-01-25,6.318633556365967,6.3829783410544065,6.228551594166964,6.292895765218059,3512900
2021-01-26,6.305763244628906,6.440886764643711,6.299328645190779,6.370107398098656,3388200
2021-01-27,6.048387050628662,6.247855412308475,6.022649256892952,6.234986208621916,6421700
2021-01-28,6.280026912689209,6.305764702756078,6.0934277812950794,6.106296369509855,4324700
2021-01-29,6.041953086853027,6.273593231411045,5.996911487405356,6.267158629541748,5004700
2021-02-01,6.209248065948486,6.209248065948485,6.003345727633782,6.112731498272812,4415600
2021-02-02,6.395847320556641,6.402281922146067,6.215682771514344,6.273592958544428,5643000
2021-02-03,6.305763244628906,6.421582966329327,6.305763244628907,6.415148980528376,4110800
2021-02-04,6.43445348739624,6.473060478321031,6.331502329779869,6.357240119183961,4525700
2021-02-05,6.447324275970459,6.473062071710088,6.370110275114116,6.447324275970459,3276900
2021-02-08,6.511667728424072,6.530970919655191,6.434454349862212,6.4537575410933306,4144100
2021-02-09,6.164206027984619,6.344370543178832,6.061254876445068,6.286460980665785,13498600
2021-02-10,6.32506799697876,6.357240388506174,6.183509842440538,6.202813645539383,6131500
2021-02-11,6.15133810043335,6.331502634945568,6.0998619055068115,6.3186334328046,6345400
2021-02-12,6.267157077789307,6.305764065808563,6.132033540177792,6.164205927920963,4447000
2021-02-16,6.485929489135742,6.485929489135742,6.331502742641401,6.370109122446315,6449800
2021-02-17,6.415151119232178,6.492364497319828,6.280027554169442,6.440888911928061,6854200
2021-02-18,6.267157077789307,6.428018402867906,6.215681502855135,6.376542827933735,6625100
2021-02-19,6.3701090812683105,6.42158466310034,6.28002711988093,6.292895708520267,3059500
2021-02-22,6.395847320556641,6.479495300307052,6.331503145574511,6.331503145574511,5367100
2021-02-23,6.357241153717041,6.415151342709477,6.209248380332219,6.376544345502052,5280000
2021-02-24,6.724004745483398,6.736873948868028,6.389413434769133,6.402282024516371,9270100
2021-02-25,6.511667728424072,6.917038426101878,6.4923645371929535,6.743307864109653,9061300
2021-02-26,6.61461877822876,6.730439150760861,6.492364417829498,6.537405401086483,6065500
2021-03-01,6.769045829772949,6.833390000898784,6.711135646213556,6.717569633779998,5284500
2021-03-02,6.833389759063721,6.884865339597595,6.717569396043841,6.736873198972037,3949800
2021-03-03,6.762610912322998,6.942775442142419,6.762610912322998,6.839824282245607,3884900
2021-03-04,6.640356063842773,6.865562190215568,6.5181017127735,6.826955197772082,5333100
2021-03-05,6.691832542419434,6.7819151277810565,6.312200236255061,6.7240049381655425,5780400
2021-03-08,6.839824199676514,6.968513147994019,6.7304384401973065,6.756176229860808,4694600
2021-03-09,6.826955318450928,6.897734703575586,6.743307344709184,6.884865501321162,3699000
2021-03-10,6.910604000091553,6.987817380615562,6.852693811289195,6.897735410156252,3133000
2021-03-11,6.974948883056641,7.0006866769055165,6.86556310578957,6.910604091615749,3849900
2021-03-12,7.032857418060303,7.116505381799293,6.9813818424728105,6.987815829193298,5205500
2021-03-15,7.1615471839904785,7.174415772554687,7.013554426859404,7.084333811693223,3608300
2021-03-16,7.1551127433776855,7.206588326063778,7.090768571838744,7.161547344622784,3917400
2021-03-17,7.290236949920654,7.290236949920654,7.090769202675552,7.1100723944908255,3239200
2021-03-18,7.084334373474121,7.322409110345757,7.065030568641032,7.2902367159279935,3753300
2021-03-19,7.110071659088135,7.238760613941855,6.968513501930372,7.045726874842604,6248700
2021-03-22,7.167982578277588,7.174416566452989,7.05216220019672,7.129375581038164,3372300
2021-03-23,6.9234724044799805,7.161547120357125,6.859127621318663,7.129374728776466,5628400
2021-03-24,6.9492106437683105,7.167982184279353,6.9492106437683105,6.994251626707395,3291100
2021-03-25,7.071465969085693,7.110072969475755,6.762612420515004,6.904169990124509,4830600
2021-03-26,7.135809898376465,7.180850881995697,7.019989524912863,7.116506707344991,3189600
2021-03-29,7.02642297744751,7.148677318837926,6.987815988060533,7.0778985542052935,2446900
2021-03-30,7.270932197570801,7.2709321975708,7.045726091390655,7.058595292263702,4762700
2021-03-31,7.238761901855469,7.386754072858539,7.23232729955861,7.264499697405458,5725600
2021-04-01,7.343576908111572,7.343576908111572,7.2125587122196695,7.291169629754812,3593200
2021-04-05,7.2715163230896,7.395983440446078,7.219109050019085,7.343576167375564,3959800
2021-04-06,7.206007480621338,7.2977205280098225,7.1929053489612595,7.271516889433688,4220100
2021-04-07,7.2191081047058105,7.2191081047058105,7.114292947545931,7.206005975781865,3200900
2021-04-08,7.212556838989258,7.2387604713620854,7.088089116660423,7.179802142337255,3545000
2021-04-09,7.206007480621338,7.238762185027513,7.186354907875243,7.206007480621339,2538400
2021-04-12,7.206007480621338,7.238762185027513,7.166701710385125,7.212558546451378,2167000
2021-04-13,7.160150051116943,7.186353685234959,7.081539148762895,7.166700491088509,3331000
2021-04-14,6.806401252746582,7.107743382914957,6.786748056941013,6.911215798067065,14935500
2021-04-15,6.826053142547607,6.91776617292178,6.740891176788142,6.793298444217982,38455500
2021-04-16,6.8719096183776855,7.009478857032495,6.86535855350271,6.885011748127635,16177000
2021-04-19,6.773646354675293,6.917766662682669,6.734340588948208,6.898113467447151,13654900
2021-04-20,6.695034980773926,6.858807847844513,6.655729217789665,6.852256783223153,13088500
2021-04-21,6.8195013999938965,6.832603527920804,6.596770223187235,6.675381116517143,10754700
2021-04-22,6.708136081695557,6.858807435202588,6.708136081695557,6.826052738810288,5572100
2021-04-23,6.83260440826416,6.871909547621442,6.7081366758969425,6.747442439998149,7194100
2021-04-26,6.7801971435546875,6.904664251256234,6.740891379428767,6.8588080470626,10472000
2021-04-27,6.957071304321289,6.963622368929592,6.79329843757716,6.806400566793766,9646100
2021-04-28,6.970174312591553,7.016030521145081,6.9374196101630385,6.983275818716566,5156300
2021-04-29,6.983275413513184,7.055335879623415,6.917766637201278,7.042233749514664,8831600
2021-04-30,7.022580623626709,7.048784257027619,6.94396972342398,6.97017335682489,5484300
2021-05-03,7.0291314125061035,7.114293381474426,7.0225809723884876,7.094640811633715,5699800
2021-05-04,6.963622093200684,7.088089192110551,6.891562259594328,7.061885559458795,5576500
2021-05-05,6.904664516448975,6.957071787467097,6.740891638331358,6.898113451385722,8579400
2021-05-06,6.81295108795166,6.9439698827054315,6.681932917941805,6.924316688646017,8757400
2021-05-07,6.937419891357422,6.963623529413548,6.767095931620599,6.780198063020667,4845900
2021-05-10,6.799849510192871,7.016029644570178,6.799849510192871,6.976723881617983,6025400
2021-05-11,6.721238136291504,6.79984903192286,6.662279808382022,6.721238136291504,7950200
2021-05-12,6.478854179382324,6.727788986677199,6.465752051488141,6.714686858783017,9970600
2021-05-13,6.609872817993164,6.747442047223472,6.505058286149861,6.51815979025833,8783400
2021-05-14,6.773646354675293,6.812951495658426,6.636077111746424,6.6557296822379906,4580700
2021-05-17,6.8391547203063965,6.858807914361078,6.71468761501299,6.753993378378437,4465100
2021-05-18,6.799849510192871,6.898112980457499,6.793298445576855,6.852256777633194,3339500
2021-05-19,6.826053142547607,6.832604207162315,6.66883134025809,6.7146875430732225,4268200
2021-05-20,6.793297290802002,6.85225561283617,6.75399215927509,6.839153485831332,4611700
2021-05-21,6.714688301086426,6.845706484451512,6.708137235732178,6.8195028477784945,4105600
2021-05-24,6.7801971435546875,6.799849713245684,6.681933045611851,6.75399350905205,3499900
2021-05-25,6.708136081695557,6.87846000314042,6.695034577984959,6.793298042417988,4621300
2021-05-26,6.845704078674316,6.852255141726333,6.6884823138884615,6.721237004404787,5334700
2021-05-27,6.937419891357422,6.9701745951135825,6.871910483845102,6.871910483845102,6573900
2021-05-28,6.930869102478027,6.976725314721754,6.898114397413637,6.943971234401398,4164300
2021-06-01,7.03568172454834,7.061885356446805,6.963621893013528,6.963621893013528,5175300
2021-06-02,7.0291314125061035,7.074988241793004,7.009478842665392,7.074988241793004,4654800
2021-06-03,6.996376991271973,7.055335322618811,6.970173357867145,7.009478495602437,3464400
2021-06-04,7.081538200378418,7.081538200378417,6.970172614105341,7.022579875322808,5542000
2021-06-07,7.1863532066345215,7.1994547104490305,7.08153867714295,7.08153867714295,7749200
2021-06-08,7.343576908111572,7.350127974092177,7.179804007060684,7.1994565802584605,8375100
2021-06-09,7.2780656814575195,7.4287370376892365,7.2780656814575195,7.376329772411392,5365300
2021-06-10,7.264965057373047,7.376330665761976,7.25186292709484,7.369779600622872,3084000
2021-06-11,7.232210636138916,7.284617909790764,7.14049759487619,7.284617909790764,3398300
2021-06-14,7.199456214904785,7.291169259746938,7.199456214904785,7.251863490602013,3449400
2021-06-15,7.1470489501953125,7.212558357289565,7.107743805733968,7.212558357289565,4250600
2021-06-16,7.16670036315918,7.21910825520362,7.107742656004007,7.147047794107455,4116300
2021-06-17,6.976723670959473,7.212556992063968,6.911214901009026,7.179802294716801,6326700
2021-06-18,6.806401252746582,6.930868369128663,6.760544420610892,6.917766863335588,9307800
2021-06-21,7.002927780151367,7.00947884501511,6.793298702463028,6.826053402037814,3856700
2021-06-22,6.976723670959473,7.00947836830664,6.891562332498281,6.996376864214106,4536100
2021-06-23,6.898113250732422,6.963622649971502,6.885011745730965,6.9570715850988085,4648200
2021-06-24,6.983275413513184,6.98982647856756,6.898113442038151,6.937419207620454,2762300
2021-06-25,7.042233943939209,7.048785009174448,6.976724541074746,6.983275606309985,6510300
2021-06-28,6.8719096183776855,7.048784621538412,6.826053413740726,7.029131426913488,4744200
2021-06-29,6.858809947967529,6.943971939889552,6.858809947967529,6.911217231497374,3667400
2021-06-30,6.937419891357422,6.963623529413548,6.8457068457889765,6.865359418145068,4221000
2021-07-01,7.024219989776611,7.077636058105959,6.904033517650698,6.944095250512827,4067500
2021-07-02,6.984157562255859,7.084312530350801,6.9841575622558585,7.084312530350801,5626600
2021-07-06,6.8439412117004395,7.017543775748824,6.810556005265004,7.017543775748824,8458300
2021-07-07,6.810555934906006,6.884003515659156,6.737108990922699,6.823910272050158,5168800
2021-07-08,6.6836934089660645,6.790525566921305,6.5568297438168,6.697047110325525,6452000
2021-07-09,6.957448482513428,6.964125649188024,6.763815106337781,6.770492273012377,5054000
2021-07-12,6.904034614562988,6.957450691379076,6.8506185377469,6.924065484176555,4616200
2021-07-13,6.5968918800354,6.843941395459101,6.5968918800354,6.823910525767954,15818600
2021-07-14,6.4566731452941895,6.69036891013894,6.4366422798636975,6.6169213422775846,7649500
2021-07-15,6.4499969482421875,6.550152564001682,6.396580874545054,6.4366432482028175,5876900
2021-07-16,6.416612148284912,6.536798640079779,6.356519539157347,6.49005973183505,4966600
2021-07-19,6.216301441192627,6.316456414642829,5.995959353416557,6.309779246607538,13300300
2021-07-20,6.336486339569092,6.409933903494039,6.20294618257332,6.249685078329415,6735900
2021-07-21,6.463351726531982,6.543475842550577,6.42328935013775,6.429966518998434,5631800
2021-07-22,6.303101062774658,6.463349885947248,6.296424532585137,6.4433183850696185,4689500
2021-07-23,6.289748191833496,6.409934665807949,6.27639385616088,6.356518596657031,3293700
2021-07-26,6.363195419311523,6.409934959537706,6.2763941437712445,6.2763941437712445,3513300
2021-07-27,6.303101062774658,6.343163427760228,6.216300439383686,6.309778229733868,4105400
2021-07-28,6.323134422302246,6.38990420121188,6.2363331366268335,6.289749214462491,4994000
2021-07-29,6.590214252471924,6.630276625835353,6.436643200913395,6.443319732499115,10930800
2021-07-30,6.516765594482422,6.643628575975389,6.503411261288607,6.603566849933253,7222200
2021-08-02,6.470027446746826,6.6836923660883825,6.470027446746826,6.543475021458214,5440700
2021-08-03,6.490059852600098,6.5034135537314155,6.3097801115532075,6.470028345748301,4508300
2021-08-04,6.356517791748047,6.476703613733915,6.349840624757251,6.429964718337727,4250400
2021-08-05,6.490059852600098,6.510090722682015,6.363196189618239,6.383227696470035,3149900
2021-08-06,6.536797046661377,6.6102439755381255,6.490058149809784,6.530119879462661,5947600
2021-08-09,6.463351726531982,6.543475842550577,6.429966518998434,6.543475842550577,2930500
2021-08-10,6.563505172729492,6.596890372431712,6.429965010690332,6.470026740917219,2979400
2021-08-11,6.6703386306762695,6.677015799300333,6.543475610668296,6.5902145174970475,3929000
2021-08-12,6.636952877044678,6.670338080642216,6.583536805996536,6.650307213191611,2229900
2021-08-13,6.6503071784973145,6.717077585344051,6.636952842420049,6.677015213882051,2574500
2021-08-16,6.563505172729492,6.630275572133932,6.510089107913828,6.6035675397261,4181200
2021-08-17,6.510089874267578,6.563505945371267,6.429965767612045,6.530120741739013,3290900
2021-08-18,6.4967360496521,6.570183630780195,6.476705180603458,6.4967360496521,2942200
2021-08-19,6.343163967132568,6.4767041338235165,6.303101598740413,6.443318932958343,4638900
2021-08-20,6.476705074310303,6.490059411303461,6.316456851011411,6.343164888227893,3062600
2021-08-23,6.583536148071289,6.6035676502898415,6.523443551724825,6.55015158457983,3361600
2021-08-24,6.984157562255859,6.9841575622558585,6.697045719788047,6.810555023239519,12744600
2021-08-25,7.0642828941345215,7.12437614016296,6.9240655323247875,6.997512479265175,7773700
2021-08-26,7.017543315887451,7.111021123657228,6.977480943436257,7.111021123657228,4165700
2021-08-27,7.184467792510986,7.257914723159153,7.017542429135377,7.050927629164445,5169900
2021-08-30,7.191145420074463,7.271269523210001,7.15108305012181,7.2178534544529755,4125000
2021-08-31,7.2913007736206055,7.3647477128353716,7.177791462344275,7.177791462344275,7147600
2021-09-01,7.3914570808410645,7.4114885888671855,7.304655789704287,7.364749040242819,6555400
2021-09-02,7.338039875030518,7.418163984545586,7.304654670206785,7.398133116359274,5088800
2021-09-03,7.338039875030518,7.358071379986649,7.25123859719674,7.311331838525495,4399900
2021-09-07,7.277945518493652,7.4315171824429305,7.271268987967813,7.351393085205372,5011400
2021-09-08,7.271270275115967,7.338040049581879,7.217854200835303,7.277946806823675,4416300
2021-09-09,7.284624099731445,7.351394512107711,7.23120802453837,7.257916062134908,3068100
2021-09-10,7.237884044647217,7.324685312255096,7.224529709583046,7.324685312255096,2779600
2021-09-13,7.331360340118408,7.391453562048824,7.251236256467726,7.264590588794313,4528900
2021-09-14,7.271270275115967,7.351394386536962,7.264593106638426,7.351394386536962,3221300
2021-09-15,7.344717502593994,7.344717502593994,7.231208181157771,7.271270556805203,3684000
2021-09-16,7.318009853363037,7.39813397214655,7.311332684271938,7.331363554775343,3700700
2021-09-17,7.338039875030518,7.371425079854251,7.311331838525495,7.311331838525495,6439300
2021-09-20,7.264593124389648,7.264593124389648,7.151083807073417,7.2111770499784615,5109500
2021-09-21,7.284624099731445,7.391456250117595,7.257916062134908,7.284624099731444,4331700
2021-09-22,7.431518077850342,7.4916113172114445,7.304654431028059,7.344716802858726,5966300
2021-09-23,7.43819522857666,7.511642167196566,7.431518060492179,7.478256963543956,3703700
2021-09-24,7.3914570808410645,7.478258371977842,7.3914570808410645,7.431519460123391,4440300
2021-09-27,7.4849348068237305,7.558381752069082,7.438195899555765,7.444872431472722,5793100
2021-09-28,7.338039875030518,7.504965262379364,7.324686175162916,7.4849343941930515,5860200
2021-09-29,7.3580708503723145,7.384778884954963,7.291300445530804,7.364747381440647,5298700
2021-09-30,7.344717502593994,7.444872486557787,7.324686633155207,7.378102709505211,5875800
2021-10-01,7.467698574066162,7.501859527485773,7.365213759072068,7.372046210387358,5645400
2021-10-04,7.385709762573242,7.556517104753603,7.378877312507235,7.447199858432398,5649000
2021-10-05,7.4267048835754395,7.495028096936948,7.3652141218657725,7.4267048835754395,5077100
2021-10-06,7.481363773345947,7.495028677708491,7.269562968354557,7.372047144759616,4938900
2021-10-07,7.501857280731201,7.611174514300826,7.495025483040407,7.501857280731201,4138800
2021-10-08,7.577014923095703,7.624840777468797,7.508691715495515,7.515524166571213,3344100
2021-10-11,7.59067964553833,7.679499560308647,7.577015394115902,7.597512097038764,2656600
2021-10-12,7.699995517730713,7.7751505158641185,7.590678268293504,7.638504768540508,5213800
2021-10-13,7.734157562255859,7.7478224647144875,7.631673400129791,7.699996609266111,3818200
2021-10-14,7.7409892082214355,7.795647509213245,7.720492508244092,7.775150809235902,2433400
2021-10-15,7.734157562255859,7.836642375960339,7.7341575622558585,7.7888158689335505,3326500
2021-10-18,7.74782133102417,7.768318030134547,7.693163032344287,7.740988880794606,2896400
2021-10-19,7.734157562255859,7.802480771392179,7.720493311375642,7.781984069282648,2290900
2021-10-20,7.8093132972717285,7.87763585548274,7.665835077976659,7.6931642315767474,2920100
2021-10-21,7.795647144317627,7.843472992552261,7.7409888458842415,7.788814694118876,2212100
2021-10-22,7.850306034088135,7.891300086790275,7.775151030975635,7.870803386228386,4213800
2021-10-25,7.932292461395264,7.986950756872539,7.843472568350121,7.870802367667038,4077700
2021-10-26,7.904966354370117,7.945960417535933,7.884469648576474,7.918631259284899,3272100
2021-10-27,7.734157562255859,7.939126538086407,7.720493311375642,7.925462287206191,5584200
2021-10-28,7.775150775909424,7.781983226398701,7.618007672547773,7.74782162553066,4022900
2021-10-29,7.7614850997924805,7.829808294705135,7.734155952143074,7.788814247441887,3845600
2021-11-01,7.898133277893066,7.952791585567474,7.768319308482528,7.788816010965825,4129400
2021-11-02,7.925460338592529,7.98011863183152,7.802478853015677,7.973286182282083,5174500
2021-11-03,7.9527907371521,8.068939791463873,7.898132435308719,7.939125835902078,5215000
2021-11-04,7.795647144317627,8.007448539430731,7.768317995100935,7.973286940015287,4809600
2021-11-05,7.870803356170654,7.939125908308821,7.829809303625066,7.870803356170654,3955500
2021-11-08,7.795647144317627,7.918628641581901,7.788814694118876,7.891299492365208,4747100
2021-11-09,7.795647144317627,7.863970343148516,7.7614855449021825,7.7614855449021825,3702500
2021-11-10,7.7614850997924805,7.8503049925476205,7.747820851756916,7.795646697248808,3658800
2021-11-11,7.802479267120361,7.836640865102368,7.768317669138355,7.788814367296244,2285900
2021-11-12,7.7614850997924805,7.836640744512056,7.740988401949995,7.816143395091293,2291400
2021-11-15,7.788815498352051,7.863971155141878,7.7819836990261955,7.795647949256286,3625900
2021-11-16,7.720492839813232,7.809312745634025,7.693163688143633,7.795647844010039,2891600
2021-11-17,7.604344367980957,7.727325885754918,7.542853609093976,7.720493434416715,4701700
2021-11-18,7.62484073638916,7.638505638466936,7.508691675041644,7.60434403485089,3806500
2021-11-19,7.577014923095703,7.611176526895798,7.536020868219911,7.556518221447006,3031600
2021-11-22,7.645336627960205,7.7068273776389145,7.549684929862948,7.618007478278371,4037500
2021-11-23,7.645336627960205,7.69316312858716,7.563349178914702,7.652169078275246,4401200
2021-11-24,7.672666072845459,7.713660124734606,7.604343521801346,7.659001823267976,4017000
2021-11-26,7.522353649139404,7.590676178199429,7.372043042682326,7.590676178199429,4541400
2021-11-29,7.536020278930664,7.645336881280088,7.467697728251447,7.6180077306927325,3391200
2021-11-30,7.262729167938232,7.467698134276924,7.2354000158649665,7.440368982203657,7340500
2021-12-01,7.17390775680542,7.5086899624108945,7.17390775680542,7.399373377035902,5246600
2021-12-02,7.454033374786377,7.5018592289332355,7.180741848835189,7.194406099343552,5135600
2021-12-03,7.44036865234375,7.501858753098723,7.399374600262082,7.481362052847065,5599500
2021-12-06,7.5838470458984375,7.693163652064163,7.460865538172811,7.515523841255674,6282200
2021-12-07,7.7409892082214355,7.795647509213245,7.624840155719253,7.645336855696596,3879300
2021-12-08,7.775150775909424,7.870803128024271,7.6999957752624075,7.734156724552107,3987200
2021-12-09,7.6931633949279785,7.761485945708761,7.6931633949279785,7.754654146735525,2564600
2021-12-10,7.597511291503906,7.7409894999083715,7.549685439228541,7.734157049132357,4002700
2021-12-13,7.495026111602783,7.583846004814138,7.4267029163391935,7.583846004814138,4957600
2021-12-14,7.413039207458496,7.5838465564637305,7.406206757119488,7.467697507013905,4620900
2021-12-15,7.515524387359619,7.515524387359619,7.331052112366788,7.433536926777833,5463900
2021-12-16,7.447199821472168,7.597510464286823,7.3925415243719845,7.590678014254725,7242900
2021-12-17,7.3105549812316895,7.454033191727062,7.269561579134941,7.426704039803104,8628300
2021-12-20,7.160244464874268,7.2422325738849915,6.941611245054715,7.173909366902186,12205100
2021-12-21,7.4062066078186035,7.440368207246656,7.228566812055382,7.228566812055382,5246700
2021-12-22,7.413039207458496,7.481361756113594,7.324219307786375,7.399374306780481,3774500
2021-12-23,7.536020278930664,7.54285272947209,7.42670367658124,7.447200376627171,3557500
2021-12-27,7.515524387359619,7.55651844343972,7.392542870697731,7.5496859921633,3901200
2021-12-28,7.556517124176025,7.597510521520828,7.447199877573845,7.447199877573845,3843600
2021-12-29,7.522353649139404,7.563347036259791,7.488192058820322,7.556515239458487,3726100
2021-12-30,7.522353649139404,7.62022771021725,7.501380064579548,7.522353649139404,3678900
2021-12-31,7.487400054931641,7.564301215763959,7.48040885847856,7.529346566932936,3170100
2022-01-03,7.669167518615723,7.669167518615723,7.508373326312464,7.515364523090263,5181000
2022-01-04,7.6761579513549805,7.801996824891034,7.655185028004709,7.683149148044142,6231500
2022-01-05,7.466427326202393,7.725095601229621,7.459436129567742,7.67615789150427,5565000
2022-01-06,7.529348373413086,7.578285426891502,7.445455329282445,7.515365977152196,3333300
2022-01-07,7.599256992340088,7.620229916254515,7.536337553879576,7.543328750756795,3813900
2022-01-10,7.613240718841553,7.6551865740133005,7.536338873164437,7.599258322639406,4287000
2022-01-11,7.76704216003418,7.774033357310097,7.620230350826245,7.634212745378081,4430100
2022-01-12,7.85093355178833,7.871907141010312,7.767041195051961,7.774032391459288,4613100
2022-01-13,7.802000045776367,7.9208477716869465,7.795008846201042,7.871910708094645,2752400
2022-01-14,7.788015365600586,7.795005895812526,7.67615821488547,7.795005895812526,3505000
2022-01-18,7.711112976074219,7.795005333015627,7.690140053518164,7.781023606883987,3098400
2022-01-19,7.592267036437988,7.746070059290148,7.592267036437988,7.732088329967591,3312900
2022-01-20,7.487400054931641,7.676157692144491,7.473417662025479,7.592265334859092,3642600
2022-01-21,7.340588569641113,7.466427444184471,7.298642055887589,7.459436247439347,7019900
2022-01-24,7.305632591247559,7.326605512867015,6.9071437468920855,7.221740238052572,14784400
2022-01-25,7.3615617752075195,7.403508290568168,7.095902289169392,7.207759441225375,5764500
2022-01-26,7.375546455383301,7.61324189376364,7.291654065375671,7.480411776213474,7927000
2022-01-27,7.186786651611328,7.487401489519783,7.13784960049779,7.445454969481524,5640600
2022-01-28,7.242713928222656,7.2566963219307885,7.046965083329403,7.165812762979614,6912100
2022-01-31,7.445454120635986,7.445454120635986,7.19377702925173,7.20076822624727,6982200
2022-02-01,7.403509616851807,7.487401995884557,7.326607769367098,7.431473743196057,5013900
2022-02-02,7.3615617752075195,7.424481214889871,7.256696486881762,7.41049948758115,5154200
2022-02-03,7.158822059631348,7.333597992728113,7.144840331676589,7.305633870101321,7524100
2022-02-04,7.158822059631348,7.207759774266188,7.01900144649739,7.130857937004556,8679000
2022-02-07,7.130857467651367,7.249705147671993,7.109884543741031,7.207759299851319,6790000
2022-02-08,7.662177085876465,7.676158814109036,7.270678694605133,7.270678694605133,11697400
2022-02-09,7.564302444458008,7.662177210547682,7.5363383208205725,7.627221889321563,6104500
2022-02-10,7.5013837814331055,7.683150937379937,7.459437924963755,7.508374979750452,6150400
2022-02-11,7.396517753601074,7.613240213322559,7.326607110667098,7.536338372751724,5331600
2022-02-14,7.347580909729004,7.438464481406176,7.277670264833542,7.396517961125435,6712800
2022-02-15,7.494390964508057,7.51536388634729,7.389525021877563,7.4035074142484945,3503700
2022-02-16,7.564302444458008,7.592266568095444,7.473418875957017,7.494392468723068,3187600
2022-02-17,7.3266072273254395,7.529347961718662,7.298643103050049,7.529347961718662,4520100
2022-02-18,7.340588569641113,7.410499203657916,7.298642055887589,7.31961564612296,3866400
2022-02-22,7.23572301864624,7.361561221834363,7.151829994231234,7.3196153763440535,6374700
2022-02-23,7.060946941375732,7.312624008574181,7.039973352404645,7.291651086320272,5321900
2022-02-24,7.1797966957092285,7.2077608224025,6.788298255286055,6.823253580331987,7917500
2022-02-25,7.3266072273254395,7.326607227325439,7.179796074917624,7.200769001444838,4767500
2022-02-28,7.256697654724121,7.2986435101180005,7.130858755107782,7.207760601192145,6440400
2022-03-01,7.074930667877197,7.256697823388342,7.0190024149072086,7.228733696903348,5820000
2022-03-02,7.3266072273254395,7.354572018318143,7.109885430870491,7.109885430870491,4996400
2022-03-03,7.284660339355469,7.417489744113466,7.214749705240385,7.375543897018191,3666700
2022-03-04,7.130857467651367,7.200768102975464,7.067938029203127,7.165812785313416,4370900
2022-03-07,6.942101001739502,7.123867484458428,6.942101001739502,7.1098857550419,5954100
2022-03-08,7.0469651222229,7.179795196314356,6.914135714848675,6.921126245024095,5080000
2022-03-09,7.207758903503418,7.319615380497305,7.1797947842549465,7.186785314029169,4660300
2022-03-10,7.221742153167725,7.242715080348939,7.081921527430744,7.130858579759354,3321400
2022-03-11,7.1658124923706055,7.277668970942613,7.1448395693176545,7.256696047889663,2383100
2022-03-14,7.144840240478516,7.270678457334218,7.074929601445253,7.235723804534852,4083500
2022-03-15,7.242713928222656,7.2566963219307885,7.137848642280578,7.144839839134644,3702500
2022-03-16,7.375546455383301,7.4384659145683845,7.221743407010589,7.312626996198216,4762600
2022-03-17,7.31961727142334,7.368554326071106,7.291653144950707,7.326607803003474,2858400
2022-03-18,7.494390964508057,7.51536388634729,7.270677353593302,7.284659745964234,13636200
2022-03-21,7.389525413513184,7.536337207602984,7.34757956761164,7.494391361701441,4276600
2022-03-22,7.5013837814331055,7.585276827806541,7.452446726646407,7.452446726646407,6777300
2022-03-23,7.4244818687438965,7.550320759190891,7.410500140203843,7.515365437764803,3900800
2022-03-24,7.480408668518066,7.48739986479361,7.36156099870252,7.438462824299152,3778200
2022-03-25,7.585277557373047,7.606250487624939,7.501384502930617,7.508375701920391,7313300
2022-03-28,7.55731201171875,7.606249062040389,7.452446046678702,7.606249062040389,5172300
2022-03-29,7.864917278289795,7.864917278289795,7.620230696278304,7.620230696278304,7443000
2022-03-30,7.795006275177002,7.871908111706101,7.7530604249950095,7.829961594806841,5808600
2022-03-31,7.6761579513549805,7.822969748241305,7.669167421383031,7.7950056282018725,6868000
2022-04-01,7.754851341247559,7.754851341247559,7.63323461605355,7.711927510252141,6323200
2022-04-04,7.776313304901123,7.797774880347621,7.661850659518221,7.769159219001896,6457300
2022-04-05,7.63323450088501,7.847852288121693,7.597464755970373,7.790620969158729,4390900
2022-04-06,7.425772190093994,7.611774352691542,7.404310612025435,7.597466179144993,6614900
2022-04-07,7.332770347595215,7.461541167141659,7.218307700110017,7.425771419239736,6321800
2022-04-08,7.382848739624023,7.454388246613153,7.261231987093284,7.332771494082414,3925800
2022-04-11,7.382848739624023,7.518773666453109,7.354233073278632,7.375695334726152,3965000
2022-04-12,7.404309272766113,7.5187719114299405,7.354231356662332,7.390001101807563,3899300
2022-04-13,7.533080101013184,7.547388273302961,7.382847703226541,7.418617451699781,3478000
2022-04-14,7.62608003616333,7.64754160914425,7.547387147065886,7.568848720046806,3557500
2022-04-18,7.690466403961182,7.7262361515926345,7.583157843318014,7.583157843318014,3025200
2022-04-19,7.504464149475098,7.754851696887046,7.48300257411873,7.719081949792313,5188500
2022-04-20,7.661850929260254,7.6904665916134185,7.504464445192246,7.504464445192246,2756600
2022-04-21,7.604619979858398,7.754852385189609,7.568850229588827,7.690466971154628,3334000
2022-04-22,7.411463260650635,7.597465404277783,7.4043098568582035,7.583157914441723,3590400
2022-04-25,7.418618202209473,7.447233867432748,7.204000371909277,7.368540958631561,5516500
2022-04-26,7.211153507232666,7.461541056584972,7.211153507232666,7.404309733690362,6073100
2022-04-27,7.304153919219971,7.404309066384752,7.203998772055189,7.2469226014832735,4334700
2022-04-28,7.5616960525512695,7.597465802392583,7.339924831587341,7.3613864085916365,4620100
2022-04-29,7.440078258514404,7.626080385540049,7.418616684550257,7.561694981396469,6501900
2022-05-02,7.468692779541016,7.554540426815388,7.296998849494332,7.440077124533235,9494600
2022-05-03,8.248472213745117,8.277087875630352,7.79777502736426,7.8335447752836025,18831400
2022-05-04,8.398703575134277,8.405857660287555,8.126854479569738,8.234163710115565,8307400
2022-05-05,8.10539436340332,8.298550603757304,7.969470132312589,8.248472680933364,7909900
2022-05-06,7.962316989898682,8.126856904003546,7.905085656101223,8.098241237104816,8342000
2022-05-09,7.762007713317871,7.9337017233747975,7.669006620640866,7.883624474337698,8205700
2022-05-10,7.797776222229004,8.012394060380077,7.697621731409456,7.897931395299851,7754700
2022-05-11,7.669004440307617,7.940853553402137,7.661850354693014,7.812082741343903,6619700
2022-05-12,7.490157604217529,7.647543419672949,7.3613867713437635,7.640390015153168,8575100
2022-05-13,7.769160747528076,7.78346892214156,7.554543586336352,7.554543586336352,7528800
2022-05-16,7.840699672698975,7.890776915617495,7.669005683620105,7.776314256231582,4726800
2022-05-17,8.019548416137695,8.026702503507671,7.897931659853388,7.933701414451947,5701700
2022-05-18,7.762007713317871,8.012394640754717,7.7405454503722435,7.9694714793661605,5523800
2022-05-19,7.690466403961182,7.797774964604351,7.661850742306258,7.676158232008125,4770400
2022-05-20,7.604619979858398,7.776313962450856,7.454387574527189,7.7333908079283615,5161700
2022-05-23,7.719081878662109,7.819237033154209,7.654696470935129,7.661850556738387,5970500
2022-05-24,7.669004440307617,7.719081675107528,7.511617968042126,7.676157843671065,4838000
2022-05-25,7.762007713317871,7.769161118715065,7.604621196306681,7.604621196306681,4075400
2022-05-26,7.9480085372924805,7.976624203190198,7.819238381878396,7.819238381878396,4604800
2022-05-27,8.062471389770508,8.069624794118733,7.926546473385488,7.969470310731086,3365900
2022-05-31,8.083930969238281,8.119700711143311,7.983775828354411,8.041007142502028,4806700
2022-06-01,8.09823989868164,8.105393984786772,7.905084349601511,8.091086494827712,5029100
2022-06-02,8.169779777526855,8.169779777526855,8.041008950613605,8.098240277630332,3575500
2022-06-03,8.112548828125,8.19839582264601,8.076779076511762,8.112548828125,2533200
2022-06-06,8.09823989868164,8.241318891779457,8.091086494827712,8.155471223020287,5106100
2022-06-07,8.205551147460938,8.205551147460938,8.012394868957069,8.069626207272725,2762800
2022-06-08,8.033854484558105,8.155471219284825,7.998085418551237,8.126855557128609,2522500
2022-06-09,7.98377799987793,8.112548832860242,7.983777999877931,8.069624994449049,3072400
2022-06-10,7.776313304901123,7.948007272975476,7.726236068108898,7.9193916116297505,5318400
2022-06-13,6.474300384521484,7.5044649856814925,6.474300384521484,7.440079570186882,23314500
2022-06-14,6.50291633605957,6.817688658513198,6.452839091686587,6.753303240175771,12179400
2022-06-15,6.524376392364502,6.660301284305021,6.374144012049317,6.567300221990752,12727800
2022-06-16,5.901986122131348,6.3669908164290865,5.851908882445776,6.3669908164290865,14963900
2022-06-17,6.1881422996521,6.2096045570205245,5.8805241154675665,5.944909523070497,16261400
2022-06-21,6.724686622619629,6.803380203782433,6.417068430691539,6.467145667976095,14782000
2022-06-22,6.645994663238525,6.746149834217557,6.5458394922594945,6.567301753202256,11105300
2022-06-23,6.696071624755859,6.746149549255692,6.567301475795054,6.6388402958285555,6431300
2022-06-24,7.025152206420898,7.09669170971592,6.746149644523103,6.746149644523103,10977900
2022-06-27,7.103845596313477,7.204000079402692,6.94645910285025,7.053767672517623,7047100
2022-06-28,7.025152206420898,7.239770034054695,6.9965365415531435,7.18969279109894,6216100
2022-06-29,6.924997806549072,7.025152293704951,6.846304215496566,6.939305298035079,6039000
2022-06-30,6.844217300415039,6.961714484919225,6.748750662920772,6.836874251637374,6007100
2022-07-01,7.013120651245117,7.049838699748306,6.7781255610278235,6.800156810332852,6073900
2022-07-05,7.071868896484375,7.071868896484375,6.822187019504892,6.954371707397204,4951500
2022-07-06,6.947028160095215,7.189366294722146,6.866249015332407,7.057181602984361,5711200
2022-07-07,7.013120651245117,7.0938997976813125,6.932340804470397,6.983746352510271,4808500
2022-07-08,7.035150527954102,7.086555370743361,6.924997093308987,7.020463730159366,3421400
2022-07-11,6.961714267730713,7.086555197456295,6.954371219182133,7.035150355924034,3263500
2022-07-12,6.961714267730713,7.064524651133675,6.888278879875832,6.939683721408093,3075300
2022-07-13,7.04249382019043,7.07921186280314,6.807499468010545,6.851560558875067,3496300
2022-07-14,6.910309791564941,6.939684088327679,6.822186901276729,6.9323403390523755,3333600
2022-07-15,7.079212665557861,7.086555714642347,6.851561335815029,7.020464070851032,3757500
2022-07-18,7.167336463928223,7.174680214279817,6.991090657521442,7.115930911805644,4433800
2022-07-19,7.372955799102783,7.409673846676044,7.240771107974447,7.2481148575568,4979100
2022-07-20,7.387643337249756,7.3949863865323495,7.255458645423922,7.343581539861641,3513900
2022-07-21,7.453734397888184,7.475765645022582,7.262801825092589,7.328893465480417,4167100
2022-07-22,7.4831085205078125,7.549200859704172,7.417016881649893,7.46107797422184,3249200
2022-07-25,7.585919380187988,7.600606878860073,7.4243603964874705,7.497796489170929,2588700
2022-07-26,7.527169704437256,7.585918290005792,7.497795411652986,7.534513452717918,2816100
2022-07-27,7.798882961273193,7.81357045947956,7.541858045707924,7.563888592679013,5030700
2022-07-28,7.975130558013916,7.989818059572652,7.754823637341834,7.798884741340802,4143700
2022-07-29,8.011847496032715,8.107314141856225,7.960442648411796,8.033878044964748,6112400
2022-08-01,7.9971604347229,8.055909030174982,7.909037541544776,7.9971604347228995,5091800
2022-08-02,7.497795581817627,7.916379438577932,7.461077539919368,7.916379438577932,5195400
2022-08-03,7.4390482902526855,7.674042678778896,7.431704540526611,7.615294081647344,3816600
2022-08-04,7.248115062713623,7.49045320308258,7.159992166246596,7.4831094532923625,5540800
2022-08-05,7.270144462585449,7.328893050943998,7.182021580047625,7.233427120115167,3827500
2022-08-08,7.306862831115723,7.461078057516047,7.270144786670228,7.270144786670228,4456200
2022-08-09,7.2848334312438965,7.372956331580893,7.211397330793789,7.306863981243507,2703400
2022-08-10,7.321549415588379,7.409672291060237,7.299518171466644,7.3656105031551276,3662500
2022-08-11,7.350926399230957,7.453736108093259,7.343582648501188,7.365613200351879,2699200
2022-08-12,7.453734397888184,7.4831086937289255,7.365611510365958,7.387642757500356,2993000
2022-08-15,7.519826889038086,7.527170638229787,7.365611657704718,7.394985954133051,2704100
2022-08-16,7.57123327255249,7.578576322219931,7.453735373472323,7.541858972867085,2664200
2022-08-17,7.394986152648926,7.4977965430772375,7.2995195116094544,7.475765995249202,3682800
2022-08-18,7.394986152648926,7.453734747082678,7.365611855432049,7.37295560482089,1936500
2022-08-19,7.336237907409668,7.380299705501506,7.277489310179566,7.328894157671275,2639700
2022-08-22,7.182021617889404,7.255457703893732,7.1673348208915915,7.226083409559685,3863000
2022-08-23,7.255457878112793,7.277488424307724,7.182021790345109,7.182021790345109,2378600
2022-08-24,7.248115062713623,7.270145611745749,7.189366465068939,7.21874076389128,1648900
2022-08-25,7.365612983703613,7.387644235244904,7.262803277865301,7.27014632804047,1845500
2022-08-26,7.2407708168029785,7.4096735487125285,7.189365972470649,7.358268704380198,2075900
2022-08-29,7.167336463928223,7.2407718664284255,7.123274662157238,7.174680214279817,2493400
2022-08-30,7.0057759284973145,7.204052942674218,6.976401633842043,7.196709193925793,3931000
2022-08-31,6.924996376037598,7.079211588770662,6.85156029365485,7.0571803438528065,3284900
2022-09-01,6.712033748626709,6.866248988266729,6.6239108545950565,6.8368746902561774,4371000
2022-09-02,6.800157070159912,6.895623719780477,6.756095270204825,6.770782770302705,2942500
2022-09-06,6.690002918243408,6.866249417667301,6.667972368442378,6.82218761772669,2771300
2022-09-07,6.748750686645508,6.763438184929395,6.616566703782846,6.653284749154099,2662300
2022-09-08,6.748750686645508,6.748750686645508,6.645941000012155,6.697345843328831,2700300
2022-09-09,6.851561069488525,6.873591616562616,6.756094431716181,6.78546872792779,2448600
2022-09-12,6.873591899871826,6.991089789899643,6.8368745533477835,6.924997445614776,2273100
2022-09-13,6.631255149841309,6.778126667490882,6.609224597278533,6.712035009802554,3289200
2022-09-14,6.653285503387451,6.690002852582611,6.557818854735236,6.645941753413001,3643600
2022-09-15,6.5211005210876465,6.704690060418925,6.506413021778658,6.623910915235028,3510700
2022-09-16,6.594536781311035,6.60922428254589,6.455009021272941,6.5064138749177225,8100200
2022-09-19,6.609223365783691,6.66797196189691,6.491726173557254,6.506412972416305,3754000
2022-09-20,6.491724967956543,6.609222138362174,6.47703747148665,6.587191593995713,3364500
2022-09-21,6.455008029937744,6.660628113277135,6.447664280448142,6.557818421776688,3771400
2022-09-22,6.17595100402832,6.469694640216259,6.139232961962528,6.432976598150466,5541500
2022-09-23,5.999705791473389,6.168607819956292,5.860177709093864,6.168607819956292,7535800
2022-09-26,5.537060260772705,5.962987919267645,5.448937369394975,5.948301120873934,11901600
2022-09-27,5.419563293457031,5.676588578883307,5.368158096304073,5.5811219342432095,8707400
2022-09-28,5.595808029174805,5.639869468360922,5.463623711616452,5.492998004407196,7477100
2022-09-29,5.324096202850342,5.581121466747202,5.221286167325443,5.581121466747202,9836000
2022-09-30,5.375502109527588,5.492999308587445,5.346127809762623,5.39018925941007,7315300
2022-10-03,5.451534271240234,5.497153760899178,5.215833393393285,5.48955033134695,7805400
2022-10-04,5.8316969871521,5.862109979942734,5.542773193089594,5.565583118958306,8097100
2022-10-05,5.664424896240234,5.70244131670552,5.428724031989248,5.70244131670552,7620400
2022-10-06,5.618805408477783,5.7328543073072655,5.49715344308711,5.626408837590428,8624100
2022-10-07,5.542773246765137,5.649218722563164,5.474343831047809,5.535170179769587,6204600
2022-10-10,5.42872428894043,5.6264091046343605,5.383104799753708,5.542773193182969,4762500
2022-10-11,5.656822204589844,5.717648191324442,5.352691908365372,5.4287243917836205,8780400
2022-10-12,5.626409530639648,5.679632090778183,5.413518202431013,5.664425593231244,8224100
2022-10-13,5.725251197814941,5.748060759878927,5.398310999451907,5.451533915186959,6023400
2022-10-14,5.603599548339844,5.8393004392921695,5.5807899835178585,5.732854957502747,5509000
2022-10-17,5.710044860839844,5.76326741550159,5.6340120183777005,5.710044860839844,4796600
2022-10-18,5.89252233505249,5.938141819301563,5.816489861304035,5.816489861304035,6669500
2022-10-19,5.786077499389648,5.869713048308735,5.725251513793413,5.869713048308735,3769300
2022-10-20,5.763267517089844,5.9077294127422775,5.740457953990309,5.8392999983407385,3214000
2022-10-21,5.85450553894043,5.877315460868092,5.694837173101017,5.7632665763325965,5741500
2022-10-24,5.89252233505249,5.9685548088009455,5.8392994221528545,5.922935324551872,4361700
2022-10-25,6.143430233001709,6.158637091672428,5.801283889042781,5.862109873519794,5809700
2022-10-26,6.173842906951904,6.303098298577614,6.143429916281319,6.143429916281319,4363700
2022-10-27,6.158637046813965,6.3335115696358875,6.151033617533988,6.265082156321943,3967800
2022-10-28,6.447560787200928,6.477974507522689,6.173843830232097,6.242273250750055,5250800
2022-10-31,6.409544467926025,6.508386874115851,6.348718483363506,6.386734179887881,4632000
2022-11-01,6.477974891662598,6.508387888684828,6.41714817251509,6.45516460006864,4159200
2022-11-02,6.3867340087890625,6.690864648557012,6.386734008789063,6.523592832939785,6714500
2022-11-03,6.097810745239258,6.318305107155973,6.082603887471193,6.310701678271941,7783800
2022-11-04,6.371528148651123,6.417147275254373,6.204256325865672,6.211859755333862,6895000
2022-11-07,6.531195640563965,6.554005200717523,6.37913069770217,6.439956674846888,3782800
2022-11-08,6.523593425750732,6.607228978608005,6.447560577623772,6.538800285417316,4845900
2022-11-09,6.424750804901123,6.561609637050744,6.386734382070345,6.470370657318649,3678200
2022-11-10,6.728881359100342,6.751690922407311,6.592022529052637,6.592022529052637,7097000
2022-11-11,6.873342990875244,6.956978540920784,6.72888145441423,6.797310145304424,5118600
2022-11-14,6.728881359100342,6.880946322985046,6.728881359100342,6.842929900738134,5027100
2022-11-15,6.835326671600342,6.949375941683674,6.759294549981086,6.865739665268637,4728300
2022-11-16,6.6376423835754395,6.8049142247437455,6.614832817767088,6.8049142247437455,4259700
2022-11-17,6.607228755950928,6.614832185527991,6.455163789924424,6.531196635489153,2632000
2022-11-18,6.614831447601318,6.7897066828505634,6.5692123254339485,6.683260855955245,2717900
2022-11-21,6.622435092926025,6.645244654755729,6.55400568233402,6.569212540289087,2713400
2022-11-22,6.683261871337891,6.736484430320174,6.63764201713666,6.652848876904732,2734300
2022-11-23,6.744087219238281,6.751690648399678,6.630038682228985,6.675657806991538,1761800
2022-11-25,6.8505330085754395,6.8581364376884295,6.706070755840269,6.751690605415299,1479400
2022-11-28,6.706070423126221,6.820119678853917,6.6908642907575855,6.797309392646653,2918700
2022-11-29,6.766897201538086,6.782104060804538,6.6756582212482485,6.721278073944647,1922200
2022-11-30,6.880946636199951,6.880946636199951,6.6604522472546765,6.766897364267789,4265400
2022-12-01,6.8885498046875,7.048218199252862,6.865739516104628,6.873342945632252,3126900
2022-12-02,6.858136177062988,6.896151870977432,6.728880787465809,6.812516329221621,2585500
2022-12-05,6.683261871337891,6.8353268435036885,6.660452306788767,6.827723413619652,2585900
2022-12-06,6.736484527587891,6.7516913875755336,6.592022983220257,6.68326196783713,4205300
2022-12-07,6.804913520812988,6.8885497952969414,6.645245126465289,6.683261548948637,3458000
2022-12-08,6.789707660675049,6.911359637444993,6.759294666482562,6.8429302192361545,3048300
2022-12-09,6.759294509887695,6.850533490351389,6.728881516399798,6.782104073727878,2159200
2022-12-12,6.789707660675049,6.804913795219803,6.690865248273725,6.736484377010965,3445200
2022-12-13,6.8505330085754395,7.07863080624477,6.8505330085754395,6.91896242038653,4364600
2022-12-14,6.797310829162598,6.880947112725501,6.736484836627593,6.8505341164579985,3885800
2022-12-15,6.599625587463379,6.713674122688873,6.584418729378432,6.690864560664355,5291300
2022-12-16,6.1282243728637695,6.614832270391398,5.938142619064816,6.485576866334881,46640400
2022-12-19,6.554007053375244,6.554007053375244,6.257479787146595,6.287893509419015,9495700
2022-12-20,6.3867340087890625,6.500783270615636,6.35632101732256,6.462766850006778,4829500
2022-12-21,6.515990257263184,6.569213543127947,6.4627676965014285,6.4779745567779345,5242600
2022-12-22,6.45516300201416,6.508386277454275,6.3183049118465355,6.462766430663157,3863500
2022-12-23,6.477974891662598,6.508387888684828,6.439958464109047,6.477974891662598,2800900
2022-12-27,6.531195640563965,6.538799068982765,6.432353246428087,6.485575795154005,4008000
2022-12-28,6.272685527801514,6.546402453432165,6.272685527801514,6.523592890905341,6163600
2022-12-29,6.484389305114746,6.50007063077935,6.3040491995160854,6.366775997699337,3896300
2022-12-30,6.405980110168457,6.437343507677043,6.335412278833542,6.405980110168457,5093900
2023-01-03,6.492229461669922,6.602001730133237,6.429502664765858,6.46086606321789,4282700
2023-01-04,6.617681980133057,6.656886408768146,6.547114905904634,6.547114905904634,4012400
2023-01-05,6.602001667022705,6.633365065174925,6.547115907196919,6.570638268870485,3220400
2023-01-06,6.6960906982421875,6.719613055829477,6.594159485014246,6.64120494795109,3036600
2023-01-09,6.711773872375488,6.79018199314983,6.711773872375487,6.743137270237702,3800600
2023-01-10,6.766659736633301,6.782341061926405,6.664728505059723,6.703932939936084,3040300
2023-01-11,6.88427209854126,6.954839929767788,6.813704267314732,6.813704267314732,4513700
2023-01-12,6.9391584396362305,7.009725521419555,6.852908537852676,6.9391584396362305,4601000
2023-01-13,6.9469990730285645,6.978362471299663,6.86859095123202,6.892113312994743,3770300
2023-01-17,6.931317329406738,7.025407518540841,6.915635257336544,6.970521761819869,3119400
2023-01-18,6.954838752746582,7.048928929204218,6.931316395572737,6.970520822703981,2776700
2023-01-19,6.962680339813232,6.970521375413667,6.868590155894957,6.899953550534382,3012200
2023-01-20,7.08029317855835,7.111656574508019,6.915635162882,6.962680630687676,5072100
2023-01-23,7.190065383911133,7.213587743754985,7.111656520748508,7.119497556617238,4489100
2023-01-24,7.237109184265137,7.27631361086629,7.127337687096596,7.190064470553546,4059000
2023-01-25,7.221429347991943,7.260633782658871,7.166543588115682,7.182224913325015,2806900
2023-01-26,7.299838542938232,7.307678832011421,7.20574759643568,7.252793069686956,3050600
2023-01-27,7.315517902374268,7.393926754128626,7.284154511224971,7.354722328251447,5894500
2023-01-30,7.276313781738281,7.339040566668264,7.229269066921924,7.268473494443729,4224100
2023-01-31,7.3782453536987305,7.378245353698731,7.268473848603721,7.2919962071580375,6120700
2023-02-01,7.44881534576416,7.519383189734454,7.323361733266976,7.34688409866957,6388700
2023-02-02,7.511540412902832,7.589949276441212,7.480177017039949,7.503699376996527,4544600
2023-02-03,7.417449951171875,7.464495417108612,7.339041090531417,7.409608915555366,5389900
2023-02-06,7.213588714599609,7.378246751191839,7.158702951656346,7.378246751191839,5793500
2023-02-07,7.252791881561279,7.276314240452357,7.127338303792459,7.158701698234664,9539200
2023-02-08,7.472335338592529,7.511539766990556,7.3782451590946305,7.401767517028536,6735000
2023-02-09,7.401768207550049,7.63699405212049,7.346882451329807,7.558585935771907,7079100
2023-02-10,7.433130264282227,7.4801757238242335,7.3311998061719335,7.3704034834010255,4660500
2023-02-13,7.511540412902832,7.511540412902833,7.40176815350157,7.409609189407876,3583900
2023-02-14,7.495859146118164,7.550744902356931,7.409609246014561,7.464495750015676,3779100
2023-02-15,7.511540412902832,7.527222484715445,7.393927865357605,7.440972585270759,3076500
2023-02-16,7.472335338592529,7.542903160156523,7.401767517028536,7.448812980658624,3146400
2023-02-17,7.4644951820373535,7.480176505014223,7.386086323866141,7.4644951820373535,6566200
2023-02-21,7.182224750518799,7.409609569117761,7.135180028194809,7.393928244263891,4807700
2023-02-22,7.237109184265137,7.299836715484328,7.174382400808187,7.174382400808187,3231500
2023-02-23,7.252791881561279,7.346882064887895,7.182224057125741,7.2919963115546125,3412200
2023-02-24,7.182224750518799,7.237110509150914,7.11949795557856,7.197906823135049,3392700
2023-02-27,7.174383640289307,7.260633543265243,7.150861279369675,7.229270146118276,2481300
2023-02-28,7.1351799964904785,7.229270188482759,7.1351799964904785,7.213588115936191,3211900
2023-03-01,7.088134765625,7.166543635477034,7.041089294161299,7.127339200551017,4184300
2023-03-02,7.033248424530029,7.04892974854792,6.994043992841795,7.03324842453003,3856000
2023-03-03,7.103816986083984,7.135180385123018,7.080293875982897,7.080293875982897,2765100
2023-03-06,7.119496822357178,7.197905677433207,7.095974464939273,7.135178892477287,3783700
2023-03-07,6.994043350219727,7.127337957055034,6.970520992472988,7.1038155993082945,3227100
2023-03-08,6.954838752746582,7.017565537051673,6.876430646246346,6.994043179877827,4306700
2023-03-09,6.6960906982421875,7.001884337926011,6.688249663125669,6.946997839872648,3873200
2023-03-10,6.437343597412109,6.703932853832478,6.421661524558021,6.680410492313737,6189200
2023-03-13,6.28836727142334,6.390297747884329,6.139390579188333,6.311889631548003,6276400
2023-03-14,6.523592948913574,6.672569654410228,6.437343788937161,6.468707187816076,7114700
2023-03-15,6.272685527801514,6.3746167573597745,6.139390900514741,6.358934684614326,7134500
2023-03-16,6.28836727142334,6.335411991672666,6.10018652102017,6.233480767449332,5577400
2023-03-17,6.053140640258789,6.264843736351076,6.037458943284588,6.257003074804549,9605400
2023-03-20,6.084505081176758,6.202117634553388,6.060982346172719,6.131550177303648,5293700
2023-03-21,6.296207427978516,6.366775254639378,6.217798939400428,6.217798939400428,4168800
2023-03-22,6.076663970947266,6.2962077502015745,6.076663970947266,6.288367461764269,4685700
2023-03-23,5.943369388580322,6.209958639153232,5.919847027577529,6.123709109753552,6171700
2023-03-24,6.045300483703613,6.060982181987778,5.802233973358478,5.927687559631791,5800300
2023-03-27,6.178595542907715,6.209958941693545,6.108027708698995,6.178595542907715,5296200
2023-03-28,6.233480930328369,6.2648443272348855,6.1315500773227845,6.15507243806208,4161900
2023-03-29,6.272685527801514,6.351094396003987,6.233481093700277,6.319730998275475,5269300
2023-03-30,6.345529556274414,6.410279794858134,6.296966877336624,6.361717115920344,3256800
2023-03-31,6.475030422210693,6.483124395490563,6.353623524605865,6.369811085223716,3729500
2023-04-03,6.426467418670654,6.499311244833733,6.4021858859883825,6.47503009809333,5541400
2023-04-04,6.385998725891113,6.483124476757596,6.329342455989383,6.458842942555502,3674700
2023-04-05,6.345529556274414,6.4021858220642365,6.3050604641886565,6.345529556274414,6856200
2023-04-06,6.313154220581055,6.3779044569452745,6.305060248064601,6.353622925337766,3680400
2023-04-10,6.313154220581055,6.3859980435198755,6.199840921001818,6.321247807155656,3352200
2023-04-11,6.410279750823975,6.44265486989344,6.313154393615577,6.377904631754509,2822700
2023-04-12,6.377904891967773,6.483124226207329,6.353623358704076,6.466936280070279,2678400
2023-04-13,6.4183735847473145,6.4345611449053175,6.280779516375227,6.394092437481248,3687700
2023-04-14,6.385998725891113,6.499311651636468,6.313154895168617,6.450748969174173,3110300
2023-04-17,6.531685829162598,6.580248890547291,6.3212475689102225,6.345529099602569,3920000
2023-04-18,6.466936111450195,6.555968269115017,6.426467404988394,6.531686350542573,2599800
2023-04-19,6.531685829162598,6.564060946124502,6.402185361314983,6.434560478276886,3034900
2023-04-20,6.523592948913574,6.555968067463957,6.45074835326243,6.45074835326243,2817100
2023-04-21,6.507405757904053,6.531686906660093,6.434561539752129,6.515499731450666,3046700
2023-04-24,6.515499114990234,6.523593087771042,6.410279784490926,6.49931116942862,2566300
2023-04-25,6.369810581207275,6.46693593722926,6.353623021870278,6.45884235053169,3191700
2023-04-26,6.369810581207275,6.507405028542682,6.33743546253328,6.369810581207275,4625800
2023-04-27,6.523592948913574,6.531686149638386,6.402185675436857,6.418373234712048,2871800
2023-04-28,6.604530334472656,6.6611865987515095,6.539780097615764,6.539780097615764,4294400
2023-05-01,6.4993109703063965,6.6369054158296645,6.475029824591616,6.580249151867274,3748900
2023-05-02,6.313154220581055,6.4831237840080576,6.159372216245107,6.475029811491604,6323200
2023-05-03,6.240309715270996,6.394091712301937,6.240309715270996,6.321247506881535,5498300
2023-05-04,6.183653831481934,6.385998528456595,6.143185123652129,6.345529820626791,7282700
2023-05-05,6.377904891967773,6.4102800123581165,6.288873117923389,6.3131546511870855,4185300
2023-05-08,6.434561729431152,6.475030826473376,6.385999044545632,6.4588432648448695,3712500
2023-05-09,6.4183735847473145,6.483124211321203,6.385998464431308,6.410279997639251,4079100
2023-05-10,6.394091606140137,6.515498484511131,6.313153815873417,6.491217340402028,4738400
2023-05-11,6.402185916900635,6.410279889814429,6.313154530500118,6.337435677357761,3031300
2023-05-12,6.4183735847473145,6.45884267811326,6.361717317165242,6.442655117955257,2489800
2023-05-15,6.4993109703063965,6.564061206801616,6.458842265467811,6.4669358520587865,3563500
2023-05-16,6.385998725891113,6.531686773277998,6.377905138451678,6.531686773277998,3215200
2023-05-17,6.572155952453613,6.588343899423548,6.426467903201275,6.450749051772382,3657600
2023-05-18,6.669281005859375,6.677374978964768,6.531686550602734,6.547874496813519,3154800
2023-05-19,6.653094291687012,6.734031712687619,6.612625195244802,6.685469414464017,2217400
2023-05-22,6.6449995040893555,6.685468595574589,6.5721552937926795,6.661186677553218,2755300
2023-05-23,6.628811836242676,6.766406289922333,6.620718635113799,6.620718635113799,3168500
2023-05-24,6.507405757904053,6.572156002509362,6.475030635601398,6.572156002509362,3367000
2023-05-25,6.4183735847473145,6.49931138553733,6.313154636691233,6.483124211321203,4871700
2023-05-26,6.612624645233154,6.644999765317326,6.394092391694053,6.442655071820311,3866000
2023-05-30,6.6935625076293945,6.7421247994649045,6.6207182979924175,6.653093416510662,3318200
2023-05-31,6.588343143463135,6.669280553374494,6.555968025121849,6.636905435033209,3877400
2023-06-01,6.701655864715576,6.709749837504921,6.572155387620972,6.612624479683968,3077900
2023-06-02,6.960658073425293,6.993033194943764,6.782594519131811,6.798781693949155,4289300
2023-06-05,6.9525628089904785,7.001125096308323,6.831155546928588,6.976843952649401,3438300
2023-06-06,7.090157985687256,7.138720278092888,6.89590727229729,6.89590727229729,3972000
2023-06-07,7.195378303527832,7.21965945306622,7.122534083028842,7.154909206374635,3127800
2023-06-08,7.219657897949219,7.252033014321399,7.130626520896637,7.187282781577038,3965700
2023-06-09,7.211564064025879,7.2601271254562265,7.1791889470335395,7.2196580362448834,3087600
2023-06-12,7.316783905029297,7.332971850612922,7.227752519970546,7.243939693670442,2820800
2023-06-13,7.438190937042236,7.462472857140251,7.341065572301529,7.35725351903354,4104000
2023-06-14,7.405815601348877,7.519128909545538,7.316784212548205,7.478659815769319,4406800
2023-06-15,7.567692756652832,7.591973906668349,7.373441240877173,7.373441240877173,4606100
2023-06-16,7.527222633361816,7.632441964941419,7.494847513789918,7.608160046349694,6030500
2023-06-20,7.470564842224121,7.519127902629063,7.405814609606638,7.511033930580963,3765900
2023-06-21,7.551502227783203,7.551502227783203,7.422001776115721,7.454376889032591,4137600
2023-06-22,7.478659629821777,7.527222695522533,7.4462845099825214,7.527222695522533,2092900
2023-06-23,7.365347862243652,7.446285284316547,7.3410659409263435,7.446285284316547,5573600
2023-06-26,7.478659629821777,7.527222695522533,7.332971976486998,7.38153427030401,3963800
2023-06-27,7.608161449432373,7.6162554237889575,7.446285821720087,7.486754921619128,2989400
2023-06-28,7.681004047393799,7.681004047393799,7.559597545304621,7.608159837386806,3647500
2023-06-29,7.745753765106201,7.745753765106201,7.6567223876727235,7.689097504183412,3797000
2023-06-30,7.770688533782959,7.820553468864201,7.7208228061128645,7.770688533782959,3959300
2023-07-03,7.745754241943359,7.787308877368683,7.704200399106783,7.729132863326479,1828900
2023-07-05,7.662646293640137,7.712511225528251,7.637713035107278,7.687578759584194,5551300
2023-07-06,7.546291828155518,7.579535373066786,7.405006564135471,7.579535373066786,5619200
2023-07-07,7.695889949798584,7.75406596865077,7.537982480644348,7.537982480644348,4185200
2023-07-10,7.737444877624512,7.745755171636031,7.62109204298598,7.62109204298598,2462500
2023-07-11,7.762375831604004,7.812240756307592,7.745753661643682,7.754064746623842,3138900
2023-07-12,7.8122429847717285,7.845486541586501,7.762378045844026,7.845486541586501,5141800
2023-07-13,7.911972522735596,7.920282815475618,7.80393079122809,7.812241083968113,2955400
2023-07-14,7.870419025421143,7.9202839594182555,7.812242212306063,7.91197366547796,1973000
2023-07-17,7.90366268157959,7.911973768216642,7.81224231374971,7.853796954346124,2498400
2023-07-18,8.020014762878418,8.036636936232805,7.911973806430304,7.928595187195841,3432300
2023-07-19,8.177922248840332,8.18623333552713,8.053258326304917,8.053258326304917,3833600
2023-07-20,8.103123664855957,8.177921856268837,8.069880112293434,8.169610769981004,2632400
2023-07-21,8.08650016784668,8.194541894126655,8.078189875508745,8.177920516862102,2394800
2023-07-24,8.526978492736816,8.58515450433027,8.086500485393291,8.103122655899258,10455900
2023-07-25,8.410625457763672,8.585154280584177,8.402314372727293,8.493734722950082,7169300
2023-07-26,8.468802452087402,8.551911726932794,8.402315349246603,8.402315349246603,4143300
2023-07-27,8.360761642456055,8.55191186813221,8.327518090486775,8.48542476419365,5440500
2023-07-28,8.452180862426758,8.477113327224675,8.352450210646323,8.452180862426758,5400500
2023-07-31,8.377382278442383,8.518667559916388,8.344138729424307,8.460491547281936,4568700
2023-08-01,8.360761642456055,8.385694108285815,8.294273745928699,8.310895918207738,4036500
2023-08-02,8.485424041748047,8.55191114002592,8.385693394331238,8.47711295631613,5832500
2023-08-03,8.32751750946045,8.485424172149884,8.269340703131716,8.43555845138079,4940600
2023-08-04,8.443869590759277,8.493735311846201,8.369071405423265,8.402314955284965,3312900
2023-08-07,8.551911354064941,8.551911354064941,8.46049178979198,8.477113168483086,3511800
2023-08-08,8.551911354064941,8.56022243970487,8.360761139879092,8.435558532872195,3142100
2023-08-09,8.535290718078613,8.593466737442842,8.502046372626118,8.518668545352366,2759700
2023-08-10,8.427248001098633,8.593465746244924,8.41062583028964,8.543600026406672,4380500
2023-08-11,8.410625457763672,8.443869005320497,8.402314372727293,8.427247627836431,2023200
2023-08-14,8.30258560180664,8.394005972639402,8.294274514896594,8.394005972639402,2603700
2023-08-15,8.177922248840332,8.269341824628556,8.161300075466736,8.269341824628556,2906200
2023-08-16,8.094812393188477,8.219476306884614,8.094812393188477,8.144678117184691,3088100
2023-08-17,7.970150470733643,8.152990429432498,7.970150470733643,8.094813610589414,3043200
2023-08-18,7.978461265563965,8.028326202642493,7.845486250647162,7.895351980314574,2988800
2023-08-21,7.995080947875977,8.003392033152348,7.887039217049295,7.97845956991195,2943200
2023-08-22,7.953526020050049,8.078189916820792,7.945215727669615,8.020013114625637,2395200
2023-08-23,8.078190803527832,8.086501096820449,7.953526893073287,7.961837978954678,2051000
2023-08-24,8.144678115844727,8.169610581544335,8.0449474604575,8.053257753964841,2439600
2023-08-25,8.219476699829102,8.261030547125564,8.103123866668042,8.161299886954156,2641700
2023-08-28,8.452180862426758,8.468802241429115,8.236097387274766,8.236097387274766,2875500
2023-08-29,8.543600082397461,8.551911167856424,8.402314799950013,8.41893697086794,3164600
2023-08-30,8.535290718078613,8.601777823805966,8.52697963171549,8.560223184579165,2806000
2023-08-31,8.568533897399902,8.601777448814337,8.535290345985468,8.551911725398293,5441800
2023-09-01,8.643331527709961,8.684886166250537,8.560223043217615,8.58515550930644,3229000
2023-09-05,8.526978492736816,8.593465589583252,8.485423859060615,8.58515450433027,4658900
2023-09-06,8.493736267089844,8.526979820690261,8.45218162694211,8.48542518054253,3150600
2023-09-07,8.435559272766113,8.510357464908616,8.410626806248219,8.418937892617125,3351600
2023-09-08,8.418937683105469,8.485424787224485,8.402315510781316,8.418937683105469,1889600
2023-09-11,8.452180862426758,8.485424413020237,8.42724839762884,8.46049194822232,1806300
2023-09-12,8.369071960449219,8.502046168714696,8.360761666874227,8.435559064581957,3716500
2023-09-13,8.269340515136719,8.410625796083643,8.261029429766024,8.36076086903692,3654700
2023-09-14,8.418937683105469,8.435559062840822,8.294273768440716,8.3358284066623,3355100
2023-09-15,8.369071960449219,8.418937684843172,8.344139494546642,8.360761666874227,7516700
2023-09-18,8.335826873779297,8.39400367362685,8.31089441246672,8.39400367362685,5816200
2023-09-19,8.32751750946045,8.39400460876008,8.31089533834117,8.319206423900809,2787600
2023-09-20,8.252718925476074,8.385693117644323,8.244407840318383,8.37738203248663,2718400
2023-09-21,7.978461265563965,8.219477241680538,7.97015017852125,8.219477241680538,3399400
2023-09-22,8.028324127197266,8.09481122117329,7.961837033221243,8.003391665103427,3164700
2023-09-25,8.003392219543457,8.044946854304365,7.978459755722406,8.028324683364508,2715800
2023-09-26,7.803931713104248,7.995081942713547,7.770688160450943,7.986770856403017,6191800
2023-09-27,7.870419025421143,7.928595045947386,7.7956208318366365,7.862107938892011,4588500
2023-09-28,7.904563903808594,7.94724529615172,7.67408487360362,7.827737560406936,5558000
2023-09-29,7.930171966552734,8.02407037315061,7.921635525749346,7.938708407356124,2745600
2023-10-02,7.930171966552734,8.006998305623634,7.853345627481835,7.972853356489878,3749800
2023-10-03,7.69115686416626,7.887490106462478,7.605794089380229,7.844808719069462,5398100
2023-10-04,7.699693202972412,7.7423737757231095,7.571649042481095,7.691156762790376,6442000
2023-10-05,7.785055160522461,7.819200107161955,7.657011814144291,7.699693200963596,2601300
2023-10-06,7.819200038909912,7.904562811803407,7.708228759780262,7.708228759780262,2820600
2023-10-09,7.930171966552734,7.972853356489878,7.767983661687349,7.767983661687349,2045400
2023-10-10,7.964315891265869,8.04114222045488,7.930170946524053,7.9387073862294315,2280900
2023-10-11,8.075286865234375,8.08382330462266,7.989924099510846,7.989924099510846,2428100
2023-10-12,7.964315891265869,8.05821428578594,7.913098881192994,8.032605780749503,2545100
2023-10-13,7.844809532165527,8.032607167711728,7.8362739050660295,7.9899257758948865,3967000
2023-10-16,8.024070739746094,8.049680063326274,7.861882427470817,7.913100260551337,2686200
2023-10-17,8.05821418762207,8.092359131947939,7.964315794245855,7.964315794245855,2865700
2023-10-18,7.904563903808594,8.006998756984189,7.861882511465467,7.981390247210252,2592200
2023-10-19,7.750909328460693,7.938706920564797,7.733837264131038,7.853344156677573,4259800
2023-10-20,7.69115686416626,7.827736652560108,7.682620423871707,7.725301811264722,3382100
2023-10-23,7.699693202972412,7.7423737757231095,7.571649042481095,7.6399389357779,3811500
2023-10-24,7.708230018615723,7.767984295031568,7.639940114780357,7.725302901614498,4133400
2023-10-25,7.639939785003662,7.7594475185969545,7.588722766377845,7.648476226134576,6652900
2023-10-26,7.844809532165527,8.032607167711728,7.733839053153512,7.74237468025301,7849300
2023-10-27,7.802128314971924,8.109432845523026,7.750910486173521,8.075287897684014,5782300
2023-10-30,7.853344917297363,7.938707689452225,7.793591465236797,7.853344917297363,4439900
2023-10-31,7.964315891265869,7.998460836007686,7.853344617335042,7.913098881192994,3675500
2023-11-01,8.126504898071289,8.135040523601097,7.921634417841825,7.981388681028609,3778500
2023-11-02,8.305765151977539,8.322838031004512,8.211866759568224,8.228939638595197,4098500
2023-11-03,8.442346572875977,8.502100027192142,8.425273692168638,8.425273692168638,3898400
2023-11-06,8.365520477294922,8.450882441035613,8.331375528982688,8.450882441035613,2620000
2023-11-07,8.408201217651367,8.442346163329882,8.314302006475662,8.374056271972853,2524700
2023-11-08,8.41673755645752,8.450882505028309,8.356984099978586,8.408201929874664,2123100
2023-11-09,8.271620750427246,8.476491241787219,8.263085124433703,8.45088192156739,2417500
2023-11-10,8.3484468460083,8.374056165501369,8.297229835181584,8.3484468460083,1988500
2023-11-13,8.297231674194336,8.374058021542044,8.26308672138201,8.3057673018375,1882600
2023-11-14,8.604534149169922,8.613070588809263,8.467954371259239,8.467954371259239,3477300
2023-11-15,8.638678550720215,8.66428705394909,8.570388666056786,8.587461544262464,3147000
2023-11-16,8.502099990844727,8.664288286472274,8.485027110210376,8.62160771304591,2872900
2023-11-17,8.59599781036377,8.61307068984272,8.519171480867897,8.527707920607371,2978000
2023-11-20,8.630144119262695,8.655753442528752,8.553318591704013,8.604535610076468,3495200
2023-11-21,8.630144119262695,8.655753442528752,8.595999168987783,8.595999168987783,2127100
2023-11-22,8.698433876037598,8.706970316985187,8.604535467853573,8.66428892632706,2535200
2023-11-24,8.689897537231445,8.732578110313058,8.655752590318306,8.681361096983224,1065800
2023-11-27,8.655752182006836,8.672824247618204,8.613070796858851,8.655752182006836,2783900
2023-11-28,8.664287567138672,8.706968951101263,8.613070557647314,8.638679062392994,2482100
2023-11-29,8.79233169555664,8.817940200233961,8.72404180703066,8.72404180703066,3136100
2023-11-30,8.860623359680176,8.886231869489235,8.783797016173146,8.792333457469448,4209500
2023-12-01,9.014273643493652,9.022809268434514,8.826476055440967,8.843548119402321,3967400
2023-12-04,8.98012924194336,9.031346250989452,8.93744785835183,8.971592802409116,3985000
2023-12-05,8.928911209106445,8.980129031029279,8.89476626585111,8.945983273694281,2919300
2023-12-06,8.88623046875,9.039883131543743,8.81794057730383,8.988665305919255,3910400
2023-12-07,8.971593856811523,8.971593856811523,8.852086131525818,8.911839587128782,2008700
2023-12-08,8.963057518005371,9.039883855555326,8.9203761289132,8.92891256954759,2738800
2023-12-11,8.894767761230469,8.98013054075974,8.894767761230469,8.963057659221967,2564000
2023-12-12,8.988665580749512,9.03134696772829,8.860622233892922,8.9033036208717,3038600
2023-12-13,9.176464080810547,9.202072589837899,8.945985057324895,8.997202889459427,3478400
2023-12-14,9.338651657104492,9.449622939619378,9.253289695686721,9.270361762338371,5422100
2023-12-15,9.278897285461426,9.338650733955062,9.210607397445935,9.338650733955062,6562800
2023-12-18,9.278897285461426,9.330115108512885,9.253288780975536,9.321578668991028,4041700
2023-12-19,9.458159446716309,9.475232327568175,9.313043215794506,9.32157965622044,6669900
2023-12-20,9.35572338104248,9.517911657538221,9.330114877191502,9.406941202824095,3628000
2023-12-21,9.398405075073242,9.441086458959543,9.31304230730064,9.424013579773149,2998000
2023-12-22,9.415475845336914,9.509375039789429,9.389867344158763,9.424012283756156,2830200
2023-12-26,9.483766555786133,9.509375873288523,9.406941045517902,9.424013109773183,2256200
2023-12-27,9.449623107910156,9.500840936936779,9.424014600436733,9.483768055901313,3826600
2023-12-28,9.458355903625488,9.475823258112737,9.423422027540298,9.432155704783922,2998200
2023-12-29,9.327353477478027,9.458355296161562,9.29241960363647,9.440888775685407,3155800
2024-01-02,9.257486343383789,9.31862041843619,9.213818789965229,9.257486343383789,4081200
2024-01-03,9.030416488647461,9.196352206075863,8.916881173400922,9.196352206075863,4750100
2024-01-04,8.951814651489258,9.082816483965074,8.951814651489258,9.030416084130483,5476500
2024-01-05,9.082815170288086,9.100282522966149,8.916879484292581,8.934346004081425,3695200
2024-01-08,9.292421340942383,9.292421340942383,9.08281722581631,9.091550904131855,4398700
2024-01-09,9.187618255615234,9.24001865149284,9.178884578672541,9.205084776611344,3258600
2024-01-10,9.23128604888916,9.23128604888916,9.152684613035825,9.187619324872307,3623300
2024-01-11,9.240019798278809,9.248753476305444,9.06535040219298,9.16141836181784,2777300
2024-01-12,9.309887886047363,9.371021968617658,9.222553601359717,9.266220327258836,2400600
2024-01-16,9.283687591552734,9.3011541151607,9.187619629485424,9.257487389696086,2560600
2024-01-17,9.24875259399414,9.3273540229567,9.178884842225044,9.20508504091613,3351000
2024-01-18,9.318621635437012,9.371022040071269,9.213819993279083,9.30115427863265,4468000
2024-01-19,9.458355903625488,9.467089580869112,9.257486324357966,9.36228795261354,3299100
2024-01-22,9.519490242004395,9.580625151512367,9.484556364952407,9.484556364952407,2862600
2024-01-23,9.536958694458008,9.55442521854933,9.484557456405195,9.519491337477263,2201500
2024-01-24,9.5806245803833,9.676692528327042,9.563157226453924,9.589357424458711,2989400
2024-01-25,9.624293327331543,9.685427407896608,9.580625769975335,9.6417598505404,2446300
2024-01-26,9.598092079162598,9.720361070455711,9.580625556343216,9.667959836218845,2984500
2024-01-29,9.60682487487793,9.641758750198278,9.536957124237233,9.598091197825521,4207700
2024-01-30,9.54569149017334,9.650493123697602,9.51075761233192,9.60682556817349,3581700
2024-01-31,9.344820976257324,9.528224041348167,9.327354453952612,9.510757519043455,5360400
2024-02-01,9.318621635437012,9.397223075277813,9.161418755755411,9.397223075277813,5248400
2024-02-02,9.222552299499512,9.266219019234613,9.161417392669644,9.240018820815694,4136900
2024-02-05,9.222552299499512,9.266219019234613,9.030415567685756,9.109016995831805,4628700
2024-02-06,9.240019798278809,9.30988755671314,9.152684683791204,9.213819597088278,5334300
2024-02-07,8.890680313110352,9.327354185732442,8.707277253293501,9.327354185732442,12692100
2024-02-08,8.838279724121094,8.986748918231644,8.82954604614062,8.916881160166605,5444300
2024-02-09,8.916879653930664,8.925613330435848,8.803344358030973,8.838278231162475,3358500
2024-02-12,9.082815170288086,9.126482719094025,8.873211935486642,8.925613160631611,4142900
2024-02-13,8.873213768005371,8.934347849225722,8.785879485246213,8.89941396954418,5148400
2024-02-14,9.012948989868164,9.039150023433367,8.89941367642037,8.960548588516481,4001800
2024-02-15,9.301155090332031,9.353556332428688,9.047884224792073,9.047884224792073,4946300
2024-02-16,9.240019798278809,9.33608775790367,9.170152039844478,9.205085919061643,8322100
2024-02-20,9.187618255615234,9.274952526374333,9.109016828909551,9.17015090172985,4006500
2024-02-21,9.257486343383789,9.31862041843619,9.143951037651258,9.17015123654667,3421000
2024-02-22,9.23128604888916,9.344821363689602,9.213819525860293,9.25748708276652,3177000
2024-02-23,9.344820976257324,9.379754853756088,9.187618943957556,9.257486698955084,3935000
2024-02-26,9.353554725646973,9.467090036611722,9.28368697011318,9.344821047982913,4633100
2024-02-27,9.292421340942383,9.414689505802402,9.266220305995745,9.414689505802402,2833300
2024-02-28,9.283687591552734,9.309887793409382,9.24002003319872,9.274953913304051,2008000
2024-02-29,9.467090606689453,9.475824284879428,9.327355087207444,9.353555288887973,3142100
2024-03-01,9.58935832977295,9.598092007562169,9.449622816702862,9.502024050548822,5045900
2024-03-04,9.43215560913086,9.589357633475355,9.43215560913086,9.580624789209596,3225700
2024-03-05,9.475823402404785,9.52822380088584,9.38848829441727,9.4059556491705,2682100
2024-03-06,9.510757446289062,9.554424168161477,9.475823569057532,9.528223968460162,2906600
2024-03-07,9.58935832977295,9.64175956361891,9.545691606605564,9.545691606605564,2479300
2024-03-08,9.536958694458008,9.720361778308716,9.493291134895568,9.624293813582888,2447900
2024-03-11,9.54569149017334,9.60682556817349,9.493290256966537,9.528224134807957,2030500
2024-03-12,9.711627006530762,9.711627006530762,9.519490265819497,9.55442414295888,2978700
2024-03-13,9.737828254699707,9.755295611594889,9.69416152824059,9.69416152824059,2162300
2024-03-14,9.484557151794434,9.737827989655104,9.467090628264074,9.70289410970499,4160900
2024-03-15,9.536958694458008,9.571892575530075,9.397223170169738,9.449623575333128,4147600
2024-03-18,9.493290901184082,9.571892339883531,9.48455722290872,9.54569213794685,2161900
2024-03-19,9.56315803527832,9.598091913202403,9.475823756912785,9.484556601726796,2526200
2024-03-20,9.746561050415039,9.781494928152073,9.502023906255808,9.53695778399284,2210700
2024-03-21,9.842630386352539,9.87756426603276,9.74656159256489,9.764028948849695,2783100
2024-03-22,9.720361709594727,9.860097232895194,9.70289435273746,9.860097232895194,2255900
2024-03-25,9.76402759552002,9.825161668264654,9.737826564724369,9.746560241656253,2168800
2024-03-26,9.685426712036133,9.807694864381768,9.667959357192858,9.798962019849451,2733700
2024-03-27,9.886297225952148,9.895030904195849,9.720361503768839,9.73782802736684,2980900
2024-03-28,9.966672897338867,9.984534727361543,9.895227280646031,9.90415819565737,2815700
2024-04-01,9.761266708374023,9.922018915902155,9.743404878815948,9.913088852822028,3845800
2024-04-02,9.654097557067871,9.770196033632242,9.654097557067871,9.734473228912702,2218100
2024-04-03,9.689823150634766,9.796991595637751,9.609446603957753,9.645169418958748,2676500
2024-04-04,9.618376731872559,9.85057458448797,9.618376731872559,9.770198044402282,2285900
2024-04-05,9.698751449584961,9.734474258081264,9.591583024096053,9.609444854193674,2696100
2024-04-08,9.814849853515625,9.841642596105288,9.707681438253537,9.725543266646646,1867500
2024-04-09,9.823781967163086,9.859504776612084,9.73447451769111,9.823781967163086,2187200
2024-04-10,9.55586051940918,9.716613588602831,9.484414900145104,9.716613588602831,3225200
2024-04-11,9.609445571899414,9.636237467347927,9.520138118139037,9.600514656183577,2951700
2024-04-12,9.466552734375,9.600513040776054,9.448690905948803,9.573721149835613,2507000
2024-04-15,9.421899795532227,9.564791027983697,9.38617698741936,9.537999134823778,2725700
2024-04-16,9.412969589233398,9.448692400035652,9.270078346024382,9.395108609681767,2688800
2024-04-17,9.395109176635742,9.529069512303371,9.377247344307236,9.484415783181147,1813100
2024-04-18,9.511207580566406,9.564792225292832,9.421900974954408,9.457623787539015,1517500
2024-04-19,9.663029670715332,9.689822418716615,9.466554628900093,9.511207505504176,2233200
2024-04-22,9.770197868347168,9.805920679774983,9.66302943406372,9.689822181408838,2160600
2024-04-23,9.895228385925293,9.92202028225298,9.725545240251238,9.770198116897706,2566800
2024-04-24,9.939882278442383,9.966674175212576,9.823782923506151,9.904159465515777,2187900
2024-04-25,9.930951118469238,9.975604846455953,9.805920850446238,9.841644514194828,2580900
2024-04-26,10.01132583618164,10.109563338511396,9.939880225087478,9.97560303063456,3585900
2024-04-29,10.020257949829102,10.118495463917016,9.984535140006317,10.029188013510572,4364600
2024-04-30,9.930951118469238,10.189941718753364,9.913090138293965,10.055981386492238,7232200
2024-05-01,9.966672897338867,10.08277223738946,9.841643493975871,9.948811919015125,4745100
2024-05-02,10.047050476074219,10.055981392016273,9.913090143739504,10.038119560132166,3070400
2024-05-03,10.109564781188965,10.181010402478718,10.073841970544088,10.136357527946863,2856600
2024-05-06,10.109564781188965,10.22566412870956,10.09170380171602,10.181010402478718,2817500
2024-05-07,10.10063362121582,10.181009297670458,10.047048985213832,10.154217405518914,2755100
2024-05-08,10.020257949829102,10.064911675032324,10.011327034448664,10.047049844271449,2383800
2024-05-09,10.109564781188965,10.14528759183384,10.03811915989921,10.09170380171602,2285200
2024-05-10,10.163148880004883,10.181009858523543,10.109564241051016,10.13635698637742,2551500
2024-05-13,10.10063362121582,10.207802041520901,10.082771791982193,10.181009297670458,1891100
2024-05-14,10.181009292602539,10.216732099353116,10.163148315076699,10.181009292602539,2884600
2024-05-15,10.32390308380127,10.35962589647744,10.225664710167528,10.225664710167528,3305600
2024-05-16,10.23459529876709,10.323902753449303,10.198872487234006,10.297110006025234,2202500
2024-05-17,10.243525505065918,10.297109292804604,10.216732759497626,10.27031739893526,2635500
2024-05-20,10.11849594116211,10.2613871871928,10.11849594116211,10.234595291486798,2316800
2024-05-21,10.10063362121582,10.154217405518914,10.038118070597019,10.091702706599007,3598500
2024-05-22,9.957742691040039,10.10063478629456,9.948812627092064,10.073842039353654,2491400
2024-05-23,9.74340534210205,10.020257751523825,9.734474426898359,9.97560402720432,2768100
2024-05-24,9.841644287109375,9.859505266872526,9.761267748927695,9.805920624185072,2124300
2024-05-28,9.814849853515625,9.877365401192652,9.7434042433409,9.868434486996097,2833200
2024-05-29,9.74340534210205,9.779128151217865,9.636236914754608,9.74340534210205,2231100
2024-05-30,9.904158592224121,9.904158592224121,9.761267353117022,9.814851141932701,6364400
2024-05-31,10.01132583618164,10.047048641728722,9.877365528304804,9.966672116323073,5621800
2024-06-03,10.055980682373047,10.091703491921306,9.993465126889372,10.073841661297696,2448700
2024-06-04,10.038119316101074,10.1363576856774,9.975604609424503,10.011327420625259,2117500
2024-06-05,10.07384204864502,10.091703879955432,9.9309508049577,10.091703879955432,1808500
2024-06-06,9.993464469909668,10.082771913758641,9.993464469909668,10.029187277109475,2050300
2024-06-07,9.948812484741211,9.99346535893916,9.90415875884428,9.975604379599776,1564900
2024-06-10,9.904158592224121,9.966673296408734,9.85950486707841,9.88629676148625,1416900
2024-06-11,9.78805923461914,9.877366684792808,9.752336424889467,9.841643875063134,2493700
2024-06-12,9.930951118469238,10.073842366667511,9.930951118469238,10.002396742568374,3348100
2024-06-13,10.055980682373047,10.064911597684853,9.922019507792854,9.939881338416464,2945100
2024-06-14,9.957742691040039,10.04705014411174,9.948812627092064,9.966673606687008,1929100
2024-06-17,9.993464469909668,9.993464469909668,9.89522696303492,9.93094977023473,2035000
2024-06-18,9.939882278442383,10.0470507172222,9.922020446129558,10.011327904295594,2032500
2024-06-20,9.930951118469238,9.993465826631228,9.868436410307249,9.948812950343532,3165600
2024-06-21,9.868435859680176,9.948812395231707,9.823782134184995,9.930950564354045,4722300
2024-06-24,9.913089752197266,9.966673542335117,9.8327132152915,9.886297005429352,2387600
2024-06-25,9.779129028320312,9.922020277599666,9.770198112315596,9.895228381284545,2922400
2024-06-26,9.725544929504395,9.805920615919323,9.689822118309204,9.770197804724132,2910800
2024-06-27,9.645167350769043,9.716612965451125,9.591582713908027,9.69875113593115,2861900
2024-06-28,9.74340534210205,9.752336257305743,9.636236914754608,9.707682532986237,4799200
2024-07-01,9.670284271240234,9.81652661708027,9.642864049313513,9.761686173226826,3590600
2024-07-02,9.80738639831543,9.825667127653713,9.652004557305787,9.652004557305787,2586900
2024-07-03,9.73426628112793,9.843948925719229,9.73426628112793,9.8073874630733,1069400
2024-07-05,9.633724212646484,9.725126119641313,9.624583847612364,9.715985754607193,6256800
2024-07-08,9.679424285888672,9.697704142621339,9.58802238720601,9.661143557482896,2601000
2024-07-09,9.761686325073242,9.834807499130685,9.633723834636143,9.679424786340332,1957600
2024-07-10,9.880507469177246,9.90792768880622,9.779965211082569,9.779965211082569,1753400
2024-07-11,10.099872589111328,10.10901295434437,9.944489866842446,9.971910090868365,2431400
2024-07-12,10.145572662353516,10.264393913369355,10.136432297914412,10.15471215511949,3261900
2024-07-15,10.27353572845459,10.328377051159805,10.127293363471688,10.182134686176903,3231900
2024-07-16,10.511178970336914,10.529459699992794,10.246114492038823,10.255254856866763,4157400
2024-07-17,10.602580070495605,10.639140655359117,10.447197366907407,10.447197366907407,3867900
2024-07-18,10.575159072875977,10.77624272726411,10.53859848768478,10.584299437092053,3160000
2024-07-19,10.620861053466797,10.693982230948553,10.547739875985041,10.575160099622401,2927600
2024-07-22,10.657421112060547,10.730542285904933,10.58429993821616,10.639141254436025,3199700
2024-07-23,10.575159072875977,10.648280243258368,10.53859848768478,10.59343980130813,3576400
2024-07-24,10.255254745483398,10.538599078686772,10.246114380754733,10.511178856173933,3634400
2024-07-25,10.392356872558594,10.60258090584154,10.282675109326556,10.300955839035147,4415500
2024-07-26,10.465478897094727,10.602581766012593,10.410638446866173,10.511179853400682,3146500
2024-07-29,10.438057899475098,10.547739663488061,10.41977716963635,10.483758852398793,2486900
2024-07-30,10.538599014282227,10.556879743627839,10.419776888555205,10.49289806259135,3260600
2024-07-31,10.61172103881836,10.831085450181392,10.392357499128549,10.59344117968082,6293900
2024-08-01,10.374076843261719,10.703122127525752,10.26439421016722,10.666561540385304,5667700
2024-08-02,10.209553718566895,10.337516208809392,10.127292179959085,10.236973940878448,4762800
2024-08-05,9.843948364257812,10.072452262722406,9.633724324400324,9.734265725922395,5913100
2024-08-06,10.00847053527832,10.099872442939496,9.880508910560504,9.99019067675,3351600
2024-08-07,9.990190505981445,10.20955403461072,9.990190505981445,10.17299344650584,2725000
2024-08-08,10.145572662353516,10.145572662353516,10.03589003243052,10.090731347392019,2339300
2024-08-09,10.20041275024414,10.246113699174243,10.109011724057034,10.145572308866496,1906700
2024-08-12,10.026750564575195,10.200413130983982,10.017610200113381,10.19127276652217,1937700
2024-08-13,10.172993659973145,10.200413883708888,10.054171528220662,10.07245225849329,2138800
2024-08-14,10.209553718566895,10.236973940878448,10.172993131593774,10.236973940878448,1614000
2024-08-15,10.383216857910156,10.447198542375032,10.227834136839054,10.246114867164218,3162200
2024-08-16,10.456336975097656,10.492897560365815,10.392356168796656,10.392356168796656,1956700
2024-08-19,10.520318984985352,10.520318984985352,10.447197812142077,10.456337304992633,1984200
2024-08-20,10.447197914123535,10.547739309846198,10.438057549510617,10.492897993841835,1851100
2024-08-21,10.383216857910156,10.529460085491875,10.346656268933026,10.51117935516671,2795400
2024-08-22,10.41977596282959,10.474617274321,10.364935523011255,10.392355742920422,1693500
2024-08-23,10.575159072875977,10.602580165524206,10.438057096327267,10.465477317302387,2316600
2024-08-26,10.602580070495605,10.693981096817835,10.602580070495605,10.611719562956658,1427300
2024-08-27,10.620861053466797,10.639141783673832,10.566020606192076,10.593440829829436,1452800
2024-08-28,10.703123092651367,10.721402952033351,10.584300955812152,10.639142277304572,2143700
2024-08-29,10.821944236755371,10.84936445914961,10.693981746127,10.76710292029374,2288700
2024-08-30,10.913345336914062,10.913345336914062,10.767102987665517,10.849364527036114,2274400
2024-09-03,10.73054313659668,10.89506622662612,10.712263277522974,10.840224906058566,1921100
2024-09-04,10.61172103881836,10.757964270284788,10.584300814275439,10.693982584120343,3585300
2024-09-05,10.61172103881836,10.684842218714962,10.511179634378834,10.62086140422374,2924200
2024-09-06,10.602580070495605,10.684840732683682,10.538598393229634,10.620859927090812,3062100
2024-09-09,10.58430004119873,10.648280851016798,10.538599089183043,10.648280851016798,2462100
2024-09-10,10.58430004119873,10.639141357952187,10.483758644102744,10.620860628476649,2187600
2024-09-11,10.438057899475098,10.538599298568686,10.291815547457816,10.529459805322487,2685400
2024-09-12,10.575159072875977,10.575159072875977,10.447197460543343,10.465477317302387,1876000
2024-09-13,10.757963180541992,10.767102673348354,10.611719963889472,10.620860328368968,2447500
2024-09-16,10.88592529296875,10.922485880880787,10.757963671113208,10.82194448204098,2470600
2024-09-17,10.867645263671875,10.940766438344209,10.78538372424721,10.922485708839545,3282700
2024-09-18,10.794524192810059,10.959046401568434,10.767103098289356,10.89506559103313,3044100
2024-09-19,10.88592529296875,10.986467563481732,10.812804117144678,10.940766610673393,3232000
2024-09-20,10.858504295349121,10.940765830201277,10.812803345800912,10.840223566860594,4711700
2024-09-23,10.767102241516113,10.922484944743116,10.73054165673759,10.922484944743116,2662000
2024-09-24,10.794524192810059,10.867645368185595,10.73968287544182,10.785383827969824,2512100
2024-09-25,10.255254745483398,10.428917316962258,10.236974016026068,10.410637459178083,24243800
2024-09-26,10.291815757751465,10.3649369352542,10.2552551690001,10.291815757751465,10309200
2024-09-27,10.34665584564209,10.438057750182182,10.282675035467923,10.337516352526611,9151300
2024-09-30,10.374076843261719,10.374076843261719,10.27353457487062,10.33751625612127,5679600
2024-10-01,10.224539756774902,10.392768307697471,10.15911793866298,10.38342207902279,6454000
2024-10-02,10.140426635742188,10.215194684468866,10.084350153544454,10.187155997717277,4964400
2024-10-03,10.103042602539062,10.121734169051654,10.028273662572355,10.112387940142636,3784700
2024-10-04,10.103042602539062,10.131080397960673,9.972198071729133,10.093696373630044,8912400
2024-10-07,9.888083457946777,10.065658235958503,9.878737229355547,10.046965778776041,6187400
2024-10-08,9.962852478027344,9.990890275236577,9.860046627389822,9.953506248522432,4921400
2024-10-09,9.925466537475586,10.028272368289993,9.916120309772824,9.96285055698131,3726900
2024-10-10,9.953506469726562,10.00023672698414,9.86939307622955,9.925468671894226,3615800
2024-10-11,9.953506469726562,10.01892918640938,9.906777103774507,10.00023672698414,4193400
2024-10-14,10.065657615661621,10.065657615661621,9.9161206413334,9.962850890104384,4751300
2024-10-15,10.140426635742188,10.215194684468866,10.075003924627257,10.075003924627257,5370000
2024-10-16,10.187155723571777,10.261923770286382,10.149771700214476,10.168464157545838,4162900
2024-10-17,10.121733665466309,10.224539504434293,10.103042099883675,10.215194167295678,3181300
2024-10-18,10.131080627441406,10.205848677796249,10.07500414402254,10.140426856562128,3652000
2024-10-21,9.90677547454834,10.121733374754402,9.90677547454834,10.112387146578824,4151200
2024-10-22,9.90677547454834,9.9348132677697,9.878736790021602,9.90677547454834,3047500
2024-10-23,9.869392395019531,9.925467986813729,9.757239428820212,9.860046165952012,4450800
2024-10-24,9.878737449645996,9.916121473539148,9.841353425752844,9.869392112151786,3385800
2024-10-25,9.794623374938965,9.962851931578257,9.775931808259852,9.93481413590686,3654700
2024-10-28,9.785277366638184,9.878736976239596,9.785277366638184,9.822661388739828,4715400
2024-10-29,10.000235557556152,10.08434983252236,9.80396921307014,9.869391922102423,7851600
2024-10-30,10.084349632263184,10.159117677124945,10.000235358967352,10.000235358967352,4196600
2024-10-31,9.897429466247559,10.131079827995404,9.88808323786435,10.093695805767965,4829800
2024-11-01,9.794623374938965,10.028273751913336,9.785278037252136,9.981544389562824,6673700
2024-11-04,9.729201316833496,9.860045845611417,9.710509750611182,9.79462313556974,5213900
2024-11-05,9.832008361816406,9.841353699570634,9.719855395711063,9.757239420644357,3574400
2024-11-06,9.869392395019531,10.037620061707587,9.729201632923113,9.90677641998415,6800900
2024-11-07,9.972198486328125,10.028274079502717,9.860046408673458,9.869392637971051,3457500
2024-11-08,10.075003623962402,10.131080104486665,9.97219778285758,10.000235577467,3960600
2024-11-11,10.103042602539062,10.177810651200323,10.075003915812005,10.084350144721023,3037500
2024-11-12,10.028273582458496,10.084350064159182,9.981544220897606,10.028273582458496,3482100
2024-11-13,10.037619590759277,10.112387637180525,10.009581796177665,10.046965819388289,2902800
2024-11-14,10.075003623962402,10.131080104486665,10.0376196007147,10.0376196007147,4328900
2024-11-15,10.018928527832031,10.131080603094777,10.000236069635509,10.075004119810673,3374900
2024-11-18,9.962852478027344,10.037620531455634,9.925468451313199,10.000236504741489,3351800
2024-11-19,9.962852478027344,9.990890275236577,9.850700397884909,9.897430654103966,3322000
2024-11-20,9.944160461425781,10.000236053312893,9.897430207316212,9.972198257369337,3291400
2024-11-21,10.084349632263184,10.103042089131325,9.981543793404612,9.981543793404612,3206700
2024-11-22,10.261923789978027,10.271270018661642,10.112387696261873,10.12173392494549,2976700
2024-11-25,10.420805931091309,10.448844616654378,10.261923611455549,10.280616068497595,6444300
2024-11-26,10.402114868164062,10.411461097136856,10.280616565434096,10.374077072551133,2956900
2024-11-27,10.448843955993652,10.551649789308462,10.420805272203417,10.430151500133496,2936800
2024-11-29,10.514266967773438,10.579688788132948,10.48622917209157,10.523613196769212,2144100
2024-12-02,10.467536926269531,10.551651206325529,10.439499130019357,10.523613410075354,3316400
2024-12-03,10.43015193939209,10.523612440018196,10.402114145726413,10.504919983370819,2225800
2024-12-04,10.420805931091309,10.467536182391015,10.392768136833649,10.420805931091309,2652200
2024-12-05,10.383421897888184,10.49557396611164,10.374076560681951,10.439498377652615,2643600
2024-12-06,10.504920959472656,10.54230498493569,10.402115112275682,10.402115112275682,2449500
2024-12-09,10.448843955993652,10.589033809723425,10.420805272203417,10.542303561378384,3306400
2024-12-10,10.411460876464844,10.486228924051575,10.346038166347379,10.43015244270881,3057600
2024-12-11,10.420805931091309,10.476882410912038,10.355384114054964,10.467536182391015,3117300
2024-12-12,10.43015193939209,10.467535961381454,10.402114145726413,10.4208057110684,2678000
2024-12-13,10.392768859863281,10.467536910622297,10.374077292826264,10.420806656071544,3044000
2024-12-16,10.448843955993652,10.5142657688935,10.35538345930357,10.374075915163727,2741700
2024-12-17,10.327346801757812,10.54230471994063,10.327346801757812,10.420806417413425,2972400
2024-12-18,10.000235557556152,10.41146070376752,10.000235557556152,10.327346428801313,4168400
2024-12-19,9.972198486328125,10.280616922704832,9.962852257030532,10.112388360570089,4606000
2024-12-20,10.224539756774902,10.308654032236188,9.972197821696474,9.972197821696474,8240700
2024-12-23,10.196501731872559,10.233885754421925,10.121733686773828,10.215194188799943,3130200
2024-12-24,10.308652877807617,10.308652877807617,10.177809256236475,10.233884839394015,1190100
2024-12-26,10.271269798278809,10.308653820905727,10.215194209991134,10.23388577565189,3157800
2024-12-27,10.205848693847656,10.318000769556312,10.168464668611438,10.233886489948453,2921600
2024-12-30,10.159117698669434,10.205847949633487,10.018927837082678,10.205847949633487,6704100
2024-12-31,10.360004425048828,10.379136911881176,10.206948179538776,10.254778484332464,4434100
