Price,Close,High,Low,Open,Volume
Ticker,RYI,RYI,RYI,RYI,RYI
Date,,,,,
2015-01-02,8.725066184997559,9.206762285461329,8.725066184997559,9.161319060868728,54500
2015-01-05,8.397873878479004,8.715975516337227,8.334253897610251,8.688709934073081,135200
2015-01-06,7.997976303100586,8.434229130497934,7.93435544903715,8.388785910954713,91700
2015-01-07,7.489012241363525,8.197015009825472,7.323599442133264,7.997974633859935,149600
2015-01-08,7.4708380699157715,7.679875695266537,7.398129255293119,7.679875695266537,94400
2015-01-09,7.379950523376465,7.534456948216539,7.316330536709604,7.443570510043326,55900
2015-01-12,6.725571155548096,7.4344828913320695,6.6528623484684415,7.361774084252415,74100
2015-01-13,6.2893171310424805,6.852810752212995,6.214790309292065,6.816456353000615,90000
2015-01-14,6.552887439727783,6.6710394664373425,6.2075201770592265,6.271140599144067,107700
2015-01-15,6.607418537139893,6.743747754925834,6.452912119207735,6.671038954340968,76300
2015-01-16,6.789190769195557,6.880077206392214,6.480178356214333,6.580152743724815,63900
2015-01-20,6.4529128074646,6.8764420927608665,6.362026797039769,6.752836858555885,59300
2015-01-21,6.2347869873046875,6.534711067492715,6.225698168691124,6.452913433485535,66600
2015-01-22,6.216609001159668,6.498355842044335,5.953039361835991,6.2711406058426356,100600
2015-01-23,6.0893683433532715,6.25114557221443,5.807621493839538,6.243874778043086,93000
2015-01-26,5.989393711090088,6.162077341055724,5.871241685316968,6.0984569194751215,56300
2015-01-27,6.0439252853393555,6.149352879571104,5.9166848761872,5.943950461459044,48700
2015-01-28,5.862154006958008,6.236604948557646,5.834888416253319,6.22569853892427,59500
2015-01-29,5.716735363006592,5.971216620680415,5.453165721154422,5.925773399652659,54500
2015-01-30,5.771266937255859,5.880330147083056,5.653114909920395,5.653114909920395,57600
2015-02-02,5.5894951820373535,5.97848766196567,5.471343149181425,5.880330421832017,71500
2015-02-03,5.807621479034424,5.8348874988308115,5.453165821953479,5.634937842667122,189700
2015-02-04,5.516786098480225,5.869424155944904,5.498608896894567,5.816710141332897,68300
2015-02-05,6.062103271484375,6.1166348824667285,5.571318339264471,5.671292742709427,88600
2015-02-06,6.243875026702881,6.252963844813032,5.889419354602284,6.043925795445254,80000
2015-02-09,6.262050628662109,6.652861039914608,6.225696232272843,6.262050628662109,64200
2015-02-10,6.252963066101074,6.316583051434425,6.071190626943357,6.316583051434425,50400
2015-02-11,5.889419078826904,6.2620519363203595,5.83488747285557,6.180254744052698,35900
2015-02-12,6.0439252853393555,6.171165694491511,5.962127662766495,5.9893936814170035,55700
2015-02-13,6.143900394439697,6.266596400616276,6.053013950304532,6.053013950304532,70200
2015-02-17,6.07119083404541,6.307494882997713,6.043925248937782,6.152988456125617,52900
2015-02-18,6.0893683433532715,6.143900383085063,5.907596322176245,6.007571150512951,32000
2015-02-19,6.2893171310424805,6.34384872986105,5.953038721638653,6.016658703571006,37000
2015-02-20,6.116634845733643,6.4074705359383195,6.08936882371685,6.298406881249867,71700
2015-02-23,5.84397554397583,6.143900010812877,5.816709959140699,6.143900010812877,35000
2015-02-24,5.9257731437683105,5.962127545669205,5.834887139016074,5.834887139016074,23000
2015-02-25,5.85306453704834,6.012114942375565,5.816710133923336,6.012114942375565,27300
2015-02-26,5.725824356079102,5.834887569834457,5.616760708945058,5.834887569834457,16400
2015-02-27,5.52587366104126,5.734911664887559,5.516785278288954,5.734911664887559,47400
2015-03-02,5.5440521240234375,5.57131814525449,5.453166108884438,5.5076977179678375,32000
2015-03-03,6.007571220397949,6.062102827385414,5.54405191093647,5.54405191093647,115600
2015-03-04,5.943950176239014,6.071190579285548,5.734912154544673,6.071190579285548,51400
2015-03-05,5.7985334396362305,5.971217086276286,5.7712674182178185,5.971217086276286,22400
2015-03-06,5.534963607788086,5.789444444135415,5.507697587204382,5.734912836346702,30200
2015-03-09,5.744001865386963,6.198432380368816,5.562229399366995,5.562229399366995,75600
2015-03-10,5.5894951820373535,5.680381194473186,5.5894951820373535,5.680381194473186,27600
2015-03-11,5.553139686584473,5.6985572779259295,5.544050870436328,5.616759666107057,40000
2015-03-12,5.580406665802002,5.707647523469975,5.544052258862214,5.616761072741789,46400
2015-03-13,5.207773685455322,5.653115379244866,4.76243155828707,5.598583769804027,107300
2015-03-16,5.144153118133545,5.180507523440739,4.793333063581258,5.180507523440739,78300
2015-03-17,5.362279891967773,5.389545478794142,5.162330232807191,5.162330232807191,83500
2015-03-18,5.644026756286621,5.707647181306676,5.244127870543467,5.244127870543467,341700
2015-03-19,5.498608589172363,5.834887016376982,5.453165371062054,5.616760176177603,153100
2015-03-20,5.562228679656982,5.753089505923721,5.453165474184176,5.525874277832713,250200
2015-03-23,6.280229568481445,6.307495590024066,5.571318208917828,5.580406593846228,196000
2015-03-24,6.416558742523193,6.543799163844863,6.025748660345857,6.307495524247477,99800
2015-03-25,6.598329544067383,7.025493924722599,6.334759516233284,6.334759516233284,100800
2015-03-26,6.471088886260986,6.643772492782101,6.352936876528865,6.643772492782101,58200
2015-03-27,6.652862548828125,6.702849746856148,6.29840645357189,6.4710900922759995,45000
2015-03-30,6.271141052246094,6.66195113031603,6.193887831768047,6.66195113031603,85800
2015-03-31,5.7894439697265625,6.1648036276281175,5.753089567513104,6.125722406890387,100000
2015-04-01,5.52587366104126,5.78944326153721,5.471342064391608,5.78944326153721,69300
2015-04-02,5.7985334396362305,5.825799027675934,5.380457333745298,5.5076977558142355,115800
2015-04-06,5.825798034667969,5.925772851656483,5.607671634015174,5.734912034395971,84800
2015-04-07,5.725824356079102,5.893054790522122,5.689469951493983,5.789444347413715,31300
2015-04-08,5.898507595062256,5.925773615347111,5.725824388980039,5.725824388980039,62600
2015-04-09,5.662202835083008,5.900324442376894,5.598582422687521,5.853063638890864,110700
2015-04-10,5.562228679656982,5.762178323069115,5.5076970769205795,5.680380702275183,63700
2015-04-13,5.462255477905273,5.680381936234894,5.316837405640111,5.5349642973484805,108200
2015-04-14,5.644026756286621,5.848520391408576,5.353191084824685,5.480431934864795,127000
2015-04-15,5.553139686584473,5.7349116757612935,5.480430890913744,5.634936865024739,66400
2015-04-16,5.52587366104126,5.662202869354691,5.453164865508391,5.534962477172171,72200
2015-04-17,5.371367454528809,5.580405466185153,5.316835855841756,5.462253885719185,101900
2015-04-20,5.207773685455322,5.507697754069294,5.162330460898603,5.407722920071734,134700
2015-04-21,5.016913414001465,5.351374337160147,4.971470184206695,5.225951490975641,129600
2015-04-22,4.9442033767700195,5.144152585246687,4.9078489752288075,5.016912179852444,73600
2015-04-23,5.180507183074951,5.198684384534283,4.862405940847308,4.9805579670223,55800
2015-04-24,5.26230525970459,5.425900086933071,5.071444411248676,5.198684832426384,99200
2015-04-27,5.235039234161377,5.444076834786624,5.125975591749013,5.262304819730466,74700
2015-04-28,5.453165531158447,5.498608750602898,5.235039117933866,5.235039117933866,52000
2015-04-29,5.2895708084106445,5.453165621025077,5.125975562417546,5.444076803634942,82300
2015-04-30,5.035089492797852,5.344102346161184,4.9896462731695985,5.253216340283339,89300
2015-05-01,4.980557441711426,5.153241054051074,4.816962645832158,5.116886654966793,107100
2015-05-04,5.135064125061035,5.171418526060728,5.035089305622558,5.044178122561803,38400
2015-05-05,5.135064125061035,5.225950127560267,5.026000922061956,5.107798107621943,51000
2015-05-06,5.244126319885254,5.289569529087808,5.044177152826849,5.135063137853397,205300
2015-05-07,5.280481815338135,5.362279435613266,5.044178204979143,5.235039030035347,546600
2015-05-08,7.089115619659424,7.343596444270728,5.6531149472666495,5.671292149024599,734800
2015-05-11,7.252710342407227,7.425393973581049,6.4801786275401945,7.098203912758086,220300
2015-05-12,7.234533309936523,7.316330935398349,6.870988837569017,7.270887713835406,107400
2015-05-13,7.252710342407227,7.325419581884628,7.034583490732361,7.289065178835262,120100
2015-05-14,7.325418472290039,7.434481664918135,7.0618484400375685,7.270886442597387,93900
2015-05-15,7.26179838180542,7.41630480412105,7.134557977171992,7.289064832866271,114900
2015-05-18,7.75258207321167,7.770759704532728,7.007316524191665,7.261797295386296,107700
2015-05-19,7.570810794830322,7.679873992584219,7.452658780574288,7.670785176082083,98100
2015-05-20,7.598076343536377,7.816203604824103,7.4617475636441375,7.607165159997791,265500
2015-05-21,7.788938522338867,7.898001738743867,7.57081208952887,7.634432082409103,72500
2015-05-22,7.807116985321045,7.870736984939416,7.525369663032924,7.807116985321045,36300
2015-05-26,7.75258207321167,7.816202916078204,7.125468527507035,7.75258207321167,155900
2015-05-27,7.7980265617370605,7.952532986238857,7.470836945193008,7.643520137235264,108100
2015-05-28,7.843470573425293,7.934356153827569,7.539002102225005,7.74349617495557,65100
2015-05-29,7.543545722961426,7.807115352072686,7.416304883585976,7.807115352072686,105100
2015-06-01,7.67987585067749,7.7980278935196,7.370862948899273,7.579901445237608,105300
2015-06-02,8.06159496307373,8.152481387195818,7.598075760213998,7.616253391741287,77600
2015-06-03,8.252457618713379,8.443318458944393,7.952533565029981,8.034331191808612,54700
2015-06-04,8.23427963256836,8.679621238352983,8.016152371152186,8.225190816101593,94800
2015-06-05,8.23427963256836,8.298807975913565,8.043418820552487,8.188836416991771,49800
2015-06-08,8.007063865661621,8.334253434939347,7.770759854471338,8.197924664429591,71600
2015-06-09,7.943444728851318,8.097951164240927,7.798027111251068,8.03433117323016,33700
2015-06-10,8.197925567626953,8.334254353156581,8.007064747831105,8.007064747831105,51300
2015-06-11,8.361518859863281,8.597822866649766,8.07068369259202,8.188835695985262,186500
2015-06-12,8.270635604858398,8.628726894244423,8.20701474424678,8.434229998591709,104400
2015-06-15,8.216102600097656,8.406963426062337,7.812568133756793,8.152482613695199,122000
2015-06-16,8.207015037536621,8.361521485353283,7.9525341862681245,8.179749448732927,55700
2015-06-17,8.216102600097656,8.352431390033582,7.979798555235231,8.261545818995401,53300
2015-06-18,8.325167655944824,8.479674114486999,8.143395606706237,8.352433246641237,112200
2015-06-19,8.452406883239746,8.588735677018882,8.279722819911687,8.370609260269331,163700
2015-06-22,8.23427963256836,8.616000389842862,8.188836416991771,8.54329159162322,77800
2015-06-23,8.225190162658691,8.37969656329012,7.979797338094478,8.225190162658691,324000
2015-06-24,8.361518859863281,8.447860875180876,8.07977250825854,8.22519009189417,297200
2015-06-25,8.397873878479004,8.470582675688215,8.18883630319183,8.2706339167415,154400
2015-06-26,8.516024589538574,8.570556612492592,8.316074994383312,8.397872595435787,131200
2015-06-29,8.270635604858398,8.51602762883707,8.188837974613039,8.470584404616602,52800
2015-06-30,8.270635604858398,8.361521186541925,8.116129162563254,8.343344416908183,60500
2015-07-01,8.725066184997559,8.734154136510146,8.352432436744163,8.379698891554174,68000
2015-07-02,7.652609825134277,8.543293204895686,7.316331353177985,8.543293204895686,409500
2015-07-06,7.489012241363525,7.552633082148789,7.143645491754735,7.534455451422388,134800
2015-07-07,7.7707600593566895,7.825291222295498,7.216354846728435,7.470836062921625,131900
2015-07-08,7.543545722961426,7.723500141456205,7.270887276732496,7.6162545263881665,125700
2015-07-09,7.643518447875977,7.716227235482443,7.352683297450112,7.652607263016065,86100
2015-07-10,7.75258207321167,7.9070884724119885,7.657152109047622,7.788936469096618,70000
2015-07-13,7.852560520172119,7.970712571759194,7.698054057847292,7.75258524057516,76100
2015-07-14,7.970710277557373,8.17974786244298,7.834380626462293,7.88891266025178,46900
2015-07-15,7.6162543296813965,8.079773589623427,7.416304692043353,8.025241555083129,84500
2015-07-16,7.634432792663574,7.788939246967543,7.561723974962586,7.661699249369552,122200
2015-07-17,7.5617241859436035,7.705324234923287,7.3890409557750605,7.6344330056732534,61500
2015-07-20,7.270887851715088,7.561723088421331,7.1345586178196925,7.498103097081184,99600
2015-07-21,7.634432792663574,7.6526104304675595,7.234534295308139,7.234534295308139,69900
2015-07-22,7.716228485107422,7.879823717094391,7.325418905121258,7.552634119877711,85800
2015-07-23,7.579900741577148,7.716229542408298,7.389039900359114,7.634431915206657,103100
2015-07-24,7.025495529174805,7.562632451593969,6.925520698087197,7.552635271850296,111600
2015-07-27,6.216609001159668,6.989140717569712,6.134811377445883,6.907343093855926,167700
2015-07-28,6.307495594024658,6.352938385452902,6.0530143151873945,6.180255171295381,127100
2015-07-29,6.362025737762451,6.4710889321132266,6.2256965281346766,6.352936921543915,143200
2015-07-30,6.07119083404541,6.407469706275893,5.989393645343864,6.298406065709397,136000
2015-07-31,6.152989387512207,6.243875407259613,6.043926163815319,6.089368956999659,78000
2015-08-03,5.907597064971924,6.236604768035424,5.862153837274491,6.152989541104839,63600
2015-08-04,5.816709995269775,6.1166340305910705,5.7076467884945155,5.95303922042818,138800
2015-08-05,6.416558742523193,6.7801032368209535,5.934862645116093,5.934862645116093,133000
2015-08-06,6.334761142730713,6.516533607447101,6.134811908259264,6.462001998045797,137300
2015-08-07,6.0893683433532715,6.515624448088226,6.071191141235569,6.298406384396194,96200
2015-08-10,7.052761554718018,7.070938757348582,5.925773691486953,6.098457333166661,102700
2015-08-11,6.62559700012207,7.043673116548813,6.498356574846585,6.961875483610927,59500
2015-08-12,6.3802032470703125,6.634684479642028,6.207519630928546,6.561975246493944,92200
2015-08-13,7.461747169494629,7.834379957156715,6.5437975575541945,7.13455716160334,467600
2015-08-14,6.852811336517334,7.407216188466721,6.789190915781768,7.152735372281777,258400
2015-08-17,6.62559700012207,6.970964302105679,6.452913349130266,6.880078284051761,230200
2015-08-18,6.634685039520264,6.866444249998098,6.49835581175887,6.643773423569067,238000
2015-08-19,6.3802032470703125,6.84372249566852,6.298405630640362,6.589241263096804,183200
2015-08-20,6.2893171310424805,6.589241141233928,6.207519516125314,6.352937112974834,152300
2015-08-21,5.971216678619385,6.280229111118998,5.907596255238949,6.125722678179852,128600
2015-08-24,5.498608589172363,5.780355414671798,5.035089324610339,5.6258489931511235,160700
2015-08-25,5.562228679656982,5.707646720332712,5.380456670535638,5.62584909953878,164200
2015-08-26,5.634937763214111,5.689469802037981,5.48497573989516,5.653114965029176,375600
2015-08-27,6.152989387512207,6.280229815158576,5.644027243548006,5.689470470111073,213400
2015-08-28,6.571064472198486,6.607418874346248,6.062102408751163,6.098456810898925,58000
2015-08-31,6.925520420074463,7.116381256589629,6.318401530306509,6.552887564677557,111400
2015-09-01,6.516533374786377,7.07093870064035,6.443824564847238,6.634685407626824,119700
2015-09-02,6.589241981506348,6.625596385354709,6.198431923447123,6.625596385354709,55300
2015-09-03,6.443824291229248,6.816457143033927,6.325672263405778,6.6074191066457395,72400
2015-09-04,6.498355865478516,6.516533067105055,6.062102593062902,6.307495031710518,47600
2015-09-08,6.398380756378174,6.589241581690536,6.252963149808241,6.443823975120604,50300
2015-09-09,6.262050628662109,6.525620219173586,6.134810241299677,6.425645845792398,60400
2015-09-10,5.943950176239014,6.2711402174516016,5.843975357155987,6.2711402174516016,41300
2015-09-11,5.562228679656982,5.916684747511585,5.389545054302379,5.871241528541922,80400
2015-09-14,5.52587366104126,5.616759655457345,5.307747274442655,5.544050859924477,75800
2015-09-15,5.534963607788086,5.698558431154226,5.453165979415669,5.507697587204382,50400
2015-09-16,5.5894951820373535,5.616760769078757,5.389545521299829,5.480431967114354,62200
2015-09-17,5.943950176239014,6.098456596627698,5.562228533720769,5.562228533720769,146100
2015-09-18,5.916685104370117,5.9421331005062425,5.544051813128402,5.834887478642648,78400
2015-09-21,5.462255477905273,5.90396159936063,5.4531666587854986,5.889420008823488,74900
2015-09-22,5.280481815338135,5.4513478495314045,5.207773012150753,5.353190618525518,146800
2015-09-23,4.844228267669678,5.385909511816133,4.826051067980394,5.298658693280396,126900
2015-09-24,4.853318214416504,4.89421703158633,4.589748540853986,4.798786602649644,174500
2015-09-25,4.553393840789795,4.967834323647939,4.5079506172110895,4.862406287637415,93100
2015-09-28,4.653367519378662,4.753342335758438,4.544304319716341,4.544304319716341,187000
2015-09-29,4.707899570465088,4.907849222389946,4.63519076372102,4.653367965407037,36100
2015-09-30,4.771519184112549,4.858769997440504,4.589747198069225,4.7442531695167505,112800
2015-10-01,4.780609130859375,4.798786333763153,4.6397354833210676,4.735165906910579,75400
2015-10-02,5.135064125061035,5.1441525086216355,4.707899263246676,4.707899263246676,72700
2015-10-05,5.2713942527771,5.534963922078083,5.06235619436128,5.1350650088748315,182100
2015-10-06,5.5894951820373535,5.65311517405309,5.225950698915331,5.225950698915331,122000
2015-10-07,5.16232967376709,5.871241355163385,5.016912070764216,5.544051315028277,121900
2015-10-08,5.498608589172363,5.5894945920143355,5.071443725747128,5.189595746131014,77200
2015-10-09,5.780355453491211,5.834887055562614,5.525874210446012,5.525874210446012,66800
2015-10-12,5.744001865386963,6.1166347489908945,5.580406602631121,5.789444656857921,44100
2015-10-13,5.662202835083008,5.962126831530039,5.4531648325019555,5.698557232629399,156300
2015-10-14,5.725824356079102,5.989394006010555,5.562229102067381,5.644026729073241,107500
2015-10-15,5.871241569519043,5.989393592961862,5.653114723672404,5.662203540881232,70300
2015-10-16,6.207520961761475,6.351121002106203,5.862153655434506,5.916685700331374,60500
2015-10-19,5.62584924697876,6.151170930499113,5.589494844201729,6.09845691645882,118600
2015-10-20,5.371367454528809,5.671291463996908,5.244127057592353,5.598582665747505,68200
2015-10-21,5.335014820098877,5.5985845176248,5.216862767172424,5.362280845150661,36900
2015-10-22,5.580406665802002,5.789444722395139,5.389545812678758,5.389545812678758,82500
2015-10-23,5.725824356079102,5.816710367541898,5.4622547061476485,5.589495122195563,95900
2015-10-26,4.980557441711426,5.725823489696443,4.871494244458581,5.6440258750674985,48400
2015-10-27,4.79878568649292,5.040542495842376,4.753342468673599,4.998734891464913,61800
2015-10-28,4.9896464347839355,5.144152866470055,4.735165610083353,4.807874417140662,129200
2015-10-29,4.962380886077881,5.144152905085662,4.9078492803755465,4.926026482276325,47800
2015-10-30,5.316836357116699,5.316836357116699,4.807874288006966,4.998735118095449,44700
2015-11-02,5.516786098480225,5.6803809127511355,5.253216458798866,5.262304842902359,72300
2015-11-03,5.498608589172363,5.725823812966616,5.42589935352014,5.516785789740758,47800
2015-11-04,5.089621067047119,5.498608741212758,4.935114641254233,5.498608741212758,82400
2015-11-05,5.144153118133545,5.271393970087419,4.962381091597577,5.0987103281889015,49200
2015-11-06,5.307747840881348,5.425899429542,5.016912194333516,5.071443796802737,42200
2015-11-09,5.253216743469238,5.307748351181262,5.22595072292388,5.280482330635903,38000
2015-11-10,5.244126319885254,5.353189501917111,5.144151519666771,5.216860307688009,28200
2015-11-11,5.180507183074951,5.2623048063312785,5.1096164007486236,5.2623048063312785,40800
2015-11-12,4.844228267669678,5.180506678610739,4.816962684825065,5.162329478921456,52000
2015-11-13,4.89876127243042,5.471343877012596,4.814237247952265,4.926027296477607,120000
2015-11-16,5.016913414001465,5.107799440212246,4.7079004915060505,4.907850182548527,69900
2015-11-17,4.680634021759033,4.962380866816859,4.644279618098584,4.935114847382183,65300
2015-11-18,4.671544551849365,4.707898950433514,4.571570172432262,4.671544551849365,134400
2015-11-19,4.844228267669678,4.916937066426813,4.517038239883946,4.75334226922326,165200
2015-11-20,4.244379997253418,4.87149400006396,4.1444051880979,4.87149400006396,179000
2015-11-23,4.080785751342773,4.335267026355032,3.9989885546499115,4.335267026355032,154700
2015-11-24,4.435241222381592,4.435241222381592,3.9808107799255756,4.0989627989750135,119500
2015-11-25,4.462507247924805,4.517038854411493,4.235292004207595,4.398887257046344,26200
2015-11-27,4.498861789703369,4.5897482366700615,4.426152978832973,4.426152978832973,23900
2015-11-30,4.507950305938721,4.580659111941173,4.417064298435656,4.480684286998467,51400
2015-12-01,4.544304847717285,4.589748069545931,4.267102408022857,4.507950443605842,111800
2015-12-02,4.5624823570251465,4.716988801593081,4.515221541821839,4.535216335416042,168900
2015-12-03,4.480684280395508,4.6624567285124385,4.462507078921682,4.617013508138538,41000
2015-12-04,4.507950305938721,4.571570727880201,4.3261782909325905,4.453418701436882,44100
2015-12-07,4.18984842300415,4.4443292051416945,4.098962429383599,4.4443292051416945,54000
2015-12-08,4.135317802429199,4.198937796283409,3.9171909329011405,4.126228984233624,135600
2015-12-09,4.362533092498779,4.480684696357867,4.144406221184486,4.144406221184486,119900
2015-12-10,4.589747428894043,4.598835811963977,4.3080001862895285,4.3080001862895285,51900
2015-12-11,4.544304847717285,4.626102473657375,4.453418837438676,4.453418837438676,272900
2015-12-14,4.089873790740967,4.617013009984778,4.048974983492977,4.480683796951022,87500
2015-12-15,3.9626333713531494,4.18984858064255,3.7626837444864507,4.108050966617207,128300
2015-12-16,3.889925241470337,4.00807684121512,3.799038795450006,3.962634051583647,120200
2015-12-17,3.771772861480713,4.0171652897352885,3.7354184597673425,3.8626588657641383,190200
2015-12-18,3.8081271648406982,4.053519586757466,3.744506746796113,3.7717727640662613,317400
2015-12-21,3.8081271648406982,4.062607970261754,3.7308739548503596,3.8263043652279163,220300
2015-12-22,3.6172666549682617,3.844481896025618,3.5718236500946583,3.8081274921267356,202100
2015-12-23,4.153494834899902,4.198937623875793,3.6536211225142994,3.6536211225142994,79000
2015-12-24,4.153494834899902,4.2262036439642765,4.035342803480951,4.180760421609699,30300
2015-12-28,4.1716718673706055,4.3170894795805665,4.053519840760678,4.108051445339413,123000
2015-12-29,4.226203441619873,4.3261782659860835,3.899013383116881,4.208026240224077,91300
2015-12-30,4.389798641204834,4.462507453198327,4.12622898103907,4.12622898103907,321400
2015-12-31,4.244379997253418,4.480683579446297,4.089873592207235,4.3534431890347465,75900
2016-01-04,4.180759429931641,4.244379839461521,3.858113841206147,4.244379839461521,64100
2016-01-05,4.3080010414123535,4.32617867791766,4.0807857856405105,4.171672234652214,44400
2016-01-06,4.362533092498779,4.4534191083052725,4.180760627507084,4.271646643313577,264700
2016-01-07,3.8717479705810547,4.344355661351735,3.817215930580216,4.253469216936128,111200
2016-01-08,3.8263049125671387,3.953545333478954,3.744507282434477,3.953545333478954,55000
2016-01-11,3.6899752616882324,3.89901328940504,3.644532475980282,3.8353928693595227,75300
2016-01-12,3.762683629989624,3.771772446106368,3.644532054122187,3.717240849541719,87900
2016-01-13,3.5990896224975586,3.835393258967677,3.571823818289468,3.762684447746102,117400
2016-01-14,3.317342519760132,3.599089359331723,3.235544896427562,3.599089359331723,119000
2016-01-15,3.44458270072937,3.4718485011282323,3.1173928792537056,3.2173674807162,101100
2016-01-19,3.035595417022705,3.5409220870428677,2.9537980116318288,3.508203081548651,189400
2016-01-20,2.517544746398926,2.999241010930162,2.299418115602769,2.999241010930162,256500
2016-01-21,2.5084567070007324,2.5902541305904356,2.4539250912742636,2.544811117485045,148100
2016-01-22,2.5902535915374756,2.662962614064137,2.435747379133154,2.544810587889146,337800
2016-01-25,2.5266332626342773,2.626608082451546,2.5175446623499185,2.590253464624788,296200
2016-01-26,2.69931697845459,2.7538485820542387,2.526633350366371,2.562987752766137,208500
2016-01-27,2.69931697845459,2.790202984454005,2.6356967742549995,2.69931697845459,106000
2016-01-28,2.808380126953125,2.812924535502774,2.64932951143396,2.7356713236733525,66400
2016-01-29,3.0719501972198486,3.0810387982954968,2.844734953639304,2.8810893579418964,323900
2016-02-01,3.0901272296905518,3.117393031420316,2.890177800316285,3.0810386291139635,136500
2016-02-02,3.1719250679016113,3.2082794751709587,2.990152814865514,3.044684425769535,102600
2016-02-03,3.2173678874969482,3.3082541170068063,3.0628614490127326,3.199190684932846,73100
2016-02-04,3.362785577774048,3.6808870421262077,3.235544948695316,3.235544948695316,68300
2016-02-05,3.053772211074829,3.3718736230069646,3.053772211074829,3.308253427296258,81600
2016-02-08,3.0265071392059326,3.044684342342535,2.817469086445649,3.0265071392059326,132400
2016-02-09,2.8992667198181152,3.0446843450397583,2.7538488779071177,2.962886930852584,127700
2016-02-10,2.4084813594818115,2.990152187039907,2.3893951479902777,2.890177588040311,105000
2016-02-11,2.3903045654296875,2.5629879930155797,2.3175955371252237,2.4266589712372437,125100
2016-02-12,2.835646390914917,2.8810896170697045,2.426659089036722,2.426659089036722,80600
2016-02-16,2.971975088119507,3.081038507420143,2.835645868166042,2.890177686161021,61300
2016-02-17,3.199190378189087,3.3082537998058625,2.9810637516448613,2.9810637516448613,40700
2016-02-18,3.0083298683166504,3.3173427480581092,2.9683400656546333,3.217367916369043,26100
2016-02-19,2.990152359008789,3.131025774045662,2.962886557713523,2.990152359008789,40800
2016-02-22,3.1628360748291016,3.1901018769082263,3.0355954484371876,3.0355954484371876,36300
2016-02-23,3.108304500579834,3.276443723363651,3.044684078427037,3.1901019076042854,32700
2016-02-24,3.0265071392059326,3.108304770009998,2.926532521954618,3.071950363736793,28000
2016-02-25,2.76293683052063,2.999240632691755,2.608430423323982,2.8992660388340608,299500
2016-02-26,3.2537221908569336,3.526380654169092,2.7720259045957754,2.7720259045957754,124600
2016-02-29,3.362785577774048,3.4718487883935283,3.317342573349264,3.3355197751191774,68300
2016-03-01,2.862912178039551,3.0355955998188637,2.7265829441560125,2.953798189502347,158400
2016-03-02,3.3264312744140625,3.3536970778900783,2.890177985419125,2.9265323900538127,102400
2016-03-03,3.362785577774048,3.8353930404811343,3.1628361416156623,3.2809879531201,189800
2016-03-04,4.253469467163086,4.271646670439815,3.362785856535277,3.362785856535277,344800
2016-03-07,4.598837375640869,4.716989429373912,4.271647239679661,4.326179290155503,241800
2016-03-08,4.1262288093566895,4.571570914355285,4.062608384820122,4.5533937121132215,173200
2016-03-09,4.135317802429199,4.208026614478984,3.8808365268762484,4.098963396404307,94000
2016-03-10,3.8990132808685303,3.9353676827067585,2.826557343194164,2.95379796631729,166900
2016-03-11,4.544304847717285,4.889672120154683,3.8263047164482487,3.9717223328940237,217600
2016-03-14,4.280735015869141,4.6079250720838685,4.1171402044511085,4.417064242073499,133200
2016-03-15,4.108051300048828,4.289823308882498,3.8535700543030362,4.2534689071157645,113200
2016-03-16,4.317090034484863,4.398887668556295,4.117140791995362,4.117140791995362,52800
2016-03-17,4.3988871574401855,4.570661562301141,4.171671918867922,4.289823513557707,151100
2016-03-18,4.271646022796631,4.58974768197866,4.235291621755024,4.435241260862508,181400
2016-03-21,4.344356060028076,4.40797605690291,4.098963591019671,4.335267241400971,161900
2016-03-22,4.2171149253845215,4.353444162277844,4.112596118239483,4.198937722690658,92000
2016-03-23,4.098962783813477,4.180759968455526,4.008076348955537,4.171671584996916,103900
2016-03-24,4.326178550720215,4.426152948287728,3.9535452475129627,3.971722450105119,88000
2016-03-28,4.471595764160156,4.544304567906068,4.089874111115462,4.353443741383721,81700
2016-03-29,4.789697170257568,4.85331759252275,4.344355514537313,4.426152705016922,74600
2016-03-30,5.053266525268555,5.135064144517106,4.635190478809407,4.707899281084277,197000
2016-03-31,5.053266525268555,5.27139336547181,4.953291705451285,5.0623553422422365,164400
2016-04-01,4.962380886077881,5.044178511320721,4.689722424187531,5.044178511320721,72200
2016-04-04,4.7624311447143555,5.116887225366671,4.607925148072068,5.116887225366671,98800
2016-04-05,4.7169880867004395,4.826051289850143,4.589747683025785,4.7169880867004395,47700
2016-04-06,4.635190963745117,4.744254178567663,4.417064534100025,4.617013761274693,146800
2016-04-07,4.88967227935791,5.0169126978907945,4.498861772367437,4.589748218983907,156000
2016-04-08,5.116887092590332,5.598583138343596,4.844228642760389,4.9442034654818565,151500
2016-04-11,5.144153118133545,5.562229212544967,5.071444307519158,5.198684726094336,199900
2016-04-12,5.371367454528809,5.616759865309855,5.121431068891141,5.1532410597805995,176000
2016-04-13,5.507697582244873,5.589495210543634,5.398634366765655,5.471343177085133,133000
2016-04-14,5.689468860626221,5.6985572433406,5.444076026658925,5.516785255266978,123100
2016-04-15,5.998481750488281,6.062102168413907,5.5440513082788865,5.644026126910973,294200
2016-04-18,6.4256463050842285,6.4974463080919325,5.916684285876362,5.925772668934002,322800
2016-04-19,6.734659194946289,6.961874422126702,6.471089566087302,6.689216409537398,203400
2016-04-20,6.771014213562012,7.161824717283141,6.743748626508119,6.852811841481075,554300
2016-04-21,6.771014213562012,6.907343448967552,6.589242188607087,6.634685411535164,122300
2016-04-22,7.016406536102295,7.261798982009765,6.725571301473402,6.752836888030519,206900
2016-04-25,7.043671607971191,7.270886821131552,7.016405591705352,7.180000822543133,222600
2016-04-26,7.2799763679504395,7.389039577196917,6.889165884749223,6.907343086290303,205100
2016-04-27,7.598076343536377,7.698051591097447,7.298152334367654,7.325418783751898,315400
2016-04-28,7.970710277557373,8.043419078105174,7.570811007787199,7.570811007787199,409500
2016-04-29,8.070683479309082,8.179746664153607,7.788936268392869,7.970709109890888,199600
2016-05-02,8.606912612915039,8.688710229243515,7.870734932716011,8.152482181541068,458000
2016-05-03,8.452406883239746,8.506938054048467,8.052507585774904,8.397874845673693,252300
2016-05-04,8.406964302062988,8.843217168721084,8.216103456210723,8.39787548398493,267700
2016-05-05,8.325167655944824,8.734154983421021,8.225193245552976,8.406965294791565,360200
2016-05-06,9.115873336791992,9.83387331486272,8.234279008504272,8.543290944139564,507400
2016-05-09,8.861393928527832,9.5066852133781,8.534204310891745,9.26129235008305,391800
2016-05-10,9.179494857788086,9.64301322882025,8.95227964711766,9.124962825853997,448800
2016-05-11,9.633925437927246,9.77479862817293,9.270380574807822,9.270380574807822,358800
2016-05-12,9.424890518188477,9.970207583630144,9.124966392222834,9.742992284155713,318800
2016-05-13,9.588481903076172,9.979291469489942,9.488506657330719,9.50668428992343,759800
2016-05-16,10.5427885055542,11.16990224742294,9.924762715431575,10.07926916296223,1016500
2016-05-17,10.724559783935547,10.951775029922498,10.388281323885746,10.551875711601333,629100
2016-05-18,11.388029098510742,11.519814371256196,10.68820651708367,10.724560925641473,607600
2016-05-19,10.960862159729004,11.306228517693675,10.770001347823662,11.17898855426161,510000
2016-05-20,11.351672172546387,11.388026573042046,10.997216984403025,11.060836968581109,357200
2016-05-23,11.424381256103516,11.915166108312425,11.260786883205412,11.569798861682852,567000
2016-05-24,12.16055965423584,12.3150660855748,11.515268342984102,11.933344416002937,630800
2016-05-25,12.942177772521973,13.187570608140351,12.215088948578186,12.305975376605115,662100
2016-05-26,12.605902671813965,13.48749813386799,12.296889775830651,13.187574056415347,564300
2016-05-27,12.378684997558594,12.724052233625002,12.042406578252233,12.687697833342078,587800
2016-05-31,12.660432815551758,13.051242419367227,12.405951135442486,12.66952076596063,580600
2016-06-01,12.360508918762207,12.587724149866238,11.83336965194144,12.469572125681264,417500
2016-06-02,12.41504192352295,12.569548372847052,12.206004296059426,12.360510745383529,409500
2016-06-03,13.078510284423828,13.178484683785397,12.451395700294032,12.533193330115953,578500
2016-06-06,14.105523109436035,14.43271275678619,13.451142947978335,13.52385175850059,807100
2016-06-07,13.896483421325684,14.287293893984184,13.72380022803316,14.132787468363722,385600
2016-06-08,14.314558982849121,14.496330987057654,13.969191741474269,14.014634959215723,376700
2016-06-09,14.132786750793457,14.314558752071482,13.53293871319734,14.096432350537853,401700
2016-06-10,13.632914543151855,14.096433845640787,13.596560139040413,13.86012978553772,484400
2016-06-13,12.742233276367188,13.432058704685918,12.501384768329796,13.40570147573273,567000
2016-06-14,12.960358619689941,13.414789139033145,12.424130468183774,12.66952249791524,459100
2016-06-15,13.578381538391113,13.829227168956004,12.88764790937426,13.023976698411946,287200
2016-06-16,13.405701637268066,13.551119279058925,12.924005482146471,13.37843604612166,244000
2016-06-17,13.587472915649414,14.06008109131042,13.387523236196106,13.387523236196106,628500
2016-06-20,14.196409225463867,14.541776521869151,13.226655016782114,13.560206675983578,777900
2016-06-21,14.968938827514648,14.996205279360575,13.932837926574422,14.223673145539072,491600
2016-06-22,14.750814437866211,15.078004970866235,14.659927986086773,14.968940882027933,679000
2016-06-23,15.223420143127441,15.323395397299517,14.541774465076958,15.005293734173039,513400
2016-06-24,14.16914176940918,14.750812198883727,13.914660956514064,14.478154618446187,559400
2016-06-27,13.414788246154785,13.814686695186591,13.369345023893647,13.814686695186591,547100
2016-06-28,14.041901588439941,14.296382413275493,13.714711956508514,13.714711956508514,625200
2016-06-29,15.014381408691406,15.123443738112028,14.20276813532973,14.441798978689727,582700
2016-06-30,15.905068397521973,16.659423000749563,14.914409712937983,15.07800497953202,682900
2016-07-01,16.277700424194336,16.477649220778517,15.83235874076949,15.83235874076949,544800
2016-07-05,15.56878662109375,16.52763515823142,15.214331421019963,16.27769875475594,403000
2016-07-06,16.05048370361328,16.13228132506945,15.287040392365443,15.514255622295998,213300
2016-07-07,16.03230857849121,16.568536743736882,15.823270950280838,16.295879118550737,264700
2016-07-08,16.723037719726562,17.022961702664343,16.123189753851,16.386760207637042,359800
2016-07-11,17.341062545776367,17.850024065867505,16.72303697605143,16.72303697605143,487700
2016-07-12,17.50466537475586,17.786411836499774,17.213830093792463,17.759147112356338,521500
2016-07-13,17.213825225830078,17.750053273532526,16.64124191153074,17.622811573957936,405500
2016-07-14,16.941165924072266,17.83185088688778,16.922990024291376,17.34106518899875,429500
2016-07-15,17.20473861694336,17.368333870593336,16.96843455428392,17.013876909846807,337000
2016-07-18,17.63190269470215,17.913649113587894,16.99570104774999,17.032054585582948,345700
2016-07-19,14.77807903289795,17.032053738975765,14.650839056535146,17.032053738975765,1968600
2016-07-20,12.833117485046387,13.62382646761339,12.751319854650246,13.560206473641907,7576400
2016-07-21,12.26053524017334,13.342080364797843,12.187826426203658,13.023978653612415,2146500
2016-07-22,12.887648582458496,13.142129406439706,12.305977260886955,12.351420481858652,1083600
2016-07-25,11.933345794677734,13.178485340035735,11.815193753135485,13.151219750989815,1185000
2016-07-26,12.387775421142578,12.660433892009793,11.442560024424983,11.896990520284547,1286900
2016-07-27,12.960358619689941,12.978535389749807,12.296889610735002,12.633168091038081,959200
2016-07-28,13.142128944396973,13.242103333613988,12.551369692806515,12.933090481979356,741800
2016-07-29,13.123950958251953,13.351166182275934,12.905824551210682,13.142128592217372,1049900
2016-08-01,13.332991600036621,13.487498047033544,12.814941081727785,13.223928378643048,769000
2016-08-02,12.669522285461426,13.523852132884647,12.524104660391282,13.496586544873349,561100
2016-08-03,13.078510284423828,13.232107497401332,12.451395700294032,12.696788589759798,331200
2016-08-04,13.00579833984375,13.369342310638302,12.878557516687058,13.09668389916379,335900
2016-08-05,13.11486530303955,13.251194114607644,12.896737991070175,13.11486530303955,341100
2016-08-08,13.196659088134766,13.342076675867844,13.087595030577763,13.15121587527888,532800
2016-08-09,12.269621849060059,13.187571543567039,11.978786645555779,13.096685109093313,873700
2016-08-10,11.778838157653809,12.6876991239334,11.133546836925003,12.605901498287059,1344100
2016-08-11,12.10602855682373,12.405952625267027,11.542534826210343,11.787927718622539,609700
2016-08-12,10.52461051940918,12.024230852450355,10.270129677053765,11.81519323434776,1502000
2016-08-15,11.215344429016113,11.421656082700142,10.55187547490322,10.55187547490322,647300
2016-08-16,10.888154029846191,11.242610121002132,10.770002866218244,11.242610121002132,395200
2016-08-17,11.05174732208252,11.351671320344904,10.897240914885872,11.278962524812036,520800
2016-08-18,11.478912353515625,11.551621150363518,11.015393123542392,11.097190736685578,434500
2016-08-19,10.842711448669434,11.469825124982863,10.798176589360446,11.451648356633303,444200
2016-08-22,11.03357219696045,11.115368954027899,10.115622433438103,10.42463529377294,591900
2016-08-23,10.997217178344727,11.342583555765573,10.947229551747657,11.088102747808053,318600
2016-08-24,10.706381797790527,11.042660246833853,10.579141818927152,10.951774671468206,328600
2016-08-25,11.115370750427246,11.178991616327073,10.37010493159127,10.515522567778048,341000
2016-08-26,11.133546829223633,11.669774937638847,10.969951578044114,11.188078868535925,426700
2016-08-29,11.09719181060791,11.378939075727292,10.933596568489733,10.933596568489733,391900
2016-08-30,10.869976997375488,11.171718631707359,10.706381749002524,11.033572245748452,316400
2016-08-31,10.988129615783691,11.042660790335544,10.660939101443004,10.697294373487429,320700
2016-09-01,11.351672172546387,11.39711538985528,10.91541936659847,11.04265933495464,382500
2016-09-02,11.088104248046875,12.006054084397533,10.979041029880076,11.442560357157031,355600
2016-09-06,11.442559242248535,11.469824827444254,10.906331155107893,11.060837582479174,361600
2016-09-07,11.76974868774414,11.806103089710437,11.42892584427612,11.497090239618263,357300
2016-09-08,11.76974868774414,11.960609514756523,11.578887860731758,11.724305468596942,250900
2016-09-09,10.660937309265137,11.68795016942253,10.370102115860298,11.64250782052096,525100
2016-09-12,10.642760276794434,10.724557889582435,10.142886650567815,10.30648187614382,375400
2016-09-13,9.661192893981934,10.397369846027365,9.506686448884512,10.297395444335033,441200
2016-09-14,9.661192893981934,9.811154929899146,9.506686448884512,9.633927305658101,221500
2016-09-15,9.334000587463379,9.488506121998222,9.134050974010668,9.406709380217604,381600
2016-09-16,9.397622108459473,9.488507680956127,9.115874840178005,9.25220449905897,264200
2016-09-19,9.34308910369873,9.879317132882859,9.30673470511458,9.552127545625513,282300
2016-09-20,9.433976173400879,9.561217010454177,9.234026534247777,9.279469752249476,228800
2016-09-21,10.142887115478516,10.233773548688228,9.497595866609894,9.552127899887175,335100
2016-09-22,10.10653305053711,10.560963498133692,10.061089832425992,10.397368259636588,293500
2016-09-23,10.151976585388184,10.429179444433114,10.106533365859246,10.106533365859246,185200
2016-09-26,10.13379955291748,10.370103615100803,10.097445148485997,10.124711601877639,126900
2016-09-27,9.761165618896484,10.061089639209815,9.679368001218798,10.061089639209815,198200
2016-09-28,10.488252639770508,10.660935794631667,9.95929590355101,9.96111349323797,404000
2016-09-29,10.224686622619629,10.670028320827502,10.052003407699765,10.515521875856212,236200
2016-09-30,10.261039733886719,10.424634976558206,10.170153295345377,10.370102940081939,280800
2016-10-03,9.143141746520996,10.442812345213591,8.72506566533301,10.061090668182937,759200
2016-10-04,8.007063865661621,9.088607814175324,7.943443021567508,9.088607814175324,751800
2016-10-05,8.470582962036133,8.815950193833638,7.743494965364822,8.09795014705277,670200
2016-10-06,8.41605281829834,8.62509042605217,8.234280797043407,8.388786365042074,409000
2016-10-07,8.23427963256836,8.534203641913697,7.852558008536613,8.488760426337109,411200
2016-10-10,8.5796480178833,8.765965332445028,8.288812756287834,8.443319205699789,582600
2016-10-11,8.534205436706543,8.645086247296788,8.316078129416933,8.625091020216239,331000
2016-10-12,8.625092506408691,8.767784205909882,8.388788388402476,8.561472500313778,256000
2016-10-13,8.243367195129395,8.443316814221431,8.070684024157094,8.370608019416546,361600
2016-10-14,8.570557594299316,8.615999940750063,8.30698799780187,8.30698799780187,410900
2016-10-17,9.115873336791992,9.297645318564864,8.661442948981225,8.715974976891676,688100
2016-10-18,9.206761360168457,9.29764693346211,8.943191724129402,9.206761360168457,317500
2016-10-19,9.543038368225098,9.661190375842558,9.22493674258138,9.297645536998711,357900
2016-10-20,9.697546005249023,9.8702291972425,9.124963526390694,9.388533156332722,451700
2016-10-21,9.497596740722656,9.833875187736409,9.34309031010048,9.643014353835918,459600
2016-10-24,9.633925437927246,9.861140652342915,9.543039005458075,9.633925437927246,169600
2016-10-25,9.633925437927246,10.042912650523999,9.543039005458075,9.770254219873744,173700
2016-10-26,9.315825462341309,9.679369523924834,9.270382237954015,9.588483941907658,160400
2016-10-27,8.95228099822998,9.452153843741835,8.906837775885982,9.452153843741835,127800
2016-10-28,9.04316520690918,9.224937202005181,8.861393211813178,8.90683642727649,136700
2016-10-31,9.315825462341309,9.633927166294953,8.90683817637049,8.90683817637049,228100
2016-11-01,9.134052276611328,9.58848272950983,8.929558226104081,9.497596292227207,278600
2016-11-02,9.08860969543457,9.315824937820436,8.952280896705998,8.997723251777279,207000
2016-11-03,7.7707600593566895,8.906836066082603,7.361772870286802,8.497848877012716,546300
2016-11-04,8.13430404663086,8.13430404663086,7.407215227917871,7.543544868977486,372700
2016-11-07,8.270635604858398,8.543293216666386,8.134305932196995,8.270635604858398,335900
2016-11-08,7.997976303100586,8.40696354547493,7.952533083557365,8.179748314516148,181300
2016-11-09,10.042914390563965,10.588230479588931,7.997977106516174,8.134305912083063,699800
2016-11-10,10.815443992614746,10.997216859790605,10.13379834097708,10.588228775402191,624900
2016-11-11,10.815443992614746,11.133545643415232,10.361013558189635,10.906330426202675,331000
2016-11-14,11.76974868774414,11.81519190689134,10.95177421012382,11.1789894391025,464900
2016-11-15,11.951521873474121,11.996965097092435,11.406205790326565,11.815193069376582,620500
2016-11-16,11.406204223632812,12.067854660340794,11.088102568754724,11.95152023187875,404600
2016-11-17,11.406204223632812,11.724305011753623,11.224432220884166,11.36076100625633,346200
2016-11-18,11.451648712158203,11.765205126670834,11.233521417890117,11.406205489737461,243700
2016-11-21,11.451648712158203,11.815192758009388,11.133547021970385,11.633420735083796,255300
2016-11-22,12.724051475524902,12.724051475524902,11.633418665259926,11.633418665259926,367400
2016-11-23,12.63316535949707,12.97489740365906,12.278710185774369,12.67860857495715,182700
2016-11-25,12.315065383911133,13.078508679556885,12.178735728684506,12.587723827607086,172100
2016-11-28,12.042407035827637,12.54228070877949,11.860635027506229,12.360508700458082,302500
2016-11-29,12.860381126403809,13.49658443685378,11.93334347799612,11.951520244912167,525800
2016-11-30,12.996711730957031,13.496585425754867,12.587724477670562,13.4056989842435,335700
2016-12-01,13.22392749786377,13.496585966566014,12.81494022818909,13.042155474314733,222100
2016-12-02,13.405701637268066,13.405701637268066,12.9967143030419,13.269372814778517,285000
2016-12-05,13.723800659179688,14.06462351462199,13.496585422218152,13.678357438435912,314000
2016-12-06,14.360002517700195,14.541774525922769,13.678356836797565,13.7692424075302,355100
2016-12-07,14.678104400634766,14.927132460352516,14.11006629121767,14.54177560107761,343500
2016-12-08,14.678104400634766,15.314307776587805,14.178231557753618,14.85987728905413,312100
2016-12-09,14.450887680053711,14.859875770443214,13.996457238960735,14.723546984818233,352300
2016-12-12,14.360002517700195,14.678103315400373,13.905572063765108,14.587216877910434,262900
2016-12-13,14.041901588439941,14.496332066167819,13.723800774084836,14.360003269552395,270400
2016-12-14,13.951016426086426,14.405446917271556,13.814686758676462,13.86012998114645,189100
2016-12-15,14.178231239318848,14.428167655145996,13.314812638990846,13.723800761991415,203800
2016-12-16,14.041901588439941,14.541775287292076,13.769243128451745,14.223673606179622,409000
2016-12-19,13.632914543151855,14.087345027923584,13.087597614722837,13.905573007366366,280500
2016-12-20,13.814687728881836,13.996459764770261,13.455688066346877,13.63291569299341,209300
2016-12-21,13.587472915649414,13.905574639017974,13.405700873763438,13.814688184696253,105000
2016-12-22,13.133041381835938,13.814687137295493,12.996712577446987,13.678358332906543,138900
2016-12-23,12.724051475524902,13.178481885365077,12.337785453809309,13.178481885365077,179600
2016-12-27,13.08759880065918,13.542029326609255,12.860383537684141,12.860383537684141,116100
2016-12-28,12.860381126403809,13.31481156714963,12.769495558309012,13.133039564202758,95900
2016-12-29,12.678609848022461,13.133040314738372,12.360509041375721,12.860381861357359,99700
2016-12-30,12.133294105529785,12.814939822317811,11.951521220980432,12.814939822317811,229500
2017-01-03,12.315065383911133,12.814939052894164,11.733394095143582,12.542280609198212,293200
2017-01-04,13.269370079040527,13.269370079040527,12.31506591808944,12.31506591808944,196000
2017-01-05,12.9058256149292,13.360256100432041,12.542281573229873,13.314812878530283,187100
2017-01-06,12.542282104492188,12.951269385417035,12.451395656838931,12.905826161590406,194100
2017-01-09,12.269621849060059,13.496584380668976,12.201457456583402,12.996710724578035,203900
2017-01-10,12.951268196105957,13.087596988309407,12.496837733084696,12.542280952738286,313100
2017-01-11,12.9058256149292,13.178484079582377,12.633167150276023,12.951268836830957,126600
2017-01-12,12.315065383911133,12.951267841363492,12.096938975657288,12.951267841363492,180200
2017-01-13,10.27012825012207,12.360508474497635,10.133798596305255,12.269622038619758,641400
2017-01-17,9.770254135131836,10.451899772466616,9.45215249100604,10.179241344181253,357000
2017-01-18,10.179242134094238,10.224685353461085,9.543039663230346,9.770254893307259,230800
2017-01-19,9.679367065429688,10.088355114277663,9.497595080806805,10.088355114277663,195100
2017-01-20,9.81569766998291,9.997469672495,9.543039232836136,9.770254452665569,275800
2017-01-23,9.406709671020508,9.906582419969785,9.315823243889437,9.861140073161456,221400
2017-01-24,9.633925437927246,9.997469434289412,9.543039005458075,9.543039005458075,244500
2017-01-25,9.81569766998291,9.81569766998291,9.179495227811957,9.724811235348227,225000
2017-01-26,9.679367065429688,9.861139916809762,9.497595080806805,9.724810278274706,331900
2017-01-27,9.81569766998291,9.906583237860316,9.588482450153478,9.679368018030885,244800
2017-01-30,9.452154159545898,9.72481263596225,9.22493890699184,9.72481263596225,216600
2017-01-31,9.633925437927246,9.702089828900496,9.134051792861325,9.543039005458075,284200
2017-02-01,9.315825462341309,9.90658477910389,9.088610207162253,9.633927166294953,327700
2017-02-02,9.406709671020508,9.747532472626219,9.179494469950034,9.361266457454972,152400
2017-02-03,9.588481903076172,9.67936746576804,9.17949470406969,9.543038688351622,236300
2017-02-06,9.361268043518066,9.633926504350118,9.315824822253166,9.497596840555415,172600
2017-02-07,9.361268043518066,9.497596840555415,9.247660423734493,9.315824822253166,242300
2017-02-08,9.724812507629395,9.770255730891998,9.224938785255535,9.315825231780742,269800
2017-02-09,10.406457901000977,10.588229921087976,9.679368953895622,9.724812175606711,308500
2017-02-10,10.179242134094238,10.770002252348602,10.133798914727393,10.633672594248065,137500
2017-02-13,10.497345924377441,10.815446790717672,10.107444600910686,10.451902695826696,287200
2017-02-14,10.361014366149902,10.588229601080885,10.27012879223191,10.451900806825229,150000
2017-02-15,10.361014366149902,10.724559262093877,10.27012879223191,10.361014366149902,196700
2017-02-16,10.906331062316895,10.951774281761345,10.406457381942573,10.451900601387024,344100
2017-02-17,10.588228225708008,10.95177307442881,10.539149831480787,10.815443431124551,281200
2017-02-21,10.815443992614746,11.088102426621267,10.67911520899012,10.67911520899012,428500
2017-02-22,10.906331062316895,10.92905223866046,10.633672612407508,10.77000227074086,231800
2017-02-23,10.042914390563965,11.109007799655412,9.588483882997789,11.042660987155106,323200
2017-02-24,9.633925437927246,10.052001467122366,9.543039005458075,9.770254219873744,147100
2017-02-27,10.088357925415039,10.315573186196842,9.679369762601846,9.77025621361754,247900
2017-02-28,9.861143112182617,10.270130426800323,9.679370201901438,10.088358383276617,137800
2017-03-01,10.860886573791504,11.088101777706628,10.133797747911663,10.224684176180599,338100
2017-03-02,10.13379955291748,10.951774952761893,9.861141953060047,10.906331730533196,233100
2017-03-03,10.179242134094238,10.406457364171152,10.133798914727393,10.179242134094238,193700
2017-03-06,9.861143112182617,10.12471279198136,9.497598158377732,9.906585472995438,153200
2017-03-07,9.406709671020508,9.861140073161456,9.315823243889437,9.861140073161456,255600
2017-03-08,9.224939346313477,9.633927513794053,9.224939346313477,9.31582579836637,216700
2017-03-09,8.815951347351074,9.315825060536199,8.770508124923813,9.043166592730005,226900
2017-03-10,8.679624557495117,8.952283088463709,8.406966026526526,8.906839855509347,272800
2017-03-13,9.224939346313477,9.452154609688266,8.770508819563897,8.815952045590343,322300
2017-03-14,9.452154159545898,9.588483831132775,8.543293149329662,8.543293149329662,483700
2017-03-15,10.361014366149902,10.63367282141855,9.543039867101296,9.588483087438961,457000
2017-03-16,10.679116249084473,11.088103506549004,10.588229806644643,10.588229806644643,358500
2017-03-17,10.770001411437988,11.360760616809165,10.542786199101805,10.724558195619302,492700
2017-03-20,10.497345924377441,10.77000442892442,10.315573876931953,10.77000442892442,309100
2017-03-21,9.952027320861816,10.633673039643549,9.633926505484753,10.633673039643549,290100
2017-03-22,9.99747085571289,10.224686102433639,9.597572402857622,9.861142054383395,318100
2017-03-23,10.042914390563965,10.133799972022755,9.861142360888975,10.042914390563965,157300
2017-03-24,9.952027320861816,10.179242560455727,9.861141745078664,10.088356984672574,163100
2017-03-27,9.81569766998291,10.088356107129684,9.179495227811957,9.724811235348227,352400
2017-03-28,9.99747085571289,10.179242879738013,9.633926807662647,9.815698831687769,441700
2017-03-29,9.952027320861816,10.224685781725979,9.815698523808411,9.997470542132069,200100
2017-03-30,11.224431991577148,11.315317557716106,10.042912697712618,10.179241480299684,407800
2017-03-31,11.451648712158203,11.951521558514239,10.974496176876476,11.133547021970385,335900
2017-04-03,11.451648712158203,11.724306313167904,11.133547021970385,11.49709106782157,221100
2017-04-04,11.542533874511719,11.678863536863721,11.2244330625384,11.451648299701061,243000
2017-04-05,11.0426607131958,11.906079349556757,10.633673439884362,11.587977655449311,319000
2017-04-06,11.178990364074707,11.178990364074707,10.633673422702326,11.088103918260181,248500
2017-04-07,12.269621849060059,13.269369161241936,11.451647405825632,11.451647405825632,820000
2017-04-10,12.224181175231934,12.496839668626178,11.724307415135394,12.360510855307783,209700
2017-04-11,12.49683666229248,12.51955783679375,11.883355416428492,12.178735018731228,179300
2017-04-12,11.451648712158203,12.3150664711228,11.36076226731672,12.3150664711228,145500
2017-04-13,10.860886573791504,11.587975399671345,10.860886573791504,11.451646624025157,164600
2017-04-17,11.088104248046875,11.360762726842578,10.99721866628658,11.224433920823431,359200
2017-04-18,11.31531810760498,11.497090115473704,10.997217310524041,10.997217310524041,185100
2017-04-19,11.088104248046875,11.542534757120578,10.99721866628658,11.497091532861726,264900
2017-04-20,11.542533874511719,11.747027934661052,11.133546620970398,11.40620507891706,222200
2017-04-21,11.542533874511719,11.633420316079722,11.2244330625384,11.542533874511719,145700
2017-04-24,11.76974868774414,11.996963916722821,11.633419897059857,11.906078345185737,233700
2017-04-25,12.996711730957031,13.314812542732131,11.996964341361359,11.996964341361359,470100
2017-04-26,12.951268196105957,13.133040207962997,12.405951293777514,12.496837733084696,171400
2017-04-27,12.405950546264648,12.9967106326508,12.269621762275605,12.9967106326508,254700
2017-04-28,12.451395034790039,12.860382295282632,12.40595181323367,12.496838256346408,140000
2017-05-01,12.63316535949707,12.951267000960398,12.269621369330903,12.451393364413986,282400
2017-05-02,11.951521873474121,12.724054074713242,11.906079516613207,12.54228204699739,170500
2017-05-03,11.224431991577148,11.996963204165958,10.906330343197647,11.815191205130784,417200
2017-05-04,9.452154159545898,11.860636356673366,9.383989757131161,11.45164907542754,614600
2017-05-05,9.08860969543457,9.63392662386359,8.679622432491488,9.63392662386359,629800
2017-05-08,8.906839370727539,9.08861142589391,8.58873762411824,9.08861142589391,390500
2017-05-09,9.406709671020508,9.571213254705686,8.74778524121325,8.95227926887956,519700
2017-05-10,9.179494857788086,9.452152417186802,8.997721995845952,9.452152417186802,514900
2017-05-11,8.95228099822998,9.452153843741835,8.815951331197986,9.22493859877922,331700
2017-05-12,8.13430404663086,8.997721639646254,8.04341848601499,8.906836079030386,619100
2017-05-15,8.679624557495117,8.679624557495117,8.270637194421017,8.316079560617803,526700
2017-05-16,8.906839370727539,8.975003783070237,8.497852029913819,8.634180854599215,312000
2017-05-17,8.316076278686523,8.845942310962057,8.111583111231287,8.770506695374468,490000
2017-05-18,8.13430404663086,8.361519248306342,7.952532058641914,8.316076034619805,466000
2017-05-19,8.452406883239746,8.679622117376528,7.997976414966183,8.225191649102964,431200
2017-05-22,8.406964302062988,8.725066000735898,8.225192274288782,8.679622777102997,339800
2017-05-23,8.634180068969727,8.815952107596546,8.22519276537002,8.452408030342907,287900
2017-05-24,8.725066184997559,9.134053472816134,8.388786843066761,8.588736511219755,556000
2017-05-25,8.543292045593262,8.86139370477529,8.520570869976241,8.725064917558587,419200
2017-05-26,7.952534198760986,8.54329353539454,7.5889901249491745,8.54329353539454,634700
2017-05-30,7.952534198760986,7.997977424676822,7.725318935939243,7.816205387770917,423100
2017-05-31,7.588990211486816,7.997977515878167,7.089116454227408,7.997977515878167,654100
2017-06-01,7.997976303100586,8.088861875429707,7.611710237119193,7.725317852598584,431900
2017-06-02,7.8616461753845215,8.088861392785892,7.725317391646606,7.8616461753845215,439600
2017-06-05,8.179747581481934,8.361519576607861,7.90708915541442,7.952532370885213,424000
2017-06-06,8.270635604858398,8.384243232030864,7.952533902072534,8.134305932196995,287200
2017-06-07,7.997976303100586,8.49784998456137,7.952533083557365,8.270634753602588,335200
2017-06-08,9.08860969543457,9.156774094798857,7.77076146294803,7.952533483505249,607900
2017-06-09,8.725066184997559,9.361268729021722,8.634179735812356,9.134053472816134,430500
2017-06-12,9.270381927490234,9.315825150355641,8.725065853377505,8.815951432350936,349100
2017-06-13,9.361268043518066,9.674825316812793,9.197672793667365,9.315824822253166,343100
2017-06-14,8.725066184997559,9.315825504429121,8.49785092879197,9.27038227983652,410500
2017-06-15,8.225190162658691,8.679620548808263,8.088860526759515,8.452405355733477,319400
2017-06-16,8.13430404663086,8.361519248306342,7.952532058641914,8.225190474003936,263300
2017-06-19,8.13430404663086,8.361519248306342,7.9979752723284525,8.225190474003936,281300
2017-06-20,8.043420791625977,8.088863151581158,7.8162055248202424,7.997977564913338,200700
2017-06-21,7.8616461753845215,8.322438608538269,7.816203825310062,8.088861392785892,276300
2017-06-22,8.13430404663086,8.179747260317397,7.861645631268837,7.861645631268837,198400
2017-06-23,8.316076278686523,8.452405923747246,7.997975507059301,8.270633930423516,453500
2017-06-26,8.270635604858398,8.497850859203329,8.04342035051347,8.270635604858398,256700
2017-06-27,8.179747581481934,8.725064433616959,8.088861150540348,8.406962792078653,237600
2017-06-28,8.679624557495117,8.997725454660493,7.857105421375724,8.043421896406787,496000
2017-06-29,8.588737487792969,9.08861128163436,8.270636612990275,8.815952769833828,367000
2017-06-30,8.997723579406738,9.08861002637343,8.543293078088066,8.543293078088066,418200
2017-07-03,9.08860969543457,9.315824937820436,9.043166473605925,9.08860969543457,168400
2017-07-05,8.77051067352295,9.179498927457724,8.58873859775062,9.088612456192745,166200
2017-07-06,8.179747581481934,8.906836428742887,8.088861150540348,8.679621218146167,343900
2017-07-07,8.452406883239746,8.49785010341857,7.95253319478736,8.179748428924142,233900
2017-07-10,8.543292045593262,8.702342875184277,8.13430481718586,8.316076822393896,189500
2017-07-11,8.225190162658691,8.634177336841871,8.179746950692298,8.497848567699869,358500
2017-07-12,8.088861465454102,8.67962155605926,8.0434191149714,8.452406336616647,392700
2017-07-13,8.225190162658691,8.497848567699869,7.952531757617512,8.088860526759515,431900
2017-07-14,8.179747581481934,8.452406007549445,8.088861150540348,8.270634012423518,283400
2017-07-17,8.179747581481934,8.429683966435428,8.088861150540348,8.179747581481934,353500
2017-07-18,8.452406883239746,8.49785010341857,8.043419635145005,8.13430520874532,389900
2017-07-19,8.452406883239746,8.725065337555352,8.179748428924142,8.361520442882101,269000
2017-07-20,8.179747581481934,8.49784922302024,8.13430436601114,8.49784922302024,551000
2017-07-21,8.088861465454102,8.270634334414012,8.0434191149714,8.270634334414012,266000
2017-07-24,8.043420791625977,8.134306378293797,7.861647884775423,8.043420791625977,292000
2017-07-25,8.316076278686523,8.67962113209122,8.134304285362791,8.134304285362791,305600
2017-07-26,8.088861465454102,8.497849553856625,7.952532680491444,8.40696311937667,355000
2017-07-27,8.088861465454102,8.270634334414012,7.9070894632514666,8.13430468269408,301100
2017-07-28,7.907089710235596,8.043419366213891,7.748038878306234,8.043419366213891,476500
2017-07-31,7.8616461753845215,8.034330225993633,7.725317391646606,7.952532609047977,236600
2017-08-01,7.8616461753845215,7.9979758258797045,7.679874174814878,7.907089392216249,243300
2017-08-02,7.7707600593566895,7.816203272977168,7.598076020950315,7.725316845736211,243900
2017-08-03,7.7707600593566895,7.816203272977168,7.498101644391029,7.7707600593566895,263400
2017-08-04,7.72531795501709,7.8616467486968125,7.180001480162205,7.8616467486968125,456700
2017-08-07,7.452661037445068,7.816206006806725,7.339053397036585,7.725319547776933,344200
2017-08-08,7.452661037445068,7.634433088747142,7.2254457566281,7.452661037445068,697200
2017-08-09,7.180001258850098,7.407216052438988,7.098203638460613,7.316330481706354,345600
2017-08-10,7.8616461753845215,8.020697000916934,7.089114956274222,7.225443740012136,545600
2017-08-11,7.543545722961426,7.816204169190356,7.18000127244907,7.2254440579014565,208400
2017-08-14,7.270887851715088,7.725318342447281,7.2254446292903936,7.588989541930573,292200
2017-08-15,7.2254438400268555,7.3617734924091165,7.0891150544018755,7.270887057487609,328100
2017-08-16,7.816202640533447,7.997974613550173,7.452657827742859,7.498101037686324,360600
2017-08-17,7.134557723999023,7.816203808079066,7.08911494064611,7.6798741578844245,339800
2017-08-18,7.2254438400268555,7.270887057487609,7.0436718369411215,7.0891150544018755,228300
2017-08-21,7.180001258850098,7.407216052438988,7.134558040105128,7.225444044216415,179300
2017-08-22,7.2254438400268555,7.270887057487609,7.0436718369411215,7.180001055944742,206100
2017-08-23,7.361774444580078,7.452660024499434,7.134558761266903,7.180001984605277,113200
2017-08-24,7.361774444580078,7.498103247837809,7.225444774564956,7.40721680116106,108200
2017-08-25,6.998228073120117,7.4981016926481,6.952785292585777,7.4981016926481,310100
2017-08-28,7.452661037445068,7.520825448338657,6.998230475811131,7.0891169348409235,355900
2017-08-29,7.816202640533447,7.861644983719776,7.270885854726132,7.361772274613064,309800
2017-08-30,7.816202640533447,8.04341782349364,7.634429800759584,7.816202640533447,268400
2017-08-31,7.816202640533447,8.04341782349364,7.67987301070305,7.907088193663242,184900
2017-09-01,7.816202640533447,7.952531403606708,7.634429800759584,7.861644983719776,152900
2017-09-05,7.816202640533447,7.997974613550173,7.67987301070305,7.861644983719776,287600
2017-09-06,7.952534198760986,8.04342065059266,7.725318935939243,7.816205387770917,241800
2017-09-07,8.13430404663086,8.179747260317397,7.770760070652969,7.952532058641914,253700
2017-09-08,7.907089710235596,8.088861718116021,7.770760921014602,7.99797614755446,221900
2017-09-11,7.816202640533447,8.088860166679968,7.67987301070305,7.952531403606708,246900
2017-09-12,8.179747581481934,8.361519576607861,7.725317160288492,7.861645939943628,547800
2017-09-13,7.997976303100586,8.088861875429707,7.952533083557365,8.088861875429707,282100
2017-09-14,7.816202640533447,7.952531403606708,7.725316220646516,7.952531403606708,174700
2017-09-15,8.13430404663086,8.179747260317397,7.770760070652969,7.770760070652969,323900
2017-09-18,8.361518859863281,8.54329083940782,8.08886045716789,8.134303668743316,285600
2017-09-19,8.679624557495117,8.725067790449478,8.179750728512294,8.316079560617803,217800
2017-09-20,8.95228099822998,9.0886097985046,8.63417930857937,8.63417930857937,282400
2017-09-21,8.588737487792969,8.861395999593503,8.543294258033294,8.861395999593503,233400
2017-09-22,8.679624557495117,8.725067790449478,8.406966026526526,8.543294858632033,171100
2017-09-25,8.361518859863281,8.752329265951914,8.316075648287855,8.679620474134099,192400
2017-09-26,8.406964302062988,8.49785074932879,8.270635497921683,8.316077854797186,390000
2017-09-27,8.815951347351074,8.952281014632858,8.31607763416595,8.497850523874995,283800
2017-09-28,8.634180068969727,8.77050888125048,8.361521577650771,8.725066521661862,233100
2017-09-29,9.861143112182617,10.020193108542438,8.36152180290773,8.497851485618613,792400
2017-10-02,9.724812507629395,10.042914203710229,9.452154034811162,9.861142177417205,388500
2017-10-03,9.770254135131836,9.919306912320344,9.497595706846475,9.724810919291402,210000
2017-10-04,9.406709671020508,9.861140073161456,9.2703800303239,9.679367218899312,333600
2017-10-05,9.497596740722656,9.588483182297116,9.36126794511831,9.588483182297116,170600
2017-10-06,8.997723579406738,9.520319349329126,8.90683799919744,9.452154080725409,262600
2017-10-09,8.725066184997559,9.134053472816134,8.47512888311696,9.043167023630932,173600
2017-10-10,8.634180068969727,9.043167372569435,8.543293616277591,8.815952107596546,336900
2017-10-11,8.588737487792969,8.679623947312319,8.497851895031134,8.634180717552644,315900
2017-10-12,8.634180068969727,8.679623295315794,8.497851256688975,8.543293616277591,160200
2017-10-13,8.679624557495117,9.134055153523578,8.588738091586395,8.770510156646264,231400
2017-10-16,9.04316520690918,9.156772812188835,8.770506780886556,8.861393211813178,372900
2017-10-17,8.316076278686523,8.997721903718443,8.225190715403274,8.952279555455435,286600
2017-10-18,7.997976303100586,8.347887966798867,7.997976303100586,8.270634753602588,216400
2017-10-19,8.043420791625977,8.134306378293797,7.770762298107604,7.9525343382007,184800
2017-10-20,8.13430404663086,8.179747260317397,8.023423263971184,8.179747260317397,150300
2017-10-23,8.316076278686523,8.406962708727006,7.952532292039059,8.179747500383034,280500
2017-10-24,8.815951347351074,8.861394569778335,8.31607763416595,8.31607763416595,228900
2017-10-25,8.497851371765137,8.815952226980366,8.270636103715347,8.815952226980366,193900
2017-10-26,8.316076278686523,8.497849138767489,8.225190715403274,8.497849138767489,268100
2017-10-27,8.316076278686523,8.361519493706764,7.907089077018818,8.270633930423516,202700
2017-10-30,8.179747581481934,8.316076361137068,7.975253545241988,8.270634012423518,261100
2017-10-31,7.997976303100586,8.247912710452319,7.884368687621195,8.179748314516148,451900
2017-11-01,8.179747581481934,8.815949997801301,8.066139976183573,8.179747581481934,294200
2017-11-02,8.179747581481934,8.49784922302024,8.088861150540348,8.13430436601114,246200
2017-11-03,8.179747581481934,8.225190796952726,7.952532370885213,8.179747581481934,263900
2017-11-06,8.13430404663086,8.406962461992881,8.04341848601499,8.08886083294432,158700
2017-11-07,8.088861465454102,8.179747899934057,7.816203895528787,8.13430468269408,445400
2017-11-08,8.088861465454102,8.634178338819282,7.634431026568876,8.452406336616647,356100
2017-11-09,8.043420791625977,8.134306378293797,7.770762298107604,7.997977564913338,311100
2017-11-10,8.088861465454102,8.179747899934057,7.861646246011489,7.997975897731422,305200
2017-11-13,7.952534198760986,8.134306235666891,7.816205387770917,7.861647746929312,334100
2017-11-14,7.816202640533447,7.907088193663242,7.498101037686324,7.770759430589981,428500
2017-11-15,7.7707600593566895,7.838924446408803,7.543544858011507,7.725316845736211,153100
2017-11-16,7.816202640533447,8.134303376623434,7.725316220646516,7.952531403606708,153200
2017-11-17,7.72531795501709,7.952533188988181,7.7025967783229135,7.770761175162775,128800
2017-11-20,8.043420791625977,8.088863151581158,7.54354703130187,7.725319071394965,190600
2017-11-21,8.179747581481934,8.225190796952726,7.5435451651625645,7.5435451651625645,519100
2017-11-22,8.270635604858398,8.47512881371439,8.088862707976528,8.225192380637932,359800
2017-11-24,8.13430404663086,8.452405675679419,7.907088844955376,8.406962461992881,194000
2017-11-27,7.907089710235596,8.179748155434886,7.770760921014602,8.179748155434886,257300
2017-11-28,8.043420791625977,8.088863151581158,7.770762298107604,7.997977564913338,258000
2017-11-29,8.406964302062988,8.45240752569589,7.997977022881674,7.997977022881674,455200
2017-11-30,8.406964302062988,8.634179553470096,8.361521078430087,8.49785074932879,219700
2017-12-01,8.179747581481934,8.452406007549445,7.997975586356006,8.452406007549445,156900
2017-12-04,8.543292045593262,8.725064917558587,8.270634471159854,8.270634471159854,183700
2017-12-05,8.497851371765137,8.679623412853477,8.406964917842236,8.543293731969126,472800
2017-12-06,8.361518859863281,8.588734050983247,8.22519009189417,8.497848494589562,236400
2017-12-07,8.361518859863281,8.54329083940782,8.316075648287855,8.406962071438707,147000
2017-12-08,8.361518859863281,8.475126455423263,8.316075648287855,8.452405283014134,130900
2017-12-11,8.270635604858398,8.588736440886855,8.225192380637932,8.406964410762393,148700
2017-12-12,8.043420791625977,8.36152164509953,7.9525343382007,8.316078418386892,144300
2017-12-13,7.907089710235596,8.15702697948382,7.861646491576163,8.088861718116021,224900
2017-12-14,7.952534198760986,8.04342065059266,7.77076216185508,7.907090972845149,297600
2017-12-15,8.043420791625977,8.088863151581158,7.8162055248202424,7.997977564913338,273100
2017-12-18,8.588737487792969,8.634180717552644,8.043421330949416,8.13430692371125,253800
2017-12-19,8.906839370727539,9.08861142589391,8.520573211775542,8.634180854599215,213400
2017-12-20,9.361268043518066,9.679368858857666,8.770507900589063,8.952280785648666,246000
2017-12-21,9.633925437927246,9.724811003639159,9.338544965781072,9.361267007276993,155500
2017-12-22,9.361268043518066,9.633926504350118,9.179496025215817,9.633926504350118,110700
2017-12-26,9.497596740722656,9.588483182297116,9.40671116590554,9.40671116590554,68900
2017-12-27,9.224939346313477,9.588484287767606,9.134053761018027,9.497597835714712,135700
2017-12-28,9.361268043518066,9.406711264782968,9.134052803950917,9.315824822253166,108300
2017-12-29,9.452154159545898,9.49759738340819,9.22493890699184,9.361268578578716,106700
2018-01-02,9.679367065429688,9.815696703964743,9.497595080806805,9.588481506496842,166900
2018-01-03,9.543038368225098,9.761164751477086,9.361266382181773,9.63392479462536,127400
2018-01-04,9.588481903076172,9.815697109941686,9.497595473627074,9.588481903076172,154600
2018-01-05,9.81569766998291,9.81569766998291,9.40671044764139,9.497596015518795,284300
2018-01-08,9.770254135131836,9.861140566812708,9.588482138527345,9.861140566812708,250100
2018-01-09,9.633925437927246,9.770254219873744,9.270380574807822,9.724811003639159,231200
2018-01-10,9.224939346313477,9.679369873063056,9.179496987044473,9.679369873063056,148400
2018-01-11,10.906331062316895,11.17898951222628,9.270381229617897,9.361267668506798,470000
2018-01-12,11.31531810760498,11.4516477635745,10.770002083998811,10.906330873211028,480400
2018-01-16,10.406457901000977,11.40620531161551,10.361014679289887,11.224433291528513,293500
2018-01-17,11.0426607131958,11.0426607131958,10.361014968757607,10.542787860680367,141600
2018-01-18,11.31531810760498,11.54253333413021,10.951774091867534,10.997217310524041,218700
2018-01-19,11.451648712158203,11.49709106782157,11.088103799549643,11.269875822475235,167600
2018-01-22,11.406204223632812,11.451647441009294,11.042659351378243,11.451647441009294,121700
2018-01-23,11.406204223632812,11.497089791628495,10.99721700075904,11.497089791628495,187200
2018-01-24,11.451648712158203,11.724306313167904,11.178990244391127,11.542534290242312,161600
2018-01-25,10.5427885055542,11.49709191273392,10.361015602512882,11.4062063279707,286700
2018-01-26,9.861143112182617,10.67911774141803,9.588484613518322,10.633674513847735,482300
2018-01-29,9.633925437927246,9.952026218054828,9.588482221692662,9.861140652342915,254300
2018-01-30,9.543038368225098,9.724810354268422,9.088607969738188,9.497595155024968,386000
2018-01-31,9.08860969543457,9.724812200763518,9.043166473605925,9.724812200763518,235800
2018-02-01,9.361268043518066,9.543040061820317,8.952280785648666,9.179496025215817,195600
2018-02-02,8.861393928527832,9.315824386401054,8.770507490250264,9.179495595742013,235900
2018-02-05,8.270635604858398,9.065888995065652,8.225192380637932,8.770508471011317,258600
2018-02-06,8.815951347351074,9.134053037584529,7.9616224060995355,8.088862388787017,298500
2018-02-07,8.452406883239746,8.962277750763688,8.384242486350178,8.725065337555352,138700
2018-02-08,8.179747581481934,8.49784922302024,8.043418801826798,8.49784922302024,208900
2018-02-09,8.452406883239746,8.54329245684006,7.861646754429715,8.406963663060923,269400
2018-02-12,9.361268043518066,9.497596840555415,8.543292661021914,8.543292661021914,354900
2018-02-13,9.724812507629395,10.088357426972834,9.270382008518139,9.270382008518139,341100
2018-02-14,10.27012825012207,10.406457037181596,9.543039363370923,9.543039363370923,320200
2018-02-15,10.633672714233398,10.72455915399261,10.133799029072389,10.406457481592696,217500
2018-02-16,10.633672714233398,11.151724034049183,10.2246854688316,10.497343921351908,284800
2018-02-20,10.361014366149902,10.906331276687196,10.338293189359739,10.497344027162892,193600
2018-02-21,10.451900482177734,10.770002147903458,10.36101404432544,10.451900482177734,119400
2018-02-22,9.906584739685059,10.656395772198337,9.815699158029522,10.633673726716395,199800
2018-02-23,9.770254135131836,10.088355779257633,9.633925354367781,10.042912563417199,106400
2018-02-26,9.952027320861816,9.997470542132069,9.633926505484753,9.861141745078664,158500
2018-02-27,9.861143112182617,9.997471928136028,9.679370201901438,9.906585472995438,151100
2018-02-28,9.179494857788086,9.99746926949872,9.134051642302552,9.861140489799363,322800
2018-03-01,9.452154159545898,9.679369412099957,9.202217728439393,9.315825354716424,392600
2018-03-02,9.270381927490234,9.497597175059884,9.088609902785992,9.406711596086454,219700
2018-03-05,9.179494857788086,9.315823637487444,8.997721995845952,9.134051642302552,182800
2018-03-06,8.452406883239746,9.08860936547127,8.225191649102964,8.452406883239746,548500
2018-03-07,9.224939346313477,9.234028164870255,8.452407970893658,8.452407970893658,343600
2018-03-08,9.134052276611328,9.679368300035147,8.725065042354139,9.270381065777958,288400
2018-03-09,8.95228099822998,9.288559456763766,8.77050810885399,9.270381821123218,250300
2018-03-12,9.270381927490234,9.338546328409652,8.952281100947156,8.997723457055178,252700
2018-03-13,8.861393928527832,9.406710824678624,8.725065137868791,9.27038116726227,214500
2018-03-14,8.316076278686523,8.952279555455435,8.08886107034255,8.952279555455435,382500
2018-03-15,8.225190162658691,8.406962143767085,7.997974969583905,8.406962143767085,232700
2018-03-16,8.452406883239746,8.49785010341857,8.043419635145005,8.179748428924142,252600
2018-03-19,8.088861465454102,8.40696311937667,7.861646246011489,8.361519902136692,251600
2018-03-20,7.7707600593566895,8.225190462047054,7.725316845736211,8.179747248426576,151200
2018-03-21,8.043420791625977,8.27063605843171,7.679875844682328,7.770762298107604,154400
2018-03-22,7.543545722961426,8.134304967493017,7.498102504130387,7.861646521264088,305400
2018-03-23,7.180001258850098,7.588988927418867,7.180001258850098,7.588988927418867,328400
2018-03-26,7.452661037445068,7.543547496474861,7.134559730977064,7.407217807930173,436200
2018-03-27,7.180001258850098,7.679874498151501,7.134558040105128,7.498102489928928,316800
2018-03-28,7.270887851715088,7.361774296564477,7.1345586178196925,7.180001840244387,187200
2018-03-29,7.407216548919678,7.634431791116691,7.270887750304415,7.270887750304415,855100
2018-04-02,7.361774444580078,7.679875274433914,7.27088799790333,7.361774444580078,574100
2018-04-03,7.407216548919678,7.588989436083178,7.180001740101346,7.452659770710553,228300
2018-04-04,7.543545722961426,7.634431293866198,7.18000127244907,7.407216066468307,428200
2018-04-05,7.997976303100586,8.225191534059368,7.5889890607262425,7.725317852598584,417100
2018-04-06,7.407216548919678,7.99797669868633,7.22544452851354,7.861647033313703,389900
2018-04-09,7.72531795501709,7.907089968842497,7.3617739273662774,7.543545941191684,248700
2018-04-10,7.952534198760986,8.179749461582729,7.816205387770917,7.997977424676822,240100
2018-04-11,8.043420791625977,8.088863151581158,7.8162055248202424,7.9525343382007,215600
2018-04-12,8.543292045593262,8.725064917558587,7.975253987594845,8.13430481718586,282500
2018-04-13,8.361518859863281,8.679620474134099,8.22519009189417,8.679620474134099,241700
2018-04-16,8.588737487792969,8.634180717552644,7.997978101189741,8.45240866527146,247700
2018-04-17,8.861393928527832,8.997722719186873,8.588735480452437,8.63417869959122,234200
2018-04-18,8.997723579406738,9.361268500516113,8.929559177560416,8.997723579406738,264100
2018-04-19,9.406709671020508,9.54303844495991,8.95227926887956,9.043164829253426,304700
2018-04-20,9.224939346313477,9.361269024392817,8.861395271616791,9.361269024392817,258800
2018-04-23,9.08860969543457,9.270381715991789,8.81595123122006,9.224938494163144,251400
2018-04-24,8.997723579406738,9.452154080725409,8.747787150384427,9.179496473340123,206500
2018-04-25,9.315825462341309,9.361268686728602,8.861394951983195,8.997723758387664,250000
2018-04-26,9.361268043518066,9.543040061820317,9.179496025215817,9.315824822253166,292300
2018-04-27,9.361268043518066,9.543040061820317,9.088609582686015,9.452153619290515,168100
2018-04-30,9.134052276611328,9.40671072170189,8.952280268803388,9.361267503060578,177400
2018-05-01,8.906839370727539,9.134054656374886,8.704162857479949,8.99772496493196,192100
2018-05-02,8.906839370727539,9.134054656374886,8.861396140246564,8.99772496493196,157000
2018-05-03,9.952027320861816,10.270129002996232,9.134052805026679,9.224938380809832,766600
2018-05-04,10.497345924377441,10.724561200373675,9.861143324939489,9.952028915283487,351600
2018-05-07,10.497345924377441,10.860890019268417,10.361016238725206,10.815446790717672,393800
2018-05-08,10.5427885055542,10.656396136576303,10.361015602512882,10.361015602512882,379500
2018-05-09,10.406457901000977,10.633673142799065,10.22468588091398,10.633673142799065,238000
2018-05-10,10.451900482177734,10.588229272198868,10.406457263251587,10.497343701103881,245000
2018-05-11,10.406457901000977,10.542787566134248,10.31557232433616,10.451901122712068,215700
2018-05-14,10.588228225708008,10.633671440142761,10.406456234726218,10.497342663595724,184000
2018-05-15,10.5427885055542,10.633674090317419,10.315573243509991,10.406458828273212,217700
2018-05-16,10.770001411437988,10.9063301921368,10.451899767464433,10.588228548163242,282500
2018-05-17,11.0426607131958,11.360762407303246,10.815445465049736,10.815445465049736,376900
2018-05-18,11.0426607131958,11.133547159157182,10.906331911011115,11.088103936176491,124300
2018-05-21,11.0426607131958,11.0426607131958,10.724559885845741,11.0426607131958,117200
2018-05-22,10.815443992614746,11.224432077003161,10.747279600802432,11.042659209827303,211000
2018-05-23,10.588228225708008,10.860886645559304,10.497342663595724,10.724557869012267,138800
2018-05-24,10.679116249084473,10.95177470964661,10.406457788522335,10.633673027864557,151800
2018-05-25,10.361014366149902,10.63367282141855,10.315572012569573,10.63367282141855,120200
2018-05-29,10.451900482177734,10.588229272198868,10.088356464283171,10.179242035378158,109200
2018-05-30,11.133546829223633,11.201711228295979,10.542787548253486,10.542787548253486,226200
2018-05-31,11.224431991577148,11.451647207060434,11.042659125784713,11.269874341267997,285800
2018-06-01,11.542533874511719,11.633420316079722,11.092647808940532,11.40620507891706,355100
2018-06-04,11.133546829223633,11.769749331827796,11.042660385955598,11.678863755317122,196600
2018-06-05,11.133546829223633,11.269875627368325,10.679116346398178,11.17899005085765,310900
2018-06-06,11.0426607131958,11.17899038213787,10.724559885845741,11.133547159157182,161300
2018-06-07,11.178990364074707,11.224433586981968,10.906331893388517,11.133547141167444,194200
2018-06-08,11.0426607131958,11.224433605118561,10.951775133991806,11.17899038213787,179400
2018-06-11,11.088104248046875,11.178990696564579,10.860888993510024,11.042661023788023,116800
2018-06-12,11.0426607131958,11.224433605118561,10.951775133991806,11.088103936176491,173300
2018-06-13,10.906331062316895,11.17898951222628,10.72455905129641,11.088103073337379,170200
2018-06-14,11.133546829223633,11.17899005085765,10.770002789666213,11.088103607589614,135400
2018-06-15,11.133546829223633,11.17899005085765,10.81544514454287,11.088103607589614,228300
2018-06-18,11.224431991577148,11.269874341267997,11.042659125784713,11.042659125784713,251500
2018-06-19,10.815443992614746,11.133545643415232,10.77000164257805,11.088102426621267,147500
2018-06-20,11.088104248046875,11.133547472305727,10.679116963232024,10.99721866628658,150100
2018-06-21,10.27012825012207,11.042659488054866,10.224685032183132,11.042659488054866,234200
2018-06-22,10.770001411437988,10.815443760499425,10.361013335827058,10.451899767464433,455100
2018-06-25,10.315572738647461,10.58823034635021,10.133799844502434,10.58823034635021,241500
2018-06-26,10.588228225708008,10.679114654577514,10.133797814874923,10.361013020291466,139600
2018-06-27,10.497345924377441,10.633674743272184,10.315573876931953,10.58823151472144,169700
2018-06-28,10.088357925415039,10.497345221470798,10.042914699907191,10.497345221470798,205200
2018-06-29,10.13379955291748,11.133546974919305,10.04291397521746,10.45190124176098,277800
2018-07-02,10.906331062316895,10.951774281761345,10.042913359901604,10.042913359901604,278200
2018-07-03,10.815443992614746,11.156266818433581,10.67911520899012,10.906330426202675,164400
2018-07-05,11.088104248046875,11.133547472305727,10.81544576925117,10.906332217768876,166500
2018-07-06,11.133546829223633,11.133546829223633,10.860888366176889,11.042660385955598,129300
2018-07-09,10.997217178344727,11.133545965918362,10.451900294535605,11.133545965918362,224200
2018-07-10,11.0426607131958,11.292598006210904,10.770003108826431,11.133547159157182,144500
2018-07-11,10.860886573791504,11.133544991841097,10.179240962046132,10.179240962046132,119900
2018-07-12,10.997217178344727,11.360761189712614,10.8608875240138,10.997217178344727,290100
2018-07-13,10.997217178344727,11.22443240213898,10.906330742124108,10.951773960234418,133100
2018-07-16,10.724559783935547,11.133547053360584,10.542787760497463,10.997218252471363,160000
2018-07-17,10.588228225708008,10.860886645559304,10.542785878030477,10.724557869012267,122000
2018-07-18,10.588228225708008,10.724557869012267,10.406456234726218,10.588228225708008,184200
2018-07-19,10.406457901000977,10.588229921087976,10.31557232433616,10.588229921087976,171700
2018-07-20,10.633672714233398,10.815444726994496,10.406457481592696,10.451900701472303,287100
2018-07-23,10.951773643493652,11.178988860716519,10.542786425843945,10.588228775882705,264400
2018-07-24,11.360762596130371,11.678864295524981,11.133547344207763,11.178990567943766,257100
2018-07-25,11.542533874511719,11.58797709529572,11.2244330625384,11.360761858133058,319600
2018-07-26,11.497092247009277,11.56525752101038,11.17899139095314,11.497092247009277,244100
2018-07-27,11.133546829223633,11.587977312049087,11.088103607589614,11.587977312049087,128000
2018-07-30,11.088104248046875,11.269876278324874,10.99721866628658,11.178990696564579,201500
2018-07-31,10.497345924377441,11.088105295264649,10.406459467275951,11.088105295264649,260300
2018-08-01,10.361014366149902,10.57914165041922,10.27012879223191,10.406457586487566,169500
2018-08-02,9.770254135131836,11.133545409801394,9.45215249100604,10.724558200751977,314500
2018-08-03,10.13379955291748,10.270129219603568,9.770255508602656,9.861141953060047,210800
2018-08-06,10.497345924377441,10.542789152928187,9.997472143834232,10.042915372384977,212300
2018-08-07,10.588228225708008,10.815443431124551,10.406456234726218,10.542785878030477,217200
2018-08-08,10.497345924377441,10.58823151472144,10.270130648381208,10.58823151472144,137600
2018-08-09,10.724559783935547,10.8154453622759,10.315572514510512,10.497344537948596,176900
2018-08-10,10.361014366149902,10.588229601080885,10.088356777638591,10.588229601080885,240500
2018-08-13,9.861143112182617,10.451902470324029,9.792977837448438,10.36101601518344,297100
2018-08-14,9.452154159545898,10.042914336240893,9.406711802441007,9.906584664654016,190300
2018-08-15,8.679624557495117,9.40671368449217,8.634181324540755,9.361270451537807,242100
2018-08-16,8.95228099822998,9.043166576160603,8.725065753267366,8.815951331197986,134200
2018-08-17,8.95228099822998,9.0886097985046,8.679622530923368,8.997723353816605,279600
2018-08-20,9.543038368225098,9.63392479462536,8.997721543337926,8.997721543337926,182200
2018-08-21,9.588481903076172,9.770253895217138,9.497595473627074,9.497595473627074,136200
2018-08-22,9.724812507629395,9.906584533922418,9.497597258073766,9.588483704598973,248000
2018-08-23,9.81569766998291,9.861140887300252,9.543039232836136,9.679368018030885,318100
2018-08-24,9.861143112182617,9.997471928136028,9.724813429471732,9.952028700565734,207500
2018-08-27,9.906584739685059,10.06563559102901,9.815699158029522,9.861142382235995,133500
2018-08-28,9.452154159545898,10.020192290931046,9.361268578578716,9.997471112378602,211600
2018-08-29,9.497596740722656,9.588483182297116,9.31582472433108,9.497596740722656,96000
2018-08-30,9.315825462341309,9.497597493133071,9.134053431549546,9.406711911115895,122500
2018-08-31,9.452154159545898,9.662101004367434,9.22493890699184,9.22493890699184,163200
2018-09-04,9.81569766998291,9.906583237860316,9.224937578372021,9.361267230324048,359200
2018-09-05,9.952027320861816,10.179242560455727,9.633926505484753,9.724812081267906,347500
2018-09-06,9.724812507629395,10.133799783478047,9.633926927861578,9.997470980447625,113700
2018-09-07,9.588481903076172,9.815697109941686,9.588481903076172,9.63392511780072,110100
2018-09-10,9.406709671020508,9.770253646030383,9.406709671020508,9.679367218899312,148600
2018-09-11,9.497596740722656,9.543039961509887,9.22493828275662,9.270381503543849,184200
2018-09-12,9.543038368225098,9.63665074601704,9.361266382181773,9.452151941824836,117500
2018-09-13,9.633925437927246,9.770254219873744,9.406710223511578,9.724811003639159,84800
2018-09-14,9.633925437927246,9.792975394612409,9.588482221692662,9.633925437927246,76100
2018-09-17,9.81569766998291,9.95202645517766,9.679368018030885,9.724811235348227,122000
2018-09-18,9.906584739685059,10.042914412304476,9.77025593382305,9.861142382235995,145600
2018-09-19,10.224686622619629,10.315573072634773,9.95202813933162,9.95202813933162,187700
2018-09-20,10.406457901000977,10.588229921087976,10.233774698607668,10.361014679289887,197900
2018-09-21,10.315572738647461,10.507341945845258,10.17924306803869,10.497344766035091,172500
2018-09-24,10.13379955291748,10.45190124176098,10.088357197446156,10.315572441832265,127200
2018-09-25,10.406457901000977,10.406457901000977,10.08835708253807,10.22468588091398,107700
2018-09-26,10.224686622619629,10.451901880900065,9.997471364339193,10.36101543088492,92500
2018-09-27,10.406457901000977,10.497344344423157,10.04291386082698,10.22468588091398,139600
2018-09-28,10.27012825012207,10.670026661118692,10.179241814244193,10.451900255120535,155000
2018-10-01,9.75207805633545,10.806357538182358,9.72481246918862,10.361014992078083,475200
2018-10-02,10.170154571533203,10.288306609760166,9.770256098636688,9.779344916982783,268300
2018-10-03,10.088357925415039,10.220142325954619,9.961117067344553,10.188332328126355,192300
2018-10-04,9.861143112182617,10.22468719923003,9.84296547445151,10.052003974571877,184700
2018-10-05,10.024735450744629,10.061089851952621,9.68391261438572,9.84296344470467,171800
2018-10-08,10.061089515686035,10.14288713235946,9.861140749103512,9.906583099026735,116100
2018-10-09,10.097445487976074,10.224686341142963,9.988382271014771,9.988382271014771,150200
2018-10-10,9.652103424072266,10.161065950052528,9.615749019842058,10.033825101868121,143000
2018-10-11,9.324913024902344,9.706634671542133,9.306735390892213,9.58848265074817,111100
2018-10-12,9.134052276611328,9.497596292227207,9.00681143776712,9.497596292227207,147500
2018-10-15,9.079521179199219,9.306736429129673,9.03407795586165,9.134053220555781,129300
2018-10-16,8.725066184997559,9.170407879138732,8.64326855408236,9.170407879138732,148300
2018-10-17,8.95228099822998,8.997723353816605,8.561470499531923,8.643268126399644,126800
2018-10-18,8.588737487792969,8.852307180290063,8.506939847577057,8.852307180290063,82700
2018-10-19,8.434229850769043,8.606913926428788,8.316077816569583,8.588736290356229,129800
2018-10-22,8.497851371765137,8.606914596418141,8.316078463919336,8.434230507316121,71700
2018-10-23,8.46149730682373,8.516028487983789,7.952534704370707,8.270636439248534,92700
2018-10-24,7.734408378601074,8.506939814479866,7.725319559332997,8.470585404165071,135800
2018-10-25,8.225190162658691,8.270633374625083,7.825290937463049,7.8889117809188685,152300
2018-10-26,8.107040405273438,8.361521249359523,7.907090737255663,8.034331592677413,103600
2018-10-29,8.088861465454102,8.434228703017746,8.025241481372499,8.288811101255638,145900
2018-10-30,8.216102600097656,8.357885027015111,8.043419408394996,8.043419408394996,120000
2018-10-31,8.343343734741211,8.625090141708675,8.316077282383839,8.343343734741211,125600
2018-11-01,8.706887245178223,8.852304848701964,8.406963221221185,8.41605203813074,94200
2018-11-02,7.807116985321045,8.179749897527197,7.316332026139713,8.061597850552017,437500
2018-11-05,8.715975761413574,9.161317373531444,8.406962931206968,8.406962931206968,335900
2018-11-06,8.434229850769043,8.861394764142872,8.35243222195731,8.634179513780236,196000
2018-11-07,8.679624557495117,8.743244563576678,8.402421616555332,8.53420690544722,104800
2018-11-08,8.361518859863281,8.770506030527784,8.316075648287855,8.634177262558673,105000
2018-11-09,8.13430404663086,8.379696880483841,7.970709690819413,8.352430432217593,166400
2018-11-12,7.952534198760986,8.234281506033222,7.843470976617443,8.09795182828571,153200
2018-11-13,7.970710277557373,8.207013445959088,7.81620385970398,7.9343550105262,187700
2018-11-14,8.097951889038086,8.452408013731882,7.961623077025253,8.152483933897688,140600
2018-11-15,8.270635604858398,8.325166780517034,7.952533902072534,8.025242714122319,74100
2018-11-16,8.06159496307373,8.216101364026974,7.9888861704789305,8.216101364026974,63300
2018-11-19,7.816202640533447,8.034329008153518,7.625341852176601,7.9797969828699316,147500
2018-11-20,7.370861530303955,7.670785555657709,7.334507129253721,7.625343204412884,122600
2018-11-21,7.579900741577148,7.825292756424693,7.470837527560754,7.479925478660754,103100
2018-11-23,7.6162543296813965,7.879823951985383,7.39540110661844,7.4344823258092125,71900
2018-11-26,7.298152923583984,7.779849833841816,7.2945177434088295,7.779849833841816,105200
2018-11-27,7.1254706382751465,7.307242671545956,6.880078176670197,7.216356654910551,123000
2018-11-28,7.4708380699157715,7.543546884538424,6.843723893727314,7.089116359768126,156600
2018-11-29,7.361774444580078,7.588989694514558,7.279976815922483,7.507192065856962,73100
2018-11-30,7.443570137023926,7.498102170546553,7.316330170066575,7.316330170066575,91100
2018-12-03,7.5526347160339355,7.7089587337190615,7.489013861485374,7.643520289056083,99500
2018-12-04,6.934609413146973,7.529913115079302,6.898255008450892,7.516280755041633,171500
2018-12-06,6.88916540145874,6.907342601724649,6.471089361964216,6.725570599065568,134400
2018-12-07,6.916431903839111,7.351775945760367,6.866444274566497,6.925520287920433,194400
2018-12-10,6.734659194946289,6.907342819608842,6.571064387392706,6.870988417930268,112200
2018-12-11,6.443824291229248,6.9527863725703405,6.434735473683439,6.907343151598645,146100
2018-12-12,6.443824291229248,6.771013922062231,6.434735473683439,6.534710299793965,186500
2018-12-13,6.771014213562012,6.825546254427182,6.462001771138639,6.471090155697039,235400
2018-12-14,6.507444381713867,6.889166056999416,6.480178795409859,6.643773613369946,98300
2018-12-17,6.516533374786377,6.816457432474672,6.416558544430714,6.416558544430714,130300
2018-12-18,6.3892927169799805,6.643773542191498,6.325672293987763,6.643773542191498,135100
2018-12-19,6.134810924530029,6.649226167444727,6.081188118877132,6.389292160974913,164700
2018-12-20,5.943950176239014,6.407469437405067,5.871241374498138,6.143899814405067,206500
2018-12-21,5.980304718017578,6.098456740319726,5.789443892261387,5.962127517154068,392700
2018-12-24,5.771266937255859,5.998482174418521,5.771266937255859,5.998482174418521,46100
2018-12-26,5.898507595062256,5.934862433234959,5.5713179519161375,5.789444380680217,113500
2018-12-27,5.707646369934082,5.84397515171639,5.444076322821004,5.734911952939092,136600
2018-12-28,5.716735363006592,5.862152976889534,5.598583335037365,5.6531149402434675,138300
2018-12-31,5.762178897857666,5.916685337712453,5.51678644437615,5.7803561005830115,191500
2019-01-02,6.053014278411865,6.152989112352533,5.498609366056132,5.58040656348149,116200
2019-01-03,5.716735363006592,6.007571024151151,5.707646978828246,5.989393822415783,87200
2019-01-04,6.116634845733643,6.2256980670433775,5.843976359080588,5.843976359080588,83900
2019-01-07,6.243875026702881,6.507444684595466,6.0257485926036525,6.134811809653266,100400
2019-01-08,6.1620774269104,6.416558250021096,6.09845700444339,6.3256722417672755,149300
2019-01-09,6.362025737762451,6.380202936820914,6.116633333783901,6.180253747177825,168200
2019-01-10,6.4529128074646,6.6801280502160205,6.198431978275072,6.289317988699903,98400
2019-01-11,6.298406600952148,6.443824656272312,6.1711661817533665,6.398381432726255,142100
2019-01-14,6.134810924530029,6.34384894373805,5.993937297798665,6.19843134198591,153900
2019-01-15,6.171165466308594,6.239329860346444,5.99848184358357,6.143899882044913,98400
2019-01-16,6.243875026702881,6.434735873229056,6.1893434181780735,6.1893434181780735,209900
2019-01-17,6.416558742523193,6.452913148615099,6.152989081667526,6.216609509017713,135400
2019-01-18,6.471088886260986,6.5619748809093075,6.352936876528865,6.407468906696465,113600
2019-01-22,6.298406600952148,6.511989058212699,6.152988979010683,6.398381432726255,121600
2019-01-23,6.2256975173950195,6.362026748685444,6.152988709607775,6.325672344791821,81200
2019-01-24,6.298406600952148,6.334761006437515,6.162077797071374,6.225697789981416,80400
2019-01-25,6.516533374786377,6.6074193872103,6.36202693697636,6.443824564847238,270300
2019-01-28,6.362025737762451,6.448367324945496,6.243873727193139,6.416557334937838,101700
2019-01-29,6.262050628662109,6.389291449403132,6.2529622462540875,6.362025435421887,79600
2019-01-30,6.416558742523193,6.452913148615099,6.252963915109619,6.352938315173006,105000
2019-01-31,6.3892927169799805,6.561975917398458,6.316583476398013,6.371115515179158,143400
2019-02-01,6.489267826080322,6.5801538451108295,6.289318584213207,6.4165590108559165,227300
2019-02-04,6.54379940032959,6.6437742373846485,6.371116181841836,6.4529133818153195,123100
2019-02-05,6.8709893226623535,6.9164325474335975,6.371116017072213,6.507444824628527,167900
2019-02-06,6.88916540145874,6.952785819078738,6.771013383041018,6.870988201192832,132100
2019-02-07,6.507444381713867,6.861900470695409,6.416558371736041,6.861900470695409,97500
2019-02-08,6.3802032470703125,6.507443646666855,6.271140047416133,6.462000863500262,94300
2019-02-11,6.398380756378174,6.434735158020657,6.31658313599326,6.36202635473569,63100
2019-02-12,6.471088886260986,6.571063697063444,6.389291707766801,6.416557289471993,124500
2019-02-13,6.598329544067383,6.671038337933922,6.489265919888977,6.543797515288881,61500
2019-02-14,6.607418537139893,6.77101333845584,6.498355336262594,6.543798119938817,91400
2019-02-15,6.743747711181641,6.889165311408102,6.6437728943366325,6.716481694449863,198700
2019-02-19,6.925520420074463,6.990049638460018,6.707393997416375,6.707393997416375,101700
2019-02-20,7.289064407348633,7.416304371175456,6.9255195485758225,6.9255195485758225,104600
2019-02-21,7.434483051300049,7.443571002312538,7.243621778541177,7.243621778541177,81700
2019-02-22,7.598076343536377,7.6526083755476195,7.398127581928724,7.52536754535955,88200
2019-02-25,7.816202640533447,7.916177009003362,7.525366616949548,7.579898642233135,104700
2019-02-26,7.72531795501709,8.105222027304455,7.707140320255884,7.7889379431666494,147100
2019-02-27,7.67987585067749,7.743496714827831,7.516281447844725,7.670787031976376,64800
2019-02-28,7.698051929473877,7.716228696438441,7.561722276831872,7.688963112612954,74600
2019-03-01,7.6707868576049805,7.952534163632667,7.616255680152808,7.716230083320084,82300
2019-03-04,7.579900741577148,7.670786319878789,7.307242273157473,7.670786319878789,78800
2019-03-05,7.7707600593566895,7.7980256408260935,7.470836062921625,7.570810439480911,106600
2019-03-06,7.052761554718018,8.022515726768376,6.961875108186502,7.843470519215601,168700
2019-03-07,7.716228485107422,7.843469317403649,7.043671657450061,7.043671657450061,139800
2019-03-08,7.7071404457092285,7.807115705008553,7.484469616803905,7.6071660531672505,110000
2019-03-11,8.007063865661621,8.179747032757792,7.725316642049025,7.788936619385953,140400
2019-03-12,8.107040405273438,8.197926854397176,8.016153956149699,8.016153956149699,70600
2019-03-13,8.46149730682373,8.48876289740376,8.179749981638441,8.179749981638441,102400
2019-03-14,8.152482032775879,8.452406042669153,8.025241202280423,8.452406042669153,86700
2019-03-15,7.970710277557373,8.170659045685188,7.820747401325604,8.152482278926874,214500
2019-03-18,8.007063865661621,8.088860607913164,7.9343542057316085,7.997975049825722,79000
2019-03-19,8.152482032775879,8.352430794866564,8.034330018763795,8.034330018763795,69100
2019-03-20,8.06159496307373,8.179746967729574,7.888911797350375,8.13430375566853,62000
2019-03-21,8.116130828857422,8.361522903216672,8.052509955184025,8.088864368672715,75500
2019-03-22,7.734408378601074,8.070686890702316,7.570813098805736,8.061598071434238,153700
2019-03-25,7.661698818206787,7.8071164454253745,7.516281190988201,7.725318813425562,44700
2019-03-26,7.6707868576049805,7.798027716255781,7.588990091426721,7.7344077203090995,31900
2019-03-27,8.02524185180664,8.059778663832905,7.725317817638892,7.73440663485787,91000
2019-03-28,7.934356212615967,8.061597066230801,7.8343818134055,8.025242660449049,43900
2019-03-29,7.779850482940674,8.04342013629077,7.734407259930508,8.025242500383749,84100
2019-04-01,8.016154289245605,8.13430633131308,7.7434966640594585,7.834382250202356,168400
2019-04-02,8.3796968460083,8.397873611353809,7.916177628475584,8.025240820820246,137600
2019-04-03,8.497851371765137,8.715977821071144,8.406964917842236,8.416053736586019,146900
2019-04-04,8.543292045593262,8.737788914585286,8.452406476367889,8.51602646150138,133900
2019-04-05,8.388785362243652,8.584190586767907,8.252456579288587,8.579646178435102,135900
2019-04-08,8.343343734741211,8.470583712046258,8.211558481952597,8.38878608848882,92900
2019-04-09,8.443317413330078,8.561469429960978,8.143393396789053,8.279722180032332,157400
2019-04-10,7.825292587280273,8.225191896787237,7.761672597168539,8.016153424372835,162500
2019-04-11,7.570810794830322,8.07068443460362,7.54354521208116,7.843469222593689,99500
2019-04-12,7.543545722961426,7.798026534955017,7.489013687012717,7.679874512697237,74300
2019-04-15,7.5526347160339355,7.607165886495759,7.470837093583874,7.53445708137511,38300
2019-04-16,7.7071404457092285,7.725318080766323,7.52536842892502,7.598077235638703,62700
2019-04-17,7.72531795501709,7.907089968842497,7.698052369632612,7.779849992543378,42300
2019-04-18,7.643518447875977,7.788936023088909,7.479923242382869,7.67987284167921,57400
2019-04-22,7.5526347160339355,7.670785874286993,7.461748276254462,7.670785874286993,67100
2019-04-23,7.498103618621826,7.661698884026864,7.371771988883583,7.543546844207385,89600
2019-04-24,7.7071404457092285,7.7344068982948695,7.4299384451473145,7.498102843096725,79200
2019-04-25,7.6162543296813965,7.6889631312302695,7.443570275934858,7.616254329681396,54500
2019-04-26,7.734408378601074,7.779851608183947,7.570813098805736,7.58899073734189,52400
2019-04-29,7.8616461753845215,7.884368217179019,7.7071397582110075,7.743495025082205,43700
2019-04-30,7.8616461753845215,7.879823808820119,7.6526085914187485,7.852558225423991,144200
2019-05-01,8.125215530395508,8.161569929334922,7.643519527758966,7.843469155304362,182700
2019-05-02,8.906839370727539,9.265839071336433,8.643269674046916,8.83413054866099,353700
2019-05-03,9.51577377319336,9.77025458002762,8.961368074857825,9.006811292767551,376200
2019-05-06,9.824786186218262,10.424634209535043,9.379443710241855,9.406710159852436,311000
2019-05-07,9.679367065429688,10.042911901432644,9.424886286957653,9.96111429166305,298900
2019-05-08,9.970203399658203,10.475529791740389,9.579392971202415,9.579392971202415,499800
2019-05-09,10.197419166564941,10.233773566560863,9.688456699864755,9.997469533208733,228400
2019-05-10,10.197419166564941,10.206507116495972,9.879317516532666,10.088355966577172,271000
2019-05-13,10.097445487976074,10.224686341142963,9.643014983925276,10.224686341142963,276800
2019-05-14,9.988381385803223,10.30648305715026,9.952026983371331,10.179242215259979,177100
2019-05-15,9.56121826171875,9.97020554374311,9.497597401487473,9.84296469003796,314200
2019-05-16,9.270381927490234,9.570305984941582,9.161318712667688,9.570305984941582,216900
2019-05-17,9.115873336791992,9.26129092221029,9.00681014772827,9.26129092221029,198500
2019-05-20,9.10678768157959,9.315825296581277,8.897749199820504,8.961369192776253,131400
2019-05-21,9.243115425109863,9.352178629131663,9.052254601382389,9.106786636771938,136700
2019-05-22,8.906839370727539,9.224940250579309,8.806864090317887,9.224940250579309,166000
2019-05-23,8.41605281829834,8.71597687005832,8.270635201294395,8.71597687005832,234000
2019-05-24,8.261548042297363,8.570560973853102,8.1888392191969,8.497852150752639,196500
2019-05-28,7.943444728851318,8.270635235209252,7.807115929040426,8.261546417419893,218800
2019-05-29,7.988888740539551,8.05250873783754,7.70714142852747,7.788939063200573,346800
2019-05-30,7.452661037445068,8.052509240120663,7.452661037445068,7.925269237587968,222800
2019-05-31,7.016406536102295,7.416305417095706,6.952786545216567,7.316331021881367,210200
2019-06-03,6.970963478088379,6.998229063592209,6.680127821315958,6.943697459205881,249600
2019-06-04,7.26179838180542,7.325419234190107,7.098203575848156,7.143646794192275,291200
2019-06-05,7.170912742614746,7.279976385502851,7.034583514038617,7.252710366436157,256500
2019-06-06,6.934609413146973,7.180001861534858,6.807368563332003,7.180001861534858,149300
2019-06-07,6.925520420074463,7.0164064295153326,6.798280006857245,6.889166016298115,151300
2019-06-10,7.007318019866943,7.25271046115736,6.943697596799548,6.943697596799548,151300
2019-06-11,7.025495529174805,7.170913150117729,6.952786718703342,7.089115955026681,167700
2019-06-12,6.789190769195557,7.0436720132646276,6.671039180921474,6.980051593902697,138600
2019-06-13,6.843722820281982,6.959148023721939,6.616507593535788,6.816456802385832,209400
2019-06-14,6.534709930419922,6.825545574766227,6.480178328363487,6.816456757734163,217800
2019-06-17,6.443824291229248,6.534710299793965,6.312039470465739,6.534710299793965,277400
2019-06-18,6.7801032066345215,6.7982804095995455,6.507444728780457,6.507444728780457,143500
2019-06-19,6.943697452545166,6.952786269956836,6.7346594192420906,6.807368225020784,174100
2019-06-20,6.843722820281982,7.070938047028177,6.834634003190382,7.070938047028177,163600
2019-06-21,6.989140033721924,6.989140033721924,6.707393220404588,6.807367602518766,141200
2019-06-24,6.734659194946289,6.943697221287415,6.698304793267715,6.943697221287415,163100
2019-06-25,6.798280239105225,6.880077867085779,6.661951003597199,6.743748631577753,97300
2019-06-26,7.007318019866943,7.034583605911059,6.816457184043434,6.843723203466225,133800
2019-06-27,7.343597412109375,7.343597412109375,7.070939349805551,7.070939349805551,151800
2019-06-28,7.570810794830322,7.634430776830784,7.334506766318254,7.37994998207169,282400
2019-07-01,7.489012241363525,7.788936214292024,7.352683477944077,7.625341871540114,189600
2019-07-02,7.416305065155029,7.498102687702042,7.252710253439668,7.498102687702042,188300
2019-07-03,7.180001258850098,7.461748088284413,7.025494835171584,7.461748088284413,98700
2019-07-05,7.243622303009033,7.279977143342022,6.870989415038375,7.134559082146214,105800
2019-07-08,7.379950523376465,7.407216108125504,7.198178513787353,7.243621299495302,169300
2019-07-09,7.143646240234375,7.325418666136566,6.970962630647671,7.325418666136566,232200
2019-07-10,7.26179838180542,7.289064832866271,7.0436719738624,7.243621181143502,102500
2019-07-11,7.1254706382751465,7.279067854706431,7.007318599959763,7.252711061564713,153000
2019-07-12,7.325418472290039,7.361772869832738,7.098202837580267,7.125468852426592,139500
2019-07-15,7.198179244995117,7.425394496751888,7.034583986367873,7.343596867438267,102100
2019-07-16,7.207266330718994,7.470836373961151,7.070937550938878,7.070937550938878,200400
2019-07-17,7.1163811683654785,7.184545999635077,7.007317958388527,7.107292784223402,139800
2019-07-18,7.070938587188721,7.1436473959612625,7.008226957926257,7.107292991574992,66200
2019-07-19,7.2799763679504395,7.3254195884924735,7.080026717619894,7.080026717619894,119600
2019-07-22,7.298152923583984,7.375406136228556,7.15273531549004,7.298152923583984,97800
2019-07-23,7.361774444580078,7.489014429818655,7.307242403222551,7.343596808541772,74200
2019-07-24,7.534458637237549,7.543547456443799,7.225445718285098,7.33450894848758,143800
2019-07-25,7.2799763679504395,7.593532769500062,7.225444329948531,7.534457189525555,155100
2019-07-26,7.461747169494629,7.498101566662705,7.2072659559394925,7.279975183654246,162600
2019-07-29,7.234533309936523,7.516280590220883,7.225444492272463,7.479925319564642,109700
2019-07-30,7.516281604766846,7.611711602848523,7.089116651228328,7.170913854352442,184600
2019-07-31,7.416305065155029,7.70714028598234,7.407216247814844,7.516280322382413,132300
2019-08-01,7.080026149749756,7.4890133683096005,6.961874132520063,7.361773401106293,207700
2019-08-02,7.034583568572998,7.043672386125246,6.816457147863141,7.034583568572998,125000
2019-08-05,6.716482639312744,6.980052293491034,6.634685444367592,6.880077895960437,483700
2019-08-06,6.516533374786377,6.7255714200507475,5.644026788759324,6.152988891711989,331700
2019-08-07,6.661950588226318,6.689216606979372,6.371115366213301,6.425646970340742,160600
2019-08-08,6.743747711181641,6.84372252802665,6.6437728943366325,6.66195009436494,156300
2019-08-09,6.352938175201416,6.789191472071204,6.280229364619568,6.780103087437821,227000
2019-08-12,6.243875026702881,6.452913076070659,5.993938162596822,6.343849859021044,375000
2019-08-13,6.589241981506348,6.7137560097073905,6.171165903871512,6.207520307719874,141000
2019-08-14,6.4347357749938965,6.516533403221704,6.362026964737488,6.407470187837091,211200
2019-08-15,6.307495594024658,6.44382483506681,6.207520759476586,6.44382483506681,94900
2019-08-16,6.54379940032959,6.589242626276086,6.3802045670039025,6.3802045670039025,118200
2019-08-19,6.76192569732666,6.843723323652854,6.561976040391228,6.680128071000467,112900
2019-08-20,6.661950588226318,6.734659393729572,6.530165769907003,6.734659393729572,92800
2019-08-21,6.698304653167725,6.7346590540859195,6.525621032116978,6.725570670545693,89100
2019-08-22,6.552887439727783,6.798279877228354,6.543798622267662,6.698305052060367,81700
2019-08-23,6.025747776031494,6.471089401990154,6.016658959153003,6.471089401990154,144700
2019-08-26,6.062103271484375,6.1302676768676365,5.962128434660699,5.980305638321484,191300
2019-08-27,5.962127208709717,6.18025404116594,5.898506792289437,6.18025404116594,208300
2019-08-28,6.134810924530029,6.207519725406099,5.907595705102991,5.916684521901819,186200
2019-08-29,6.198431968688965,6.316583565369179,6.162077564575256,6.243874757141761,116900
2019-08-30,6.243875026702881,6.3529382437524955,6.180255033446623,6.289318250496237,173200
2019-09-03,6.1802544593811035,6.2166088616874555,6.062102435196129,6.1439000570747515,117100
2019-09-04,6.4529128074646,6.525621615804465,6.280229170968078,6.289317988699903,126700
2019-09-05,6.589241981506348,6.834634424172126,6.525621558082375,6.607419183430528,318900
2019-09-06,6.507444381713867,6.607419209378816,6.452912775727171,6.55288760339212,135500
2019-09-09,6.989140033721924,7.034582816488743,6.589241205129329,6.589241205129329,157000
2019-09-10,7.7707600593566895,7.788936824750556,7.027311632791859,7.034582425625127,222600
2019-09-11,8.270635604858398,8.306990010883291,7.516281029773825,7.770761871948072,203000
2019-09-12,8.370609283447266,8.425141321164316,7.943444399395259,8.216102854465845,187200
2019-09-13,8.634180068969727,8.69780006579975,8.388787166755431,8.534205664414339,152300
2019-09-16,8.797774314880371,8.938647520103116,8.425141462303035,8.497850269305571,159000
2019-09-17,8.688712120056152,8.77959770605485,8.525116851798066,8.77959770605485,141400
2019-09-18,8.606912612915039,8.752330212273547,8.488760596746936,8.652355829403888,142700
2019-09-19,8.23427963256836,8.652355655709927,8.225190816101593,8.57964599073304,199900
2019-09-20,8.097951889038086,8.325167153564442,8.007066303282013,8.234281567808369,130100
2019-09-23,8.02524185180664,8.10703947326281,7.770761036976467,7.925267462669829,168800
2019-09-24,7.7071404457092285,8.016153307621057,7.670786042352387,8.007065356849855,143900
2019-09-25,7.779850482940674,7.870736062203618,7.625344044760543,7.698052854873853,126300
2019-09-26,7.5526347160339355,7.734406728835556,7.343596251244077,7.734406728835556,108700
2019-09-27,7.534458637237549,7.725319506781269,7.516281865582555,7.579901866511293,79900
2019-09-30,7.75258207321167,7.825290864981565,7.520822474411193,7.607164489671881,102600
2019-10-01,7.7980265617370605,8.034330607064199,7.734406575209489,7.779849794196601,87000
2019-10-02,7.507190704345703,7.716228280330621,7.389038691797048,7.716228280330621,78000
2019-10-03,7.452661037445068,7.475383085581272,7.207268551497893,7.270888986142996,102800
2019-10-04,7.7071404457092285,7.716229263237776,7.3890396330262,7.3890396330262,133600
2019-10-07,7.698051929473877,7.807115131533112,7.570811093692795,7.670785478891107,120000
2019-10-08,7.389039516448975,7.616254750533787,7.389039516448975,7.57990034775051,94000
2019-10-09,7.325418472290039,7.443569614235904,7.19817764751199,7.443569614235904,127700
2019-10-10,7.516281604766846,7.548091604127404,7.334508693979408,7.4072175115913925,79200
2019-10-11,7.761673450469971,7.925268719322432,7.67987581604374,7.698053453363992,104000
2019-10-14,7.579900741577148,7.725318360265676,7.53445751904764,7.6798751377361665,63000
2019-10-15,7.807116985321045,7.943445803576836,7.4981040727332635,7.579901710389734,122300
2019-10-16,7.461747169494629,7.825291141175396,7.307240764841003,7.725316765652485,90100
2019-10-17,7.543545722961426,7.661697745219206,7.489013687012717,7.516280138365724,100100
2019-10-18,7.570810794830322,7.634430776830784,7.454476370523266,7.498101996327724,61500
2019-10-21,7.507190704345703,7.779849128168965,7.498101887974906,7.679873881604668,94700
2019-10-22,7.570810794830322,7.6162540105837575,7.398127615075963,7.489013179825587,83900
2019-10-23,7.698051929473877,7.7707607308467,7.470836708494484,7.570811093692795,175100
2019-10-24,7.634432792663574,7.779851294823027,7.543547203916077,7.716230429266555,60100
2019-10-25,7.834382057189941,7.934356459511338,7.616255615711934,7.616255615711934,90200
2019-10-28,8.052508354187012,8.107040396956796,7.825293098368172,7.852559553131771,63400
2019-10-29,8.288811683654785,8.388786075201445,7.88891325071081,8.034330862690437,164500
2019-10-30,7.743495941162109,7.997976772065491,7.098204179353248,7.361774261428351,219400
2019-10-31,7.8980021476745605,7.90709096620158,7.6889645220977645,7.707141292394362,95400
2019-11-01,8.179747581481934,8.47512718190622,7.96162118733082,7.96162118733082,182100
2019-11-04,8.152482032775879,8.34334284514044,8.05250678497329,8.34334284514044,105200
2019-11-05,8.397873878479004,8.661443485051704,8.211557477285746,8.2706339167415,131200
2019-11-06,8.252457618713379,8.379698467786513,8.207014396418876,8.379698467786513,96400
2019-11-07,8.525116920471191,8.58419250850835,8.306990472208284,8.352432832194962,69700
2019-11-08,8.643266677856445,8.743241056852426,8.388785022082121,8.49784908413239,109200
2019-11-11,8.470582962036133,8.60691261147995,8.40696297901671,8.516026178517405,78400
2019-11-12,8.734152793884277,8.779596011491284,8.470583171872374,8.543291973340672,116300
2019-11-13,8.888659477233887,8.89774829437622,8.643267481692064,8.643267481692064,201200
2019-11-14,8.797774314880371,9.01590073588798,8.725065507877835,8.888659890254866,129000
2019-11-15,8.834131240844727,8.970460076211944,8.752333592921358,8.897751248448415,117400
2019-11-18,8.861393928527832,8.906837147666618,8.643267516770441,8.797773941787922,72800
2019-11-19,8.861393928527832,8.979545951585747,8.706887503510352,8.897748330487397,92600
2019-11-20,8.779597282409668,8.925014906396655,8.66144524623089,8.706888470416175,106400
2019-11-21,8.516024589538574,8.861391756895081,8.47058138153641,8.797771785746312,127800
2019-11-22,8.761418342590332,8.779595107707625,8.588734306811494,8.625088703803272,91200
2019-11-25,8.915926933288574,9.079521326497488,8.743242855155811,8.788686079230613,99100
2019-11-26,9.506686210632324,9.533951798272838,8.852306039958162,8.925014851504468,322500
2019-11-27,9.670280456542969,9.752077210892196,9.415798776043221,9.543039616293095,118200
2019-11-29,9.688456535339355,9.788431783698355,9.50668453844652,9.643013319426833,57900
2019-12-02,9.652103424072266,10.040187100939473,9.597572251105639,9.643014606325371,147300
2019-12-03,9.77934455871582,9.77934455871582,9.220395252269487,9.543040490918912,142900
2019-12-04,9.742989540100098,10.061090349718532,9.715723087777143,9.84296393167892,154700
2019-12-05,9.906584739685059,9.924762376070612,9.652103897589184,9.897496788249692,163300
2019-12-06,10.315572738647461,10.379192731543784,9.99747104065106,9.99747104065106,165700
2019-12-09,10.688204765319824,10.842711193056726,10.297394287307975,10.297394287307975,120300
2019-12-10,10.715471267700195,11.006306513387747,10.642762456278307,10.751825673411139,158900
2019-12-11,10.833621978759766,10.906330781294479,10.670026739678013,10.815444344747439,131500
2019-12-12,10.860886573791504,10.933595369703767,10.660936951654174,10.879064206148179,213800
2019-12-13,10.869976997375488,11.006305793181394,10.706381749002524,10.860888179853136,182400
2019-12-16,10.860886573791504,11.060836195928834,10.788177777879241,10.860886573791504,155600
2019-12-17,11.088104248046875,11.156268651056449,10.869977811713275,10.869977811713275,163400
2019-12-18,10.906331062316895,11.097191890577733,10.7427358190198,11.097191890577733,131200
2019-12-19,10.888154029846191,11.079014868659796,10.80635727043239,10.906331665331948,133900
2019-12-20,10.670029640197754,10.951776976677376,10.624586409571036,10.815447284797225,369400
2019-12-23,11.015395164489746,11.024483982469029,10.68820551805209,10.68820551805209,102900
2019-12-24,11.03357219696045,11.260787433470496,10.90633135248218,11.015394561996121,46800
2019-12-26,10.960862159729004,11.033570957906539,10.80635574691243,11.033570957906539,86600
2019-12-27,10.697295188903809,10.997219272073313,10.670028732792066,10.997219272073313,101400
2019-12-30,10.670029640197754,10.779092873647357,10.59732081789802,10.651852868001585,89100
2019-12-31,10.751824378967285,10.924508435372378,10.560963555273776,10.560963555273776,130600
2020-01-02,10.733647346496582,10.942684932314087,10.488254493485831,10.942684932314087,145100
2020-01-03,10.697295188903809,10.806358413078405,10.524611100559271,10.524611100559271,113900
2020-01-06,10.833621978759766,10.988128400835354,10.57914116988827,10.57914116988827,188100
2020-01-07,11.297142028808594,11.333496432598304,10.751825105205592,10.751825105205592,146100
2020-01-08,11.206256866455078,11.397117724849391,11.151725687918107,11.197168047779764,124100
2020-01-09,11.115370750427246,11.260789253371506,11.042661932333857,11.260789253371506,139800
2020-01-10,10.56096363067627,11.069926119745249,10.433722791719699,11.02448290106381,173400
2020-01-13,10.570053100585938,10.670027494453826,10.488255475258866,10.56096428293685,133200
2020-01-14,10.242864608764648,10.588231050386678,9.997471705406547,10.560965461154929,144200
2020-01-15,10.024735450744629,10.361013878607876,9.888406662903984,10.179241872567918,116700
2020-01-16,10.024735450744629,10.2519506749839,10.024735450744629,10.097444253160612,66200
2020-01-17,10.197419166564941,10.224684749872567,9.96111513321281,10.142887133192424,170100
2020-01-21,9.861143112182617,10.3246616064787,9.788434294773134,10.270130426800323,92700
2020-01-22,9.970203399658203,10.024734563263948,9.788431409710354,9.979291349087681,148100
2020-01-23,10.015646934509277,10.042912517185123,9.624836493540762,9.842962888462017,114100
2020-01-24,9.888406753540039,10.283760761956058,9.815697950457615,10.0701787612461,182100
2020-01-27,9.506686210632324,9.924762310402288,9.497597392499685,9.624838246084423,133400
2020-01-28,9.279470443725586,9.733900924090683,9.234027222337605,9.63392653044301,86200
2020-01-29,9.234026908874512,9.324913348565195,9.115874883979554,9.279470128719854,80800
2020-01-30,9.34308910369873,9.397621134953571,9.079519497274338,9.124962712193833,147100
2020-01-31,9.315825462341309,9.33400309879919,9.143142249778487,9.234027831795663,136900
2020-02-03,9.243115425109863,9.5021406430063,9.1749510309409,9.424887431812863,142400
2020-02-04,9.252204895019531,9.524862490935565,9.2431160773537,9.41579927921768,116000
2020-02-05,9.488508224487305,9.524862628919925,9.324913837919205,9.40671146458194,93800
2020-02-06,9.315825462341309,9.5975727601366,9.134053431549546,9.543040717520364,122000
2020-02-07,8.897747993469238,9.32491285038248,8.825039192304084,9.270380816129974,63400
2020-02-10,8.852304458618164,8.952279706703212,8.688710095241513,8.861393275127213,103000
2020-02-11,9.134052276611328,9.270381065777958,8.906837050162078,8.961368219125807,111500
2020-02-12,9.215850830078125,9.40671167429374,9.152229970834659,9.270382004564077,88000
2020-02-13,8.95228099822998,9.19767301207577,8.906837775885982,9.179496243192595,46600
2020-02-14,8.5796480178833,8.925015324406642,8.561471247412308,8.925015324406642,63900
2020-02-18,8.297900199890137,8.634178632075901,8.261545798214847,8.534204244158179,62700
2020-02-19,8.297900199890137,8.437865036380792,8.234280213647706,8.279722565673838,92800
2020-02-20,7.997976303100586,8.288811521365485,7.898001046754037,8.279722704105376,149100
2020-02-21,7.788938522338867,8.016153773205298,7.743496165571498,7.9616225983814966,102000
2020-02-24,7.807116985321045,7.861648165920366,7.4981040727332635,7.552636120090074,128700
2020-02-25,7.825292587280273,7.997976655808349,7.743495828604054,7.81620463637671,128200
2020-02-26,7.6071672439575195,7.8616481072906526,7.543547244813607,7.834382517194331,129300
2020-02-27,7.4708380699157715,7.716230102577863,7.334508392430218,7.498103658709906,120900
2020-02-28,7.570810794830322,7.588988427834596,7.143646386938246,7.325418816573365,241100
2020-03-02,7.516281604766846,7.579901603487964,7.343597512870275,7.579901603487964,207900
2020-03-03,7.352685451507568,7.7344071316500225,7.334507815902036,7.552635109381562,129000
2020-03-04,7.543545722961426,7.543545722961426,7.343596080159236,7.507191321248055,84700
2020-03-05,7.934356212615967,9.034078070960721,7.688964190278491,8.634179607361448,325000
2020-03-06,7.7980265617370605,8.343343456067792,7.598076918248151,7.743495392358374,142200
2020-03-09,6.852811336517334,7.588989066784717,6.816456934205199,7.4890138103583554,153100
2020-03-10,6.643774032592773,7.170913357105391,6.2711411514811735,7.170913357105391,121500
2020-03-11,6.098456382751465,6.607418410466664,5.971215984167323,6.380203196305667,170700
2020-03-12,5.1532416343688965,5.925773351974302,5.09871002960155,5.880330131312179,185200
2020-03-13,5.453165531158447,5.725823981067833,5.271393520137963,5.507697134464593,231500
2020-03-16,4.780609130859375,5.4531660716778685,4.771520312718135,5.044178789653509,180700
2020-03-17,4.726077079772949,4.962381150450947,4.5761150477575665,4.826051912242772,173700
2020-03-18,3.8081271648406982,4.526127230203786,3.6717979452472393,4.453418428654912,198700
2020-03-19,4.035341739654541,4.544303702307559,3.671797356794222,3.808126554539163,279100
2020-03-20,4.11713981628418,4.798785449661263,4.0353422015977705,4.080784983795736,275200
2020-03-23,3.971722364425659,4.136226412707825,3.8353931312360823,4.080785577625847,236200
2020-03-24,4.180759429931641,4.317088631279336,4.03534184629601,4.03534184629601,261700
2020-03-25,4.517038345336914,4.81696279727995,4.2171143267725135,4.2625575437459355,174800
2020-03-26,4.771519184112549,4.93511397155154,4.517037970273296,4.55339280086056,208500
2020-03-27,4.653367519378662,4.907848751969375,4.45341831999774,4.626101936152398,196600
2020-03-30,4.726077079772949,4.916937926588655,4.544305051081182,4.671545471165419,185000
2020-03-31,4.835140228271484,4.921481824589432,4.662456602256933,4.662456602256933,353600
2020-04-01,4.526127815246582,4.998735519781705,4.462507388978484,4.626102646988252,233700
2020-04-02,3.862658977508545,4.326178262831331,3.762684153215239,4.071697010097095,292600
2020-04-03,3.653621196746826,3.9126464426460816,3.6354439941114167,3.844482041107971,350600
2020-04-06,3.8353934288024902,4.30800115604894,3.762684614361301,4.0171658982841825,263100
2020-04-07,3.699063777923584,4.071696583955444,3.644532179483211,3.899012972204952,428200
2020-04-08,3.9081013202667236,4.044430083339984,3.7535949265132222,3.762683308474774,254100
2020-04-09,4.244379997253418,4.2807343945138605,3.926278804535242,4.1262279894676785,287200
2020-04-13,4.471595764160156,4.517038549812024,4.089874111115462,4.262557736701331,210600
2020-04-14,4.389798641204834,4.7260771133640915,4.298912626212967,4.607925510564018,190300
2020-04-15,4.098962783813477,4.280734786772075,3.944456364609348,4.253468769638965,147400
2020-04-16,3.980811357498169,4.0989633936901875,3.908102545496528,4.0989633936901875,146900
2020-04-17,4.035341739654541,4.2262025298217445,3.9898985292800364,4.089873332076803,209700
2020-04-20,3.7354190349578857,3.9989887046543604,3.6808874239908964,3.9535454788258426,144300
2020-04-21,3.6445322036743164,3.7445065847892844,3.5109293748989048,3.735418201678207,133700
2020-04-22,3.5809123516082764,3.8899252268034075,3.55364654791859,3.8899252268034075,169400
2020-04-23,3.60817813873291,3.8263047839383293,3.544557930415722,3.580912335168401,227900
2020-04-24,3.653621196746826,3.7635932076842478,3.5263807782989613,3.744507209923872,181400
2020-04-27,4.11713981628418,4.144405398927235,3.671797777120935,3.671797777120935,228700
2020-04-28,4.262558460235596,4.353444480345141,3.926279969140914,4.153495236104142,206800
2020-04-29,4.671544551849365,4.71698776676886,4.407974945424973,4.426152144717048,223300
2020-04-30,4.198936939239502,4.580658557966478,4.117139759068447,4.526126960059569,193400
2020-05-01,3.9898993968963623,4.13531744168925,3.899013389762474,4.062608202603473,105100
2020-05-04,3.953544855117798,4.126228479293528,3.7445068293659824,3.935367654329755,162000
2020-05-05,3.971722364425659,4.18984922420472,3.9353679600255966,4.117140415404595,109500
2020-05-06,3.9081013202667236,4.035341701378432,3.80812651841824,4.026252886038311,117000
2020-05-07,4.07169771194458,4.426153416691764,4.026254483965746,4.180760939039292,205200
2020-05-08,4.271646022796631,4.371620842350373,4.09896283453832,4.117140035059124,160300
2020-05-11,4.044430732727051,4.226203168308324,3.926279147984657,4.226203168308324,185000
2020-05-12,3.862658977508545,4.098963028860239,3.849026184816306,4.026253789951411,197200
2020-05-13,3.7354190349578857,3.9717226824815057,3.553646781711895,3.9717226824815057,260000
2020-05-14,3.635443925857544,3.753595957458799,3.4173172816385176,3.7172415528705187,268600
2020-05-15,3.635443925857544,3.721785528410038,3.5990895212692635,3.6717983304458244,256900
2020-05-18,4.235291481018066,4.35344349716647,3.7808610497198663,3.871747482682411,339600
2020-05-19,3.9353673458099365,4.235291351988912,3.9262789628177406,4.235291351988912,307200
2020-05-20,3.980811357498169,4.148950593596639,3.889925342496118,3.935368133307791,307500
2020-05-21,4.135317802429199,4.2171149992958545,3.944456954109162,3.9989885631465008,188000
2020-05-22,4.20802640914917,4.226203611274663,4.015347979943205,4.15349480277269,190000
2020-05-26,4.535216331481934,4.601563578443416,4.308001073991767,4.326178710634543,208100
2020-05-27,4.916936874389648,5.003278894575518,4.544304078623663,4.707898869437815,227100
2020-05-28,4.835140228271484,5.080532658212446,4.798785826308279,5.080532658212446,129600
2020-05-29,4.535216331481934,4.834231606871962,4.453419133482997,4.753343204029423,365400
2020-06-01,4.807873725891113,4.944202936212244,4.544304121513613,4.644278933532924,180100
2020-06-02,4.789697170257568,4.9351147830023585,4.726076747992387,4.726076747992387,171500
2020-06-03,5.189596176147461,5.371368196893262,4.839684494488441,4.898760509575498,282600
2020-06-04,5.62584924697876,5.634937630983685,5.1350643761101855,5.225950383052761,216900
2020-06-05,5.7894439697265625,6.025748017492704,5.689469580328881,5.762178384755798,190000
2020-06-08,6.1257219314575195,6.198431163619948,5.748544712732573,5.907595535106111,292800
2020-06-09,5.943950176239014,6.098456596627698,5.54405133328555,6.007570594451603,271600
2020-06-10,5.534963607788086,5.916685295687774,5.5258747898006195,5.862153254520366,140100
2020-06-11,4.826051712036133,5.353191006752815,4.8169633276679225,5.171418985601781,193300
2020-06-12,5.1986846923828125,5.316836725554368,5.016912667025568,5.1077986797041905,185200
2020-06-15,5.253216743469238,5.298659533206577,4.835140650965033,4.9442038663890795,232300
2020-06-16,5.953038692474365,5.998481474577901,5.52587385375367,5.571317069235828,224300
2020-06-17,5.6803812980651855,6.116634599091739,5.589495283971883,6.016659766899756,230800
2020-06-18,5.416810989379883,5.798532636065773,5.398633788746205,5.562228594449309,130800
2020-06-19,5.280481815338135,5.55314026066947,5.253216230832193,5.471342640394339,180500
2020-06-22,5.171420097351074,5.316837745533714,5.116888479282585,5.225951715419565,94600
2020-06-23,5.0623555183410645,5.316836335155465,5.0623555183410645,5.298659133954436,58200
2020-06-24,4.88967227935791,4.998735495243239,4.626102624279016,4.998735495243239,173000
2020-06-25,4.998735427856445,5.03508983266147,4.771520181135698,4.835140606233836,270600
2020-06-26,4.871494770050049,4.953291960125569,4.635190717128466,4.953291960125569,550100
2020-06-29,5.135064125061035,5.307747746498899,4.889671701623786,4.889671701623786,115000
2020-06-30,5.116887092590332,5.202319894407202,5.044178288203323,5.089621074255874,180500
2020-07-01,4.935115337371826,5.153242214370226,4.812419321180436,5.14415339586338,156700
2020-07-02,4.880582809448242,5.207772846780347,4.844228409008968,5.080532445242888,101200
2020-07-06,4.88967227935791,5.0260015159039195,4.7351658401643455,4.980558292595684,214600
2020-07-07,4.744254112243652,4.889672163352815,4.699720118496234,4.807874536690079,136800
2020-07-08,4.671544551849365,4.853316978148729,4.652458557599479,4.744253349017664,157000
2020-07-09,4.735166072845459,4.7987865019274905,4.535216400518341,4.680634462223168,146200
2020-07-10,4.89876127243042,4.926027296477607,4.63519158461553,4.716989223378341,204000
2020-07-13,4.771519184112549,5.007823199347469,4.771519184112549,4.953291170155873,189700
2020-07-14,4.871494770050049,5.040542787368616,4.735165542085956,4.962380777566555,204300
2020-07-15,5.098709583282471,5.198683966581942,4.92602596661252,5.062355183286548,155300
2020-07-16,4.926026344299316,5.065081956614283,4.898760325522526,5.044178370034299,128700
2020-07-17,5.089621067047119,5.189595889626985,4.871494654195039,4.926026257408059,189400
2020-07-20,4.962380886077881,5.080532915122277,4.862406058934262,5.0623557132215,171200
2020-07-21,5.344102382659912,5.371367967920151,5.062355545825011,5.062355545825011,158700
2020-07-22,5.362279891967773,5.389545478794142,5.225950657699865,5.298659467075099,141200
2020-07-23,5.407721996307373,5.580405613394352,5.3441020128501835,5.380456412933902,203800
2020-07-24,5.353190898895264,5.471342926952218,5.244127688402078,5.42589970589072,112600
2020-07-27,5.407721996307373,5.4349880130594785,5.307747612766465,5.362279212892043,99400
2020-07-28,5.316836357116699,5.416811180824634,5.2441275520122606,5.335013558392809,208400
2020-07-29,5.580406665802002,5.654933503393667,5.335014202269077,5.335014202269077,155400
2020-07-30,5.444077014923096,5.634937853736699,5.2077733875311525,5.371368206494806,168700
2020-07-31,5.116887092590332,5.425899511235119,5.071443873159121,5.425899511235119,133900
2020-08-03,5.244126319885254,5.325923923098427,5.080531546837468,5.16232871667208,97100
2020-08-04,5.534963607788086,5.544051992396858,5.271393953453291,5.289571156049528,97400
2020-08-05,5.634937763214111,5.72582420566811,5.583132976399449,5.616760561399047,135000
2020-08-06,5.689468860626221,5.725823258240945,5.498608056459616,5.625848448111151,72900
2020-08-07,5.862154006958008,5.880331211887383,5.580407113863311,5.625850342876125,77000
2020-08-10,6.2347869873046875,6.298406984084739,5.898508066041129,5.898508066041129,126200
2020-08-11,6.280229568481445,6.59196884232874,6.243875162010425,6.243875162010425,188100
2020-08-12,6.316582679748535,6.434734693241849,6.180253900125533,6.434734693241849,80100
2020-08-13,6.0348358154296875,6.243873824550738,5.925772619378344,6.243873824550738,67900
2020-08-14,6.134810924530029,6.216608542204927,5.907595705102991,5.943950105541027,53700
2020-08-17,5.971216678619385,6.171165899648546,5.916685072884159,6.116634293913321,62700
2020-08-18,5.698558330535889,5.971216798043873,5.680381128260603,5.907596373391026,87400
2020-08-19,5.61676025390625,5.880329882484752,5.607671870185605,5.662203472645435,75300
2020-08-20,5.507697582244873,5.562229189984483,5.4168115693455245,5.516786400224155,148300
2020-08-21,4.971469402313232,5.48952032030578,4.926026613044287,5.416811510772515,165900
2020-08-24,5.225950241088867,5.275937435204706,4.898760191605106,4.98055781232071,169800
2020-08-25,5.1532416343688965,5.3395580590019955,5.071444010528542,5.262304843903588,68400
2020-08-26,5.026001453399658,5.135064667928658,4.916937805491968,5.098710263085658,107800
2020-08-27,5.026001453399658,5.335013894565156,4.989646615177968,5.035089837921063,90400
2020-08-28,5.180507183074951,5.216861585993615,5.016912369940964,5.053266772859628,142600
2020-08-31,5.007823467254639,5.244127061752665,5.007823467254639,5.244127061752665,91800
2020-09-01,5.071443557739258,5.080532374411682,4.926025958009529,4.971468741235753,63500
2020-09-02,5.089621067047119,5.1623298713311465,5.035089463834099,5.0714438659761125,131400
2020-09-03,4.980557441711426,5.225949852219638,4.932387841255821,5.116886654966793,84600
2020-09-04,5.1532416343688965,5.180507220063234,4.935114781920842,5.071444010528542,155900
2020-09-08,4.971469402313232,5.071444232110816,4.835140601127706,5.071444232110816,188600
2020-09-09,5.171420097351074,5.225951715419565,4.762432311769234,5.026002449168434,255000
2020-09-10,5.007823467254639,5.271393077807133,4.916937035992159,5.162329446967883,167300
2020-09-11,5.026001453399658,5.089621445185562,4.912393829920611,5.035089837921063,141000
2020-09-14,5.107799530029297,5.148698350888015,4.998736296658559,5.089622324467507,96300
2020-09-15,5.180507183074951,5.307748026668943,5.089621175778292,5.135064396115955,79800
2020-09-16,5.5440521240234375,5.634938139162437,5.144153224033134,5.216862036144334,163000
2020-09-17,5.598583698272705,5.698558530992918,5.353191242234875,5.444077256808385,150000
2020-09-18,6.016659736633301,6.080280162867924,5.6258496613086955,5.662204066763137,208900
2020-09-21,5.207773685455322,5.862153432124106,5.144153257751656,5.853065047239986,122600
2020-09-22,5.098709583282471,5.3168359832580085,4.935114349922184,5.235038799956498,123000
2020-09-23,4.962380886077881,5.2441277322292805,4.935114866537375,5.0623557132215,142400
2020-09-24,4.962380886077881,5.107798501284106,4.826051655132706,4.989646472239709,122900
2020-09-25,5.098709583282471,5.1350639832783935,4.8905803616097,4.898759949926261,123100
2020-09-28,5.235039234161377,5.3350136257529295,5.11688720768554,5.162329994760245,173000
2020-09-29,5.026001453399658,5.262305084879157,4.962381028235064,5.225950680036157,112600
2020-09-30,5.207773685455322,5.280482498043109,5.01691283572303,5.0441788571328035,268100
2020-10-01,5.662202835083008,5.816709241344473,5.153240836054924,5.153240836054924,326900
2020-10-02,5.807621479034424,5.907596307116268,5.453165821953479,5.471343024024843,155000
2020-10-05,5.7894439697265625,6.0621024197061635,5.734912366406374,5.916684810852328,171900
2020-10-06,6.025747776031494,6.171165379058217,5.725823753099557,5.807620938112768,600100
2020-10-07,6.4347357749938965,6.443824592965295,6.071191290333159,6.089368492897261,238700
2020-10-08,6.725571155548096,6.8073683468233686,6.316583465657031,6.362026686771152,255500
2020-10-09,6.8709893226623535,6.900072934510504,6.730116105953173,6.743748900033062,267700
2020-10-12,7.007318019866943,7.025495221689246,6.7346595591537355,6.989140818044642,93200
2020-10-13,6.880076885223389,6.90734246840668,6.607418453118683,6.861899685308317,150200
2020-10-14,6.652862548828125,7.030039821947024,6.634685346510781,6.961874988222968,90600
2020-10-15,6.716482639312744,6.761925862465702,6.398381377378121,6.534710613458301,118600
2020-10-16,6.834633827209473,6.9436970292285665,6.630140215079012,6.716481808332801,85200
2020-10-19,6.861900329589844,7.089115566551379,6.843723127968067,6.88007753121162,73500
2020-10-20,6.680127143859863,6.984595562506946,6.598329962265055,6.9436967550202295,66300
2020-10-21,6.462001323699951,6.761925360797733,6.452912506392182,6.725570958323981,93600
2020-10-22,6.743747711181641,6.8073676945914015,6.412013268941735,6.543798077491624,71100
2020-10-23,6.934609413146973,6.984596611259411,6.6528625600630065,6.8164573811953675,90300
2020-10-26,6.580153942108154,6.816458028449529,6.462002332316198,6.816458028449529,92600
2020-10-27,6.525620460510254,6.698304066434913,6.443823282298599,6.616506888223258,88700
2020-10-28,6.1802544593811035,6.362026470912864,6.007570831736601,6.343849269759688,194900
2020-10-29,7.316330432891846,7.498102439901638,6.316583094202041,6.65286195723813,180400
2020-10-30,7.152735710144043,8.861394433038187,7.098204104100019,7.325419779351474,588200
2020-11-02,7.434483051300049,7.479925406634604,6.85281171538963,7.143647383344839,130700
2020-11-03,8.079773902893066,8.097950670606393,7.541728230515884,7.6071658077441064,194000
2020-11-04,7.070938587188721,7.879824734851283,6.952786556243996,7.879824734851283,136500
2020-11-05,7.461747169494629,7.698051184465727,7.152734360187378,7.152734360187378,88600
2020-11-06,7.543545722961426,7.748038907565143,7.390856889062348,7.4526592852993465,137700
2020-11-09,8.261548042297363,8.66144656934991,7.601714995944014,7.90709187961445,231700
2020-11-10,8.470582962036133,8.616000561370395,8.216102163201175,8.416051795664416,134400
2020-11-11,8.397873878479004,8.579645871502033,8.227917520050019,8.397873878479004,95200
2020-11-12,8.679624557495117,8.725067790449478,8.088864262603572,8.234282781409043,192200
2020-11-13,9.061346054077148,9.21585252140526,8.788687531335919,8.85230753549777,251700
2020-11-16,9.64301586151123,9.842965544182558,9.252206181855998,9.334003818710517,240200
2020-11-17,9.761165618896484,9.988380838331267,9.306735180026921,9.552128033059978,176000
2020-11-18,10.10653305053711,10.742735503820866,9.733900222189078,9.81569784143763,236200
2020-11-19,10.142887115478516,10.35192556515795,9.786613476086321,10.00655833242121,181100
2020-11-20,9.77934455871582,10.052003031807839,9.306736423122002,10.052003031807839,182000
2020-11-23,10.406457901000977,10.760913990238645,9.842964205352601,9.842964205352601,182700
2020-11-24,11.03357219696045,11.388027411191421,10.579141723940358,10.706381701661286,375500
2020-11-25,10.13379955291748,10.869977326101715,10.006559570785978,10.869977326101715,187700
2020-11-27,10.233774185180664,10.796358624131944,10.005649726355234,10.052002174213142,69600
2020-11-30,9.761165618896484,10.19741929092505,9.6611912343778,10.170152840527637,228300
2020-12-01,10.024735450744629,10.451900315006503,9.761165825297365,10.03382426773595,153600
2020-12-02,10.670029640197754,10.770004920928038,9.906586139293003,10.052004650650005,147100
2020-12-03,10.406457901000977,10.860888384597153,10.170153841509197,10.724559586221245,91500
2020-12-04,11.169898986816406,11.310772165469427,10.451899003018468,10.55187337710171,230900
2020-12-07,11.2335205078125,11.278963726551684,10.833622089773753,11.169900521632027,103900
2020-12-08,11.2335205078125,11.533444538030889,11.088102901252956,11.088102901252956,121500
2020-12-09,10.997217178344727,11.433469991986192,10.81544430590349,11.351672372739094,115900
2020-12-10,11.597066879272461,11.683408052524426,10.815445843570004,10.815445843570004,82200
2020-12-11,11.106279373168945,11.469823351522587,10.751823344206233,11.433468953687223,85300
2020-12-14,10.87906551361084,11.378939195651137,10.869976696340196,11.378939195651137,105300
2020-12-15,11.360762596130371,11.587977848052978,10.824534462911833,11.124458526109082,151100
2020-12-16,11.079014778137207,11.433470866397016,11.024483605640226,11.433470866397016,102300
2020-12-17,11.124457359313965,11.206254980107897,10.67002690313195,11.169900578283627,115500
2020-12-18,10.906331062316895,11.551622351507604,10.697293466332667,11.088103073337379,295700
2020-12-21,10.706381797790527,10.988129074965935,10.560964183799614,10.724559432918067,102700
2020-12-22,10.715471267700195,10.815445666715942,10.497344833434532,10.788180079122084,173700
2020-12-23,11.178990364074707,11.269875943131847,10.724559868516852,10.806357496398448,84900
2020-12-24,11.19716739654541,11.35167383800973,11.006306549251686,11.35167383800973,25400
2020-12-28,10.815443992614746,11.424380844084977,10.74273519244731,11.424380844084977,59700
2020-12-29,10.606409072875977,10.960865212790317,10.470080255009108,10.833624347159082,86800
2020-12-30,12.378684997558594,12.578634632493308,10.833621685398441,10.833621685398441,303200
2020-12-31,12.39686393737793,12.614990362060185,11.929709454475953,12.451395110169813,112000
2021-01-04,13.887394905090332,15.150711922320454,12.742230780697254,13.087597174767378,380000
2021-01-05,14.850790023803711,15.432460553930737,13.987372180578312,13.987372180578312,550200
2021-01-06,15.941420555114746,16.277698107580367,14.996204414478798,15.296128433427793,346600
2021-01-07,15.823267936706543,16.832104078087173,15.732381501115704,16.195900762465868,239000
2021-01-08,14.28729248046875,15.959595678442879,14.087342855314201,15.796000451793047,325800
2021-01-11,14.041901588439941,14.26548164697629,13.723800774084836,13.723800774084836,162400
2021-01-12,14.214585304260254,14.405446134861991,13.896483631004914,13.896483631004914,151400
2021-01-13,13.30572509765625,14.232762849219469,13.060332216304078,14.232762849219469,210300
2021-01-14,13.678357124328613,13.832863551254988,13.251192245958206,13.542027465227935,176600
2021-01-15,13.033066749572754,13.369345212230618,12.62407947697575,13.151218782413201,162600
2021-01-19,13.314813613891602,13.605649730070962,12.787674290935618,13.178484807414417,360600
2021-01-20,13.542028427124023,13.861039349359846,13.314813179241021,13.405699625097176,284200
2021-01-21,12.760406494140625,13.719254982891519,12.651343294486445,13.405697742162465,205900
2021-01-22,12.505926132202148,12.93309012909364,12.096938902509915,12.496837315223871,284200
2021-01-25,12.096939086914062,12.505926322840843,11.415293404783663,12.505926322840843,225600
2021-01-26,11.651596069335938,12.260532921226272,11.551621685726058,12.069672103965761,144700
2021-01-27,11.206256866455078,11.520722538506819,10.497345478172257,11.333497727637106,222100
2021-01-28,11.542533874511719,11.687951487614647,11.079014582678127,11.40620507891706,162700
2021-01-29,11.215344429016113,11.642509324581546,10.933597148939162,11.597066103052057,133100
2021-02-01,11.887900352478027,11.90607798629189,11.033571498644086,11.251697903866715,193400
2021-02-02,11.778838157653809,12.187825419128153,11.560711733768473,12.015142216908268,106200
2021-02-03,11.578887939453125,11.874267565782143,11.388027111143137,11.72430554830696,99000
2021-02-04,12.060585021972656,12.106027375311061,11.442559308888244,11.60615455452996,97600
2021-02-05,12.16055965423584,12.433218113466792,11.9960560436451,12.360509306572851,141900
2021-02-08,12.760406494140625,12.896735277019033,12.32415369552391,12.32415369552391,92800
2021-02-09,13.014888763427734,13.114864024471363,12.496838289864785,12.860382329776089,164000
2021-02-10,12.133294105529785,13.251192665018618,12.06967324923457,13.251192665018618,182500
2021-02-11,11.94243335723877,12.269622991650124,11.578888452246574,12.151470962534463,119500
2021-02-12,11.833370208740234,11.887901381386971,11.56071174523446,11.806103755659503,72000
2021-02-16,12.269621849060059,12.342330649936128,11.760659376170292,11.969697828756951,144000
2021-02-17,12.578634262084961,12.951267070701167,12.124203838551587,12.269621435401106,175000
2021-02-18,12.24235725402832,12.578635701924968,12.178736398056225,12.28780047493486,148800
2021-02-19,13.29663372039795,13.4784057085829,12.369595280518888,12.369595280518888,175600
2021-02-22,14.160052299499512,14.214584333127549,13.078508244485052,13.078508244485052,196600
2021-02-23,14.078256607055664,14.341826260982687,13.169395611892499,13.987371027593781,149200
2021-02-24,15.023470878601074,15.196153196614691,14.08734355385998,14.08734355385998,133300
2021-02-25,11.96969985961914,13.63291547867716,11.906079864747689,13.63291547867716,393900
2021-02-26,11.56980037689209,11.987876481063596,11.129003093907178,11.978788529592682,186300
2021-03-01,12.424127578735352,12.642253969269195,12.008778381740116,12.015140379795088,120600
2021-03-02,12.006053924560547,12.496838833156014,11.987876288396041,12.405952385848284,77600
2021-03-03,12.587723731994629,12.714963702464246,11.960609229581571,11.996963630681075,145400
2021-03-04,12.596813201904297,13.014889298364709,12.25144591641462,12.378686768992099,192600
2021-03-05,13.142128944396973,13.269369785292797,12.587724094954277,12.978533701353387,165000
2021-03-08,14.16914176940918,14.205496171251339,13.133040016771677,13.142128833921545,148400
2021-03-09,14.578128814697266,14.796255209906603,13.851039097151645,14.34182391975128,131900
2021-03-10,14.996207237243652,15.08709368841477,14.414535856614858,14.65992788796498,133600
2021-03-11,15.496082305908203,15.65058877465546,15.114360543915868,15.223424647420156,138300
2021-03-12,15.550610542297363,15.709660506274648,15.223420063813126,15.59605289385813,124000
2021-03-15,15.995952606201172,16.023217324466856,15.46426806433001,15.605142131589725,105400
2021-03-16,15.850533485412598,16.09592459397415,15.623318276123197,15.986862264283342,75100
2021-03-17,16.33222770690918,16.341316522794553,15.42336692054444,15.75964617424572,116800
2021-03-18,16.00503921508789,17.686430305373023,15.977772767069787,16.24134323070158,221400
2021-03-19,15.986863136291504,16.323140693614068,14.841698210987833,16.005040770069634,304300
2021-03-22,15.468816757202148,16.204993782766145,15.214335018241064,16.0141337786816,108800
2021-03-23,14.550864219665527,15.168889951613627,14.505420998182752,15.087092326296101,128300
2021-03-24,14.214585304260254,15.341571786409698,14.214585304260254,14.905318954609912,122600
2021-03-25,14.932584762573242,15.068913549941028,13.678356625111908,13.987369467686666,136500
2021-03-26,15.914152145385742,16.204987311767397,15.028012556025542,15.250684205388307,125300
2021-03-29,14.84169864654541,16.332229989803157,14.814432195078028,15.750559559949329,109300
2021-03-30,15.068917274475098,15.496081376078775,14.759904355522647,14.759904355522647,116300
2021-03-31,15.486991882324219,15.977775908544913,15.168890193626963,15.387016620115576,280300
2021-04-01,15.223420143127441,15.250686594314717,14.414533626474906,14.823520859953735,232900
2021-04-05,15.223420143127441,15.720567862003035,14.805344959343488,15.577875340989019,141000
2021-04-06,14.714459419250488,15.536977478124056,14.641750611833244,15.223421071171199,104800
2021-04-07,14.678104400634766,14.9780284530664,14.614484409742408,14.832610835736805,108300
2021-04-08,14.35091495513916,14.768991043977431,14.060079716558581,14.750813408187454,89000
2021-04-09,14.378181457519531,14.469067908741355,14.005548567673442,14.260029417634136,80900
2021-04-12,14.505420684814453,14.686284338370518,14.25093986346889,14.423623061264045,58100
2021-04-13,14.114609718322754,14.541774589583826,13.778331284949505,14.541774589583826,77000
2021-04-14,14.396358489990234,14.75990254609811,14.123700014530629,14.123700014530629,65400
2021-04-15,14.541775703430176,14.632662148279564,14.041901990273288,14.605395694770323,115700
2021-04-16,14.29638385772705,14.859878469789411,14.246397089521512,14.850789651294791,78800
2021-04-19,13.25119400024414,14.114611821824443,13.103958781010409,14.069168596108124,140900
2021-04-20,12.442306518554688,13.305725148770785,12.224180089908621,13.242104290347646,311000
2021-04-21,13.20574951171875,13.23301596459563,12.342331772703375,12.342331772703375,115700
2021-04-22,13.178483963012695,13.57838240534467,12.964901948748242,13.196661598315554,67900
2021-04-23,13.569293975830078,13.660179548866557,13.03306588791274,13.351166693676408,77100
2021-04-26,13.887394905090332,14.08280014565457,13.651091719688248,13.741977293532948,75900
2021-04-27,13.796509742736816,13.987370580287786,13.596560087503097,13.896484136974996,72500
2021-04-28,13.987369537353516,14.123698325400314,13.72379991150769,13.80559666428139,51000
2021-04-29,14.28729248046875,14.350912461162695,13.887393230159654,14.041899640494,98900
2021-04-30,14.43271255493164,14.596306942940007,14.032813235894793,14.032813235894793,90400
2021-05-03,14.968938827514648,15.132534071560926,14.569041268195576,14.768990047855112,96400
2021-05-04,14.97802448272705,15.196150850901024,14.696278140524955,14.823518088581203,181200
2021-05-05,15.287036895751953,15.723289621390752,14.87805061553342,14.99620174532609,136100
2021-05-06,15.56878662109375,16.12319233075961,14.559952190072678,15.56878662109375,225000
2021-05-07,15.350658416748047,15.804180456957264,15.032558522327163,15.596051249742223,95500
2021-05-10,15.323397636413574,15.814181694897592,15.223422367632725,15.541524077241455,113300
2021-05-11,15.287036895751953,15.718746080577825,14.859872985253245,14.859872985253245,94600
2021-05-12,14.178231239318848,15.214332172900692,14.096433614718734,14.959850481532039,130500
2021-05-13,14.52359676361084,14.868964876323234,14.114609532028354,14.296381538647537,122400
2021-05-14,14.850790023803711,15.059827653878745,14.523599483849798,14.523599483849798,89500
2021-05-17,15.414280891418457,15.68694021673079,14.94167451453686,14.94167451453686,251100
2021-05-18,15.196152687072754,15.923242402355513,15.196152687072754,15.441545530987478,107000
2021-05-19,14.905322074890137,15.059828535186277,14.387271511989852,14.705373251836612,86800
2021-05-20,14.796255111694336,14.996203872597084,14.559951085074099,14.996203872597084,47800
2021-05-21,14.87805461883545,15.296129826687363,14.787168176493603,15.19615456675986,93300
2021-05-24,15.223420143127441,15.268862494924965,14.70536970517141,14.996204917110614,69400
2021-05-25,14.260026931762695,15.305217471581647,14.191862538607767,15.305217471581647,135700
2021-05-26,14.341825485229492,14.428167517791797,14.173686695603116,14.278205496371656,100600
2021-05-27,14.941676139831543,15.359751390533074,14.732636780965898,14.732636780965898,125500
2021-05-28,15.050734519958496,15.15070976372826,14.405444177299453,15.15070976372826,134800
2021-06-01,15.859623908996582,15.86871099279629,15.305218187423163,15.377926992423394,185700
2021-06-02,15.205243110656738,16.177724039126385,15.03256078018162,16.014130526073327,108200
2021-06-03,14.805346488952637,14.914408837940274,14.42362393370895,14.878055299449322,117100
2021-06-04,15.105269432067871,15.223420590320929,14.850787747388276,15.078002980079633,62200
2021-06-07,14.814433097839355,15.246142404716625,14.796257195934785,15.177978872166356,102000
2021-06-08,15.177980422973633,15.286134417794019,14.450890533544083,14.76899225182483,49600
2021-06-09,14.868966102600098,15.296130136695025,14.76899084064639,15.177978972716339,54100
2021-06-10,14.35091495513916,15.150712727993131,14.332738186106564,14.996206290807853,76500
2021-06-11,13.987369537353516,14.650838443849262,13.860128699554487,14.40544558525627,168300
2021-06-14,13.46023178100586,14.187319887039925,13.255737709460409,13.896484644626298,140600
2021-06-15,13.705622673034668,13.741977075346803,13.114863418773146,13.414787454537588,74200
2021-06-16,13.642003059387207,13.86467388799355,13.301180203340436,13.54202780022212,84600
2021-06-17,13.269370079040527,13.523850899708373,12.91491400018517,13.478407679328352,119800
2021-06-18,12.842206954956055,13.296637487544348,12.769498139082526,12.987624586703117,122600
2021-06-21,13.505675315856934,13.560207361945789,13.014890368087098,13.014890368087098,81800
2021-06-22,13.49658489227295,13.623824865250615,13.160305592027465,13.623824865250615,83600
2021-06-23,13.605648040771484,13.787420049091091,13.517488421716081,13.642002442435405,96300
2021-06-24,14.060079574584961,14.123699565692705,13.35116738756707,13.696534663272802,117900
2021-06-25,13.49658489227295,14.24185056288148,13.487496075129599,14.24185056288148,554600
2021-06-28,13.151216506958008,13.378431715393841,13.042153310919677,13.378431715393841,119200
2021-06-29,13.11486530303955,13.414789381895314,13.046700030498059,13.14213089200168,76000
2021-06-30,13.269370079040527,13.432964458948332,12.905825182757699,12.987622806090268,276800
2021-07-01,13.30572509765625,13.587471516885733,13.05851462608595,13.478408302981672,142800
2021-07-02,13.105774879455566,13.378433335957832,12.95126844966286,13.378433335957832,64500
2021-07-06,12.742233276367188,13.069422966454065,12.315068308685637,13.069422966454065,100700
2021-07-07,13.105774879455566,13.151218099998834,12.683154401890658,12.714964396243742,159100
2021-07-08,12.578634262084961,12.972170655227906,12.251443802416293,12.633165427524908,110400
2021-07-09,12.91491413116455,13.17393936317309,12.724053297038676,12.724053297038676,114400
2021-07-12,13.178483963012695,13.28754717455778,12.696787895332566,12.724053481529499,144300
2021-07-13,13.023979187011719,13.12395359362514,12.824029507027408,12.960359188872038,84600
2021-07-14,12.842206954956055,13.314814258134003,12.824029317608945,13.151219855797288,127400
2021-07-15,13.360254287719727,13.678355931114798,12.796760666161608,12.796760666161608,192000
2021-07-16,12.951268196105957,13.560205085895033,12.924002611016732,13.560205085895033,99900
2021-07-19,12.351419448852539,12.660432285507085,12.169647446925532,12.560457034379276,106800
2021-07-20,12.587723731994629,12.760406920527949,12.305976473405504,12.38777409256871,246600
2021-07-21,13.178483963012695,13.214838366861056,12.633167038529916,12.787673471574792,179900
2021-07-22,12.951268196105957,13.26936986692377,12.55136977002047,13.178483427616587,133600
2021-07-23,12.91491413116455,13.205749357734513,12.660433307915833,13.187572589452563,55800
2021-07-26,13.178483963012695,13.423876839057153,12.783129062749076,12.960357539922526,79700
2021-07-27,13.069419860839844,13.151217480613822,12.783128191630922,12.95126783969491,113800
2021-07-28,13.369341850280762,13.478405037763665,12.933088233591983,13.223924266970224,90300
2021-07-29,14.269115447998047,14.405445098192688,13.532938630624594,13.642001830725947,143300
2021-07-30,14.29638385772705,14.487244712326898,14.187320636063914,14.241852680274201,87300
2021-08-02,14.005549430847168,14.487245571792323,13.849225383846901,14.305473524903348,194400
2021-08-03,14.305471420288086,14.496332258131511,13.678357734092469,14.005547370356613,72100
2021-08-04,13.987369537353516,14.287293564462308,13.969191903343384,13.987369537353516,107800
2021-08-05,16.959348678588867,17.431956885896167,15.45972814916671,15.45972814916671,719400
2021-08-06,17.141115188598633,17.604634403156723,16.74121595247735,17.059317578175772,390400
2021-08-09,17.868207931518555,17.92273910860703,17.13203097352216,17.13203097352216,218000
2021-08-10,19.967674255371094,20.04947187876548,17.913648320106446,17.950003589843806,299100
2021-08-11,20.976505279541016,21.047397344632415,19.585947758431313,20.22215095375283,195400
2021-08-12,21.040130615234375,21.34914347646668,20.55843542188348,21.00377707871482,440200
2021-08-13,21.259008407592773,21.569092760576545,20.529399188528366,20.994525718004024,101400
2021-08-16,22.34430694580078,23.420482007636956,20.675324088409756,21.20429128530074,814600
2021-08-17,21.003650665283203,22.672633642661285,20.114438038260445,22.298708618297002,308200
2021-08-18,20.693565368652344,21.82446072858114,20.647963697167775,21.122210643451886,187300
2021-08-19,20.191959381103516,20.793887586969266,19.90923594853653,20.264920323041,139600
2021-08-20,20.26491928100586,20.492922430277183,19.59003016790586,20.1463584087762,104200
2021-08-23,21.012771606445312,21.46695315379051,20.529404291462445,20.74828711158883,176400
2021-08-24,21.450538635253906,21.888304303844524,21.06749324035558,21.222535465422194,124500
2021-08-25,20.657087326049805,21.66486094298826,20.629728058321454,21.304617248197594,184300
2021-08-26,20.730045318603516,21.122211002405827,20.346999969253112,20.739165653055423,116800
2021-08-27,21.395811080932617,21.450533079979103,20.730042414931543,20.730042414931543,136000
2021-08-30,21.71502113342285,22.481111913543018,21.468779035154746,21.66030086042173,255400
2021-08-31,21.11309242248535,21.66942069360187,20.502043879635984,21.66030035839205,118200
2021-09-01,21.012771606445312,21.359335636763916,20.392602746324208,20.994530936553275,97900
2021-09-02,21.74237632751465,22.46286523792769,21.43229196418985,21.57821381286909,215300
2021-09-03,22.335187911987305,22.41726918348363,21.550856535256184,21.897422290357543,172100
2021-09-07,22.526714324951172,22.77295643124602,22.15278925812348,22.33519075391499,194400
2021-09-08,21.879182815551758,22.736475176017848,21.51437811094684,22.681754905208624,143000
2021-09-09,21.505258560180664,22.253108666776104,21.505258560180664,21.879183613478386,105300
2021-09-10,20.96717071533203,22.253108418838323,20.92157077842373,21.751502154742653,122900
2021-09-13,21.61469841003418,21.769740615118085,20.784767117975,21.113090457338753,233000
2021-09-14,20.775646209716797,22.234864876637808,20.66620393993479,21.870060209907553,186600
2021-09-15,20.912446975708008,21.286371962840203,20.629723586796644,20.739164113041003,117500
2021-09-16,20.410844802856445,20.748290289438888,20.082521392143203,20.748290289438888,118800
2021-09-17,19.799795150756836,20.47286132571585,19.626513987863852,20.319643858014384,333400
2021-09-20,19.252588272094727,19.672113270807888,18.61417869893645,19.15226632043456,159900
2021-09-21,19.06106185913086,19.590029066108716,18.413533786591533,19.590029066108716,109800
2021-09-22,19.772432327270508,20.06427606442897,19.083861879106745,19.498827519040034,91900
2021-09-23,20.201078414916992,20.479242531735988,20.064276875037837,20.064276875037837,109500
2021-09-24,20.502042770385742,20.80300685792204,19.81803332239179,19.81803332239179,164600
2021-09-27,21.359333038330078,21.496134566825955,20.58412205748569,20.657082988651876,161200
2021-09-28,20.730045318603516,21.27269391157338,20.60236411532869,21.15869234021345,134300
2021-09-29,20.59324073791504,20.912445438460725,20.073393927653107,20.912445438460725,88100
2021-09-30,20.310523986816406,21.25901632483588,20.310523986816406,20.693569404359675,221900
2021-10-01,20.45644187927246,20.74828561843844,19.954833930495774,20.74828561843844,134400
2021-10-04,20.64796257019043,20.930687699385757,20.219317318786583,20.39260018191827,108700
2021-10-05,20.60236358642578,21.11309012593966,20.392601117994744,20.647963517988742,93600
2021-10-06,19.70859146118164,20.374360195028583,19.407627393858647,20.201077326107505,96900
2021-10-07,19.945716857910156,20.21931994937709,19.754193302262475,19.936596522924454,80700
2021-10-08,19.644750595092773,20.13723645332787,19.60826925917307,19.87275372601339,72600
2021-10-11,20.09163475036621,20.686265513473728,20.064273750840364,20.191954936242947,86600
2021-10-12,20.2101993560791,20.319641634982684,19.818033654336453,20.2375603606865,59800
2021-10-13,20.392602920532227,20.461002823922655,19.87275600085041,20.34700124541257,87600
2021-10-14,20.575002670288086,21.103969880461754,20.419960466985845,20.866846408380333,73900
2021-10-15,20.95804786682129,21.851819743443926,20.93068860376758,21.341093205306116,128200
2021-10-18,21.441415786743164,21.496136054022138,20.584123481584875,20.684445421201275,93900
2021-10-19,21.049251556396484,21.614700155761348,20.84860940282885,21.614700155761348,79000
2021-10-20,21.249895095825195,21.436857628702747,20.611487253096904,20.976291983159665,69600
2021-10-21,22.262222290039062,22.289583287955125,21.11308647044825,21.450531819977336,252600
2021-10-22,22.85503387451172,22.90063554544508,21.970382332715033,22.44462927326673,143800
2021-10-25,23.639368057250977,23.84913055014913,22.946238231585426,23.183361730328333,171500
2021-10-26,24.049774169921875,24.341617937462313,23.037439579180674,23.712328726499454,133800
2021-10-27,22.782072067260742,24.14188374857154,22.77295173342367,24.077129900186076,122900
2021-10-28,22.937114715576172,23.849127242951173,22.85503344895035,23.02831631621884,139900
2021-10-29,24.040651321411133,24.122732589891438,22.80943403373244,23.028316836504626,150400
2021-11-01,24.706418991088867,24.925301784356197,23.830886078493744,24.37809393142497,216200
2021-11-02,24.68817710876465,24.98002081876223,24.128201163932065,24.67905677538651,129000
2021-11-03,25.308351516723633,25.408673466771614,24.037006679606524,24.688182624656317,148700
2021-11-04,25.125946044921875,27.405977509598124,24.514897542807603,26.120039902682795,281000
2021-11-05,25.399553298950195,25.89933655006811,25.07122817991849,25.33571269014428,111300
2021-11-08,27.068531036376953,27.20533256224902,25.645792036161073,25.809952823492083,169400
2021-11-09,26.165637969970703,27.31021284212013,25.828192594308412,26.995569169583206,138600
2021-11-10,25.043865203857422,26.402765510964272,24.806743458234763,25.95587780541714,122800
2021-11-11,25.928518295288086,26.147401108847866,25.052985301522995,25.198907177229515,99300
2021-11-12,25.896501541137695,26.76551237425834,25.841617179019867,25.85991254797328,407800
2021-11-15,25.247032165527344,25.92394512805203,24.716478668157052,25.89650207405716,136800
2021-11-16,25.237882614135742,25.539749206781845,24.5609697016791,25.06408010784183,197700
2021-11-17,24.295692443847656,25.237882971064344,24.268251136236852,25.201292234593478,206700
2021-11-18,24.588411331176758,24.615854383501482,23.848380610820737,24.332283155115366,160400
2021-11-19,24.10359764099121,24.69818318349729,23.856615390418053,24.094449956368972,153800
2021-11-22,24.972606658935547,25.484866527597948,24.341432124812574,24.341432124812574,319800
2021-11-23,25.37509536743164,26.184647111965422,25.000049033092925,25.356799998746244,264000
2021-11-24,24.82624626159668,25.21501499077311,24.7439188481119,25.173851284030718,103300
2021-11-26,24.176774978637695,24.176774978637695,23.124815777665575,23.783433302552112,99100
2021-11-29,23.40839195251465,24.69818596909931,23.344359897679507,24.52438343115919,133600
2021-11-30,21.43253517150879,23.355333847270497,21.15810986227726,23.015047999196778,651400
2021-12-01,20.911130905151367,22.31984131608836,20.865392477844665,22.1917772091148,228000
2021-12-02,21.496566772460938,21.613654692591652,20.92942254099019,20.966013279355856,109300
2021-12-03,22.3289852142334,22.347280582052925,21.298065838469736,21.862463803289373,175700
2021-12-06,23.252883911132812,23.609634914503776,22.41131605479568,22.649150638623844,193300
2021-12-07,23.746843338012695,24.37801957696764,23.627926935328997,23.82917074938692,112600
2021-12-08,23.64622688293457,23.975534847466424,23.344360231013816,23.81088173757183,120800
2021-12-09,23.152259826660156,23.262030299515654,22.502789908554423,23.207145935459142,123000
2021-12-10,22.658296585083008,23.56389642434861,22.347282287386644,23.3992415908926,195900
2021-12-13,22.127742767333984,22.67659162257778,21.6795166965619,22.594264207054092,153400
2021-12-14,22.08200454711914,23.097374851378504,21.972235821910925,21.972235821910925,274100
2021-12-15,21.148962020874023,21.670367793372556,20.60926088045638,21.670367793372556,177000
2021-12-16,22.045419692993164,22.25581124309848,21.405095611659082,21.414243297934455,186900
2021-12-17,22.603408813476562,22.868686413347707,21.706956724811487,22.027118683546817,213100
2021-12-20,21.31361961364746,22.16433520996236,20.966016273248965,22.109450839318953,145700
2021-12-21,22.18263053894043,22.31984233765544,21.449002880892163,21.496569800622684,63200
2021-12-22,22.68573760986328,22.7406237168224,21.9539402978325,22.182627175934922,80700
2021-12-23,22.749773025512695,22.931807249118737,22.557675126925968,22.85954175778293,54700
2021-12-27,23.509014129638672,23.52730775572126,22.63543023727611,22.7497736878196,81800
2021-12-28,23.298616409301758,23.57304168509186,22.850390378061075,23.152256960110606,83500
2021-12-29,23.55474853515625,23.7651400450816,23.088227092663676,23.143111455091503,101100
2021-12-30,23.51815414428711,24.140182637665966,23.399237753372756,23.499860522814085,73800
2021-12-31,23.829174041748047,23.91150146449705,23.326063564719746,23.51815972130571,70300
2022-01-03,23.957239151000977,24.66159344813925,23.746845885616416,23.938943781012316,95900
2022-01-04,24.42375946044922,24.652446340248396,24.121892848904,24.121892848904,69200
2022-01-05,24.524377822875977,25.228733754474277,24.43290273199764,24.63414828087843,129400
2022-01-06,24.12189292907715,24.789658201571996,23.755992524388386,24.789658201571996,90800
2022-01-07,24.057861328125,24.359727968167512,23.884060539284757,24.1127474406728,63000
2022-01-10,23.170551300048828,24.04870970099992,22.914421402950136,23.783432120639613,107100
2022-01-11,22.868684768676758,23.280321792409815,22.310688302003545,23.280321792409815,309500
2022-01-12,23.664518356323242,23.82002549955972,22.905278008696303,23.03334209909962,162000
2022-01-13,22.923572540283203,23.96638590758774,22.76806539088864,23.42668472702676,113900
2022-01-14,22.64914894104004,23.097375019171704,22.264954910535405,22.65829662566425,88500
2022-01-18,22.109451293945312,22.475350013662975,21.716109515970302,22.475350013662975,246200
2022-01-19,22.11859703063965,22.84124672029948,22.072858604241834,22.383872924776718,79200
2022-01-20,20.636703491210938,22.301543692687105,20.62755580667352,22.20092265226039,182300
2022-01-21,19.273731231689453,20.526936183992316,19.21884686541666,20.526936183992316,237800
2022-01-24,18.459604263305664,18.68829113129559,17.874166439569,18.68829113129559,369300
2022-01-25,19.301172256469727,19.43838403008657,17.800985196664122,18.038819751813087,230400
2022-01-26,18.377277374267578,19.92320113440436,18.221770229818997,19.657923522509915,173000
2022-01-27,17.288732528686523,18.953573193299928,17.169816086103957,18.48705162056602,369300
2022-01-28,17.005155563354492,17.233842430269167,16.37397932214214,17.233842430269167,307800
2022-01-31,18.75232696533203,18.779770023144764,16.84965190888317,16.913683965703523,619000
2022-02-01,19.374353408813477,19.520712877390107,18.560228646763147,18.981011682735343,209300
2022-02-02,19.447534561157227,19.731105834108803,18.762388093032158,19.474977617794845,125300
2022-02-03,18.916976928710938,19.950640745840307,18.87123851085604,19.109073049474794,408600
2022-02-04,18.990158081054688,19.223417923063604,18.53278433655359,18.73402815602682,359400
2022-02-07,19.292022705078125,19.56644622575164,18.734026235667486,19.035892806305235,186600
2022-02-08,20.81050682067871,20.8470975602574,19.37435344232254,19.37435344232254,121500
2022-02-09,20.746475219726562,21.368503848073466,20.627557058267136,21.048341848807556,177300
2022-02-10,20.77391815185547,21.560601683789393,20.164697630876805,20.490346870824062,115300
2022-02-11,21.277029037475586,21.697812089119065,20.66414808570689,20.76477087837927,162000
2022-02-14,21.002601623535156,21.54230278454298,20.755621126173814,21.322763595364908,133500
2022-02-15,22.18263053894043,22.356433081175542,21.048343660957546,21.258735201970076,140700
2022-02-16,22.64000129699707,22.81380381568372,21.909118218214257,22.118595485679563,290000
2022-02-17,22.69489097595215,22.78453760853117,22.338139915118422,22.43876272499167,226300
2022-02-18,22.704030990600586,22.84764596060782,22.228361907064905,22.557671541011494,197000
2022-02-22,22.484493255615234,22.960162369602003,22.21006970625338,22.557672985094555,229400
2022-02-23,22.283248901367188,22.951014134945375,22.082003341568264,22.575967812264896,228000
2022-02-24,20.673294067382812,22.173479424916227,19.209697702969954,22.173479424916227,628000
2022-02-25,21.972238540649414,22.11402330698232,20.82880400058326,20.82880400058326,360700
2022-02-28,23.89320945739746,23.92979845624108,21.652077010274077,21.652077010274077,320400
2022-03-01,23.948089599609375,24.698182263260737,23.20714462023942,24.28654519430944,251300
2022-03-02,26.00497817993164,26.069255741941586,24.25111148180797,24.25111148180797,253600
2022-03-03,28.098602294921875,28.13533158279749,26.234544084418978,26.427378537921104,334900
2022-03-04,29.228057861328125,29.788192244910896,27.667023592317953,27.878223582665797,568200
2022-03-07,27.768033981323242,30.6605371926508,27.08852541829058,29.228059728728766,496300
2022-03-08,27.0793399810791,28.199610460543965,26.179450493405728,28.199610460543965,380400
2022-03-09,28.410810470581055,28.78729488417925,27.143617577282175,27.180348618331966,226600
2022-03-10,30.44015884399414,30.876328627926526,27.96086930192214,28.236345139293405,283100
2022-03-11,29.099502563476562,30.24731960634336,28.869938804616705,30.1463144948516,219300
2022-03-14,29.604541778564453,30.531977757145075,28.925031559400598,29.136229782188963,374400
2022-03-15,30.256505966186523,30.476885226547036,28.50263888149622,29.182147439049775,194800
2022-03-16,32.03791046142578,32.20962436685907,30.733990284071005,30.733990284071005,380900
2022-03-17,33.26837921142578,33.6173171025253,31.55124329155424,32.01955181411377,272100
2022-03-18,33.038814544677734,33.75505232517057,31.50533037303491,33.589769647480935,1229600
2022-03-21,34.76513671875,34.89369186516325,33.387754145125136,33.387754145125136,243900
2022-03-22,34.37028503417969,36.1149709406023,33.69995930249611,35.159984897026455,248500
2022-03-23,34.49884033203125,34.88450925645282,33.874426647055266,34.16826796905986,172800
2022-03-24,35.49055862426758,35.670535827096245,34.59066560439428,34.63658115859199,154400
2022-03-25,35.306907653808594,36.3445368493613,35.049793855815985,35.60074899191581,183500
2022-03-28,33.800968170166016,35.3069058257082,33.14716894986721,35.3069058257082,227200
2022-03-29,32.689876556396484,33.80096776713068,32.331757667319984,33.63568158711616,288400
2022-03-30,32.71742630004883,33.64486229941248,32.653148730927825,32.891893487253725,191900
2022-03-31,32.157291412353516,33.34184123589925,32.13892589150029,32.72660854734362,269100
2022-04-01,31.909360885620117,32.32257633147449,31.03701794500862,31.422686862094302,319400
2022-04-04,31.75326156616211,32.39603730404794,31.321680568268718,32.001187349138036,267300
2022-04-05,30.366697311401367,32.23993864458759,30.256507674997877,31.643071400243375,275900
2022-04-06,29.622905731201172,30.366693566649605,29.200509258022286,30.228953910981947,308600
2022-04-07,30.53197479248047,30.761538512724684,29.760640552345336,29.834102624198387,254100
2022-04-08,30.357507705688477,30.660529995715535,29.981023343615835,30.541155880073656,229100
2022-04-11,31.174758911132812,31.38595714729649,29.923178260348216,30.30241593368112,250000
2022-04-12,33.09391403198242,33.79178635380122,31.78080898306421,31.78080898306421,433800
2022-04-13,36.4547233581543,36.54654745488643,33.36204056159904,33.46121016572597,356500
2022-04-14,37.64845657348633,37.988209956883885,36.445541212180125,36.445541212180125,411100
2022-04-18,38.08003616333008,39.30131349801131,37.694367239891626,37.8688379326067,483400
2022-04-19,39.35641098022461,39.714529879955414,37.299518180441495,37.86883881870245,492900
2022-04-20,39.48495864868164,40.32057042415545,38.94778040077654,39.42068108925014,305500
2022-04-21,37.46479797363281,40.48585733486282,36.78529133183213,39.76961965759606,437900
2022-04-22,35.306907653808594,38.029534038821595,35.06815937730582,37.3270694804445,381000
2022-04-25,34.18663024902344,34.72840079190264,32.23074628874912,34.22336128650853,386800
2022-04-26,33.04800796508789,34.21418904923063,32.87353722587876,34.122364925442724,269000
2022-04-27,33.800968170166016,34.875324850205914,33.149004451061636,33.69077504693253,339800
2022-04-28,35.48137283325195,35.78439866628145,33.369387022294546,33.966254176699074,202300
2022-04-29,33.800968170166016,35.84959417217631,33.56221990602501,35.53646957814731,389600
2022-05-02,33.084720611572266,33.846873806629176,31.881809018557725,33.534667022355684,229500
2022-05-03,34.994693756103516,35.31516380991551,32.62559450336246,33.103087457469904,274900
2022-05-04,36.583282470703125,36.81284624034788,33.80097070352551,35.09571022420734,376500
2022-05-05,30.945199966430664,37.51990685134691,29.843293060545133,36.76693789127932,555900
2022-05-06,31.147205352783203,31.266579473751566,29.292331736672452,30.660531363791137,364800
2022-05-09,29.84328842163086,30.692673622288904,29.21887472211831,29.99020908605352,262500
2022-05-10,30.109580993652344,30.72940239137923,29.508121612613415,30.568708473874434,323200
2022-05-11,24.416400909423828,26.90303565008069,24.260297487325065,24.994900796358987,2098800
2022-05-12,23.929725646972656,24.241932498012314,22.607439661733196,23.681798119385558,1069100
2022-05-13,24.89389419555664,25.17855276184609,24.11337707692513,24.425583924377733,617100
2022-05-16,24.811250686645508,25.711140172333394,24.664330025775342,25.619314321431432,502800
2022-05-17,25.472394943237305,25.757053519078337,25.16018808530875,25.665229414984953,280300
2022-05-18,24.260297775268555,26.105990581484154,24.076646070114105,25.51830792728186,557600
2022-05-19,25.683591842651367,26.060076254342228,24.278662806830702,24.370488657557544,406100
2022-05-20,25.224462509155273,26.666124232607523,24.769927295776906,26.11517091967809,333700
2022-05-23,26.555932998657227,26.6753053705138,25.591766009913762,25.995796923453177,570600
2022-05-24,26.087623596191406,26.36309938702613,25.16936862483252,26.27127529103613,264600
2022-05-25,27.171165466308594,27.382363695002486,25.591767504020826,25.894791582582794,393200
2022-05-26,27.8598575592041,28.227159218398025,27.345635236332612,27.345635236332612,347200
2022-05-27,28.410810470581055,28.5669138921778,27.680797668324562,28.318984619389006,232700
2022-05-31,27.676206588745117,28.46590649055438,27.428279056851576,28.10778758226065,388200
2022-06-01,27.948219299316406,28.234065109823984,27.106360914127734,28.021985562960776,333200
2022-06-02,29.26679039001465,29.414322905150502,28.538348816372153,28.61211507394008,276900
2022-06-03,28.335487365722656,28.902565742033392,27.671591116103627,28.63977336663881,353200
2022-06-06,28.934843063354492,29.079610869297323,28.15107718985076,28.70432327497659,324000
2022-06-07,30.078214645385742,30.488539500576675,28.566005716036855,28.566005716036855,689800
2022-06-08,27.800683975219727,29.46964662147642,27.50561895032642,29.441985374596598,246500
2022-06-09,27.053802490234375,27.929778389091656,26.88782796129498,27.662374590527875,273300
2022-06-10,26.721851348876953,26.924709872309034,25.919643533185855,26.205487555890915,282300
2022-06-13,24.877695083618164,25.76289198353336,24.64717529575945,25.44016392878588,392200
2022-06-14,25.467824935913086,25.938083718525693,24.259900076135732,24.794705871608645,410500
2022-06-15,26.159381866455078,26.574316359040242,25.366393367827353,26.02106861020058,299800
2022-06-16,23.97405433654785,25.412497104297405,23.568339078409107,25.052886852041553,418800
2022-06-17,22.55405616760254,24.416656555511217,22.526394917457573,24.250682019735486,1058800
2022-06-21,22.600160598754883,23.48535575506392,22.563276587878786,23.06120018234745,349000
2022-06-22,20.56236457824707,21.8717170566709,20.230417276359265,21.742626536977113,479800
2022-06-23,19.74171257019043,20.737557886471908,19.354439293929506,20.534701126040467,424100
2022-06-24,21.687301635742188,21.687301635742188,19.70483185103581,19.797038357378042,929900
2022-06-27,20.848209381103516,22.1575617965212,20.553144345301167,21.917821015250205,364900
2022-06-28,20.43327522277832,21.890160309211424,20.396392968789982,21.309251178764537,365200
2022-06-29,19.87080192565918,20.442491684652868,19.382101176837907,20.442491684652868,286400
2022-06-30,19.631067276000977,19.65872852678774,18.77353332708076,19.363663460218746,627100
2022-07-01,19.880023956298828,20.2119729792743,19.02249015276301,19.538855690441796,298200
2022-07-05,18.174179077148438,18.985609708447022,17.93444004747872,18.86573843488577,327900
2022-07-06,18.450803756713867,18.487686007684726,17.224438573902667,18.00820619270525,387900
2022-07-07,19.179244995117188,19.898467341956465,19.0685964855889,19.0685964855889,321500
2022-07-08,18.81041145324707,19.400543215611975,18.570670699587286,19.400543215611975,212600
2022-07-11,19.06859588623047,19.27606403348287,18.294049308972365,18.321712314848117,271400
2022-07-12,20.110544204711914,20.470156241172624,18.89340010278648,18.90262110461637,289600
2022-07-13,20.43327522277832,20.488599483124087,19.557299266792104,19.70483355892503,260200
2022-07-14,20.027557373046875,20.12898663660728,19.280673796198688,19.56651782410147,250700
2022-07-15,20.424049377441406,20.709893373307253,19.84314038471712,20.654569126077824,381500
2022-07-18,20.995738983154297,21.41067347260362,20.719114231461987,21.106387476850344,244600
2022-07-19,21.751846313476562,21.86249482162642,20.848209209105306,21.143274242473364,281200
2022-07-20,21.567432403564453,21.862497472712636,21.401457862486964,21.678082683858293,306700
2022-07-21,21.456787109375,21.567435647585267,20.8297728637608,21.309254552610106,215100
2022-07-22,20.9588565826416,21.779508140837425,20.437883180746933,21.714961129396897,172500
2022-07-25,21.97314453125,22.06535279152064,21.041844444096466,21.041844444096466,173200
2022-07-26,22.57249641418457,22.784574189489923,21.89015807707624,21.945482331780607,254300
2022-07-27,23.63288688659668,23.69743390182109,22.388081491330812,22.793795034669074,181100
2022-07-28,24.066267013549805,24.149254280667936,23.448473890962852,23.62366942807074,183900
2022-07-29,25.264968872070312,25.670684198764768,24.121590913864516,24.36133170878731,211000
2022-08-01,25.394062042236328,25.762893370927447,24.536528103825407,25.135879232789293,669400
2022-08-02,24.564186096191406,25.181979149330214,23.974056048557774,25.062109642926984,210000
2022-08-03,24.582630157470703,24.96068247072042,24.07548732517759,24.80392894385641,190200
2022-08-04,24.27834129333496,25.615356618068965,24.149250789248665,25.477043353717974,262100
2022-08-05,24.37055206298828,24.748604371418157,23.743537963526126,23.900291488391662,149700
2022-08-08,24.112369537353516,25.65224179564884,23.559121692932926,24.83159191097292,363800
2022-08-09,25.071332931518555,25.20042345153119,24.27834428863766,24.27834428863766,300300
2022-08-10,25.716785430908203,26.011850460303826,25.32029113813547,25.698345185615704,357000
2022-08-11,26.205486297607422,26.841721325476804,25.928863290043097,25.94730353414818,224200
2022-08-12,26.38068389892578,26.68496993486558,25.8597087093515,26.21470937773565,156200
2022-08-15,28.99016571044922,29.03626895927745,26.41756432687653,26.740292344852755,369400
2022-08-16,29.28523063659668,29.773933162859688,28.953281618099073,29.202243381972277,245600
2022-08-17,28.612117767333984,29.01783134278617,28.446143232500603,28.824195557964874,144400
2022-08-18,29.39588165283203,29.5849078026043,28.91640184574169,28.91640184574169,156900
2022-08-19,28.436918258666992,28.990166044613968,27.966657728548373,28.861073780699726,157800
2022-08-22,27.560943603515625,27.943607272361923,27.325814207987232,27.80068437940855,206600
2022-08-23,28.70432472229004,29.128482068829737,27.9205588092677,27.9205588092677,164200
2022-08-24,28.04042625427246,28.325348720037304,27.68081595570224,28.13263451918765,154600
2022-08-25,29.063932418823242,29.09159366506275,28.18795660756332,28.26172286207906,128100
2022-08-26,29.893798828125,30.10403342639078,29.229904354727772,29.386657851597647,235800
2022-08-29,29.847700119018555,31.193938307009255,28.907180753581272,29.4051025636685,264700
2022-08-30,26.804840087890625,29.820039271855197,26.74029483004192,29.820039271855197,599500
2022-08-31,26.41556167602539,27.203394570809905,26.29507041816358,26.74923249448674,221900
2022-09-01,26.23018455505371,26.359946390996484,25.294055824017672,25.850171411764293,243700
2022-09-02,26.072620391845703,26.943870936595047,25.933591482157144,26.415560019069417,183700
2022-09-06,26.888259887695312,27.11534002905177,25.96139812707644,26.508246707269457,239100
2022-09-07,26.16530418395996,26.567562157719387,25.396009078448525,26.452632570822633,235800
2022-09-08,26.174575805664062,26.624104323522747,25.76675613758452,25.896517985702125,203000
2022-09-09,27.574138641357422,27.717802857258896,26.51751675156822,26.739963372163388,187200
2022-09-12,28.324892044067383,29.65957333933499,28.065371908771134,28.065371908771134,342000
2022-09-13,26.480440139770508,28.213672404859103,26.28580001918303,27.47218193784615,248200
2022-09-14,25.219907760620117,26.489709155694587,24.237434785359024,26.091158314148984,368600
2022-09-15,25.711143493652344,25.99847012730642,25.104048440237182,25.210639092056482,330200
2022-09-16,25.850170135498047,26.35994508956179,24.802817277913245,25.35893460605176,1269400
2022-09-19,26.96240997314453,27.24046780672407,25.178201710670542,25.192104071994944,278700
2022-09-20,25.21063995361328,26.545319582046297,24.784282635310827,26.545319582046297,233700
2022-09-21,24.69159698486328,26.035547258381577,24.673061093029833,25.442356291346563,234500
2022-09-22,23.950105667114258,25.19210044493608,23.931568009451645,25.127220410965265,191800
2022-09-23,22.411516189575195,23.31984023132074,22.21687431328778,23.125200122881722,241500
2022-09-26,22.365169525146484,22.986166864944945,21.901738727322204,22.105649409787734,208300
2022-09-27,23.950105667114258,24.107672221549812,22.902750991204886,22.902750991204886,250700
2022-09-28,24.969655990600586,25.312593847427003,23.82034763501606,24.052063072057663,303900
2022-09-29,23.875959396362305,24.571105723542637,23.533019763766653,24.571105723542637,237200
2022-09-30,23.857419967651367,24.283777269322,23.495944470032658,23.551555677085904,541100
2022-10-03,25.87797737121582,26.20237930269292,24.682324992646937,24.682324992646937,220800
2022-10-04,26.953140258789062,27.008751470110944,26.32287397097931,26.387754012162922,192800
2022-10-05,26.63800621032715,26.916065793191443,26.044815262107548,26.7121550788546,184800
2022-10-06,26.285799026489258,26.777034608190807,26.137501292256893,26.15603718314961,112400
2022-10-07,26.193113327026367,26.526784123500747,25.516504672263093,25.952129059333593,183100
2022-10-10,26.8326473236084,27.17651152031784,26.230185795315673,26.359947637394075,129900
2022-10-11,27.129243850708008,27.69462831615282,26.37848456024849,26.480439918474758,325200
2022-10-12,26.96240997314453,27.29608078771885,26.27653245151289,26.925334652481343,133600
2022-10-13,28.222938537597656,28.2414744274191,25.60918714515374,26.220917473318135,180800
2022-10-14,26.804840087890625,28.26928148422853,26.605564683541143,28.26928148422853,123700
2022-10-17,27.842926025390625,28.33416158983039,27.286808657636726,27.444375215702856,377300
2022-10-18,28.9180850982666,28.973696304021228,28.12098348844072,28.59368315697595,176700
2022-10-19,27.91707420349121,29.094187177674158,27.5463281222054,28.547338652410755,141300
2022-10-20,28.278553009033203,28.79759510879992,27.620480228532923,27.805853290945308,187500
2022-10-21,30.456676483154297,30.586436557383216,28.25074461417215,28.723444300382607,212100
2022-10-24,30.604978561401367,30.97108941464209,29.73558240492929,30.456680807555525,374600
2022-10-25,30.669857025146484,31.03133256051231,29.807875270490822,30.16935080585665,186300
2022-10-26,31.42987823486328,32.44015756915925,30.512283650771998,30.966447412446723,154300
2022-10-27,31.550373077392578,31.958190952035366,30.938644497580007,31.930386232492864,135100
2022-10-28,30.781082153320312,31.633796920571246,29.928370921766852,31.365006127091252,256000
2022-10-31,31.09621238708496,31.536473859315663,30.2156929783207,30.642052089395182,220300
2022-11-01,30.8552303314209,32.217714780249686,29.52981766765552,31.745016815492185,517400
2022-11-02,29.298097610473633,30.864492541534517,29.13126222897642,30.22495926959297,309200
2022-11-03,22.633962631225586,27.805850811439374,22.244680649151498,27.805850811439374,522500
2022-11-04,24.82135581970215,25.75748630574647,23.764732328209973,24.089134261844865,436100
2022-11-07,24.23743438720703,24.710134091425186,23.52838571480405,24.395000955279748,335400
2022-11-08,24.552566528320312,25.19210160432651,23.908397921609385,24.237433404946152,290800
2022-11-09,23.282766342163086,24.682325933037244,23.153004503919373,24.283776892844635,179600
2022-11-10,24.969655990600586,25.256982637534595,24.09840545232659,24.45061213877649,174700
2022-11-11,24.43207359313965,26.489705814107683,24.35792473205562,25.5257706200153,198800
2022-11-14,24.775012969970703,25.664801126755957,24.126210836666353,24.154015556415377,163800
2022-11-15,25.182832717895508,25.470159352843712,24.8676995952368,25.117952681086084,156400
2022-11-16,24.988189697265625,25.312591634330897,24.617445383983174,24.941847321048446,158600
2022-11-17,25.006729125976562,25.015997955446124,24.311582826395572,24.311582826395572,188800
2022-11-18,26.00773811340332,26.035544600087174,24.93257871150457,25.636993796860363,165000
2022-11-21,26.41556167602539,26.665814789871405,25.609191120693332,25.6833399950349,186000
2022-11-22,27.388763427734375,27.54632999262525,26.600932371128444,26.61019943272633,190200
2022-11-23,27.3516902923584,27.495354499181467,26.92069943973768,27.33315263318475,123500
2022-11-25,27.360958099365234,27.50925583151504,27.175585050253773,27.21266036721543,44900
2022-11-28,26.990217208862305,27.35169275606604,26.679717577205054,26.99948427143538,242600
2022-11-29,27.314611434936523,27.75023752983209,27.13850899914937,27.13850899914937,147100
2022-11-30,27.48236083984375,27.48236083984375,26.29416145499908,27.42644605564489,228400
2022-12-01,27.743297576904297,28.838304395350782,27.42830701090528,27.761936429537137,191600
2022-12-02,28.33972930908203,28.377007017857057,27.10959335949002,27.10959335949002,108400
2022-12-05,28.060152053833008,29.220393124154867,27.789894012634214,29.047988174337746,201800
2022-12-06,29.280967712402344,29.439394406641107,27.99491708313973,27.99491708313973,183100
2022-12-07,28.041513442993164,29.392800105676017,27.640786979818294,29.103903208620377,179500
2022-12-08,27.90172576904297,29.03866917827625,27.81785270518571,28.488835438544857,158000
2022-12-09,27.249380111694336,28.377005871604,27.22142183124241,27.61282887007484,182900
2022-12-12,28.91752052307129,28.940818201637864,27.007080663130033,27.240061003793677,272700
2022-12-13,28.55406951904297,29.672375847059865,28.377005742814436,29.672375847059865,468100
2022-12-14,28.60066795349121,29.299608995910358,27.94832226956708,28.07879069535231,261000
2022-12-15,27.184146881103516,28.498155892215394,26.941847107618486,28.07879055781842,306500
2022-12-16,28.07878875732422,28.768412102445012,26.503842996910123,26.62499198713472,1355200
2022-12-19,28.153345108032227,29.103905378407447,27.827174034618313,28.09743032080399,182500
2022-12-20,28.526113510131836,29.178457398187604,28.227898958163607,28.227898958163607,166900
2022-12-21,29.17845916748047,29.50463202003595,28.622101965885573,29.09458609746623,220700
2022-12-22,28.060152053833008,29.141180663630394,27.379848126245893,29.141180663630394,202400
2022-12-23,28.367687225341797,28.39564372906405,27.556914844916083,27.920363613297113,104900
2022-12-27,28.451562881469727,28.980893233951072,28.181304804226407,28.51679709942525,97700
2022-12-28,27.724660873413086,28.63328456846171,27.547595314673092,28.507474969685845,115900
2022-12-29,27.873767852783203,28.32108968086724,27.78989478783008,28.06015283656769,116200
2022-12-30,28.19993782043457,28.41427928575955,27.379846108106033,27.538272794976404,283900
2023-01-03,28.013553619384766,29.080603928355128,27.817851000708355,28.358365280503577,166000
2023-01-04,28.535429000854492,29.113219171217082,28.227895064371513,28.227895064371513,143400
2023-01-05,28.22789764404297,28.535431608630645,27.966959034469028,28.414280841596767,126500
2023-01-06,29.5325870513916,30.285580002125236,28.661239339667468,28.66589994165466,176100
2023-01-09,29.35552406311035,30.208232996238316,29.187777926921306,29.830802412313965,121300
2023-01-10,30.296764373779297,30.45519286677872,29.020032999599252,29.504632573776664,102400
2023-01-11,30.240848541259766,30.622936152847423,29.961272847048914,30.622936152847423,120300
2023-01-12,30.473825454711914,30.641571563389025,29.78420216848408,30.436547751673128,169200
2023-01-13,30.865234375,30.874555579376818,30.184932210404344,30.184932210404344,160900
2023-01-17,30.101058959960938,31.126174580205973,29.877399826269617,30.93978959879798,199300
2023-01-18,29.653738021850586,30.907173415323804,29.635099167654193,30.27812719493687,162100
2023-01-19,30.548383712768555,30.772046422913096,28.917522967749523,29.327567122183307,225200
2023-01-20,31.46166229248047,31.470983496506882,30.059123261311573,30.725447149291274,134800
2023-01-23,31.23801040649414,31.666693461133136,31.04230773655006,31.219371549118723,122500
2023-01-24,31.01434326171875,31.53622052900657,30.68817219153764,30.98638675713124,115700
2023-01-25,34.30403137207031,34.411200352762975,31.06094500918077,31.06094500918077,315000
2023-01-26,35.096153259277344,35.18002631188969,33.96852942804263,34.48108539178592,201500
2023-01-27,35.273223876953125,35.66463271698038,34.48109210201418,35.189350808018574,152600
2023-01-30,34.46244812011719,35.40275562877998,34.052404041329076,34.97500410735171,258200
2023-01-31,35.57143783569336,35.59007669013807,33.67963854703001,34.48109151316266,414100
2023-02-01,36.50335693359375,36.838849182515865,35.19680638062145,35.58075680405569,195100
2023-02-02,37.23025894165039,37.30481080164855,36.130591455444105,36.53131792355307,151500
2023-02-03,37.68689727783203,38.31780983793935,36.77361480169985,36.77361480169985,146200
2023-02-06,36.98795700073242,37.668259157775616,36.028079150451966,37.27685389824302,200000
2023-02-07,36.96931838989258,37.72417596608696,36.186507865688114,36.866810027197594,124900
2023-02-08,36.55927276611328,37.137062986097106,36.52199506030847,36.71770123828489,101900
2023-02-09,35.85100555419922,37.06250226304857,35.5434698873776,36.98794686927478,146700
2023-02-10,35.953521728515625,36.08399012817372,35.19866427406875,35.74849792619733,105200
2023-02-13,36.30765914916992,36.53132186328107,35.275092136102224,35.95353155474144,110900
2023-02-14,36.857486724853516,37.17434010923269,35.89760892290968,36.22377995609517,87100
2023-02-15,37.38868713378906,37.38868713378906,35.72986811012338,36.37289262317399,224400
2023-02-16,37.93852233886719,38.59552868418573,36.96466610530789,37.12775165219601,310200
2023-02-17,38.85179901123047,39.038183988437886,37.49585532316708,38.02238959540511,348100
2023-02-21,36.50335693359375,38.91703333000814,36.49403928445603,38.85179912105081,600000
2023-02-22,37.137062072753906,37.18366098136272,36.2890138390385,36.438121103592934,416800
2023-02-23,35.096153259277344,39.0288619739937,34.24810508508467,37.87327808855663,331400
2023-02-24,32.458824157714844,33.017975577254234,30.753406284623058,32.21652260224922,1643000
2023-02-27,33.3907470703125,33.67032279272548,32.50542098683958,32.729080142770684,871500
2023-02-28,33.48394012451172,34.18288125671556,32.589296328490434,33.43734476003115,767600
2023-03-01,35.80441665649414,35.89761092474243,34.1083200793514,34.387899329098445,909900
2023-03-02,36.941368103027344,37.16503082972006,35.086846288151996,35.2825489521341,419100
2023-03-03,38.49502182006836,38.75708257471739,36.361086801193366,37.19407225904637,449300
2023-03-06,37.1566276550293,38.195516284326004,36.8009712841193,38.18615493307844,309100
2023-03-07,36.52019500732422,37.512287688166744,36.492118091459254,37.03495869660384,590900
2023-03-08,36.96007537841797,37.07238658072944,35.574888411905256,36.53890390686402,341000
2023-03-09,35.883750915527344,37.273615073043906,35.79951661597152,36.68865565121431,236400
2023-03-10,34.70447540283203,36.19260879210022,34.40497288458492,35.81823689233224,368700
2023-03-13,33.281864166259766,34.5781331265413,33.225706756852,33.9276583080531,365900
2023-03-14,34.03059768676758,34.79806411276898,33.45031897766356,34.38625399184173,304700
2023-03-15,31.503578186035156,32.8138888732316,30.670596442588455,32.8138888732316,386700
2023-03-16,32.252323150634766,32.734329162782494,30.867139611250817,31.016889086581266,280200
2023-03-17,30.820344924926758,32.18212871823488,30.54892287323329,32.17745161308481,686000
2023-03-20,31.672048568725586,32.11661637825863,30.8765050452529,31.39126871163579,170600
2023-03-21,33.394168853759766,33.586033716830755,32.589263995273804,32.589263995273804,258800
2023-03-22,32.6547737121582,33.67494307162044,32.52374337484709,33.38480191735376,262500
2023-03-23,33.1414680480957,34.1429185098381,32.65478127514365,33.075952864266554,262400
2023-03-24,32.673500061035156,33.122748561210045,32.00898687767082,32.50503142718086,173200
2023-03-27,33.581356048583984,33.84341676265383,32.87940464706021,33.23505745320945,173400
2023-03-28,33.3380126953125,34.02405483491326,33.19762454961929,33.42224701085228,263200
2023-03-29,33.57199478149414,34.29266531730538,33.197622841927036,33.83405906653152,177400
2023-03-30,33.5064811706543,34.423697285430045,33.49712338910877,34.03996397649009,336600
2023-03-31,34.04932403564453,34.10547786340504,33.36609175885217,33.68430987396322,529800
2023-04-03,34.01189041137695,34.32074721713349,33.071274394631615,33.70303003531043,307200
2023-04-04,32.29912185668945,34.09611927920344,31.784358215921024,34.09611927920344,264100
2023-04-05,32.523746490478516,32.53310427105049,31.803075995921446,31.812437346802685,210900
2023-04-06,31.82179832458496,32.476953710035396,31.654265116009114,32.476953710035396,175600
2023-04-10,33.35673141479492,33.85745662586957,31.8685942389351,31.8685942389351,460300
2023-04-11,34.358177185058594,34.66703748648983,33.58135289684123,33.58135289684123,199900
2023-04-12,34.302024841308594,34.751273287041435,33.95572626351324,34.61088158573961,224000
2023-04-13,35.00397872924805,35.20988205026771,33.843417483087414,34.489211500925066,195700
2023-04-14,34.648319244384766,35.060129419878876,34.110155825861284,34.98525646538413,159100
2023-04-17,34.985260009765625,35.247320732510595,34.47049634566961,34.62960362153346,158800
2023-04-18,36.21133041381836,36.37979902991204,35.060130584051045,35.060130584051045,257600
2023-04-19,36.55763244628906,36.566990227928585,35.6638125615539,35.88375791833416,269000
2023-04-20,36.76353454589844,37.156629197498276,36.05222534485954,36.05222534485954,158700
2023-04-21,36.342369079589844,37.353177337762425,36.025086358861444,36.651225869197376,254000
2023-04-24,37.16598892211914,37.301699965463236,36.23941499902461,36.23941499902461,208000
2023-04-25,35.78080368041992,36.80565390738665,35.710607823586244,36.31428647986051,200200
2023-04-26,35.30347442626953,35.865034079011764,35.041410160721846,35.743361511804245,216900
2023-04-27,35.509376525878906,35.785479237850836,34.880430878600585,35.54681478687664,211800
2023-04-28,35.35026931762695,35.90715184718088,35.09288573582243,35.27539279553506,155400
2023-05-01,35.21923828125,35.799517034807415,34.93845846954861,35.30347258179132,180800
2023-05-02,36.033504486083984,36.417237767668865,33.89957341486165,35.406429628256475,817300
2023-05-03,35.518741607666016,38.11595964940001,35.275396455925474,36.623145430957514,552300
2023-05-04,33.16954040527344,34.97589552901411,32.22424747543381,34.58280448006375,1743400
2023-05-05,32.28041458129883,34.47986141569576,32.14938062191775,34.068051111429064,675600
2023-05-08,31.831159591674805,33.26314310089682,31.634614025610414,32.85132926307428,406300
2023-05-09,32.53310775756836,33.02915586846601,31.667368364355642,31.82179853766273,458200
2023-05-10,32.09321975708008,33.294025537499756,31.166642312384656,33.197623609407756,304700
2023-05-11,32.03706359863281,32.21489001315023,31.157285737422367,31.381908200990715,256900
2023-05-12,31.774999618530273,32.579904433015194,31.672046178959974,32.30848237784064,183300
2023-05-15,31.831159591674805,32.271050347417976,31.503583648234155,32.00898959266546,482300
2023-05-16,31.728200912475586,32.70157069059607,31.241514238260834,31.541013180806985,392500
2023-05-17,32.93556213378906,33.08531163994103,31.980907693204035,32.11194163510813,281300
2023-05-18,33.5064811706543,33.880856698048724,32.49567295918476,32.748375904629555,350600
2023-05-19,33.628150939941406,33.918292127920125,32.8625552283432,33.918292127920125,274900
2023-05-22,33.459686279296875,34.021246019496836,33.253779375079006,33.8527773833749,194300
2023-05-23,33.51584243774414,34.1054790719811,32.3646425138358,33.25377814110698,256500
2023-05-24,32.5705451965332,33.506480423849155,32.35528052268768,33.18826230374935,409400
2023-05-25,32.673500061035156,33.263140279525196,32.39272019471456,32.39272019471456,191000
2023-05-26,33.23506164550781,33.29589972631209,32.46759496865769,32.96364311611685,189400
2023-05-30,32.24296569824219,33.19761995204544,32.0370588287035,33.169539470547974,205800
2023-05-31,31.979530334472656,32.064207076681086,31.16098729677047,31.85721868704668,402400
2023-06-01,31.87603187561035,32.40290612192782,31.650226063573133,31.941891156400036,237500
2023-06-02,33.40021514892578,33.49429882639645,32.37468727262163,32.9015651980192,336000
2023-06-05,33.62602233886719,33.78596531475031,32.628718808269184,33.42844086580953,211900
2023-06-06,35.11256790161133,35.253697022882434,33.33435963672117,33.33435963672117,309100
2023-06-07,35.4889030456543,36.025187861429075,35.12197170739386,35.28191466445632,336200
2023-06-08,35.88405990600586,35.92075447662127,35.27250885251688,35.32895762077188,376500
2023-06-09,35.761749267578125,36.06282492602585,35.49831210413131,35.902878370317296,182400
2023-06-12,36.68378448486328,37.02248785235549,35.58769213630932,35.76174728577158,321800
2023-06-13,37.6058235168457,37.746949043049234,37.041310644844096,37.041310644844096,229700
2023-06-14,37.19184494018555,38.320867041919655,36.74023681730437,38.06683679984981,293500
2023-06-15,37.00367736816406,37.445874967096856,36.19454480675274,36.88136571400455,244400
2023-06-16,36.457977294921875,37.17302249622861,36.123975611036464,37.15420863406372,759900
2023-06-20,37.01308059692383,37.03189804868567,35.75234004137599,36.21335863688625,278700
2023-06-21,38.414947509765625,38.43376137112537,36.88135939650516,36.98485357929218,368500
2023-06-22,37.464691162109375,38.287935888831626,37.05071796302,38.25500624332523,376700
2023-06-23,36.46738815307617,37.57759277157553,36.09104985520016,36.796688201412685,835800
2023-06-26,37.03190231323242,37.49291737277065,36.47679998405002,36.47679998405002,231200
2023-06-27,38.09506607055664,38.19855668612331,36.6884909644609,36.919002088975716,304100
2023-06-28,38.104469299316406,38.245598399012785,37.408237910709474,37.8410321415494,434500
2023-06-29,40.9176139831543,41.17164060976647,38.69720491790962,38.69720491790962,363600
2023-06-30,40.81412124633789,41.15752988395301,39.995578214771555,41.15282821263264,254200
2023-07-03,41.472713470458984,42.05604008084793,41.03991928623973,41.03991928623973,143400
2023-07-05,39.242897033691406,40.527160315750066,38.70661221412282,40.33428412480351,425900
2023-07-06,38.527854919433594,39.46400079924861,38.28323161304049,39.195858367781504,466700
2023-07-07,38.763065338134766,39.765070449486096,38.59371185606664,39.03591301358474,318600
2023-07-10,39.007686614990234,39.20526448902381,38.35850063356753,38.35850063356753,262400
2023-07-11,38.93242263793945,39.40284822557844,38.5692525912322,39.073548160793706,286800
2023-07-12,39.86386489868164,40.45189690693658,39.572203319587224,39.779188145930426,215200
2023-07-13,39.807411193847656,40.108483257669775,39.40284493513754,39.86385996265049,139800
2023-07-14,39.64746856689453,39.76978022651519,38.59371623917702,39.619244179698406,259000
2023-07-17,40.76708221435547,41.01076160081199,39.37461934844367,39.82623106061428,177200
2023-07-18,40.936431884765625,41.27513887241534,40.466006310599305,40.466006310599305,137600
2023-07-19,40.28724670410156,40.87057342299783,39.812115859589845,40.7858966743627,163500
2023-07-20,40.83293914794922,40.91761589045431,40.08966591807808,40.814121695274515,184600
2023-07-21,39.807411193847656,41.14341802842555,39.71802919116037,41.14341802842555,141000
2023-07-24,40.37192153930664,40.8470523612995,39.80741230120229,39.80741230120229,253100
2023-07-25,39.98617172241211,41.08696578590282,39.92031243258252,40.484821656568194,324800
2023-07-26,39.64746856689453,40.52152012623426,38.988872016172664,39.807415135485,163000
2023-07-27,39.69451141357422,40.0332184247531,39.12059518803506,39.76978123341955,206400
2023-07-28,39.25231170654297,40.00499191985309,38.866562872905135,39.83563842322552,182200
2023-07-31,39.97676467895508,40.25431402973861,39.449886772727744,39.62864718904279,201000
2023-08-01,33.35316848754883,35.94050872356505,33.15559063999149,35.52653198880296,903300
2023-08-02,31.057491302490234,33.25908288328765,30.859913445138876,32.68516676275207,553800
2023-08-03,30.652929306030273,31.509103628421915,30.351853664417085,30.859914098995503,489400
2023-08-04,28.216123580932617,28.69595784549611,27.679838754223717,27.90564279733636,1653100
2023-08-07,27.868013381958008,28.931174450209348,27.661024969098783,28.131450569915195,833700
2023-08-08,26.560224533081055,27.830373800987864,26.3061943205935,27.802147623645595,941200
2023-08-09,27.115327835083008,27.23763948040508,26.35323896284703,26.80484705050309,696100
2023-08-10,27.397586822509766,28.018548450297704,26.889526330029895,27.29409261970138,614700
2023-08-11,27.519895553588867,27.529304280232974,26.927160131259104,27.105920553903776,581200
2023-08-14,27.651613235473633,27.924460915658333,27.171778959464405,27.6610219618108,620300
2023-08-15,27.284683227539062,28.29139366639569,26.748398361571038,27.482261106777326,612100
2023-08-16,28.009140014648438,28.573651080655,27.143556858646697,27.143556858646697,786800
2023-08-17,28.620689392089844,28.907649253267863,28.291391161319478,28.53601265290515,777300
2023-08-18,28.451335906982422,28.724183576408706,28.140855128222405,28.28198242865314,482100
2023-08-21,28.310211181640625,28.752410575087534,27.990321647817364,28.564241422241064,229600
2023-08-22,28.583053588867188,28.72418267942179,28.1502629751238,28.620688491556663,246000
2023-08-23,27.858598709106445,28.583052615909374,27.773921975468422,28.583052615909374,329600
2023-08-24,27.30350112915039,28.089110987390054,27.256457494370927,27.839786003918025,408200
2023-08-25,27.924461364746094,28.131447963899426,27.38817651662026,27.529303824885307,343200
2023-08-28,27.717470169067383,28.24434803197307,27.369356296840277,27.76451379675409,437500
2023-08-29,28.46074676513672,28.488972945149875,27.557530539089136,27.886826999920366,490600
2023-08-30,28.65290069580078,28.85641499803142,28.44465249512575,28.558242586898793,471600
2023-08-31,29.476423263549805,29.485889255361975,28.501449577789657,28.70969598129739,868800
2023-09-01,29.911848068237305,30.2147525662726,29.4858874894669,29.997040183991384,504200
2023-09-05,29.438562393188477,29.76986489933492,28.851683513261623,29.665740790286588,665900
2023-09-06,29.08832550048828,29.798258609839007,28.430454441362464,29.485888113942817,561100
2023-09-07,28.681299209594727,29.022067707321312,28.108620221823525,28.85168345845802,357700
2023-09-08,28.510915756225586,28.652902023430865,28.23640740823582,28.510915756225586,282200
2023-09-11,29.182985305786133,29.41962968932493,28.851682807741145,29.04099903675353,503400
2023-09-12,28.993669509887695,29.779328802754716,28.974739331066363,29.031533478437137,427200
2023-09-13,28.624502182006836,29.03153077879682,28.38785781693854,29.012598796282585,451300
2023-09-14,29.126190185546875,29.698869141256736,28.946339954543017,29.182984330170562,406400
2023-09-15,27.857778549194336,29.012602550185647,27.337159795409963,29.012602550185647,2715300
2023-09-18,28.349998474121094,28.572442971678417,27.753653603844416,27.905105868099643,512000
2023-09-19,28.435190200805664,28.771224794581965,28.274271946603108,28.42572420874041,217700
2023-09-20,27.573801040649414,28.917941126797146,27.554870863301918,28.577174463649968,339300
2023-09-21,27.100515365600586,27.63060011119945,27.02005713778583,27.327695573973504,308000
2023-09-22,27.053186416625977,27.479147038036864,26.892268160254464,27.21410467299749,229100
2023-09-25,26.844938278198242,27.17623895637294,26.45684165051935,26.82600629503018,303200
2023-09-26,26.579896926879883,27.185705967347868,26.532568772638328,26.74081517893586,243800
2023-09-27,27.10997772216797,27.176237855117865,26.674552959666794,26.674552959666794,279400
2023-09-28,27.25196647644043,27.535938997848806,27.024786292769818,27.091048232854817,252600
2023-09-29,27.535938262939453,27.696856502230304,27.308759890785286,27.611664386990842,461900
2023-10-02,27.08158302307129,27.67792605742246,26.934862859685325,27.431815689220187,295400
2023-10-03,27.346622467041016,27.810445209609377,27.072115940214257,27.204636207961435,225200
2023-10-04,26.93959617614746,27.460214911335196,26.66508962579131,27.29929665579766,230700
2023-10-05,27.242502212524414,27.393954474273336,26.840205675322977,26.996391835819075,269200
2023-10-06,27.100515365600586,27.507544014542997,26.80707682084463,27.23303745472703,241500
2023-10-09,27.422348022460938,27.55013619461333,26.911197139304576,26.911197139304576,137800
2023-10-10,27.734718322753906,28.03667675778824,27.564335899809386,27.564335899809386,136100
2023-10-11,27.611665725708008,27.881440168561582,27.43181549532119,27.744185997859713,185600
2023-10-12,27.034252166748047,27.56433685240527,26.51363527794366,27.56433685240527,192600
2023-10-13,26.258058547973633,27.280362133498773,26.054544249449595,27.005855608681166,290700
2023-10-16,26.172868728637695,26.8733358944932,26.04981444232598,26.63669150851012,201700
2023-10-17,26.712417602539062,26.85156570012403,25.62385378962628,25.65225176586785,238400
2023-10-18,25.73744010925293,26.418975189877628,25.623850026422257,26.418975189877628,206100
2023-10-19,25.557592391967773,26.087675284200184,25.349345992811223,25.595456358425306,230100
2023-10-20,25.07483673095703,25.60491960371108,25.060638646783822,25.48186532815242,296700
2023-10-23,25.131633758544922,25.538662402472546,24.753003091677396,24.876059186817738,253700
2023-10-24,25.29254913330078,25.604919623525657,25.245220982384648,25.39667323186015,267000
2023-10-25,25.07483673095703,25.581255528271324,25.04643875715739,25.273618936648067,200100
2023-10-26,25.746912002563477,26.00248658798141,25.150567090530064,25.150567090530064,254100
2023-10-27,25.80370330810547,25.93149148944607,25.226290445482004,25.80370330810547,335100
2023-10-30,26.0308837890625,26.55150074266236,25.746911233545028,26.163404074243523,198900
2023-10-31,27.498075485229492,29.343902321161277,26.437909702744605,28.312132708013213,580300
2023-11-01,27.043720245361328,27.725257235105904,26.513637324245963,26.94906212951309,315300
2023-11-02,27.526473999023438,27.924036626603378,27.346623766070923,27.545405982587557,494200
2023-11-03,27.431814193725586,28.39732363047035,27.36555406079367,28.07548715155543,354200
2023-11-06,26.85440444946289,27.450747479620716,26.43790984424517,27.384487343542435,255800
2023-11-07,26.9017333984375,27.072117642226274,26.381116480597004,26.551498918932424,225600
2023-11-08,26.153934478759766,27.01532163013413,26.02993414561673,26.740813299556535,183300
2023-11-09,26.040348052978516,26.769213183996136,25.936223946989323,26.456842671481922,189500
2023-11-10,26.693485260009766,26.930129626479875,25.959886279589835,26.106606436764466,213400
2023-11-13,26.62722396850586,26.9301302815363,26.305389283295085,26.532567663977957,169100
2023-11-14,27.838844299316406,28.07075658262166,27.289829418206537,27.45074766640012,486600
2023-11-15,27.96190071105957,28.387859510319693,27.829378631007977,27.829378631007977,177300
2023-11-16,27.138376235961914,27.971363618196406,27.024786144748767,27.942967449483056,338900
2023-11-17,28.113351821899414,28.198543939365123,27.498075016768567,27.62113109997604,263100
2023-11-20,27.857778549194336,28.075490959917925,27.6637302169488,27.961902661041904,172300
2023-11-21,27.753652572631836,28.293201469675314,27.744186580785925,27.782050548169565,407600
2023-11-22,28.151212692260742,28.203274740043483,27.569067786555244,28.009226438141653,162600
2023-11-24,28.510915756225586,28.690764185474045,28.018695011490834,28.189079254318507,95700
2023-11-27,28.65290069580078,28.70496274596954,28.354728284668155,28.5014484437389,264200
2023-11-28,28.075489044189453,29.09779269158412,27.999762914954786,28.70023006173879,201100
2023-11-29,29.05181884765625,29.080395061221186,28.175501616301442,28.175501616301442,327500
2023-11-30,29.499502182006836,29.756682655676002,28.908941631490777,29.21374731134231,321700
2023-12-01,29.747156143188477,30.46154511002846,29.41091827580776,29.566178913007615,487000
2023-12-04,30.328195571899414,30.390109796137164,29.299475447941393,29.337575251236377,322400
2023-12-05,28.670812606811523,30.33772029538446,28.470782739454467,30.33772029538446,393700
2023-12-06,28.099302291870117,29.242325484694202,27.91070362856482,28.708913692424147,484900
2023-12-07,28.11835289001465,28.327906353176456,27.756394761079846,28.165978099028838,263400
2023-12-08,28.08977699279785,28.718439206191412,27.884985321503024,28.04215178324406,233900
2023-12-11,29.528079986572266,29.73763344856331,27.56589195422895,27.71829480236521,347100
2023-12-12,28.432680130004883,29.44234932156125,28.259320686505614,29.44234932156125,202600
2023-12-13,29.13754653930664,29.34233820065803,28.11835184334496,28.527935166047737,340600
2023-12-14,29.947185516357422,30.366292395402244,29.43282459645914,30.02338693225512,343800
2023-12-15,30.92828369140625,31.442641033541513,29.994813974397825,30.166267632966417,1390500
2023-12-18,31.137832641601562,32.12368927625037,31.052105819737744,31.69981877747099,333400
2023-12-19,33.10002136230469,33.147646565608376,31.24260936490019,31.24260936490019,473700
2023-12-20,33.13813400268555,34.481185530644964,32.85237905422911,33.071457969164754,497800
2023-12-21,33.69058609008789,34.004919011625304,33.195275919937465,33.54771046231043,311600
2023-12-22,33.73821258544922,34.20494837455025,33.56676255229469,33.804892241238534,220900
2023-12-26,33.833465576171875,34.20494729785959,33.490558253515346,34.16684567677096,167700
2023-12-27,34.04301834106445,34.04301834106445,33.338152937332765,33.78583786809088,140500
2023-12-28,33.59532928466797,34.043014160448614,33.30957444986814,33.91918573305974,189900
2023-12-29,33.03335189819336,33.852518638228375,33.02382467550226,33.60486171825132,134900
2024-01-02,32.32848358154297,33.51437198697676,31.957001867482457,32.57614047996365,248900
2024-01-03,31.785547256469727,32.39515862880767,31.55694480862819,32.04272773546925,172300
2024-01-04,31.337862014770508,32.061774520152326,31.318811207580204,31.890320889009537,129200
2024-01-05,31.280710220336914,31.57599228735172,30.81969012437057,31.004478960894353,163300
2024-01-08,31.709348678588867,31.72839948878767,30.452022457246773,31.252140134529153,204000
2024-01-09,30.537752151489258,31.414067649294612,30.45202350265162,31.271192018254506,126600
2024-01-10,30.852079391479492,30.880653789069953,29.994812944846853,30.318669440630213,160200
2024-01-11,30.77587890625,31.13688138185899,30.499647625543552,30.756828097211248,169400
2024-01-12,30.64252471923828,31.395015361455226,30.232943205883686,31.023533651228508,126000
2024-01-16,30.90923309326172,31.085446730420987,30.509173342666358,30.69967781277984,199400
2024-01-17,30.4520206451416,30.78540253664109,30.23770540190671,30.30914321072329,126100
2024-01-18,31.10926055908203,31.12831136908748,30.513936372301092,30.72825162611404,183000
2024-01-19,30.62347412109375,31.33786306357429,30.282470838043654,31.33786306357429,125900
2024-01-22,31.918899536132812,31.928426757782415,30.747301989590937,30.747301989590937,249900
2024-01-23,31.995105743408203,32.547564742515796,31.766499639024218,32.35706389469503,206800
2024-01-24,31.814125061035156,32.47898123292586,31.71887101380429,32.414209207522944,141700
2024-01-25,32.366580963134766,32.74758984916034,31.88079808534368,32.13797853837544,229600
2024-01-26,32.40468978881836,32.719019101196345,31.960816408967222,32.51899102663119,136000
2024-01-29,33.04287338256836,33.08097500376414,32.052256666472324,32.46184001040044,151300
2024-01-30,33.23337173461914,33.366723750675256,32.642811249126375,32.69996367039467,158500
2024-01-31,32.6904411315918,33.70963583862868,32.65233951195648,33.27147811353385,297600
2024-02-01,33.12859344482422,33.195269451508665,32.461833377979794,33.042866631434244,174100
2024-02-02,32.59518814086914,32.880942998416884,32.27609164359684,32.76664178211182,163800
2024-02-05,31.747447967529297,32.25228168322697,31.299763044660647,32.14750405161344,158500
2024-02-06,31.86174964904785,32.31895816616501,31.756972015914073,31.756972015914073,137400
2024-02-07,32.14750671386719,32.252284354157744,31.58361653426352,31.899853446101773,146900
2024-02-08,32.566612243652344,32.70472788778263,32.061778507815724,32.061778507815724,180500
2024-02-09,33.07144546508789,33.14764506019914,32.328478519726076,32.59518618654029,145700
2024-02-12,32.9761962890625,33.576284085869254,32.96667270085879,33.07145033895193,156500
2024-02-13,30.804452896118164,32.033202811109476,30.442494796303695,32.023675589930804,228700
2024-02-14,31.84269905090332,32.20941713573046,30.956856407630127,31.118782835494745,220000
2024-02-15,33.86203384399414,33.900135458183925,32.07129794634333,32.07129794634333,228900
2024-02-16,33.41436004638672,34.43355483504632,33.404832823929674,33.68106413805219,225400
2024-02-20,32.719017028808594,32.97619752277605,32.29991009432678,32.766645872320446,176700
2024-02-21,33.52865982055664,33.604859429040495,32.518988664758936,32.61424271732697,363700
2024-02-22,30.68062400817871,33.261948607262454,29.670954775399192,31.86174870075562,645200
2024-02-23,31.26166343688965,31.595043528392942,30.309144737085404,30.480598393735807,280100
2024-02-26,30.842554092407227,31.299762596341857,30.480595997536824,30.85207767988557,214600
2024-02-27,30.471073150634766,31.242612792875992,30.328195708261983,31.014010338507738,181400
2024-02-28,29.918611526489258,30.657766950708805,29.86146091451704,30.11864139356983,239100
2024-02-29,30.08053970336914,30.57584803393415,29.851935439234857,30.204366331814093,290200
2024-03-01,30.49964714050293,31.04258247197691,30.251992077293107,30.28056829039678,222200
2024-03-04,30.013866424560547,30.913998181227885,29.928139590592227,30.709206501946387,143700
2024-03-05,29.166120529174805,29.93766009170717,29.1375443169384,29.93766009170717,193100
2024-03-06,29.39422035217285,29.863837607110337,29.183372348326024,29.595484106570915,223600
2024-03-07,29.566736221313477,30.065106275755866,29.21212626734247,29.73924907308268,182100
2024-03-08,29.537981033325195,30.141775964708255,29.336717274869976,29.95967887752827,144600
2024-03-11,29.76799774169922,29.87342266046399,28.790428035731097,29.20253980506607,196400
2024-03-12,29.835084915161133,29.93571862055906,29.183372403491187,29.835084915161133,139400
2024-03-13,29.97884750366211,30.16094276360389,29.715285207414528,29.83508558643299,153700
2024-03-14,29.25046157836914,29.921342617794327,28.88147618408135,29.6338224334705,258200
2024-03-15,29.921342849731445,29.921342849731445,29.14503688363252,29.29838122686172,671200
2024-03-18,29.46131134033203,30.170529421366965,29.44214283943704,29.988434146891127,236000
2024-03-19,30.573057174682617,30.592225674558506,29.288796931138435,29.37505335257116,255800
2024-03-20,30.985170364379883,31.354153906201024,30.448463374804597,30.448463374804597,178500
2024-03-21,30.80307388305664,31.141390778761394,30.515553695143605,31.100180148976726,294400
2024-03-22,30.79349136352539,31.65605192453225,30.726403441758777,31.1001800504635,444200
2024-03-25,31.01392364501953,31.723139862929127,30.783905301686598,31.04267456692957,158200
2024-03-26,30.668895721435547,31.02829684317112,30.410126475063862,31.01392138326446,220900
2024-03-27,31.541044235229492,31.541044235229492,30.91808079020458,30.91808079020458,186000
2024-03-28,32.106502532958984,32.38444029800194,31.55062700287307,31.598550080721367,442200
2024-04-01,32.087337493896484,32.68154643192663,31.61772199087874,31.675223840870665,253300
2024-04-02,31.521873474121094,32.106499877753386,31.224770889730223,31.76147421947746,262500
2024-04-03,32.69112777709961,32.715085659121044,31.483537917883123,31.483537917883123,201300
2024-04-04,32.087337493896484,32.8253083689423,31.866905204885594,32.8253083689423,204300
2024-04-05,32.80613708496094,32.8636425860943,31.91961496458962,32.05858385031536,174200
2024-04-08,32.5857048034668,33.203875230372326,32.55695388091879,33.02656934395183,305000
2024-04-09,32.873226165771484,33.14158152449192,32.58570596201607,32.873226165771484,240700
2024-04-10,32.07775115966797,32.250264000645146,31.454787716581784,32.144839080490485,202000
2024-04-11,32.116085052490234,32.178383591475274,31.46916371576572,32.106502630501986,202800
2024-04-12,31.27269172668457,32.31735117008339,31.27269172668457,32.31735117008339,163600
2024-04-15,31.37811851501465,31.93878344057056,31.215188089936728,31.54104528407495,219200
2024-04-16,31.119348526000977,31.157681869825034,30.429297152922476,30.937249604762187,139600
2024-04-17,30.62097930908203,31.680014279704384,30.616186269970196,31.521876893172518,133500
2024-04-18,30.525136947631836,31.14809855309193,30.18011127100403,30.783904377093975,153200
2024-04-19,30.668895721435547,30.879745549445943,30.395751015157202,30.4484634721598,177200
2024-04-22,30.80307388305664,31.100180148976726,30.323872351195728,30.592225867120998,223600
2024-04-23,30.390958786010742,30.822240874784534,30.1896950299221,30.525136451411857,173900
2024-04-24,29.950096130371094,30.534722591798754,29.442141841916833,30.38137824585196,232200
2024-04-25,29.75841522216797,29.80154343435118,29.11628507855619,29.56673570091612,195700
2024-04-26,29.3846378326416,30.146568342592072,29.260046238490098,29.94051153733442,154100
2024-04-29,29.451725006103516,29.868631645032547,29.250461244972588,29.490062005181063,240200
2024-04-30,27.362407684326172,29.23608566557922,27.362407684326172,29.231294454418776,312200
2024-05-01,23.74922752380371,26.068562908265616,22.052853737530153,24.975982221034013,966800
2024-05-02,22.32120704650879,23.734850028042178,22.02410079636186,23.56713023199849,630800
2024-05-03,21.889925003051758,22.733318851704897,21.39155499666147,22.599143014603158,670600
2024-05-06,21.957012176513672,22.72373383108951,21.40113851994403,22.417045169259175,554300
2024-05-07,21.564067840576172,22.225366432862938,21.35321983532922,21.803668594360353,434600
2024-05-08,21.55448341369629,21.734662915826082,21.151954077530853,21.314882661883736,423700
2024-05-09,21.13278579711914,21.87075655905249,21.10882608729194,21.54489938697825,398900
2024-05-10,21.707828521728516,21.774916442143944,21.0656984108814,21.314883421002087,337100
2024-05-13,21.113616943359375,21.755746971592522,21.084864197733953,21.707825728883485,278200
2024-05-14,20.94110679626465,21.343636146313074,20.74942545700017,21.276548225973123,477100
2024-05-15,21.008193969726562,21.71741197497723,20.624833132835484,21.12320313479822,477500
2024-05-16,22.944169998168945,23.00167367050274,20.89318618616981,21.05611478112289,718200
2024-05-17,21.995351791381836,23.298778759309357,21.918679616797863,23.06876223555744,362600
2024-05-20,22.570390701293945,23.289192976214245,22.110357684067043,22.110357684067043,418100
2024-05-21,22.464969635009766,22.790826841910754,22.110359676437913,22.522473310342622,464800
2024-05-22,23.308361053466797,23.32273651374206,22.292454368487473,22.359542287116955,463400
2024-05-23,23.480873107910156,23.749226601512234,22.886662453508638,23.308360278309436,501000
2024-05-24,23.471288681030273,23.878611042950435,23.260440684230314,23.682136677830233,342600
2024-05-28,23.595884323120117,24.19967745124311,23.097514289362508,23.51921215085039,404400
2024-05-29,22.656646728515625,23.624633994687713,22.608727308886866,23.375448990999075,374100
2024-05-30,22.139108657836914,22.944167287431608,22.09118741321308,22.733317467103884,436700
2024-05-31,22.76207160949707,22.858870153161117,22.016434180713258,22.14869426477235,321100
2024-06-03,22.177446365356445,23.30836227587487,22.067230232112195,23.183770681601434,265200
2024-06-04,21.056114196777344,22.028894528475238,20.92193835571918,21.92826081967288,437300
2024-06-05,21.420307159423828,21.458642328400856,20.92672837728094,21.084865747833835,300900
2024-06-06,21.862979888916016,21.940302464433636,21.263728546017735,21.428039249432132,227600
2024-06-07,21.66000747680664,22.075617021141916,21.457036402698154,21.631010818998718,205800
2024-06-10,21.23473358154297,21.650343149397603,21.118750630779115,21.51502909233452,213300
2024-06-11,20.93510627746582,21.031759953763327,20.509831207866107,21.031759953763327,181300
2024-06-12,20.538829803466797,21.558522589848486,20.404481752215446,21.3410522585204,268600
2024-06-13,20.171546936035156,20.476003540152874,19.891251447591475,20.45184058096322,291500
2024-06-14,20.19087791442871,20.306862709324932,19.86709017801621,19.958910168152045,295200
2024-06-17,19.8815860748291,20.22953858955357,19.78493239368168,20.161881565805064,305500
2024-06-18,19.620622634887695,20.3938502778363,19.504639686730624,19.881587033514688,423100
2024-06-20,19.58196258544922,19.929915122616205,19.52397111042664,19.59162813853894,278900
2024-06-21,18.99237632751465,19.591627701086754,18.95371595953474,19.446648095009607,1186700
2024-06-24,19.37898826599121,19.572295626872744,18.973044282952486,18.973044282952486,396500
2024-06-25,19.00204086303711,19.23400858904435,18.81356720087595,19.23400858904435,345600
2024-06-26,19.282339096069336,19.320999467483514,18.77297565981274,18.85706394941814,388500
2024-06-27,18.576766967773438,19.349994614213326,18.38346143880026,19.34032906123731,291500
2024-06-28,18.847396850585938,19.089030143542168,18.741077611760165,18.8377312976458,1210500
2024-07-01,18.644426345825195,19.34999514062788,18.59609857963035,19.040704811044005,336400
2024-07-02,18.615427017211914,18.934382854306012,18.47044742644469,18.70241514037535,323400
2024-07-03,19.224342346191406,19.340327126786914,18.65408768225422,18.77973801485898,201200
2024-07-05,18.286808013916016,19.069699381005496,18.190154326290163,19.069699381005496,374900
2024-07-08,18.132164001464844,18.62026248184359,18.132164001464844,18.34480065291925,576200
2024-07-09,17.61989974975586,18.074171532476708,17.600568643360127,18.074171532476708,616500
2024-07-10,18.277143478393555,18.286809032045852,17.677893900078015,17.677893900078015,587600
2024-07-11,20.161882400512695,20.186045360920996,18.71208265382614,18.71208265382614,353500
2024-07-12,20.4228458404541,20.712806908488815,20.23920585856615,20.47117360688445,365600
2024-07-15,21.09941864013672,21.505362637827346,20.703140195190592,20.761131668141914,351300
2024-07-16,21.969297409057617,22.08044849680726,21.031760944876506,21.167074991960313,454600
2024-07-17,23.003488540649414,23.261553086880966,21.717999507675163,21.85331540407794,504200
2024-07-18,22.926166534423828,23.535083474667708,22.78118692506149,22.800518031247336,333000
2024-07-19,23.158132553100586,23.21612586733831,22.597543420078562,22.81018188525232,346900
2024-07-22,22.549219131469727,23.13880496422281,21.775993320904817,23.07114793623785,456800
2024-07-23,23.370773315429688,23.399768131882887,22.375243445350385,22.375243445350385,331100
2024-07-24,23.003488540649414,23.573743254267345,22.800517461318815,23.303115148493212,354800
2024-07-25,24.424291610717773,24.76257856069892,23.109806019255288,23.264451166072572,348000
2024-07-26,24.704587936401367,24.772244965057038,23.95552507933167,24.656262014080394,292400
2024-07-29,24.4339599609375,24.810907319032072,23.99901928350855,24.72391918354628,346400
2024-07-30,23.950693130493164,24.781910420948922,23.941027577363755,24.308309378702475,387700
2024-07-31,22.993824005126953,26.125391119322302,21.930637195387114,24.356635568429127,608900
2024-08-01,20.28752899169922,23.061479723812397,19.987904255096264,22.80051535152166,524500
2024-08-02,19.688282012939453,20.161883057740063,19.398320948040706,19.55296611191373,548800
2024-08-05,18.866727828979492,19.494974017717343,18.770074143746964,19.089030014553302,484400
2024-08-06,18.982709884643555,19.205013903289295,18.576765900550647,18.886058047467415,584200
2024-08-07,18.625093460083008,19.543298807879058,18.57676569850494,19.320996635166754,331100
2024-08-08,18.412456512451172,19.205015275958903,18.25781134969741,18.8377316317819,450400
2024-08-09,17.842199325561523,18.465613589009557,17.66822492406683,18.41245397597694,406700
2024-08-12,17.43625831604004,17.91469117659926,17.242950955228554,17.832536746539528,323000
2024-08-13,17.416927337646484,17.60056730388285,17.13663184678735,17.44592215151768,421100
2024-08-14,17.571571350097656,17.581236901932904,16.981985592756164,17.397595104094233,425800
2024-08-15,18.35446548461914,18.712083584400172,17.93885590827106,17.93885590827106,364900
2024-08-16,18.692750930786133,18.92471866137362,18.267475836284575,18.267475836284575,384200
2024-08-19,18.422121047973633,19.07743187072451,18.28680699891742,18.779739119285182,235100
2024-08-20,18.199819564819336,18.586432465124368,18.132162537705423,18.422121752055265,186200
2024-08-21,18.886058807373047,18.94888213536219,18.28680743778494,18.34479891112711,275500
2024-08-22,18.509109497070312,18.934384600248976,18.441452471374642,18.828065363575387,255600
2024-08-23,19.58196258544922,19.610959244718384,18.605763845576313,18.683086426778335,398000
2024-08-26,19.794597625732422,20.45184043467733,19.74627170769878,19.978239432588346,312100
2024-08-27,19.359661102294922,19.900919190485546,19.330664441966277,19.688282545289614,193400
2024-08-28,19.166353225708008,19.46597800063953,19.040704721225683,19.24367580773923,473400
2024-08-29,19.26300621032715,19.48530839510535,19.09386180089666,19.398320263058974,411800
2024-08-30,19.349994659423828,19.3886550279025,18.673420697647604,19.330663553426625,457600
2024-09-03,17.755216598510742,19.263007951040912,17.66822845860363,19.050369456372028,372700
2024-09-04,17.80354118347168,18.30613887765596,17.639230469738962,17.668227128697346,291300
2024-09-05,17.723466873168945,18.060360417788747,17.6453469818488,17.95782654712939,379400
2024-09-06,17.713703155517578,18.05059672869563,17.420754003865195,17.69417457792596,408100
2024-09-09,17.518404006958008,18.104304161585162,17.518404006958008,17.879707829585833,551600
2024-09-10,17.45981216430664,17.64534761125695,17.15709780745891,17.508638262201558,384300
2024-09-11,17.830883026123047,17.869942041843508,17.176628215709915,17.176628215709915,425500
2024-09-12,17.60628890991211,18.15312817842533,17.57699325065194,18.01641882692833,321000
2024-09-13,18.494903564453125,18.768322269587177,17.92853385200014,17.92853385200014,294700
2024-09-16,18.553491592407227,18.77808604362508,18.143361703758274,18.631611482505832,317300
2024-09-17,18.84644317626953,19.344458239143176,18.665791256044155,18.71949903672543,260500
2024-09-18,18.8757381439209,19.739940556937814,18.680437469077145,18.885503363915614,260200
2024-09-19,19.852235794067383,19.90106002659933,19.32492700512706,19.58858046833468,276700
2024-09-20,19.285865783691406,19.637406211705947,19.24680490834532,19.52999066702927,970900
2024-09-23,18.895267486572266,19.578816083777944,18.885502267144663,19.33469118566338,201100
2024-09-24,19.002681732177734,19.695997431656664,18.99291837498914,19.21751284083117,300000
2024-09-25,18.367956161499023,18.846440721338542,18.314248387813706,18.846440721338542,310500
2024-09-26,18.924560546875,19.427459083964237,18.739026972536337,18.739026972536337,358800
2024-09-27,19.432342529296875,19.822942014114474,19.21751327827851,19.21751327827851,252200
2024-09-30,19.442106246948242,19.515344459547254,19.168685697440402,19.29563168427534,207200
2024-10-01,19.33469009399414,19.45675253615957,19.11497918811641,19.315161518766715,208300
2024-10-02,19.227277755737305,19.67744264349877,18.944091976101713,19.33469144583599,205200
2024-10-03,19.090566635131836,19.149157952764224,18.74879326156889,18.98315294452285,266200
2024-10-04,19.559288024902344,19.6569364967114,19.285867461271444,19.50069670678666,249500
2024-10-07,19.99871063232422,20.018241070618654,19.324927273892204,19.451871397755813,460400
2024-10-08,19.891298294067383,19.949887750394062,19.26633726399028,19.735056639654182,311500
2024-10-09,20.574846267700195,20.818971167625495,19.813177771949373,20.04753745237464,216900
2024-10-10,20.594375610351562,20.69202593762827,20.257483936898257,20.428370612738686,266400
2024-10-11,20.8385009765625,21.141215321810094,20.628553419972604,20.652965536721986,232100
2024-10-14,20.8970890045166,20.916619441594584,20.27212991822115,20.574844242829883,199000
2024-10-15,20.643199920654297,20.99962203341343,20.57484525006009,20.721319810265545,200400
2024-10-16,21.024036407470703,21.2193352039079,20.750615857428485,20.916620858788917,205400
2024-10-17,21.482990264892578,21.561110154991184,20.967398617736762,21.141215047264268,190200
2024-10-18,21.19004249572754,21.600172410565015,20.89220981366964,21.600172410565015,190000
2024-10-21,21.05333137512207,21.424402275312403,20.574846782792616,21.31698672064806,236600
2024-10-22,20.8970890045166,21.014269764459495,20.438134908334003,21.014269764459495,232900
2024-10-23,20.399076461791992,20.877561051995144,20.32095656670832,20.740851701230017,365800
2024-10-24,21.209571838378906,21.24374917730557,20.428372859304748,20.526023197320338,374900
2024-10-25,21.141216278076172,21.56111141024879,20.95568082984346,21.336516945955363,245100
2024-10-28,22.088420867919922,22.244660648526466,21.21933499295529,21.248630650265927,221100
2024-10-29,21.89312171936035,22.20071962347806,21.854060840254824,22.03959629095561,356100
2024-10-30,21.49275779724121,22.59620159646357,20.0182430832182,20.379548777889852,363400
2024-10-31,21.27792739868164,21.77594056082429,21.190042284768186,21.59040697591828,314700
2024-11-01,20.994741439819336,21.648996247561225,20.623672410626632,21.395106127576664,258000
2024-11-04,21.15097999572754,21.526932544056073,20.95567934171724,20.95567934171724,242000
2024-11-05,21.854061126708984,21.883356786422123,21.10703949801383,21.2291019530307,193800
2024-11-06,25.506168365478516,26.111597026848106,23.802175877984606,24.041419080679464,433300
2024-11-07,24.822620391845703,25.437814332363214,24.407608798741254,25.437814332363214,324500
2024-11-08,24.783557891845703,25.096039314035583,24.378311544944527,24.646848550123632,166300
2024-11-11,25.398754119873047,25.564759121801305,24.825548974763873,25.096039773718616,222300
2024-11-12,24.451549530029297,25.388988200337412,24.392958216241233,25.154628532760384,236600
2024-11-13,24.344135284423828,24.8665624205295,24.256250171571924,24.568729745034176,260700
2024-11-14,23.875415802001953,24.578494838692656,23.28463213251636,24.344135159795755,249700
2024-11-15,24.100011825561523,24.41249141770409,23.71917755545343,24.158601283456935,211900
2024-11-18,24.197660446166992,24.49060957737555,24.13418745147925,24.38319402675401,217800
2024-11-19,23.055156707763672,24.031656331302663,23.02586104854842,23.787531425417917,176300
2024-11-20,23.816823959350586,23.855884836233262,22.840324387585166,22.967270374928738,148400
2024-11-21,24.197660446166992,24.519905235506467,23.938886788990107,23.953535549318143,131400
2024-11-22,24.783557891845703,24.84214920617667,24.236718662432327,24.441784537540528,165000
2024-11-25,25.18392562866211,25.535464218852006,24.89585817158174,24.930035508648462,291700
2024-11-26,24.969093322753906,25.05697843170383,24.25624909462683,25.03744799359827,245800
2024-11-27,24.900739669799805,25.623349146518425,24.79527790725386,25.06674467543281,166200
2024-11-29,25.096040725708008,25.262045733933476,24.95932951377073,25.164395400414048,75700
2024-12-02,24.881210327148438,25.135100456510187,24.69567673696217,24.930036426559496,188400
2024-12-03,24.187894821166992,25.008154609825652,23.963300366838464,25.008154609825652,128400
2024-12-04,24.275779724121094,24.34901607380669,23.51410939472516,24.100009504835484,298000
2024-12-05,24.185256958007812,24.40172318829987,23.59489229381785,24.293491011512604,228200
2024-12-06,23.47681999206543,24.45092082291971,23.437461472814352,24.45092082291971,136900
2024-12-09,24.05734634399414,24.93305280185119,23.71296678837833,23.89007638136461,273000
2024-12-10,23.5555362701416,24.00322912589247,23.24067560808177,23.998308372394145,139800
2024-12-11,23.15212059020996,23.88023633341855,23.132441329840592,23.88023633341855,201000
2024-12-12,22.364965438842773,22.96516969942075,22.21737475024485,22.96516969942075,150700
2024-12-13,21.902515411376953,22.207536436107766,21.627011400083532,22.207536436107766,184400
2024-12-16,21.58765411376953,22.128820613472637,21.371186012514304,21.538455964976304,240200
2024-12-17,21.312150955200195,21.813960832471036,21.036646941193393,21.381026489522508,258500
2024-12-18,20.485639572143555,21.735244375964545,20.190458192104046,21.331828947442407,304300
2024-12-19,19.472183227539062,20.830020280048434,19.442664337175852,20.69226921178855,300000
2024-12-20,19.226198196411133,19.742766581568286,18.99005082581366,19.20651893607508,1129500
2024-12-23,18.61615562438965,19.511541391265027,18.5866367317269,19.13764480112536,184200
2024-12-24,18.773584365844727,18.871978789620695,18.404606684223,18.60631440844084,77400
2024-12-26,18.812942504882812,18.832619887865302,18.247175987171854,18.56695738878544,230300
2024-12-27,18.261934280395508,19.049087768748254,18.025788796904926,18.665349715948267,166600
2024-12-30,17.878198623657227,18.212738537499643,17.710928666736017,18.212738537499643,174000
2024-12-31,18.212738037109375,18.443964644455146,18.055307714534482,18.055307714534482,222700
