Price,Close,High,Low,Open,Volume
Ticker,TFC,TFC,TFC,TFC,TFC
Date,,,,,
2015-01-02,25.48134994506836,25.84395595996532,25.224226847078913,25.725284534730523,2173500
2015-01-05,24.677013397216797,25.36926146103601,24.62426944208342,25.356075472252666,4886500
2015-01-06,24.19574737548828,24.835251781556224,24.07048168128061,24.716582857263163,5305300
2015-01-07,24.5187931060791,24.604500807353325,24.208931057577292,24.578128820042622,4953200
2015-01-08,24.92755126953125,24.993478722585756,24.69020841458123,24.73635813471361,5412800
2015-01-09,24.281452178955078,25.00006995353827,24.235299944790057,24.934142501824365,3520400
2015-01-12,24.057289123535156,24.34737335729234,23.93202347659535,24.321001377413392,2943800
2015-01-13,24.01774024963379,24.5319814771729,23.859510825406396,24.268269123422417,3788300
2015-01-14,23.510082244873047,23.76720276549331,23.041990911694086,23.635345378901505,6897600
2015-01-15,23.404603958129883,23.661724556964646,23.272746531427863,23.52327539066458,5815000
2015-01-16,23.747434616088867,23.81336207849087,23.2793430941088,23.2793430941088,4717100
2015-01-20,23.57601547241211,23.872694036383667,23.44416056839905,23.773802858373873,3965700
2015-01-21,23.49690055847168,23.760615379957997,23.3848233940711,23.51667828984333,4865200
2015-01-22,24.33419418334961,24.452865611074277,23.70787331812967,23.86610272675294,5133000
2015-01-23,24.274860382080078,24.45945927754232,24.116633475961397,24.35397383513942,3913000
2015-01-26,24.386940002441406,24.43308972616151,24.05070342679914,24.281454560370978,4113900
2015-01-27,23.92544174194336,24.189154106075385,23.885883755586395,24.09026291264018,3960700
2015-01-28,23.312307357788086,24.110041239942234,23.292529621610036,24.057299771810253,5486600
2015-01-29,23.516679763793945,23.562831998172015,23.220003714740788,23.404602592368725,4965200
2015-01-30,23.266151428222656,23.701279112952683,23.127702281938298,23.25296543596164,5468800
2015-02-02,23.707876205444336,23.754025931294247,23.233192951706474,23.39801411973371,3796300
2015-02-03,24.05070686340332,24.13641458326085,23.806772215316773,23.872699682916917,5293300
2015-02-04,23.978181838989258,24.17596672953237,23.932032115028242,24.01114556825122,3751700
2015-02-05,24.45287322998047,24.46605922772176,24.01115110804879,24.06389509901397,3926100
2015-02-06,25.07259178161621,25.27037916766413,24.6967997720789,24.75613548489906,5443700
2015-02-09,24.822063446044922,24.934140608442153,24.73635575334823,24.874804900416887,3416000
2015-02-10,24.92755126953125,25.059406175640262,24.756135867635738,25.013256455507886,1963800
2015-02-11,24.821392059326172,24.94745542269193,24.68869231676181,24.894377044288426,2489700
2015-02-12,25.425172805786133,25.438443032792552,24.874472305723305,24.96072498470952,5304300
2015-02-13,25.39863395690918,25.58441461570294,25.25930036109173,25.478255323979575,2879500
2015-02-17,25.504791259765625,25.564506014893276,25.212853863050974,25.372094053737033,3551900
2015-02-18,25.093420028686523,25.41853420192147,25.06687957963948,25.41853420192147,3958900
2015-02-19,25.080154418945312,25.199583930595665,24.801487245785815,24.980631513261347,3705700
2015-02-20,25.33892250061035,25.345558880916663,24.721870746072913,24.987270275500574,5622700
2015-02-23,25.192947387695312,25.212851460495532,25.05361128498361,25.192947387695312,3255100
2015-02-24,25.358823776245117,25.38536169877562,25.046979774419853,25.192949738003925,4492500
2015-02-25,25.438453674316406,25.5313427711821,25.226135015469666,25.31902411233536,3444800
2015-02-26,25.484882354736328,25.537963251916533,25.31900834760291,25.38535693804168,2903300
2015-02-27,25.246028900146484,25.518062230090422,25.22612482486965,25.411902943552228,3416700
2015-03-02,25.478256225585938,25.518064379492674,25.146508110831103,25.2460310266352,3233600
2015-03-03,25.325651168823242,25.471621156759362,25.20622416991969,25.352191626818424,2815200
2015-03-04,25.086790084838867,25.212853440869928,25.03370917848668,25.19294936650632,2889900
2015-03-05,25.192947387695312,25.21948530775003,24.907643866054137,25.04697743772911,2200300
2015-03-06,25.518062591552734,25.87635113783317,25.305744015468864,25.358824925008367,4898500
2015-03-09,25.591047286987305,25.664032271259472,25.411903015874813,25.518062302715137,2532100
2015-03-10,24.927549362182617,25.29247172689795,24.92754936218262,25.206219052480947,3094000
2015-03-11,25.192947387695312,25.345551184916012,24.960722237200294,25.000532913837453,3481500
2015-03-12,25.869722366333008,25.916166905775814,25.199589672593845,25.451718980310194,5144900
2015-03-13,25.816635131835938,25.962605094974574,25.504791130962285,25.87634988666202,4372000
2015-03-16,26.028949737548828,26.05549018699737,25.737012386724533,25.89625002134267,3000100
2015-03-17,26.174928665161133,26.181562514282593,25.783465760021468,25.84318052626438,4375100
2015-03-18,26.34743309020996,26.407147848535033,26.088669981147014,26.13511451195128,6753600
2015-03-19,26.247913360595703,26.300991746072878,25.982513840097603,26.214736522255386,7499500
2015-03-20,26.41378402709961,26.599562148904976,26.25454382909709,26.42041787529105,6709700
2015-03-23,26.214733123779297,26.652640504104696,26.214733123779297,26.413784003866635,3465300
2015-03-24,25.95597267150879,26.208101955978275,25.936068593879234,26.161657420817754,3803000
2015-03-25,25.531328201293945,25.949331429686943,25.43843915743697,25.949331429686943,3902400
2015-03-26,25.6507568359375,25.743645876683114,25.292468366458813,25.49815305027877,3633100
2015-03-27,25.537973403930664,25.81664063179482,25.42517771810173,25.783466323387778,4616100
2015-03-30,25.909523010253906,26.08203341903735,25.65739377566717,25.65739377566717,2296000
2015-03-31,25.869722366333008,25.916166905775814,25.67067144753519,25.74365644695605,2944900
2015-04-01,25.584413528442383,25.737017345619694,25.358824726737428,25.723747118338572,4328900
2015-04-02,25.84980583190918,25.902886731487154,25.51805780265664,25.604312998952548,2908400
2015-04-06,26.009052276611328,26.062130657962598,25.425174895524087,25.54460441736096,5011900
2015-04-07,25.95597267150879,26.148387192052272,25.843179523558195,25.995783357805234,3122300
2015-04-08,25.869722366333008,26.10194506354703,25.810007596901176,26.068770754093254,2847400
2015-04-09,25.94269561767578,25.995776518773056,25.677298705299417,25.856442949947716,2540600
2015-04-10,25.902889251708984,25.989141925360247,25.80336382083525,25.942697399228997,2151100
2015-04-13,26.155017852783203,26.201464913319455,25.889620902935803,25.9227952052871,2595000
2015-04-14,25.87635612487793,26.108578821275913,25.803371125713547,26.088674741881103,3001000
2015-04-15,26.068769454956055,26.201469217195648,25.816640159804567,25.90952923406105,2413000
2015-04-16,26.002410888671875,26.148380838587446,25.790092342087437,25.98250681587856,2114500
2015-04-17,25.557872772216797,25.942699234678937,25.451713486257894,25.82326972159554,2961700
2015-04-20,25.737018585205078,25.922796714014396,25.657397217683503,25.756922661566882,2698600
2015-04-21,25.6507568359375,25.95596440725496,25.60431231556469,25.856441519757457,2532400
2015-04-22,25.79009246826172,25.849807217970532,25.445074195614875,25.630854823062705,3801800
2015-04-23,25.11996078491211,25.597678749454513,25.100056713401695,25.524693779200916,6464900
2015-04-24,25.06688690185547,25.212856883216542,24.768315621489297,24.914283071813102,4921900
2015-04-27,24.947460174560547,25.22612994012906,24.84130086649577,25.10006655275137,5152900
2015-04-28,25.186311721801758,25.206218326201764,24.821389367601114,24.894374344648604,3337600
2015-04-29,25.418537139892578,25.571140942996806,25.060248629454744,25.133233607251725,3560500
2015-04-30,25.4052677154541,25.5844119763256,25.246027528778242,25.418537941930165,4026400
2015-05-01,25.518062591552734,25.60431780403589,25.325648091027638,25.498158515993957,4108200
2015-05-04,25.936071395874023,25.95597547565391,25.48489369325415,25.537974614050658,3771400
2015-05-05,25.856449127197266,26.161656788312396,25.803368213418665,25.823272290567,3407600
2015-05-06,25.6507568359375,25.98913870308746,25.418534234073462,25.87634559104965,3029000
2015-05-07,25.591047286987305,25.750287482766314,25.47161777291231,25.617587741456646,2233200
2015-05-08,25.916156768798828,25.96260129007509,25.61758303842532,25.710472080977837,3296200
2015-05-11,25.882984161376953,26.062128428809647,25.80336533064142,25.882984161376953,2907400
2015-05-12,25.95597267150879,26.07540219936079,25.59768661899012,25.79009860849627,2559800
2015-05-13,26.11632537841797,26.169772659478674,25.79563404616926,25.88916869949661,2716000
2015-05-14,26.169757843017578,26.283337392487308,26.056180842174566,26.25661249277364,1992800
2015-05-15,25.86911964416504,26.23657820870949,25.74217760556837,26.21653580203738,2352600
2015-05-18,26.209848403930664,26.256615709846354,25.889157213954345,25.89583716538786,2577200
2015-05-19,26.577316284179688,26.67753343145793,26.26998743718069,26.336797169614236,4118300
2015-05-20,26.450363159179688,26.58398510389988,26.343466113128855,26.58398510389988,2450400
2015-05-21,26.430322647094727,26.54389965161105,26.343467994529615,26.350147945360717,2351100
2015-05-22,26.330116271972656,26.477100736411053,26.323436318419926,26.410288457744585,1644800
2015-05-26,26.450363159179688,26.483768008203082,26.203164218054628,26.416958310156293,4955200
2015-05-27,26.664159774780273,26.71092707756441,26.443685711458887,26.49713296522925,2848900
2015-05-28,26.650802612304688,26.697569924368523,26.410283551046483,26.5639479404887,3304000
2015-05-29,26.370197296142578,26.6508011531624,26.24993777209773,26.6508011531624,3192600
2015-06-01,26.169757843017578,26.523856392656885,26.056180842174566,26.430321792285763,3027200
2015-06-02,26.356836318969727,26.44369099089215,26.069549945295634,26.189809476072107,3433900
2015-06-03,26.724294662475586,26.824511786910808,26.450370744130304,26.503818008169038,3459700
2015-06-04,26.53055191040039,26.844563294719247,26.490467085936338,26.57063928349265,3529900
2015-06-05,26.857919692993164,27.03830900826834,26.704255287083416,26.797789921234774,4321200
2015-06-08,26.90468406677246,27.051668503574987,26.73097472352814,26.891321613551565,2862800
2015-06-09,27.125154495239258,27.218691655102116,26.851230612922688,26.951447724176536,2901200
2015-06-10,27.499303817749023,27.606200912770653,27.212017397010687,27.238742307923037,4102200
2015-06-11,27.325592041015625,27.572791050577944,27.252099823641803,27.51266128623821,3044000
2015-06-12,27.439159393310547,27.452521841632787,27.198640420763038,27.272132612222155,2498800
2015-06-15,27.55942726135254,27.75985894989148,27.198648692806124,27.225373597578567,5157400
2015-06-16,27.699726104736328,27.813305663061133,27.399077331084676,27.49261448737501,3584500
2015-06-17,27.499303817749023,27.806632647357738,27.4525364979663,27.75986532757501,4356700
2015-06-18,27.579471588134766,27.659646308040937,27.338952525670994,27.59283404145246,5394700
2015-06-19,27.405765533447266,27.639602101262604,27.338953265051856,27.4993001605734,4731800
2015-06-22,27.519332885742188,27.706404622811863,27.43916074049892,27.606187529787874,5810100
2015-06-23,27.766542434692383,27.860077056084446,27.539385833328538,27.659645360440415,4611300
2015-06-24,27.499303817749023,27.840037511684287,27.492623864334828,27.65296823255338,3329300
2015-06-25,27.405765533447266,27.706414369658017,27.392403079768183,27.673006961146587,3762000
2015-06-26,27.58615493774414,27.72645687895501,27.459212901634583,27.586154937744137,4137800
2015-06-29,26.891321182250977,27.479256371404034,26.837871370224644,27.19864995552043,4241200
2015-06-30,26.931407928466797,27.405763530583958,26.924725427801903,27.225374242040687,4724600
2015-07-01,27.41912078857422,27.532697792087014,27.205326683092792,27.22536908403581,3874800
2015-07-02,26.978178024291992,27.385723953605645,26.89800329979823,27.37236149952335,3324200
2015-07-06,26.964807510375977,26.99153241055244,26.604029003873997,26.677521205045892,3950100
2015-07-07,26.951446533203125,27.024938738391423,26.490453448785953,26.971488935117428,5019800
2015-07-08,26.597354888916016,26.8779587564564,26.537225124639175,26.710931916645986,4514000
2015-07-09,26.84454917907715,27.171920300323993,26.724289671664508,27.06502324358241,4761500
2015-07-10,27.191967010498047,27.365673783210283,27.0383026407761,27.318906477148257,2801300
2015-07-13,27.45252799987793,27.539382659142827,27.325588535280772,27.485932853863815,2463500
2015-07-14,27.539392471313477,27.572797337201376,27.20533871517868,27.32559827127744,3636400
2015-07-15,27.786577224731445,27.926879118369673,27.51265338774065,27.619550432697384,5593300
2015-07-16,27.759857177734375,27.92020404750549,27.612875308123474,27.793262032253807,6013400
2015-07-17,27.292192459106445,27.75986825487833,26.978183642971022,27.75986825487833,6176000
2015-07-20,27.512666702270508,27.652968663806725,27.21870032353351,27.27883009971015,4714600
2015-07-21,27.572799682617188,27.813318815273902,27.405772790342034,27.546074768182415,4221000
2015-07-22,27.793264389038086,27.920206415054068,27.52602298159435,27.599515196945234,3854900
2015-07-23,27.699726104736328,27.993694927252122,27.619553947971525,27.833348065095606,4337500
2015-07-24,27.252105712890625,27.706419019718574,27.21870084740019,27.65965169830639,4848800
2015-07-27,27.031627655029297,27.245421841780303,26.89800565115298,27.071715020780513,3560800
2015-07-28,26.991540908813477,27.232057440247775,26.824514053062472,27.198652578823086,3492500
2015-07-29,27.131837844848633,27.205330055585815,26.81782659847235,27.004895826801835,4326400
2015-07-30,27.131837844848633,27.205330055585815,26.984853423374275,27.058345634111454,4701300
2015-07-31,26.90468406677246,27.29218501566909,26.90468406677246,27.151883079790693,11661700
2015-08-03,26.938079833984375,27.04497687504675,26.717605801817307,26.931399883942067,5556600
2015-08-04,27.15187644958496,27.292178351203095,26.931402396845996,26.964807247427448,4653700
2015-08-05,27.3055477142334,27.65296385521626,27.18528818279212,27.439169699015633,3479300
2015-08-06,27.18528938293457,27.479258272158738,27.091754754045965,27.385723643270136,3117500
2015-08-07,26.911367416381836,27.385725645411345,26.76438550965155,27.165248962374402,4791300
2015-08-10,27.372364044189453,27.4458562741605,27.044990260307813,27.071715170956878,4726400
2015-08-11,26.86459732055664,27.218695967427816,26.71093292794845,27.078391479718242,4709700
2015-08-12,26.44084930419922,26.723350141267822,26.131440326546254,26.723350141267822,4025700
2015-08-13,26.696443557739258,26.756979815660255,26.427395518201166,26.50138456297758,3335000
2015-08-14,27.113468170166016,27.113468170166016,26.62917817971839,26.696439538011074,3403300
2015-08-17,27.032751083374023,27.19418193321917,26.79733376678351,26.8578700147434,2937900
2015-08-18,26.965497970581055,27.16728467019048,26.602280371769833,26.602280371769833,8127300
2015-08-19,26.62245750427246,26.945316696391817,26.54174078185004,26.938589019928227,6825000
2015-08-20,25.956558227539062,26.52156244587481,25.956558227539066,26.44757340113873,6415100
2015-08-21,25.29065704345703,25.835483313881795,25.270479147986055,25.71441080934296,8121700
2015-08-24,23.925230026245117,24.725651480256854,23.380403786609754,23.595645778181133,10741900
2015-08-25,23.393857955932617,24.671844366873053,23.387132846043173,24.671844366873053,9155300
2015-08-26,24.42970085144043,24.470059210815197,23.703268343691242,24.0261275211194,9351600
2015-08-27,25.041784286499023,25.122498425736644,24.651663808637007,24.86017554882221,6845300
2015-08-28,24.954347610473633,25.04851711913978,24.772741401259367,24.88708624156885,3874900
2015-08-31,24.833263397216797,24.907252407677056,24.362428904934294,24.49022647200304,4664900
2015-09-01,23.76380729675293,24.375895037857084,23.588923618804913,24.227916935879062,7243900
2015-09-02,24.133745193481445,24.3422569512013,23.83778904829491,24.26154280517608,4397300
2015-09-03,24.53731918334961,24.678569584352243,24.153923771567314,24.21446002426223,6135600
2015-09-04,24.12701988220215,24.274997969296397,23.931960890681275,24.20773660199357,4278100
2015-09-08,24.70547866821289,24.732384243426235,24.355713888010033,24.638217296036405,3307700
2015-09-09,24.396066665649414,25.115773959768532,24.34898320273368,25.02833214327233,3558500
2015-09-10,24.671844482421875,24.900536707581548,24.254818389197712,24.274996284817046,6171400
2015-09-11,24.510412216186523,24.591128925754244,24.34898392876382,24.557495680506175,3594200
2015-09-14,24.59112548828125,24.725648187043777,24.48350578975762,24.53058924749571,3837900
2015-09-15,24.94089126586914,25.021605401909227,24.537315453956467,24.64493515729529,3271300
2015-09-16,24.94089126586914,25.01487772715648,24.658387940944657,24.8736273476223,3505800
2015-09-17,24.322078704833984,25.109049956245737,24.201006204616792,24.93416631555139,5814300
2015-09-18,23.74362564086914,24.079937626053848,23.64945869555451,23.992495791465913,6554500
2015-09-21,24.03957748413086,24.11356395217657,23.844515952181105,23.94540798998327,3248800
2015-09-22,23.709989547729492,23.844514824292112,23.467844563088022,23.65617841076195,3624700
2015-09-23,23.69654083251953,23.831066132182052,23.447670695950706,23.703268508723827,3827200
2015-09-24,23.57546615600586,23.622549621688623,23.360226722639947,23.400585078592222,2923600
2015-09-25,23.99921989440918,24.167375861962014,23.851241821888625,23.9790419993769,3426600
2015-09-28,23.440942764282227,23.878149341956483,23.40731208119728,23.817613086060916,5569500
2015-09-29,23.656173706054688,23.68980694289859,23.36694788287181,23.49474545896916,3821800
2015-09-30,23.945404052734375,23.972309618066852,23.635997748978696,23.925226161662984,4026600
2015-10-01,23.965585708618164,24.026121950716792,23.65617682352736,24.005941492779872,3946500
2015-10-02,24.046300888061523,24.046300888061523,23.030640077430608,23.427488222693004,9633700
2015-10-05,24.597862243652344,24.66512362488102,24.15393045631431,24.227919515180186,3530800
2015-10-06,24.496959686279297,24.611307076429107,24.35570929184988,24.436426002257885,3842300
2015-10-07,24.75929069519043,24.9610773847206,24.544051217577316,24.65839606749686,3771500
2015-10-08,24.82654571533203,24.853451284611367,24.530592150828298,24.665114865512344,3437200
2015-10-09,24.577682495117188,24.920719618971205,24.436432065639472,24.7122078133204,3378400
2015-10-12,24.692026138305664,24.732384501546886,24.396072505440767,24.550775715746752,2508800
2015-10-13,24.362438201904297,24.61803343357969,24.322079844655093,24.544046960740932,3881600
2015-10-14,24.046300888061523,24.348982111711855,23.92522839860139,24.315351434829857,4443600
2015-10-15,24.79291534423828,24.8198209138514,24.18082774774969,24.35570881852228,6196300
2015-10-16,24.544048309326172,25.055241366621242,24.476784376881646,24.893810494611046,4873300
2015-10-19,24.38261604309082,24.658391735702555,24.328804900212184,24.37589093315925,3477700
2015-10-20,24.718936920166016,24.766020404269163,24.31536346617975,24.416255546747596,3677100
2015-10-21,24.40279197692871,24.90725985450595,24.396066867537794,24.806367818504288,4045000
2015-10-22,24.833263397216797,25.02832486736557,24.530584813851057,24.530584813851057,3323900
2015-10-23,25.33101463317871,25.35119252803866,24.927441340841305,25.061964061049498,3673800
2015-10-26,25.082151412963867,25.384832748305342,24.96107887882728,25.28393811457248,2695600
2015-10-27,24.82654571533203,25.088868601164755,24.72565111346269,24.907259857313722,3358800
2015-10-28,25.573158264160156,25.579883373467524,24.853450973026888,24.873628866805262,6903000
2015-10-29,25.39827537536621,25.7076842955441,25.324288907394298,25.472264409194484,3310600
2015-10-30,24.987972259521484,25.425176138623478,24.873624892715448,25.404998248068946,5997300
2015-11-02,25.425182342529297,25.512624166028402,25.021609037829027,25.11577597120199,5341800
2015-11-03,25.41172981262207,25.526077208480178,25.189765262560428,25.331015664041157,3685100
2015-11-04,25.43863296508789,25.64041960028012,25.3242881459596,25.46553853400853,5117700
2015-11-05,25.660594940185547,25.855653861301995,25.465533453213332,25.4789862349896,4035000
2015-11-06,26.259241104125977,26.54846962419929,26.09781021804862,26.346680375138366,4851600
2015-11-09,25.996910095214844,26.40048333643576,25.835479259212825,26.353399877155187,4213500
2015-11-10,25.963043212890625,26.145926963905453,25.773381874505258,25.908853520807167,3849300
2015-11-11,25.949504852294922,26.200125805939198,25.83435300835611,26.152711100760758,4830800
2015-11-12,25.597272872924805,25.90208345887143,25.597272872924805,25.7462893719044,4156700
2015-11-13,25.29923439025879,25.72596920523888,25.21118000957147,25.5430828559617,5029400
2015-11-16,25.685331344604492,25.692106349763744,25.204409334592874,25.25182403507811,3753200
2015-11-17,25.604055404663086,25.92918596343787,25.204415275019667,25.766621976004476,3182400
2015-11-18,25.976591110229492,26.003685959461098,25.495669163950165,25.658235675432763,4249000
2015-11-19,26.105304718017578,26.19335915061657,25.800493956190586,25.976605405297033,3416800
2015-11-20,26.179798126220703,26.281399928111995,25.996911782128137,26.2136653935178,6260200
2015-11-23,26.261079788208008,26.46428597360466,26.16625040728336,26.193342670471235,3802100
2015-11-24,26.071428298950195,26.1730301280368,25.87499447857884,26.078200720659613,3526000
2015-11-25,26.06464385986328,26.19334049702403,25.942719641960842,26.098511123968045,2752300
2015-11-27,26.186567306518555,26.206887147601623,25.942718877895498,26.091737936255488,1194800
2015-11-30,26.159481048583984,26.294952729384512,26.02400936778346,26.233990602219645,3687700
2015-12-01,26.396560668945312,26.45074779817363,26.125617271080497,26.369465812377282,4358600
2015-12-02,26.071428298950195,26.477840783111738,26.017238589644624,26.430426079423142,3951800
2015-12-03,25.658239364624023,26.26108563521694,25.576954805241954,26.166256233178604,3684200
2015-12-04,26.38300132751465,26.457510857478354,25.637908611784137,25.793702674748204,4514200
2015-12-07,26.213668823242188,26.606533826322256,25.99014017880311,26.592986400849536,3538600
2015-12-08,25.671781539916992,26.098513761799634,25.590496997162017,25.976589531574056,4050700
2015-12-09,25.2247314453125,25.76661557532788,25.06893733551994,25.54986192332173,4243800
2015-12-10,25.441482543945312,25.7937078390819,25.096029669294754,25.21118148881397,3531500
2015-12-11,24.93346405029297,25.24504704969456,24.770897546657796,25.082480546059386,4464500
2015-12-14,25.001197814941406,25.28568854155007,24.71670967223958,25.04861250539171,4717900
2015-12-15,25.522762298583984,25.75983575366654,25.312781107005957,25.312781107005957,6770100
2015-12-16,25.963043212890625,26.010457901510282,25.41438420812593,25.753062031927332,5641800
2015-12-17,25.62436294555664,26.152699473454636,25.617587942738904,26.098509786538692,3780100
2015-12-18,25.21794891357422,25.563401719789887,25.177306646988086,25.475344767473224,16250000
2015-12-21,25.251819610595703,25.54985777160505,24.95378403349329,25.495668075455377,3874700
2015-12-22,25.49567222595215,25.51599207336272,24.9470156746078,25.42793767864533,4046200
2015-12-23,25.902084350585938,25.92917661611957,25.509216785417063,25.631141023993123,2932700
2015-12-24,25.92240333557129,26.044327570101732,25.7801592565881,25.85466621421717,980400
2015-12-28,25.80048179626465,25.84112407332278,25.46857632672469,25.77338694489256,2081800
2015-12-29,26.105304718017578,26.166266870382973,25.868228532637268,25.976605405297033,2049500
2015-12-30,25.85466957092285,26.09851807164253,25.807254871772617,26.057878377460792,1583000
2015-12-31,25.610822677612305,25.881763436153516,25.56340798026991,25.685329642073768,2910300
2016-01-04,24.82508659362793,25.08247989045442,24.574463132745034,25.00797035256528,5873200
2016-01-05,24.83186149597168,25.02152027762691,24.628655289354345,24.797994225519975,3584300
2016-01-06,24.48641014099121,24.784445725508583,24.289976363421882,24.42544802325959,4228300
2016-01-07,23.788728713989258,24.235783321018495,23.626164811745884,23.964842622643992,4703800
2016-01-08,23.27394676208496,24.005489715791644,23.22653206063672,23.99194228910537,5000100
2016-01-11,23.49070167541504,23.599078510784008,23.226533300697405,23.470381826254474,6162300
2016-01-12,23.639713287353516,23.82937204305526,23.28071303475225,23.77518235062233,4747600
2016-01-13,22.84043312072754,23.870014008693545,22.765923586533585,23.80227689401417,4729200
2016-01-14,23.04364585876465,23.199437391029676,22.62368596379338,22.921721601529853,4496400
2016-01-15,22.447566986083984,22.59658606362495,22.169851258607466,22.28500306868191,6748100
2016-01-19,22.29854393005371,22.82688302711179,22.068245518808254,22.82688302711179,5833500
2016-01-20,22.25791358947754,22.549176810971105,21.526369324961635,21.776991557302583,13020900
2016-01-21,21.526369094848633,22.19017621709127,21.478953100731403,22.12921408803714,9970200
2016-01-22,21.64151382446289,22.020831339848677,21.377344238892462,21.80407773565486,6485200
2016-01-25,21.07253646850586,21.594099381266414,21.052215332182666,21.53991097635804,7275300
2016-01-26,21.316383361816406,21.39766661407734,20.9912529366796,21.147044437230136,6050500
2016-01-27,21.43830680847168,21.92600242830181,21.208005776119098,21.289289025400826,5436400
2016-01-28,21.614421844482422,21.865042748086527,21.485723890441808,21.58055457381816,8450700
2016-01-29,22.122446060180664,22.142765912598513,21.68216364246869,21.783768072373913,6853300
2016-02-01,21.871816635131836,22.102117681352716,21.709250126778922,22.034380559577755,4491400
2016-02-02,21.39089584350586,21.56700850432712,21.26897159432548,21.539913652529858,5414800
2016-02-03,21.526369094848633,21.60087735883966,20.808370973089705,21.48572681417672,6802800
2016-02-04,21.783761978149414,21.844724102256187,21.45863151088238,21.472178936673583,7160800
2016-02-05,21.71602439880371,22.041154820641516,21.587326455677037,21.790531354383848,7104500
2016-02-08,21.221553802490234,21.411213861566253,20.930290647890914,21.3841190137182,6118700
2016-02-09,21.404441833496094,21.52636607449724,20.821915478469986,20.855784040944503,6286400
2016-02-10,21.363447189331055,21.828018676241445,21.342950928524772,21.63672415131148,5833400
2016-02-11,20.687089920043945,21.001358156762336,20.46163622319758,20.769072371758494,6114400
2016-02-12,21.575246810913086,21.5889109912052,21.008196359669903,21.219985941845852,5141600
2016-02-16,22.25843048095703,22.422395351001956,21.691379007129665,21.896336397773133,4865200
2016-02-17,22.490711212158203,22.62735032672917,22.388233830860734,22.436057130034424,5196800
2016-02-18,22.039806365966797,22.579529494084174,21.93049558360407,22.490713668984885,4049300
2016-02-19,22.121793746948242,22.14228870637921,21.81435632460923,21.896338768508,3849100
2016-02-22,22.52487564086914,22.53170642463664,22.299420683921845,22.313084857631498,3846500
2016-02-23,21.93049430847168,22.53170487959706,21.780192317233954,22.38823497474567,5507100
2016-02-24,21.8621826171875,21.889510970941046,21.36345188897394,21.602569771966955,6344600
2016-02-25,22.19693946838379,22.203770250975133,21.875837956932404,21.930492036185754,5113000
2016-02-26,22.750335693359375,22.90746983495335,22.2857640546574,22.42923662409149,6295100
2016-02-29,21.971487045288086,22.74349587448755,21.964656261921053,22.688839182853304,6612500
2016-03-01,22.852813720703125,22.85281372070313,22.080804652696045,22.196948855258764,7307100
2016-03-02,23.098764419555664,23.167082701194744,22.784493547959883,22.90746853985054,5376000
2016-03-03,23.413026809692383,23.41985759367201,22.996278620217108,23.098758623134703,2905600
2016-03-04,23.563335418701172,23.775123649975267,23.41303207559673,23.529173672595384,4935300
2016-03-07,23.467689514160156,23.501851265122006,23.235403680968318,23.351547900652083,2555600
2016-03-08,22.996286392211914,23.399370543782492,22.873311389619154,23.399370543782492,4987600
2016-03-09,22.85964012145996,23.26955753836763,22.763993506033948,23.17390831676681,4888600
2016-03-10,22.996286392211914,23.372042186278406,22.688848885730014,23.064604679796506,5051700
2016-03-11,23.53600311279297,23.57016224698841,23.11242411518475,23.235396477053364,3540000
2016-03-14,23.488187789916992,23.60432940690585,23.31738945469166,23.508682756167786,2973800
2016-03-15,23.39936637878418,23.40619716385654,23.214903907728658,23.23539886912089,3158700
2016-03-16,23.20123863220215,23.53600442074087,23.11242539959343,23.276390295313394,6332600
2016-03-17,23.331043243408203,23.37886654747838,22.85280759653179,23.112421680180347,4830400
2016-03-18,23.686309814453125,23.802454027498875,23.43352903007197,23.488185743546566,9538600
2016-03-21,23.658973693847656,23.87076185029329,23.44035214812509,23.7136277771911,3220700
2016-03-22,23.501846313476562,23.62482129373747,23.365207156944983,23.460853784664547,3187100
2016-03-23,23.32421875,23.57699954024112,23.27639542768886,23.52917621792998,3674300
2016-03-24,23.016775131225586,23.173909235105945,22.83914606784885,23.173909235105945,4278200
2016-03-28,22.927961349487305,23.05776710012432,22.845976301129863,22.845976301129863,4926000
2016-03-29,22.763996124267578,22.880140317911092,22.504381990983646,22.880140317911092,5329000
2016-03-30,22.9074649810791,23.13975075121094,22.81181835917334,22.90063419644654,4626600
2016-03-31,22.729833602905273,23.009942655525354,22.675176906699054,22.900631869287633,5997100
2016-04-01,22.893798828125,22.907463002384823,22.40873236968758,22.60002820315039,10914800
2016-04-04,23.016775131225586,23.11242435661681,22.777658583184806,22.866474417960628,6145000
2016-04-05,22.586368560791016,22.85964428229538,22.552206815199597,22.763997649460087,4378900
2016-04-06,22.634193420410156,22.798158343256862,22.53171338899937,22.641024206288996,7954500
2016-04-07,22.16278648376465,22.538544828941987,22.012485751868947,22.395072276158263,6992800
2016-04-08,22.19693946838379,22.606854184393647,22.13545200036489,22.360904312318052,5547400
2016-04-11,22.28575897216797,22.620524749600133,22.265264012426695,22.347246457566737,5067500
2016-04-12,22.579532623291016,22.64785350059518,22.24476944611307,22.34041606816391,4104600
2016-04-13,23.37203598022461,23.378869370873947,22.77082791182923,22.825482006149297,5727400
2016-04-14,23.570161819458008,23.8024475764185,23.22856527134992,23.31738110358698,4531200
2016-04-15,23.249065399169922,23.645318734037286,23.228570435702785,23.590662023224372,5637400
2016-04-18,23.39936637878418,23.50184639809563,23.105593103344848,23.22173729897617,5839000
2016-04-19,23.713632583618164,23.775120068701202,23.385700198566933,23.46085185879897,5242100
2016-04-20,24.055227279663086,24.068891453753185,23.69313578788703,23.822941532480872,5026000
2016-04-21,24.00741195678711,24.349008604108896,23.870772776623276,24.082563636185995,9351400
2016-04-22,24.478811264038086,24.526634574966785,24.089388779629438,24.157709656795422,6365200
2016-04-25,24.226030349731445,24.430987789369606,24.075729617290257,24.280687056928418,4223100
2016-04-26,24.704261779785156,24.745254302992645,24.232859490685563,24.314841930925756,6066800
2016-04-27,24.697433471679688,24.936550032258726,24.499306832242745,24.71109504127702,5775400
2016-04-28,24.321672439575195,24.670102367455613,24.232859216227034,24.451480791841323,3597500
2016-04-29,24.171369552612305,24.35583197903834,23.980073736592058,24.150871990004177,4149100
2016-05-02,24.191877365112305,24.308021594364753,23.966424906008932,24.185046578062586,3894400
2016-05-03,23.795623779296875,24.014245425786072,23.658984598697224,23.87760624518642,4579900
2016-05-04,23.3037166595459,23.68630312105261,23.09192586394411,23.570161547002304,4815400
2016-05-05,23.228565216064453,23.40619427394096,23.146582774442592,23.296883483053534,3100300
2016-05-06,23.24223518371582,23.26956353979285,22.996285191373513,23.044108511420575,2682000
2016-05-09,23.044105529785156,23.262727137763378,22.893802196984453,23.037274744737463,3123400
2016-05-10,23.488187789916992,23.55650608153682,23.173916872408796,23.26956612932263,3524800
2016-05-11,23.371082305908203,23.61905176712333,23.27465032156332,23.42618517085906,3059300
2016-05-12,23.23332977294922,23.605284101985934,23.11623449949811,23.46752294742691,3592500
2016-05-13,22.81315040588379,23.39863442416649,22.737381669482254,23.19199146031705,4181900
2016-05-16,23.095563888549805,23.191995888719752,22.81315476194856,22.971579137595604,5292200
2016-05-17,23.157550811767578,23.405520255293563,22.895807623667324,22.999126473420272,6278300
2016-05-18,23.98411750793457,24.05988624968469,23.130003357018683,23.14377710317814,8434200
2016-05-19,24.114992141723633,24.21142676995771,23.811919764284237,23.867025266132284,7800500
2016-05-20,24.163204193115234,24.397394629504834,24.101211834196157,24.19075430896598,3800300
2016-05-23,24.09432601928711,24.287189997608074,23.908348914088474,24.14254201386735,3915300
2016-05-24,24.480052947998047,24.59714816661482,24.204530767903854,24.273412626714524,3329200
2016-05-25,25.0517578125,25.175742530230817,24.65914041554383,24.672916787244393,5719100
2016-05-26,24.886449813842773,25.0310977939751,24.70047271328354,25.010434547548932,3228500
2016-05-27,25.03799057006836,25.044880072217786,24.803797420916563,24.92778218385429,3109300
2016-05-31,25.0517578125,25.230848017033058,24.913996723068625,25.203295273631937,4808300
2016-06-01,25.25840187072754,25.299730991945317,24.604041197347772,24.796905174548158,4486100
2016-06-02,25.437488555908203,25.451264927727106,25.07242389921715,25.189519118316447,3627500
2016-06-03,25.0517578125,25.155079286467092,24.528268825749855,24.962215337807706,5551100
2016-06-06,25.33417320251465,25.4994870767118,24.9277793321705,25.093093206367648,3442800
2016-06-07,25.223962783813477,25.409939891866138,25.210186409782757,25.34106064928723,3992300
2016-06-08,25.217073440551758,25.34105816710912,25.113751959229145,25.168857449954384,2847300
2016-06-09,24.92089080810547,25.051762421979593,24.728026823959453,25.037986047744205,2755500
2016-06-10,24.741796493530273,24.77623873723052,24.500716553074238,24.65225401711762,3397500
2016-06-13,24.638484954833984,25.037989350052808,24.576492576385796,24.638484954833984,4255900
2016-06-14,24.36984634399414,24.783127016112022,24.259637989591077,24.555823434719517,6560200
2016-06-15,24.500713348388672,24.886443830239184,24.32851266270836,24.418057754982822,4818800
2016-06-16,24.49383544921875,24.521385572063053,24.10121795225724,24.259642325805316,4500800
2016-06-17,24.624704360961914,24.796905090758848,24.335408396138874,24.4938327522431,7257300
2016-06-20,24.63159942626953,25.320402574547014,24.604049297295802,25.024219638157142,5197400
2016-06-21,24.790021896362305,24.838237897654388,24.48006001121676,24.70736364194016,3597600
2016-06-22,24.78312873840332,25.1344196989333,24.75557599099418,24.824457859517025,3446100
2016-06-23,25.451271057128906,25.451271057128906,25.05176406089063,25.05176406089063,4210400
2016-06-24,23.777481079101562,24.590268870456907,23.770591577310807,24.23897785122999,8059500
2016-06-27,22.76494026184082,23.426190558782903,22.627179126417442,23.405527308120686,5837900
2016-06-28,23.50196647644043,23.52263236097531,22.944037517940977,23.13001471329943,6794300
2016-06-29,23.887683868408203,23.9083471137939,23.453737322287495,23.5914984225325,6256800
2016-06-30,24.528268814086914,24.5351556861468,23.736144520913825,24.10121180186952,6451200
2016-07-01,24.29407501220703,24.52826806874026,24.18386666957811,24.52826806874026,4442300
2016-07-05,23.570842742919922,24.080555561587374,23.4675212276784,24.039229057550994,4214400
2016-07-06,23.736148834228516,23.7637015826234,23.226436126796692,23.357307740310333,3509200
2016-07-07,23.949674606323242,24.156314928875812,23.701705168230454,23.736144784060173,3763900
2016-07-08,24.25963592529297,24.514492230493644,24.21141993856782,24.335404655167977,3648600
2016-07-11,24.36984634399414,24.54204706197233,24.280301234924643,24.321630353166203,3766000
2016-07-12,24.81068229675293,24.85889829250756,24.583376064559925,24.631592060314556,3380300
2016-07-13,24.728029251098633,24.824461252636763,24.53516262044739,24.776245251867696,4299800
2016-07-14,25.25840187072754,25.334170612506156,25.031098272966318,25.230851750823643,4725100
2016-07-15,25.32728385925293,25.46504496972268,25.127530380450526,25.458155469033144,4390400
2016-07-18,25.265295028686523,25.437495783992414,25.210189525752636,25.265295028686523,2347400
2016-07-19,25.223962783813477,25.320394774453817,25.05176204979153,25.09309117188368,2930400
2016-07-20,25.099977493286133,25.396162959498184,25.086201119558293,25.37549971269373,5104200
2016-07-21,25.203298568725586,25.416828416639945,25.065537461283245,25.396162542600116,5148000
2016-07-22,25.40304946899414,25.40304946899414,24.927773827857468,25.161966898505803,4436700
2016-07-25,25.341062545776367,25.45127091869526,25.24463054791919,25.34794941951979,3333700
2016-07-26,25.478816986083984,25.478816986083984,25.272174041932576,25.3066162843406,2689100
2016-07-27,25.451271057128906,25.70612742821977,25.382389181445642,25.485710681183097,3524500
2016-07-28,25.561477661132812,25.616580530289994,25.210186688403784,25.39616379851185,4059200
2016-07-29,25.39615821838379,25.575248415837432,25.3617186042809,25.458150574798648,3614200
2016-08-01,25.25840187072754,25.53392409036348,25.217075377084385,25.458155348584867,2620300
2016-08-02,25.058652877807617,25.25840374289598,24.94155500613186,25.148195372387814,3083100
2016-08-03,25.582136154174805,25.589025653773227,25.10686315727802,25.127526400924857,3977100
2016-08-04,25.46504783630371,25.733680586793454,25.46504783630371,25.513263836259565,3559600
2016-08-05,26.215843200683594,26.215843200683594,25.719904198445406,25.75434382302863,4946900
2016-08-08,26.17450714111328,26.394923833148294,26.11940165431741,26.243386372033886,3009800
2016-08-09,26.17450714111328,26.27782861506842,26.105627910192673,26.153843897351944,3366400
2016-08-10,25.778772354125977,26.23699980714927,25.757942027749486,26.195341802880257,3876000
2016-08-11,25.820432662963867,25.966234381632123,25.744063613213655,25.86903235302513,3987200
2016-08-12,25.695453643798828,25.709339643761766,25.51494094124799,25.61214029250488,2936600
2016-08-15,26.056486129760742,26.118971815981347,25.806543384878335,25.820429387203372,2339400
2016-08-16,26.035659790039062,26.112031482513995,25.917632736930003,26.00788778396013,2421900
2016-08-17,26.1536808013916,26.23005247622393,25.966226424873277,26.021767775716278,2808000
2016-08-18,26.20922088623047,26.223106883988184,26.028708212346682,26.098135552652,1923100
2016-08-19,26.243942260742188,26.27171426441057,26.01482985168815,26.132856894552706,2165600
2016-08-22,26.236997604370117,26.29948328128555,26.12591225079644,26.22311160411294,2033200
2016-08-23,26.285598754882812,26.410570115720915,26.278654430122977,26.368912112613582,2164500
2016-08-24,26.22311782836914,26.40363057759104,26.160632136622258,26.33420320830978,1874300
2016-08-25,26.320322036743164,26.34809404894791,26.16063693929316,26.243950327422542,2442000
2016-08-26,26.375856399536133,26.570255116790356,26.18145503379802,26.417511754099817,4754500
2016-08-29,26.44528579711914,26.577198844224704,26.29254242264021,26.459171799206686,3373200
2016-08-30,26.611907958984375,26.61884963390416,26.4313926292695,26.514705970723778,2919500
2016-08-31,26.72994041442871,26.736882090761878,26.417512009758088,26.67439640982775,4281100
2016-09-01,26.604969024658203,26.83408407067101,26.361970625993624,26.799367743589862,3889900
2016-09-02,26.722997665405273,26.764653018699992,26.500824304403622,26.500824304403622,3003200
2016-09-06,26.27865219116211,26.716051916828686,26.230052515919564,26.65356624173346,4288400
2016-09-07,26.285598754882812,26.327254109506253,26.112027714661433,26.22311307446376,8663400
2016-09-08,26.542478561401367,26.5702505586688,26.223108538276186,26.32724955530391,4240900
2016-09-09,26.52165412902832,26.709111160768348,26.438340775527337,26.493882128366742,7638500
2016-09-12,26.8757381439209,26.945168146288246,26.327253043395874,26.445282723178472,7196400
2016-09-13,26.22311782836914,26.653573344578575,26.028719075594115,26.549432290656686,6176200
2016-09-14,25.98705291748047,26.27170927986324,25.945394919881696,26.19533760850726,3954800
2016-09-15,26.45916175842285,26.507761423044506,25.79264980205462,25.87596313447988,5070500
2016-09-16,26.271713256835938,26.34808493975295,26.10508388970028,26.271713256835938,5540700
2016-09-19,26.438343048095703,26.64662777399363,26.32725503590056,26.44528472461591,3184800
2016-09-20,26.348085403442383,26.653569492002585,26.30642739880436,26.646627815471575,3043300
2016-09-21,26.57025718688965,26.695228557285045,26.327256122905673,26.521657503789672,4215900
2016-09-22,26.479999542236328,26.716056281328232,26.39668617799333,26.681342600267325,4892600
2016-09-23,26.29252815246582,26.667442059894164,26.292528152465824,26.40361346039096,6215300
2016-09-26,25.709346771240234,26.153688299305664,25.68157741209946,26.084260928727097,5744300
2016-09-27,25.966228485107422,25.99399783849039,25.549656402556447,25.63991408438174,4250900
2016-09-28,26.139801025390625,26.153684378637564,25.86208628773941,26.000943656565017,3133900
2016-09-29,25.882917404174805,26.37586126140865,25.778776350085344,26.042602472566138,4157400
2016-09-30,26.188400268554688,26.313371633556077,25.92457153705353,26.063428903553294,4264500
2016-10-03,26.112030029296875,26.271715082637357,25.994000334272272,26.09120235013894,2513600
2016-10-04,26.57719612121582,26.625795799300835,25.980111335047013,26.188398696535717,10280200
2016-10-05,26.96599769592285,27.070141382466222,26.646627608299674,26.729940968443987,6977400
2016-10-06,27.04930877685547,27.08402245328358,26.79936606899907,26.99376742426724,3793900
2016-10-07,27.000713348388672,27.11179871952679,26.723001244785454,27.03542703027855,3702300
2016-10-10,27.209001541137695,27.257601231647847,27.090974478037182,27.236773549567637,3282200
2016-10-11,26.903505325317383,27.368674339670235,26.84101965862247,27.11873432137391,7485200
2016-10-12,26.8757381439209,27.077081178060535,26.841024466979118,26.931282145814777,4066900
2016-10-13,26.29252815246582,26.61884240320708,26.070357536615543,26.61190073017292,4525400
2016-10-14,26.306427001953125,26.716054771686867,26.132855957972453,26.660513414824702,7965900
2016-10-17,25.98705291748047,26.40362229953405,25.966225242922853,26.348080951219224,4684500
2016-10-18,26.306427001953125,26.361971007299232,26.000942918001364,26.236999643754434,4850500
2016-10-19,26.917394638061523,27.05625198653691,26.112025195084634,26.604966266112807,9843000
2016-10-20,27.04930877685547,27.20899380721178,26.729938716142847,26.99376742426724,7822300
2016-10-21,26.938220977783203,27.028478647089834,26.722994614376596,26.80630795993775,5636300
2016-10-24,27.02153968811035,27.202055062562525,27.014598011470202,27.097911373572114,4018700
2016-10-25,26.9937686920166,27.160395406090583,26.89656933405947,26.96599669017632,3450300
2016-10-26,27.118741989135742,27.22288303075069,26.875740928399416,26.910454608937734,4143300
2016-10-27,27.306201934814453,27.514486688592353,27.202058233683335,27.278429928048244,4423600
2016-10-28,27.18122100830078,27.375619690433446,27.00070567619181,27.347847693419236,5242700
2016-10-31,27.215940475463867,27.417283523964112,27.208996150489945,27.2923121592732,3511500
2016-11-01,27.097904205322266,27.375618870176393,26.854905859937404,27.285361206826302,5341300
2016-11-02,26.81325340270996,27.014596443883192,26.681340366329504,26.952110763811632,5572800
2016-11-03,26.73688507080078,27.063199512991993,26.681343708493205,26.88268677488711,5870700
2016-11-04,26.556367874145508,26.87573793712658,26.542481873778886,26.77853858304397,4514600
2016-11-07,27.31313133239746,27.313131332397464,26.993761343626435,27.07707467798341,5678000
2016-11-08,27.201208114624023,27.348127575624392,27.075276385527506,27.299154421957603,5386400
2016-11-09,28.41153907775879,28.607431619993577,27.453061421892663,27.61397353427634,10663800
2016-11-10,28.97823143005371,29.46796549587707,28.74036341942323,28.78933655912197,14267600
2016-11-11,29.27906608581543,29.384010046372502,28.859295581258706,28.908268717829134,10197300
2016-11-14,29.97869110107422,30.223559499552493,29.356030243839207,29.38401566118009,9672100
2016-11-15,30.06964111328125,30.06964111328125,29.349033994378445,29.69184600151551,8574200
2016-11-16,29.95769691467285,30.19556757312131,29.104160551622087,29.104160551622087,9903100
2016-11-17,30.790241241455078,30.86020476599147,29.971688020646145,30.02066115340383,9424900
2016-11-18,31.126062393188477,31.168037841194177,30.65032107766201,30.783247777739575,7578100
2016-11-21,31.217004776000977,31.293963307173286,30.99312686831891,31.20301207316645,5704900
2016-11-22,31.133060455322266,31.398916550304705,30.916177500358174,31.27298485630439,6328800
2016-11-23,31.21001434326172,31.3849191511313,31.04910224028197,31.21001434326172,4201100
2016-11-25,31.237998962402344,31.28697209385946,31.140050030652603,31.210013553330988,1936200
2016-11-28,30.811229705810547,31.18202702173335,30.776249280148374,31.049100336682915,4308200
2016-11-29,30.88819694519043,31.014128648119247,30.776257950235497,30.881199256785408,3170500
2016-11-30,31.65777587890625,31.69975400107362,31.196027210409348,31.203022229685885,6956900
2016-12-01,32.070552825927734,32.287435796807884,31.566826012960252,31.720743132219464,7133000
2016-12-02,31.62978172302246,32.01457172895787,31.51084774633719,32.007576711614455,4719000
2016-12-05,31.853660583496094,32.07054349124877,31.762712011166116,31.944611824661457,5334700
2016-12-06,32.1824951171875,32.20348284693192,31.82569036735019,32.01458527272283,4213900
2016-12-07,32.525299072265625,32.56027949988589,31.97959425981445,32.18248447638174,4449900
2016-12-08,32.86811065673828,33.091988593777195,32.61624731036062,32.637237701782446,5620400
2016-12-09,33.0570182800293,33.0570182800293,32.427359721446585,32.7841671275889,5052100
2016-12-12,32.79115295410156,33.31586738286264,32.70020437467794,32.86811149733355,4758700
2016-12-13,32.92408752441406,33.08499965442224,32.679219150964734,32.938080231654254,3967700
2016-12-14,32.72819137573242,33.21093042107974,32.44134755742811,32.595264663925626,7596300
2016-12-15,32.8541259765625,33.14096982025633,32.61625527675521,32.889106412362004,4495700
2016-12-16,32.59526443481445,33.10598622143297,32.560284002357065,33.01503496197501,5081800
2016-12-19,32.78416442871094,32.798157136509346,32.46933517533715,32.63024731176461,2754700
2016-12-20,33.33686447143555,33.33686447143555,32.92408893113957,32.98005709365563,3107400
2016-12-21,33.16196060180664,33.47678719649342,33.02203618814796,33.441806760287804,3552900
2016-12-22,33.0989875793457,33.19693384703923,32.917085080341465,33.11298028456416,3573100
2016-12-23,33.2598991394043,33.27389184439275,33.01503080535979,33.15495518640871,2635100
2016-12-27,33.37883377075195,33.4138141994783,33.238909387010935,33.28788518983058,1869200
2016-12-28,33.022029876708984,33.4138149574687,32.95906403603893,33.39282723352392,2716000
2016-12-29,32.686214447021484,33.07100452704171,32.56028275991147,33.03602409591911,2811500
2016-12-30,32.89610290527344,32.97306146253714,32.686217629268135,32.84712976316674,3467500
2017-01-03,32.86811065673828,33.32985923548548,32.665220442285666,33.19693254437973,5674200
2017-01-04,33.11996841430664,33.17593655470429,32.88209781273769,32.938068621970416,4539800
2017-01-05,32.69320297241211,33.161949196630395,32.55327860687672,32.98704440691997,3619500
2017-01-06,32.910099029541016,32.98005990586068,32.644242895620835,32.847133173318774,3374500
2017-01-09,32.69320297241211,32.91708088973463,32.53928590343964,32.777156524199235,3289100
2017-01-10,32.644222259521484,32.98003905747418,32.5392783425461,32.72118077612548,4964300
2017-01-11,32.72119140625,32.7351841109815,32.44134264929103,32.53229389562802,9262600
2017-01-12,32.42036437988281,32.70720823842895,32.27344494061593,32.60226425676043,6288700
2017-01-13,32.54629135131836,33.008039999519745,32.46933279847881,32.6162522163529,4145500
2017-01-17,31.874658584594727,32.28043642028138,31.77670963365627,32.28043642028138,8281700
2017-01-18,32.32240676879883,32.36438221169877,31.68575341940768,31.979592195048802,7225700
2017-01-19,31.685762405395508,32.26644510381944,31.349945422782366,32.22446964901538,7012100
2017-01-20,31.77670669555664,32.11252630148058,31.650777679379882,31.818684813506074,4466700
2017-01-23,31.762718200683594,32.00758389518893,31.58781337065524,31.706747374033284,4494500
2017-01-24,32.15450668334961,32.364391967623305,31.776711570355253,31.930628690946183,5619200
2017-01-25,32.86811065673828,32.89609606607703,32.43434748732983,32.58126688310495,4992700
2017-01-26,33.03602600097656,33.119979574279235,32.79815531925568,32.896101599581456,4147800
2017-01-27,32.86111831665039,33.0570108603137,32.77716208179262,32.88210604094696,3339300
2017-01-30,32.518306732177734,32.73518968922065,32.17549474876344,32.57427756064145,4738400
2017-01-31,32.3154182434082,32.61625479070599,32.16849881393797,32.357396367043755,4107400
2017-02-01,32.14750289916992,32.798148971214836,32.077539377595734,32.60925146621772,5641300
2017-02-02,32.04956817626953,32.147514472900504,31.76971932689267,31.9096437515811,3461600
2017-02-03,32.6092529296875,32.77016503327651,32.28742872250948,32.65822606256957,5359800
2017-02-06,32.48332595825195,32.69321122511848,32.28043571045206,32.343401557395616,3214500
2017-02-07,32.4553337097168,32.65122622836213,32.392367876032885,32.630238506745954,3458400
2017-02-08,32.244083404541016,32.31449963243836,32.039872582949044,32.14549961100197,4193500
2017-02-09,32.68068313598633,32.744058841191794,32.21592885988225,32.377888398472216,3796200
2017-02-10,32.835594177246094,32.92009420166847,32.666591442194,32.849677962351045,2814300
2017-02-13,33.08205032348633,33.39892874047708,32.92009084062596,32.92009084062596,6355200
2017-02-14,33.708770751953125,33.7510221115144,33.04684890273874,33.13134893565368,4474100
2017-02-15,33.98340606689453,34.05382501647449,33.6313193776195,33.80736272225701,4298000
2017-02-16,33.80031967163086,33.97636300325394,33.52569250409215,33.89186295621312,3938300
2017-02-17,33.77214431762695,33.77214431762695,33.3848496144749,33.55385235585063,2635800
2017-02-21,33.79328155517578,34.02565737283322,33.63131931454973,33.87778160830501,3044400
2017-02-22,33.90593719482422,34.10310481111941,33.48343170621085,33.5186398253768,2889400
2017-02-23,34.17353439331055,34.17353439331055,33.61019620806473,33.9411585671128,4300800
2017-02-24,33.87778091430664,34.13128375470949,33.71582136320664,33.87778091430664,5928700
2017-02-27,33.927059173583984,34.06085109160858,33.807348353282286,33.82847537228089,5541200
2017-02-28,33.955230712890625,34.032690190461985,33.673560373759756,33.68060360965212,4610600
2017-03-01,34.997398376464844,35.124149730416924,34.57489296788897,34.610103766592054,5426600
2017-03-02,34.19465255737305,34.997409599016926,34.173525534135074,34.97628257577895,4128500
2017-03-03,34.25098419189453,34.37069503332953,34.138316586771495,34.17352470970852,4560100
2017-03-06,33.96228790283203,34.07495555644585,33.74399314873893,33.955247349697494,3688200
2017-03-07,33.75102615356445,34.05382088449754,33.72990181435775,33.85665322201383,3744500
2017-03-08,33.80031967163086,34.26507395966746,33.75806830500642,34.20169825283483,4060600
2017-03-09,33.856651306152344,34.22986227079401,33.79327560591057,33.90594321898397,4119800
2017-03-10,33.59610366821289,34.103109245998674,33.441187386495415,34.04677409904129,4827900
2017-03-13,33.57497787475586,33.75102117204958,33.49751839415341,33.58906166088426,3492600
2017-03-14,33.4693489074707,33.525684048761974,33.103178547699564,33.34964076153782,3294900
2017-03-15,33.11022186279297,33.77918689308901,33.02572183686099,33.66651929644391,5658600
2017-03-16,33.31443405151367,33.546809803658036,33.201766450369355,33.30739081545043,5887500
2017-03-17,32.97643280029297,33.43414377627058,32.87784629421963,33.34964374298678,7872100
2017-03-20,32.553924560546875,32.94121925768979,32.53280022553046,32.89192735184655,4607200
2017-03-21,30.98362159729004,32.81447088991957,30.892078326796266,32.772222216005254,8864100
2017-03-22,31.046998977661133,31.23008284236738,30.349866271993918,30.821663750542147,5919000
2017-03-23,31.208955764770508,31.49062611704836,30.877993503775162,30.997704343665898,5540100
2017-03-24,31.2723331451416,31.476544027238592,30.990662777683156,31.34979263050306,5079600
2017-03-27,31.10332489013672,31.12445190999706,30.08931658167883,30.462527469322392,5833700
2017-03-28,31.61738395690918,31.800467842893667,30.863918699997463,30.98362687810114,5302100
2017-03-29,31.314577102661133,31.638496068311316,31.208950068284864,31.54695281759902,3287700
2017-03-30,31.849760055541992,31.997635813225603,31.208962419371545,31.279378679351893,3074300
2017-03-31,31.476545333862305,31.814548177118663,31.469502096969233,31.723004900963456,3402100
2017-04-03,31.490617752075195,31.645533987090218,31.054028553396623,31.546950195842427,4082400
2017-04-04,31.36387062072754,31.483578758737536,31.237119247418597,31.286411149682383,3295400
2017-04-05,30.96953010559082,31.807495059639603,30.94136253918406,31.807495059639603,3996300
2017-04-06,31.20191764831543,31.25120956087739,30.71603638705075,30.906163486735917,4813700
2017-04-07,31.03291130065918,31.27233028524133,30.863911244605575,30.920243701220958,4154300
2017-04-10,30.83574104309082,31.208951930733384,30.730114002411078,31.018824869234184,3167700
2017-04-11,30.71603775024414,30.807581028868128,30.40620247378865,30.65266204753644,5156600
2017-04-12,30.4414119720459,30.744206711267964,30.279452432542378,30.554079594579132,4253700
2017-04-13,30.011844635009766,30.568141803768835,30.004804088787676,30.265347278302816,3727500
2017-04-17,30.38507652282715,30.434368434961446,29.934403390701398,30.068198026101133,4802600
2017-04-18,29.976655960083008,30.32170204513262,29.779488303602,30.11749115165852,5436200
2017-04-19,30.018901824951172,30.399153280485397,29.87806665917199,30.230153230516265,4659000
2017-04-20,30.751243591308594,30.828703076216907,30.089321723723554,30.3217001784485,5573400
2017-04-21,30.230148315429688,30.716026737851703,30.223105080871832,30.603359160788326,5561400
2017-04-24,30.79349708557129,31.075167470897487,30.71603759529619,31.06812423385,4976800
2017-04-25,30.73715591430664,31.138534353675812,30.73715591430664,31.032907317544087,3892300
2017-04-26,30.863916397094727,31.180792226647036,30.6737892876386,30.708997414676865,3958200
2017-04-27,30.68785858154297,30.91319371160955,30.490688328079735,30.89910993020456,3815600
2017-04-28,30.40620231628418,30.84278899589355,30.3780347405138,30.645621337916648,3812000
2017-05-01,30.68785858154297,30.856858585989585,30.434355888666406,30.596315345513847,3643800
2017-05-02,30.610408782958984,30.786452076744197,30.434365489173775,30.69490881183779,3779900
2017-05-03,31.089258193969727,31.12446632843753,30.406209103218764,30.4695848197442,4462300
2017-05-04,31.02587890625,31.47654942246436,30.96250319701935,31.36388179341077,3991200
2017-05-05,30.79349708557129,31.173751299899294,30.645621342068576,31.103332360463806,2801300
2017-05-08,30.800535202026367,30.906159564307725,30.66674058244625,30.786451416480702,1844100
2017-05-09,30.610408782958984,30.997703492044952,30.483657396537033,30.863911555802886,2970400
2017-05-10,30.75221824645996,30.794763216992024,30.48986435703175,30.50404601387577,2674500
2017-05-11,30.511144638061523,30.69550352743592,30.23460900887521,30.589142421652593,3753100
2017-05-12,30.49696159362793,30.504053776291936,30.085704259995882,30.305515939702335,3714000
2017-05-15,30.75221824645996,30.808944873836044,30.539498803548586,30.574951593221403,2544200
2017-05-16,31.007490158081055,31.050035138901272,30.70259122439065,30.82313398427703,2921700
2017-05-17,29.787887573242188,31.007483027543415,29.603531441833038,31.007483027543415,5761900
2017-05-18,29.872982025146484,30.085701502693563,29.688623161030748,29.76662093393549,3664200
2017-05-19,29.95806121826172,30.21332560461731,29.87297399110125,29.950971743029257,3594600
2017-05-22,30.06442642211914,30.241693080964478,29.844614791396083,30.071515898328148,3051200
2017-05-23,30.511144638061523,30.667140205243662,30.007707841087708,30.085705624678777,2676200
2017-05-24,30.170785903930664,30.638769792295907,30.05733534629287,30.638769792295907,3219500
2017-05-25,30.22751235961914,30.44023181584516,30.106969621337125,30.241694017350827,2546600
2017-05-26,30.17787742614746,30.284235800117884,30.08569800480675,30.19205908365177,1671200
2017-05-30,29.830425262451172,30.057326309508596,29.58934256184343,29.96514691386844,2558800
2017-05-31,29.532625198364258,29.887158501082318,29.192270847465412,29.85879518769501,4898200
2017-06-01,30.0786075592041,30.092789217526718,29.397904188967107,29.695713603992512,3639600
2017-06-02,29.894254684448242,30.13533749258392,29.64608239881228,29.84462022732105,5191500
2017-06-05,29.95806121826172,30.22750725995642,29.83752120519057,29.89424512167282,3896700
2017-06-06,29.738248825073242,29.908425979731888,29.56098219537112,29.709888220025228,3785300
2017-06-07,29.96515464782715,30.064426248301224,29.759527380460057,29.823343485470406,5977700
2017-06-08,30.759315490722656,31.106756673534086,29.93679819249315,29.965158805975264,6902700
2017-06-09,31.276931762695312,31.34783734891571,30.929487898516005,30.957851214954054,5840200
2017-06-12,31.262752532958984,31.68819149307883,31.262752532958988,31.34075030678511,3675000
2017-06-13,31.404558181762695,31.603095950412154,31.305289297437966,31.47546375488772,3233400
2017-06-14,31.574743270874023,31.596017113874122,30.886950324374144,31.106759297999044,3555900
2017-06-15,31.489652633666992,31.723645947427197,31.362020408865945,31.40456538542458,3167300
2017-06-16,31.43292236328125,31.560551857465274,31.26983467180448,31.518009594362034,4158600
2017-06-19,31.461284637451172,31.773275676069556,31.38328687779657,31.567645710593702,2690800
2017-06-20,31.163482666015625,31.38329161655129,31.113848212354352,31.362020480660707,3359900
2017-06-21,30.95075798034668,31.20601968267195,30.872760222049624,31.170566893866308,2628600
2017-06-22,30.730955123901367,30.936585144427085,30.638775682825155,30.858587363891456,3216900
2017-06-23,30.61040496826172,31.021664909979503,30.48986494009414,30.879851043701837,4055500
2017-06-26,30.808958053588867,31.05004091332103,30.5678751938567,30.68132579226739,3283200
2017-06-27,31.07130241394043,31.376201309724344,30.872764604546173,31.00748630308159,3116300
2017-06-28,31.751998901367188,31.7874543923846,31.305288927189164,31.312378402468124,4461400
2017-06-29,32.34052276611328,32.97159150405624,31.90090230342391,32.489426078574745,5906800
2017-06-30,32.198726654052734,32.56744175327705,32.021459935476166,32.51071510499232,3806800
2017-07-03,32.70215606689453,32.81560663285135,32.37598602787804,32.41853100443992,2771200
2017-07-05,32.71632385253906,32.822684896404404,32.48942281684179,32.75886881105994,3587100
2017-07-06,32.2838020324707,32.780149202670756,32.27671255648368,32.716333099289685,3914100
2017-07-07,32.24125671386719,32.41143117018653,32.07107955267363,32.39724951468089,4054400
2017-07-10,32.15616989135742,32.312165412135066,32.028537684334715,32.15616989135742,2493700
2017-07-11,32.17744445800781,32.3050766679217,32.04981224809393,32.21289724856733,2803800
2017-07-12,32.212894439697266,32.305073851013866,31.97890117363382,32.07817276536863,2548700
2017-07-13,32.305076599121094,32.31216607526808,32.078175494173976,32.248349970447045,2293800
2017-07-14,31.77328109741211,32.02145337059002,31.61728555148605,31.92927393846326,6048100
2017-07-17,31.844173431396484,32.0001689123805,31.59600126153444,31.744904563451666,2344600
2017-07-18,31.631465911865234,31.794550928239453,31.48965203092576,31.631465911865234,3142800
2017-07-19,31.737817764282227,31.886723796314396,31.454192765630125,31.74490994455122,3374500
2017-07-20,32.801422119140625,32.99287043969417,31.92218098571836,32.0923554674051,6200800
2017-07-21,32.81560134887695,33.42539905703317,32.73051411432882,32.73051411432882,5932000
2017-07-24,33.03541946411133,33.12050671539004,32.79433666475918,32.79433666475918,4245300
2017-07-25,33.47503662109375,33.78702768495906,33.43958382880215,33.6310321530264,6146300
2017-07-26,33.148868560791016,33.58848916187933,33.09214192587648,33.475038596925096,5646000
2017-07-27,33.24104690551758,33.496311344554684,33.02832744127824,33.14177800253087,6262500
2017-07-28,33.24104690551758,33.38995025999765,33.08505136946719,33.191412454024224,3667900
2017-07-31,33.55302429199219,33.730290904990824,33.31903376936839,33.31903376936839,3965700
2017-08-01,33.9288444519043,33.9288444519043,33.56722158306783,33.73739880096889,4752400
2017-08-02,33.985572814941406,34.02811779779128,33.75867164949257,33.84375891031707,3370900
2017-08-03,33.9217529296875,34.028114022574435,33.77993904079657,33.900481793060095,2861400
2017-08-04,34.290470123291016,34.48191847964687,34.077750628965106,34.17701954599219,4518100
2017-08-07,34.148658752441406,34.318835983420286,34.113205951576106,34.25501985991262,3223700
2017-08-08,34.21246337890625,34.67335774989828,34.04228620511513,34.04228620511513,3312800
2017-08-09,34.04825973510742,34.14821497944748,33.87691333467118,34.026842115928375,4355600
2017-08-10,33.327178955078125,33.876920662096424,33.31289963136956,33.762688795930444,5226400
2017-08-11,33.06300354003906,33.57704534694171,32.95591002170447,33.469954552108426,4575000
2017-08-14,33.45568084716797,33.655585876526494,33.34858731086775,33.3628666306079,3209700
2017-08-15,33.54849624633789,33.89833006004722,33.51279658397821,33.76268060298673,3315800
2017-08-16,33.427120208740234,33.74125705373273,33.34144701892439,33.584189992987284,3612800
2017-08-17,32.95591354370117,33.45567881017031,32.934495927145875,33.36286459926137,4648600
2017-08-18,32.927364349365234,33.17724841601612,32.76315622051016,32.80599418940807,4394900
2017-08-21,32.75600814819336,32.94163384436574,32.75600814819336,32.94163384436574,5089900
2017-08-22,32.93449401855469,32.99160856722615,32.827400494981205,32.89165606442501,3875000
2017-08-23,32.94877243041992,33.112980498148715,32.648912206761985,32.71316777443859,3294700
2017-08-24,32.94877243041992,33.07728356577313,32.8559582274423,32.95591072749449,3775100
2017-08-25,32.94877243041992,33.1486774305243,32.94877243041992,33.07728356577313,3530200
2017-08-28,32.9416389465332,33.07729113349809,32.87738336415562,33.07015011128837,3320500
2017-08-29,32.89165496826172,32.9844691706988,32.48470394984704,32.61321508445182,5024100
2017-08-30,33.05586624145508,33.19151840975247,32.83454360644626,32.91307577543227,4387300
2017-08-31,32.905941009521484,33.262915851142026,32.884523390544864,33.262915851142026,4276800
2017-09-01,33.048728942871094,33.21293703053616,32.86310051437897,32.87024153582189,3076400
2017-09-05,32.39903259277344,32.9559123917587,32.32763600091539,32.8773775024656,5577100
2017-09-06,32.17770767211914,32.620355653532485,32.04919652856341,32.60607633497057,3991500
2017-09-07,31.171035766601562,32.16342515830363,31.113921221529427,32.15628686148259,5293000
2017-09-08,31.39236831665039,31.649390637337845,31.09964905664566,31.15676361485293,6016700
2017-09-11,31.89926528930664,31.999217787968984,31.60654609029493,31.763615858765082,4031400
2017-09-12,31.97780990600586,32.234832251363244,30.72125682281467,31.97780990600586,5956200
2017-09-13,31.920682907104492,32.07775267559123,31.84214802286112,31.84214802286112,4703000
2017-09-14,31.463764190673828,31.942111923067607,31.37094996376123,31.877856338820745,4434700
2017-09-15,31.51373291015625,31.62082643276677,31.32810722426628,31.44233904408351,7616100
2017-09-18,31.585140228271484,31.77076597721305,31.513743614446007,31.563719882372673,4485500
2017-09-19,31.877849578857422,31.992081401794476,31.542292407447928,31.58513036236238,5940500
2017-09-20,32.02778244018555,32.16343189621264,31.627969646918864,31.920688900926056,4183500
2017-09-21,32.29907989501953,32.40617069691559,31.984940339720875,32.06347522854554,3360200
2017-09-22,32.284812927246094,32.31336885124151,31.87786173265917,32.19199868462903,2953000
2017-09-25,32.36334228515625,32.48471243091384,32.1491551892277,32.22769009460122,3237500
2017-09-26,32.26337814331055,32.44900654548346,32.227681211662315,32.36333336482744,2816000
2017-09-27,32.898807525634766,33.16296818451225,32.570388553419654,32.77743464550037,4779300
2017-09-28,33.05586624145508,33.07014556040752,32.756008713958636,32.927355094384716,3075400
2017-09-29,33.51279830932617,33.69128573630629,33.01303569258344,33.07015025299604,4126300
2017-10-02,33.669864654541016,33.684143974051416,33.31288983728613,33.52707418293871,2737700
2017-10-03,33.4699592590332,33.726981560380565,33.34144810835952,33.60560870763245,2046800
2017-10-04,33.1058464050293,33.45568295191724,33.04873184597731,33.37714805015656,2791700
2017-10-05,33.99828338623047,34.07681828768522,33.170101856938274,33.37000962159634,4513100
2017-10-06,34.04825973510742,34.34097899906278,33.86977231261021,34.09109769696745,3154300
2017-10-09,33.89833450317383,34.12679821001139,33.79838197187017,34.12679821001139,2008800
2017-10-10,34.062530517578125,34.148206419822564,33.86976382278001,33.912601773902225,1928800
2017-10-11,33.80551528930664,33.97686440593444,33.71270379448915,33.93402644590204,2568400
2017-10-12,33.448543548583984,33.998285164011456,33.39142898676795,33.86977399554778,2602800
2017-10-13,33.34144973754883,33.68414524825682,33.098706743692944,33.39142599597488,2841800
2017-10-16,33.57704544067383,33.605604075442955,33.37000214735098,33.41997839644629,2537800
2017-10-17,33.21293258666992,33.69127746627878,33.19151497221022,33.69127746627878,3007900
2017-10-18,33.22721862792969,33.44854128480318,33.19152168877286,33.384285704920124,4246600
2017-10-19,33.37000274658203,33.534210814201224,31.85642775865481,31.85642775865481,5188000
2017-10-20,33.91261291503906,34.233890845250386,33.71984615691227,33.76982242122268,5140300
2017-10-23,33.84834289550781,33.9768540127931,33.719831778222535,33.862622211150736,3911000
2017-10-24,33.969722747802734,34.21960401452198,33.90546717586043,34.06253423344043,4044500
2017-10-25,34.11251449584961,34.162490755066905,33.80551591865659,34.126793816126245,4712300
2017-10-26,34.71223068237305,34.776486258817144,34.20532709237058,34.26958266881468,4109700
2017-10-27,34.797908782958984,34.93355824240551,34.46948985858534,34.51946611856574,3630600
2017-10-30,35.06206512451172,35.24769082128557,34.755066580096,34.86216010898579,7080000
2017-10-31,35.154884338378906,35.354789382358085,34.99067351110805,35.0406524956048,5214200
2017-11-01,35.37621307373047,35.63323544496281,35.2334225648789,35.2334225648789,7689800
2017-11-02,35.40476608276367,35.51185962822564,34.912141765342994,35.304813559533564,6312400
2017-11-03,35.36907196044922,35.37621025974789,34.96212081286954,35.33337501695143,5291900
2017-11-06,35.32622528076172,35.37620153403218,35.10489992806288,35.240552092798296,2897900
2017-11-07,34.43379211425781,35.38334647869469,34.38381585544554,35.326229198051045,5715600
2017-11-08,34.09111022949219,34.36241197400405,34.01257529896221,34.36241197400405,5981800
2017-11-09,33.609413146972656,34.17016825344374,33.49438638814643,33.954493423451346,6675400
2017-11-10,33.163692474365234,33.76758378357441,33.14212306665623,33.65974497239406,7960300
2017-11-13,33.422508239746094,33.47283229422178,32.876128873359605,33.041479729844774,6295800
2017-11-14,33.67412567138672,33.68131364608175,33.19244909316809,33.307478627929,4422000
2017-11-15,33.65972900390625,33.84664915561488,33.2643247879199,33.38653948965327,3681300
2017-11-16,33.6237907409668,34.02638575499069,33.58784539421295,33.796329502366916,3241100
2017-11-17,33.65972900390625,33.81789178728223,33.30746084041887,33.37216080548695,2671700
2017-11-20,33.77477264404297,33.853854075322886,33.6238004983931,33.79633930986296,3578700
2017-11-21,33.48001480102539,33.84666455798144,33.336230636384876,33.79633776927065,4267500
2017-11-22,33.422508239746094,33.63818315070696,33.379372160571805,33.53753504175557,2652500
2017-11-24,33.31465530395508,33.566275469769934,33.3002766169865,33.508763464349734,1019500
2017-11-27,33.422508239746094,33.50158693788269,33.28591202692183,33.35780549221231,3159000
2017-11-28,34.170169830322266,34.270817906133125,33.444063895933674,33.51595459509732,14201300
2017-11-29,35.313255310058594,35.737417086816805,34.44336509173483,34.44336509173483,12575700
2017-11-30,35.5289306640625,36.03217387516595,35.29168912062172,35.586445427596544,9456300
2017-12-01,35.658329010009766,35.82368255088183,34.65903350427185,35.62238366121535,14865900
2017-12-04,36.11844253540039,36.74390044498099,36.06811575093669,36.12563050892115,7563400
2017-12-05,35.80930709838867,36.32692620119665,35.694280326380834,36.262223470538835,4915800
2017-12-06,35.50017547607422,35.87401320590305,35.50017547607422,35.794931778493414,3813900
2017-12-07,35.64396667480469,35.75180276236422,35.241371484198474,35.42110103925307,4261900
2017-12-08,35.80930709838867,35.88119780247311,35.48579344509958,35.758983057038655,3680800
2017-12-11,35.76618194580078,35.967478172633626,35.658343114308664,35.80931802688871,3035500
2017-12-12,36.14720153808594,36.348500472891416,35.766175819006726,35.96028403696829,3943200
2017-12-13,35.5289306640625,36.16157935066269,35.51455471563386,36.02498590095163,3301700
2017-12-14,35.20542526245117,35.672720448715026,35.133531796710756,35.658341755566944,3430000
2017-12-15,35.60800552368164,35.90276177627943,35.241358572383646,35.43546674981942,8890500
2017-12-18,35.95307922363281,36.07529667996583,35.780540481397075,35.9243245948961,4117200
2017-12-19,35.96746063232422,36.23346222229524,35.87400328255998,36.18313819012862,3174100
2017-12-20,35.83087158203125,36.3988174341036,35.6870874401522,36.28379066909123,2925900
2017-12-21,36.226287841796875,36.377260006368545,35.96747684969956,35.974667567510764,2791300
2017-12-22,36.26942443847656,36.434775298573136,36.017801418147165,36.35569385625405,2386200
2017-12-26,35.97465896606445,36.362875361388916,35.830874811227105,36.168767163726685,1515000
2017-12-27,35.931514739990234,36.03216280279167,35.70864921346276,35.96746008492588,2299700
2017-12-28,36.03217697143555,36.04655566355463,35.773365998202266,35.96028625329524,1696400
2017-12-29,35.744606018066406,36.132819677482644,35.744606018066406,36.06811694383749,2626300
2018-01-02,35.888389587402344,36.0177950624614,35.694284117268616,35.94590435074186,2503400
2018-01-03,36.276615142822266,36.39883267445151,35.773371806762626,35.888398619937206,3410700
2018-01-04,36.71514892578125,37.124932043231354,36.46352867557681,36.46352867557681,3809900
2018-01-05,36.83016586303711,36.9092472755002,36.420382855232305,36.87330192686815,3345000
2018-01-08,37.02427673339844,37.06741280037146,36.743899154210084,36.916437937193145,3524300
2018-01-09,37.44844436645508,37.8654154431414,37.1968241255629,37.2327694824825,4102000
2018-01-10,37.894168853759766,38.36146667209937,37.484385794427034,37.51314317393047,4035700
2018-01-11,38.217681884765625,38.303951279394056,37.91573763233882,38.1314124901372,3624500
2018-01-12,38.20330810546875,38.75687538185505,38.0379572684892,38.43336168234943,4418400
2018-01-16,38.160160064697266,38.53399492618949,37.9516732339949,38.267996094662905,4033100
2018-01-17,38.3039436340332,38.447727758018075,37.89416066327144,38.361458380608774,4853200
2018-01-18,38.922218322753906,40.04373133936909,38.15297631690358,39.03724508785897,7884400
2018-01-19,39.39672088623047,39.64115320920981,39.03007377298924,39.109155221961316,5762900
2018-01-22,39.4542236328125,39.633953146592226,39.080385915056105,39.403899588350555,3551100
2018-01-23,39.44702911376953,39.756164067066244,39.18103022690532,39.26729961731584,5095800
2018-01-24,39.540489196777344,39.93589354025423,39.43984111761463,39.64832799156853,4533900
2018-01-25,39.317626953125,39.74897942624904,39.15227613161993,39.74178871001355,4944400
2018-01-26,39.8640022277832,39.8640022277832,39.24573233102491,39.42546182461956,4263900
2018-01-29,39.82086944580078,40.15157108309664,39.748978739416344,39.79211206626515,3917200
2018-01-30,39.56206130981445,40.00779249674226,39.41827988688791,39.475791907567555,4390800
2018-01-31,39.677093505859375,40.00060723648331,39.49017598508511,39.56206670635478,3703100
2018-02-01,40.043739318847656,40.10844205851591,39.56206275854956,39.56206275854956,3413300
2018-02-02,39.619571685791016,40.25222029794173,39.49735419889103,39.95027330983054,4409800
2018-02-05,38.02357482910156,39.569249717461254,37.92292674194413,39.08757320290894,6967900
2018-02-06,38.613094329833984,38.699366484974476,36.729529488549574,37.182448704444,7401400
2018-02-07,38.69216537475586,39.07319102568959,38.31832769692556,38.418975775100165,4510800
2018-02-08,36.941646575927734,38.75002952074257,36.91994686358944,38.73556212605925,4861700
2018-02-09,37.918190002441406,38.221999914182234,36.71742327567937,37.5637483246809,7494000
2018-02-12,38.337730407714844,38.807911224011995,37.90371946911306,38.12795725832847,3681700
2018-02-13,38.57643508911133,38.648769319628755,37.99051788817366,38.09178691464768,2240700
2018-02-14,39.59635925292969,39.66146115766877,38.446227442121774,38.511329346860855,3118100
2018-02-15,39.66145706176758,40.10270019346042,39.45891629051062,39.78442578059014,3804500
2018-02-16,39.755496978759766,39.972502418375214,39.458922234098075,39.48062470962133,2857700
2018-02-20,39.495086669921875,39.99420218251139,39.328715752183264,39.603590762060556,2901200
2018-02-21,39.84953689575195,40.39928423775163,39.473392815699924,39.55296212716514,3799100
2018-02-22,39.29255294799805,40.211212014842914,39.19128392256812,40.095475591583856,3684300
2018-02-23,40.044837951660156,40.052070270322936,39.40105397509561,39.45892080251916,3275000
2018-02-26,40.35587692260742,40.37757663627056,39.842296797173724,40.18950601265173,3247600
2018-02-27,39.74826431274414,40.645220857821954,39.74826431274414,40.109940962069615,3660000
2018-02-28,39.31425476074219,40.37035278357321,39.299790121516,39.88570458827162,4090000
2018-03-01,38.98149871826172,39.62528254568367,38.655989266370526,39.292540776805176,4181600
2018-03-02,39.27085876464844,39.36489272472725,38.18582860893656,38.771743127021374,3584000
2018-03-05,39.759517669677734,39.87535285982616,38.62291110214421,38.898014155420846,3018500
2018-03-06,39.99842071533203,40.027379510775674,39.37582042160743,39.962223601858845,2954700
2018-03-07,39.83192825317383,39.940519638492226,39.252765913150746,39.57854283076981,3022400
2018-03-08,39.83192825317383,40.07807259289162,39.26000423417309,39.976719528595574,2176100
2018-03-09,40.56310272216797,40.599302596682755,39.91154640584219,40.18664667284826,2543600
2018-03-12,40.251800537109375,40.765809455499166,40.19388571181883,40.62101824977898,2878700
2018-03-13,40.0925407409668,40.51243228397867,39.96946722482778,40.46899684671098,3552500
2018-03-14,39.54233932495117,40.273533905155325,39.29619502493147,40.273533905155325,3271600
2018-03-15,39.535099029541016,39.81020211856057,39.21655773857208,39.81020211856057,2686900
2018-03-16,39.846397399902344,40.172176995325394,39.46994128537606,39.578532642741635,7622000
2018-03-19,39.78847122192383,39.947741825718424,39.2599856640248,39.81019169804473,4405400
2018-03-20,39.564048767089844,40.15044916991968,39.51337225725671,39.93326373325446,3209100
2018-03-21,39.61473083496094,40.09253996732721,39.24551305533155,39.64368687202628,3029500
2018-03-22,37.8699951171875,39.28894280998129,37.717962837367665,39.0645163105615,5162700
2018-03-23,36.68994903564453,38.0003053446541,36.61031374039225,38.0003053446541,5643400
2018-03-26,37.80485153198242,37.87724577516896,36.89266860251729,37.33428066627988,4246400
2018-03-27,37.34150695800781,38.65910154612846,37.05916289341431,38.62290167720926,7194300
2018-03-28,37.3053092956543,37.63832988243774,36.89265617286033,37.42838278160223,4406400
2018-03-29,37.674537658691406,37.906202538424864,37.17500801791478,37.522508099178175,3627300
2018-04-02,36.870948791503906,37.81932878879412,36.29178659385703,37.551464028531086,5051200
2018-04-03,37.60212707519531,37.69624176161093,36.92161208199998,37.02296508506501,4278300
2018-04-04,38.1306266784668,38.224741399720514,36.95782286911269,37.037458190045584,4261900
2018-04-05,38.289894104003906,38.463644131595615,37.89172029444903,38.34057062003836,4770100
2018-04-06,37.00849533081055,37.91343703914574,36.61756261167356,37.71073098021079,4134500
2018-04-09,37.38495635986328,38.20302454571526,37.211209075402955,37.29084163647702,3956100
2018-04-10,38.058231353759766,38.20302259117778,37.587660522567006,38.00031651579045,3798300
2018-04-11,37.79036331176758,38.05098694507799,37.58765450715797,37.71796632381318,2860600
2018-04-12,38.40572738647461,38.659112733926406,37.99307416866835,38.10166828352813,3112600
2018-04-13,37.6093864440918,38.731513863505505,37.43563638172168,38.70255505949989,2683400
2018-04-16,37.64556884765625,37.9930660748505,37.47181885322789,37.935151251149364,2757200
2018-04-17,36.98677444458008,38.05098668613455,36.776827323435114,37.971351380758,3541400
2018-04-18,36.65376281738281,37.290839845355535,36.51620989865664,37.175007407391114,4874500
2018-04-19,37.90620803833008,37.985843370104796,37.00850442786548,37.102619161932296,3927300
2018-04-20,38.159576416015625,38.55051184683892,37.92791158923054,38.022026288131535,4892400
2018-04-23,38.75322723388672,38.898018475991904,38.31885626923441,38.49984463145008,6637200
2018-04-24,39.107967376708984,39.60025596474332,38.89078188473228,38.99213493021051,9402500
2018-04-25,38.94145202636719,39.19483459854249,38.56499594651894,39.013846257942156,4469300
2018-04-26,38.6011962890625,38.98489071947691,38.57223748934662,38.87629936303708,3791000
2018-04-27,38.66634750366211,38.89801234987983,38.36228842862491,38.557753398770075,4758100
2018-04-30,38.2247428894043,39.00661396722005,38.21750456979341,38.796666796881006,4060800
2018-05-01,38.420204162597656,38.5794747837403,37.83380095338753,38.13786279723596,2768700
2018-05-02,38.26817321777344,38.93420895146087,38.181299592001764,38.2536938198677,4741500
2018-05-03,37.971351623535156,38.29713116503912,37.48630147025976,37.99306933908118,5116000
2018-05-04,38.44917297363281,38.68083788563449,37.56594877058668,37.71797835127585,3620200
2018-05-07,38.898014068603516,39.0500436128396,38.35504904347785,38.49984026917728,3573100
2018-05-08,39.25275802612305,39.75952324577936,38.8256253683675,38.89801961070031,4079800
2018-05-09,39.759517669677734,39.97670588954309,39.187596607466034,39.412020384221265,2628000
2018-05-10,40.12034225463867,40.26612893572239,39.5882232322353,39.80690186353605,2246900
2018-05-11,40.134918212890625,40.397330882525914,40.032865597274764,40.12033926780265,1803600
2018-05-14,40.0911865234375,40.41191501459107,40.01829456929117,40.251552159339184,1938300
2018-05-15,40.44837188720703,40.747233408205304,39.95269871374887,40.076615616788224,3728800
2018-05-16,40.31715774536133,40.43378654534655,40.03287243853805,40.30986688124667,3211500
2018-05-17,40.404624938964844,40.47751688951665,39.923530835633755,40.21510141849066,2841000
2018-05-18,40.02558135986328,40.44107160250911,39.9891353839671,40.44107160250911,3195100
2018-05-21,39.967262268066406,40.28799070001964,39.71213491434628,40.17865000833254,3946300
2018-05-22,40.477516174316406,40.84198148193503,39.98184313350311,40.062025946083146,3850000
2018-05-23,40.287986755371094,40.56498110804805,40.07659625515318,40.32443272214856,3317800
2018-05-24,40.06203079223633,40.273421363582166,39.52991171242265,40.20052940550082,3517000
2018-05-25,39.95269012451172,40.076607000910776,39.67569569756412,39.81419152071304,2556000
2018-05-29,38.24699401855469,39.8214841905018,37.9772876624247,39.63925151883824,6418000
2018-05-30,38.69894027709961,38.86659404472406,38.137663169495696,38.618757435920394,4456700
2018-05-31,38.268856048583984,38.76452907318903,38.16680621069168,38.669767317724954,4863100
2018-06-01,38.77911376953125,39.08526332860928,38.64790602116925,38.86658467488927,3253700
2018-06-04,39.08525848388672,39.10712829300286,38.84471282880596,39.04881250955928,2322400
2018-06-05,38.8665771484375,38.983205926546525,38.58958275768504,38.8665771484375,2907600
2018-06-06,39.646541595458984,39.74859145181718,38.94676876844566,39.005081780371746,2882300
2018-06-07,39.668399810791016,39.98913103737506,39.376829254663924,39.79231945214833,2852200
2018-06-08,39.79960250854492,39.80689337040085,39.4278491927153,39.631948834296345,2466200
2018-06-11,39.50804138183594,40.062027446680986,39.486171571717904,39.8579277565775,2546100
2018-06-12,39.362247467041016,39.79231657836984,39.15085695217702,39.61008395120761,3205900
2018-06-13,39.20917510986328,39.87250180181042,39.18001722038993,39.493457580605,3904500
2018-06-14,38.225120544433594,39.39141119971788,38.14494051233029,39.31122838696494,5731700
2018-06-15,38.13765335083008,38.26157301365369,37.7002960505524,38.07934034176301,8705500
2018-06-18,38.108489990234375,38.246988580622975,37.641974862008475,37.81691942541794,4350900
2018-06-19,38.072044372558594,38.10120226350723,37.707579077649186,37.84607488868093,4199500
2018-06-20,37.88981246948242,38.40735253106541,37.87523352372168,38.2688567173128,2515400
2018-06-21,37.94812774658203,38.246989179068585,37.47432174794868,37.75131615241046,3108700
2018-06-22,37.620113372802734,38.21054545235358,37.56908844693167,38.13765349558061,4474100
2018-06-25,37.69300079345703,37.809629578648185,37.153593704691545,37.5472141168057,5259800
2018-06-26,37.488895416259766,37.69299506415894,37.21190105079006,37.61281226515594,5900900
2018-06-27,36.94949722290039,37.802347611864704,36.94949722290039,37.36498751115351,5100800
2018-06-28,36.92033767700195,37.343115998241814,36.67250115053387,37.02967560357189,3282900
2018-06-29,36.76726150512695,37.532640922974885,36.76726150512695,37.28480438724265,4890600
2018-07-02,37.29209518432617,37.29938326797379,36.5558763873175,36.61418939844838,3088500
2018-07-03,36.79641342163086,37.53263482611743,36.730809561633535,37.37955729902411,1676000
2018-07-05,37.02967834472656,37.29938192034374,36.825578642167606,37.08799413440049,3673800
2018-07-06,37.32853698730469,37.51076964525558,36.716235145363704,36.9422046422567,2999500
2018-07-09,38.32717514038086,38.3854881467909,37.416011822444645,37.46703674579709,2939500
2018-07-10,38.13765335083008,38.567722567718086,37.97728770975831,38.4365148215048,3052900
2018-07-11,37.80963134765625,38.210542641717765,37.72216044983276,38.006442953246385,2747800
2018-07-12,37.57637405395508,38.13036289925985,37.313958577826476,38.086626059688506,3141200
2018-07-13,37.12443161010742,37.525342840021366,36.98593581232603,37.525342840021366,3676400
2018-07-16,37.6419792175293,37.722162035842786,37.25564685363682,37.25564685363682,2449600
2018-07-17,37.904388427734375,38.07933298242502,37.52534420977911,37.67841895722757,3945900
2018-07-18,38.618751525878906,38.669776456884215,37.248360911585884,37.78777090019224,5804000
2018-07-19,36.82558059692383,37.678428211301224,36.26430360444338,36.75997672038325,8124100
2018-07-20,36.40279769897461,37.00781150707478,36.23514397376189,36.810999886872914,6925300
2018-07-23,36.993228912353516,37.10256961745777,36.293456185505306,36.3153232142663,4984000
2018-07-24,37.06612777709961,37.54722196414257,36.94221088346968,37.08070672587669,5452400
2018-07-25,36.942203521728516,37.19732812286147,36.65792102885191,37.00051652456622,4543600
2018-07-26,37.21919631958008,37.55450371815705,37.04425175734673,37.04425175734673,3368500
2018-07-27,37.408721923828125,37.57637564497564,37.13172748944753,37.313960157736105,3049800
2018-07-30,37.49618911743164,37.80962949833889,37.41600908706081,37.45245506098384,3698400
2018-07-31,37.03696060180664,37.66383851122294,36.9640658816541,37.66383851122294,5439300
2018-08-01,37.255638122558594,37.55449951490998,37.146297435819406,37.168167241556745,3796000
2018-08-02,37.408721923828125,37.53264158420228,36.913048843631195,37.09528151191978,2542900
2018-08-03,37.612823486328125,37.63469329844836,37.343119902478385,37.343119902478385,2587400
2018-08-06,37.48161315917969,37.68571563458571,37.15359658707853,37.52534999976307,2379600
2018-08-07,37.69300079345703,37.97728328356987,37.59095095399597,37.59095095399597,3028000
2018-08-08,37.91168975830078,38.02831857530176,37.56180330729784,37.67114403977078,2046800
2018-08-09,37.6141471862793,37.90066074538482,37.518641732420015,37.827196736245256,2404000
2018-08-10,37.2835578918457,37.41579536570917,37.004389580081416,37.143975137199874,2589600
2018-08-13,37.107234954833984,37.47456059518166,37.063157671574494,37.26885913337807,2690100
2018-08-14,38.091678619384766,38.209222745636076,37.136632243283685,37.136632243283685,3963600
2018-08-15,37.70965576171875,38.00351462507475,37.540683482260185,37.819851784550046,2347200
2018-08-16,38.34880065917969,38.53246349490136,37.885969528468785,37.885969528468785,2746600
2018-08-17,38.51777267456055,38.62062342095895,38.22391099701713,38.253297725266,2686700
2018-08-20,38.41492462158203,38.613280847460466,38.30472578415861,38.49573672869615,1982300
2018-08-21,38.72346878051758,38.99529177529725,38.29737249007399,38.48838059217513,2681700
2018-08-22,38.70877456665039,38.82631865823506,38.40022237716772,38.61327191893749,1839900
2018-08-23,38.2092170715332,38.71612831772457,38.106366326645855,38.664702945280894,2278800
2018-08-24,37.98883056640625,38.385543071702585,37.93740518266116,38.37819778937038,2042700
2018-08-27,38.38553237915039,38.56184993321427,38.018206710450386,38.14309609262161,2174700
2018-08-28,38.29001998901367,38.50306951088504,38.17982398983575,38.481030871543844,1504600
2018-08-29,38.20186233520508,38.36348649572196,37.95942609442975,38.36348649572196,1824300
2018-08-30,37.85658645629883,38.23126024672133,37.797815800480684,38.09902276803959,1950200
2018-08-31,37.95208740234375,37.98147412798741,37.60680038221173,37.753731207957635,2022600
2018-09-04,38.30471420288086,38.34144620342527,37.7684191480108,37.944736674084794,2908800
2018-09-05,38.43696594238281,38.62797690021021,38.304728449263244,38.31207653358825,2142300
2018-09-06,38.38553237915039,38.554501850455694,38.28268164030998,38.49573120074937,1932600
2018-09-07,38.18718338012695,38.569202483883124,37.98882714534166,38.54716383639797,1898900
2018-09-10,38.02555847167969,38.363500274360376,37.98148117750568,38.31942017771343,1327400
2018-09-11,38.106353759765625,38.31940326247051,37.94473241501683,37.94473241501683,1402400
2018-09-12,37.22478103637695,38.14309518630698,37.210090476153766,38.01820580710324,2713800
2018-09-13,36.70317840576172,37.37905906144778,36.68113976347458,37.35701761668833,3919800
2018-09-14,36.886844635009766,36.96031145353295,36.67379506500139,36.74726188352458,3821600
2018-09-17,36.90887451171875,37.085189215958636,36.80602099802851,37.03376386034936,2728000
2018-09-18,36.776641845703125,36.967649933781445,36.65909776016137,36.94561129351489,2489000
2018-09-19,37.44518280029297,37.59211083849336,36.74726340895035,36.86480752099428,3382400
2018-09-20,37.8859748840332,38.04759909910668,37.636193280043685,37.636193280043685,2625800
2018-09-21,37.790470123291016,37.98882635394408,37.6729260016973,37.93005569438368,4819600
2018-09-24,37.23213195800781,37.775772406835856,37.20274523037587,37.73169511786053,2643100
2018-09-25,36.96030807495117,37.401097735906916,36.92357326781126,37.39375245596233,2310600
2018-09-26,36.54890060424805,37.18804642308741,36.49012715758723,37.12927577889877,2796400
2018-09-27,35.9244499206543,36.548902408657504,35.89506319587308,36.548902408657504,3251600
2018-09-28,35.65996551513672,35.88770556541952,35.564460086243386,35.696697510104435,3312200
2018-10-01,35.520389556884766,36.00525930719325,35.39550017993625,35.93914057749335,2340800
2018-10-02,35.46162414550781,35.68936709309399,35.15306909385968,35.476317510107506,2997800
2018-10-03,35.96852493286133,36.18157447035623,35.483655214494526,35.64527938810751,4239400
2018-10-04,36.284427642822266,36.82807084366675,35.94648871383716,35.99056880119396,4017300
2018-10-05,35.99057388305664,36.62971982637964,35.92445514392166,36.42401832794758,3223600
2018-10-08,36.54155731201172,36.732565419103224,35.92445010087189,35.95383402332819,3573800
2018-10-09,36.313812255859375,36.49012699008813,36.15953616279118,36.424011066606475,3405700
2018-10-10,35.799560546875,36.8501122191117,35.77752190279826,36.47544125744449,4094300
2018-10-11,34.85186004638672,35.9097598146656,34.74900930279796,35.667323516944165,6866800
2018-10-12,34.44045639038086,35.40284787417583,33.742537040948555,35.27795848871062,5779500
2018-10-15,34.37432861328125,34.72696083547,34.25678453921834,34.462485968210494,4365400
2018-10-16,34.594730377197266,34.63146238228477,34.10251254111326,34.602075657225825,3825600
2018-10-17,35.05020523071289,35.3807988043384,34.24943537569632,34.49921687549429,5117800
2018-10-18,35.46896743774414,36.4387070271666,35.35877141313448,35.70405565321185,5202200
2018-10-19,35.939144134521484,36.19627379879119,35.10164201041368,35.388155599979754,5851000
2018-10-22,34.58738708496094,36.108115163255334,34.5580003582131,35.91710424186687,6734400
2018-10-23,34.602073669433594,34.822471292242064,33.874770482076656,33.992314573087484,6189600
2018-10-24,33.83803939819336,34.57269068758336,33.77926594985547,34.57269068758336,6351600
2018-10-25,34.53596115112305,34.88124820661627,34.04374605730927,34.19067689810252,5963500
2018-10-26,34.14659881591797,34.52861790348734,33.896817212602336,34.234756204596174,8930500
2018-10-29,35.09428787231445,35.38080138956783,34.63880491674426,34.712268915152656,7159000
2018-10-30,35.46896743774414,35.56447290105058,34.67554541115875,35.270611230479645,6667100
2018-10-31,36.115455627441406,36.53420661910079,35.70404991525317,35.74812999949653,6567800
2018-11-01,36.14484405517578,36.416664247984194,35.961181232540206,36.29177487377869,4756500
2018-11-02,36.12279510498047,36.6517448210539,35.82158825054347,36.43135004018053,4216400
2018-11-05,36.534210205078125,36.62236757974569,36.15953926088666,36.269735278603015,5007900
2018-11-06,36.71052551269531,36.79868288197364,36.28442642331763,36.45339588213119,4853700
2018-11-07,36.84276580810547,36.99704191685394,36.159539837965134,36.76195371234033,3967800
2018-11-08,37.12791061401367,37.27603768943625,36.690937295426004,36.690937295426004,6589000
2018-11-09,37.594505310058594,37.75004028580784,37.15012693008919,37.17975290883084,8034400
2018-11-12,37.43157196044922,37.8537323127988,37.372319996819535,37.609322200760026,8184300
2018-11-13,37.824092864990234,38.031469013286596,37.327870560055906,37.37971459713,5279200
2018-11-14,37.416748046875,38.3425385186644,36.809429723404214,38.03887935692901,5691200
2018-11-15,38.016666412353516,38.04628956422331,36.79462169480857,37.08346790888207,5780100
2018-11-16,38.0759162902832,38.29810547276462,37.66116107777282,37.73522602212578,4894200
2018-11-19,38.24626922607422,38.59436747231855,37.91298397172212,38.053705982053735,4226400
2018-11-20,37.72781753540039,38.26107382539389,37.557472403938846,37.94260163279096,5243500
2018-11-21,37.34269332885742,38.00185869832489,37.113099037233845,37.85373161726154,3766600
2018-11-23,37.30565643310547,37.61672353723984,36.86868316618744,37.00940514257934,1407100
2018-11-26,37.86113357543945,38.201826681356145,37.720414413951126,37.757445474838704,3191700
2018-11-27,37.735233306884766,37.95742253225965,37.4019480561778,37.66857625674337,3977000
2018-11-28,37.72040939331055,38.031473653709696,37.246405096347004,37.794471505227925,3846900
2018-11-29,37.47600555419922,37.73522863948148,37.17975423210527,37.46860047189467,3713000
2018-11-30,37.8463249206543,38.038890979786885,37.35010243229181,37.43897755365884,4685400
2018-12-03,37.572288513183594,38.342547034862385,37.431569347320504,38.231451023456984,4544900
2018-12-04,35.82438659667969,37.45377835985751,35.557758494032086,37.39452923998485,5791600
2018-12-06,35.65404510498047,35.683671080562824,34.743067545486994,35.22447976019043,6818600
2018-12-07,35.298553466796875,36.04659123155047,35.04673824222141,35.66146472364867,5524500
2018-12-10,34.77269744873047,35.298545860914764,34.25425411863392,35.25410689252174,5942800
2018-12-11,34.48385238647461,35.320765129916666,34.261660362265545,35.03932679641937,4734200
2018-12-12,34.676414489746094,35.08376181220804,34.55791339911555,34.88379069202733,4394700
2018-12-13,34.08390426635742,34.82453668546483,33.920964230061486,34.75047174838101,4718700
2018-12-14,33.817283630371094,34.36535298497668,33.7654395755787,33.83950170377095,5380600
2018-12-17,33.43955993652344,34.03947047901829,33.28402495764617,33.64693614130794,4859000
2018-12-18,32.706329345703125,33.67655888615205,32.50635824231494,33.50621375925588,5398100
2018-12-19,32.069393157958984,32.95815290240762,31.81757794412003,32.59524166102908,6380300
2018-12-20,31.987913131713867,32.25454125436836,31.63240990993736,31.684253953199235,7860400
2018-12-21,31.388002395629883,32.38785502120449,31.299124472027543,31.758318601440987,9199000
2018-12-24,30.56590461730957,31.417630325092784,30.551091627788708,31.15841007169982,3379000
2018-12-26,31.721290588378906,31.721290588378906,30.128929620548814,30.57330798002811,5577500
2018-12-27,31.83238983154297,31.83238983154297,30.721440895855057,31.336167329741205,6295300
2018-12-28,31.810161590576172,32.21010375767401,31.558346465954017,31.92866265949905,4593600
2018-12-31,32.084205627441406,32.1804886613883,31.58057520796591,31.85460849273398,3694100
2019-01-02,32.87668228149414,32.921121256787345,31.691671193234892,31.743515251765654,4831900
2019-01-03,32.65448760986328,33.172930934000114,32.5582045920963,32.75077062763027,3530600
2019-01-04,33.51361846923828,33.639524630000764,33.10627118549863,33.23217734626111,3267200
2019-01-07,33.780250549316406,34.09872276704805,33.224776145173614,33.424747269699694,3584400
2019-01-08,33.86172103881836,34.03947126838739,33.380308751931736,33.91356509121674,3389300
2019-01-09,34.18019104003906,34.283879138098804,33.78765389344162,33.95059394770051,5827000
2019-01-10,33.96541213989258,34.1727883677799,33.476594727523015,33.476594727523015,6726800
2019-01-11,33.780250549316406,33.89134373497161,33.16552418592637,33.20255807310036,11337100
2019-01-14,34.18019104003906,34.32831527995939,33.476589599262404,33.476589599262404,9035300
2019-01-15,34.32090759277344,34.35793864994249,33.72840220220298,34.08390543654525,6512500
2019-01-16,35.20966720581055,35.439261456178656,34.48384774683957,34.64678496397113,7020000
2019-01-17,35.75773620605469,35.88364520024058,34.47644231972574,34.624569384825534,5811600
2019-01-18,36.50577926635742,36.59465438176047,35.691081761747704,35.913273788188796,5214600
2019-01-22,36.39468002319336,36.74277819678845,36.21692980816218,36.32802298623449,6608300
2019-01-23,36.59465408325195,36.79462521024435,36.45393491623758,36.58724900089918,6495900
2019-01-24,36.47615432739258,36.631686490110056,36.09843295718027,36.41690236523979,3664000
2019-01-25,36.565025329589844,36.7501834525424,36.268774028039,36.51318128118623,3910200
2019-01-28,36.490966796875,36.631685967044945,36.15027649522838,36.30580865572501,3229800
2019-01-29,36.520591735839844,36.69093688180434,36.38727765199129,36.38727765199129,2724800
2019-01-30,36.27617645263672,36.59464862681045,36.20211433899617,36.587243545561805,3808300
2019-01-31,36.14286804199219,36.19471209470869,35.46148744898159,36.03917993655918,4979300
2019-02-01,36.1947135925293,36.37246665583383,36.03918142794351,36.209526583245434,4353200
2019-02-04,36.350242614746094,36.350242614746094,36.01695744157155,36.21692854547628,3290500
2019-02-05,36.135459899902344,36.36505416383824,35.88364474004875,36.3132101155115,3264100
2019-02-06,35.942893981933594,36.342836206231084,35.86883186274758,36.046582078909516,2566600
2019-02-07,37.372318267822266,38.1425768076381,36.22433836585407,37.77966561041885,25599100
2019-02-08,37.209373474121094,37.53525071700208,36.79461830794567,37.37231068291737,12227800
2019-02-11,37.45378494262695,37.52784706180679,37.17234380422384,37.3649098345534,7548100
2019-02-12,37.94281768798828,38.18173327543099,37.70390210054557,37.80842731403945,6915200
2019-02-13,37.674034118652344,38.10707036852336,37.55457633387728,37.92788226731164,6208400
2019-02-14,37.136474609375,37.3305924368836,36.830363865316485,37.32312757155942,6103000
2019-02-15,37.85321807861328,37.965208137532606,37.44258216637988,37.524707070348214,8069300
2019-02-19,38.159332275390625,38.174264854227445,37.34552524142234,37.68150114500524,6593500
2019-02-20,38.65956497192383,38.674497552352776,37.98761594121198,38.11453860271032,7217200
2019-02-21,38.696895599365234,38.88354857173779,38.50277491316271,38.68196301980363,8042200
2019-02-22,38.44304656982422,38.76408705476247,38.30118849126029,38.76408705476247,4479600
2019-02-25,38.271331787109375,38.73423330096667,38.21160430512389,38.65210552115009,5089400
2019-02-26,37.98014450073242,38.42811332535546,37.763629226001086,38.122002576840586,5448600
2019-02-27,38.122005462646484,38.2265306752082,37.81589469095926,38.03987769617701,4456900
2019-02-28,38.0548095703125,38.278792571375114,37.93535177987255,38.21159738624649,5026500
2019-03-01,38.67449951171875,38.779024731918476,38.032412761236266,38.07721050479271,8588100
2019-03-04,38.696895599365234,39.15979417338164,38.30118936122855,38.80142080819813,6301600
2019-03-05,38.5998420715332,38.793959943911254,38.01748275820138,38.62223952078099,6038700
2019-03-06,37.778560638427734,38.510242799736766,37.61430795870997,38.45797734698753,5301100
2019-03-07,36.979679107666016,37.524705344006776,36.807958746744774,37.49484303852754,6541200
2019-03-08,37.031944274902344,37.031944274902344,36.569045754693015,36.703436107027656,3446400
2019-03-11,37.27086639404297,37.38285932343,36.88263069452454,37.12154628565827,3858000
2019-03-12,37.017024993896484,37.4799236447673,36.91996463468043,37.38286328555124,6432200
2019-03-13,37.33058547973633,37.4425783754146,36.8228892893641,37.11406740041042,4905900
2019-03-14,37.42765808105469,37.54711587986512,37.203675064297464,37.390328052944916,3081000
2019-03-15,37.315670013427734,37.62924855624759,37.19621219904373,37.345535179048476,7042000
2019-03-18,37.688968658447266,37.84575647510266,37.31566270559248,37.33059528547848,5047100
2019-03-19,36.94235610961914,37.94281615977719,36.90502608460321,37.83829095049324,5042300
2019-03-20,35.8523063659668,36.949826849527575,35.829908918742646,36.83783391720965,9284400
2019-03-21,35.195281982421875,35.65818052970689,35.09822164492564,35.59845306300794,6192400
2019-03-22,33.66472625732422,34.933966890012805,33.61246365904569,34.78464396003215,9014000
2019-03-25,33.5004768371582,34.179893586339,33.231696083970455,33.74686014361314,6108000
2019-03-26,33.84392166137695,34.23215737594209,33.41088535560248,33.86631910888301,7744600
2019-03-27,33.89619445800781,34.067914919392635,33.47809060761469,33.687141108761516,12764200
2019-03-28,34.57559585571289,34.605458165207416,33.918576629164214,34.023101832640506,7830000
2019-03-29,34.73985290527344,35.00863366129156,34.5308024719698,34.874243283282496,8284100
2019-04-01,35.8523063659668,35.904568974888875,34.978768898943294,35.00116919426602,6699600
2019-04-02,36.203216552734375,36.47946219083781,35.576062368865294,35.80004539565453,6120600
2019-04-03,36.14347839355469,36.86022506318569,35.97922288039413,36.50931944156736,5678000
2019-04-04,36.1733512878418,36.345071702833444,35.785112713387285,35.91950309870226,5199700
2019-04-05,36.113609313964844,36.3674574212294,35.85976120670029,36.136009603024924,4610800
2019-04-08,36.24055480957031,36.30028230116026,35.89711390065491,35.95684139224485,3526300
2019-04-09,35.762699127197266,36.12853724028149,35.6133762277742,35.97921434085843,4418800
2019-04-10,35.91950607299805,35.986701271219594,35.464072268174085,35.83737829204961,3792000
2019-04-11,36.1658821105957,36.4197302894703,35.986696836153975,36.08375718786742,5130800
2019-04-12,36.77810287475586,37.091681370256055,36.27787424253934,36.710907686298576,5335800
2019-04-15,36.27787399291992,36.83036807733367,36.195746224470724,36.77810262169449,3804700
2019-04-16,36.96476364135742,37.00956139245924,36.19575409342059,36.389874833429324,3136600
2019-04-17,37.21113967895508,37.39032780000784,36.70344332542057,37.099146747284784,5182200
2019-04-18,36.845298767089844,37.27833506722014,36.04642420466879,37.196207296636906,6679000
2019-04-22,36.76317596435547,37.00955644221279,36.47946260819056,36.710910504344604,4534500
2019-04-23,36.98715591430664,37.0020884947667,36.412264383037694,36.86769811872469,5886200
2019-04-24,37.21113967895508,37.32313261062538,36.67357816389535,36.807968542660284,5492500
2019-04-25,37.48738098144531,37.681501660883356,36.94235466288168,37.061812447113454,5425600
2019-04-26,37.87562942504883,37.92042717392072,37.42019561319765,37.5321885613279,6828400
2019-04-29,38.30118179321289,38.644622510973576,37.85321588727267,37.90547848136244,4976400
2019-04-30,38.226531982421875,38.398252387231,37.90548861966178,38.219064268070134,5217100
2019-05-01,37.83829879760742,38.39079011785793,37.71884098392361,38.12947704045552,5977300
2019-05-02,37.7337646484375,38.159333187110995,37.53217910147138,37.890552457822835,4497500
2019-05-03,38.0548095703125,38.166799646794615,37.800961409615304,37.82335885529205,3775800
2019-05-06,37.9204216003418,38.10707458772513,37.352994923761266,37.547115625575124,2854800
2019-05-07,37.196205139160156,37.56951109426863,36.94982468979974,37.464985882534,4211800
2019-05-08,36.83036804199219,37.28579892896694,36.80796774728303,37.16634113354596,3321600
2019-05-09,36.9572868347168,37.03941459448966,36.33013276238555,36.41972538754767,4827900
2019-05-10,37.22606658935547,37.3455243691617,36.44212473137095,36.71837031315446,3631400
2019-05-13,36.00909423828125,36.71090845047872,35.88963643943703,36.53918804264631,5807200
2019-05-14,36.17096710205078,36.615198486371256,35.997792545073864,36.140849038520024,3726000
2019-05-15,35.8321533203125,35.967681761415285,35.28251147460329,35.82462523901444,4005700
2019-05-16,36.283912658691406,36.47967723787591,35.9300353954562,36.020386731578256,3638900
2019-05-17,36.05050277709961,36.622731703369816,35.83215109419746,35.94509241217223,7093700
2019-05-20,36.396854400634766,36.59261610984831,36.03544617978246,36.05803329601785,4101600
2019-05-21,36.7281379699707,36.81849216315512,36.51731726364047,36.52484534363082,3254800
2019-05-22,36.88626480102539,37.04438036690495,36.44956138415724,36.62273598567543,4673500
2019-05-23,36.22367858886719,36.66791005059217,36.01285785185097,36.66791005059217,5005500
2019-05-24,36.38932800292969,36.4947383798615,36.216150529721865,36.34415089615147,3693800
2019-05-28,35.85474395751953,36.51732719328876,35.809569720860424,36.321565465925175,6264500
2019-05-29,35.884857177734375,35.945093314758005,35.32768439913424,35.59121319028695,3855700
2019-05-30,35.606266021728516,36.17849486268194,35.30509113351097,35.96767416425961,3197400
2019-05-31,35.19968795776367,35.40298061790773,35.034041448264695,35.19968795776367,3901800
2019-06-03,35.44062423706055,35.66650399701382,35.049097979440276,35.139449308978186,4588300
2019-06-04,36.76578903198242,36.80343517846196,35.85473620276307,35.98273654745375,4917400
2019-06-05,37.14225769042969,37.1799038383781,36.442028424164555,36.75073143288876,4005400
2019-06-06,37.082027435302734,37.1648506972511,36.76579629573711,37.014263209364756,5370400
2019-06-07,36.76578903198242,37.097079142106,36.53990640867144,37.044373962591266,3645900
2019-06-10,37.33049774169922,37.571436576790134,36.91638142618282,37.10461507061119,3006200
2019-06-11,37.69190979003906,37.88014345342321,37.4057938174742,37.556381322625064,3209700
2019-06-12,37.3380241394043,38.02319445932724,37.27025991557819,37.78978371676679,3650800
2019-06-13,37.44343185424805,37.76719391482238,37.32296245070065,37.33802148517122,3454400
2019-06-14,37.69190979003906,37.78226114424248,37.1422678376235,37.45849901344433,2947200
2019-06-17,36.87120819091797,37.90272778617383,36.78838492556576,37.706966054428406,3072400
2019-06-18,37.17238235473633,37.35308793202538,36.61521232984569,36.698035599760765,4128900
2019-06-19,36.93143844604492,37.865078535211076,36.90132037524855,37.37566993753072,4499600
2019-06-20,36.675437927246094,37.17990552371641,36.125796100076755,37.15731553614979,4004500
2019-06-21,36.61521530151367,37.07450592852379,36.56251010223887,36.675448584020046,6221300
2019-06-24,36.50979995727539,36.99167764092206,36.314035353157955,36.570033231622446,2834500
2019-06-25,36.38932800292969,36.57756163951289,35.97521170467275,36.47967934426877,4348300
2019-06-26,36.201087951660156,36.72061166257406,36.18602891873582,36.50225999349641,3797000
2019-06-27,36.276390075683594,36.43450565591634,35.952627960606485,36.30650814969487,6204400
2019-06-28,36.991668701171875,37.11213809296979,36.53237824737455,36.66790667217431,7337800
2019-07-01,37.3154296875,37.616601722470996,37.044372845474356,37.29283970252001,3722800
2019-07-02,36.735679626464844,37.37567288414808,36.64532540695241,37.18743923515683,3034900
2019-07-03,36.946495056152344,37.0970825280318,36.713084331128336,37.05943637811622,2586400
2019-07-05,37.6015510559082,37.616610091839775,37.17990953869388,37.19496857462545,3302200
2019-07-08,37.18743896484375,37.3154393387805,37.02932339017264,37.27779031148188,3349000
2019-07-09,37.684364318847656,37.80483370211936,36.92390187548565,37.082017402489136,4756500
2019-07-10,37.458492279052734,37.67684397865473,37.35308190606342,37.67684397865473,4246000
2019-07-11,37.88013458251953,37.955426881353866,37.33049275882103,37.48860830970339,3452900
2019-07-12,37.98554611206055,38.068369366642806,37.812371521669085,38.00060514673161,3896000
2019-07-15,37.624141693115234,38.01566801741877,37.473554203426566,38.01566801741877,5197600
2019-07-16,37.37565994262695,37.64671676287429,37.18742635881258,37.64671676287429,4114200
2019-07-17,37.37565994262695,37.458483179059925,37.119662153750745,37.26272151566826,5221400
2019-07-18,38.422245025634766,38.618009595973895,37.11966873921307,37.45848982463306,5878700
2019-07-19,38.136131286621094,38.52765467558783,37.993071901982276,38.392129116155964,5127400
2019-07-22,37.97801971435547,38.226489507908,37.83496317614547,38.023196823787984,4737300
2019-07-23,38.384605407714844,38.557780020346655,38.015669063652425,38.08343329226639,3381500
2019-07-24,38.80624771118164,38.89659905369383,38.211428722523486,38.384603325762434,3918800
2019-07-25,38.587894439697266,38.9794207377027,38.3996608082841,38.708363848912995,5677100
2019-07-26,38.88907241821289,38.96436472773698,38.56531031726782,38.663189745205635,3409700
2019-07-29,38.55024719238281,39.17518133736288,38.48248297211103,38.84389118948815,3809900
2019-07-30,38.69330596923828,38.715893086572855,38.106017940800484,38.33942581250404,4269600
2019-07-31,38.79871368408203,39.06977056236662,38.527656805797434,38.670716198346064,5957400
2019-08-01,37.368141174316406,38.90412541808845,37.240140811875335,38.71589178737066,5834800
2019-08-02,37.157318115234375,37.450964996245595,36.58508913299718,37.28531847960603,4483800
2019-08-05,35.66650390625,36.57755676888304,35.20721343459085,36.57755676888304,4435400
2019-08-06,35.96769332885742,36.0053394918894,35.04911201534291,35.96016237292015,4367000
2019-08-07,35.48579788208008,35.57614920281894,34.604863170171875,35.207210095458805,6312200
2019-08-08,35.756858825683594,35.92250245403779,35.46321197315723,35.839679203752176,3454600
2019-08-09,35.65144348144531,35.839677085618135,35.274976273099675,35.64391540105382,2767400
2019-08-12,35.13192367553711,35.4481576592739,35.04910042093421,35.2749801966221,5267900
2019-08-13,35.527259826660156,36.036639984811735,34.8962400220036,35.1851392577803,3130300
2019-08-14,34.39446258544922,35.23835608327532,34.1967916434746,34.75178591870234,8589700
2019-08-15,34.55412292480469,34.873433554382565,34.33364488046527,34.57692999829243,4444300
2019-08-16,35.390419006347656,35.51966587061465,34.72138340941822,34.86583595772767,8381900
2019-08-19,35.70212173461914,35.99862526862921,35.5500678222535,35.907394081284686,4027600
2019-08-20,35.010284423828125,35.45124054560855,34.91144893098293,35.39041781149225,4187700
2019-08-21,35.139530181884766,35.37521101872638,34.91905212790794,35.25356845449563,2984500
2019-08-22,35.48925018310547,35.62609842264394,35.0634997822983,35.37520901676096,2220200
2019-08-23,34.402061462402344,35.626091074597255,34.21199482448852,35.32198329386044,3881300
2019-08-26,34.98747634887695,35.00268203197154,34.417276283673985,34.721381245003066,3108300
2019-08-27,34.72137451171875,35.24596032609607,34.508500790050824,35.1395234652621,3233400
2019-08-28,35.436031341552734,35.542468215494296,34.50090364882531,34.531312112674826,3519300
2019-08-29,36.04423904418945,36.211498622644605,35.71732417731087,35.77054260678535,2730600
2019-08-30,36.22670364379883,36.6068369332398,36.089855427585135,36.34074189051901,7055500
2019-09-03,35.504451751708984,35.937803493309715,35.223153914221335,35.884585061898186,6060000
2019-09-04,35.96821975708008,36.09746370807218,35.67931758990301,35.84657719724564,2745300
2019-09-05,36.986976623535156,37.22265744765519,36.584033294868526,36.622046050353624,3394200
2019-09-06,37.040191650390625,37.22265401999193,36.80450794778628,36.98697321757466,4551600
2019-09-09,38.28702926635742,38.51510868315673,37.24546475952204,37.37470869897303,4715800
2019-09-10,38.95607376098633,38.978880837893975,37.77765785083607,38.4999119215188,7286200
2019-09-11,39.63269805908203,39.64029944888261,38.36305134855747,39.03208675829608,5256300
2019-09-12,40.13448715209961,40.3321552542813,38.98648260038233,39.381821704933536,5648900
2019-09-13,40.33974838256836,40.81871427074836,40.1420774349052,40.55262211064836,4467000
2019-09-16,40.233306884765625,40.39296507413329,39.761942407104236,39.92920198635279,4260400
2019-09-17,40.11167526245117,40.11167526245117,39.731541860835044,40.08126679446453,3448400
2019-09-18,40.37776184082031,40.65905968644845,39.67071363139215,39.83797322077556,4002300
2019-09-19,40.13448715209961,40.39297799352971,40.07366441285119,40.31694956946919,3189600
2019-09-20,39.853179931640625,40.44618994330466,39.77715441998011,40.30934170216583,6272300
2019-09-23,39.967220306396484,40.06605578974422,39.45023871683689,39.533868518116726,3740000
2019-09-24,39.56428527832031,40.012842809845544,39.23737031974153,39.97483004958497,3659400
2019-09-25,40.18009567260742,40.26372547725416,39.65551267098803,39.65551267098803,3777200
2019-09-26,40.233306884765625,40.377759394184615,39.92159769628499,40.04324023568751,3996600
2019-09-27,40.64385986328125,40.94036343251233,40.40057473467178,40.65146415490577,5031900
2019-09-30,40.5754280090332,40.91754856226693,40.47659543824442,40.879535811949175,6651800
2019-10-01,39.79236602783203,40.978383327582605,39.73154328929661,40.780712327530274,8007600
2019-10-02,38.826812744140625,39.5034495142752,38.66715746358484,39.5034495142752,5620000
2019-10-03,38.62915802001953,38.84963319283071,38.028546538479446,38.667170780836095,5300500
2019-10-04,39.27538299560547,39.29058867971457,38.553128951455804,38.689977208249964,4466000
2019-10-07,39.229759216308594,39.64030391629242,39.01688547565944,39.15373370898738,3552000
2019-10-08,38.758399963378906,39.10052059324244,38.59114034429282,38.9712737329884,4642300
2019-10-09,38.7660026550293,39.130930345090626,38.606344434225136,39.07771190488507,4603200
2019-10-10,39.02449035644531,39.32859529051458,38.781202348927756,38.90284490259291,7752500
2019-10-11,39.53386306762695,39.95200911618947,39.46543895784858,39.68591696715521,5192900
2019-10-14,39.51866912841797,39.655517388631516,39.24497260799088,39.328602422586684,2996400
2019-10-15,40.096473693847656,40.263730423500554,39.50346359722515,39.655517542517785,6301100
2019-10-16,40.286537170410156,40.51461661996876,40.050853429093316,40.21811304552382,5014200
2019-10-17,39.868385314941406,40.28653432649965,39.07771013896615,40.27893003527822,8105600
2019-10-18,40.04323959350586,40.309334638059944,39.79235312884346,39.85317294747588,5074400
2019-10-21,40.63625717163086,40.66666853678086,40.26372519901181,40.41577912457443,4405300
2019-10-22,40.651466369628906,41.031599766314606,40.30934573257424,40.742697572780926,4429400
2019-10-23,40.66667175292969,40.757902955407374,40.42338371267646,40.56023196648681,2540500
2019-10-24,40.33214569091797,40.78070313585785,40.13447763560637,40.765497454651246,2304900
2019-10-25,40.73509216308594,40.90995316029169,40.27893039194332,40.27893039194332,2189300
2019-10-28,41.05440139770508,41.20645531625255,40.833923360820606,40.963170206651505,3999700
2019-10-29,41.236873626708984,41.36611759412488,40.82632884752715,40.894752977390795,5472200
2019-10-30,40.811119079589844,41.13042972021188,40.704682199382496,41.12282832884884,4063400
2019-10-31,40.33214569091797,40.81111449827107,39.89879392718469,40.5146109652101,4361100
2019-11-01,41.130428314208984,41.14563399660274,40.59824393136445,40.75789924621781,3487300
2019-11-04,41.518165588378906,41.67782090178484,41.34330459271708,41.38891873929743,4964700
2019-11-05,42.08835983276367,42.316439234854535,41.685419459063574,41.71582791920527,5884700
2019-11-06,42.00473403930664,42.08836383807549,41.655012062807124,41.951515603760505,5577300
2019-11-07,41.95107650756836,42.56428369705543,41.836101804290955,42.23468428445566,5108600
2019-11-08,42.11204528808594,42.17336747259118,41.63681005418109,41.85909858700855,4185300
2019-11-11,41.613826751708984,41.882104070180574,41.49118527412148,41.72880149219532,3845400
2019-11-12,41.72878646850586,41.805439191902806,41.422184346925334,41.50650088066077,4328000
2019-11-13,41.67513656616211,41.88209456085187,41.06959605281371,41.33787331037295,5190700
2019-11-14,41.8514289855957,41.91275116590107,41.391524329315416,41.529496311,4157000
2019-11-15,41.859100341796875,42.119713788864026,41.70579779810982,42.081388883942964,5438400
2019-11-18,42.16569900512695,42.19636009611985,41.74411923798367,41.74411923798367,3980000
2019-11-19,41.92041778564453,42.31133940128179,41.77478198366356,42.27301449802392,5822600
2019-11-20,41.7057991027832,41.88209601013739,41.360869099697666,41.69813529116037,4566700
2019-11-21,41.529502868652344,41.93575214331484,41.33020867519315,41.905091048320664,3551700
2019-11-22,41.905086517333984,42.15803613768134,41.529498378276124,41.62914546423138,2208800
2019-11-25,42.311336517333984,42.357325228507754,41.92808166287263,42.02772874375328,3860100
2019-11-26,41.72113037109375,42.227026743028254,41.514172365665594,42.219362931272975,3752600
2019-11-27,42.096710205078125,42.14270183850041,41.81310244231332,41.91274951939375,2399900
2019-11-29,41.94342041015625,42.21936442717092,41.88209821792941,42.0737256826337,1567100
2019-12-02,41.7057991027832,42.204031654351525,41.636813102166094,42.15037620098298,3293900
2019-12-03,40.78599166870117,41.16158281170926,40.448728360451476,41.16158281170926,4517100
2019-12-04,40.86264419555664,41.015943837756836,40.678680531311855,40.81665254849463,5437400
2019-12-05,41.000606536865234,41.077256339876485,40.655676575309506,41.008270347565336,6088500
2019-12-06,41.575496673583984,41.91275996405293,41.40686356634796,41.49118011996597,25954300
2019-12-09,41.94342041015625,42.12738113883066,41.59082365285803,42.12738113883066,7800900
2019-12-10,42.250022888183594,42.35733380131129,41.5984906733351,41.68280722622203,7020600
2019-12-11,41.1462516784668,42.35733580035441,41.13858494202265,42.2500248821622,7421200
2019-12-12,42.98587417602539,43.070187804117026,41.26889081010583,41.36853791021801,8978000
2019-12-13,42.93988037109375,43.4304461869544,42.6486058214254,43.008866371699334,7674400
2019-12-16,43.09318161010742,43.499430865772055,43.0088650648179,43.33079777519301,9003000
2019-12-17,43.438106536865234,43.514759266986594,42.947540760099216,43.139168199398604,6770500
2019-12-18,43.16983413696289,43.6297388733015,43.10851486998581,43.53775851083438,10229900
2019-12-19,43.031856536865234,43.32313105814721,42.809568009465764,43.21582016188612,5884200
2019-12-20,43.15449523925781,43.38444756293366,41.61381203902746,41.61381203902746,11611300
2019-12-23,43.077850341796875,43.36912487773577,43.00119760917991,43.35379433121238,4842600
2019-12-24,43.04718780517578,43.19282360625999,42.95520745312273,43.15449870323811,1785100
2019-12-26,43.476436614990234,43.49176716180827,43.07018443431934,43.13917043299909,2833600
2019-12-27,43.29247283935547,43.545422475043566,43.18516193597366,43.5147613815051,3232900
2019-12-30,43.246482849121094,43.568418495552805,43.16983303635317,43.461107588076544,3547400
2019-12-31,43.16983413696289,43.37679214551617,42.97820667615464,43.26181449943002,4090800
2020-01-02,43.438106536865234,43.44577327187871,42.83256605092118,43.23881528655504,5607100
2020-01-03,43.077850341796875,43.15450015041106,42.66393435767361,43.03952543748978,4434300
2020-01-06,42.71759033203125,42.77124578351931,42.27301617341548,42.53362961950155,9669300
2020-01-07,42.533634185791016,42.67160327299885,42.227029066654865,42.67160327299885,5272800
2020-01-08,42.6256103515625,42.786576707445796,42.39565799687167,42.479971618522804,6232700
2020-01-09,43.062522888183594,43.09318398343257,42.70226232901557,42.85556488125747,5700600
2020-01-10,42.893882751464844,43.30779869741311,42.717585868709655,43.215818350758774,5032600
2020-01-13,43.09318161010742,43.100845421496096,42.68692943043997,42.77124597572949,6121900
2020-01-14,43.20048522949219,43.3001323047603,42.85555529510437,43.06251325573706,5214100
2020-01-15,42.2576789855957,43.01652192252781,42.081382112126605,42.85555559336068,5899900
2020-01-16,42.81723403930664,42.82489785005511,42.30367099908161,42.30367099908161,4493800
2020-01-17,43.14683532714844,43.21582132288425,42.80956915954989,43.15449913822899,5789200
2020-01-21,43.1391716003418,43.33079905474844,42.80190833322716,42.96287469316804,6698600
2020-01-22,43.18516540527344,43.30780686527693,43.024199037269426,43.30780686527693,3952800
2020-01-23,43.20048522949219,43.223479583783934,42.3419952225732,42.91687747188546,4256400
2020-01-24,42.52595138549805,43.1928139051093,42.17335767848539,43.15448901069523,5520200
2020-01-27,41.912757873535156,42.13504642671299,41.65214441353427,41.79011641729962,5952300
2020-01-28,42.127376556396484,42.456975993755705,41.958746394121654,42.16570146036791,4390300
2020-01-29,41.28422164916992,42.34966988987098,41.12325527985603,42.22702842886948,5487500
2020-01-30,39.95815658569336,40.70166910137994,37.84258790591829,40.51004165189321,13251600
2020-01-31,39.52891159057617,39.76653068986439,39.275964867852664,39.75120014242616,7724900
2020-02-03,40.24176788330078,40.579031171014954,39.83551859082654,39.84318240290962,5448600
2020-02-04,40.74766540527344,41.32254781952617,40.69400994719677,40.93162906439571,4516900
2020-02-05,41.72113037109375,41.91275782900838,41.222897810914525,41.253558905941574,4896000
2020-02-06,41.529502868652344,42.06606033503862,41.23822831421357,41.88976342482653,4376900
2020-02-07,41.598487854003906,41.69813494829881,40.87796968326303,41.138580212337125,4123200
2020-02-10,41.64447784423828,41.71346091755021,41.26888676463544,41.26888676463544,2885000
2020-02-11,42.01240158081055,42.25001773834376,41.67513541037209,41.67513541037209,3769300
2020-02-12,41.72878646850586,42.51829343748109,41.55248959069652,42.30366873597206,4264500
2020-02-13,42.37029266357422,42.43985364179647,41.574208205987965,41.70559952686688,4162700
2020-02-14,42.463035583496094,42.48622453959758,42.0379420676975,42.35483028293354,4074200
2020-02-18,41.744239807128906,42.3548302290967,41.380979576898255,42.22343892097298,4265800
2020-02-19,42.207984924316406,42.23890156999791,41.77516072989617,41.93746869716366,3414600
2020-02-20,42.749027252197266,42.84950195823767,41.91429525867259,42.03795893011611,5185600
2020-02-21,42.39347839355469,42.5867030041878,41.9220128202437,42.37802301927278,5640300
2020-02-24,41.558746337890625,41.999298179590575,41.17229714703991,41.46599935763099,7350700
2020-02-25,39.65742111206055,41.56647830664212,39.533757476183304,41.5432922962819,7233200
2020-02-26,39.18595504760742,40.353030500450714,39.14731071178127,39.96658124544152,6856800
2020-02-27,36.75132369995117,38.822691950462456,36.7435960121064,38.482617666189654,7471600
2020-02-28,35.66153335571289,36.25666550507772,34.71859632056686,35.59197237855665,10746600
2020-03-02,37.725181579589844,37.73290926827492,35.25190547960646,37.176421334975764,8156400
2020-03-03,36.2412109375,38.18118786342817,35.893406015682814,37.40055871130806,10348300
2020-03-04,36.619930267333984,36.789965925529664,35.445124241272495,36.51172495347119,9533200
2020-03-05,33.70610427856445,35.17460966920462,33.25009404262843,35.10504868581188,12103800
2020-03-06,31.43377685546875,32.840454671307754,30.568131463576123,32.06755626288169,13966100
2020-03-09,26.6727237701416,29.331496281034184,26.193527564628415,28.179876312336763,15081800
2020-03-10,28.08713150024414,28.496766760193914,26.22444624032094,28.00211219383031,14818100
2020-03-11,26.015766143798828,27.430171963622463,25.74525281953567,27.113283663039578,11487700
2020-03-12,23.35699462890625,25.62931687388458,22.367685386935754,23.434284781981958,12378600
2020-03-13,26.14715576171875,26.386752392271184,23.68160783972173,25.33561003725505,12391400
2020-03-16,21.15423583984375,23.434285880214347,18.557296009593212,22.004423140958853,12016800
2020-03-17,22.622737884521484,22.98599962369592,20.048986116454913,21.857568599332698,14132600
2020-03-18,21.88848876953125,22.77732189122671,20.12628085240668,21.046029152447716,11291600
2020-03-19,23.163768768310547,24.73275333895801,20.497269683466325,21.33972921200954,10763100
2020-03-20,23.21787452697754,23.720258319443353,21.64116068383145,23.42655602747516,15605700
2020-03-23,19.855764389038086,22.514534369988333,19.716642412579304,21.6411596471561,12832500
2020-03-24,23.279706954956055,23.48838846082566,20.273130337251164,20.81415995794924,10396700
2020-03-25,23.70479965209961,24.732754710799743,22.298124463792803,23.217874192373046,13398800
2020-03-26,26.494958877563477,26.796388812189107,23.604320221456106,23.82846001345836,10238300
2020-03-27,25.714332580566406,26.865949655593,24.93370347083484,25.111472714401444,8639500
2020-03-30,25.165573120117188,25.915282567832026,24.48542169839147,25.629310983618602,7813100
2020-03-31,23.836191177368164,25.065099978328377,23.349264269870055,24.585902233160535,8324700
2020-04-01,22.004419326782227,22.63819732249791,21.71071855126407,22.10489695532911,9102300
2020-04-02,22.012147903442383,22.88552399340728,21.35518391412959,21.865298256680042,8909100
2020-04-03,21.03056526184082,22.081707582843812,20.412247116654793,21.826651163681234,9002000
2020-04-06,23.009193420410156,23.48838976319906,21.99669511622571,22.529995603434056,11721400
2020-04-07,23.642969131469727,24.987814040508265,23.511576305836634,24.67092424700375,11735700
2020-04-08,25.27378273010254,25.459276727750222,23.867106155529264,23.990771277605997,8369500
2020-04-09,27.90936279296875,27.917090479988254,25.93074174976679,26.0621360160866,9659800
2020-04-13,26.232177734375,27.932555264260134,26.038953082078375,27.870724908679804,7753400
2020-04-14,25.783889770507812,27.206022871348416,25.343337941021023,26.842759698539805,6447400
2020-04-15,24.199451446533203,24.8254988142156,24.075787805365984,24.49315369994551,8380600
2020-04-16,22.908708572387695,24.36175841962456,22.599549500907532,24.36175841962456,5858800
2020-04-17,25.814809799194336,25.892098466012076,23.836188675899496,23.882562170827505,8133200
2020-04-20,26.379026412963867,27.11328057158231,25.327883989894143,25.8920995364355,8271300
2020-04-21,26.301733016967773,26.719098882927167,25.57520954347716,26.208986029545766,7740700
2020-04-22,26.278553009033203,27.15965696171385,26.031225687171066,26.711377296479068,7737700
2020-04-23,26.502696990966797,27.19057635860242,26.3249306447084,26.3249306447084,4777600
2020-04-24,27.422435760498047,27.677493655923644,26.456312729413533,26.734556634105633,6264300
2020-04-27,28.960512161254883,29.16919514192927,27.236948596841525,27.515189622699793,6375000
2020-04-28,28.999156951904297,30.63770122198771,28.95278197268875,30.027110596667367,7587700
2020-04-29,30.297624588012695,30.74590422626216,29.246482059187652,29.880258651854387,7180600
2020-04-30,28.84457778930664,29.555646090498914,28.57406443733776,29.300588117178762,5546800
2020-05-01,27.391523361206055,28.11804988014235,27.02826305011187,27.971197269698308,5396100
2020-05-04,27.48426628112793,27.553827250293853,26.479496071314973,26.958695169290547,5903200
2020-05-05,27.244674682617188,28.434939191964,27.19829970684913,27.878451276243606,5608100
2020-05-06,26.518150329589844,27.59247884306608,26.502692004774662,27.46108455632403,4436900
2020-05-07,27.23694610595703,28.26489964078027,26.85822452047017,26.85822452047017,5356200
2020-05-08,28.00984764099121,28.288088671082367,27.48427633686187,28.040761345418478,4282600
2020-05-11,26.603166580200195,27.54610375129207,26.270822917398313,27.54610375129207,4972500
2020-05-12,25.55202865600586,27.02826485705665,25.490195353080054,26.73456256490739,6982500
2020-05-13,24.44677734375,25.436087891221774,23.666151205931126,25.281507611427596,9941400
2020-05-14,25.136743545532227,25.364116672178017,23.41966683214673,24.062590136990472,8855100
2020-05-15,24.580068588256836,25.19163063429644,24.454620193499405,24.721198406224655,7437100
2020-05-18,26.775421142578125,26.994955107441942,25.795354526684726,25.91296072603636,6456800
2020-05-19,25.356281280517578,26.485316841745618,25.340599857190366,26.250101473688822,5837500
2020-05-20,26.477479934692383,26.626448982904215,25.9129606093828,25.936484241887992,5373600
2020-05-21,26.24226188659668,26.7832575245738,26.093289862556496,26.124652708767655,4933900
2020-05-22,26.101131439208984,26.516678673231308,25.685581214261095,26.257942675552023,4227500
2020-05-26,28.37488555908203,28.962925486599616,27.285052038630887,27.590832322391915,7618400
2020-05-27,30.970104217529297,31.158278318655842,29.660736690052854,30.860337238091255,8391500
2020-05-28,29.911624908447266,31.597337163196745,29.605841708056882,31.5346144747827,8036200
2020-05-29,28.837474822998047,29.59016814419524,28.445448235449184,29.347110583181767,8674700
2020-06-01,29.841064453125,30.139002501524907,28.884518637405677,29.064850505939976,6065900
2020-06-02,29.488245010375977,30.47615084964914,29.205985344604795,30.233096241510825,7844600
2020-06-03,31.338603973388672,31.542456467344927,30.193884152029593,30.57807149450615,5780900
2020-06-04,32.82829666137695,32.83613886590998,30.86032504396901,31.095540334240024,6255800
2020-06-05,34.74140167236328,35.90963937653503,34.03575252889144,35.43920860817106,10788000
2020-06-08,36.35654830932617,36.4819967094969,35.49409093201816,35.56465584404705,10430300
2020-06-09,35.031494140625,35.603852567479095,34.55322125205402,34.97661066071607,9148600
2020-06-10,32.546043395996094,34.92172636158556,32.53820418087529,34.69435024105377,9845200
2020-06-11,29.386314392089844,30.789770376835477,29.36279375253371,30.02923779464665,11823700
2020-06-12,30.94658851623535,31.432700784594722,29.456885866549282,31.432700784594722,7954500
2020-06-15,31.228839874267578,31.27588115129585,29.32359039055832,29.401994512889136,7428600
2020-06-16,32.20106506347656,32.89887194113611,31.189635705757933,32.81262560957357,6766500
2020-06-17,31.581663131713867,32.52252760543456,31.518940428626202,32.459804902346896,3942200
2020-06-18,31.754154205322266,32.232427129925824,30.977940230962698,31.111230828587317,3814100
2020-06-19,30.84465217590332,32.499004861841385,30.72704300270444,32.499004861841385,13507600
2020-06-22,30.993627548217773,31.19748309137272,30.256618485942948,30.366385474906632,4237900
2020-06-23,31.39348793029785,32.044250470579996,31.22099528522111,31.518936311010393,4378500
2020-06-24,29.52744483947754,30.860335942986502,29.417677864646052,30.66432263338006,7135400
2020-06-25,30.225252151489258,30.46046752800974,29.182462885575674,29.347113350047433,5934500
2020-06-26,28.186717987060547,29.535287689221487,27.959341802123568,29.433362909154106,9392700
2020-06-29,28.80611801147461,29.30791161798633,28.36704711031394,28.77475516333617,4903500
2020-06-30,29.441198348999023,29.69209514469431,28.484655437007888,28.484655437007888,7230500
2020-07-01,28.54738426208496,29.707782938739534,28.48466154517393,29.652899439844994,6076300
2020-07-02,28.555213928222656,29.864584227536184,28.531693291114603,29.43335559864474,5578500
2020-07-06,28.76690673828125,29.73913388395902,28.51600998925315,29.37847018109677,3787800
2020-07-07,27.677080154418945,28.327845811725172,27.488909042350905,28.30432217952224,6080300
2020-07-08,27.69276237487793,28.108309667654222,27.151766673475244,27.543793324298463,5017500
2020-07-09,26.35202980041504,27.535948873459155,26.24226282567362,27.44970253875497,4815700
2020-07-10,27.598676681518555,27.64571796519525,26.35203181834458,26.35203181834458,4393200
2020-07-13,27.920137405395508,28.280801191542686,27.245851115078523,27.935818829696586,6138800
2020-07-14,27.58299446105957,28.241599331870564,27.15960497462553,27.826052053107087,6329500
2020-07-15,28.955081939697266,29.166776640853474,28.14750818378399,28.445446215699878,6954400
2020-07-16,29.18245506286621,29.746971217004837,28.288635077132156,28.97076038346736,5062400
2020-07-17,28.461130142211914,29.20598126941568,28.453290926334752,29.12757714694183,4440500
2020-07-20,28.00638771057129,28.42977426296777,27.904459933639593,28.351370121282642,2793200
2020-07-21,29.205978393554688,29.441193728740547,28.178867741101953,28.178867741101953,5086300
2020-07-22,29.14325523376465,29.182460285463108,28.414088528796533,28.55521534939401,5834200
2020-07-23,29.71562385559082,29.848911492560145,28.884526208441187,28.947248922624915,4311400
2020-07-24,29.590167999267578,30.052759489946556,29.331429017108345,29.919468895551518,3966300
2020-07-27,28.751232147216797,29.38631637644855,28.500335338590254,29.20598448218109,4229900
2020-07-28,28.908039093017578,29.15893586426029,28.49249187644535,28.516012514085155,3361900
2020-07-29,30.060598373413086,30.115481855520486,28.610101218988124,28.79043308747322,4406000
2020-07-30,29.19814109802246,29.28438443355114,28.374882884360613,29.096213349401626,3519100
2020-07-31,29.370635986328125,29.401998836242353,28.672829025829465,29.104057743909156,5053000
2020-08-03,29.613689422607422,29.81754193653295,28.90020113747972,29.323590579008396,4142100
2020-08-04,29.15110969543457,29.762670475180528,28.83748709555487,29.621540604327343,4716600
2020-08-05,29.52744483947754,29.739139572763587,29.30791088981456,29.401996440966446,3480100
2020-08-06,29.441198348999023,29.67641372109764,29.11973664258158,29.284387103958036,3110500
2020-08-07,30.6251277923584,30.664329865340065,29.00997666354635,29.190308592003166,3777800
2020-08-10,30.90737533569336,31.4248533127425,30.672159976714564,30.719204244880547,3803900
2020-08-11,31.910968780517578,32.96160028502747,31.714955462444284,32.30299541666417,7344200
2020-08-12,31.997207641601562,32.76557930997726,31.456209095952474,32.62444951467099,10482500
2020-08-13,30.776309967041016,31.6166739826606,30.554328274877772,31.466040956458055,4911300
2020-08-14,31.315406799316406,31.672165203150627,30.364052063849595,30.52261169047295,3620200
2020-08-17,30.71287727355957,31.22819216944696,30.538461419178127,31.029993434658113,3264100
2020-08-18,30.054866790771484,30.831805746600587,29.951802564958037,30.80802285767201,2638600
2020-08-19,30.08657455444336,30.73666629243991,29.95179781524865,30.24513417879519,3700600
2020-08-20,29.499906539916992,29.920090022137636,29.24621233614434,29.587114489515116,2921600
2020-08-21,29.262075424194336,29.75360768056751,29.14315491533065,29.4523476335214,3193700
2020-08-24,30.641536712646484,30.65738995581489,29.238288798887616,29.39684844903571,4001400
2020-08-25,30.776309967041016,31.33919384318281,30.38784200575534,31.180637219794054,3363000
2020-08-26,30.02314567565918,30.58603242171534,30.01521905637294,30.490894844643005,3159000
2020-08-27,31.085493087768555,31.28369184965069,29.98350845558758,30.06278675063119,3525100
2020-08-28,31.386760711669922,31.41847324410401,30.91901144322456,31.378834090698177,2979500
2020-08-31,30.768386840820312,31.37883958788942,30.689105495845965,31.331270780904813,3807300
2020-09-01,31.053783416748047,31.3629760541169,30.22927878991792,30.720810917806272,4672800
2020-09-02,31.244050979614258,31.48981851953702,30.617742200770174,30.81594095172542,6730600
2020-09-03,30.609817504882812,32.536309727167264,30.47504077314217,31.569098793960368,7440600
2020-09-04,31.045860290527344,31.791086698898315,30.586040641528914,31.513609585215963,8359600
2020-09-08,30.054866790771484,30.744597788164114,29.460270373366924,30.673246097104617,7760300
2020-09-09,29.991437911987305,30.411618316780803,29.682245304996513,30.284771230940894,5423200
2020-09-10,29.499906539916992,30.49090046848937,29.468194008377044,30.134142049348622,4210700
2020-09-11,30.308551788330078,30.316481431740097,29.37305346795596,29.587108475933718,4706100
2020-09-14,31.52153778076172,31.62460200996503,30.411626246331597,30.506760829448723,5402300
2020-09-15,31.244050979614258,31.505674782526192,30.871436360051057,31.442249730569507,5804600
2020-09-16,31.91000747680664,32.23505339472987,30.90315718853865,31.093429371254715,5211200
2020-09-17,31.125133514404297,31.74351573339521,30.926934744377014,31.33918854894655,5511900
2020-09-18,31.045860290527344,31.41847500684969,30.800092686784605,30.911086556531263,6460000
2020-09-21,29.60296630859375,30.379905068976925,29.1590000065435,30.12621090331193,6251600
2020-09-22,28.73882484436035,29.88837844298948,28.47720098722935,29.444412060103637,4628300
2020-09-23,28.088735580444336,29.452344360298447,28.088735580444336,29.00045131567681,4605000
2020-09-24,28.120447158813477,28.810178146981873,27.819184131227505,28.389997652069614,4114600
2020-09-25,28.67539405822754,28.722962847562783,27.6368345307282,27.755751967656874,3570100
2020-09-28,29.690170288085938,29.96764729971551,29.119356979279274,29.190708642880107,5055400
2020-09-29,29.34134864807129,29.571259978972293,28.730899013197597,29.571259978972293,5172100
2020-09-30,30.165861129760742,30.316494175140516,29.333426653896872,29.365139192321468,7952500
2020-10-01,30.72081184387207,30.808019793635204,30.015224649277215,30.268918853529893,8545300
2020-10-02,31.695941925048828,31.902070306857425,30.07863949168356,30.22927246860663,6899800
2020-10-05,32.69487380981445,32.82172091475674,32.0368523737383,32.044778994677515,5296700
2020-10-06,32.36190414428711,33.828574250464875,32.227130393938204,33.0040694307927,5845800
2020-10-07,33.32118225097656,33.83650035557505,32.8455063269424,32.8455063269424,6073700
2020-10-08,34.137760162353516,34.21703846744583,33.33703536926312,33.590729574686705,4893500
2020-10-09,34.256675720214844,34.454874496227575,33.69379192216429,34.37559619553181,5933300
2020-10-12,34.45486831665039,34.58171538957723,33.9554096681544,34.11396624110837,5250800
2020-10-13,33.773075103759766,34.35974489622348,33.598662212168186,34.17740235885235,5186600
2020-10-14,33.479736328125,34.17739685496208,33.37667211950431,33.97126843772071,6381900
2020-10-15,33.38460159301758,34.090188736470104,32.50459856268079,34.0664058516307,6180200
2020-10-16,33.01991653442383,33.45595322677429,32.45702972503865,33.3608186632715,4698700
2020-10-19,32.95649337768555,33.55901937127666,32.805863391424474,33.15469216057962,3578600
2020-10-20,33.36874771118164,34.248750804358195,33.26568349572916,33.31325229307803,4306500
2020-10-21,33.21811294555664,33.448021205662734,32.94063287066951,33.07540959830567,5700300
2020-10-22,34.44694900512695,34.51037104290804,33.11505294471655,33.13883583085028,3894200
2020-10-23,34.83542251586914,35.200110632663225,34.2249698048555,34.79578335786024,3534300
2020-10-26,34.11397933959961,34.33596407065998,33.71758170646729,34.19326068079044,4871300
2020-10-27,33.083343505859375,34.026768710047726,33.06748723886373,33.915777865351885,4024200
2020-10-28,32.59973907470703,33.1150571849267,32.1240631454841,32.15577568057198,7172200
2020-10-29,33.17847442626953,33.39252947070478,31.751443820974576,32.338113538049704,4418800
2020-10-30,33.39252853393555,33.440097328344486,32.67901476344114,33.05955604589281,5415000
2020-11-02,34.47072982788086,34.70064112765607,33.36874514697149,33.89991640065226,6478000
2020-11-03,35.48550796508789,35.81848348552555,35.03361499213727,35.461725079439965,5812000
2020-11-04,33.83650207519531,34.7957836178381,33.28154478610254,34.296321755227204,5209300
2020-11-05,35.62028884887695,35.84227053879781,33.82064336827565,33.852355902342545,6606400
2020-11-06,34.082271575927734,35.83434847843403,33.93956817873704,35.83434847843403,4892500
2020-11-09,38.4664192199707,39.417773959789706,37.578489540800526,37.594342781689384,10476500
2020-11-10,38.8786735534668,39.10065522011488,37.245514511528114,37.61019954224237,6279300
2020-11-11,38.70425796508789,39.06894299868943,37.98281451849641,39.00552096097645,5777100
2020-11-12,37.0719108581543,38.11213218185978,36.51179074464856,37.82407023477631,4603400
2020-11-13,37.76005172729492,38.12813254468937,37.20793507981642,37.215935443225334,4788100
2020-11-16,38.864295959472656,39.32839649397498,38.4642105548642,39.20836965162868,5958600
2020-11-17,38.54422378540039,38.66425061955866,37.66403717627039,38.10413048083539,5144900
2020-11-18,37.96810531616211,39.11234981175892,37.960101898761074,38.672256479393084,5331600
2020-11-19,37.52800750732422,37.63202750185469,36.92787947502634,37.367972754896314,6361000
2020-11-20,36.97589111328125,37.52000748937584,36.863867692157534,37.39198028631884,6019000
2020-11-23,37.59202575683594,37.80007188491691,37.167936187730945,37.60802953995059,4683000
2020-11-24,39.18436050415039,39.32839147562366,38.40819394147879,38.4882097912266,6587600
2020-11-25,38.8162841796875,39.04833444435391,38.12013643809763,38.71226417338272,4010200
2020-11-27,38.80827331542969,39.2323627480853,38.544215557611906,38.89629256803562,2898500
2020-11-30,37.1439208984375,38.80027698740847,37.09591261195729,38.55222298176158,6850300
2020-12-01,38.02411651611328,38.61624119461906,37.848077964574586,38.28817129101198,6260100
2020-12-02,38.05611801147461,38.18414519606491,37.47199379100582,37.72004474416954,5015900
2020-12-03,37.936092376708984,38.23215467800491,37.57601495491181,38.12813468580379,4782400
2020-12-04,38.59223937988281,38.65625451245995,37.936099533014804,38.128141878336685,4872000
2020-12-07,38.29617691040039,38.5202237689441,37.72005292853426,38.14414249718043,3858000
2020-12-08,38.176143646240234,38.45620522475305,37.78406170969489,38.08012401620593,3797100
2020-12-09,38.31217956542969,38.66425362597608,38.072128930856714,38.560230565111006,5539900
2020-12-10,38.36818313598633,38.51221409664599,37.65603174850731,37.760051734888016,8441500
2020-12-11,37.61602783203125,37.85608151311056,37.359973421128714,37.72005089033833,4503100
2020-12-14,36.73583221435547,38.152134546131755,36.639812596793455,38.152134546131755,6202500
2020-12-15,37.38397979736328,37.560015293226044,36.58380901781293,37.023902336083765,5110800
2020-12-16,37.79206085205078,37.82406841183056,37.127920774869324,37.38397514828975,7242000
2020-12-17,37.68803787231445,37.840072255319484,37.04790193768748,37.6960412884773,7794700
2020-12-18,36.72783660888672,37.68803901370261,36.45577844687982,37.60002280010805,10492700
2020-12-21,37.06390380859375,37.303954390163724,36.35975279056757,36.87986492764314,6891100
2020-12-22,36.831851959228516,37.415976134396786,36.775840261089684,37.3439606578742,4526900
2020-12-23,37.8400764465332,38.06412328536612,37.05590945820874,37.287956661681726,5170900
2020-12-24,37.60002136230469,38.00810706350558,37.367971133970414,38.00810706350558,2276200
2020-12-28,38.03211212158203,38.280166135670996,37.624026410567495,37.86407700836481,3532600
2020-12-29,37.38397979736328,38.13613923127327,37.27195637661172,38.048119957137246,2791900
2020-12-30,37.90407943725586,38.02410624495749,37.47198964482874,37.576009622267726,2931900
2020-12-31,38.3521842956543,38.40819600396735,37.58402110815315,37.93609513932222,3559600
2021-01-04,37.75204849243164,38.6962500281233,37.375967340233345,38.60823077527617,6314900
2021-01-05,38.00810241699219,38.37618014992607,37.37596692842627,37.8320639132375,6814200
2021-01-06,40.008541107177734,40.87272706024931,38.92831171824772,39.368405059944784,12915600
2021-01-07,41.20079040527344,41.352821738370096,39.992530947158784,40.0085347273388,8188400
2021-01-08,40.52865219116211,41.16078480255423,39.90451689229068,41.16078480255423,4703200
2021-01-11,40.76070022583008,40.800711208516056,39.71247841150101,40.104560401584436,5008800
2021-01-12,41.808921813964844,41.992960720732434,40.81670873790353,41.15278204117287,4739300
2021-01-13,41.67289352416992,41.83292522993468,40.92873449320909,41.56086705676181,4780800
2021-01-14,42.52107238769531,42.80113397651053,41.85693226461409,41.944948481478065,6217300
2021-01-15,41.584869384765625,42.088974693227904,41.12877236144713,41.76090485097409,4901700
2021-01-19,41.72890853881836,41.928951239287464,41.30481593818549,41.8489323276542,6604300
2021-01-20,41.31281661987305,41.60887894228784,40.98474673492446,41.592875161020935,6584100
2021-01-21,40.86471176147461,41.98495180773536,40.584653276113706,41.048750630770144,6039900
2021-01-22,40.952735900878906,41.136774792132584,40.1125572921438,40.18457277588732,4132700
2021-01-25,40.848716735839844,41.024755280019036,40.016538411877214,40.80870880827436,5261400
2021-01-26,40.20058059692383,41.368829181834485,40.192577179920626,41.28881027384862,3623900
2021-01-27,38.72026062011719,39.62445438763752,38.61623757192942,39.376400365777165,5679700
2021-01-28,39.32838821411133,39.90450899981756,38.896295335525096,39.27237651345112,5337100
2021-01-29,38.39218521118164,39.69646415029284,38.16013500345838,39.11233997569914,6970400
2021-02-01,38.71225357055664,38.81627354837158,38.17613769393585,38.656241874069046,5428200
2021-02-02,40.17656707763672,40.48863313866347,39.08033415617107,39.2563726736359,4874700
2021-02-03,41.22480773925781,41.32082739865051,39.76849685342726,39.84051236107427,6100900
2021-02-04,42.705108642578125,42.88914753400628,41.3928292063712,41.47284810638926,5085900
2021-02-05,42.16099548339844,43.20922025891724,42.09698341100836,43.08919342612325,5194500
2021-02-08,42.38504409790039,42.46505994909295,41.99295910127511,42.32903239158379,5903000
2021-02-09,42.705108642578125,42.809131686397144,41.98495685686914,42.19299989209824,3552200
2021-02-10,42.97716522216797,43.56929285095699,42.729114272228486,42.94515766333423,4526000
2021-02-11,42.58983612060547,43.35642152689222,42.1379565298503,43.001372837270466,3569500
2021-02-12,43.582366943359375,43.663061936544,42.35583382894557,42.44459370414979,4555200
2021-02-16,44.90574264526367,45.20430646123254,43.77603722746851,44.034255080987464,6221100
2021-02-17,44.90574264526367,45.196235421822784,44.42965290067566,44.42965290067566,4144600
2021-02-18,45.05098342895508,45.13974330099046,44.39736785939107,44.59102967972172,5346100
2021-02-19,46.46311569213867,46.608360525333026,45.22850844529274,45.38989535553004,6427300
2021-02-22,47.665443420410156,47.82683033592024,46.38242221331402,46.39856121268497,8987100
2021-02-23,47.39108657836914,48.32712699430797,46.84237291266023,48.254503036252395,7391200
2021-02-24,48.55306625366211,49.06143395402651,47.53633393113266,47.60895788832757,7776900
2021-02-25,47.310394287109375,49.43262189697523,47.14900737290149,49.22282106324453,5775900
2021-02-26,45.962825775146484,47.2942642211027,45.882133841900625,46.995700374253104,10838100
2021-03-01,47.45564270019531,47.83489841263545,46.85044407421278,47.011827911915276,4814100
2021-03-02,47.0118293762207,47.63316702096653,46.93113745485609,47.14900933637992,5087500
2021-03-03,47.19742965698242,48.109260129717946,47.084456649643776,47.20549761840675,6178900
2021-03-04,46.301734924316406,47.447576290430554,45.422179378950034,47.060249501397614,5960900
2021-03-05,47.38302230834961,47.786488089372476,45.8579221485951,47.62510116132341,6149000
2021-03-08,48.181884765625,48.948470395989,47.59282507106312,48.07698587465079,6833200
2021-03-09,47.00376510620117,47.82683569718729,46.42277337651692,47.463715866134635,5807700
2021-03-10,47.44757843017578,47.82683727491968,46.86658975952535,47.108668628813014,6963800
2021-03-11,47.536338806152344,47.71386473710124,46.69712923210262,47.03604209316871,9149800
2021-03-12,48.35133743286133,48.64183328598313,47.91559673137824,48.41589343497711,4388100
2021-03-15,47.99628829956055,48.4158930755997,47.32653671267854,48.30292315093523,6235800
2021-03-16,46.995689392089844,47.350738124882156,46.2452428911113,46.70519357516922,5585200
2021-03-17,47.27005386352539,47.907527478086976,46.73747606081363,47.53633968668155,5411400
2021-03-18,47.875247955322266,49.15019814017858,47.65737607828618,47.99628583487603,6257100
2021-03-19,47.237770080566406,47.81069069869431,46.05157980732184,47.003759210108754,14524400
2021-03-22,46.37434768676758,46.858505286548485,46.00315691019,46.689050434445065,5349900
2021-03-23,45.252708435058594,46.35013240896934,45.15587446349699,45.92245980826737,5296600
2021-03-24,45.04291534423828,46.237173575247255,45.02677634511932,45.80950087229251,7361000
2021-03-25,46.3904914855957,46.53573631800468,44.60717060050544,45.14781628514707,7007300
2021-03-26,47.89138412475586,48.04470308246393,47.02796765102937,47.286185489254144,9944700
2021-03-29,46.2452507019043,47.2377761918872,46.00316876145015,47.15708118566924,5700800
2021-03-30,47.431434631347656,47.6493065151314,46.6648521358339,46.7051980969347,5178000
2021-03-31,47.060245513916016,47.62509818771983,46.906929634851885,47.29425639106608,6100300
2021-04-01,47.6493034362793,47.65737447489766,46.89078895071718,47.04410482427355,4654400
2021-04-05,47.730010986328125,48.52080367797449,47.423376080359084,48.181890765440265,4866300
2021-04-06,47.713863372802734,47.89945725976089,47.22163463520957,47.584754448040556,3359100
2021-04-07,47.955936431884766,48.14959825654603,47.47984675214362,47.89945147650863,3245100
2021-04-08,47.81068801879883,47.94786488663362,46.858508669383696,47.52019220667907,4524000
2021-04-09,48.432029724121094,48.633762602139825,48.0204929291712,48.18187984722607,4247400
2021-04-12,48.56919860839844,48.754792456240125,48.29484181632834,48.504645698722555,4200200
2021-04-13,47.59281921386719,48.23836379433787,47.19742450504111,48.14960083736077,4393400
2021-04-14,48.165740966796875,48.674108682557986,47.30232449299596,47.30232449299596,4817500
2021-04-15,46.1726188659668,47.69771882425853,45.6077662315108,47.576677874661094,9229100
2021-04-16,46.67292022705078,46.88272107228027,46.06772157425095,46.64064222680024,5864300
2021-04-19,46.31787109375,46.931137702678065,46.22103709376175,46.931137702678065,4857800
2021-04-20,44.98642349243164,46.09191859797329,44.77662269243498,45.938602747137224,6985300
2021-04-21,45.80950164794922,45.83370860793787,44.51034143976901,44.67172835549191,6078400
2021-04-22,45.075191497802734,45.849844954614575,45.05098453921462,45.76915304052138,6466600
2021-04-23,46.49538803100586,46.761676879847535,44.91380317050105,45.002566120114935,6461700
2021-04-26,46.57609176635742,47.326538381751305,46.519606802033124,46.81817062463294,4354900
2021-04-27,47.04410934448242,47.14094026981148,46.503466676678926,46.66485360436043,4840600
2021-04-28,47.5605354309082,47.79454627480537,47.140930735085384,47.229693681267,4543600
2021-04-29,48.35940170288086,48.58534152225984,47.980142939038274,48.13346188350187,5050900
2021-04-30,47.85911178588867,48.43203245297464,47.64930785713632,48.020495634837125,5683800
2021-05-03,47.76227569580078,48.59341725692829,47.62509881454835,48.423959297817184,4265600
2021-05-04,48.415889739990234,48.5207916963227,47.01989862187111,47.4314323302533,8276300
2021-05-05,48.90003967285156,49.13405050835524,48.01241639927065,48.399743086553165,5051000
2021-05-06,49.26316452026367,49.30351047721671,48.34326315765794,49.22281856331064,4109500
2021-05-07,49.68277359008789,49.755397550235045,48.19801946567888,48.35133534678979,3926600
2021-05-10,49.13405990600586,50.110446309333675,49.125991945189696,49.682773587489145,4527400
2021-05-11,48.8112907409668,49.71505321372038,48.48044892908917,48.900050625646514,5025300
2021-05-12,48.10118865966797,49.56980378774894,47.9720797388982,49.31965390704523,5269500
2021-05-13,49.24761199951172,49.57284099150361,47.71904069973147,47.76782597901431,4901600
2021-05-14,50.11759567260742,50.255819078903734,49.24761169132887,49.58910244094473,4229600
2021-05-17,50.42655563354492,50.532255505285455,49.79236260632789,49.995629920344946,5156500
2021-05-18,49.751712799072266,50.971316833611894,49.7191923820441,50.450952941799805,5024700
2021-05-19,49.09312438964844,49.38582982906042,48.39388430696719,49.26386819543437,10376700
2021-05-20,48.995567321777344,49.31266703612302,48.280068385936644,49.05248504097839,4588000
2021-05-21,49.499664306640625,49.938719410922594,49.12565003775918,49.32078805202835,4110200
2021-05-24,49.76797103881836,50.06067648266599,49.3533070611097,49.784232796989144,3280900
2021-05-25,48.832950592041016,50.394042393191235,48.78416531014993,49.90620198073522,4050300
2021-05-26,49.28826904296875,49.58097454035054,48.678466957294624,49.3126632354931,4775700
2021-05-27,50.52413558959961,50.6867501014121,49.70293680228658,50.03629515577597,14971900
2021-05-28,50.23142623901367,50.43469358779778,49.45901279492492,50.27208219006137,6162100
2021-06-01,50.00376892089844,50.890014705512236,49.95498363951664,50.57291813056473,6068600
2021-06-02,49.418357849121094,50.23142726079661,49.402096088693945,50.11759803942022,5667200
2021-06-03,49.43461608886719,50.09320338200138,49.16630481496222,49.51592488521221,6215200
2021-06-04,48.93864822387695,49.40209755415059,48.46706956395542,49.36957713394527,7871000
2021-06-07,48.832950592041016,49.198829350576176,48.5077215826612,49.093132558899384,6097200
2021-06-08,48.64594268798828,48.906124642495804,48.044269979681154,48.467066431159274,5060500
2021-06-09,47.52389907836914,48.26379198419037,47.49137556343757,48.25565955465093,5201600
2021-06-10,47.019813537597656,48.24754719266473,46.98729001122939,48.10119442562174,6417400
2021-06-11,47.14989471435547,47.46699127632048,46.954756698431254,47.117371194765845,4164800
2021-06-14,46.0928955078125,47.190540876328974,45.792060748269364,47.03605573097493,7444200
2021-06-15,46.51570129394531,46.78401569432014,45.83272284944378,46.328695697447884,5578300
2021-06-16,46.99540328979492,47.4181996833252,45.67009950830706,46.149810502734375,6412700
2021-06-17,44.17405700683594,47.3368961197304,44.13340106013205,47.3368961197304,8196800
2021-06-18,42.93819808959961,43.6049147798889,42.77558358185774,43.271556434744255,13044500
2021-06-21,44.312286376953125,44.35293923037067,43.26342601006543,43.377255240280114,5459800
2021-06-22,44.19845199584961,44.58059559699008,43.78378487511984,44.37732825197724,4839700
2021-06-23,44.4179801940918,44.686291471193506,44.182189334302116,44.385456675166296,3702900
2021-06-24,44.97899627685547,45.20665470275919,44.25536505027854,44.564332272300334,4773400
2021-06-25,45.63758087158203,45.792062922658396,45.01964646405009,45.2473079781155,4074700
2021-06-28,44.889564514160156,45.50749904578401,44.67003538594751,45.377408055170655,5718700
2021-06-29,44.96273422241211,45.767674239821964,44.73507579800316,45.33674537725921,4638900
2021-06-30,45.1253547668457,45.42618959683947,44.71882003921647,44.71882003921647,4720000
2021-07-01,45.77580642700195,45.80020061800719,45.18226613943454,45.39366591954072,4138800
2021-07-02,45.55628204345703,45.694505468113434,45.2147943500952,45.637590852553124,3093200
2021-07-06,44.24723815917969,45.33675135065069,44.174064885933,45.19853103236629,4914000
2021-07-07,43.645565032958984,44.20658179457356,43.45042701496363,43.45855944575412,4521100
2021-07-08,43.076416015625,43.556127080965744,42.482875731663334,43.11706886490196,6131600
2021-07-09,44.889564514160156,44.94647912870263,43.678092745625854,44.084627478994335,5192900
2021-07-12,45.2066535949707,45.3123534765273,43.89761457648884,44.19031693050092,4026600
2021-07-13,44.483028411865234,45.18226862799873,44.328546334520254,44.995263028597826,4636800
2021-07-14,44.2553596496582,45.09281998698908,43.72686339503183,44.4992798050192,6275800
2021-07-15,45.418052673339844,45.727019883132265,43.71873767190151,43.90574324315096,6293500
2021-07-16,44.22283935546875,45.72701944268593,44.084619061290496,45.694495925839306,5342900
2021-07-19,42.42596435546875,43.735006672593514,42.17391170816191,43.49108645672997,7131800
2021-07-20,43.9626579284668,44.661898040627875,42.22269007817573,42.36091037394029,6274900
2021-07-21,44.94647979736328,45.31236168316085,44.312286596390116,44.44237758893882,4352200
2021-07-22,44.17405700683594,44.83264116149846,43.9626572497835,44.73507371295832,3307700
2021-07-23,44.27976608276367,44.91396242846021,44.03584584285613,44.645647993432036,3186400
2021-07-26,44.63751220703125,44.8651706511376,44.320412529236954,44.40172133185614,3488800
2021-07-27,44.67815017700195,44.987117320822705,43.80816643922292,44.06834831772062,5234700
2021-07-28,44.783870697021484,45.222925881052106,44.10089217544553,45.1741436948343,4884300
2021-07-29,44.97899627685547,45.39366338302403,44.58059403152395,45.16600185550687,3248100
2021-07-30,44.2553596496582,45.409916499119674,44.16592153564945,44.791985232097616,5808400
2021-08-02,44.01957702636719,45.50749552412593,43.995185936769055,44.499288098683465,4496800
2021-08-03,44.97087097167969,45.117223716173235,43.295946841150034,44.312283621458725,4018200
2021-08-04,44.385459899902344,45.06843833889094,44.149669022981755,44.35293637861391,4028900
2021-08-05,45.1660041809082,45.20665703025356,44.7188166348821,44.85703694297903,3526300
2021-08-06,46.01972961425781,46.458787861501094,45.58880379841559,45.824594683225556,4179300
2021-08-09,46.1172981262207,46.507571072506934,45.40179617388912,45.86524549145487,3892400
2021-08-10,47.1254997253418,47.141761484861064,45.86524282792675,45.96281028342886,5999800
2021-08-11,47.857261657714844,47.92230559181637,46.597004806065755,47.11736868533144,6605700
2021-08-12,47.963836669921875,48.217961702608974,47.49657683316347,47.840875365420686,4436000
2021-08-13,47.037513732910156,48.25075000855961,46.955536407255664,48.07040301923495,4773200
2021-08-16,46.783390045166016,46.807981680004445,45.963635527988245,46.7260074791328,3415700
2021-08-17,46.06200408935547,46.66042449728433,45.47997914663065,46.31612910934522,3553400
2021-08-18,45.54555892944336,46.44728758471773,45.496372536075356,45.80788010650918,3134500
2021-08-19,45.11928939819336,45.56195758819505,44.643830276980744,44.88155983758705,4371800
2021-08-20,45.56195068359375,45.57834301959976,44.774984089367265,44.99631815082645,3354900
2021-08-23,45.971832275390625,46.20955869558356,45.83247238909739,45.906250416637306,2687300
2021-08-24,46.48827362060547,46.57844710949655,45.94723581437399,45.96363127845555,2409200
2021-08-25,47.185062408447266,47.603135758961706,46.48007315371159,46.72599883796212,2691000
2021-08-26,46.7096061706543,47.45558256288764,46.65222361179903,47.23424849568237,3041300
2021-08-27,47.521156311035156,47.62772211523725,46.75058529136666,46.84895805586544,3758400
2021-08-30,46.553855895996094,47.62773222252748,46.4882740390795,47.54575802849678,3196500
2021-08-31,46.775184631347656,46.99651868249536,46.25873851200301,46.70140661429842,5612900
2021-09-01,46.08659362792969,47.05390407554033,45.873455731546386,47.05390407554033,5519900
2021-09-02,46.398101806640625,46.6686222830794,46.00462003582388,46.102992823864426,3529100
2021-09-03,46.27513885498047,46.58664641838901,46.00461838823002,46.43089107312723,2580600
2021-09-07,45.92264938354492,46.85716905224345,45.87346298572881,46.35711828601678,4190000
2021-09-08,45.61113357543945,46.061997862699414,45.340616253929404,45.766888910265216,2824400
2021-09-09,45.684913635253906,46.373507475910486,45.3816053742251,45.570148516330306,3379100
2021-09-10,45.25044631958008,46.06200147486694,45.19306375818061,46.05380530628775,3196800
2021-09-13,46.09479522705078,46.193164891602144,45.49637481643084,45.602943777178716,4310100
2021-09-14,44.78318405151367,46.3243200824499,44.55365069151783,46.08659368144387,6008600
2021-09-15,45.56195068359375,45.791480913055935,44.79957884760596,44.79957884760596,4920300
2021-09-16,45.3160285949707,46.127586940866905,45.22585509796942,45.86526574619881,5272100
2021-09-17,45.35700988769531,45.97182565292232,45.17666292921869,45.20945385387166,19623700
2021-09-20,44.004425048828125,44.46348872837601,43.143683385901895,44.16017728952976,9463400
2021-09-21,43.99623107910156,44.46349411201362,43.79129241420443,44.266751617781395,4029300
2021-09-22,44.873355865478516,45.31602085139149,44.55364903243752,44.693008902293556,4933900
2021-09-23,46.79978561401367,47.00472424376025,45.3898068406803,45.39800613705474,6262400
2021-09-24,47.54575729370117,47.81627775862881,46.75059449000902,46.96373239457898,5608400
2021-09-27,49.308223724365234,49.619728115235716,48.10318387022101,48.20155351327934,5994300
2021-09-28,48.52125930786133,49.7918810640237,48.357310938008496,49.45578190244186,6925400
2021-09-29,48.709800720214844,48.939334058735305,48.34091377391673,48.72619618204592,3820800
2021-09-30,48.0786018371582,49.242651705837076,48.045810907222545,49.04591238045356,6660800
2021-10-01,49.36561965942383,49.726310533161595,48.02941887659542,48.447492318266114,5106000
2021-10-04,49.22625732421875,50.136185323709604,49.04591345983413,49.39020885038999,4096300
2021-10-05,49.414794921875,49.808276664119965,48.93113969403152,48.93113969403152,3988900
2021-10-06,49.291831970214844,49.341015231886104,48.176965507982466,49.119681173021014,3994000
2021-10-07,49.611534118652344,50.037806760042386,49.398396234399975,49.71810306077853,3370800
2021-10-08,49.86566925048828,50.119791151852475,49.33282755845922,49.685322254334075,2678400
2021-10-11,49.373802185058594,50.33291636296898,49.35740672344911,50.21814813170257,2844500
2021-10-12,49.373802185058594,49.58694005886737,48.93933339730813,49.185259067221324,2622500
2021-10-13,49.11968994140625,49.34922333626723,47.92284907799645,49.16887633897261,4692200
2021-10-14,49.70989990234375,49.70989990234375,48.9065410692428,49.6771089800667,4505200
2021-10-15,50.283729553222656,50.80017564465638,49.52135779395391,50.19355607868976,5277400
2021-10-18,50.628028869628906,51.210056853009895,50.19356005116466,50.23454714452859,6523500
2021-10-19,51.29203414916992,51.39860310006839,50.701809962181414,50.86576147269099,4086900
2021-10-20,52.365909576416016,52.374105744114345,50.98872199660713,51.13627803209485,4236000
2021-10-21,52.1199836730957,52.71840085310563,51.833067771029015,52.365909355499504,3704200
2021-10-22,52.824974060058594,53.103687546233864,52.30032863195426,52.30032863195426,4156900
2021-10-25,52.93153381347656,53.21844656173682,52.79217708635427,53.095482168417035,3360600
2021-10-26,52.824974060058594,53.21025961796052,52.644627096425396,53.013514064417265,4165000
2021-10-27,51.65272903442383,52.86596530426324,51.64453286545525,52.52986921559264,4640200
2021-10-28,52.37411117553711,52.46428466514374,51.90685139040738,51.947838487379016,4121800
2021-10-29,52.02981185913086,52.62003601748977,52.005217101122696,52.4396890519657,4994800
2021-11-01,52.8167724609375,52.947929903348275,52.324921106995816,52.464277844003924,3412200
2021-11-02,52.7102165222168,53.144685403824184,52.49707860236452,52.61184373130872,4159100
2021-11-03,53.39879608154297,53.628326291227474,52.30852445842697,52.5544501298196,4515300
2021-11-04,52.267539978027344,53.25124589869421,51.8002802129557,53.05450659082978,3963800
2021-11-05,52.7020149230957,53.22665727655191,52.40690281749781,52.83317238434466,3552200
2021-11-08,53.09548568725586,53.251241012732,52.800379879651,52.83316454942878,4851900
2021-11-09,53.07089614868164,53.406998442323555,52.71840151950501,52.71840151950501,4232600
2021-11-10,52.76532745361328,53.59946572182688,52.724034197373896,53.28562815308178,4485000
2021-11-11,52.393680572509766,52.938759732846584,52.344129926416784,52.66622172791489,2830400
2021-11-12,51.78253173828125,52.418457936964906,51.46043994359793,52.33586827776831,6044000
2021-11-15,52.26153564453125,52.344125298172735,51.83207889701501,52.00551559442554,3138100
2021-11-16,52.48453140258789,52.740554644234905,52.06333512810915,52.39368434424625,2939100
2021-11-17,51.55954360961914,52.38542128633837,51.41088537577182,52.294574237823525,3247700
2021-11-18,51.097049713134766,51.732975886542384,50.75844000007079,51.51824908211267,3293000
2021-11-19,50.081214904785156,50.62629397022152,49.52787844992875,50.56848279286258,4654500
2021-11-22,51.303524017333984,51.88163906194296,50.57675387885699,50.84103450202563,3907300
2021-11-23,51.95596694946289,52.02203867892173,51.54302809176553,51.7329795882495,3771700
2021-11-24,51.93944549560547,52.42671344067054,51.6008357812703,51.81556573697938,3114900
2021-11-26,49.61873245239258,50.13077573109398,48.56160688125228,49.91604577035017,5189600
2021-11-29,50.42809295654297,52.10462366145104,49.69305916501085,51.27048857958536,6465300
2021-11-30,48.98280715942383,49.84997810792494,48.76807719474454,49.51136837944457,7545600
2021-12-01,48.18996047973633,50.72540465857373,48.14866722659197,50.28769050439166,5346800
2021-12-02,49.866485595703125,50.31245706264442,48.536822282935056,48.71851634569026,4901800
2021-12-03,48.297325134277344,49.99037370562395,48.00826921373277,49.858233406164544,6796700
2021-12-06,49.13972473144531,49.792168891556294,48.62768142309896,49.189278529210505,7772900
2021-12-07,50.031673431396484,50.395058491422716,49.34619341648005,49.544405454068375,5396300
2021-12-08,49.35444259643555,50.32072099940191,49.32966727728636,50.081215746050006,4300900
2021-12-09,49.23883056640625,49.55266499349767,48.63594018704219,49.024103737642804,3974000
2021-12-10,49.04887771606445,49.67654655302378,48.60290298724706,49.62699275521957,3162600
2021-12-13,47.900909423828125,48.974549867026106,47.7192153109655,48.776340971606515,6036300
2021-12-14,48.445987701416016,49.08191393400957,48.08260263299406,48.16518914612111,5715400
2021-12-15,48.37165451049805,48.94150896427628,47.73572833139716,48.66071043260151,4855300
2021-12-16,48.87544250488281,49.86649637430521,48.726784266945785,48.98280748794254,5427100
2021-12-17,47.16587448120117,48.817629829725966,46.876815404925345,48.751558103557784,9608400
2021-12-20,45.97660446166992,46.56297995179853,45.20028065214588,46.422579121607846,5968100
2021-12-21,47.174129486083984,47.364080963501465,46.49691007947447,46.5960145132416,4589700
2021-12-22,47.35582733154297,47.44667438240294,46.86030197290926,47.025474992138236,3935800
2021-12-23,47.710960388183594,48.223003736729126,47.570559525396455,47.76877158154485,3189100
2021-12-27,48.28081130981445,48.28081130981445,47.38886500021254,47.90090831036315,2597100
2021-12-28,48.47902297973633,48.66071393651011,48.05782357665827,48.20648181886541,2736400
2021-12-29,48.54508590698242,48.834144966716735,48.338616500232106,48.784591174926334,2623500
2021-12-30,48.3138427734375,49.00758012902374,48.264288980012324,48.70200627908493,2786900
2021-12-31,48.35514450073242,48.62768568662632,48.12389972516701,48.13215711694844,2863200
2022-01-03,49.883018493652344,49.940829685428064,48.974551057725606,48.999329533110675,5677600
2022-01-04,51.49347686767578,51.91467628783854,50.494165538228636,50.535458795967,5741500
2022-01-05,50.931884765625,52.12115086884428,50.890591503812985,51.60084694868585,5194800
2022-01-06,52.839656829833984,52.8479173714058,51.328302220964865,51.85686346451414,7388100
2022-01-07,53.68204879760742,53.83896757193411,52.36890317023163,52.62492638328292,7178800
2022-01-10,53.92155456542969,54.49141218180044,53.17826339210841,54.317972323903255,5931400
2022-01-11,54.227134704589844,54.30146067573704,53.42603229939703,54.11150602567138,5031700
2022-01-12,54.780460357666016,54.79697513653751,54.1527916444711,54.31796463696913,6632400
2022-01-13,55.143856048583984,55.721974269390536,54.854800088654386,54.99519779762771,7665000
2022-01-14,55.67241668701172,55.83758970041905,53.78941030905667,54.1940949035138,6997900
2022-01-18,55.474212646484375,56.944274184149414,55.14386025240342,55.54028438549014,8638700
2022-01-19,53.33518600463867,56.01928866181329,53.252599490761185,55.90366628219538,7110500
2022-01-20,52.12940979003906,53.640764639911616,52.05508065640769,53.08742798435786,5876200
2022-01-21,50.766700744628906,52.09636428068329,50.4941596047291,52.030292555687005,6636000
2022-01-24,51.45217514038086,51.53476479273611,49.040614000123384,50.419828114488496,10083000
2022-01-25,52.0550651550293,52.534075684782074,50.05644283551122,51.0722719256555,8014700
2022-01-26,51.92292785644531,53.004828730516074,51.10531073330471,52.60014728892525,8914400
2022-01-27,51.130088806152344,53.318662843347745,50.807997003919795,52.69925771245907,9684300
2022-01-28,51.68342590332031,51.73297654702805,50.29595117098465,50.98142799621901,5973000
2022-01-31,51.88163757324219,52.24502263205365,50.41157625523962,51.13008898195764,6712600
2022-02-01,52.8726921081543,52.98832079292464,51.452184484862805,51.832087503273684,5492800
2022-02-02,53.3269157409668,53.39298746040213,52.3441225429135,52.58362464968415,5164300
2022-02-03,52.286319732666016,53.68205194917408,52.145918881629655,53.68205194917408,5370100
2022-02-04,52.839656829833984,53.24433830406775,52.31109558628471,52.35238884272321,9017100
2022-02-07,53.029605865478516,53.45906579399667,52.484526714589634,53.17000356093967,4799300
2022-02-08,54.3840446472168,54.590514069796164,53.73986105692064,53.96284526088979,6527200
2022-02-09,54.09498596191406,54.549221188843056,53.95458827393471,54.25190473138888,3711100
2022-02-10,53.762203216552734,54.777206939719456,53.50428676334285,53.98683357519336,5761200
2022-02-11,52.89695358276367,54.24474855052531,52.514242804145184,53.371178913543375,6068600
2022-02-14,52.41440200805664,53.50428674878213,51.782102681861566,53.12990070199538,6146900
2022-02-15,53.91196060180664,53.970198574210556,52.888628975323094,52.96350682180405,5054300
2022-02-16,53.83707046508789,54.37785517295777,53.296285757218,53.296285757218,3877400
2022-02-17,52.040016174316406,53.38781428216527,51.931858576076394,53.12990415970345,4675100
2022-02-18,51.84865188598633,52.605748573018076,51.64897977826968,52.01504742490416,4008400
2022-02-22,51.732181549072266,52.32288276099486,51.2163581790646,52.31456441132932,4939600
2022-02-23,50.417659759521484,52.23136465109739,50.25126737761865,51.798737475941266,5640300
2022-02-24,49.26121520996094,49.45256898674671,47.56398626751592,48.712112101961814,10624400
2022-02-25,52.389442443847656,52.48096015915789,49.9351166985194,50.068232509771214,8405100
2022-02-28,51.76546859741211,52.023378731932,49.876885583797886,50.326152698662604,8099400
2022-03-01,48.37932205200195,51.16643556533681,47.81357909591763,50.9834001460945,8964000
2022-03-02,50.4925422668457,50.950130880557644,48.96170872626527,49.136425821378715,6482900
2022-03-03,50.37607192993164,50.9750947827937,49.68553451786624,50.742142861672626,4755600
2022-03-04,49.053226470947266,49.26954166547721,48.53740305694219,48.96170874816394,8031300
2022-03-07,46.78194046020508,48.96171344677906,46.74866070804808,48.70380330189192,8460000
2022-03-08,47.29776382446289,48.83691903431005,46.80689858923862,47.75535248133184,6575800
2022-03-09,48.68716049194336,49.60233140499009,48.354369337890915,49.003311770920014,6243100
2022-03-10,47.963340759277344,48.51244391182952,47.38095785839315,48.01325720804387,4919800
2022-03-11,47.53902816772461,48.928427400986116,47.49743007244327,48.387642641135045,5046500
2022-03-14,48.16300964355469,49.0532222219579,47.83854005359686,48.29612545414588,5249900
2022-03-15,48.27116775512695,48.97002656174519,47.59726717147431,48.562357602163175,6405500
2022-03-16,49.67720031738281,49.89351548071409,48.82026753442626,48.96170168652425,9414800
2022-03-17,48.953392028808594,48.9617103794608,47.90510529139017,48.90347240370042,9084400
2022-03-18,48.72044372558594,48.97003552210515,47.430880291728236,48.94507729457279,16014800
2022-03-21,48.770355224609375,49.59401156052792,48.26285015814489,49.16970269320482,6689900
2022-03-22,49.67720031738281,50.15142556365305,49.202975071112576,49.54408451446013,5183600
2022-03-23,48.40428924560547,49.502495617163326,48.23789366760816,49.25290383703321,4964500
2022-03-24,48.91178894042969,48.92010729023365,48.163010508820115,48.645557314464355,5929100
2022-03-25,50.00999069213867,50.08486852856372,48.77866873938424,49.02826046955739,7369200
2022-03-28,49.55241394042969,49.57737216566729,48.312770249346244,49.27786076788973,8356600
2022-03-29,50.38438415527344,50.83364803826529,49.96839684506265,50.500860094335444,7414300
2022-03-30,48.87018966674805,50.45926103445806,48.5623567779841,50.38438319310078,4995600
2022-03-31,47.17295837402344,49.14473720040672,47.17295837402344,48.64555373191739,7429000
2022-04-01,46.033164978027344,47.83854868320213,45.79189153601642,47.422561303348196,6637200
2022-04-04,45.98323440551758,46.282745755523365,44.96822442466043,45.67540470633656,5407100
2022-04-05,46.05811309814453,46.59057631971573,45.608846064794655,45.800199836688606,5845500
2022-04-06,45.54228973388672,45.99155359335672,45.301016344901164,45.63380427140741,5755500
2022-04-07,44.82679748535156,45.816846230523126,44.2444145637141,45.65877218091033,5393500
2022-04-08,44.818477630615234,45.34262259698675,44.43577001809775,44.78520105358933,4688400
2022-04-11,44.62712097167969,45.500693743970125,44.186175410388564,44.43576717765276,4734800
2022-04-12,43.83673858642578,45.068060558944424,43.59546837516665,44.51063912506814,5413100
2022-04-13,43.26268005371094,43.79514330042114,42.97980855717973,43.404114215110894,10198500
2022-04-14,43.379154205322266,43.92825730258972,42.996446659230344,43.29595801660008,8406900
2022-04-18,43.81178283691406,44.044734712126775,43.17948352973759,43.246039848199246,8065500
2022-04-19,43.270999908447266,43.57051128857192,41.84000567657483,43.26268155843554,10759600
2022-04-20,43.736907958984375,44.502326302416854,43.354200374133875,43.429078221059534,8541400
2022-04-21,43.35419464111328,44.618796347668955,43.171159223114245,44.16121097640242,6896100
2022-04-22,42.33919143676758,43.562195245808525,42.255995237318245,43.503957271447675,7083000
2022-04-25,42.29759216308594,42.35583013583041,40.70019915339501,41.80672698300292,12589400
2022-04-26,42.0396842956543,42.63870714825818,41.523860824652004,41.706896290443616,10290100
2022-04-27,42.0396842956543,42.480633083813,41.773452621992995,42.08128557332104,7917800
2022-04-28,41.80672836303711,42.08128153537956,41.19106569318929,41.715210638922954,13012500
2022-04-29,40.22597885131836,42.13120183590248,40.11782441632867,41.85665181220236,10699000
2022-05-02,40.71683883666992,40.99971034884461,39.91814392243485,40.933154026190756,11638100
2022-05-03,41.27426528930664,41.76513048823919,40.983072240670815,41.16610768988581,11034600
2022-05-04,42.23102951049805,42.24766938342891,40.899871413341536,41.232662524496284,16563600
2022-05-05,41.141143798828125,41.75680321347842,40.392365404003534,41.63200893016177,8162500
2022-05-06,40.816680908203125,41.20770686848914,40.07622074142389,41.15779041647441,9088600
2022-05-09,40.40900802612305,40.924831414472564,40.05958020058248,40.583721938893326,8961000
2022-05-10,39.48551559448242,40.97475095958205,38.98633208071103,40.766757299888745,9444300
2022-05-11,38.9780158996582,40.6336470541922,38.91977792086004,39.58536026209354,7184500
2022-05-12,39.06206130981445,39.28902008230839,38.255095716530406,38.89394334427263,7684600
2022-05-13,38.927581787109375,39.50758561301508,38.55772148660314,39.4067160795064,8455800
2022-05-16,38.76786422729492,39.19656531209361,38.263513405091636,38.96119881602566,7753400
2022-05-17,40.255706787109375,40.3649839837424,39.39830775027984,39.59164235565543,10602800
2022-05-18,38.969608306884766,39.961501082754076,38.85192665662645,39.83541176800047,7114800
2022-05-19,38.76786422729492,39.18815764799243,38.448443536305525,38.5913417601822,7637100
2022-05-20,38.398006439208984,39.27221750716902,37.700317834995424,38.97801019434064,9730300
2022-05-23,39.73454284667969,40.15483629349468,38.994825482441634,39.25540857383736,6484700
2022-05-24,39.34786605834961,39.81859257580539,38.4568429685336,39.65888225118059,6402400
2022-05-25,40.02873992919922,40.289322974715674,39.20496530326897,39.20496530326897,7800000
2022-05-26,40.69281005859375,41.01223396554719,40.30614086977793,40.339765114001324,5331500
2022-05-27,41.29803466796875,41.306439125943974,40.633970257468484,40.718027663558736,5361600
2022-05-31,41.810791015625,42.09659067074015,40.62556369429717,40.76846191856258,9984100
2022-06-01,41.121498107910156,42.03773770091812,40.61714739160163,41.94527586130902,7190400
2022-06-02,41.81919479370117,41.844411372494925,40.835709741733375,41.08788514942376,5355100
2022-06-03,41.264400482177734,41.8780283772483,41.205559670772594,41.499763727798296,5701000
2022-06-06,41.60905075073242,42.36558022883408,41.45774485511209,41.777168768819955,4415800
2022-06-07,41.82760238647461,41.93687958041269,40.970206577374306,41.18035330063281,3970300
2022-06-08,41.23078155517578,41.56701755500815,40.84411239997745,41.35687085675895,4064600
2022-06-09,40.104400634765625,41.19716297449356,40.07918405361781,41.10470110809004,5481000
2022-06-10,38.624961853027344,39.5832302361948,38.47365598130785,39.23018213332133,6902900
2022-06-13,39.2049674987793,39.734538076027974,37.616258973617406,37.80118909411977,15682700
2022-06-14,38.868736267089844,40.05396356415588,38.45684731122013,39.30583859506256,9928400
2022-06-15,39.15453338623047,39.742941561473074,38.65858706239452,39.322648175394605,7075800
2022-06-16,38.532501220703125,38.75946005433615,37.93568532851128,38.524096763124575,7801200
2022-06-17,38.910762786865234,39.40670911496006,38.43162857914801,38.6838039716438,13955600
2022-06-21,39.549617767333984,40.070780810263074,39.19657276597119,39.75976451764562,5355100
2022-06-22,39.70091247558594,39.82700177280893,39.003227128948396,39.162937459724695,6129800
2022-06-23,39.389892578125,39.76815722774909,38.75945256427942,39.48235762654242,5791500
2022-06-24,41.37368392944336,41.42411708596982,39.56642100028035,39.56642100028035,6054000
2022-06-27,40.82730484008789,41.609050901429384,40.4238235191672,41.45774500526107,8440600
2022-06-28,40.6591911315918,41.76876568339362,40.499480760521095,41.10470440935294,4886900
2022-06-29,39.843814849853516,40.84411196858432,39.8017829453803,40.72643033186118,5353000
2022-06-30,39.86903381347656,40.196862165850234,38.55771719739755,39.078883343484,5682900
2022-07-01,40.51628494262695,40.65918316137572,39.30583788224114,39.76816319368528,5086400
2022-07-05,40.886138916015625,40.886138916015625,39.29743047510236,39.71772384916762,4957300
2022-07-06,40.0539665222168,40.936582113881265,39.8774408386163,40.68440668863206,8800200
2022-07-07,40.3565673828125,40.73483205156459,40.24729341696048,40.449032435905664,4905300
2022-07-08,40.09598922729492,40.718021636086355,39.96149547350888,40.60034000234657,3922000
2022-07-11,39.843814849853516,40.163235519078015,39.55801521498984,39.70091342912962,6672700
2022-07-12,39.68410873413086,40.398609558275595,39.263815263428555,39.33106375790158,3948000
2022-07-13,38.759464263916016,39.32265597379197,38.381199500111805,39.1965698569137,4792400
2022-07-14,37.99452209472656,38.16264008760712,37.557416595870706,37.93568127820596,6074200
2022-07-15,39.85222625732422,39.986720037976546,38.330762758344726,38.58294140282942,6939500
2022-07-18,39.59164047241211,40.85252078308236,39.38149375396707,40.364982063713775,6735400
2022-07-19,40.6087532043457,40.96179815371734,39.59164064561785,40.96179815371734,8117200
2022-07-20,40.36497497558594,40.59193377644254,39.92786949318626,40.29772649833188,5054900
2022-07-21,40.64237594604492,40.70962443822092,39.835413279440495,40.2052735732393,5015500
2022-07-22,40.46585464477539,40.96180106599929,40.11280967030313,40.7348422081594,4636100
2022-07-25,41.281219482421875,41.63426440970685,40.53309772134101,40.95339113377604,3559300
2022-07-26,40.74324035644531,41.5417951950119,40.591934486560625,41.04585209621469,4540300
2022-07-27,41.65107727050781,41.97050116747339,40.760057272539456,40.91976761773008,5415200
2022-07-28,41.659481048583984,41.80237925885901,40.94498037745679,41.54179620845959,4961100
2022-07-29,42.424415588378906,42.542097223903184,41.70151044834797,41.709914905206524,6341100
2022-08-01,42.28151321411133,42.5673128396082,41.65107314668447,41.98730913194573,6086100
2022-08-02,41.70991897583008,42.38238782058614,41.57542520687887,42.172241106188345,4124100
2022-08-03,42.36558151245117,42.567320575001034,41.68470496153009,42.02934546608863,4527100
2022-08-04,41.41571807861328,42.42442302747207,41.2896287575367,42.25630500156484,4386500
2022-08-05,42.1134033203125,42.264709222119315,41.19716345118661,41.19716345118661,3685600
2022-08-08,41.81919479370117,42.44963491621928,41.77716609351682,42.30673669427563,4002200
2022-08-09,41.85281753540039,42.07136869247108,41.49976941202875,41.97890363143127,3433500
2022-08-10,42.78587341308594,43.180947065640176,42.38238888947202,42.525290326290374,3962800
2022-08-11,43.329402923583984,43.550209899908765,43.049144550887064,43.31241727314646,3387300
2022-08-12,43.94935989379883,43.966345542422914,43.22748764552196,43.55869969448855,3511900
2022-08-15,43.669097900390625,43.81347428178521,43.22748403180719,43.39733402448653,4134900
2022-08-16,44.170166015625,44.34851370298222,43.47377063354417,43.567190079378626,3360600
2022-08-17,43.48226547241211,43.86443446353222,43.32939787596407,43.58417612348374,4090100
2022-08-18,43.694576263427734,43.737038759918676,43.27843602258254,43.56718553427409,3011400
2022-08-19,42.99818801879883,43.53322139391862,42.70094401516204,43.43980518216217,3910300
2022-08-22,41.9111328125,42.63300839343394,41.74128278374532,42.33576436374998,4253300
2022-08-23,41.84319305419922,42.20837644400371,41.78374489675957,42.02153752651817,3314000
2022-08-24,41.70730972290039,41.99605929515813,41.4864995113425,41.69881527801197,2544900
2022-08-25,42.14892578125,42.32727024296823,41.5544410025078,41.707308609603835,2520000
2022-08-26,40.92597961425781,42.44616104331003,40.90899396681979,42.267816604732324,4500600
2022-08-29,40.71366882324219,41.10433228237924,40.45039935519578,40.67970076392359,4850400
2022-08-30,40.24657440185547,41.21473373598658,40.136169301040816,40.98543232953215,5315800
2022-08-31,39.779476165771484,40.54381410623325,39.74550487071074,40.373960870610524,8062500
2022-09-01,39.80495071411133,39.94083264681118,39.23594613333097,39.86439885718746,5484200
2022-09-02,39.482234954833984,40.65421546310121,39.23594792814904,40.32300343947434,5011100
2022-09-06,39.083091735839844,39.703053465360654,38.62448884342218,39.703053465360654,5921900
2022-09-07,40.00028610229492,40.17863379489036,38.743377247972006,38.87925919871823,4382900
2022-09-08,40.80708312988281,40.841054424599015,39.59263688106668,39.838923908237724,4727700
2022-09-09,41.17226791381836,41.36759800586508,40.97693782177165,41.087342913687124,4070600
2022-09-12,42.072486877441406,42.30178826028827,41.4949878183488,41.58840726021393,5574300
2022-09-13,40.0087776184082,41.376091470042994,39.94932947178765,41.27417758468117,7416100
2022-09-14,40.212608337402344,40.586286191973784,39.6096322862116,40.20411713147198,5477200
2022-09-15,40.86652755737305,41.282667780579786,40.23807486071065,40.37395678753068,5275400
2022-09-16,40.44190216064453,40.959953096283115,40.076718820429825,40.54381605071456,17268400
2022-09-19,40.75613021850586,40.80708392188813,39.821939033764735,39.91535847620695,9313100
2022-09-20,40.161643981933594,40.586275438947865,39.87289446157665,40.433407855248255,4126500
2022-09-21,39.066097259521484,40.365468588194545,39.05760605514218,40.20410978753827,5109600
2022-09-22,38.04698181152344,39.346356406537346,37.97054801181674,39.25293695804235,5199300
2022-09-23,37.65631866455078,37.885620045744616,36.97690896453996,37.5883760747092,7158700
2022-09-26,36.874996185302734,37.741244793667335,36.74760868505214,37.26565960924205,6548200
2022-09-27,36.552284240722656,37.34209917510106,36.14463834550825,37.07033524495813,5511900
2022-09-28,37.57988739013672,37.82617443530178,36.69665310107103,36.99389709203338,6901900
2022-09-29,37.342098236083984,37.63933901480281,36.93445235112038,37.138273673761425,5190900
2022-09-30,36.97690963745117,37.92808323477591,36.925952694142666,37.520437407351025,6455500
2022-10-03,37.97054672241211,38.24231061443376,36.90896800680219,37.48646708726848,5618800
2022-10-04,39.541683197021484,39.575651252072475,38.3696994462163,38.38668509358229,6582000
2022-10-05,38.94720458984375,39.397312976562425,38.79433697932015,38.93871014499162,4977700
2022-10-06,38.11492156982422,38.77734562485795,37.95355953818605,38.60749238929825,6052200
2022-10-07,36.96842575073242,37.996036676313445,36.84103821560491,37.877137107973,6178000
2022-10-10,36.781578063964844,37.342091459024765,36.50131974659442,37.17223822786217,4851700
2022-10-11,36.03422927856445,36.841029774919754,35.86437603096103,36.50132327971292,7539400
2022-10-12,35.72849655151367,36.32298133939486,35.558643292164554,35.89834981086279,5951300
2022-10-13,37.43552017211914,37.69878966794453,34.87923634706737,35.22743409935396,7415800
2022-10-14,36.518306732177734,38.37819142039184,36.41639608561724,37.63933356338638,9559500
2022-10-17,37.732757568359375,37.94507333084635,37.291140393624694,37.36757419770726,8780100
2022-10-18,36.8325309753418,37.953557741411444,35.58411671839384,36.31448008926641,10932100
2022-10-19,36.04271697998047,37.01937062901508,35.83040125103216,36.39091464586846,9860300
2022-10-20,34.327213287353516,36.32298353595325,34.208316970523555,35.92382883829697,10601300
2022-10-21,35.252906799316406,35.38029754914501,33.97901225975571,34.250779408702165,11680200
2022-10-24,36.229557037353516,36.41639592160716,35.26988900416118,35.42275659315398,7350900
2022-10-25,37.24018478393555,37.274156084679014,35.88985635635753,35.99177025858792,10352200
2022-10-26,37.54591369628906,37.9026058147391,37.29113546292819,37.29113546292819,6010600
2022-10-27,37.52043914794922,38.20834333596165,37.41852849628556,37.97054749583817,5305800
2022-10-28,38.259300231933594,38.267794676761184,37.63084738131385,37.79220619654185,4813900
2022-10-31,38.038490295410156,38.42915049529742,37.8516513999505,38.11492409449082,8686600
2022-11-01,38.063968658447266,38.43764322450811,37.749742245176066,38.37819507171846,5814300
2022-11-02,37.29963684082031,38.49710101963472,37.27415998243937,37.68180591494386,9173400
2022-11-03,36.229557037353516,37.01088062994793,35.78793991800555,36.83253294966898,8659200
2022-11-04,37.078826904296875,37.31661953616237,36.577761544521984,36.73912036761905,6816100
2022-11-07,37.350582122802734,37.54591220192779,36.96841316813159,37.44400156057578,5209100
2022-11-08,37.78371047973633,37.936574831883576,37.333598908383514,37.46098964813416,5232800
2022-11-09,36.68379592895508,37.7751156553777,36.56349353482878,37.59466206418825,7675700
2022-11-10,39.56246566772461,39.64839499267183,37.88681760730482,37.88681760730482,8539300
2022-11-11,40.61082458496094,40.782686544103065,39.62262405638358,39.79448601552571,8323000
2022-11-14,39.57107162475586,40.619426814474956,39.53669857112691,40.24992468295084,6852500
2022-11-15,39.81167221069336,40.791281108326785,39.06407318629379,40.25850871158347,6244900
2022-11-16,39.124229431152344,40.02650400619719,39.107042905361574,39.871828552074916,7217200
2022-11-17,38.77191162109375,38.85784424511322,38.29070203856244,38.5313068298281,3819500
2022-11-18,39.235939025878906,39.65700070006091,38.840658778602425,39.42498752587832,4539700
2022-11-21,39.63981246948242,39.768706486486934,39.16719451781045,39.28749691154575,4563400
2022-11-22,39.889007568359375,40.33584735753373,39.760113555593904,40.026499760100045,3798600
2022-11-23,39.89760208129883,40.155393382316774,39.71714849838569,39.768704791792736,4930100
2022-11-25,40.31865692138672,40.44755419963936,39.966341409222636,40.09523868747528,1651000
2022-11-28,38.94377899169922,40.08665846468969,38.86644125835404,39.89760994362483,5783800
2022-11-29,39.450767517089844,39.49373219327942,38.875033644561256,39.00392767312998,7471400
2022-11-30,40.224143981933594,40.25851375538904,37.852455879793865,39.29609126074989,9633800
2022-12-01,39.7171516418457,40.78268997785162,39.51951151948968,40.438969308621594,7945700
2022-12-02,38.72035598754883,39.41639222505294,38.557085638113946,39.19297395476637,9505000
2022-12-05,36.597869873046875,38.48834513377001,36.348670161107236,38.23914542183037,12280900
2022-12-06,35.9963493347168,36.62364269636377,35.55810445504356,36.54630497901035,10523400
2022-12-07,35.95338821411133,36.27992563939571,35.48936186418003,35.86745886545496,7448300
2022-12-08,36.14244079589844,36.27992973607039,35.729973975382556,36.06510306217703,9584500
2022-12-09,36.15961837768555,36.42600128949645,35.95338337945038,36.02212619353271,10891000
2022-12-12,37.345462799072266,37.47436009595501,35.68700085435281,36.039316417438606,11615700
2022-12-13,37.11345291137695,38.69457727329733,36.87284809912648,38.290705378161846,9604900
2022-12-14,36.2799186706543,37.28530562439355,36.04790554025434,37.07907391603397,9994800
2022-12-15,35.65263366699219,36.00494925561491,35.454990256647676,35.74715464316368,10415700
2022-12-16,35.48935317993164,35.575285785554826,34.84487338872952,35.35186428892827,24293200
2022-12-19,35.334686279296875,35.772934478556955,35.05970843105289,35.48077010504841,7229600
2022-12-20,35.334686279296875,35.85027220325023,35.171419206275296,35.248756930968575,5364700
2022-12-21,35.87604904174805,36.02212958416935,35.661222400779494,35.84167599247442,5144500
2022-12-22,36.50334167480469,36.52911982222232,35.35187077223153,35.57529230983214,8405700
2022-12-23,36.597869873046875,36.769731856384375,36.41741626564011,36.520532144444736,4387000
2022-12-27,36.81269073486328,37.01033083727572,36.3830374831856,36.649423679303666,3951800
2022-12-28,36.563499450683594,37.010339328303075,36.51194314657033,36.86425876265561,3986700
2022-12-29,37.122047424316406,37.190790250812356,36.606461474620744,36.68379920317536,4666200
2022-12-30,36.9759635925293,37.199385154136756,36.726767158729,36.82988303747376,4189200
2023-01-03,37.491546630859375,37.79230261967437,36.95877419639504,37.31108975957594,7269700
2023-01-04,38.5399055480957,38.866443023493545,37.42280745414997,37.912612028249214,8611400
2023-01-05,38.18758773803711,38.514125194779446,37.60325893249603,37.92979638923836,7688700
2023-01-06,39.407798767089844,39.588252355228335,38.05868775063556,38.12743056983361,5326200
2023-01-09,39.35624313354492,39.82026950205704,39.339056607526544,39.734340149959834,8979000
2023-01-10,39.52810287475586,39.78589419442711,39.13282263272698,39.39920557592299,8294700
2023-01-11,39.846046447753906,40.01790842474851,39.493730870012506,39.811676674750636,10156000
2023-01-12,40.54208755493164,40.68816811035722,39.95775877723995,40.18117706141869,6183000
2023-01-13,40.8772087097168,41.0232925148672,39.66558671238463,40.13820461752948,8241600
2023-01-17,40.51630401611328,40.9029893304562,40.284290860710975,40.842838135869776,10012800
2023-01-18,39.30467987060547,40.413182739463146,39.19296911027308,40.14679982835511,7793400
2023-01-19,40.99751663208008,41.27249447870691,39.330463027155595,39.622627398945916,9714100
2023-01-20,41.1779670715332,41.28967783753198,40.53348717830015,41.09203773029983,9187900
2023-01-23,41.96854019165039,42.166180343211586,41.08345532205132,41.418584417220096,7514100
2023-01-24,41.53887939453125,44.04805298553667,41.33264437705404,44.04805298553667,5204000
2023-01-25,41.91697692871094,41.934163454902475,40.97174093413931,41.22094064692455,5047500
2023-01-26,41.9857177734375,42.518486906650146,41.6076208005817,42.18335788288744,5506600
2023-01-27,41.96854019165039,42.32085581451948,41.89979408084911,42.028691399604014,4150500
2023-01-30,41.63339614868164,42.037267931653055,41.573244962324324,41.590431483854104,4868800
2023-01-31,42.44114685058594,42.47551989677005,41.34982721919602,41.47012960284633,5962200
2023-02-01,42.64738464355469,43.025478342366824,41.90838049215406,42.06305593212137,8539100
2023-02-02,43.300453186035156,43.45512861532951,42.53567094007647,43.0082888504785,6484800
2023-02-03,43.04266357421875,43.41216563882468,42.681753132466675,42.78487227467825,6504900
2023-02-06,42.62159729003906,42.88798346137458,42.40677068418605,42.88798346137458,4637100
2023-02-07,42.99110412597656,43.2059307558733,42.12320598351121,42.320846089656904,6181900
2023-02-08,42.329444885253906,42.84503085116858,42.209142476605585,42.38959936757285,4541300
2023-02-09,41.6259765625,42.64208997891127,41.513073967465374,42.61603680812127,4139800
2023-02-10,42.01679229736328,42.051528755423874,41.45228261355051,41.51307555636519,5356000
2023-02-13,42.64208984375,42.720252668839024,41.695452656768175,42.01679055600459,4796000
2023-02-14,42.398921966552734,42.833159187277744,42.112327123617106,42.47708479880192,4131900
2023-02-15,42.46839904785156,42.520505391016144,41.86046631151861,42.01679196694613,2771800
2023-02-16,41.652034759521484,42.08627199424452,41.46965591604993,41.869153376883,4783800
2023-02-17,42.112327575683594,42.14706403585951,41.47833831120832,41.68677363709934,4333600
2023-02-21,40.93988037109375,41.85177777693966,40.7488149537476,41.704138727511626,4834300
2023-02-22,40.887779235839844,41.09621125132904,40.53170152619209,40.965938756922924,5716900
2023-02-23,40.54037857055664,41.35674317924239,40.33194329122923,41.243843911199484,7263600
2023-02-24,40.887779235839844,40.9138324095342,39.984565000807585,40.219053502958296,5382300
2023-02-27,40.93988037109375,41.55649636511685,40.705391898796215,41.28727143663826,4659700
2023-02-28,40.77487564086914,41.10489685586403,40.7053960954104,41.026734023706474,6423900
2023-03-01,40.557762145996094,40.861726913297126,40.314587019187776,40.47959930398047,5497100
2023-03-02,39.51558303833008,40.30589456657801,39.04660609287305,40.13219903348651,8375800
2023-03-03,40.15825653076172,40.19299298788363,39.532953921031876,39.862975110941164,5544100
2023-03-06,40.071407318115234,40.50564450762748,39.958504721211334,40.27115602773485,5702000
2023-03-07,38.282352447509766,39.84560567654784,38.11734019420543,39.68928002234735,7193600
2023-03-08,38.013126373291016,38.525526421863695,37.8133776510294,38.343147585837926,5398600
2023-03-09,36.145904541015625,37.6744213800546,35.93747253485295,37.59625854950185,13061700
2023-03-10,33.731544494628906,35.399013686465906,32.87175341492328,35.12978875341104,26845600
2023-03-13,27.99961280822754,30.909000379574724,26.497151014672358,28.89414027447521,61976500
2023-03-14,27.686960220336914,31.43008402537376,27.244039780799838,30.74399183965684,46857500
2023-03-15,27.878028869628906,28.590177662527637,26.566633891378945,27.313522457825698,38942600
2023-03-16,28.607545852661133,29.12863248607572,24.925216212106115,27.686963442522377,42679800
2023-03-17,26.54057502746582,27.964874053275693,26.349511271441116,27.878024632605385,46869400
2023-03-20,26.84454345703125,28.164624936959193,26.74901074336384,26.957446056180633,26558000
2023-03-21,29.26758575439453,29.302325522909264,27.695646015252933,27.990927421694817,27948700
2023-03-22,28.216733932495117,29.74524737647115,28.08646145091508,29.276270418343216,28020600
2023-03-23,28.286211013793945,29.458650131543077,27.99092958453586,28.381743728107878,21065000
2023-03-24,28.564119338989258,28.859400734976507,27.634852098404863,27.82591750550442,18651900
2023-03-27,28.72913360595703,30.457395738340992,28.694393836218964,29.61497454351021,19298700
2023-03-28,29.024415969848633,29.31969743002815,28.59886532348147,28.70308133502504,11571400
2023-03-29,29.93631362915039,29.944996915445238,29.23284817245878,29.415227001352818,12912100
2023-03-30,29.397855758666992,30.587668017116197,28.88545575378573,30.38791931188679,13962000
2023-03-31,29.614974975585938,29.858150054333482,28.972305790889248,29.736564171443128,12628200
2023-04-03,28.77255630493164,29.8494626497262,28.694393480473426,29.519444780206406,15191400
2023-04-04,27.747756958007812,29.18942428872507,27.270095057623934,29.102574863400644,18545100
2023-04-05,27.808547973632812,27.895394079976708,27.217985174187856,27.43510375301419,11581800
2023-04-06,28.43385124206543,28.711762764779934,27.825918543764946,27.93881782220312,10843400
2023-04-10,28.80729103088379,29.29363783307301,28.173305187456698,28.225414838287648,11562900
2023-04-11,29.26758575439453,29.458647855292217,28.677022941510764,28.815978702603022,8744700
2023-04-12,28.842031478881836,29.61497309646916,28.65965266611853,29.38917123013839,11729800
2023-04-13,29.38917350769043,29.701824818352065,28.58149205947017,29.0157292547298,11658300
2023-04-14,28.87677001953125,30.06657886413395,28.746497551399404,29.771297474272718,14777800
2023-04-17,29.753934860229492,29.823414410332216,28.41648665042497,28.894146961995677,15347600
2023-04-18,29.397855758666992,29.693137173564104,29.0852077719819,29.54549812259893,13691100
2023-04-19,30.2142276763916,30.735311034411612,29.363123091376412,29.588924996393832,17410500
2023-04-20,29.076522827148438,29.927627350745638,28.920197168429873,29.34575108671195,11668400
2023-04-21,27.33088493347168,28.83334669340191,27.2961468237215,28.80729021224363,22814800
2023-04-24,27.634851455688477,27.678276163784464,27.05297361906817,27.35693994980712,12735900
2023-04-25,26.42767333984375,27.365625522049452,26.288717583700926,27.12245212055787,11361700
2023-04-26,26.575315475463867,27.29614912063129,26.271349121276394,26.392935000358037,12232000
2023-04-27,27.25272560119629,27.64353973888597,26.59268652318351,26.64479452271432,11092900
2023-04-28,28.294898986816406,28.37305850635859,26.844544942025976,26.992185663823093,15199500
2023-05-01,27.374313354492188,28.251471036587052,27.29615052634774,28.164624922189624,10780000
2023-05-02,25.289976119995117,27.19193392824051,25.177073516511033,27.157195812426302,21140800
2023-05-03,24.430185317993164,25.94133230436956,24.27386130992166,25.680788977949973,21667000
2023-05-04,22.762712478637695,24.195696516593863,22.198204468540354,23.648556734996642,37831300
2023-05-05,24.91653060913086,25.185757205094088,23.457493374970817,23.82225268351083,24205300
2023-05-08,24.968637466430664,26.03686051526456,24.569140062079786,25.828426870844535,16557100
2023-05-09,24.838367462158203,25.0033780572625,24.25648956451155,24.60387898329685,10184100
2023-05-10,24.230436325073242,25.368137367345476,23.935154885631057,25.272606306220197,11861000
2023-05-11,23.743703842163086,24.05344314241998,23.44281442910706,23.92954809749458,16628500
2023-05-12,24.159637451171875,24.177337224869007,23.610957970107446,24.035742411178614,10733700
2023-05-15,24.664072036743164,24.70831978512886,24.106540954600337,24.133090616397798,11183800
2023-05-16,24.044591903686523,24.823363366211513,24.044591903686523,24.557873516882,11692100
2023-05-17,25.59328842163086,25.628686282979277,24.51362748738115,24.557875236052528,18087200
2023-05-18,26.407455444335938,26.487102730103192,25.265845473634027,25.469389475007656,17349200
2023-05-19,26.2835636138916,26.726047838449084,25.566737954789268,26.566753247537452,13551400
2023-05-22,27.062334060668945,27.062334060668945,26.19506541915588,26.504804701965774,10179400
2023-05-23,27.21278190612793,28.221645475676606,27.11543482908604,27.1685341554417,15112600
2023-05-24,26.90304183959961,27.283578561518947,26.43400961876796,27.009238801415204,9610400
2023-05-25,27.018085479736328,27.026935366165073,26.345509302640775,26.75259395070366,9390600
2023-05-26,27.16853141784668,27.41632149743095,26.602150476061237,26.991537057049356,7997200
2023-05-30,27.513668060302734,27.557915805719286,26.752594685946345,27.48711840028683,10092000
2023-05-31,26.96498680114746,27.24817810975885,26.05347042061491,27.08888352614722,25043000
2023-06-01,27.398622512817383,27.77030933084134,26.903040651433226,27.469421609529917,18100400
2023-06-02,28.389789581298828,28.77032291012067,27.593316623563027,27.690663693495928,14179500
2023-06-05,28.088899612426758,28.64642901728796,27.69951300500136,28.64642901728796,9267400
2023-06-06,29.248207092285156,29.77033862165657,27.823409011475025,27.911906195561322,10852100
2023-06-07,29.62874412536621,29.867686018621605,29.026965292549704,29.372102457511886,9217100
2023-06-08,29.336706161499023,29.734939272705564,28.77917507956834,29.664143550492753,8824800
2023-06-09,28.876522064208984,29.6552918856295,28.69952769538185,29.451749543038673,8322300
2023-06-12,28.274742126464844,29.28360560054732,27.080034403610508,28.63757904917673,18040200
2023-06-13,28.67298126220703,29.1066139444513,28.044652738259902,28.292442842399485,13978800
2023-06-14,28.071195602416992,29.283602991007477,27.841103627650067,29.009261585741235,9262800
2023-06-15,28.513681411743164,28.708372153785415,27.84110357301871,27.920750859818018,9164300
2023-06-16,28.230493545532227,28.63757991499431,27.734911680396255,28.487133521284584,21751400
2023-06-20,27.74376106262207,28.186245284711916,27.40747210858551,28.044650468678636,11330900
2023-06-21,27.87650489807129,28.115446773732575,27.478268438635812,27.788007719536374,6919300
2023-06-22,27.088884353637695,27.885355608082552,27.018086946308003,27.876505721173423,9315400
2023-06-23,26.54905128479004,26.911888183980043,26.416306365954732,26.628698573679866,14164300
2023-06-26,26.628698348999023,26.982685358887466,26.49595343128376,26.628698348999023,11396900
2023-06-27,26.98268699645996,27.168531242894737,26.28356282049352,26.56675244559098,8421400
2023-06-28,26.96498680114746,27.009236234341405,26.60214988867354,26.94728871581317,7025100
2023-06-29,27.11543083190918,27.425170104883527,26.92073839446916,27.239327553864864,9988700
2023-06-30,26.858793258666992,27.416322649094777,26.77914596175682,27.398622874682875,11873000
2023-07-03,27.779159545898438,27.947304026689125,26.938440517831776,27.009237927436793,4333600
2023-07-05,27.425172805786133,27.973854002342815,27.16853282606532,27.345525508093335,6900300
2023-07-06,27.274728775024414,27.345526187182458,26.46055769123517,27.14198383822101,12587900
2023-07-07,28.212791442871094,28.46058319896098,27.318974857137505,27.318974857137505,8703800
2023-07-10,28.487131118774414,28.566778408518427,27.858804375175225,27.947301551328938,8340200
2023-07-11,28.743776321411133,29.00041799525361,28.257044324187508,28.354391398809614,11562600
2023-07-12,29.22165870666504,29.920784594353062,29.053515916009214,29.48714856723777,10177800
2023-07-13,29.752639770507812,29.867686619773043,29.168560700534393,29.416354174020036,9538900
2023-07-14,29.292451858520508,30.28361886903609,29.062361566439016,30.28361886903609,8211900
2023-07-17,29.584495544433594,29.69069081315251,29.062364024059388,29.062364024059388,6141000
2023-07-18,30.540258407592773,30.5756579542796,29.239357137774473,29.29245308191813,10738500
2023-07-19,31.49602699279785,31.664169781495918,30.557959228750683,30.64645809850232,11123800
2023-07-20,29.257055282592773,30.522560311169475,28.94731433015393,30.01812523867686,19275900
2023-07-21,29.248207092285156,29.70839109917918,28.78802308539113,29.70839109917918,10883700
2023-07-24,29.646440505981445,29.894230570225393,29.274755409615523,29.29245180630172,9652600
2023-07-25,28.832275390625,29.734940291103047,28.823423815115984,29.734940291103047,13167000
2023-07-26,29.522546768188477,29.752637069947422,29.31015286389157,29.44289947606296,10925900
2023-07-27,28.31014060974121,29.832285741285922,28.301290722657747,29.664142950530252,14210700
2023-07-28,29.212804794311523,29.398650720140864,28.82341992168552,28.85881946716601,11455200
2023-07-31,29.398649215698242,29.74378632675486,29.053512104641623,29.478296501010252,11039900
2023-08-01,29.026968002319336,29.16856283644237,28.637583052452772,28.982720249634724,8550500
2023-08-02,28.59333038330078,28.717225419869468,28.221641897708164,28.672977674793017,9304300
2023-08-03,28.566781997680664,28.65528087289671,28.009252587367182,28.549082222637452,8520400
2023-08-04,28.380937576293945,28.779174049128414,28.318990055618215,28.318990055618215,8992800
2023-08-07,28.849971771240234,28.894222896982892,28.363239771053287,28.531385946746774,8999600
2023-08-08,28.68182373046875,28.73492304612507,27.398618963807962,27.788005505571874,18916000
2023-08-09,27.849952697753906,28.451733119310397,27.761457215234522,28.451733119310397,10060700
2023-08-10,28.317867279052734,28.38985416406296,27.831956234309374,28.04791688934006,10297600
2023-08-11,28.551828384399414,28.695802171060198,28.011925826270023,28.092911295804576,8851700
2023-08-14,27.508018493652344,28.209892014342596,27.3730432786781,28.1379051186028,11204300
2023-08-15,26.635177612304688,27.19307563451309,26.554192138709432,27.013109250314866,13327700
2023-08-16,26.185256958007812,26.68916519580241,26.059278611332015,26.5991811528348,12778900
2023-08-17,26.06827735900879,26.428213533250645,25.942300727805865,26.39221922930531,10166600
2023-08-18,25.897310256958008,25.996291162849776,25.591365530449806,25.645355271509217,9036100
2023-08-21,25.744338989257812,26.13126920197246,25.330413046713186,26.095274895532498,10975100
2023-08-22,25.24043083190918,25.816327762695675,25.150448491873494,25.69934797456429,11549700
2023-08-23,25.62735939025879,25.68135085029928,25.19543800775289,25.32141464857469,6480300
2023-08-24,25.969297409057617,26.050282879604598,25.56437005632271,25.69034669215004,9395800
2023-08-25,25.92430305480957,26.428213002099497,25.67234979746745,26.185256604260015,13120300
2023-08-28,26.428213119506836,26.518195445355715,26.077275526745375,26.248245035203375,6664400
2023-08-29,27.29205894470215,27.436032742186452,26.410219006035017,26.53619564975802,10349700
2023-08-30,27.220069885253906,27.409034835838533,26.95911632533847,27.28305820211545,7169400
2023-08-31,27.490022659301758,27.58900528930566,27.19307648559311,27.346048860915932,8276600
2023-09-01,27.804962158203125,28.209889483095083,27.66998695534008,27.7869650068073,7951500
2023-09-05,27.39103889465332,28.119906387656574,27.382040318652926,27.75097335315475,6381800
2023-09-06,26.74315643310547,27.256064991861045,26.581187206254352,27.130086638128446,10486600
2023-09-07,26.33823013305664,26.78814864554629,26.230248934885843,26.52719508447689,8523200
2023-09-08,26.797149658203125,26.878135135118857,26.194258727998825,26.545194650431615,12486900
2023-09-11,27.094093322753906,27.598001575273802,26.968114972396744,27.256064261568174,10262600
2023-09-12,27.004108428955078,27.714978762607846,26.923122962091707,27.328050296408566,10132400
2023-09-13,25.75333595275879,27.29205641432373,25.60036359257664,27.202072370163137,13317400
2023-09-14,26.473207473754883,26.59018554124175,26.005291771201314,26.140266992548636,12864000
2023-09-15,26.095272064208984,26.20325325550998,25.591363842844217,25.78032878224245,21392100
2023-09-18,25.798328399658203,25.915306461472365,25.411398191937323,25.870315295306064,10762000
2023-09-19,25.73533821105957,25.96029745815572,25.28541971686728,25.834319112695937,10592700
2023-09-20,25.528379440307617,26.374225083808962,25.411399655453277,26.086277484633776,7841400
2023-09-21,25.33940887451172,26.140263226591557,25.33041029887789,25.85231567152028,11550200
2023-09-22,25.258424758911133,25.50138116508996,25.06046123330407,25.4743854367469,7894000
2023-09-25,25.9512996673584,25.9872922555051,25.087455239899892,25.096453816012293,9385800
2023-09-26,25.42039680480957,25.98729339430989,25.348409909058688,25.627358915555483,7600800
2023-09-27,25.168441772460938,25.600364862598727,24.925487072368213,25.600364862598727,8551800
2023-09-28,25.40239715576172,25.55536950873918,25.042462712374395,25.159440762861724,7254200
2023-09-29,25.744338989257812,26.095274895532498,25.501382569697032,25.546373736443993,7883900
2023-10-02,24.862499237060547,25.825326411353448,24.79051233505112,25.645358298178312,8655100
2023-10-03,24.466571807861328,24.67353393384039,24.151628472156656,24.64653820233321,8735900
2023-10-04,24.448572158813477,24.628540251224685,24.025649372840945,24.574548793719565,6358200
2023-10-05,24.547555923461914,24.673532564229664,24.007653337409682,24.07964023446311,8328100
2023-10-06,24.583547592163086,24.87149516958122,23.908669813975724,24.268604285748395,11414800
2023-10-09,24.682527542114258,24.75451442867179,24.21461192133893,24.241607647411534,9145700
2023-10-10,26.320234298706055,26.716163090089037,25.825324596704576,26.428215502284324,17659700
2023-10-11,26.644174575805664,26.92312357002108,26.338229853258603,26.401218169729546,10602400
2023-10-12,25.987295150756836,26.770154196725187,25.92430682725539,26.50920060930137,9664800
2023-10-13,25.564369201660156,26.45520763159169,25.546372049628516,26.320232423960164,10700200
2023-10-16,26.095272064208984,26.20325325550998,25.573366691576915,25.969295437943494,12437400
2023-10-17,26.833139419555664,26.89612773577857,25.654353414561957,25.699344578634634,12739300
2023-10-18,25.861316680908203,26.69816541427743,25.699345736862163,26.518197317270058,10534900
2023-10-19,25.24942398071289,26.770148885353187,25.087453057386348,26.23024637969896,15234800
2023-10-20,24.439577102661133,25.34841283926424,24.250612123084863,25.231434763760333,14510500
2023-10-23,24.322593688964844,24.907487370721388,24.250606800691774,24.31359511339286,10653200
2023-10-24,24.79950714111328,25.015467814300724,24.34958864289706,24.34958864289706,10134300
2023-10-25,25.159439086914062,25.186434811983396,24.304595055350816,24.898487276454613,10127400
2023-10-26,25.654354095458984,25.95130024860749,25.069460365475912,25.087455801800868,10485200
2023-10-27,24.853496551513672,25.618356562500797,24.637534179794294,25.51037709294383,9322600
2023-10-30,25.357406616210938,25.465386093725495,24.87149381848687,25.08745448981884,8483200
2023-10-31,25.519376754760742,25.573366491838154,25.08745370923306,25.393398413176385,10506600
2023-11-01,25.636356353759766,25.79832729108318,25.312414479112938,25.5373737328837,10212100
2023-11-02,26.968114852905273,27.076096050403976,25.951299776180825,26.113270714277423,11165700
2023-11-03,28.065916061401367,28.299873883613483,27.67898588298529,27.75997134899344,12782000
2023-11-06,27.660991668701172,28.209892837421755,27.490022142717166,28.164899953582267,7182800
2023-11-07,27.463027954101562,27.660991492827545,27.283059852493928,27.445030800680193,5848200
2023-11-08,27.35504722595215,27.490022446355418,27.18407769807972,27.43603270145472,6516400
2023-11-09,26.68673324584961,27.57476632179508,26.4944797425037,27.44659557339278,9389800
2023-11-10,26.906452178955078,26.93391771339968,26.485324461167988,26.824057321792964,5851500
2023-11-13,26.869831085205078,27.007155254212527,26.521941327803223,26.65926724298222,5460200
2023-11-14,28.362092971801758,28.709982764652615,27.748709991306356,27.75786516966261,10641900
2023-11-15,29.213504791259766,29.378294506171258,28.49026317669138,28.49026317669138,12350200
2023-11-16,28.792375564575195,29.240968794919887,28.499415116641476,29.085334266337313,9671900
2023-11-17,29.268436431884766,29.295901968602188,28.74660345745653,29.094493271189908,6918800
2023-11-20,29.33251953125,29.46068852981066,28.883924543944392,29.05786943211361,6765900
2023-11-21,28.91139030456543,29.286743871442596,28.847305804782252,29.250124905640064,5245800
2023-11-22,28.828994750976562,29.25927762922817,28.68251539896871,29.23181384208396,5283300
2023-11-24,29.094491958618164,29.12195574792475,28.636743511009662,28.84730737782835,2586900
2023-11-27,28.783222198486328,29.04871538385401,28.682516983602877,28.88392566719807,8574300
2023-11-28,28.893077850341797,29.02124858677195,28.590963983181084,28.78321921474055,6113600
2023-11-29,29.414915084838867,29.945901447533355,29.112799444763528,29.213504658121973,9377100
2023-11-30,29.4240665435791,29.6895614532935,29.28674237304512,29.607166601738793,12301000
2023-12-01,30.45857810974121,30.586747099409138,29.259276077782815,29.314207141501804,11699900
2023-12-04,30.46773338317871,30.788159369067085,30.18393160099396,30.211395388342616,11962300
2023-12-05,30.348722457885742,30.48604489216726,30.00998610350255,30.32125517715473,7593000
2023-12-06,30.248018264770508,31.319147956155415,30.22970790777972,30.57759770591771,9173300
2023-12-07,31.090267181396484,31.438156906232212,30.54097055678662,30.6966033199004,16613200
2023-12-08,31.42900848388672,31.65788269600121,30.879708279405946,31.126892847570794,11424100
2023-12-11,31.520553588867188,31.694496715265924,31.22759490633091,31.32830010826706,9279700
2023-12-12,31.218442916870117,31.685348291938556,31.13604805611354,31.685348291938556,7117200
2023-12-13,32.49098587036133,32.573380729413635,31.00787840741975,31.245909552390177,11418000
2023-12-14,34.45930099487305,34.47761135101782,33.21422471577502,33.59873521012863,17528700
2023-12-15,33.598731994628906,34.633244317571084,33.42478537407242,34.276197645433406,15702400
2023-12-18,33.2691535949707,33.91915547979258,33.25084324003082,33.60788643050078,8973600
2023-12-19,33.61704635620117,33.745215359882955,33.113520281246416,33.33324106780335,9319100
2023-12-20,32.76563262939453,33.73605704136681,32.74732227357613,33.342393122129394,10834400
2023-12-21,33.40647888183594,33.44309609868312,33.0585891292148,33.07689948380992,7842100
2023-12-22,33.65365982055664,33.864227151494056,33.406478765242866,33.571264971337705,9644400
2023-12-26,33.97408676147461,34.074791968115235,33.48887457567139,33.60788664502564,6083900
2023-12-27,34.093109130859375,34.257895374588365,33.66282443196437,33.864234885463105,6483100
2023-12-28,34.13888168334961,34.267050695996616,33.98324538774705,33.98324538774705,6838000
2023-12-29,33.800140380859375,34.19380428658998,33.77267659424571,33.95577665380418,8058300
2024-01-02,34.34028625488281,34.50507597181954,33.42478937960918,33.534651519129284,8595500
2024-01-03,33.42478561401367,33.9374650636527,33.16844763536567,33.928311632562284,12154800
2024-01-04,33.84592056274414,34.212117217083225,33.67197392151541,33.928315421130534,9412000
2024-01-05,34.42268371582031,34.679025235070725,33.66282306791379,33.781838648553496,9362200
2024-01-08,34.78887939453125,34.79803282616194,34.102256774902344,34.312820625840686,7153200
2024-01-09,34.49592208862305,34.669865235406895,34.221273728100996,34.39521687488484,6806600
2024-01-10,34.54169464111328,34.6607102057127,34.0473255195556,34.431836000437094,8100200
2024-01-11,34.184654235839844,34.37690774583462,33.388172914187535,34.29451288550207,9698800
2024-01-12,33.63535690307617,34.45014856738604,33.37901540191887,34.276201925110826,8021600
2024-01-16,33.122676849365234,33.34239414121498,32.71070256171773,33.15014063776061,9340500
2024-01-17,32.756473541259766,33.168447789098536,32.44520449759748,32.71985632438536,8978600
2024-01-18,32.9395751953125,34.38606184858949,32.124783583525705,33.14098561345062,17018300
2024-01-19,34.30366897583008,34.34028619659787,32.82056152591677,33.14098752712474,13473900
2024-01-22,33.88253402709961,34.697329088517535,33.81844953238651,34.42267726278363,10268300
2024-01-23,33.708595275878906,34.14803336485113,33.53465212368474,33.946626423453544,6375800
2024-01-24,34.37690353393555,34.53253980320318,33.754365441551165,33.95577585154114,11035700
2024-01-25,34.34028625488281,34.80719161698468,34.02901717759604,34.788881260398,8053800
2024-01-26,34.642398834228516,34.807188536581506,34.33112978448876,34.413524635665254,11477900
2024-01-29,34.87127685546875,34.98113550496602,34.431838765136156,34.48676634371304,9067100
2024-01-30,34.94451141357422,35.21916324928709,34.7980320642875,34.89873727173646,8091000
2024-01-31,33.928314208984375,34.83465412651075,33.79098828579878,34.24873670662637,14452300
2024-02-01,33.41563415527344,34.77972596290056,32.216332055744715,34.102256774902344,25481600
2024-02-02,33.68113327026367,33.77268156735202,32.921269133524355,33.20507444224814,11487000
2024-02-05,33.18675994873047,33.47971865371801,32.78394260245841,33.406480723642744,10585500
2024-02-06,33.18675994873047,33.406480723642744,32.83887017692905,33.22338065993972,7305700
2024-02-07,32.967044830322266,33.47972439818793,32.1797203582932,33.34239845376239,8909900
2024-02-08,32.98561477661133,33.134240335060085,32.64191883710722,32.69765475034282,7590300
2024-02-09,33.29215621948242,33.50580523337587,32.40040288927168,32.84627955437705,10079300
2024-02-12,33.4500732421875,33.88666241156372,33.1528220972757,33.236424203251715,7016400
2024-02-13,32.456138610839844,32.94846369186114,31.79661286370376,32.864861587047194,12822000
2024-02-14,32.892730712890625,33.04135629655932,32.39111803919124,32.809128600607394,9166300
2024-02-15,33.7473258972168,33.91452655558124,32.976328350391846,33.13424146132441,10093600
2024-02-16,33.5336799621582,33.86808843207449,33.217850134294345,33.5058137708364,7832200
2024-02-20,33.03206253051758,33.54296265674667,32.939169343513264,33.09708598966422,12208300
2024-02-21,33.22713088989258,33.30144189146996,32.32608651999622,32.72551834107321,8221700
2024-02-22,33.10637664794922,33.58941063522898,32.92059379999345,33.51509962215453,8455900
2024-02-23,32.73480987548828,33.23641888760671,32.697652602438744,33.18997406805108,7977200
2024-02-26,32.075286865234375,32.771969923426354,31.82448053906367,32.58619060938578,10383300
2024-02-27,32.40040588378906,32.69765702133192,32.1867568501497,32.24248922374331,8037300
2024-02-28,32.33538055419922,32.6976551357183,32.17746390326024,32.251778455116906,5512100
2024-02-29,32.4932975769043,32.9205956710288,32.3075147183896,32.72552526416935,12179200
2024-03-01,32.75339126586914,33.21784663774967,32.093865488241974,32.48400984324852,14112300
2024-03-04,33.598697662353516,33.923818527115856,32.85556982556008,32.85556982556008,9492500
2024-03-05,34.434722900390625,34.81557618474632,33.38505270945382,33.42220999171132,11247300
2024-03-06,34.620506286621094,34.954914744919556,33.998134201784836,34.52761307958623,13403900
2024-03-07,34.29538345336914,35.14069564415527,34.18391515469397,35.10353836342578,9950300
2024-03-08,34.778419494628906,34.86202160937496,34.03529155439371,34.49045941101413,11929000
2024-03-11,34.583351135253906,34.81557885188348,34.267521298897144,34.60192977780592,5987700
2024-03-12,34.30467224121094,34.65765929740591,34.05386592840239,34.64836820609091,7533900
2024-03-13,33.858795166015625,34.69481265613775,33.72874823711972,34.360407786196724,7079500
2024-03-14,32.53044891357422,33.71016577455268,32.22390672150721,33.44078085610215,10930500
2024-03-15,32.38182830810547,32.91130713571023,32.121734440092794,32.121734440092794,17477300
2024-03-18,32.44685363769531,32.641924049902684,32.056709269767175,32.51187710843111,7497100
2024-03-19,33.162113189697266,33.17140073768901,32.56761089985723,32.623343274834006,9701900
2024-03-20,34.20249557495117,34.258231498945904,32.83699555694495,32.89273148093969,8684100
2024-03-21,35.34505081176758,35.391495637257435,34.38827394132686,34.38827394132686,13598200
2024-03-22,35.010643005371094,35.80950677428837,34.89917471356102,35.549412912227154,9230600
2024-03-25,34.92704391479492,35.317188285068816,34.77841833171759,34.93633500696355,5454300
2024-03-26,34.92704391479492,35.19642889147054,34.78770942388621,35.13140542034379,7080300
2024-03-27,35.84666442871094,35.86524306812633,35.07566683878121,35.07566683878121,6269400
2024-03-28,36.20893859863281,36.4969021908033,35.97671092403139,36.069604119979815,8405600
2024-04-01,35.64229965209961,36.30182888823531,35.59585482960035,36.15319978661716,5420800
2024-04-02,35.19643020629883,35.42865791000205,34.973493595111314,35.41007926848417,10090700
2024-04-03,35.25216293334961,35.5122568039814,35.094246266528,35.18713946569166,7723400
2024-04-04,35.24287033081055,35.92097470982532,35.09424476203351,35.82808505815708,8147200
2024-04-05,35.38220977783203,35.5215478044632,34.89917577396073,34.91775441374577,6167500
2024-04-08,36.08817672729492,36.29253820077719,35.502965578980394,35.66087868593461,6877800
2024-04-09,36.199649810791016,36.44116502495773,35.70732474791147,36.33898428467117,5676000
2024-04-10,34.83415222167969,35.58657118533272,34.444011417683214,35.58657118533272,14315600
2024-04-11,34.64836883544922,34.824864138509135,34.04457899899146,34.73197094123729,10603100
2024-04-12,34.156044006347656,34.38827166191691,34.01670599560098,34.10030809334643,7875100
2024-04-15,34.091026306152344,34.992067352408625,33.8495075191871,34.555481695763376,11228900
2024-04-16,33.10637664794922,33.9795549702874,32.846282786919,33.78448103100165,12902700
2024-04-17,33.12495422363281,33.3757605287941,32.595475427241084,33.245713602454096,9211300
2024-04-18,33.17140197753906,33.42220830484845,32.93917429042073,33.28287381868543,5755500
2024-04-19,34.18391418457031,34.221071464245306,33.11566897026347,33.255003453774854,10359600
2024-04-22,35.35434341430664,35.57728000359332,33.29216047408223,33.29216047408223,12580400
2024-04-23,36.07889175415039,36.41330017333874,35.112823775053634,35.28002798464781,10596900
2024-04-24,36.032447814941406,36.42258861792435,35.679460747828365,35.837377413449936,7109100
2024-04-25,35.27074432373047,36.03245089870715,35.05709526426272,35.883825311968124,7241500
2024-04-26,35.456520080566406,35.80950714235847,35.18713866788263,35.23358349465479,4651400
2024-04-29,35.58656692504883,35.79092485069544,35.326469543342476,35.567988287533176,6441400
2024-04-30,34.88059616088867,35.45651980410171,34.86201752162204,35.3078942334818,7482400
2024-05-01,35.34505081176758,36.041733824654635,34.871307922150116,35.0106423986197,6803400
2024-05-02,35.62372589111328,35.85595357891327,35.28002990535302,35.80022120168979,7609300
2024-05-03,36.08817672729492,36.36685275241177,35.92097252962996,36.11604645591432,8081400
2024-05-06,36.61766052246094,36.69197508427752,36.18107487408519,36.45974739387071,6237000
2024-05-07,36.3297004699707,37.48154783052092,36.106760327937536,37.06354082241791,10142100
2024-05-08,36.58979034423828,36.84059664775443,36.04173291289106,36.07889018974818,6381300
2024-05-09,36.80630111694336,36.87219446595461,36.316808693122184,36.429768207010284,6562900
2024-05-10,37.15459442138672,37.20166058092332,36.74040359926194,36.94749901032433,5245500
2024-05-13,36.88160705566406,37.47465074269551,36.74040498082679,37.45582355998935,5642400
2024-05-14,37.07928466796875,37.352273413016455,36.91925901178625,37.2675528918264,7992900
2024-05-15,37.82294464111328,37.83235643700632,37.342860459456126,37.54995587828219,6215500
2024-05-16,37.794708251953125,37.93590674553019,37.61585179947007,37.6723333514518,7700200
2024-05-17,37.62526321411133,38.13358276460123,37.57819346363751,38.13358276460123,5698600
2024-05-20,36.74040222167969,37.672327945600074,36.730990426492376,37.5593684487641,4804200
2024-05-21,37.220489501953125,37.286382846566624,36.806298660476344,36.8345412302521,5336800
2024-05-22,36.608619689941406,37.12635466590715,36.43917863003726,37.05104952312646,4357600
2024-05-23,35.99674987792969,36.806297163238014,35.55432007559265,36.806297163238014,4917500
2024-05-24,36.147361755371094,36.20383970768226,35.86495763014478,36.10970739321857,3149800
2024-05-28,35.53549575805664,36.232087188682115,35.375470083581575,36.20384461777855,5652300
2024-05-29,35.26250457763672,35.30957073804292,34.63181012817435,34.96127684193561,6294500
2024-05-30,34.94245147705078,35.63904289641506,34.87655813087122,35.48842902073063,8430900
2024-05-31,35.53549575805664,35.56373473804209,35.017760776454004,35.158959267299394,10417400
2024-06-03,34.933040618896484,35.94968340933658,34.603570288233435,35.87437826493124,7363500
2024-06-04,34.50002670288086,34.98010732985971,34.25527690017148,34.547092867734754,7220400
2024-06-05,34.481201171875,34.791840747538146,34.35882626465334,34.66946943123486,6361100
2024-06-06,34.283512115478516,34.66946396127797,34.10465927231017,34.48119573162204,4829200
2024-06-07,34.04817581176758,34.50943276894439,33.92580452165173,34.02935222168637,4814700
2024-06-10,33.906982421875,34.17055581352162,33.304526903300925,33.643409030228376,6378800
2024-06-11,33.5869255065918,33.74695117328987,33.229216216848315,33.615164485204886,6779500
2024-06-12,34.650638580322266,34.904800164931146,34.30234108053344,34.30234108053344,8739300
2024-06-13,34.22703170776367,34.669461477116144,34.08582964790978,34.612979934991074,8149100
2024-06-14,33.332767486572266,33.99170458829578,33.28570132021737,33.70930399924808,6188500
2024-06-17,33.699886322021484,33.71871350546808,33.040949265062906,33.23863289579313,5106700
2024-06-18,34.42471694946289,34.4529559293574,33.40807417316154,33.558688050795745,9417200
2024-06-20,34.481201171875,34.62239967320611,34.001116930961444,34.20821237534913,6467700
2024-06-21,34.631813049316406,34.6694674171846,34.038769323605926,34.36823606515721,9437100
2024-06-24,35.26250457763672,35.441361014465286,34.6506373105204,34.93303786387546,6680700
2024-06-25,34.87655258178711,35.300155161913565,34.84831360675117,35.10247515482705,10122800
2024-06-26,34.72594451904297,34.91421276280853,34.47178292859717,34.660051172362735,7307700
2024-06-27,35.620216369628906,35.65787073697356,34.58474640407778,34.829492609981784,8263100
2024-06-28,36.570960998535156,36.608615360931864,35.68610502771833,35.7708255476521,9600200
2024-07-01,36.94750213623047,37.03222266693116,36.54272666631806,36.54272666631806,9190100
2024-07-02,37.239315032958984,37.248726828521434,36.58037802513538,36.759230868164416,7761300
2024-07-03,36.58979415893555,37.38993333148838,36.58038236225719,37.38993333148838,3976700
2024-07-05,35.97792434692383,36.683927549393026,35.82731047403379,36.64627318344102,5002100
2024-07-08,36.006160736083984,36.38269718668463,35.799065329161856,36.185013575114546,4137500
2024-07-09,36.62744140625,36.759228079633914,35.62962237918713,35.71434289649358,5618100
2024-07-10,36.9569091796875,36.9663245657312,36.47682862807021,36.51448299040974,4425300
2024-07-11,38.020626068115234,38.10534659793269,37.18283615709715,37.28638387030938,6296400
2024-07-12,38.133583068847656,38.42539900589168,37.77587738063375,38.03003895336541,5139300
2024-07-15,38.97137451171875,39.1502273466289,38.387742667641675,38.72662474719155,8437100
2024-07-16,39.95036697387695,40.100980848210476,38.933724219855165,39.093749890307905,6928900
2024-07-17,40.57164764404297,40.74108869313714,39.19729565998393,39.33849773120168,8814300
2024-07-18,39.95036697387695,40.91053176934742,39.62090024593425,40.251594722544,13300800
2024-07-19,39.9221305847168,40.35514505265456,39.611491019776494,40.11981063430774,9976100
2024-07-22,41.21175765991211,41.55063975961296,39.58324409494331,40.4586883221979,12943700
2024-07-23,41.560054779052734,41.77656198730042,40.98583829195689,41.183518318063314,7183800
2024-07-24,41.05173873901367,41.72008766157232,40.844643290534705,41.30590035553283,7366800
2024-07-25,41.53181076049805,42.15309338579902,40.919943521397926,41.05173020086818,9070400
2024-07-26,41.814212799072266,42.02130821189845,41.40002556433772,41.59770559062572,7274600
2024-07-29,41.85186767578125,42.13426822978122,41.54122814365664,42.0589630911429,7302100
2024-07-30,42.303714752197266,42.42608965809589,41.946009013291025,42.17192804934567,6492500
2024-07-31,42.06837463378906,42.65200651158471,42.049547451513284,42.36019057268689,8422900
2024-08-01,40.80698013305664,42.237813597081505,40.62812729664766,42.13426589513821,9276900
2024-08-02,39.64913558959961,40.195113078319224,38.792518584577685,40.119804352598855,10710400
2024-08-05,38.764286041259766,39.37615697107271,37.578198550743224,38.42540390111218,8756100
2024-08-06,39.20671463012695,39.677383455982415,38.54777755574568,38.83017813307532,7614900
2024-08-07,38.6889762878418,40.16687612287998,38.58543216188551,39.893890931296035,6245000
2024-08-08,39.602073669433594,39.77151472951919,38.99020277568915,39.01844534631546,5706500
2024-08-09,39.611602783203125,39.76410158473432,39.46863356607966,39.59253997852945,6236400
2024-08-12,39.28754425048828,40.3550359121533,39.125512220958065,39.859413874558506,7869800
2024-08-13,39.735511779785156,39.76410780920106,39.25895249591979,39.70691938622805,5910900
2024-08-14,39.935665130615234,40.002383132284486,39.60207148641057,39.935665130615234,3806800
2024-08-15,40.38362503051758,40.926902220122805,40.31690703431049,40.50753143884136,6438600
2024-08-16,40.53612518310547,40.74581239869032,40.29784557843477,40.326441603378846,4183500
2024-08-19,40.936439514160156,40.945969099198955,40.58378669398898,40.58378669398898,8338700
2024-08-20,40.27878189086914,40.7267487013055,40.1834715054333,40.7267487013055,5151200
2024-08-21,40.116756439208984,40.5551900616169,39.583008788543864,40.459879669218104,8700800
2024-08-22,39.90707015991211,40.55519102400763,39.840352156478026,40.2025382007334,12283600
2024-08-23,41.78470993041992,41.8133023183493,40.0881603772596,40.19300034495333,10157900
2024-08-26,42.14690017700195,42.270802961078005,41.86096172548258,41.93721294878333,10295300
2024-08-27,41.8514289855957,42.3184586034604,41.64174177318402,42.07064578227238,6847800
2024-08-28,41.88002395629883,42.11830357205445,41.61315195012722,41.74658795321302,4632000
2024-08-29,41.8514289855957,42.21361499725456,41.52736858271318,42.08970858666055,3669700
2024-08-30,42.375648498535156,42.41377411191598,41.99440327230276,42.04205847109949,6565400
2024-09-03,42.14690017700195,42.66158139084824,42.00393095124227,42.022993757067454,7204100
2024-09-04,41.57502746582031,42.413772754053205,41.241437449064414,42.070649516328,8083100
2024-09-05,41.1270637512207,41.96580539345481,40.974564940281915,41.90862061176429,5853600
2024-09-06,40.088165283203125,41.50830980731489,39.84988565900974,41.174719787787566,8589000
2024-09-09,40.60284423828125,40.80300187466623,40.25972465274626,40.421753042927364,8392100
2024-09-10,39.9547233581543,40.73628382587201,39.54488577293289,40.72675060536784,9250900
2024-09-11,39.6973876953125,39.78316850729396,38.763328348910605,39.506763264702755,7447500
2024-09-12,39.67832565307617,39.983323293584164,39.38285759814589,39.69738846009026,7471400
2024-09-13,39.878475189208984,40.231127989672416,39.640195582111865,39.89753799407975,9629600
2024-09-16,40.15488052368164,40.38362691108437,39.96425611027386,40.145347303289206,10725500
2024-09-17,39.91659927368164,40.602842043515444,39.72597486811631,40.3931584696659,7495400
2024-09-18,40.0500373840332,40.76487621579897,39.72597696819839,39.87847577354075,6707800
2024-09-19,40.91737747192383,41.260500713460395,40.50753622629498,40.69816065335514,10786400
2024-09-20,40.335975646972656,40.80300532353548,40.06910362371312,40.726754096399254,12828800
2024-09-23,40.21206283569336,40.65050005039172,40.0309716537875,40.393157653457266,6994200
2024-09-24,40.01191329956055,40.45988014802467,39.77363367988532,40.09769410807797,5427600
2024-09-25,39.77363204956055,40.05003726965996,39.50676004993811,39.907068049371766,5834300
2024-09-26,40.34550857543945,40.49800739274634,39.79269809029036,40.25019454221102,6132500
2024-09-27,40.52659606933594,40.745812871875785,40.04050363408206,40.50753326443792,5329400
2024-09-30,40.76487731933594,40.79346970990593,40.06910127388505,40.34550650225632,4666100
2024-10-01,39.764102935791016,40.583785385318194,39.39238732167017,40.51706374876422,7834900
2024-10-02,39.81175994873047,40.32644480832983,39.61160593750578,39.61160593750578,5736200
2024-10-03,39.544883728027344,39.735504497953755,39.154105332305186,39.611601724673214,5646400
2024-10-04,40.40269470214844,40.61238194636054,40.02144946414128,40.24066629406361,5650800
2024-10-07,40.030975341796875,40.55518976791063,39.678322529445204,40.34550617898016,7170600
2024-10-08,40.15488052368164,40.48847052025157,39.93566372081308,40.25972413284884,5717200
2024-10-09,40.631439208984375,40.89831120275732,40.13581719493588,40.1548799996137,5570600
2024-10-10,40.49800491333008,40.83159491955965,40.37409849564836,40.48847169266159,5727700
2024-10-11,41.231903076171875,41.45112352203952,40.745814260213685,40.77440665060582,15639400
2024-10-14,41.54643630981445,41.77518635371821,40.993625824631216,41.27003106722283,11344500
2024-10-15,41.8514289855957,42.49954979136074,41.75611859951303,41.8418994013307,12720900
2024-10-16,42.44236373901367,42.823612576267315,42.03252251151643,42.251742956245224,11453000
2024-10-17,40.936439514160156,42.127837616226174,40.936439514160156,42.04205680744308,13570400
2024-10-18,41.622684478759766,41.73706132022985,40.80300559670938,41.47018565932497,7666500
2024-10-21,40.440818786621094,41.52737330941254,40.36456756038941,41.27003087466847,6925800
2024-10-22,41.35580825805664,41.546432671975445,40.21206541040209,40.54565904372457,13622700
2024-10-23,41.403465270996094,41.536904911700674,40.98409445064274,41.14612284628207,5139600
2024-10-24,41.3843994140625,41.58455704243327,40.8792478227141,41.58455704243327,5492900
2024-10-25,40.631439208984375,41.90861803553212,40.526595601185505,41.90861803553212,5868700
2024-10-28,41.260501861572266,41.346282674343335,40.698161785819366,40.89831580366566,4980400
2024-10-29,41.06987762451172,41.27003164330983,40.89831599815373,41.19378405151664,4795100
2024-10-30,41.27956008911133,41.7561192992268,40.74581246487303,40.74581246487303,7066000
2024-10-31,41.03174591064453,41.55596029731261,41.02221632653411,41.03174591064453,5773700
2024-11-01,40.81253433227539,41.62268361192711,40.75534591273135,41.29862680875328,6304900
2024-11-04,40.097694396972656,40.783940870056256,40.06910200588033,40.745815258027505,5321400
2024-11-05,40.335975646972656,40.71722451093654,40.18347682855883,40.26925764115777,5769700
2024-11-06,44.796566009521484,44.82515839881888,42.7378303553693,42.89032915805249,34314800
2024-11-07,44.03407287597656,44.31047809756857,43.538450848388315,44.148446071309756,13679300
2024-11-08,43.59064483642578,44.37145675464543,43.53280541842,44.03406934272916,9361900
2024-11-11,44.766685485839844,44.9402000699795,44.11118676292275,44.24614541066804,8225300
2024-11-12,44.978759765625,44.998039572480906,44.36182065522463,44.38110046208054,7005700
2024-11-13,44.834163665771484,45.85597137962103,44.81488753589921,45.12335709531658,8308800
2024-11-14,44.583534240722656,45.007678972392945,44.323262356317954,44.87272399764546,5377700
2024-11-15,44.87272262573242,45.25831140800557,44.50641365029765,44.573894812855535,5665100
2024-11-18,45.10408020019531,45.335430546071116,44.67993177067726,44.728133130211546,5175000
2024-11-19,44.9498405456543,45.132993189420844,44.38109913083002,44.42929680790047,6408400
2024-11-20,44.516056060791016,45.47038261151407,44.43893683227951,45.055879628629945,11326800
2024-11-21,45.12335968017578,45.45110906548752,44.59317414713662,44.689573188256205,9356000
2024-11-22,46.23191833496094,46.32831737036993,45.14263681419328,45.17155468619238,8587600
2024-11-25,46.36687469482422,47.292287076207735,46.33795682195975,46.61750851714068,9813600
2024-11-26,45.98128890991211,46.55003035727313,45.96200910253155,46.42471344792314,7296500
2024-11-27,46.02948760986328,46.56931119674088,46.01020780205543,46.31867737248625,6619800
2024-11-29,45.962005615234375,46.376512249348146,45.82705065105724,46.280113219759485,4588400
2024-12-02,45.2872314453125,46.24156170458946,45.14263840298088,46.1740842160519,8346000
2024-12-03,44.757049560546875,45.3643506340661,44.535337287380536,45.20047410687956,6863000
2024-12-04,44.55461883544922,44.96912552498284,44.30398500225576,44.89200629100102,5702000
2024-12-05,45.47038269042969,45.730654571236926,44.60281343165278,44.785966083814664,6923500
2024-12-06,45.55713653564453,45.90416568378627,45.09443223053786,45.518580601487514,4849000
2024-12-09,45.11371612548828,45.77885661213267,45.094436318038724,45.49930491998495,7355900
2024-12-10,44.78596496582031,46.0391229820469,44.747405352460206,45.15227393824711,10123700
2024-12-11,44.014793395996094,45.15227630911678,44.014793395996094,45.113716693731966,10208600
2024-12-12,44.0726318359375,44.197945067271775,43.46533077753952,44.06299009368272,8251100
2024-12-13,44.130470275878906,44.28470506615064,43.78344107845563,44.14011201872259,8230900
2024-12-16,43.65812301635742,44.23650249666838,43.52316804943467,44.18830481951698,11068400
2024-12-17,43.50388717651367,43.841274585548625,43.05082093245505,43.32073085968301,7813900
2024-12-18,41.556671142578125,43.80271521489889,41.51811153069139,43.60992450995921,8981400
2024-12-19,41.016849517822266,42.27964928656158,40.862614740340504,42.02901547487425,7541800
2024-12-20,41.75910568237305,42.106134852255195,40.75657778654622,40.78549933553451,14849800
2024-12-23,41.9711799621582,41.99045976910523,41.36387891369206,41.45063620633008,5013600
2024-12-24,42.40496826171875,42.40496826171875,41.82658506000236,41.97118177974329,1742200
2024-12-26,42.41460418701172,42.482081672220374,41.97117966214137,42.0964928905305,2877100
2024-12-27,42.09649658203125,42.70379767941138,41.894064108653694,42.11577639053113,3307200
2024-12-30,41.80730056762695,42.06757242764824,41.3445962644492,41.74946482800906,3432500
2024-12-31,41.81694412231445,42.22180902618301,41.68198915435826,42.029014638853994,5316200
