Price,Close,High,Low,Open,Volume
Ticker,THS,THS,THS,THS,THS
Date,,,,,
2015-01-02,84.47000122070312,86.16999816894531,83.87999725341797,86.08000183105469,258800
2015-01-05,85.62000274658203,86.98999786376953,85.06999969482422,85.25,605900
2015-01-06,84.8499984741211,86.7300033569336,84.37999725341797,85.61000061035156,427900
2015-01-07,87.69000244140625,87.77999877929688,85.16999816894531,85.25,358400
2015-01-08,91.58999633789062,91.83000183105469,88.0,88.5,804900
2015-01-09,91.20999908447266,92.22000122070312,90.43000030517578,91.5999984741211,310800
2015-01-12,88.91000366210938,90.72000122070312,88.26000213623047,90.33999633789062,450800
2015-01-13,87.44000244140625,90.41000366210938,86.56999969482422,89.66000366210938,549100
2015-01-14,86.95999908447266,87.66000366210938,86.36000061035156,86.80000305175781,406400
2015-01-15,86.94999694824219,87.58000183105469,86.41000366210938,87.58000183105469,443900
2015-01-16,88.79000091552734,88.91999816894531,86.61000061035156,86.61000061035156,244000
2015-01-20,89.5,89.88999938964844,87.77999877929688,89.20999908447266,191200
2015-01-21,88.76000213623047,89.98999786376953,88.31999969482422,89.29000091552734,151400
2015-01-22,91.11000061035156,91.12999725341797,87.8499984741211,89.37000274658203,218000
2015-01-23,90.33000183105469,91.06999969482422,89.68000030517578,90.86000061035156,178100
2015-01-26,91.23999786376953,91.61000061035156,89.72000122070312,89.91000366210938,335900
2015-01-27,90.75,91.52999877929688,89.48999786376953,90.5,274400
2015-01-28,90.33000183105469,91.87999725341797,90.08000183105469,90.79000091552734,306800
2015-01-29,92.9000015258789,92.91999816894531,89.95999908447266,90.69000244140625,370700
2015-01-30,90.69999694824219,92.41000366210938,90.54000091552734,92.0199966430664,333700
2015-02-02,90.94999694824219,91.0,88.43000030517578,90.76000213623047,263900
2015-02-03,91.19000244140625,92.18000030517578,90.37999725341797,91.18000030517578,246800
2015-02-04,91.45999908447266,92.80000305175781,90.98999786376953,90.98999786376953,248100
2015-02-05,90.97000122070312,92.0999984741211,90.30000305175781,91.75,335200
2015-02-06,90.81999969482422,91.5199966430664,89.8499984741211,90.80000305175781,302100
2015-02-09,89.06999969482422,91.41999816894531,89.02999877929688,90.83999633789062,368600
2015-02-10,89.72000122070312,90.25,88.5,89.8499984741211,357200
2015-02-11,88.73999786376953,90.55999755859375,87.7699966430664,89.80000305175781,434100
2015-02-12,81.56999969482422,84.94999694824219,79.13999938964844,84.94999694824219,2351500
2015-02-13,80.0,81.23999786376953,79.6500015258789,80.16000366210938,1120800
2015-02-17,81.63999938964844,81.69999694824219,78.37999725341797,79.70999908447266,660200
2015-02-18,82.72000122070312,83.04000091552734,80.88999938964844,81.27999877929688,388100
2015-02-19,82.7699966430664,83.31999969482422,82.23999786376953,82.37999725341797,383400
2015-02-20,84.08000183105469,84.76000213623047,82.52999877929688,82.66999816894531,375700
2015-02-23,84.51000213623047,84.6500015258789,83.66999816894531,84.02999877929688,298400
2015-02-24,85.05000305175781,85.2300033569336,84.29000091552734,84.62000274658203,357500
2015-02-25,84.86000061035156,85.37999725341797,84.20999908447266,84.91000366210938,258100
2015-02-26,85.20999908447266,85.58000183105469,84.33999633789062,84.86000061035156,334700
2015-02-27,83.55999755859375,85.75,83.51000213623047,85.29000091552734,318200
2015-03-02,82.97000122070312,84.05999755859375,82.22000122070312,83.55999755859375,390300
2015-03-03,82.94999694824219,83.06999969482422,81.7300033569336,82.66000366210938,330100
2015-03-04,82.62000274658203,83.5,82.37999725341797,82.55000305175781,244900
2015-03-05,82.9800033569336,83.4000015258789,81.94000244140625,82.95999908447266,258200
2015-03-06,81.18000030517578,83.02999877929688,80.58000183105469,82.4800033569336,223400
2015-03-09,81.62000274658203,82.20999908447266,80.91000366210938,81.44000244140625,204400
2015-03-10,81.51000213623047,81.93000030517578,80.38999938964844,81.61000061035156,288100
2015-03-11,82.33000183105469,82.4800033569336,80.75,81.47000122070312,434800
2015-03-12,85.29000091552734,85.36000061035156,82.5,82.76000213623047,464100
2015-03-13,84.79000091552734,85.48999786376953,84.16999816894531,85.44999694824219,326600
2015-03-16,85.47000122070312,86.31999969482422,84.76000213623047,85.30000305175781,357600
2015-03-17,85.4000015258789,85.94000244140625,85.0999984741211,85.37000274658203,337500
2015-03-18,85.62999725341797,86.0199966430664,84.04000091552734,85.0,329000
2015-03-19,84.94999694824219,85.66000366210938,84.76000213623047,85.66000366210938,208300
2015-03-20,85.73999786376953,86.0,84.31999969482422,85.0,579900
2015-03-23,85.04000091552734,85.77999877929688,84.4800033569336,85.58000183105469,197300
2015-03-24,83.56999969482422,85.43000030517578,83.43000030517578,85.43000030517578,270600
2015-03-25,82.97000122070312,85.19999694824219,82.93000030517578,83.58000183105469,429100
2015-03-26,82.86000061035156,83.48999786376953,82.20999908447266,82.56999969482422,235900
2015-03-27,84.30000305175781,84.44000244140625,82.30999755859375,82.9800033569336,207600
2015-03-30,84.86000061035156,85.48999786376953,83.97000122070312,84.70999908447266,205400
2015-03-31,85.0199966430664,85.30999755859375,84.05000305175781,84.44000244140625,262400
2015-04-01,85.27999877929688,85.33000183105469,83.66999816894531,84.80000305175781,250400
2015-04-02,86.16000366210938,86.62999725341797,85.38999938964844,85.79000091552734,222600
2015-04-06,85.79000091552734,86.75,85.44999694824219,85.45999908447266,382200
2015-04-07,84.87000274658203,86.16000366210938,84.12000274658203,85.88999938964844,405900
2015-04-08,84.80000305175781,85.12000274658203,83.75,84.7300033569336,343600
2015-04-09,84.08999633789062,85.0199966430664,83.55000305175781,84.83000183105469,227300
2015-04-10,85.5199966430664,85.73999786376953,84.45999908447266,84.55000305175781,187600
2015-04-13,85.2300033569336,86.13999938964844,85.13999938964844,85.51000213623047,96500
2015-04-14,85.51000213623047,85.76000213623047,84.7300033569336,85.26000213623047,74900
2015-04-15,86.5999984741211,87.02999877929688,85.51000213623047,85.63999938964844,323000
2015-04-16,87.63999938964844,88.2300033569336,86.7699966430664,86.7699966430664,376900
2015-04-17,85.98999786376953,87.36000061035156,85.58000183105469,86.68000030517578,339100
2015-04-20,86.33000183105469,87.70999908447266,85.51000213623047,86.52999877929688,336700
2015-04-21,84.80000305175781,86.69999694824219,84.51000213623047,86.5,441100
2015-04-22,85.01000213623047,85.2699966430664,83.77999877929688,84.80999755859375,275500
2015-04-23,84.87000274658203,85.44000244140625,84.31999969482422,84.5999984741211,169700
2015-04-24,85.05999755859375,85.58999633789062,83.73999786376953,85.12999725341797,188600
2015-04-27,83.91999816894531,85.48999786376953,83.2699966430664,85.48999786376953,278300
2015-04-28,84.94000244140625,85.69999694824219,83.88999938964844,83.88999938964844,262100
2015-04-29,83.43000030517578,85.41999816894531,83.27999877929688,84.86000061035156,289500
2015-04-30,81.26000213623047,83.55000305175781,81.12999725341797,82.87000274658203,317800
2015-05-01,82.12999725341797,82.45999908447266,81.23999786376953,81.3499984741211,269700
2015-05-04,82.47000122070312,83.29000091552734,82.13999938964844,82.13999938964844,277800
2015-05-05,81.62000274658203,83.0199966430664,80.9000015258789,82.55000305175781,252700
2015-05-06,82.08999633789062,82.25,81.16999816894531,81.94999694824219,332900
2015-05-07,72.83000183105469,74.6500015258789,70.11000061035156,74.38999938964844,2791500
2015-05-08,73.55000305175781,75.87000274658203,71.6500015258789,71.6500015258789,1116400
2015-05-11,72.72000122070312,74.0,72.4800033569336,73.16999816894531,454000
2015-05-12,72.29000091552734,73.06999969482422,71.88999938964844,72.5999984741211,521900
2015-05-13,72.47000122070312,73.08000183105469,72.0,72.25,369000
2015-05-14,72.48999786376953,73.30000305175781,71.91000366210938,72.63999938964844,619800
2015-05-15,71.98999786376953,72.87999725341797,71.6500015258789,72.44000244140625,534800
2015-05-18,72.0999984741211,72.66000366210938,71.91000366210938,71.91000366210938,315900
2015-05-19,72.19000244140625,72.68000030517578,71.76000213623047,72.4000015258789,352600
2015-05-20,72.19000244140625,72.66000366210938,72.13999938964844,72.41000366210938,247200
2015-05-21,70.75,72.45999908447266,70.29000091552734,72.19000244140625,702700
2015-05-22,70.05000305175781,70.97000122070312,69.52999877929688,70.86000061035156,510400
2015-05-26,70.3499984741211,70.6500015258789,69.79000091552734,69.93000030517578,424200
2015-05-27,71.05000305175781,71.16000366210938,70.2300033569336,70.36000061035156,304800
2015-05-28,70.70999908447266,71.12999725341797,70.48999786376953,71.08000183105469,225800
2015-05-29,71.33000183105469,71.69999694824219,70.1500015258789,71.02999877929688,582200
2015-06-01,71.19000244140625,72.04000091552734,70.7300033569336,71.44000244140625,317600
2015-06-02,70.4800033569336,71.3499984741211,70.26000213623047,70.83999633789062,261400
2015-06-03,71.12000274658203,71.47000122070312,70.30999755859375,70.83999633789062,242000
2015-06-04,70.05999755859375,71.16999816894531,69.94000244140625,70.72000122070312,232900
2015-06-05,69.86000061035156,70.19000244140625,69.12000274658203,70.16000366210938,245700
2015-06-08,69.98999786376953,70.29000091552734,69.52999877929688,69.91000366210938,290000
2015-06-09,69.44000244140625,70.68000030517578,69.41999816894531,69.86000061035156,211400
2015-06-10,69.79000091552734,70.58999633789062,69.3499984741211,69.66000366210938,245900
2015-06-11,69.8499984741211,69.97000122070312,69.47000122070312,69.80000305175781,213900
2015-06-12,69.88999938964844,70.44000244140625,69.30000305175781,69.51000213623047,144800
2015-06-15,70.0199966430664,70.29000091552734,69.01000213623047,69.36000061035156,344300
2015-06-16,71.51000213623047,71.95999908447266,70.12000274658203,70.12000274658203,318700
2015-06-17,71.66999816894531,72.0199966430664,70.93000030517578,71.51000213623047,369300
2015-06-18,72.01000213623047,72.5,71.80999755859375,71.9000015258789,319800
2015-06-19,75.52999877929688,75.97000122070312,73.1500015258789,73.70999908447266,1628800
2015-06-22,76.05000305175781,76.23999786376953,75.54000091552734,75.5999984741211,432700
2015-06-23,78.1500015258789,78.37000274658203,75.75,76.19000244140625,913600
2015-06-24,78.98999786376953,80.79000091552734,77.69999694824219,78.19999694824219,1008700
2015-06-25,77.8499984741211,79.36000061035156,77.56999969482422,79.13999938964844,411600
2015-06-26,76.30000305175781,78.44000244140625,76.16999816894531,78.29000091552734,1116500
2015-06-29,74.13999938964844,76.76000213623047,73.94000244140625,75.63999938964844,538100
2015-06-30,81.02999877929688,82.27999877929688,77.05999755859375,78.0,1916800
2015-07-01,81.44000244140625,81.87999725341797,79.77999877929688,81.12999725341797,876600
2015-07-02,80.58000183105469,82.05000305175781,79.25,81.5999984741211,576700
2015-07-06,79.0999984741211,80.47000122070312,78.31999969482422,80.0199966430664,460800
2015-07-07,79.5999984741211,79.5999984741211,77.75,78.9800033569336,382400
2015-07-08,79.0999984741211,79.37000274658203,78.62999725341797,78.81999969482422,269700
2015-07-09,79.6500015258789,80.08999633789062,79.30000305175781,79.97000122070312,480300
2015-07-10,80.66000366210938,81.04000091552734,80.0,80.80999755859375,536200
2015-07-13,81.1500015258789,81.7699966430664,80.5199966430664,80.75,570500
2015-07-14,81.44999694824219,81.51000213623047,80.63999938964844,80.80999755859375,304800
2015-07-15,80.58999633789062,81.05000305175781,79.70999908447266,80.95999908447266,503800
2015-07-16,81.55000305175781,82.13999938964844,81.01000213623047,81.16999816894531,409200
2015-07-17,81.56999969482422,81.91000366210938,80.9800033569336,81.36000061035156,330100
2015-07-20,80.95999908447266,82.0,80.66000366210938,81.66000366210938,238700
2015-07-21,80.12999725341797,81.47000122070312,80.01000213623047,81.02999877929688,258700
2015-07-22,82.68000030517578,82.80999755859375,80.23999786376953,80.30999755859375,415800
2015-07-23,80.94000244140625,83.05000305175781,80.80000305175781,83.05000305175781,225400
2015-07-24,80.44000244140625,81.75,80.2699966430664,80.66999816894531,334100
2015-07-27,80.41000366210938,81.12999725341797,79.61000061035156,80.31999969482422,310000
2015-07-28,80.38999938964844,81.20999908447266,78.93000030517578,80.75,399100
2015-07-29,80.9800033569336,81.62000274658203,80.37000274658203,80.47000122070312,361100
2015-07-30,81.87000274658203,82.5199966430664,80.2699966430664,80.69000244140625,266100
2015-07-31,81.95999908447266,82.62000274658203,81.58999633789062,82.27999877929688,300800
2015-08-03,82.69000244140625,82.88999938964844,81.52999877929688,82.0999984741211,289200
2015-08-04,81.81999969482422,82.62000274658203,81.62000274658203,82.61000061035156,442000
2015-08-05,81.9800033569336,82.4800033569336,81.38999938964844,81.91999816894531,589000
2015-08-06,78.5199966430664,82.86000061035156,76.66000366210938,80.19999694824219,1531700
2015-08-07,79.55999755859375,80.66999816894531,77.9000015258789,78.66999816894531,774500
2015-08-10,80.36000061035156,81.2300033569336,79.69000244140625,80.25,768600
2015-08-11,79.23999786376953,80.5199966430664,78.81999969482422,80.0,832100
2015-08-12,77.13999938964844,78.80000305175781,76.83000183105469,78.62999725341797,684900
2015-08-13,76.51000213623047,77.95999908447266,76.23999786376953,77.44000244140625,564800
2015-08-14,77.70999908447266,78.26000213623047,76.08000183105469,76.2300033569336,452400
2015-08-17,77.58000183105469,78.37999725341797,76.69999694824219,77.7300033569336,470200
2015-08-18,77.30000305175781,77.81999969482422,77.01000213623047,77.5199966430664,495900
2015-08-19,77.5,78.30000305175781,76.62999725341797,77.16999816894531,514600
2015-08-20,76.1500015258789,77.37000274658203,76.08000183105469,76.98999786376953,534500
2015-08-21,75.62000274658203,76.30000305175781,74.4000015258789,74.91000366210938,544400
2015-08-24,75.70999908447266,75.70999908447266,72.62999725341797,74.0,722700
2015-08-25,74.88999938964844,77.20999908447266,74.83999633789062,77.16000366210938,509800
2015-08-26,78.45999908447266,78.88999938964844,75.2300033569336,76.5,773400
2015-08-27,79.68000030517578,80.30999755859375,78.55000305175781,78.9800033569336,425100
2015-08-28,79.45999908447266,80.80000305175781,78.83000183105469,79.16999816894531,343500
2015-08-31,79.37000274658203,80.01000213623047,78.73999786376953,79.62000274658203,364400
2015-09-01,77.80999755859375,79.33000183105469,77.16000366210938,78.29000091552734,400500
2015-09-02,80.0999984741211,80.12000274658203,77.5199966430664,78.25,578000
2015-09-03,81.9800033569336,82.2699966430664,79.62000274658203,79.95999908447266,594800
2015-09-04,82.6500015258789,83.12000274658203,80.5,81.05999755859375,480800
2015-09-08,82.58000183105469,83.75,81.45999908447266,83.6500015258789,459100
2015-09-09,81.0199966430664,83.29000091552734,80.76000213623047,83.0999984741211,497500
2015-09-10,81.2300033569336,81.86000061035156,80.48999786376953,81.05999755859375,383600
2015-09-11,81.75,81.77999877929688,80.7300033569336,80.80999755859375,230800
2015-09-14,81.20999908447266,81.93000030517578,80.87999725341797,81.80000305175781,149700
2015-09-15,81.23999786376953,81.87000274658203,80.83000183105469,81.22000122070312,177000
2015-09-16,81.37999725341797,81.73999786376953,80.91000366210938,81.04000091552734,269800
2015-09-17,81.54000091552734,82.43000030517578,81.1500015258789,81.43000030517578,257600
2015-09-18,80.5,81.77999877929688,80.27999877929688,80.75,923200
2015-09-21,81.7300033569336,81.79000091552734,80.55999755859375,81.11000061035156,560800
2015-09-22,81.63999938964844,81.7699966430664,80.80999755859375,81.19000244140625,419100
2015-09-23,81.91999816894531,82.38999938964844,81.20999908447266,81.76000213623047,246600
2015-09-24,81.41000366210938,81.94000244140625,80.5199966430664,81.38999938964844,249700
2015-09-25,82.41000366210938,84.0999984741211,81.4800033569336,81.9000015258789,502900
2015-09-28,80.27999877929688,82.5999984741211,80.18000030517578,82.30000305175781,384500
2015-09-29,77.98999786376953,82.13999938964844,76.5,80.45999908447266,972200
2015-09-30,77.79000091552734,79.41999816894531,77.26000213623047,78.38999938964844,509600
2015-10-01,76.54000091552734,78.41999816894531,76.25,77.5999984741211,475500
2015-10-02,80.86000061035156,81.20999908447266,77.2300033569336,77.94999694824219,784600
2015-10-05,82.13999938964844,83.48999786376953,80.66999816894531,81.0999984741211,360200
2015-10-06,80.52999877929688,82.05000305175781,80.16999816894531,81.76000213623047,473700
2015-10-07,81.95999908447266,82.0999984741211,80.29000091552734,80.9000015258789,453100
2015-10-08,82.80999755859375,83.11000061035156,81.4000015258789,82.04000091552734,259900
2015-10-09,84.08000183105469,84.45999908447266,82.73999786376953,82.87999725341797,455100
2015-10-12,83.83000183105469,84.51000213623047,83.19000244140625,83.9800033569336,290000
2015-10-13,83.06999969482422,84.30999755859375,83.01000213623047,83.44000244140625,178000
2015-10-14,82.41999816894531,83.58000183105469,82.20999908447266,83.11000061035156,279400
2015-10-15,82.77999877929688,83.4800033569336,81.77999877929688,82.91000366210938,242700
2015-10-16,83.25,83.73999786376953,82.16000366210938,83.0999984741211,274700
2015-10-19,83.66000366210938,83.87000274658203,82.55000305175781,82.87999725341797,242500
2015-10-20,83.44999694824219,83.93000030517578,82.63999938964844,83.44999694824219,200800
2015-10-21,82.6500015258789,84.04000091552734,82.45999908447266,83.69000244140625,249200
2015-10-22,84.22000122070312,84.41999816894531,82.16999816894531,82.91000366210938,279500
2015-10-23,88.11000061035156,90.30999755859375,85.69000244140625,85.69000244140625,1379600
2015-10-26,87.76000213623047,88.12999725341797,86.97000122070312,88.0,481600
2015-10-27,86.86000061035156,88.91999816894531,85.76000213623047,87.91999816894531,432200
2015-10-28,87.7300033569336,87.80000305175781,85.70999908447266,86.62999725341797,417900
2015-10-29,87.12999725341797,88.0199966430664,86.66999816894531,87.48999786376953,295200
2015-10-30,85.63999938964844,87.5199966430664,85.45999908447266,86.91000366210938,356800
2015-11-02,80.83999633789062,85.63999938964844,77.83000183105469,85.37999725341797,2882000
2015-11-03,83.69999694824219,84.81999969482422,80.88999938964844,81.30000305175781,1105800
2015-11-04,84.66999816894531,84.98999786376953,83.36000061035156,83.6500015258789,635400
2015-11-05,86.80999755859375,87.7699966430664,83.11000061035156,85.05000305175781,649200
2015-11-06,85.7300033569336,86.47000122070312,84.01000213623047,85.41999816894531,608900
2015-11-09,84.69999694824219,86.29000091552734,84.01000213623047,85.48999786376953,330700
2015-11-10,85.1500015258789,85.63999938964844,83.88999938964844,84.44999694824219,349700
2015-11-11,85.30999755859375,85.58000183105469,84.30999755859375,85.47000122070312,250300
2015-11-12,84.5,85.43000030517578,84.36000061035156,84.72000122070312,422300
2015-11-13,84.41000366210938,84.5999984741211,83.52999877929688,83.95999908447266,321800
2015-11-16,85.0199966430664,85.11000061035156,84.01000213623047,84.13999938964844,338300
2015-11-17,84.16999816894531,85.68000030517578,83.81999969482422,85.02999877929688,503400
2015-11-18,84.75,85.0,83.91999816894531,84.26000213623047,339400
2015-11-19,84.58999633789062,85.05999755859375,84.0,85.01000213623047,348000
2015-11-20,83.30999755859375,85.30000305175781,83.12000274658203,85.11000061035156,537400
2015-11-23,83.91999816894531,85.20999908447266,83.30000305175781,83.56999969482422,344400
2015-11-24,85.16999816894531,85.69999694824219,83.22000122070312,83.79000091552734,357500
2015-11-25,86.27999877929688,86.5,85.1500015258789,85.33999633789062,328200
2015-11-27,86.5999984741211,86.80000305175781,86.0999984741211,86.51000213623047,79600
2015-11-30,86.45999908447266,86.93000030517578,86.05999755859375,86.55999755859375,323500
2015-12-01,86.36000061035156,87.08999633789062,86.12000274658203,86.68000030517578,240000
2015-12-02,85.66999816894531,87.2699966430664,85.48999786376953,86.30000305175781,133700
2015-12-03,84.75,87.08999633789062,84.44999694824219,85.80999755859375,424400
2015-12-04,85.7300033569336,86.16999816894531,84.80000305175781,84.94999694824219,297700
2015-12-07,86.11000061035156,86.9800033569336,84.9800033569336,85.76000213623047,302300
2015-12-08,87.05000305175781,87.16999816894531,85.04000091552734,85.4800033569336,248600
2015-12-09,85.13999938964844,87.05000305175781,85.01000213623047,86.5999984741211,236500
2015-12-10,83.44000244140625,85.4800033569336,83.22000122070312,85.36000061035156,347400
2015-12-11,82.16000366210938,83.11000061035156,81.48999786376953,82.30000305175781,415500
2015-12-14,80.06999969482422,82.72000122070312,79.80999755859375,82.31999969482422,508900
2015-12-15,79.04000091552734,80.48999786376953,78.80000305175781,80.26000213623047,510700
2015-12-16,80.91000366210938,81.36000061035156,79.12999725341797,80.3499984741211,365600
2015-12-17,80.58999633789062,81.3499984741211,79.9000015258789,80.93000030517578,226800
2015-12-18,79.70999908447266,80.55999755859375,79.44999694824219,80.13999938964844,675800
2015-12-21,78.80000305175781,80.19999694824219,78.29000091552734,80.12999725341797,378600
2015-12-22,79.5,80.16999816894531,78.01000213623047,78.48999786376953,291700
2015-12-23,80.27999877929688,81.0199966430664,79.16000366210938,79.86000061035156,385300
2015-12-24,79.68000030517578,80.8499984741211,79.33999633789062,80.37000274658203,103500
2015-12-28,80.05999755859375,80.13999938964844,79.05000305175781,79.54000091552734,235500
2015-12-29,80.61000061035156,80.7300033569336,79.95999908447266,80.43000030517578,220200
2015-12-30,79.2699966430664,80.38999938964844,79.26000213623047,80.38999938964844,284000
2015-12-31,78.45999908447266,79.62999725341797,78.04000091552734,79.13999938964844,355000
2016-01-04,76.11000061035156,78.23999786376953,75.81999969482422,77.51000213623047,406500
2016-01-05,74.80000305175781,76.58999633789062,74.38999938964844,76.11000061035156,778300
2016-01-06,74.1500015258789,74.61000061035156,73.72000122070312,74.0,506800
2016-01-07,72.23999786376953,73.41999816894531,72.16000366210938,73.18000030517578,508300
2016-01-08,69.37000274658203,73.0,69.06999969482422,72.27999877929688,1551000
2016-01-11,68.94999694824219,69.98999786376953,68.08999633789062,69.37000274658203,1115700
2016-01-12,69.58000183105469,70.25,68.62999725341797,69.5199966430664,921000
2016-01-13,67.69000244140625,71.0199966430664,67.5,69.58000183105469,748600
2016-01-14,68.5,69.06999969482422,66.9000015258789,67.19999694824219,572400
2016-01-15,71.19999694824219,72.2300033569336,66.30000305175781,67.80000305175781,1952600
2016-01-19,71.61000061035156,72.5,70.66000366210938,71.7300033569336,639100
2016-01-20,67.31999969482422,70.12999725341797,66.36000061035156,67.25,4585900
2016-01-21,74.3499984741211,74.45999908447266,69.25,69.5,10181200
2016-01-22,75.0199966430664,77.25,74.3499984741211,74.98999786376953,2209100
2016-01-25,73.91999816894531,75.51000213623047,73.4000015258789,75.0,1115600
2016-01-26,75.06999969482422,75.19999694824219,73.6500015258789,74.11000061035156,1070300
2016-01-27,75.47000122070312,76.19000244140625,74.52999877929688,74.91000366210938,895600
2016-01-28,76.22000122070312,76.68000030517578,75.37999725341797,75.94000244140625,652700
2016-01-29,79.36000061035156,79.36000061035156,76.04000091552734,76.43000030517578,1676600
2016-02-01,79.94000244140625,80.55000305175781,76.48999786376953,77.2699966430664,1143700
2016-02-02,78.06999969482422,78.87999725341797,77.41999816894531,78.06999969482422,820800
2016-02-03,77.20999908447266,79.08999633789062,76.20999908447266,78.54000091552734,864900
2016-02-04,75.58000183105469,77.69999694824219,74.94999694824219,76.8499984741211,711300
2016-02-05,76.19000244140625,76.30000305175781,74.86000061035156,75.66000366210938,740200
2016-02-08,76.37000274658203,76.58999633789062,74.69000244140625,75.79000091552734,946100
2016-02-09,77.58000183105469,78.2699966430664,76.5,76.6500015258789,852000
2016-02-10,79.30000305175781,81.19999694824219,78.05000305175781,78.18000030517578,995900
2016-02-11,79.58999633789062,79.94999694824219,74.0,74.5999984741211,1980700
2016-02-12,81.19999694824219,81.26000213623047,79.05999755859375,79.66000366210938,1111000
2016-02-16,81.88999938964844,82.31999969482422,80.0999984741211,81.91999816894531,548400
2016-02-17,82.8499984741211,83.04000091552734,81.45999908447266,82.30000305175781,699300
2016-02-18,83.02999877929688,83.62999725341797,80.97000122070312,82.72000122070312,638100
2016-02-19,83.47000122070312,84.0999984741211,81.31999969482422,82.4800033569336,701100
2016-02-22,83.33000183105469,84.26000213623047,83.02999877929688,83.47000122070312,866800
2016-02-23,84.5,84.72000122070312,83.33000183105469,83.33000183105469,674100
2016-02-24,84.72000122070312,84.91000366210938,82.77999877929688,83.54000091552734,750900
2016-02-25,85.94999694824219,86.02999877929688,84.48999786376953,84.83999633789062,658600
2016-02-26,85.5,86.4800033569336,85.27999877929688,86.36000061035156,607600
2016-02-29,84.41999816894531,86.33999633789062,84.30000305175781,85.5,2097300
2016-03-01,84.79000091552734,85.41999816894531,84.19999694824219,85.16999816894531,599600
2016-03-02,85.01000213623047,85.55000305175781,83.93000030517578,84.69000244140625,708800
2016-03-03,86.62000274658203,86.70999908447266,84.6500015258789,84.87999725341797,603100
2016-03-04,85.20999908447266,86.58000183105469,84.62000274658203,86.56999969482422,780000
2016-03-07,85.44999694824219,85.93000030517578,84.37999725341797,84.87000274658203,535100
2016-03-08,85.3499984741211,85.77999877929688,84.47000122070312,85.11000061035156,432100
2016-03-09,84.12000274658203,86.0,84.0,85.56999969482422,659500
2016-03-10,83.16999816894531,84.5999984741211,81.98999786376953,84.33000183105469,661600
2016-03-11,83.79000091552734,84.16000366210938,83.19999694824219,83.5,533200
2016-03-14,84.48999786376953,85.30999755859375,82.80000305175781,83.3499984741211,577800
2016-03-15,84.25,85.25,84.0199966430664,84.26000213623047,552200
2016-03-16,85.25,85.38999938964844,83.9000015258789,84.05999755859375,314000
2016-03-17,85.20999908447266,85.62999725341797,84.8499984741211,85.04000091552734,437100
2016-03-18,85.7699966430664,86.4800033569336,85.19000244140625,85.58999633789062,1039100
2016-03-21,85.98999786376953,86.06999969482422,85.2699966430664,85.36000061035156,492100
2016-03-22,85.12999725341797,86.91000366210938,85.0,85.80000305175781,462800
2016-03-23,84.1500015258789,85.29000091552734,83.30999755859375,85.0,406900
2016-03-24,84.02999877929688,84.12000274658203,83.04000091552734,83.70999908447266,290200
2016-03-28,84.51000213623047,84.69000244140625,83.2300033569336,84.33000183105469,300900
2016-03-29,86.12999725341797,86.37000274658203,84.3499984741211,84.3499984741211,458400
2016-03-30,86.56999969482422,86.91000366210938,85.54000091552734,86.45999908447266,433700
2016-03-31,86.75,87.02999877929688,85.88999938964844,86.47000122070312,595300
2016-04-01,88.91999816894531,89.29000091552734,86.0,86.0,942300
2016-04-04,88.19000244140625,88.9800033569336,86.94999694824219,88.94000244140625,882000
2016-04-05,86.1500015258789,88.41000366210938,86.02999877929688,87.87000274658203,410900
2016-04-06,87.7699966430664,87.77999877929688,85.0199966430664,86.25,513100
2016-04-07,87.66999816894531,88.55999755859375,86.70999908447266,87.37999725341797,706700
2016-04-08,88.48999786376953,88.69999694824219,86.80999755859375,88.04000091552734,446600
2016-04-11,87.37999725341797,89.19999694824219,87.26000213623047,88.66999816894531,411100
2016-04-12,88.11000061035156,88.30999755859375,86.38999938964844,87.31999969482422,209000
2016-04-13,88.3499984741211,88.62999725341797,87.55000305175781,88.41000366210938,427300
2016-04-14,87.80000305175781,88.83999633789062,87.7300033569336,88.29000091552734,363200
2016-04-15,89.11000061035156,89.12999725341797,87.58000183105469,87.80000305175781,330300
2016-04-18,88.94000244140625,89.4000015258789,88.30000305175781,88.54000091552734,658600
2016-04-19,88.80000305175781,89.33999633789062,88.5199966430664,89.13999938964844,222900
2016-04-20,88.45999908447266,88.83000183105469,87.75,88.33999633789062,253000
2016-04-21,86.80000305175781,88.58000183105469,86.25,88.36000061035156,346200
2016-04-22,86.7699966430664,87.4800033569336,85.31999969482422,86.87999725341797,456000
2016-04-25,87.7699966430664,87.94999694824219,85.9800033569336,86.87000274658203,227000
2016-04-26,88.1500015258789,88.56999969482422,87.19999694824219,87.91000366210938,336500
2016-04-27,88.13999938964844,89.02999877929688,87.26000213623047,88.31999969482422,268700
2016-04-28,87.31999969482422,88.33000183105469,86.5999984741211,87.94000244140625,295300
2016-04-29,88.4000015258789,88.55000305175781,87.02999877929688,87.08999633789062,522300
2016-05-02,89.19999694824219,89.7300033569336,88.43000030517578,88.43000030517578,399300
2016-05-03,86.66999816894531,89.62999725341797,86.4000015258789,89.20999908447266,715600
2016-05-04,85.5999984741211,86.44000244140625,85.01000213623047,86.0,1093200
2016-05-05,90.38999938964844,92.01000213623047,85.37000274658203,85.37000274658203,1358100
2016-05-06,92.52999877929688,92.56999969482422,89.0,91.16000366210938,867100
2016-05-09,91.72000122070312,92.47000122070312,91.33999633789062,92.38999938964844,502100
2016-05-10,92.72000122070312,92.94000244140625,91.41999816894531,91.72000122070312,342600
2016-05-11,91.7300033569336,93.0999984741211,91.68000030517578,92.62999725341797,345700
2016-05-12,93.4800033569336,93.70999908447266,91.81999969482422,92.20999908447266,867200
2016-05-13,91.87000274658203,93.62000274658203,90.93000030517578,93.3499984741211,471400
2016-05-16,94.01000213623047,95.12999725341797,92.5,92.66999816894531,1332400
2016-05-17,91.16999816894531,94.18000030517578,90.0,94.0,888000
2016-05-18,90.18000030517578,91.91999816894531,89.66000366210938,91.37000274658203,613400
2016-05-19,90.61000061035156,90.80000305175781,89.25,89.5199966430664,666900
2016-05-20,90.66999816894531,91.69999694824219,89.80000305175781,90.69000244140625,862800
2016-05-23,90.86000061035156,91.44000244140625,90.18000030517578,90.5999984741211,469700
2016-05-24,91.94999694824219,92.4000015258789,90.58000183105469,91.02999877929688,652900
2016-05-25,92.83999633789062,93.75,91.1500015258789,91.87999725341797,966800
2016-05-26,94.47000122070312,95.7300033569336,92.33999633789062,93.31999969482422,1036600
2016-05-27,94.88999938964844,95.80999755859375,94.36000061035156,94.43000030517578,644300
2016-05-31,94.69999694824219,95.83999633789062,94.31999969482422,95.37000274658203,479100
2016-06-01,94.5199966430664,95.2699966430664,93.77999877929688,94.69999694824219,396600
2016-06-02,96.01000213623047,96.0199966430664,94.44999694824219,94.54000091552734,428600
2016-06-03,95.08000183105469,96.3499984741211,94.91999816894531,96.19999694824219,278400
2016-06-06,95.52999877929688,95.52999877929688,94.61000061035156,94.95999908447266,364600
2016-06-07,95.61000061035156,96.0999984741211,95.36000061035156,95.4000015258789,309700
2016-06-08,96.80000305175781,96.80000305175781,94.5,95.33999633789062,747200
2016-06-09,97.86000061035156,98.12000274658203,96.7699966430664,96.98999786376953,663300
2016-06-10,96.52999877929688,97.94000244140625,95.88999938964844,97.20999908447266,509200
2016-06-13,95.45999908447266,98.94999694824219,95.25,98.94999694824219,509700
2016-06-14,96.05000305175781,96.30000305175781,94.55000305175781,95.66000366210938,430300
2016-06-15,95.5999984741211,96.4000015258789,95.43000030517578,96.0999984741211,351600
2016-06-16,96.9000015258789,96.91999816894531,95.25,95.25,562400
2016-06-17,96.2699966430664,97.31999969482422,95.58000183105469,97.19999694824219,1306800
2016-06-20,96.77999877929688,97.54000091552734,96.43000030517578,96.69999694824219,757900
2016-06-21,97.06999969482422,98.16000366210938,96.58999633789062,97.16999816894531,512600
2016-06-22,96.80000305175781,98.55000305175781,96.63999938964844,97.43000030517578,805700
2016-06-23,98.66000366210938,99.18000030517578,97.08999633789062,97.41000366210938,663500
2016-06-24,97.33000183105469,98.26000213623047,94.38999938964844,94.51000213623047,5062800
2016-06-27,98.27999877929688,98.69000244140625,96.52999877929688,96.62999725341797,1021900
2016-06-28,98.63999938964844,99.48999786376953,97.51000213623047,98.33999633789062,1036200
2016-06-29,98.91999816894531,100.18000030517578,98.11000061035156,99.31999969482422,814200
2016-06-30,102.6500015258789,102.87000274658203,98.83999633789062,98.88999938964844,1215900
2016-07-01,101.94999694824219,103.5199966430664,101.62000274658203,103.05000305175781,822700
2016-07-05,101.95999908447266,103.01000213623047,101.68000030517578,101.95999908447266,1066800
2016-07-06,101.8499984741211,102.87999725341797,101.41999816894531,102.12000274658203,2062000
2016-07-07,102.6500015258789,103.36000061035156,102.05000305175781,102.33999633789062,441900
2016-07-08,104.16999816894531,104.36000061035156,102.72000122070312,103.0,880200
2016-07-11,104.3499984741211,104.52999877929688,103.2300033569336,103.98999786376953,782100
2016-07-12,102.75,104.44999694824219,102.38999938964844,104.30999755859375,847000
2016-07-13,103.0199966430664,103.6500015258789,102.66000366210938,103.19999694824219,364800
2016-07-14,102.41999816894531,103.68000030517578,102.30999755859375,103.22000122070312,478900
2016-07-15,101.72000122070312,103.0199966430664,101.62000274658203,102.5999984741211,704700
2016-07-18,101.70999908447266,102.5199966430664,100.9800033569336,101.87000274658203,640600
2016-07-19,101.94000244140625,102.44000244140625,101.54000091552734,101.7300033569336,480100
2016-07-20,101.83999633789062,102.3499984741211,101.0199966430664,102.2699966430664,386400
2016-07-21,102.01000213623047,102.47000122070312,101.33000183105469,101.72000122070312,387300
2016-07-22,103.08000183105469,103.5,101.52999877929688,102.5,480800
2016-07-25,102.5999984741211,103.8499984741211,102.11000061035156,103.16000366210938,366700
2016-07-26,102.23999786376953,103.27999877929688,101.69000244140625,102.51000213623047,591700
2016-07-27,101.19999694824219,102.45999908447266,100.26000213623047,102.2699966430664,456700
2016-07-28,102.30999755859375,102.5,100.58000183105469,101.08999633789062,359700
2016-07-29,103.19000244140625,103.7699966430664,102.06999969482422,102.62000274658203,584200
2016-08-01,103.70999908447266,104.18000030517578,102.75,103.1500015258789,753200
2016-08-02,101.77999877929688,103.70999908447266,101.16000366210938,103.44999694824219,591500
2016-08-03,101.55999755859375,101.72000122070312,100.0199966430664,101.4800033569336,1134300
2016-08-04,96.48999786376953,101.80000305175781,94.62000274658203,101.80000305175781,2932500
2016-08-05,100.08000183105469,100.51000213623047,96.79000091552734,96.79000091552734,1404600
2016-08-08,98.66999816894531,99.86000061035156,98.30999755859375,99.86000061035156,947500
2016-08-09,99.30999755859375,99.47000122070312,98.66000366210938,98.77999877929688,549400
2016-08-10,98.83000183105469,99.38999938964844,98.58000183105469,99.36000061035156,568900
2016-08-11,97.75,99.08000183105469,97.72000122070312,99.0,1093200
2016-08-12,98.0199966430664,98.87000274658203,97.75,97.9800033569336,593400
2016-08-15,97.80999755859375,98.45999908447266,97.69999694824219,98.0,632700
2016-08-16,96.54000091552734,97.55000305175781,96.20999908447266,97.0999984741211,932800
2016-08-17,95.7699966430664,96.9000015258789,95.23999786376953,96.75,678900
2016-08-18,96.1500015258789,96.79000091552734,95.41000366210938,95.56999969482422,600600
2016-08-19,97.55000305175781,97.73999786376953,95.37999725341797,95.70999908447266,784800
2016-08-22,97.05000305175781,97.62000274658203,96.4800033569336,97.62000274658203,765600
2016-08-23,96.95999908447266,97.61000061035156,96.80000305175781,96.91999816894531,708000
2016-08-24,96.37000274658203,97.08999633789062,95.87999725341797,97.08999633789062,883500
2016-08-25,94.52999877929688,96.2300033569336,94.31999969482422,96.12000274658203,788500
2016-08-26,94.0,94.9800033569336,93.33000183105469,94.55000305175781,693200
2016-08-29,94.73999786376953,94.91999816894531,93.79000091552734,93.94999694824219,515400
2016-08-30,94.62999725341797,95.01000213623047,94.05999755859375,94.61000061035156,559900
2016-08-31,94.7300033569336,95.2300033569336,94.0999984741211,94.73999786376953,681900
2016-09-01,94.0,94.72000122070312,93.81999969482422,94.12999725341797,685000
2016-09-02,94.45999908447266,95.12999725341797,93.2300033569336,94.29000091552734,947100
2016-09-06,94.31999969482422,94.77999877929688,93.52999877929688,94.4000015258789,519100
2016-09-07,93.41999816894531,94.43000030517578,92.7300033569336,94.43000030517578,769400
2016-09-08,92.72000122070312,93.54000091552734,92.36000061035156,93.13999938964844,586900
2016-09-09,88.8499984741211,92.37000274658203,88.8499984741211,91.77999877929688,1091500
2016-09-12,89.54000091552734,89.91999816894531,88.91999816894531,89.08999633789062,957900
2016-09-13,87.94999694824219,89.5999984741211,87.2699966430664,88.87999725341797,902400
2016-09-14,86.94999694824219,87.62999725341797,85.36000061035156,87.12999725341797,2023700
2016-09-15,87.80999755859375,87.80999755859375,86.47000122070312,86.77999877929688,887500
2016-09-16,86.01000213623047,87.94000244140625,85.87000274658203,87.54000091552734,1249000
2016-09-19,86.37999725341797,86.81999969482422,85.63999938964844,86.02999877929688,968600
2016-09-20,85.6500015258789,86.81999969482422,85.05000305175781,86.69000244140625,913300
2016-09-21,86.70999908447266,87.05000305175781,85.1500015258789,85.37000274658203,832400
2016-09-22,87.80999755859375,88.30999755859375,86.98999786376953,87.25,1004000
2016-09-23,86.47000122070312,87.9000015258789,86.33000183105469,87.37999725341797,681300
2016-09-26,86.0999984741211,86.2699966430664,85.41999816894531,85.6500015258789,522600
2016-09-27,85.5199966430664,86.33999633789062,85.38999938964844,86.33999633789062,604400
2016-09-28,86.62999725341797,86.6500015258789,85.05999755859375,85.4800033569336,802500
2016-09-29,86.5,87.5,86.37000274658203,86.37999725341797,585800
2016-09-30,87.19000244140625,87.5,86.5999984741211,86.7300033569336,758100
2016-10-03,87.51000213623047,87.6500015258789,86.45999908447266,87.0999984741211,801600
2016-10-04,87.69000244140625,88.37999725341797,87.18000030517578,87.56999969482422,936600
2016-10-05,88.27999877929688,88.52999877929688,87.11000061035156,87.20999908447266,1803800
2016-10-06,87.37999725341797,88.44000244140625,87.2300033569336,88.33999633789062,612200
2016-10-07,86.9000015258789,87.55999755859375,86.44000244140625,87.5,404500
2016-10-10,87.41000366210938,87.80999755859375,86.80999755859375,86.94999694824219,301600
2016-10-11,87.94000244140625,88.6500015258789,87.19000244140625,87.52999877929688,768100
2016-10-12,88.2699966430664,88.68000030517578,87.69999694824219,87.97000122070312,693600
2016-10-13,87.52999877929688,88.18000030517578,87.41000366210938,87.81999969482422,664900
2016-10-14,87.06999969482422,87.93000030517578,87.04000091552734,87.70999908447266,545200
2016-10-17,87.12000274658203,87.63999938964844,86.73999786376953,87.26000213623047,320000
2016-10-18,88.5999984741211,88.93000030517578,87.30000305175781,87.30000305175781,393800
2016-10-19,88.4000015258789,89.08000183105469,88.08999633789062,88.77999877929688,360600
2016-10-20,86.69999694824219,88.41000366210938,86.5,88.08999633789062,555800
2016-10-21,86.29000091552734,86.80000305175781,85.4000015258789,86.80000305175781,649000
2016-10-24,87.01000213623047,87.36000061035156,86.6500015258789,87.27999877929688,361000
2016-10-25,87.22000122070312,87.4000015258789,86.51000213623047,86.91000366210938,477800
2016-10-26,87.4000015258789,87.58999633789062,86.68000030517578,87.04000091552734,609100
2016-10-27,87.2699966430664,88.29000091552734,87.13999938964844,87.56999969482422,723700
2016-10-28,88.0,88.37000274658203,87.05999755859375,87.05999755859375,413200
2016-10-31,87.4800033569336,88.54000091552734,87.3499984741211,88.4000015258789,418100
2016-11-01,87.4800033569336,88.36000061035156,87.4000015258789,87.45999908447266,658700
2016-11-02,86.58999633789062,88.04000091552734,86.44999694824219,87.51000213623047,1006500
2016-11-03,69.72000122070312,74.5,67.25,74.5,7206200
2016-11-04,68.87999725341797,70.81999969482422,67.88999938964844,69.0,2022900
2016-11-07,69.33000183105469,69.97000122070312,69.19000244140625,69.55000305175781,1231900
2016-11-08,68.70999908447266,70.08000183105469,68.62999725341797,69.30999755859375,1049900
2016-11-09,69.41999816894531,69.5,66.87999725341797,67.56999969482422,695500
2016-11-10,65.44999694824219,69.30999755859375,65.4000015258789,69.30999755859375,1825400
2016-11-11,63.34000015258789,65.5,63.2599983215332,65.33000183105469,1994300
2016-11-14,64.80999755859375,65.12000274658203,62.63999938964844,63.81999969482422,2103200
2016-11-15,65.23999786376953,65.9000015258789,64.80999755859375,64.88999938964844,1019500
2016-11-16,65.95999908447266,66.0999984741211,65.0,65.19999694824219,882900
2016-11-17,68.05000305175781,68.0999984741211,65.02999877929688,65.55000305175781,928500
2016-11-18,69.77999877929688,70.1500015258789,67.76000213623047,67.93000030517578,1634600
2016-11-21,69.33999633789062,69.80000305175781,68.86000061035156,69.68000030517578,770500
2016-11-22,69.5,70.69999694824219,69.0999984741211,70.37999725341797,991700
2016-11-23,69.18000030517578,69.97000122070312,68.5999984741211,69.02999877929688,841200
2016-11-25,69.12999725341797,69.88999938964844,69.01000213623047,69.44000244140625,249600
2016-11-28,69.4000015258789,69.76000213623047,69.05000305175781,69.2300033569336,921500
2016-11-29,69.69000244140625,70.66999816894531,69.36000061035156,69.66999816894531,922600
2016-11-30,69.31999969482422,69.9800033569336,68.98999786376953,69.05999755859375,1241500
2016-12-01,67.05000305175781,68.7300033569336,66.69000244140625,68.12000274658203,794300
2016-12-02,67.1500015258789,67.27999877929688,66.54000091552734,66.97000122070312,691200
2016-12-05,68.88999938964844,69.08000183105469,67.38999938964844,67.38999938964844,919700
2016-12-06,69.80000305175781,70.52999877929688,68.93000030517578,69.0999984741211,873800
2016-12-07,71.73999786376953,71.76000213623047,69.5199966430664,70.0199966430664,751100
2016-12-08,72.98999786376953,73.47000122070312,71.41999816894531,71.47000122070312,939000
2016-12-09,73.51000213623047,73.69000244140625,72.75,73.26000213623047,340400
2016-12-12,71.81999969482422,73.62999725341797,71.75,73.4800033569336,690000
2016-12-13,72.33000183105469,72.43000030517578,70.97000122070312,71.80000305175781,1659900
2016-12-14,71.05999755859375,72.75,71.04000091552734,72.68000030517578,1207200
2016-12-15,73.18000030517578,73.48999786376953,70.81999969482422,71.48999786376953,590100
2016-12-16,73.26000213623047,73.63999938964844,72.91000366210938,73.44999694824219,812800
2016-12-19,72.76000213623047,73.7300033569336,72.5199966430664,73.56999969482422,496000
2016-12-20,72.81999969482422,73.38999938964844,72.16000366210938,72.41000366210938,384400
2016-12-21,72.83999633789062,73.75,72.55999755859375,72.91999816894531,502400
2016-12-22,73.19999694824219,73.23999786376953,72.3499984741211,72.87000274658203,584500
2016-12-23,73.3499984741211,73.79000091552734,73.04000091552734,73.25,269200
2016-12-27,73.25,73.5,72.93000030517578,73.11000061035156,335500
2016-12-28,72.55000305175781,73.2699966430664,72.16999816894531,73.2699966430664,336500
2016-12-29,72.73999786376953,72.87000274658203,72.29000091552734,72.69000244140625,287600
2016-12-30,72.19000244140625,72.80999755859375,71.68000030517578,72.80999755859375,403100
2017-01-03,72.70999908447266,72.76000213623047,71.79000091552734,72.54000091552734,555400
2017-01-04,73.73999786376953,73.83000183105469,72.5,73.02999877929688,521100
2017-01-05,72.52999877929688,74.45999908447266,72.47000122070312,73.88999938964844,631000
2017-01-06,71.83000183105469,73.01000213623047,71.5199966430664,72.36000061035156,624300
2017-01-09,71.5,73.33999633789062,70.98999786376953,71.87000274658203,425200
2017-01-10,71.30000305175781,71.7699966430664,71.01000213623047,71.22000122070312,319200
2017-01-11,71.55000305175781,71.73999786376953,70.79000091552734,71.26000213623047,697200
2017-01-12,71.43000030517578,71.72000122070312,71.04000091552734,71.18000030517578,448200
2017-01-13,71.36000061035156,72.37000274658203,71.22000122070312,71.76000213623047,435600
2017-01-17,73.12999725341797,73.13999938964844,71.33999633789062,71.54000091552734,423600
2017-01-18,74.9000015258789,75.0199966430664,72.87999725341797,72.87999725341797,735800
2017-01-19,73.69000244140625,74.86000061035156,73.66999816894531,74.55999755859375,675800
2017-01-20,73.0999984741211,74.48999786376953,72.80999755859375,73.75,356300
2017-01-23,72.37000274658203,72.94000244140625,72.04000091552734,72.80999755859375,312300
2017-01-24,74.19999694824219,74.38999938964844,72.13999938964844,72.13999938964844,506700
2017-01-25,73.30999755859375,74.98999786376953,73.08999633789062,74.2300033569336,412000
2017-01-26,72.9000015258789,73.83000183105469,72.87999725341797,73.58999633789062,282200
2017-01-27,72.44000244140625,73.0999984741211,72.12999725341797,72.7699966430664,281700
2017-01-30,74.94999694824219,75.70999908447266,72.37000274658203,73.88999938964844,717800
2017-01-31,75.87999725341797,75.94000244140625,74.12000274658203,74.83999633789062,565100
2017-02-01,75.06999969482422,75.87999725341797,74.02999877929688,75.47000122070312,747400
2017-02-02,75.0,75.91000366210938,74.87000274658203,75.41000366210938,634500
2017-02-03,76.37000274658203,76.7699966430664,75.52999877929688,75.66999816894531,767200
2017-02-06,75.52999877929688,76.55000305175781,75.25,76.55000305175781,595500
2017-02-07,75.20999908447266,76.12000274658203,75.11000061035156,75.87000274658203,605300
2017-02-08,75.62999725341797,76.16999816894531,74.80000305175781,75.27999877929688,917500
2017-02-09,84.98999786376953,87.98999786376953,75.62999725341797,75.62999725341797,3370600
2017-02-10,84.7699966430664,87.36000061035156,84.3499984741211,85.2699966430664,1380100
2017-02-13,85.41000366210938,85.68000030517578,84.08000183105469,84.75,692100
2017-02-14,84.88999938964844,85.8499984741211,84.38999938964844,85.27999877929688,691600
2017-02-15,84.5,85.16000366210938,84.0,84.88999938964844,589000
2017-02-16,83.54000091552734,85.05999755859375,82.83000183105469,84.12999725341797,625500
2017-02-17,83.30999755859375,83.62999725341797,82.4800033569336,82.70999908447266,729700
2017-02-21,85.12999725341797,85.31999969482422,83.0199966430664,83.0199966430664,528600
2017-02-22,84.52999877929688,86.5199966430664,84.30000305175781,85.19999694824219,425400
2017-02-23,84.9000015258789,85.11000061035156,84.16000366210938,84.9800033569336,419700
2017-02-24,84.94999694824219,85.1500015258789,84.2300033569336,84.79000091552734,229500
2017-02-27,84.3499984741211,85.4000015258789,83.66000366210938,85.33999633789062,393900
2017-02-28,85.08000183105469,85.58000183105469,83.7300033569336,84.55000305175781,473500
2017-03-01,85.95999908447266,86.48999786376953,85.19000244140625,85.58000183105469,627300
2017-03-02,85.7300033569336,86.13999938964844,85.62000274658203,85.83000183105469,719300
2017-03-03,86.26000213623047,86.4000015258789,85.44000244140625,85.63999938964844,392200
2017-03-06,85.43000030517578,86.01000213623047,85.08000183105469,85.44999694824219,297600
2017-03-07,85.12999725341797,85.69999694824219,84.88999938964844,85.33000183105469,322600
2017-03-08,85.13999938964844,85.7699966430664,84.75,84.9000015258789,233600
2017-03-09,85.66999816894531,86.08999633789062,85.33000183105469,85.41999816894531,412700
2017-03-10,85.5,86.38999938964844,85.05999755859375,86.1500015258789,338200
2017-03-13,84.93000030517578,85.48999786376953,84.51000213623047,85.48999786376953,300200
2017-03-14,85.43000030517578,85.61000061035156,84.62000274658203,84.73999786376953,341900
2017-03-15,85.63999938964844,86.1500015258789,85.0,85.68000030517578,387600
2017-03-16,85.8499984741211,86.0999984741211,84.8499984741211,85.5,329500
2017-03-17,86.83999633789062,87.05000305175781,85.93000030517578,85.93000030517578,863700
2017-03-20,85.55999755859375,86.80000305175781,85.08000183105469,86.80000305175781,613300
2017-03-21,83.87999725341797,85.80999755859375,83.66999816894531,85.41000366210938,757000
2017-03-22,83.9000015258789,85.18000030517578,83.58000183105469,83.83000183105469,537400
2017-03-23,83.87999725341797,84.51000213623047,83.62999725341797,83.91000366210938,512300
2017-03-24,84.04000091552734,84.4800033569336,83.63999938964844,83.95999908447266,324800
2017-03-27,83.69000244140625,84.22000122070312,83.08999633789062,83.66999816894531,343100
2017-03-28,84.88999938964844,85.16000366210938,83.56999969482422,83.56999969482422,338200
2017-03-29,85.55999755859375,85.91999816894531,84.38999938964844,85.02999877929688,276600
2017-03-30,84.5,85.94999694824219,83.87999725341797,85.52999877929688,342400
2017-03-31,84.66000366210938,85.16000366210938,84.0,84.5,409500
2017-04-03,85.25,85.9000015258789,84.44000244140625,85.16999816894531,482000
2017-04-04,85.45999908447266,85.47000122070312,84.05000305175781,85.36000061035156,507200
2017-04-05,86.13999938964844,86.58999633789062,85.2300033569336,85.29000091552734,619100
2017-04-06,86.41999816894531,86.76000213623047,86.0,86.55999755859375,390700
2017-04-07,86.7300033569336,86.88999938964844,86.22000122070312,86.37999725341797,520600
2017-04-10,88.3499984741211,88.58999633789062,86.80000305175781,86.80000305175781,550500
2017-04-11,88.41999816894531,88.44000244140625,87.56999969482422,88.02999877929688,505800
2017-04-12,88.30000305175781,88.80999755859375,87.81999969482422,88.75,535100
2017-04-13,87.9000015258789,88.68000030517578,87.72000122070312,87.93000030517578,693700
2017-04-17,89.94000244140625,89.98999786376953,87.87000274658203,88.31999969482422,632900
2017-04-18,89.55000305175781,90.41999816894531,89.05999755859375,89.55999755859375,587000
2017-04-19,88.77999877929688,89.69999694824219,88.68000030517578,89.44000244140625,282400
2017-04-20,88.68000030517578,89.22000122070312,88.54000091552734,88.87999725341797,420200
2017-04-21,89.05999755859375,89.37999725341797,88.43000030517578,88.43000030517578,450100
2017-04-24,88.18000030517578,90.18000030517578,87.91000366210938,89.69000244140625,612900
2017-04-25,88.83999633789062,89.02999877929688,87.72000122070312,88.16000366210938,654400
2017-04-26,88.70999908447266,89.02999877929688,87.98999786376953,88.86000061035156,380900
2017-04-27,86.9000015258789,88.68000030517578,86.66999816894531,88.56999969482422,526600
2017-04-28,87.5999984741211,87.86000061035156,85.5999984741211,86.41999816894531,694800
2017-05-01,86.69999694824219,87.91000366210938,86.18000030517578,87.91000366210938,705700
2017-05-02,86.5199966430664,87.06999969482422,85.04000091552734,86.87999725341797,747200
2017-05-03,87.02999877929688,87.22000122070312,85.5199966430664,86.16000366210938,940900
2017-05-04,78.01000213623047,80.23999786376953,75.5199966430664,80.0,4688600
2017-05-05,76.5199966430664,78.6500015258789,76.48999786376953,77.66999816894531,1471000
2017-05-08,78.05000305175781,78.18000030517578,75.7699966430664,76.47000122070312,874500
2017-05-09,76.77999877929688,78.05000305175781,76.70999908447266,77.91999816894531,682800
2017-05-10,77.22000122070312,77.54000091552734,76.6500015258789,76.80000305175781,412500
2017-05-11,76.16000366210938,77.05999755859375,75.94000244140625,76.69999694824219,372900
2017-05-12,75.8499984741211,76.66000366210938,75.55999755859375,76.27999877929688,593600
2017-05-15,76.48999786376953,76.9000015258789,75.66999816894531,75.91000366210938,397600
2017-05-16,76.30000305175781,76.69000244140625,75.7300033569336,76.69000244140625,315100
2017-05-17,76.48999786376953,77.05000305175781,75.43000030517578,76.30000305175781,394600
2017-05-18,76.4800033569336,76.83000183105469,75.86000061035156,76.2699966430664,646800
2017-05-19,77.01000213623047,77.27999877929688,76.0199966430664,76.33000183105469,382200
2017-05-22,77.30999755859375,77.79000091552734,76.8499984741211,76.8499984741211,343100
2017-05-23,77.4800033569336,77.95999908447266,76.97000122070312,77.56999969482422,309600
2017-05-24,77.81999969482422,78.0999984741211,77.45999908447266,77.4800033569336,156500
2017-05-25,78.25,78.62000274658203,77.80000305175781,77.95999908447266,293500
2017-05-26,77.48999786376953,78.52999877929688,77.48999786376953,78.41000366210938,193000
2017-05-30,76.98999786376953,77.69000244140625,76.4000015258789,77.37000274658203,387400
2017-05-31,77.18000030517578,77.77999877929688,76.7300033569336,77.05999755859375,500400
2017-06-01,78.2300033569336,78.27999877929688,77.01000213623047,77.91999816894531,725300
2017-06-02,77.7699966430664,78.63999938964844,76.87000274658203,78.5,374200
2017-06-05,78.4800033569336,78.81999969482422,77.16999816894531,77.69999694824219,445000
2017-06-06,79.0,79.12000274658203,77.97000122070312,78.29000091552734,357000
2017-06-07,80.01000213623047,80.05999755859375,78.80000305175781,79.04000091552734,440000
2017-06-08,78.01000213623047,80.08999633789062,77.98999786376953,80.06999969482422,481500
2017-06-09,77.94999694824219,78.45999908447266,77.41999816894531,78.12999725341797,586700
2017-06-12,78.33999633789062,78.63999938964844,77.69999694824219,77.69999694824219,526600
2017-06-13,80.0999984741211,80.12999725341797,77.58000183105469,78.69999694824219,494500
2017-06-14,80.16000366210938,80.97000122070312,79.68000030517578,80.55000305175781,403700
2017-06-15,79.08000183105469,80.1500015258789,78.87999725341797,79.33999633789062,486400
2017-06-16,81.01000213623047,81.11000061035156,77.9000015258789,78.79000091552734,1939400
2017-06-19,83.37000274658203,84.27999877929688,80.44999694824219,81.06999969482422,1883800
2017-06-20,82.0,83.9800033569336,81.98999786376953,83.22000122070312,885300
2017-06-21,80.56999969482422,82.47000122070312,80.30999755859375,81.95999908447266,644500
2017-06-22,80.3499984741211,80.72000122070312,79.58000183105469,80.43000030517578,631900
2017-06-23,80.23999786376953,80.56999969482422,79.56999969482422,80.41000366210938,910500
2017-06-26,81.98999786376953,82.04000091552734,80.52999877929688,80.83000183105469,556100
2017-06-27,79.80000305175781,81.66999816894531,79.66000366210938,81.38999938964844,545600
2017-06-28,80.8499984741211,81.30999755859375,79.83999633789062,80.38999938964844,504300
2017-06-29,81.01000213623047,81.80999755859375,80.41999816894531,80.51000213623047,476500
2017-06-30,81.69000244140625,82.80999755859375,80.83999633789062,80.83999633789062,1041300
2017-07-03,82.41999816894531,82.86000061035156,81.6500015258789,82.27999877929688,383200
2017-07-05,82.33000183105469,82.72000122070312,81.54000091552734,82.3499984741211,676300
2017-07-06,81.29000091552734,82.47000122070312,80.97000122070312,81.95999908447266,908900
2017-07-07,81.08000183105469,81.91999816894531,80.94000244140625,81.45999908447266,312500
2017-07-10,78.95999908447266,81.06999969482422,78.91999816894531,81.06999969482422,413600
2017-07-11,79.77999877929688,79.87999725341797,78.38999938964844,78.94999694824219,560900
2017-07-12,80.08999633789062,81.0999984741211,79.83000183105469,80.19999694824219,441700
2017-07-13,80.83000183105469,81.0,79.93000030517578,80.27999877929688,649100
2017-07-14,82.04000091552734,82.41999816894531,81.05999755859375,81.05999755859375,421500
2017-07-17,81.12000274658203,82.29000091552734,80.86000061035156,81.94999694824219,517100
2017-07-18,81.94999694824219,82.02999877929688,80.41000366210938,80.93000030517578,660900
2017-07-19,82.83000183105469,82.91999816894531,81.76000213623047,82.12999725341797,446600
2017-07-20,83.16999816894531,83.38999938964844,82.83000183105469,83.12999725341797,608700
2017-07-21,83.80000305175781,84.05000305175781,82.94000244140625,83.25,623200
2017-07-24,84.02999877929688,84.4800033569336,83.52999877929688,83.72000122070312,437900
2017-07-25,85.66999816894531,85.98999786376953,83.62999725341797,84.5199966430664,920800
2017-07-26,85.2699966430664,85.87999725341797,84.87999725341797,85.62999725341797,761300
2017-07-27,85.58000183105469,85.76000213623047,84.7300033569336,85.44000244140625,532100
2017-07-28,85.73999786376953,85.91999816894531,84.9000015258789,85.2300033569336,1061300
2017-07-31,84.83000183105469,85.87000274658203,83.97000122070312,85.5999984741211,1011000
2017-08-01,82.36000061035156,85.18000030517578,81.63999938964844,85.11000061035156,1294500
2017-08-02,84.25,84.55000305175781,82.02999877929688,82.48999786376953,1177300
2017-08-03,74.16000366210938,80.55000305175781,73.81999969482422,77.9800033569336,4712500
2017-08-04,74.4800033569336,75.80000305175781,72.2699966430664,72.6500015258789,2751800
2017-08-07,75.16999816894531,75.37000274658203,73.66999816894531,74.47000122070312,1373500
2017-08-08,74.63999938964844,75.8499984741211,74.08999633789062,74.80999755859375,1269800
2017-08-09,74.01000213623047,74.56999969482422,73.38999938964844,74.56999969482422,994800
2017-08-10,72.30000305175781,73.4800033569336,72.22000122070312,73.4000015258789,1271200
2017-08-11,70.91000366210938,72.06999969482422,70.9000015258789,71.9800033569336,1151900
2017-08-14,72.5999984741211,72.91000366210938,71.16999816894531,71.52999877929688,1473700
2017-08-15,71.05999755859375,72.94999694824219,71.0,72.63999938964844,822000
2017-08-16,71.08000183105469,71.61000061035156,70.76000213623047,70.8499984741211,714600
2017-08-17,69.63999938964844,71.31999969482422,69.51000213623047,70.83000183105469,1045500
2017-08-18,70.23999786376953,70.33000183105469,69.20999908447266,69.80999755859375,1067700
2017-08-21,70.12999725341797,70.77999877929688,69.7699966430664,70.43000030517578,878600
2017-08-22,70.33000183105469,70.44999694824219,69.5999984741211,70.05999755859375,1047400
2017-08-23,69.94999694824219,70.72000122070312,69.70999908447266,70.37000274658203,714500
2017-08-24,68.66000366210938,70.16000366210938,68.25,69.75,1165400
2017-08-25,67.79000091552734,68.87000274658203,67.7699966430664,68.87000274658203,863300
2017-08-28,66.69999694824219,68.91000366210938,66.5999984741211,67.91000366210938,644600
2017-08-29,66.4000015258789,66.9800033569336,66.04000091552734,66.55999755859375,1177100
2017-08-30,66.19999694824219,66.62999725341797,65.43000030517578,66.27999877929688,813300
2017-08-31,66.98999786376953,67.19999694824219,65.75,66.30999755859375,778800
2017-09-01,67.97000122070312,68.22000122070312,67.19000244140625,67.33000183105469,781100
2017-09-05,67.02999877929688,68.3499984741211,66.6500015258789,67.98999786376953,760200
2017-09-06,66.9000015258789,67.33999633789062,65.62000274658203,67.33999633789062,934400
2017-09-07,65.9800033569336,67.12999725341797,65.58999633789062,66.9800033569336,638600
2017-09-08,65.73999786376953,66.25,65.4800033569336,65.98999786376953,703700
2017-09-11,66.97000122070312,67.75,66.2699966430664,66.2699966430664,944000
2017-09-12,67.23999786376953,67.79000091552734,66.95999908447266,66.98999786376953,569900
2017-09-13,67.04000091552734,67.45999908447266,66.93000030517578,67.18000030517578,580600
2017-09-14,67.19999694824219,67.23999786376953,66.66999816894531,67.0,642900
2017-09-15,67.20999908447266,67.51000213623047,66.98999786376953,67.16000366210938,546500
2017-09-18,67.29000091552734,67.51000213623047,66.97000122070312,67.16999816894531,663700
2017-09-19,67.0999984741211,68.69000244140625,66.70999908447266,67.25,645000
2017-09-20,66.38999938964844,66.97000122070312,65.86000061035156,66.83999633789062,996900
2017-09-21,66.0199966430664,66.6500015258789,65.93000030517578,66.4000015258789,546600
2017-09-22,66.0,66.5199966430664,65.86000061035156,66.22000122070312,543400
2017-09-25,66.3499984741211,66.56999969482422,65.91000366210938,66.01000213623047,440100
2017-09-26,67.58000183105469,67.9000015258789,66.29000091552734,66.47000122070312,410900
2017-09-27,67.91999816894531,68.0999984741211,66.58000183105469,67.08999633789062,548800
2017-09-28,67.94999694824219,68.6500015258789,67.5999984741211,68.02999877929688,382500
2017-09-29,67.7300033569336,68.62000274658203,67.6500015258789,68.12999725341797,516900
2017-10-02,67.88999938964844,68.37999725341797,67.2699966430664,67.87999725341797,502100
2017-10-03,67.43000030517578,67.9000015258789,67.0,67.9000015258789,381100
2017-10-04,67.83999633789062,67.95999908447266,66.86000061035156,67.44000244140625,661600
2017-10-05,68.16000366210938,68.4800033569336,67.97000122070312,68.25,468000
2017-10-06,67.30999755859375,68.19000244140625,66.9800033569336,68.0999984741211,385300
2017-10-09,67.95999908447266,68.27999877929688,67.25,67.72000122070312,655000
2017-10-10,68.44000244140625,68.66999816894531,67.70999908447266,68.30999755859375,577000
2017-10-11,68.22000122070312,68.55999755859375,67.95999908447266,68.44000244140625,325800
2017-10-12,68.06999969482422,68.55000305175781,67.94000244140625,68.2699966430664,469400
2017-10-13,68.30000305175781,68.83000183105469,67.55000305175781,68.16999816894531,359200
2017-10-16,68.72000122070312,68.9000015258789,68.05999755859375,68.05999755859375,396300
2017-10-17,68.05000305175781,68.83000183105469,67.8499984741211,68.5999984741211,417300
2017-10-18,67.54000091552734,68.18000030517578,67.36000061035156,67.9000015258789,712300
2017-10-19,67.8499984741211,67.9800033569336,67.2699966430664,67.4000015258789,439900
2017-10-20,67.58000183105469,68.01000213623047,67.36000061035156,68.01000213623047,293500
2017-10-23,67.12000274658203,68.05000305175781,66.81999969482422,67.66999816894531,342300
2017-10-24,66.23999786376953,67.7699966430664,65.4000015258789,67.2699966430664,616400
2017-10-25,66.2699966430664,66.58000183105469,65.48999786376953,66.30000305175781,588100
2017-10-26,66.48999786376953,66.9000015258789,65.19999694824219,66.38999938964844,499300
2017-10-27,68.33999633789062,68.43000030517578,66.41999816894531,66.41999816894531,622100
2017-10-30,66.19000244140625,68.4800033569336,66.08000183105469,67.98999786376953,881900
2017-10-31,66.37999725341797,67.80999755859375,66.12999725341797,66.16999816894531,1103500
2017-11-01,66.36000061035156,67.12999725341797,66.05000305175781,66.5199966430664,1109100
2017-11-02,43.029998779296875,52.59000015258789,40.5,51.29999923706055,13863800
2017-11-03,42.15999984741211,44.310001373291016,40.2599983215332,40.45000076293945,3913400
2017-11-06,42.56999969482422,43.13999938964844,42.0099983215332,42.08000183105469,2224600
2017-11-07,42.7400016784668,43.13999938964844,42.369998931884766,42.790000915527344,1620600
2017-11-08,43.0,43.279998779296875,42.529998779296875,42.849998474121094,1062600
2017-11-09,42.58000183105469,43.43000030517578,42.540000915527344,43.2599983215332,943300
2017-11-10,43.08000183105469,43.130001068115234,41.869998931884766,42.2400016784668,1100700
2017-11-13,43.2599983215332,43.470001220703125,42.95000076293945,43.15999984741211,1104800
2017-11-14,42.0,43.27000045776367,41.560001373291016,43.11000061035156,1344900
2017-11-15,41.869998931884766,42.56999969482422,40.540000915527344,41.5,2686000
2017-11-16,42.86000061035156,43.40999984741211,42.43000030517578,43.16999816894531,1576000
2017-11-17,43.65999984741211,43.7400016784668,42.52000045776367,42.52000045776367,1433300
2017-11-20,44.0,44.2599983215332,43.47999954223633,43.7599983215332,868300
2017-11-21,44.06999969482422,44.349998474121094,43.709999084472656,44.060001373291016,740300
2017-11-22,44.290000915527344,44.349998474121094,43.90999984741211,44.18000030517578,496800
2017-11-24,44.08000183105469,44.47999954223633,43.54999923706055,44.47999954223633,195300
2017-11-27,44.06999969482422,44.29999923706055,43.810001373291016,44.06999969482422,801200
2017-11-28,44.2599983215332,44.66999816894531,43.91999816894531,44.06999969482422,725800
2017-11-29,45.779998779296875,46.02000045776367,44.290000915527344,44.369998931884766,894400
2017-11-30,46.02000045776367,46.2599983215332,45.11000061035156,45.939998626708984,896900
2017-12-01,46.06999969482422,46.25,45.290000915527344,45.88999938964844,1124500
2017-12-04,46.08000183105469,47.189998626708984,45.97999954223633,46.4900016784668,1361000
2017-12-05,45.5,46.470001220703125,45.209999084472656,46.189998626708984,868800
2017-12-06,46.45000076293945,46.75,45.220001220703125,45.349998474121094,597100
2017-12-07,47.04999923706055,47.380001068115234,45.880001068115234,46.189998626708984,853100
2017-12-08,46.83000183105469,47.060001373291016,45.869998931884766,47.060001373291016,781900
2017-12-11,46.689998626708984,47.150001525878906,46.54999923706055,46.619998931884766,957500
2017-12-12,46.540000915527344,47.08000183105469,46.349998474121094,46.810001373291016,892500
2017-12-13,46.97999954223633,47.04999923706055,45.34000015258789,45.560001373291016,1185100
2017-12-14,46.810001373291016,47.619998931884766,46.63999938964844,46.900001525878906,708200
2017-12-15,47.060001373291016,47.779998779296875,46.880001068115234,46.880001068115234,1802000
2017-12-18,48.86000061035156,49.400001525878906,47.349998474121094,47.349998474121094,785700
2017-12-19,48.79999923706055,49.18000030517578,48.599998474121094,48.97999954223633,910600
2017-12-20,48.619998931884766,49.08000183105469,47.849998474121094,49.06999969482422,702500
2017-12-21,48.61000061035156,49.11000061035156,48.470001220703125,48.630001068115234,590600
2017-12-22,48.529998779296875,48.849998474121094,48.400001525878906,48.619998931884766,350600
2017-12-26,48.150001525878906,48.9900016784668,48.060001373291016,48.560001373291016,555600
2017-12-27,48.369998931884766,49.04999923706055,48.20000076293945,48.31999969482422,674800
2017-12-28,48.540000915527344,48.560001373291016,47.849998474121094,48.29999923706055,641900
2017-12-29,49.459999084472656,49.83000183105469,48.540000915527344,48.540000915527344,810000
2018-01-02,49.099998474121094,49.720001220703125,48.119998931884766,49.540000915527344,891600
2018-01-03,49.380001068115234,49.41999816894531,48.77000045776367,49.06999969482422,767000
2018-01-04,49.900001525878906,50.27000045776367,49.33000183105469,49.720001220703125,856600
2018-01-05,49.70000076293945,50.130001068115234,49.43000030517578,50.130001068115234,771600
2018-01-08,50.08000183105469,50.36000061035156,49.40999984741211,49.880001068115234,787100
2018-01-09,49.45000076293945,50.22999954223633,49.33000183105469,50.209999084472656,466000
2018-01-10,48.880001068115234,49.22999954223633,48.65999984741211,49.04999923706055,458600
2018-01-11,49.099998474121094,49.369998931884766,48.709999084472656,49.150001525878906,509600
2018-01-12,48.869998931884766,49.33000183105469,48.220001220703125,49.099998474121094,685200
2018-01-16,49.72999954223633,50.15999984741211,48.91999816894531,49.09000015258789,866600
2018-01-17,50.09000015258789,50.459999084472656,49.779998779296875,49.779998779296875,829900
2018-01-18,49.52000045776367,50.04999923706055,49.349998474121094,49.68000030517578,617400
2018-01-19,49.54999923706055,49.66999816894531,49.2400016784668,49.5,567000
2018-01-22,49.86000061035156,50.150001525878906,49.33000183105469,49.40999984741211,407900
2018-01-23,49.880001068115234,50.08000183105469,49.52000045776367,49.77000045776367,310700
2018-01-24,49.18000030517578,50.04999923706055,49.119998931884766,49.79999923706055,581200
2018-01-25,48.18000030517578,49.41999816894531,48.06999969482422,49.279998779296875,768300
2018-01-26,46.56999969482422,48.5099983215332,46.45000076293945,48.2400016784668,1155900
2018-01-29,47.45000076293945,47.52000045776367,46.119998931884766,46.15999984741211,1813700
2018-01-30,47.459999084472656,48.470001220703125,47.220001220703125,47.36000061035156,659800
2018-01-31,47.15999984741211,47.709999084472656,46.650001525878906,47.540000915527344,479100
2018-02-01,47.029998779296875,47.900001525878906,46.68000030517578,46.959999084472656,400700
2018-02-02,45.040000915527344,46.83000183105469,44.43000030517578,46.83000183105469,987400
2018-02-05,43.25,45.38999938964844,43.189998626708984,44.70000076293945,916400
2018-02-06,42.97999954223633,43.36000061035156,41.869998931884766,42.459999084472656,1397000
2018-02-07,42.47999954223633,43.0099983215332,41.95000076293945,42.65999984741211,1053000
2018-02-08,41.91999816894531,42.90999984741211,41.47999954223633,42.38999938964844,1068400
2018-02-09,42.13999938964844,42.52000045776367,41.029998779296875,42.20000076293945,936800
2018-02-12,41.47999954223633,42.27000045776367,41.209999084472656,42.20000076293945,1133300
2018-02-13,41.38999938964844,41.56999969482422,40.56999969482422,41.31999969482422,896600
2018-02-14,43.0099983215332,43.869998931884766,41.02000045776367,41.060001373291016,1693300
2018-02-15,37.47999954223633,39.220001220703125,36.349998474121094,36.689998626708984,5653300
2018-02-16,38.279998779296875,39.650001525878906,37.41999816894531,37.41999816894531,3722400
2018-02-20,40.380001068115234,40.5,38.290000915527344,38.290000915527344,1815800
2018-02-21,39.95000076293945,41.20000076293945,39.90999984741211,40.380001068115234,1224300
2018-02-22,39.38999938964844,40.459999084472656,39.0,39.9900016784668,1132800
2018-02-23,39.63999938964844,39.84000015258789,39.0,39.47999954223633,649700
2018-02-26,39.380001068115234,40.08000183105469,38.97999954223633,39.86000061035156,653600
2018-02-27,38.34000015258789,39.68000030517578,38.25,39.25,983400
2018-02-28,38.02000045776367,38.849998474121094,37.81999969482422,38.33000183105469,747500
2018-03-01,37.790000915527344,38.880001068115234,37.65999984741211,38.0,613000
2018-03-02,39.5,39.95000076293945,37.189998626708984,37.380001068115234,870000
2018-03-05,41.060001373291016,42.220001220703125,40.400001525878906,40.95000076293945,1127000
2018-03-06,41.95000076293945,42.220001220703125,40.61000061035156,41.06999969482422,894000
2018-03-07,41.95000076293945,42.06999969482422,41.380001068115234,41.560001373291016,588900
2018-03-08,42.31999969482422,42.349998474121094,41.689998626708984,42.0,477900
2018-03-09,42.02000045776367,42.790000915527344,41.63999938964844,42.619998931884766,435200
2018-03-12,42.869998931884766,43.150001525878906,41.93000030517578,42.130001068115234,428500
2018-03-13,42.9900016784668,43.45000076293945,42.59000015258789,43.150001525878906,635100
2018-03-14,42.70000076293945,43.380001068115234,42.63999938964844,43.18000030517578,489200
2018-03-15,41.20000076293945,42.970001220703125,41.029998779296875,42.66999816894531,431900
2018-03-16,41.40999984741211,41.61000061035156,40.79999923706055,41.130001068115234,658400
2018-03-19,40.41999816894531,41.380001068115234,40.279998779296875,41.16999816894531,415600
2018-03-20,40.369998931884766,40.43000030517578,39.93000030517578,40.400001525878906,535500
2018-03-21,38.59000015258789,40.40999984741211,38.400001525878906,40.130001068115234,1117800
2018-03-22,38.209999084472656,38.90999984741211,38.20000076293945,38.54999923706055,425600
2018-03-23,37.349998474121094,38.279998779296875,37.33000183105469,38.279998779296875,743300
2018-03-26,37.540000915527344,38.060001373291016,36.619998931884766,37.630001068115234,826300
2018-03-27,37.79999923706055,38.58000183105469,37.310001373291016,37.77000045776367,695700
2018-03-28,38.11000061035156,38.189998626708984,37.34000015258789,37.59000015258789,697500
2018-03-29,38.27000045776367,38.900001525878906,38.119998931884766,38.400001525878906,479800
2018-04-02,37.68000030517578,38.77000045776367,37.52000045776367,38.2400016784668,744700
2018-04-03,37.90999984741211,38.099998474121094,36.880001068115234,37.75,594800
2018-04-04,39.119998931884766,39.22999954223633,37.5099983215332,37.5099983215332,690300
2018-04-05,39.22999954223633,39.9900016784668,38.900001525878906,39.40999984741211,538100
2018-04-06,38.810001373291016,39.70000076293945,38.58000183105469,39.130001068115234,622600
2018-04-09,39.33000183105469,39.900001525878906,38.119998931884766,38.900001525878906,483100
2018-04-10,39.06999969482422,39.75,39.0099983215332,39.72999954223633,381500
2018-04-11,39.25,39.63999938964844,38.29999923706055,38.83000183105469,436300
2018-04-12,39.130001068115234,39.68000030517578,38.720001220703125,39.27000045776367,366100
2018-04-13,39.27000045776367,39.4900016784668,38.79999923706055,39.18000030517578,520900
2018-04-16,39.56999969482422,39.72999954223633,38.459999084472656,39.189998626708984,518200
2018-04-17,39.290000915527344,39.83000183105469,38.86000061035156,39.63999938964844,490300
2018-04-18,39.72999954223633,39.83000183105469,39.040000915527344,39.27000045776367,1217100
2018-04-19,38.93000030517578,39.77000045776367,38.83000183105469,39.619998931884766,503500
2018-04-20,38.18000030517578,39.15999984741211,38.02000045776367,39.040000915527344,616200
2018-04-23,38.22999954223633,38.5099983215332,37.849998474121094,38.279998779296875,1157000
2018-04-24,38.43000030517578,38.4900016784668,37.849998474121094,38.22999954223633,578100
2018-04-25,38.68000030517578,39.060001373291016,38.04999923706055,38.29999923706055,602200
2018-04-26,38.58000183105469,38.810001373291016,37.58000183105469,38.810001373291016,752600
2018-04-27,38.77000045776367,39.529998779296875,38.689998626708984,38.75,826300
2018-04-30,38.5,39.189998626708984,38.470001220703125,39.0,668600
2018-05-01,38.40999984741211,39.04999923706055,38.060001373291016,38.4900016784668,1108300
2018-05-02,36.619998931884766,38.77000045776367,36.43000030517578,38.5,1732000
2018-05-03,39.83000183105469,41.720001220703125,37.56999969482422,37.599998474121094,2880500
2018-05-04,44.15999984741211,44.86000061035156,39.52000045776367,39.79999923706055,2220500
2018-05-07,44.7599983215332,44.97999954223633,43.20000076293945,44.119998931884766,1383700
2018-05-08,45.040000915527344,45.279998779296875,44.11000061035156,44.689998626708984,875300
2018-05-09,46.0,46.31999969482422,44.91999816894531,45.310001373291016,1001400
2018-05-10,46.79999923706055,47.22999954223633,46.099998474121094,46.189998626708984,837500
2018-05-11,47.0099983215332,47.52000045776367,46.5,47.06999969482422,550500
2018-05-14,46.540000915527344,47.31999969482422,46.36000061035156,47.31999969482422,702800
2018-05-15,46.66999816894531,47.209999084472656,46.11000061035156,46.380001068115234,424500
2018-05-16,47.119998931884766,47.31999969482422,46.650001525878906,46.790000915527344,729300
2018-05-17,46.75,47.380001068115234,46.34000015258789,47.25,616100
2018-05-18,46.279998779296875,46.75,45.279998779296875,46.45000076293945,593400
2018-05-21,46.83000183105469,46.88999938964844,45.79999923706055,46.43000030517578,2002900
2018-05-22,46.66999816894531,47.45000076293945,46.56999969482422,46.88999938964844,377900
2018-05-23,46.65999984741211,46.91999816894531,46.29999923706055,46.43000030517578,488800
2018-05-24,46.59000015258789,46.79999923706055,45.93000030517578,46.43000030517578,397900
2018-05-25,47.209999084472656,47.2599983215332,46.310001373291016,46.65999984741211,658300
2018-05-29,47.220001220703125,47.41999816894531,46.7599983215332,46.9900016784668,394400
2018-05-30,48.119998931884766,48.18000030517578,46.58000183105469,47.2599983215332,687700
2018-05-31,47.90999984741211,48.150001525878906,47.279998779296875,48.150001525878906,840700
2018-06-01,48.61000061035156,48.90999984741211,47.58000183105469,48.2599983215332,726700
2018-06-04,49.459999084472656,49.5,48.599998474121094,48.9900016784668,701100
2018-06-05,48.5099983215332,49.47999954223633,48.040000915527344,49.29999923706055,490700
2018-06-06,48.16999816894531,48.439998626708984,47.63999938964844,48.439998626708984,356600
2018-06-07,48.75,48.88999938964844,47.099998474121094,47.90999984741211,441900
2018-06-08,49.61000061035156,49.709999084472656,48.209999084472656,48.650001525878906,579500
2018-06-11,50.43000030517578,50.599998474121094,49.209999084472656,49.7599983215332,423400
2018-06-12,52.18000030517578,52.650001525878906,50.0,50.47999954223633,900000
2018-06-13,51.86000061035156,52.45000076293945,51.380001068115234,52.22999954223633,579400
2018-06-14,52.2599983215332,52.34000015258789,51.5,51.869998931884766,488900
2018-06-15,52.66999816894531,52.790000915527344,51.83000183105469,52.349998474121094,802900
2018-06-18,52.040000915527344,52.72999954223633,51.72999954223633,52.72999954223633,634300
2018-06-19,53.369998931884766,53.459999084472656,51.380001068115234,51.75,765000
2018-06-20,53.84000015258789,53.90999984741211,52.709999084472656,53.38999938964844,549100
2018-06-21,53.689998626708984,54.029998779296875,53.29999923706055,53.84000015258789,410000
2018-06-22,53.560001373291016,54.5099983215332,53.459999084472656,54.0,780800
2018-06-25,53.869998931884766,54.220001220703125,53.27000045776367,53.790000915527344,476600
2018-06-26,53.709999084472656,53.970001220703125,53.029998779296875,53.970001220703125,686900
2018-06-27,53.220001220703125,54.459999084472656,52.83000183105469,53.65999984741211,848000
2018-06-28,53.18000030517578,53.7400016784668,52.56999969482422,53.29999923706055,610100
2018-06-29,52.5099983215332,53.33000183105469,52.40999984741211,53.33000183105469,918700
2018-07-02,52.34000015258789,52.41999816894531,51.79999923706055,52.0099983215332,389800
2018-07-03,52.77000045776367,53.59000015258789,52.290000915527344,52.68000030517578,388200
2018-07-05,53.41999816894531,53.470001220703125,52.54999923706055,53.0099983215332,649600
2018-07-06,53.900001525878906,54.09000015258789,53.02000045776367,53.41999816894531,605200
2018-07-09,53.040000915527344,54.400001525878906,52.88999938964844,54.400001525878906,1051600
2018-07-10,52.81999969482422,53.22999954223633,52.380001068115234,53.119998931884766,425300
2018-07-11,52.5,53.720001220703125,52.290000915527344,52.93000030517578,407400
2018-07-12,52.84000015258789,52.970001220703125,52.349998474121094,52.650001525878906,412600
2018-07-13,52.939998626708984,53.33000183105469,52.369998931884766,52.84000015258789,413200
2018-07-16,52.0099983215332,53.33000183105469,51.79999923706055,52.869998931884766,620900
2018-07-17,52.25,52.650001525878906,51.5099983215332,51.59000015258789,326500
2018-07-18,51.84000015258789,52.290000915527344,51.349998474121094,52.290000915527344,547600
2018-07-19,52.15999984741211,52.459999084472656,51.43000030517578,51.7400016784668,498700
2018-07-20,51.75,52.31999969482422,51.560001373291016,52.290000915527344,606700
2018-07-23,50.81999969482422,51.970001220703125,49.959999084472656,51.849998474121094,606200
2018-07-24,49.849998474121094,50.720001220703125,49.599998474121094,50.720001220703125,639200
2018-07-25,48.689998626708984,49.83000183105469,48.47999954223633,49.36000061035156,784900
2018-07-26,48.849998474121094,50.0,48.70000076293945,49.130001068115234,795600
2018-07-27,48.02000045776367,48.849998474121094,47.849998474121094,48.849998474121094,581900
2018-07-30,47.689998626708984,48.31999969482422,47.279998779296875,47.93000030517578,835800
2018-07-31,47.4900016784668,47.79999923706055,47.0099983215332,47.709999084472656,590400
2018-08-01,46.97999954223633,47.91999816894531,46.529998779296875,47.52000045776367,1401800
2018-08-02,49.70000076293945,51.45000076293945,47.90999984741211,47.90999984741211,2076300
2018-08-03,51.0,52.599998474121094,50.5,51.189998626708984,1891000
2018-08-06,50.599998474121094,51.470001220703125,50.22999954223633,51.11000061035156,1268000
2018-08-07,49.43000030517578,50.52000045776367,49.189998626708984,50.470001220703125,534500
2018-08-08,48.849998474121094,49.59000015258789,48.689998626708984,49.439998626708984,587500
2018-08-09,49.20000076293945,49.65999984741211,48.56999969482422,48.81999969482422,1238900
2018-08-10,48.36000061035156,49.0099983215332,48.25,48.790000915527344,395300
2018-08-13,48.11000061035156,48.2400016784668,47.279998779296875,48.2400016784668,528800
2018-08-14,49.150001525878906,49.40999984741211,48.34000015258789,48.349998474121094,356800
2018-08-15,49.52000045776367,49.970001220703125,48.75,49.209999084472656,561400
2018-08-16,50.06999969482422,50.4900016784668,49.650001525878906,49.709999084472656,377000
2018-08-17,50.93000030517578,51.279998779296875,49.880001068115234,50.02000045776367,594200
2018-08-20,51.0,51.380001068115234,50.41999816894531,50.75,539900
2018-08-21,50.880001068115234,51.13999938964844,50.220001220703125,50.9900016784668,912600
2018-08-22,51.27000045776367,51.400001525878906,50.58000183105469,50.88999938964844,884000
2018-08-23,51.77000045776367,51.88999938964844,50.81999969482422,51.09000015258789,665300
2018-08-24,53.060001373291016,53.150001525878906,51.38999938964844,52.0,1069200
2018-08-27,52.400001525878906,53.65999984741211,52.29999923706055,53.310001373291016,974900
2018-08-28,51.29999923706055,52.459999084472656,50.790000915527344,52.130001068115234,740900
2018-08-29,51.9900016784668,52.02000045776367,51.0099983215332,51.459999084472656,363400
2018-08-30,51.2400016784668,52.2599983215332,51.099998474121094,51.709999084472656,301600
2018-08-31,52.099998474121094,52.15999984741211,50.849998474121094,51.36000061035156,494300
2018-09-04,52.130001068115234,52.34000015258789,51.47999954223633,51.9900016784668,324500
2018-09-05,53.18000030517578,53.20000076293945,51.97999954223633,51.97999954223633,595400
2018-09-06,53.22999954223633,53.7599983215332,53.0,53.209999084472656,297200
2018-09-07,54.099998474121094,54.130001068115234,52.470001220703125,53.08000183105469,444000
2018-09-10,54.27000045776367,54.5099983215332,53.689998626708984,54.20000076293945,395400
2018-09-11,53.9900016784668,54.58000183105469,53.040000915527344,54.16999816894531,687400
2018-09-12,55.0099983215332,55.130001068115234,53.880001068115234,54.06999969482422,383700
2018-09-13,55.43000030517578,55.599998474121094,54.439998626708984,55.099998474121094,406900
2018-09-14,54.900001525878906,55.560001373291016,54.779998779296875,55.54999923706055,356200
2018-09-17,54.40999984741211,55.31999969482422,54.22999954223633,54.95000076293945,375400
2018-09-18,53.91999816894531,54.75,53.560001373291016,54.220001220703125,446900
2018-09-19,52.72999954223633,54.13999938964844,52.68000030517578,53.88999938964844,217600
2018-09-20,53.2400016784668,54.2599983215332,52.029998779296875,52.97999954223633,952800
2018-09-21,52.04999923706055,53.70000076293945,51.939998626708984,53.220001220703125,627200
2018-09-24,51.400001525878906,52.25,50.400001525878906,51.849998474121094,564600
2018-09-25,49.58000183105469,51.400001525878906,49.36000061035156,51.36000061035156,681900
2018-09-26,49.61000061035156,50.310001373291016,48.77000045776367,49.47999954223633,781600
2018-09-27,48.22999954223633,49.849998474121094,47.849998474121094,49.369998931884766,784200
2018-09-28,47.849998474121094,48.63999938964844,46.720001220703125,48.20000076293945,1124500
2018-10-01,46.91999816894531,48.630001068115234,46.5099983215332,48.15999984741211,867700
2018-10-02,47.34000015258789,47.880001068115234,46.560001373291016,46.97999954223633,950200
2018-10-03,46.70000076293945,47.34000015258789,45.65999984741211,46.779998779296875,1243700
2018-10-04,46.720001220703125,47.060001373291016,46.2599983215332,46.63999938964844,846400
2018-10-05,46.5,46.95000076293945,45.849998474121094,46.58000183105469,766400
2018-10-08,46.59000015258789,46.75,45.970001220703125,46.349998474121094,547100
2018-10-09,46.0,46.810001373291016,45.86000061035156,46.56999969482422,539300
2018-10-10,46.099998474121094,47.22999954223633,45.15999984741211,46.189998626708984,616400
2018-10-11,45.650001525878906,46.540000915527344,45.47999954223633,46.099998474121094,644400
2018-10-12,46.459999084472656,46.7599983215332,45.25,46.11000061035156,524200
2018-10-15,47.650001525878906,47.9900016784668,46.380001068115234,46.380001068115234,432300
2018-10-16,48.63999938964844,48.95000076293945,47.310001373291016,47.75,506300
2018-10-17,47.90999984741211,48.58000183105469,47.220001220703125,48.43000030517578,666300
2018-10-18,47.20000076293945,48.27000045776367,47.08000183105469,47.880001068115234,364500
2018-10-19,48.599998474121094,48.91999816894531,47.29999923706055,47.560001373291016,497700
2018-10-22,48.189998626708984,49.150001525878906,47.939998626708984,48.63999938964844,458300
2018-10-23,47.88999938964844,48.18000030517578,47.0099983215332,47.810001373291016,449800
2018-10-24,47.779998779296875,48.63999938964844,47.52000045776367,47.9900016784668,550700
2018-10-25,47.59000015258789,47.91999816894531,47.16999816894531,47.650001525878906,451700
2018-10-26,45.279998779296875,47.209999084472656,45.130001068115234,47.209999084472656,739500
2018-10-29,45.5099983215332,46.790000915527344,44.97999954223633,45.84000015258789,842900
2018-10-30,46.90999984741211,47.119998931884766,45.58000183105469,45.79999923706055,536300
2018-10-31,45.560001373291016,47.38999938964844,45.310001373291016,46.959999084472656,813600
2018-11-01,44.0,46.81999969482422,41.18000030517578,46.27000045776367,4878200
2018-11-02,44.68000030517578,45.619998931884766,42.77000045776367,42.77000045776367,2779900
2018-11-05,45.81999969482422,47.04999923706055,44.61000061035156,44.61000061035156,1460500
2018-11-06,48.220001220703125,49.029998779296875,45.650001525878906,45.790000915527344,1420800
2018-11-07,49.040000915527344,49.11000061035156,47.40999984741211,48.279998779296875,782700
2018-11-08,48.31999969482422,49.209999084472656,47.9900016784668,48.93000030517578,726800
2018-11-09,48.52000045776367,48.709999084472656,47.97999954223633,48.189998626708984,738400
2018-11-12,49.650001525878906,50.119998931884766,48.209999084472656,48.279998779296875,604300
2018-11-13,50.400001525878906,50.58000183105469,49.540000915527344,49.9900016784668,977300
2018-11-14,50.060001373291016,51.029998779296875,49.790000915527344,50.650001525878906,896400
2018-11-15,51.209999084472656,51.25,49.15999984741211,49.93000030517578,693200
2018-11-16,51.880001068115234,52.34000015258789,50.970001220703125,50.970001220703125,623100
2018-11-19,52.790000915527344,52.93000030517578,52.099998474121094,52.56999969482422,798500
2018-11-20,53.5,53.77000045776367,52.22999954223633,52.5,752100
2018-11-21,53.65999984741211,54.099998474121094,53.2400016784668,53.41999816894531,677300
2018-11-23,53.0,53.75,52.709999084472656,53.459999084472656,237600
2018-11-26,52.31999969482422,53.7400016784668,51.689998626708984,53.22999954223633,1176300
2018-11-27,52.400001525878906,52.650001525878906,51.25,52.29999923706055,803000
2018-11-28,51.66999816894531,52.470001220703125,51.31999969482422,52.08000183105469,798600
2018-11-29,52.52000045776367,52.9900016784668,50.9900016784668,51.61000061035156,799300
2018-11-30,52.599998474121094,53.90999984741211,52.380001068115234,52.459999084472656,653600
2018-12-03,51.91999816894531,52.77000045776367,50.810001373291016,52.36000061035156,771400
2018-12-04,50.02000045776367,52.45000076293945,49.7599983215332,52.220001220703125,882200
2018-12-06,50.04999923706055,50.18000030517578,48.40999984741211,49.86000061035156,724900
2018-12-07,50.119998931884766,50.72999954223633,49.70000076293945,50.02000045776367,567500
2018-12-10,48.939998626708984,50.04999923706055,47.849998474121094,50.04999923706055,1148000
2018-12-11,51.709999084472656,53.2599983215332,49.40999984741211,49.40999984741211,1522900
2018-12-12,54.04999923706055,55.09000015258789,51.70000076293945,52.529998779296875,1576400
2018-12-13,54.65999984741211,54.90999984741211,53.33000183105469,54.11000061035156,807400
2018-12-14,54.0099983215332,54.560001373291016,53.61000061035156,54.25,559600
2018-12-17,51.2599983215332,54.47999954223633,51.06999969482422,53.9900016784668,1101700
2018-12-18,51.720001220703125,52.790000915527344,50.58000183105469,51.630001068115234,691900
2018-12-19,51.349998474121094,52.77000045776367,51.130001068115234,52.2400016784668,608400
2018-12-20,50.83000183105469,51.650001525878906,50.04999923706055,50.9900016784668,544300
2018-12-21,49.90999984741211,52.66999816894531,49.41999816894531,50.619998931884766,991300
2018-12-24,48.36000061035156,49.720001220703125,48.040000915527344,49.5099983215332,262500
2018-12-26,50.459999084472656,50.619998931884766,48.310001373291016,48.599998474121094,770800
2018-12-27,50.15999984741211,50.310001373291016,48.4900016784668,50.310001373291016,574400
2018-12-28,49.810001373291016,50.91999816894531,49.45000076293945,50.11000061035156,438400
2018-12-31,50.709999084472656,50.970001220703125,49.209999084472656,49.97999954223633,648800
2019-01-02,50.70000076293945,51.70000076293945,49.310001373291016,50.27000045776367,588500
2019-01-03,51.060001373291016,52.15999984741211,50.16999816894531,50.5,473300
2019-01-04,52.540000915527344,53.08000183105469,51.0099983215332,51.290000915527344,1239400
2019-01-07,53.540000915527344,53.880001068115234,52.5099983215332,52.5099983215332,984500
2019-01-08,54.33000183105469,54.52000045776367,53.599998474121094,53.650001525878906,432500
2019-01-09,55.02000045776367,55.290000915527344,54.209999084472656,54.59000015258789,670800
2019-01-10,56.369998931884766,57.150001525878906,54.619998931884766,55.130001068115234,853100
2019-01-11,57.15999984741211,57.4900016784668,56.08000183105469,56.4900016784668,808000
2019-01-14,57.9900016784668,58.349998474121094,56.84000015258789,57.15999984741211,469300
2019-01-15,58.81999969482422,58.95000076293945,57.689998626708984,58.209999084472656,949300
2019-01-16,58.689998626708984,59.720001220703125,58.470001220703125,59.13999938964844,668700
2019-01-17,59.959999084472656,60.58000183105469,58.0,58.68000030517578,2306800
2019-01-18,58.630001068115234,60.16999816894531,58.439998626708984,60.0,1143400
2019-01-22,57.849998474121094,58.720001220703125,56.93000030517578,58.5099983215332,774300
2019-01-23,57.72999954223633,59.20000076293945,57.560001373291016,58.13999938964844,446200
2019-01-24,57.40999984741211,57.7400016784668,56.439998626708984,57.400001525878906,339300
2019-01-25,56.880001068115234,57.75,56.599998474121094,57.65999984741211,254500
2019-01-28,57.22999954223633,57.5,56.279998779296875,56.54999923706055,253200
2019-01-29,56.95000076293945,57.4900016784668,56.59000015258789,57.27000045776367,300800
2019-01-30,57.33000183105469,57.79999923706055,56.83000183105469,57.2599983215332,291700
2019-01-31,58.36000061035156,58.4900016784668,57.08000183105469,57.2400016784668,461400
2019-02-01,57.72999954223633,58.5099983215332,57.52000045776367,58.380001068115234,334900
2019-02-04,58.04999923706055,58.63999938964844,57.290000915527344,57.91999816894531,430900
2019-02-05,58.689998626708984,58.970001220703125,57.900001525878906,58.06999969482422,1037200
2019-02-06,58.38999938964844,59.06999969482422,57.90999984741211,58.47999954223633,386300
2019-02-07,58.13999938964844,58.22999954223633,57.16999816894531,57.72999954223633,361800
2019-02-08,58.599998474121094,58.650001525878906,57.97999954223633,57.97999954223633,384700
2019-02-11,58.90999984741211,59.18000030517578,58.619998931884766,58.68000030517578,760200
2019-02-12,59.91999816894531,60.25,58.84000015258789,59.16999816894531,1064300
2019-02-13,59.93000030517578,60.27000045776367,59.439998626708984,59.95000076293945,1130800
2019-02-14,59.029998779296875,60.29999923706055,55.0,56.75,2695000
2019-02-15,59.95000076293945,61.47999954223633,59.459999084472656,59.459999084472656,2241200
2019-02-19,60.0,60.27000045776367,59.45000076293945,59.900001525878906,918900
2019-02-20,59.86000061035156,60.4900016784668,59.720001220703125,60.060001373291016,834000
2019-02-21,60.83000183105469,60.95000076293945,59.470001220703125,59.81999969482422,493700
2019-02-22,60.97999954223633,61.099998474121094,59.70000076293945,59.83000183105469,746600
2019-02-25,60.43000030517578,61.2599983215332,60.16999816894531,61.029998779296875,776600
2019-02-26,60.02000045776367,60.939998626708984,59.58000183105469,60.66999816894531,738100
2019-02-27,60.119998931884766,60.20000076293945,59.4900016784668,60.0,480600
2019-02-28,60.58000183105469,61.0099983215332,59.869998931884766,60.150001525878906,467100
2019-03-01,60.9900016784668,61.16999816894531,60.43000030517578,60.709999084472656,324700
2019-03-04,59.83000183105469,61.400001525878906,58.97999954223633,61.0,575600
2019-03-05,59.63999938964844,60.0,59.16999816894531,59.779998779296875,436800
2019-03-06,59.25,59.65999984741211,58.810001373291016,59.65999984741211,452200
2019-03-07,59.15999984741211,59.91999816894531,58.779998779296875,59.279998779296875,286500
2019-03-08,59.25,59.439998626708984,58.310001373291016,59.08000183105469,294400
2019-03-11,59.470001220703125,59.560001373291016,59.0099983215332,59.209999084472656,347600
2019-03-12,58.52000045776367,59.560001373291016,58.45000076293945,59.52000045776367,347900
2019-03-13,58.709999084472656,58.75,57.939998626708984,58.529998779296875,791500
2019-03-14,59.68000030517578,59.84000015258789,58.65999984741211,58.7599983215332,461100
2019-03-15,60.599998474121094,60.63999938964844,59.58000183105469,59.72999954223633,603100
2019-03-18,61.33000183105469,61.38999938964844,60.41999816894531,60.41999816894531,433700
2019-03-19,61.040000915527344,61.34000015258789,60.68000030517578,61.34000015258789,542200
2019-03-20,60.650001525878906,61.47999954223633,60.439998626708984,61.130001068115234,331800
2019-03-21,62.40999984741211,62.779998779296875,60.66999816894531,60.68000030517578,623800
2019-03-22,61.34000015258789,62.709999084472656,61.2400016784668,62.2599983215332,424100
2019-03-25,63.939998626708984,64.25,61.95000076293945,62.0,1277900
2019-03-26,64.0199966430664,64.43000030517578,63.68000030517578,64.27999877929688,476500
2019-03-27,63.90999984741211,64.48999786376953,63.4900016784668,64.01000213623047,619800
2019-03-28,64.19000244140625,64.38999938964844,63.130001068115234,64.0,420600
2019-03-29,64.55000305175781,64.69000244140625,63.59000015258789,64.43000030517578,606400
2019-04-01,63.33000183105469,64.91000366210938,63.02000045776367,64.70999908447266,409000
2019-04-02,62.540000915527344,63.540000915527344,62.33000183105469,63.400001525878906,476800
2019-04-03,61.619998931884766,62.720001220703125,61.59000015258789,62.709999084472656,505100
2019-04-04,61.790000915527344,62.099998474121094,61.08000183105469,61.70000076293945,451500
2019-04-05,61.849998474121094,62.380001068115234,61.380001068115234,61.959999084472656,513900
2019-04-08,62.939998626708984,63.04999923706055,61.45000076293945,61.970001220703125,357800
2019-04-09,62.59000015258789,63.11000061035156,62.279998779296875,62.720001220703125,339600
2019-04-10,63.66999816894531,63.790000915527344,62.619998931884766,62.63999938964844,317600
2019-04-11,63.84000015258789,64.18000030517578,63.220001220703125,64.01000213623047,287700
2019-04-12,63.4900016784668,64.23999786376953,63.290000915527344,63.79999923706055,206600
2019-04-15,64.16999816894531,64.26000213623047,63.40999984741211,63.40999984741211,208200
2019-04-16,63.95000076293945,64.54000091552734,63.79999923706055,64.20999908447266,405400
2019-04-17,63.20000076293945,64.0,62.779998779296875,64.0,229300
2019-04-18,63.15999984741211,63.34000015258789,62.560001373291016,63.25,310700
2019-04-22,63.33000183105469,63.560001373291016,62.70000076293945,63.18000030517578,220100
2019-04-23,64.23999786376953,64.75,63.33000183105469,63.33000183105469,406900
2019-04-24,64.4000015258789,64.75,63.849998474121094,63.90999984741211,362400
2019-04-25,64.0999984741211,64.58999633789062,63.91999816894531,64.22000122070312,290500
2019-04-26,64.38999938964844,64.79000091552734,63.79999923706055,64.36000061035156,343300
2019-04-29,65.77999877929688,67.87999725341797,65.56999969482422,65.9000015258789,703200
2019-04-30,66.9800033569336,67.13999938964844,66.0199966430664,66.05999755859375,562500
2019-05-01,66.77999877929688,67.55000305175781,66.4000015258789,66.7699966430664,712300
2019-05-02,59.15999984741211,61.0,55.91999816894531,60.0,2815900
2019-05-03,58.08000183105469,59.400001525878906,56.52000045776367,59.16999816894531,2426700
2019-05-06,56.52000045776367,58.13999938964844,56.36000061035156,57.43000030517578,991300
2019-05-07,56.08000183105469,56.810001373291016,55.290000915527344,56.220001220703125,1223500
2019-05-08,56.709999084472656,56.900001525878906,56.04999923706055,56.2400016784668,739200
2019-05-09,57.56999969482422,58.0,55.43000030517578,56.400001525878906,657000
2019-05-10,58.34000015258789,58.34000015258789,56.84000015258789,57.400001525878906,593800
2019-05-13,58.209999084472656,58.5,57.540000915527344,57.7400016784668,529600
2019-05-14,58.54999923706055,58.65999984741211,57.630001068115234,58.25,491600
2019-05-15,58.34000015258789,58.61000061035156,57.63999938964844,58.15999984741211,536100
2019-05-16,58.59000015258789,58.68000030517578,58.099998474121094,58.54999923706055,480100
2019-05-17,58.439998626708984,58.880001068115234,58.2400016784668,58.33000183105469,324200
2019-05-20,57.25,58.25,57.040000915527344,58.060001373291016,320400
2019-05-21,56.83000183105469,57.540000915527344,56.720001220703125,57.33000183105469,285000
2019-05-22,56.70000076293945,57.099998474121094,56.22999954223633,56.810001373291016,217400
2019-05-23,55.61000061035156,56.66999816894531,55.33000183105469,56.33000183105469,195200
2019-05-24,55.369998931884766,55.88999938964844,55.029998779296875,55.779998779296875,303000
2019-05-28,54.099998474121094,55.66999816894531,53.880001068115234,55.22999954223633,432200
2019-05-29,53.220001220703125,53.93000030517578,52.97999954223633,53.7400016784668,414900
2019-05-30,52.54999923706055,53.709999084472656,52.400001525878906,53.220001220703125,284200
2019-05-31,52.130001068115234,52.2599983215332,51.33000183105469,52.15999984741211,515400
2019-06-03,52.86000061035156,52.959999084472656,51.810001373291016,52.18000030517578,600400
2019-06-04,52.86000061035156,53.779998779296875,52.2400016784668,53.25,478100
2019-06-05,53.810001373291016,53.900001525878906,52.93000030517578,53.16999816894531,305700
2019-06-06,53.33000183105469,53.880001068115234,52.72999954223633,53.7599983215332,423500
2019-06-07,54.54999923706055,55.310001373291016,53.58000183105469,53.58000183105469,546400
2019-06-10,53.36000061035156,54.86000061035156,53.029998779296875,54.54999923706055,387100
2019-06-11,54.54999923706055,55.0099983215332,53.220001220703125,53.310001373291016,567500
2019-06-12,55.130001068115234,55.13999938964844,54.060001373291016,54.52000045776367,549000
2019-06-13,55.290000915527344,55.720001220703125,54.83000183105469,55.16999816894531,480600
2019-06-14,55.880001068115234,56.08000183105469,54.91999816894531,55.15999984741211,416500
2019-06-17,55.84000015258789,56.130001068115234,55.040000915527344,56.0,764300
2019-06-18,55.08000183105469,55.95000076293945,54.34000015258789,55.95000076293945,504200
2019-06-19,56.130001068115234,56.2400016784668,54.599998474121094,55.029998779296875,357200
2019-06-20,55.220001220703125,56.400001525878906,54.90999984741211,56.400001525878906,461000
2019-06-21,55.02000045776367,55.29999923706055,54.33000183105469,55.060001373291016,636100
2019-06-24,54.52000045776367,55.41999816894531,54.5,55.11000061035156,545100
2019-06-25,53.47999954223633,54.59000015258789,53.380001068115234,54.52000045776367,608800
2019-06-26,52.70000076293945,53.29999923706055,52.41999816894531,53.13999938964844,531000
2019-06-27,53.75,53.810001373291016,52.02000045776367,52.439998626708984,578900
2019-06-28,54.099998474121094,54.310001373291016,53.11000061035156,53.959999084472656,764700
2019-07-01,54.22999954223633,54.869998931884766,53.970001220703125,54.38999938964844,395400
2019-07-02,54.849998474121094,54.88999938964844,53.9900016784668,54.130001068115234,433900
2019-07-03,56.54999923706055,56.56999969482422,55.11000061035156,55.11000061035156,274700
2019-07-05,56.279998779296875,56.38999938964844,55.43000030517578,56.38999938964844,306200
2019-07-08,56.130001068115234,56.5,55.88999938964844,56.08000183105469,557300
2019-07-09,56.849998474121094,58.36000061035156,56.5099983215332,57.38999938964844,872100
2019-07-10,56.25,57.04999923706055,56.099998474121094,56.720001220703125,431000
2019-07-11,55.459999084472656,56.45000076293945,54.93000030517578,56.16999816894531,670000
2019-07-12,55.56999969482422,55.79999923706055,54.90999984741211,55.47999954223633,313800
2019-07-15,55.25,55.900001525878906,55.209999084472656,55.900001525878906,372300
2019-07-16,54.7599983215332,55.459999084472656,54.61000061035156,55.29999923706055,330300
2019-07-17,54.540000915527344,54.81999969482422,53.630001068115234,54.63999938964844,438700
2019-07-18,56.119998931884766,56.52000045776367,55.099998474121094,55.70000076293945,576900
2019-07-19,57.09000015258789,57.34000015258789,55.77000045776367,56.130001068115234,487000
2019-07-22,56.86000061035156,57.16999816894531,56.27000045776367,57.099998474121094,399700
2019-07-23,57.41999816894531,57.47999954223633,56.810001373291016,57.119998931884766,420600
2019-07-24,58.630001068115234,58.7400016784668,57.2599983215332,57.400001525878906,692400
2019-07-25,58.599998474121094,59.119998931884766,58.310001373291016,58.31999969482422,463700
2019-07-26,59.7400016784668,59.779998779296875,58.59000015258789,58.849998474121094,311600
2019-07-29,59.63999938964844,60.040000915527344,58.84000015258789,59.7400016784668,388200
2019-07-30,59.68000030517578,60.22999954223633,59.15999984741211,59.41999816894531,496700
2019-07-31,59.34000015258789,60.380001068115234,58.75,59.68000030517578,884600
2019-08-01,56.79999923706055,57.38999938964844,54.16999816894531,55.150001525878906,1587800
2019-08-02,57.06999969482422,58.2400016784668,56.59000015258789,57.63999938964844,901300
2019-08-05,53.540000915527344,56.52000045776367,53.27000045776367,56.45000076293945,868700
2019-08-06,52.869998931884766,53.97999954223633,52.689998626708984,53.59000015258789,837400
2019-08-07,52.58000183105469,52.88999938964844,51.41999816894531,52.5099983215332,498900
2019-08-08,53.66999816894531,53.81999969482422,51.779998779296875,52.18000030517578,743500
2019-08-09,52.61000061035156,53.63999938964844,52.59000015258789,53.63999938964844,291500
2019-08-12,52.16999816894531,52.279998779296875,51.22999954223633,52.189998626708984,320000
2019-08-13,52.2599983215332,53.5099983215332,51.959999084472656,52.380001068115234,355100
2019-08-14,50.97999954223633,51.83000183105469,50.81999969482422,51.83000183105469,496100
2019-08-15,50.06999969482422,51.25,49.72999954223633,51.040000915527344,444300
2019-08-16,51.16999816894531,51.38999938964844,50.0,50.22999954223633,347500
2019-08-19,51.189998626708984,51.63999938964844,49.72999954223633,51.63999938964844,252600
2019-08-20,50.25,51.040000915527344,50.20000076293945,51.040000915527344,300800
2019-08-21,49.11000061035156,50.560001373291016,48.970001220703125,50.560001373291016,461000
2019-08-22,50.11000061035156,50.34000015258789,48.79999923706055,49.20000076293945,398900
2019-08-23,49.959999084472656,50.91999816894531,49.83000183105469,50.040000915527344,546500
2019-08-26,49.349998474121094,50.709999084472656,48.86000061035156,50.36000061035156,361100
2019-08-27,48.90999984741211,49.43000030517578,48.43000030517578,49.290000915527344,461900
2019-08-28,48.56999969482422,49.349998474121094,48.4900016784668,48.79999923706055,416600
2019-08-29,49.650001525878906,50.06999969482422,48.79999923706055,48.81999969482422,336200
2019-08-30,50.650001525878906,51.310001373291016,49.66999816894531,49.95000076293945,520700
2019-09-03,51.220001220703125,51.40999984741211,50.2599983215332,50.33000183105469,574200
2019-09-04,52.099998474121094,52.22999954223633,51.22999954223633,51.45000076293945,457700
2019-09-05,55.0,55.27000045776367,52.7400016784668,52.84000015258789,951000
2019-09-06,55.90999984741211,56.119998931884766,54.779998779296875,55.20000076293945,829700
2019-09-09,55.56999969482422,56.349998474121094,55.22999954223633,56.0099983215332,593200
2019-09-10,58.2599983215332,58.279998779296875,54.810001373291016,55.40999984741211,637400
2019-09-11,59.09000015258789,59.380001068115234,57.880001068115234,58.18000030517578,546300
2019-09-12,58.16999816894531,59.470001220703125,57.75,59.38999938964844,340800
2019-09-13,58.36000061035156,58.970001220703125,58.13999938964844,58.13999938964844,269600
2019-09-16,58.619998931884766,58.93000030517578,58.09000015258789,58.22999954223633,230900
2019-09-17,57.88999938964844,58.939998626708984,57.529998779296875,58.459999084472656,542000
2019-09-18,57.650001525878906,58.130001068115234,57.290000915527344,58.04999923706055,255300
2019-09-19,56.45000076293945,57.650001525878906,56.29999923706055,57.650001525878906,450900
2019-09-20,56.41999816894531,57.02000045776367,56.029998779296875,56.619998931884766,505200
2019-09-23,55.720001220703125,56.880001068115234,55.709999084472656,56.54999923706055,251900
2019-09-24,55.310001373291016,55.93000030517578,54.75,55.93000030517578,462500
2019-09-25,55.400001525878906,55.970001220703125,55.20000076293945,55.43000030517578,367000
2019-09-26,55.099998474121094,55.7599983215332,54.779998779296875,55.61000061035156,315200
2019-09-27,55.189998626708984,55.29999923706055,54.18000030517578,55.220001220703125,331500
2019-09-30,55.45000076293945,55.900001525878906,55.06999969482422,55.45000076293945,260400
2019-10-01,54.619998931884766,55.790000915527344,54.459999084472656,55.310001373291016,204800
2019-10-02,53.20000076293945,54.63999938964844,52.709999084472656,54.45000076293945,369600
2019-10-03,52.22999954223633,53.43000030517578,51.81999969482422,53.099998474121094,566700
2019-10-04,53.27000045776367,53.349998474121094,51.95000076293945,52.34000015258789,290800
2019-10-07,53.06999969482422,53.689998626708984,52.65999984741211,52.88999938964844,272600
2019-10-08,51.9900016784668,52.93000030517578,51.630001068115234,52.93000030517578,472900
2019-10-09,51.619998931884766,52.29999923706055,51.41999816894531,52.29999923706055,305400
2019-10-10,52.33000183105469,52.459999084472656,51.529998779296875,51.529998779296875,222500
2019-10-11,53.36000061035156,53.849998474121094,52.5,52.68000030517578,324200
2019-10-14,53.41999816894531,53.880001068115234,53.060001373291016,53.2599983215332,201200
2019-10-15,53.15999984741211,53.970001220703125,53.150001525878906,53.400001525878906,298500
2019-10-16,53.16999816894531,53.7599983215332,52.720001220703125,53.16999816894531,294300
2019-10-17,54.400001525878906,54.52000045776367,52.849998474121094,53.029998779296875,251600
2019-10-18,53.91999816894531,54.40999984741211,53.52000045776367,54.11000061035156,183100
2019-10-21,54.029998779296875,54.900001525878906,53.90999984741211,53.93000030517578,251300
2019-10-22,54.849998474121094,55.29999923706055,53.97999954223633,54.2400016784668,472200
2019-10-23,54.7400016784668,55.099998474121094,54.369998931884766,54.790000915527344,296300
2019-10-24,54.54999923706055,55.13999938964844,54.310001373291016,54.77000045776367,237300
2019-10-25,54.2599983215332,54.869998931884766,54.189998626708984,54.54999923706055,209000
2019-10-28,54.540000915527344,55.34000015258789,54.290000915527344,54.40999984741211,261400
2019-10-29,55.41999816894531,55.65999984741211,54.2599983215332,54.70000076293945,279100
2019-10-30,55.22999954223633,55.4900016784668,54.70000076293945,55.439998626708984,222700
2019-10-31,54.02000045776367,55.7400016784668,53.70000076293945,55.29999923706055,374700
2019-11-01,55.54999923706055,56.029998779296875,54.189998626708984,54.189998626708984,430100
2019-11-04,54.91999816894531,55.84000015258789,54.619998931884766,55.84000015258789,602900
2019-11-05,55.380001068115234,55.66999816894531,54.790000915527344,55.029998779296875,533700
2019-11-06,55.16999816894531,55.63999938964844,54.470001220703125,55.52000045776367,582900
2019-11-07,48.939998626708984,50.650001525878906,44.61000061035156,49.0,1778700
2019-11-08,49.09000015258789,50.290000915527344,48.09000015258789,48.7599983215332,1147900
2019-11-11,49.650001525878906,50.529998779296875,48.869998931884766,49.130001068115234,411200
2019-11-12,48.880001068115234,49.58000183105469,48.11000061035156,49.47999954223633,814300
2019-11-13,49.06999969482422,49.38999938964844,48.400001525878906,48.83000183105469,474200
2019-11-14,49.27000045776367,49.5099983215332,48.560001373291016,49.060001373291016,345100
2019-11-15,49.720001220703125,49.970001220703125,49.099998474121094,49.27000045776367,280100
2019-11-18,49.45000076293945,49.95000076293945,49.0099983215332,49.5,450200
2019-11-19,49.08000183105469,49.52000045776367,48.88999938964844,49.34000015258789,319100
2019-11-20,49.02000045776367,49.689998626708984,48.75,48.95000076293945,232700
2019-11-21,47.93000030517578,48.970001220703125,47.88999938964844,48.970001220703125,309300
2019-11-22,47.900001525878906,48.650001525878906,47.63999938964844,48.189998626708984,728500
2019-11-25,49.470001220703125,49.720001220703125,47.880001068115234,48.02000045776367,1084800
2019-11-26,49.0099983215332,49.720001220703125,48.880001068115234,49.54999923706055,300800
2019-11-27,49.5,49.689998626708984,48.79999923706055,49.099998474121094,467800
2019-11-29,48.88999938964844,49.599998474121094,48.88999938964844,49.36000061035156,208100
2019-12-02,49.77000045776367,51.720001220703125,49.15999984741211,49.27000045776367,1030300
2019-12-03,49.7400016784668,50.02000045776367,49.380001068115234,49.790000915527344,571800
2019-12-04,50.560001373291016,51.11000061035156,49.720001220703125,49.77000045776367,1287200
2019-12-05,50.849998474121094,51.2400016784668,50.630001068115234,51.0,562200
2019-12-06,51.61000061035156,51.880001068115234,51.04999923706055,51.209999084472656,487700
2019-12-09,51.68000030517578,52.22999954223633,51.34000015258789,51.560001373291016,410400
2019-12-10,50.84000015258789,52.0,50.66999816894531,51.52000045776367,393600
2019-12-11,49.9900016784668,51.18000030517578,49.900001525878906,50.88999938964844,497000
2019-12-12,50.150001525878906,50.45000076293945,49.61000061035156,49.970001220703125,582200
2019-12-13,49.18000030517578,50.20000076293945,49.130001068115234,50.20000076293945,737600
2019-12-16,49.41999816894531,50.27000045776367,49.31999969482422,49.400001525878906,389700
2019-12-17,48.099998474121094,49.400001525878906,47.97999954223633,49.310001373291016,659500
2019-12-18,48.0,48.5099983215332,47.720001220703125,48.189998626708984,559700
2019-12-19,48.810001373291016,49.290000915527344,47.810001373291016,48.2400016784668,724300
2019-12-20,48.400001525878906,49.189998626708984,48.279998779296875,49.06999969482422,829100
2019-12-23,48.16999816894531,48.93000030517578,48.150001525878906,48.47999954223633,312600
2019-12-24,47.93000030517578,48.380001068115234,47.88999938964844,48.279998779296875,149200
2019-12-26,47.720001220703125,48.38999938964844,47.65999984741211,47.939998626708984,227300
2019-12-27,47.790000915527344,48.06999969482422,47.52000045776367,47.7400016784668,306100
2019-12-30,48.040000915527344,48.279998779296875,47.560001373291016,47.79999923706055,350900
2019-12-31,48.5,48.75,47.9900016784668,47.9900016784668,356900
2020-01-02,47.41999816894531,48.599998474121094,47.279998779296875,48.529998779296875,448600
2020-01-03,47.84000015258789,47.97999954223633,46.900001525878906,47.02000045776367,289100
2020-01-06,47.22999954223633,47.70000076293945,46.75,47.2400016784668,394300
2020-01-07,46.68000030517578,47.43000030517578,46.13999938964844,47.38999938964844,386100
2020-01-08,46.650001525878906,47.040000915527344,46.43000030517578,46.7599983215332,439900
2020-01-09,46.439998626708984,46.91999816894531,46.25,46.68000030517578,249600
2020-01-10,46.060001373291016,46.65999984741211,46.0099983215332,46.47999954223633,200900
2020-01-13,47.099998474121094,47.150001525878906,45.900001525878906,46.150001525878906,215700
2020-01-14,46.630001068115234,47.08000183105469,46.290000915527344,46.65999984741211,308100
2020-01-15,47.02000045776367,47.4900016784668,46.38999938964844,46.540000915527344,334700
2020-01-16,47.43000030517578,47.720001220703125,47.02000045776367,47.15999984741211,219400
2020-01-17,47.40999984741211,47.560001373291016,47.02000045776367,47.40999984741211,212800
2020-01-21,46.90999984741211,47.13999938964844,46.29999923706055,46.849998474121094,319100
2020-01-22,46.83000183105469,47.09000015258789,46.709999084472656,46.91999816894531,274200
2020-01-23,46.7400016784668,46.9900016784668,46.22999954223633,46.599998474121094,263200
2020-01-24,46.189998626708984,46.81999969482422,45.959999084472656,46.7400016784668,267500
2020-01-27,45.15999984741211,45.83000183105469,45.15999984741211,45.70000076293945,336700
2020-01-28,45.11000061035156,45.880001068115234,45.06999969482422,45.2400016784668,271300
2020-01-29,44.2599983215332,45.41999816894531,44.209999084472656,45.18000030517578,195600
2020-01-30,44.630001068115234,44.7599983215332,43.93000030517578,44.290000915527344,278400
2020-01-31,44.599998474121094,44.810001373291016,44.369998931884766,44.400001525878906,391100
2020-02-03,45.119998931884766,45.41999816894531,44.66999816894531,44.66999816894531,286500
2020-02-04,45.08000183105469,45.880001068115234,45.04999923706055,45.529998779296875,337600
2020-02-05,45.52000045776367,46.130001068115234,44.900001525878906,45.400001525878906,292100
2020-02-06,45.2599983215332,46.56999969482422,45.2599983215332,45.58000183105469,436500
2020-02-07,45.93000030517578,46.349998474121094,44.81999969482422,45.209999084472656,318600
2020-02-10,46.47999954223633,46.59000015258789,45.47999954223633,46.0,271700
2020-02-11,46.40999984741211,47.06999969482422,46.310001373291016,46.61000061035156,244100
2020-02-12,46.06999969482422,46.709999084472656,45.810001373291016,46.709999084472656,352900
2020-02-13,45.540000915527344,47.290000915527344,45.08000183105469,46.0,1004900
2020-02-14,45.75,46.4900016784668,44.58000183105469,45.0099983215332,1129500
2020-02-18,44.88999938964844,45.630001068115234,44.130001068115234,45.34000015258789,873200
2020-02-19,44.869998931884766,45.25,44.63999938964844,44.90999984741211,474300
2020-02-20,44.97999954223633,45.02000045776367,44.369998931884766,44.66999816894531,455100
2020-02-21,44.470001220703125,44.880001068115234,44.310001373291016,44.630001068115234,337400
2020-02-24,44.0,44.15999984741211,42.72999954223633,43.59000015258789,394800
2020-02-25,41.2599983215332,44.27000045776367,40.79999923706055,44.029998779296875,683100
2020-02-26,39.40999984741211,41.560001373291016,39.34000015258789,41.439998626708984,1053700
2020-02-27,37.20000076293945,39.040000915527344,37.09000015258789,38.43000030517578,877200
2020-02-28,38.11000061035156,38.849998474121094,36.400001525878906,36.91999816894531,1165900
2020-03-02,40.599998474121094,40.630001068115234,38.709999084472656,38.709999084472656,752300
2020-03-03,40.47999954223633,42.75,40.060001373291016,40.880001068115234,647000
2020-03-04,41.529998779296875,41.7400016784668,40.43000030517578,41.279998779296875,500000
2020-03-05,40.45000076293945,41.06999969482422,40.09000015258789,40.59000015258789,413300
2020-03-06,39.65999984741211,40.79999923706055,39.0,39.400001525878906,448600
2020-03-09,34.56999969482422,37.529998779296875,34.470001220703125,36.0,561800
2020-03-10,37.310001373291016,37.52000045776367,34.060001373291016,35.63999938964844,747300
2020-03-11,37.689998626708984,38.720001220703125,36.439998626708984,37.970001220703125,1092200
2020-03-12,35.099998474121094,36.06999969482422,33.5,33.5,706000
2020-03-13,38.060001373291016,38.09000015258789,34.400001525878906,36.709999084472656,648700
2020-03-16,36.95000076293945,41.02000045776367,34.25,34.25,481600
2020-03-17,40.4900016784668,42.150001525878906,37.349998474121094,37.599998474121094,911500
2020-03-18,39.029998779296875,40.459999084472656,36.20000076293945,38.29999923706055,592100
2020-03-19,39.529998779296875,40.70000076293945,38.650001525878906,39.689998626708984,711200
2020-03-20,39.59000015258789,41.91999816894531,38.560001373291016,39.38999938964844,841200
2020-03-23,38.34000015258789,40.470001220703125,37.310001373291016,39.68000030517578,651200
2020-03-24,38.369998931884766,41.0,37.7599983215332,39.70000076293945,470000
2020-03-25,37.93000030517578,39.209999084472656,36.650001525878906,38.36000061035156,866800
2020-03-26,38.34000015258789,39.380001068115234,37.45000076293945,38.22999954223633,471600
2020-03-27,39.790000915527344,40.959999084472656,37.56999969482422,37.56999969482422,762600
2020-03-30,42.279998779296875,42.41999816894531,39.9900016784668,40.189998626708984,542100
2020-03-31,44.150001525878906,44.45000076293945,41.81999969482422,42.2400016784668,851100
2020-04-01,43.790000915527344,45.08000183105469,42.40999984741211,43.119998931884766,658700
2020-04-02,44.310001373291016,44.790000915527344,43.09000015258789,43.33000183105469,624900
2020-04-03,44.810001373291016,45.349998474121094,43.369998931884766,44.08000183105469,660000
2020-04-06,44.11000061035156,45.56999969482422,43.29999923706055,45.459999084472656,682100
2020-04-07,42.79999923706055,45.5,42.09000015258789,44.65999984741211,999000
2020-04-08,43.45000076293945,43.9900016784668,42.68000030517578,42.97999954223633,1108900
2020-04-09,44.02000045776367,44.939998626708984,43.7400016784668,44.41999816894531,1118500
2020-04-13,42.470001220703125,44.70000076293945,42.11000061035156,44.13999938964844,592800
2020-04-14,45.45000076293945,45.939998626708984,42.939998626708984,43.27000045776367,796100
2020-04-15,45.38999938964844,45.88999938964844,44.209999084472656,45.189998626708984,489900
2020-04-16,49.4900016784668,49.86000061035156,46.779998779296875,47.5,1091400
2020-04-17,49.119998931884766,50.470001220703125,48.31999969482422,50.18000030517578,550200
2020-04-20,49.029998779296875,50.119998931884766,48.56999969482422,48.810001373291016,466000
2020-04-21,49.040000915527344,49.529998779296875,48.18000030517578,48.75,463900
2020-04-22,48.40999984741211,50.09000015258789,48.099998474121094,49.66999816894531,529400
2020-04-23,48.9900016784668,49.47999954223633,47.849998474121094,48.41999816894531,408900
2020-04-24,50.11000061035156,50.33000183105469,48.58000183105469,49.59000015258789,483400
2020-04-27,51.86000061035156,52.060001373291016,50.22999954223633,50.56999969482422,865200
2020-04-28,52.869998931884766,53.72999954223633,52.16999816894531,53.060001373291016,608700
2020-04-29,52.11000061035156,53.459999084472656,51.709999084472656,53.459999084472656,361800
2020-04-30,51.72999954223633,52.36000061035156,51.119998931884766,51.75,513400
2020-05-01,50.65999984741211,51.95000076293945,50.560001373291016,51.33000183105469,586600
2020-05-04,50.880001068115234,51.130001068115234,49.91999816894531,50.689998626708984,581600
2020-05-05,51.189998626708984,51.95000076293945,50.97999954223633,51.209999084472656,585600
2020-05-06,50.84000015258789,51.93000030517578,49.90999984741211,51.560001373291016,1127500
2020-05-07,50.38999938964844,52.47999954223633,48.41999816894531,52.47999954223633,1197500
2020-05-08,53.4900016784668,53.97999954223633,50.959999084472656,51.970001220703125,968500
2020-05-11,52.459999084472656,53.52000045776367,51.93000030517578,53.189998626708984,814400
2020-05-12,52.58000183105469,53.93000030517578,52.400001525878906,52.54999923706055,524200
2020-05-13,52.34000015258789,53.029998779296875,51.84000015258789,52.61000061035156,506900
2020-05-14,51.91999816894531,52.779998779296875,51.599998474121094,52.08000183105469,623300
2020-05-15,52.0,53.02000045776367,51.689998626708984,51.91999816894531,1249700
2020-05-18,50.880001068115234,53.0,50.869998931884766,52.470001220703125,671700
2020-05-19,50.599998474121094,51.630001068115234,50.59000015258789,50.79999923706055,431400
2020-05-20,50.65999984741211,51.08000183105469,50.15999984741211,51.08000183105469,592800
2020-05-21,50.38999938964844,50.63999938964844,49.68000030517578,50.130001068115234,650900
2020-05-22,50.84000015258789,51.11000061035156,50.290000915527344,50.400001525878906,382300
2020-05-26,51.459999084472656,52.119998931884766,51.279998779296875,51.279998779296875,336300
2020-05-27,51.630001068115234,51.779998779296875,50.63999938964844,51.650001525878906,410300
2020-05-28,52.27000045776367,52.84000015258789,51.599998474121094,52.0,575700
2020-05-29,52.709999084472656,52.849998474121094,51.86000061035156,52.209999084472656,638900
2020-06-01,53.400001525878906,53.849998474121094,52.400001525878906,52.849998474121094,456100
2020-06-02,51.88999938964844,53.619998931884766,51.779998779296875,53.31999969482422,499400
2020-06-03,50.400001525878906,52.209999084472656,50.29999923706055,52.060001373291016,669600
2020-06-04,49.5,50.79999923706055,48.9900016784668,50.16999816894531,779700
2020-06-05,48.83000183105469,50.099998474121094,47.84000015258789,49.470001220703125,1185600
2020-06-08,51.06999969482422,51.470001220703125,48.459999084472656,48.459999084472656,605400
2020-06-09,50.720001220703125,51.72999954223633,50.13999938964844,50.97999954223633,480300
2020-06-10,49.08000183105469,51.0,48.619998931884766,50.77000045776367,578900
2020-06-11,46.97999954223633,49.25,46.90999984741211,48.5099983215332,470800
2020-06-12,46.77000045776367,48.22999954223633,46.36000061035156,47.65999984741211,454900
2020-06-15,48.08000183105469,48.119998931884766,45.16999816894531,46.220001220703125,401100
2020-06-16,48.54999923706055,48.959999084472656,47.650001525878906,48.91999816894531,361200
2020-06-17,48.95000076293945,49.349998474121094,48.2599983215332,48.470001220703125,534300
2020-06-18,48.52000045776367,49.22999954223633,48.36000061035156,48.81999969482422,319600
2020-06-19,48.22999954223633,49.20000076293945,47.93000030517578,49.189998626708984,498600
2020-06-22,47.59000015258789,48.25,47.52000045776367,48.060001373291016,459100
2020-06-23,46.7599983215332,47.91999816894531,46.709999084472656,47.91999816894531,814000
2020-06-24,44.650001525878906,46.45000076293945,43.88999938964844,46.43000030517578,1072800
2020-06-25,41.560001373291016,44.95000076293945,41.2400016784668,44.369998931884766,2200600
2020-06-26,42.290000915527344,43.290000915527344,40.900001525878906,41.849998474121094,1890300
2020-06-29,42.349998474121094,43.5099983215332,42.119998931884766,42.529998779296875,884300
2020-06-30,43.79999923706055,44.04999923706055,42.439998626708984,42.599998474121094,824600
2020-07-01,43.15999984741211,44.0099983215332,42.9900016784668,43.61000061035156,573400
2020-07-02,43.119998931884766,43.72999954223633,42.43000030517578,43.58000183105469,631900
2020-07-06,43.2599983215332,43.91999816894531,42.9900016784668,43.599998474121094,1134000
2020-07-07,43.2400016784668,43.689998626708984,42.90999984741211,42.90999984741211,624100
2020-07-08,43.560001373291016,43.56999969482422,42.9900016784668,43.38999938964844,388700
2020-07-09,43.04999923706055,43.47999954223633,42.65999984741211,43.41999816894531,901600
2020-07-10,43.86000061035156,44.220001220703125,42.77000045776367,42.95000076293945,350900
2020-07-13,42.790000915527344,44.02000045776367,42.779998779296875,43.79999923706055,496400
2020-07-14,44.40999984741211,44.4900016784668,42.70000076293945,42.88999938964844,581900
2020-07-15,43.88999938964844,44.869998931884766,43.689998626708984,44.65999984741211,526100
2020-07-16,43.68000030517578,44.33000183105469,43.599998474121094,43.91999816894531,321600
2020-07-17,43.099998474121094,43.79999923706055,42.86000061035156,43.5099983215332,339900
2020-07-20,42.65999984741211,43.22999954223633,42.349998474121094,43.060001373291016,426300
2020-07-21,43.22999954223633,43.83000183105469,42.77000045776367,42.970001220703125,260200
2020-07-22,43.189998626708984,43.380001068115234,42.459999084472656,43.380001068115234,343300
2020-07-23,43.869998931884766,44.369998931884766,43.2400016784668,43.2400016784668,446900
2020-07-24,43.68000030517578,44.25,43.41999816894531,44.06999969482422,180700
2020-07-27,44.279998779296875,45.2400016784668,43.619998931884766,45.2400016784668,609800
2020-07-28,44.4900016784668,45.189998626708984,44.09000015258789,44.20000076293945,356600
2020-07-29,44.349998474121094,44.790000915527344,43.70000076293945,44.65999984741211,360300
2020-07-30,44.11000061035156,44.189998626708984,43.63999938964844,44.04999923706055,300900
2020-07-31,43.81999969482422,44.13999938964844,43.29999923706055,43.900001525878906,420300
2020-08-03,44.099998474121094,44.400001525878906,43.58000183105469,43.83000183105469,417100
2020-08-04,45.56999969482422,45.84000015258789,43.97999954223633,44.11000061035156,892500
2020-08-05,45.34000015258789,45.88999938964844,45.060001373291016,45.56999969482422,578900
2020-08-06,44.150001525878906,46.58000183105469,43.619998931884766,45.119998931884766,675400
2020-08-07,43.25,44.29999923706055,42.58000183105469,44.0,796400
2020-08-10,42.29999923706055,43.75,42.20000076293945,43.36000061035156,849600
2020-08-11,43.33000183105469,43.41999816894531,42.16999816894531,42.63999938964844,803700
2020-08-12,43.29999923706055,44.13999938964844,43.279998779296875,43.59000015258789,392600
2020-08-13,42.90999984741211,43.540000915527344,42.7400016784668,43.540000915527344,341000
2020-08-14,43.45000076293945,43.65999984741211,42.5,43.06999969482422,471600
2020-08-17,43.220001220703125,43.900001525878906,43.13999938964844,43.310001373291016,364900
2020-08-18,42.65999984741211,43.09000015258789,42.36000061035156,43.09000015258789,390500
2020-08-19,42.58000183105469,43.349998474121094,42.38999938964844,42.459999084472656,349400
2020-08-20,42.459999084472656,42.58000183105469,42.150001525878906,42.380001068115234,453900
2020-08-21,42.97999954223633,43.060001373291016,42.22999954223633,42.529998779296875,666700
2020-08-24,43.84000015258789,43.849998474121094,42.29999923706055,42.95000076293945,465900
2020-08-25,44.279998779296875,44.369998931884766,43.70000076293945,43.880001068115234,385000
2020-08-26,43.099998474121094,44.529998779296875,43.0,44.099998474121094,526400
2020-08-27,43.709999084472656,44.13999938964844,43.34000015258789,43.34000015258789,332800
2020-08-28,43.06999969482422,43.81999969482422,42.689998626708984,43.81999969482422,509000
2020-08-31,42.810001373291016,43.209999084472656,42.59000015258789,42.79999923706055,389300
2020-09-01,41.86000061035156,42.90999984741211,41.29999923706055,42.65999984741211,688800
2020-09-02,43.58000183105469,43.77000045776367,41.86000061035156,41.86000061035156,498600
2020-09-03,43.08000183105469,44.470001220703125,42.7400016784668,43.5,372600
2020-09-04,42.81999969482422,43.41999816894531,42.4900016784668,43.41999816894531,387600
2020-09-08,42.119998931884766,42.849998474121094,41.88999938964844,42.849998474121094,531000
2020-09-09,41.20000076293945,42.45000076293945,40.790000915527344,42.2599983215332,533500
2020-09-10,41.09000015258789,41.56999969482422,40.88999938964844,41.130001068115234,350500
2020-09-11,40.470001220703125,41.599998474121094,40.459999084472656,41.16999816894531,265600
2020-09-14,40.4900016784668,41.0,40.31999969482422,40.529998779296875,282800
2020-09-15,39.209999084472656,40.880001068115234,39.0,40.45000076293945,962400
2020-09-16,38.81999969482422,39.310001373291016,37.81999969482422,39.189998626708984,1097900
2020-09-17,39.5,40.25,38.400001525878906,38.81999969482422,721500
2020-09-18,39.2599983215332,39.5099983215332,38.38999938964844,39.5,872500
2020-09-21,40.279998779296875,40.279998779296875,38.58000183105469,38.88999938964844,523700
2020-09-22,39.86000061035156,40.9900016784668,39.81999969482422,40.29999923706055,455800
2020-09-23,38.650001525878906,40.41999816894531,38.47999954223633,40.09000015258789,383700
2020-09-24,38.7599983215332,39.31999969482422,38.0,38.70000076293945,786100
2020-09-25,39.7400016784668,39.81999969482422,38.5099983215332,38.83000183105469,304700
2020-09-28,40.380001068115234,40.63999938964844,39.75,39.75,436100
2020-09-29,40.189998626708984,40.63999938964844,39.599998474121094,40.59000015258789,520900
2020-09-30,40.529998779296875,40.66999816894531,40.310001373291016,40.5,716900
2020-10-01,40.900001525878906,40.900001525878906,39.790000915527344,40.599998474121094,618200
2020-10-02,41.529998779296875,41.84000015258789,40.65999984741211,40.65999984741211,605600
2020-10-05,41.189998626708984,41.869998931884766,40.939998626708984,41.45000076293945,466600
2020-10-06,41.189998626708984,41.650001525878906,40.83000183105469,41.22999954223633,348600
2020-10-07,41.41999816894531,41.95000076293945,41.060001373291016,41.45000076293945,452000
2020-10-08,41.130001068115234,41.77000045776367,40.95000076293945,41.72999954223633,298900
2020-10-09,40.29999923706055,41.20000076293945,40.20000076293945,41.029998779296875,325600
2020-10-12,41.09000015258789,41.400001525878906,40.189998626708984,40.189998626708984,456900
2020-10-13,40.65999984741211,41.5,40.5099983215332,40.97999954223633,517300
2020-10-14,39.9900016784668,40.939998626708984,39.97999954223633,40.540000915527344,337300
2020-10-15,39.689998626708984,39.959999084472656,39.400001525878906,39.75,534800
2020-10-16,40.25,40.70000076293945,39.45000076293945,39.650001525878906,585600
2020-10-19,40.33000183105469,40.709999084472656,40.0099983215332,40.41999816894531,631500
2020-10-20,39.93000030517578,40.7400016784668,39.77000045776367,40.619998931884766,514800
2020-10-21,40.25,40.43000030517578,39.709999084472656,39.709999084472656,485700
2020-10-22,40.88999938964844,40.939998626708984,39.88999938964844,40.27000045776367,376700
2020-10-23,42.150001525878906,42.310001373291016,40.83000183105469,41.119998931884766,364800
2020-10-26,40.779998779296875,42.38999938964844,40.41999816894531,42.099998474121094,366500
2020-10-27,40.29999923706055,41.58000183105469,40.290000915527344,40.66999816894531,494600
2020-10-28,39.45000076293945,40.29999923706055,39.36000061035156,39.939998626708984,527900
2020-10-29,38.810001373291016,39.5,38.4900016784668,39.33000183105469,390900
2020-10-30,38.84000015258789,39.45000076293945,38.540000915527344,38.70000076293945,373800
2020-11-02,39.150001525878906,40.08000183105469,38.790000915527344,39.29999923706055,626300
2020-11-03,39.95000076293945,40.689998626708984,39.29999923706055,39.52000045776367,495800
2020-11-04,38.61000061035156,39.849998474121094,38.27000045776367,39.81999969482422,562000
2020-11-05,38.900001525878906,41.08000183105469,38.599998474121094,39.439998626708984,902400
2020-11-06,36.29999923706055,38.939998626708984,36.27000045776367,38.77000045776367,994300
2020-11-09,35.2400016784668,37.84000015258789,35.150001525878906,37.2599983215332,987000
2020-11-10,37.77000045776367,38.18000030517578,35.189998626708984,35.459999084472656,1749600
2020-11-11,38.63999938964844,38.84000015258789,37.369998931884766,37.77000045776367,840100
2020-11-12,38.97999954223633,39.459999084472656,38.2599983215332,38.43000030517578,1253600
2020-11-13,38.9900016784668,39.83000183105469,38.310001373291016,39.290000915527344,598600
2020-11-16,39.369998931884766,39.91999816894531,39.04999923706055,39.06999969482422,657000
2020-11-17,38.61000061035156,39.13999938964844,38.15999984741211,39.09000015258789,447700
2020-11-18,38.279998779296875,39.09000015258789,38.2599983215332,38.810001373291016,520300
2020-11-19,39.13999938964844,39.47999954223633,37.95000076293945,38.310001373291016,469000
2020-11-20,38.849998474121094,39.38999938964844,38.22999954223633,39.040000915527344,684600
2020-11-23,39.22999954223633,39.790000915527344,38.5,39.11000061035156,615000
2020-11-24,40.65999984741211,40.97999954223633,39.279998779296875,39.4900016784668,744700
2020-11-25,40.470001220703125,41.130001068115234,39.939998626708984,40.65999984741211,517000
2020-11-27,40.02000045776367,40.599998474121094,39.70000076293945,40.439998626708984,256900
2020-11-30,41.130001068115234,41.25,39.90999984741211,40.08000183105469,702900
2020-12-01,41.040000915527344,41.54999923706055,40.29999923706055,41.36000061035156,676100
2020-12-02,40.36000061035156,41.220001220703125,39.90999984741211,40.66999816894531,395500
2020-12-03,40.97999954223633,41.029998779296875,39.869998931884766,40.11000061035156,346000
2020-12-04,41.599998474121094,41.630001068115234,40.72999954223633,41.119998931884766,357000
2020-12-07,41.97999954223633,42.349998474121094,41.18000030517578,41.4900016784668,632500
2020-12-08,43.470001220703125,43.599998474121094,41.65999984741211,42.0,781000
2020-12-09,44.279998779296875,44.5,43.38999938964844,43.38999938964844,931700
2020-12-10,44.2400016784668,44.5099983215332,43.52000045776367,44.400001525878906,480000
2020-12-11,43.369998931884766,44.68000030517578,43.25,44.34000015258789,488800
2020-12-14,43.220001220703125,44.08000183105469,43.13999938964844,43.59000015258789,454100
2020-12-15,42.83000183105469,43.709999084472656,42.310001373291016,43.709999084472656,656800
2020-12-16,42.529998779296875,43.4900016784668,41.900001525878906,43.08000183105469,683900
2020-12-17,42.369998931884766,42.779998779296875,41.470001220703125,42.650001525878906,799000
2020-12-18,42.040000915527344,42.84000015258789,41.599998474121094,42.650001525878906,856600
2020-12-21,42.060001373291016,42.13999938964844,41.09000015258789,41.47999954223633,589500
2020-12-22,41.790000915527344,42.08000183105469,41.2400016784668,41.95000076293945,605600
2020-12-23,42.630001068115234,42.77000045776367,41.25,41.83000183105469,467400
2020-12-24,42.709999084472656,42.79999923706055,42.02000045776367,42.52000045776367,214800
2020-12-28,42.599998474121094,42.81999969482422,41.970001220703125,42.75,481700
2020-12-29,42.4900016784668,42.97999954223633,42.25,42.70000076293945,512400
2020-12-30,42.150001525878906,42.68000030517578,41.91999816894531,42.439998626708984,568300
2020-12-31,42.4900016784668,42.65999984741211,41.25,42.029998779296875,867600
2021-01-04,43.349998474121094,43.439998626708984,42.060001373291016,42.59000015258789,567300
2021-01-05,44.20000076293945,44.400001525878906,43.33000183105469,43.4900016784668,608500
2021-01-06,43.540000915527344,45.349998474121094,43.38999938964844,44.43000030517578,993800
2021-01-07,43.06999969482422,43.61000061035156,42.36000061035156,43.45000076293945,588000
2021-01-08,40.09000015258789,41.88999938964844,39.04999923706055,41.709999084472656,2140300
2021-01-11,39.77000045776367,40.349998474121094,39.290000915527344,39.9900016784668,1379600
2021-01-12,38.54999923706055,40.220001220703125,38.279998779296875,39.97999954223633,1177000
2021-01-13,38.2400016784668,38.65999984741211,37.970001220703125,38.560001373291016,901600
2021-01-14,38.81999969482422,39.290000915527344,38.040000915527344,38.54999923706055,712900
2021-01-15,39.27000045776367,39.900001525878906,38.63999938964844,38.65999984741211,584500
2021-01-19,39.7599983215332,40.41999816894531,39.06999969482422,39.4900016784668,628000
2021-01-20,39.52000045776367,40.43000030517578,39.029998779296875,39.97999954223633,834700
2021-01-21,39.91999816894531,40.09000015258789,39.380001068115234,39.540000915527344,393100
2021-01-22,40.52000045776367,40.65999984741211,39.7400016784668,39.849998474121094,361900
2021-01-25,42.09000015258789,43.38999938964844,40.709999084472656,40.720001220703125,712900
2021-01-26,43.54999923706055,43.61000061035156,41.5,42.06999969482422,584200
2021-01-27,45.209999084472656,47.439998626708984,43.13999938964844,43.400001525878906,1868700
2021-01-28,42.33000183105469,46.90999984741211,41.689998626708984,44.720001220703125,1023500
2021-01-29,42.22999954223633,43.54999923706055,41.720001220703125,42.41999816894531,1072000
2021-02-01,41.43000030517578,42.5,40.4900016784668,42.22999954223633,1080300
2021-02-02,40.56999969482422,41.400001525878906,39.810001373291016,41.400001525878906,774900
2021-02-03,40.779998779296875,40.939998626708984,39.5099983215332,40.54999923706055,574300
2021-02-04,40.91999816894531,41.16999816894531,40.15999984741211,40.869998931884766,696400
2021-02-05,41.040000915527344,41.279998779296875,40.38999938964844,41.16999816894531,588600
2021-02-08,42.0,42.04999923706055,40.810001373291016,41.20000076293945,285200
2021-02-09,42.459999084472656,42.849998474121094,41.900001525878906,42.2599983215332,740200
2021-02-10,50.689998626708984,52.18000030517578,48.060001373291016,48.52000045776367,3015200
2021-02-11,49.279998779296875,51.93000030517578,48.63999938964844,49.56999969482422,1440800
2021-02-12,49.439998626708984,49.79999923706055,48.11000061035156,48.36000061035156,909800
2021-02-16,48.86000061035156,49.79999923706055,48.70000076293945,49.27000045776367,768000
2021-02-17,49.369998931884766,49.91999816894531,48.2400016784668,49.029998779296875,750600
2021-02-18,50.060001373291016,50.13999938964844,48.65999984741211,49.279998779296875,773400
2021-02-19,49.5099983215332,50.2599983215332,49.400001525878906,50.060001373291016,795500
2021-02-22,49.36000061035156,50.11000061035156,49.0,49.869998931884766,393000
2021-02-23,49.58000183105469,49.810001373291016,48.689998626708984,49.54999923706055,564600
2021-02-24,51.189998626708984,51.2599983215332,49.880001068115234,49.880001068115234,762700
2021-02-25,51.400001525878906,52.630001068115234,51.22999954223633,51.43000030517578,694900
2021-02-26,50.02000045776367,51.77000045776367,49.939998626708984,51.40999984741211,483500
2021-03-01,50.060001373291016,51.09000015258789,49.900001525878906,50.29999923706055,494800
2021-03-02,49.34000015258789,50.38999938964844,48.58000183105469,49.90999984741211,759500
2021-03-03,50.15999984741211,51.040000915527344,48.959999084472656,49.34000015258789,787200
2021-03-04,51.619998931884766,51.7599983215332,50.220001220703125,50.630001068115234,710800
2021-03-05,53.189998626708984,53.2400016784668,51.599998474121094,51.88999938964844,916700
2021-03-08,53.779998779296875,54.779998779296875,52.209999084472656,53.119998931884766,903400
2021-03-09,51.720001220703125,53.9900016784668,51.650001525878906,53.220001220703125,531100
2021-03-10,52.81999969482422,52.91999816894531,50.779998779296875,51.689998626708984,646200
2021-03-11,52.72999954223633,53.380001068115234,52.290000915527344,52.54999923706055,352600
2021-03-12,52.70000076293945,53.25,52.40999984741211,52.97999954223633,434100
2021-03-15,53.33000183105469,53.630001068115234,52.38999938964844,52.77000045776367,568800
2021-03-16,53.84000015258789,54.25,52.880001068115234,53.45000076293945,375900
2021-03-17,53.91999816894531,54.04999923706055,53.22999954223633,53.9900016784668,503400
2021-03-18,52.900001525878906,54.75,52.209999084472656,53.959999084472656,753700
2021-03-19,53.939998626708984,54.529998779296875,53.060001373291016,53.34000015258789,723900
2021-03-22,53.810001373291016,53.88999938964844,52.90999984741211,53.63999938964844,381100
2021-03-23,53.0099983215332,54.20000076293945,52.439998626708984,53.91999816894531,587000
2021-03-24,52.290000915527344,53.119998931884766,52.04999923706055,52.599998474121094,363100
2021-03-25,53.439998626708984,53.5,51.93000030517578,52.34000015258789,431500
2021-03-26,54.36000061035156,54.43000030517578,53.380001068115234,53.849998474121094,479200
2021-03-29,54.939998626708984,55.36000061035156,54.04999923706055,54.310001373291016,652200
2021-03-30,53.150001525878906,55.5,52.90999984741211,55.119998931884766,867100
2021-03-31,52.2400016784668,53.16999816894531,52.220001220703125,53.0,495000
2021-04-01,53.5,53.689998626708984,51.630001068115234,51.84000015258789,455100
2021-04-05,53.04999923706055,53.790000915527344,52.56999969482422,53.5,327600
2021-04-06,53.25,53.68000030517578,52.900001525878906,52.95000076293945,365600
2021-04-07,52.7400016784668,53.88999938964844,52.619998931884766,53.72999954223633,230200
2021-04-08,52.90999984741211,52.97999954223633,52.060001373291016,52.36000061035156,500900
2021-04-09,50.95000076293945,53.15999984741211,50.7400016784668,53.0099983215332,364800
2021-04-12,51.86000061035156,51.95000076293945,50.90999984741211,51.130001068115234,355900
2021-04-13,51.459999084472656,52.11000061035156,51.15999984741211,51.86000061035156,341900
2021-04-14,51.220001220703125,51.45000076293945,50.599998474121094,51.400001525878906,259700
2021-04-15,51.06999969482422,51.20000076293945,50.369998931884766,51.029998779296875,400400
2021-04-16,51.20000076293945,51.779998779296875,50.720001220703125,51.400001525878906,240500
2021-04-19,50.900001525878906,51.31999969482422,50.33000183105469,50.970001220703125,431100
2021-04-20,51.2599983215332,51.7599983215332,50.439998626708984,50.869998931884766,262100
2021-04-21,50.939998626708984,52.130001068115234,50.900001525878906,51.29999923706055,382200
2021-04-22,50.72999954223633,50.91999816894531,50.439998626708984,50.81999969482422,294200
2021-04-23,49.40999984741211,50.790000915527344,49.33000183105469,50.70000076293945,280900
2021-04-26,48.720001220703125,49.83000183105469,47.9900016784668,49.7400016784668,606400
2021-04-27,48.459999084472656,49.040000915527344,48.0,48.5099983215332,649800
2021-04-28,47.7400016784668,48.77000045776367,47.369998931884766,48.65999984741211,526300
2021-04-29,47.84000015258789,48.22999954223633,47.68000030517578,47.849998474121094,466100
2021-04-30,47.599998474121094,47.88999938964844,47.130001068115234,47.58000183105469,473300
2021-05-03,47.779998779296875,48.459999084472656,47.61000061035156,47.810001373291016,1021800
2021-05-04,47.369998931884766,48.279998779296875,47.13999938964844,47.95000076293945,670000
2021-05-05,48.2599983215332,48.2599983215332,46.56999969482422,47.25,1127200
2021-05-06,48.310001373291016,48.34000015258789,45.0,47.31999969482422,941900
2021-05-07,48.650001525878906,48.779998779296875,46.91999816894531,47.0,918400
2021-05-10,50.04999923706055,50.470001220703125,48.83000183105469,48.83000183105469,605600
2021-05-11,49.93000030517578,50.9900016784668,49.88999938964844,50.119998931884766,715300
2021-05-12,50.880001068115234,51.58000183105469,50.150001525878906,50.150001525878906,901800
2021-05-13,51.38999938964844,51.97999954223633,50.630001068115234,50.630001068115234,745700
2021-05-14,50.88999938964844,52.16999816894531,50.86000061035156,51.43000030517578,446800
2021-05-17,50.869998931884766,52.040000915527344,50.59000015258789,51.349998474121094,535000
2021-05-18,51.33000183105469,51.560001373291016,50.630001068115234,50.650001525878906,463200
2021-05-19,50.880001068115234,51.619998931884766,50.13999938964844,51.380001068115234,345900
2021-05-20,50.79999923706055,51.08000183105469,50.400001525878906,50.779998779296875,319800
2021-05-21,50.959999084472656,51.25,50.54999923706055,51.0099983215332,1317300
2021-05-24,50.83000183105469,51.4900016784668,50.540000915527344,50.93000030517578,329600
2021-05-25,49.5099983215332,51.04999923706055,49.470001220703125,50.79999923706055,601100
2021-05-26,49.11000061035156,49.5099983215332,48.90999984741211,49.41999816894531,894600
2021-05-27,48.939998626708984,49.61000061035156,48.65999984741211,49.189998626708984,598300
2021-05-28,48.709999084472656,49.779998779296875,48.70000076293945,49.060001373291016,417500
2021-06-01,48.88999938964844,49.060001373291016,48.15999984741211,48.650001525878906,405100
2021-06-02,50.04999923706055,50.04999923706055,48.95000076293945,49.220001220703125,617200
2021-06-03,49.65999984741211,50.65999984741211,49.189998626708984,50.189998626708984,351400
2021-06-04,49.81999969482422,49.83000183105469,49.22999954223633,49.529998779296875,257600
2021-06-07,49.720001220703125,50.63999938964844,49.470001220703125,49.849998474121094,338500
2021-06-08,49.150001525878906,49.939998626708984,49.06999969482422,49.63999938964844,297000
2021-06-09,48.47999954223633,49.20000076293945,48.45000076293945,48.5099983215332,346500
2021-06-10,48.75,48.869998931884766,48.150001525878906,48.43000030517578,259700
2021-06-11,49.029998779296875,49.06999969482422,48.52000045776367,48.7400016784668,295600
2021-06-14,47.880001068115234,48.90999984741211,47.630001068115234,48.90999984741211,467400
2021-06-15,47.650001525878906,48.34000015258789,47.619998931884766,48.06999969482422,738400
2021-06-16,47.790000915527344,48.060001373291016,47.33000183105469,47.58000183105469,385600
2021-06-17,47.290000915527344,47.93000030517578,46.90999984741211,47.650001525878906,548500
2021-06-18,46.58000183105469,47.290000915527344,46.16999816894531,47.220001220703125,552900
2021-06-21,46.849998474121094,46.959999084472656,46.040000915527344,46.119998931884766,449300
2021-06-22,46.2400016784668,47.22999954223633,46.09000015258789,47.150001525878906,377400
2021-06-23,45.540000915527344,46.27000045776367,45.52000045776367,46.25,386400
2021-06-24,46.0,46.20000076293945,45.0099983215332,45.310001373291016,577400
2021-06-25,45.79999923706055,46.31999969482422,45.470001220703125,45.75,6606100
2021-06-28,45.310001373291016,45.869998931884766,45.09000015258789,45.79999923706055,550700
2021-06-29,44.849998474121094,45.689998626708984,44.400001525878906,45.689998626708984,815200
2021-06-30,44.52000045776367,45.02000045776367,44.13999938964844,44.81999969482422,1559400
2021-07-01,45.16999816894531,45.599998474121094,44.470001220703125,44.65999984741211,961000
2021-07-02,45.470001220703125,45.54999923706055,45.15999984741211,45.31999969482422,559800
2021-07-06,44.91999816894531,45.349998474121094,44.130001068115234,45.349998474121094,798600
2021-07-07,45.2400016784668,45.849998474121094,44.689998626708984,44.689998626708984,463200
2021-07-08,46.2599983215332,46.33000183105469,44.56999969482422,45.099998474121094,488300
2021-07-09,46.4900016784668,47.470001220703125,46.2599983215332,46.310001373291016,521700
2021-07-12,46.380001068115234,46.790000915527344,46.08000183105469,46.43000030517578,386500
2021-07-13,45.689998626708984,46.529998779296875,45.470001220703125,45.880001068115234,448800
2021-07-14,44.349998474121094,45.97999954223633,43.84000015258789,45.75,841300
2021-07-15,44.93000030517578,45.02000045776367,43.459999084472656,44.20000076293945,627100
2021-07-16,45.689998626708984,45.72999954223633,45.16999816894531,45.189998626708984,617000
2021-07-19,46.209999084472656,46.349998474121094,45.2400016784668,45.66999816894531,608800
2021-07-20,46.529998779296875,47.040000915527344,46.279998779296875,46.31999969482422,667500
2021-07-21,45.650001525878906,46.88999938964844,45.630001068115234,46.70000076293945,424900
2021-07-22,44.93000030517578,45.470001220703125,44.2599983215332,45.470001220703125,394800
2021-07-23,45.61000061035156,45.86000061035156,44.75,44.900001525878906,375200
2021-07-26,45.63999938964844,46.38999938964844,45.47999954223633,45.68000030517578,393400
2021-07-27,45.040000915527344,45.939998626708984,44.720001220703125,45.58000183105469,811200
2021-07-28,44.849998474121094,45.790000915527344,44.029998779296875,44.91999816894531,310800
2021-07-29,44.849998474121094,45.290000915527344,44.75,45.13999938964844,242000
2021-07-30,44.400001525878906,45.279998779296875,44.310001373291016,45.04999923706055,303200
2021-08-02,44.59000015258789,44.630001068115234,43.650001525878906,44.279998779296875,544000
2021-08-03,44.06999969482422,44.97999954223633,44.060001373291016,44.630001068115234,380400
2021-08-04,42.18000030517578,44.220001220703125,42.09000015258789,43.68000030517578,630000
2021-08-05,38.880001068115234,40.0,36.83000183105469,39.099998474121094,1927800
2021-08-06,39.5099983215332,40.130001068115234,38.08000183105469,38.099998474121094,1078800
2021-08-09,39.220001220703125,39.86000061035156,38.939998626708984,39.459999084472656,591200
2021-08-10,39.41999816894531,39.47999954223633,38.400001525878906,38.86000061035156,674600
2021-08-11,38.9900016784668,39.900001525878906,38.970001220703125,39.439998626708984,634200
2021-08-12,38.439998626708984,39.310001373291016,38.400001525878906,38.86000061035156,497100
2021-08-13,38.380001068115234,38.970001220703125,37.880001068115234,38.459999084472656,318100
2021-08-16,38.88999938964844,38.970001220703125,38.34000015258789,38.47999954223633,500700
2021-08-17,38.91999816894531,39.459999084472656,38.599998474121094,38.75,357300
2021-08-18,36.97999954223633,39.25,36.970001220703125,38.79999923706055,1383600
2021-08-19,36.0,37.11000061035156,35.709999084472656,36.86000061035156,1317200
2021-08-20,36.150001525878906,36.40999984741211,35.79999923706055,35.88999938964844,1122100
2021-08-23,35.88999938964844,36.25,35.439998626708984,35.88999938964844,1218900
2021-08-24,35.65999984741211,36.0099983215332,35.400001525878906,36.0099983215332,877500
2021-08-25,35.9900016784668,37.119998931884766,35.83000183105469,35.880001068115234,1632600
2021-08-26,34.47999954223633,36.099998474121094,34.369998931884766,35.79999923706055,944900
2021-08-27,35.599998474121094,35.63999938964844,34.33000183105469,34.5,926200
2021-08-30,35.279998779296875,35.779998779296875,35.029998779296875,35.54999923706055,751100
2021-08-31,37.470001220703125,37.68000030517578,35.689998626708984,36.52000045776367,3277100
2021-09-01,38.400001525878906,38.66999816894531,37.52000045776367,37.59000015258789,2016800
2021-09-02,38.619998931884766,39.689998626708984,38.150001525878906,38.150001525878906,12455100
2021-09-03,38.09000015258789,38.599998474121094,37.970001220703125,38.56999969482422,851700
2021-09-07,39.790000915527344,39.9900016784668,37.86000061035156,37.900001525878906,1186400
2021-09-08,40.0099983215332,40.720001220703125,39.5099983215332,39.810001373291016,1004100
2021-09-09,39.2599983215332,39.9900016784668,39.13999938964844,39.9900016784668,545500
2021-09-10,38.93000030517578,39.20000076293945,38.33000183105469,39.20000076293945,373800
2021-09-13,39.4900016784668,39.83000183105469,38.939998626708984,38.939998626708984,493600
2021-09-14,39.599998474121094,39.779998779296875,39.099998474121094,39.599998474121094,697800
2021-09-15,38.5099983215332,39.790000915527344,38.439998626708984,39.45000076293945,443600
2021-09-16,38.18000030517578,38.779998779296875,37.58000183105469,38.68000030517578,380100
2021-09-17,38.58000183105469,38.630001068115234,37.86000061035156,38.15999984741211,1102800
2021-09-20,38.2599983215332,38.849998474121094,37.849998474121094,38.45000076293945,400300
2021-09-21,38.970001220703125,39.06999969482422,37.93000030517578,38.130001068115234,536400
2021-09-22,39.029998779296875,39.5,38.41999816894531,39.27000045776367,583500
2021-09-23,38.52000045776367,39.52000045776367,38.5099983215332,39.15999984741211,399700
2021-09-24,39.43000030517578,39.529998779296875,38.45000076293945,38.45000076293945,398200
2021-09-27,39.560001373291016,40.58000183105469,39.560001373291016,39.70000076293945,453700
2021-09-28,39.369998931884766,40.099998474121094,39.2599983215332,39.709999084472656,399100
2021-09-29,40.790000915527344,40.869998931884766,39.11000061035156,39.16999816894531,753600
2021-09-30,39.880001068115234,40.849998474121094,39.810001373291016,40.630001068115234,338900
2021-10-01,39.619998931884766,40.869998931884766,39.470001220703125,40.09000015258789,510800
2021-10-04,39.9900016784668,40.650001525878906,39.70000076293945,39.77000045776367,525500
2021-10-05,39.709999084472656,40.810001373291016,39.529998779296875,40.0,406100
2021-10-06,39.900001525878906,39.91999816894531,38.88999938964844,39.54999923706055,249000
2021-10-07,39.70000076293945,40.36000061035156,39.61000061035156,39.7599983215332,311500
2021-10-08,39.31999969482422,40.119998931884766,39.290000915527344,39.34000015258789,150600
2021-10-11,39.310001373291016,39.59000015258789,39.02000045776367,39.31999969482422,199900
2021-10-12,39.65999984741211,39.86000061035156,39.15999984741211,39.22999954223633,301100
2021-10-13,39.61000061035156,39.84000015258789,39.279998779296875,39.52000045776367,300200
2021-10-14,40.18000030517578,40.290000915527344,39.68000030517578,39.83000183105469,260900
2021-10-15,39.58000183105469,40.66999816894531,39.58000183105469,40.599998474121094,307600
2021-10-18,39.13999938964844,39.90999984741211,39.09000015258789,39.5,242900
2021-10-19,38.650001525878906,39.189998626708984,38.349998474121094,39.189998626708984,220600
2021-10-20,39.040000915527344,39.540000915527344,38.650001525878906,38.65999984741211,220400
2021-10-21,38.70000076293945,39.2400016784668,38.220001220703125,39.060001373291016,255000
2021-10-22,38.599998474121094,38.9900016784668,38.400001525878906,38.52000045776367,186900
2021-10-25,37.75,38.459999084472656,37.72999954223633,38.459999084472656,279900
2021-10-26,37.70000076293945,38.119998931884766,37.5,37.65999984741211,258400
2021-10-27,36.369998931884766,37.810001373291016,36.2599983215332,37.810001373291016,439400
2021-10-28,36.650001525878906,37.119998931884766,36.34000015258789,36.470001220703125,475900
2021-10-29,36.13999938964844,36.88999938964844,35.959999084472656,36.709999084472656,362200
2021-11-01,37.04999923706055,37.16999816894531,36.18000030517578,36.2599983215332,586300
2021-11-02,36.279998779296875,37.02000045776367,35.97999954223633,37.0099983215332,349500
2021-11-03,37.04999923706055,37.16999816894531,35.95000076293945,36.09000015258789,603300
2021-11-04,36.16999816894531,37.66999816894531,36.11000061035156,37.11000061035156,499700
2021-11-05,35.939998626708984,36.97999954223633,35.72999954223633,36.41999816894531,830300
2021-11-08,37.43000030517578,37.81999969482422,35.5,37.0,1045200
2021-11-09,37.349998474121094,37.869998931884766,36.34000015258789,36.84000015258789,818200
2021-11-10,36.5099983215332,37.439998626708984,35.77000045776367,37.349998474121094,936500
2021-11-11,34.619998931884766,36.349998474121094,33.900001525878906,36.16999816894531,837100
2021-11-12,36.27000045776367,36.310001373291016,34.43000030517578,35.060001373291016,905300
2021-11-15,38.040000915527344,38.09000015258789,35.599998474121094,35.869998931884766,857400
2021-11-16,39.0,39.040000915527344,37.95000076293945,38.279998779296875,598600
2021-11-17,38.68000030517578,38.86000061035156,37.900001525878906,38.79999923706055,520900
2021-11-18,37.93000030517578,38.59000015258789,37.290000915527344,38.5,607100
2021-11-19,37.439998626708984,38.060001373291016,37.189998626708984,37.709999084472656,480100
2021-11-22,38.31999969482422,38.95000076293945,37.130001068115234,37.33000183105469,337400
2021-11-23,38.5,38.790000915527344,37.709999084472656,38.70000076293945,456800
2021-11-24,38.63999938964844,39.16999816894531,38.470001220703125,38.65999984741211,339900
2021-11-26,38.47999954223633,39.18000030517578,37.689998626708984,39.06999969482422,327300
2021-11-29,38.22999954223633,38.70000076293945,37.369998931884766,38.060001373291016,517500
2021-11-30,36.70000076293945,37.900001525878906,36.630001068115234,37.900001525878906,904700
2021-12-01,37.18000030517578,38.47999954223633,36.959999084472656,37.06999969482422,592300
2021-12-02,38.900001525878906,39.529998779296875,37.27000045776367,37.45000076293945,565600
2021-12-03,37.77000045776367,38.9900016784668,37.689998626708984,38.9900016784668,326100
2021-12-06,39.400001525878906,39.619998931884766,38.16999816894531,38.189998626708984,436900
2021-12-07,39.72999954223633,40.20000076293945,39.29999923706055,39.5099983215332,397400
2021-12-08,39.630001068115234,40.119998931884766,39.18000030517578,39.5099983215332,551100
2021-12-09,38.849998474121094,39.79999923706055,38.79999923706055,39.43000030517578,306400
2021-12-10,39.720001220703125,39.810001373291016,38.7400016784668,38.77000045776367,443800
2021-12-13,39.47999954223633,40.150001525878906,39.36000061035156,39.720001220703125,300700
2021-12-14,40.31999969482422,40.34000015258789,39.5099983215332,39.5099983215332,290400
2021-12-15,40.959999084472656,41.279998779296875,39.61000061035156,40.349998474121094,582200
2021-12-16,41.13999938964844,41.27000045776367,40.779998779296875,41.040000915527344,511500
2021-12-17,41.16999816894531,41.40999984741211,40.689998626708984,41.220001220703125,1135000
2021-12-20,40.2599983215332,43.70000076293945,39.72999954223633,40.81999969482422,663200
2021-12-21,40.22999954223633,40.31999969482422,39.439998626708984,39.93000030517578,376200
2021-12-22,38.849998474121094,40.029998779296875,38.560001373291016,39.97999954223633,384500
2021-12-23,39.529998779296875,39.59000015258789,38.310001373291016,38.599998474121094,246100
2021-12-27,39.61000061035156,39.72999954223633,38.93000030517578,39.5,191900
2021-12-28,40.58000183105469,40.59000015258789,39.54999923706055,39.54999923706055,186100
2021-12-29,40.029998779296875,41.0,39.959999084472656,40.650001525878906,232100
2021-12-30,39.970001220703125,41.130001068115234,39.75,40.06999969482422,537200
2021-12-31,40.529998779296875,40.709999084472656,39.2599983215332,39.619998931884766,299900
2022-01-03,42.47999954223633,43.15999984741211,40.349998474121094,40.869998931884766,582500
2022-01-04,42.29999923706055,42.959999084472656,42.209999084472656,42.34000015258789,362000
2022-01-05,42.54999923706055,43.65999984741211,42.459999084472656,42.7400016784668,394400
2022-01-06,42.58000183105469,43.5099983215332,42.2599983215332,42.369998931884766,280500
2022-01-07,44.02000045776367,44.189998626708984,42.380001068115234,42.380001068115234,382900
2022-01-10,43.16999816894531,44.59000015258789,43.029998779296875,44.119998931884766,431300
2022-01-11,43.400001525878906,43.459999084472656,42.63999938964844,43.20000076293945,250500
2022-01-12,42.7599983215332,43.5099983215332,42.5099983215332,43.13999938964844,320600
2022-01-13,43.16999816894531,43.61000061035156,42.54999923706055,42.91999816894531,265200
2022-01-14,43.68000030517578,43.95000076293945,42.650001525878906,42.970001220703125,251400
2022-01-18,42.29999923706055,43.599998474121094,42.220001220703125,43.380001068115234,416900
2022-01-19,41.900001525878906,42.779998779296875,41.83000183105469,42.130001068115234,421200
2022-01-20,40.75,42.0,40.66999816894531,42.0,470000
2022-01-21,40.63999938964844,41.720001220703125,40.529998779296875,40.9900016784668,438600
2022-01-24,40.95000076293945,41.619998931884766,40.25,40.459999084472656,618900
2022-01-25,40.0,40.810001373291016,39.560001373291016,40.75,491100
2022-01-26,39.619998931884766,40.459999084472656,39.060001373291016,40.040000915527344,641900
2022-01-27,38.779998779296875,40.93000030517578,38.560001373291016,39.70000076293945,666300
2022-01-28,40.099998474121094,40.13999938964844,38.349998474121094,38.5099983215332,700500
2022-01-31,38.72999954223633,40.15999984741211,37.779998779296875,39.849998474121094,673100
2022-02-01,37.63999938964844,38.869998931884766,37.209999084472656,38.52000045776367,523000
2022-02-02,37.689998626708984,38.060001373291016,37.09000015258789,37.66999816894531,496000
2022-02-03,37.02000045776367,38.150001525878906,36.86000061035156,37.790000915527344,341700
2022-02-04,36.099998474121094,36.72999954223633,34.630001068115234,36.630001068115234,751700
2022-02-07,36.13999938964844,36.45000076293945,35.5,36.22999954223633,471000
2022-02-08,35.709999084472656,36.29999923706055,35.470001220703125,35.959999084472656,304700
2022-02-09,35.650001525878906,36.02000045776367,35.220001220703125,35.95000076293945,484200
2022-02-10,34.79999923706055,35.900001525878906,34.709999084472656,35.31999969482422,407900
2022-02-11,35.279998779296875,35.75,34.689998626708984,34.75,624400
2022-02-14,38.15999984741211,38.29999923706055,36.40999984741211,36.939998626708984,920400
2022-02-15,40.70000076293945,41.06999969482422,37.95000076293945,38.15999984741211,1233600
2022-02-16,40.33000183105469,41.349998474121094,40.20000076293945,40.54999923706055,546000
2022-02-17,41.849998474121094,42.060001373291016,40.02000045776367,40.18000030517578,517400
2022-02-18,40.470001220703125,42.630001068115234,39.779998779296875,41.77000045776367,777600
2022-02-22,41.279998779296875,42.0099983215332,40.150001525878906,40.5099983215332,452900
2022-02-23,40.5099983215332,41.45000076293945,40.290000915527344,41.13999938964844,303000
2022-02-24,39.2400016784668,40.290000915527344,38.95000076293945,39.869998931884766,339200
2022-02-25,40.09000015258789,40.290000915527344,38.58000183105469,39.20000076293945,315200
2022-02-28,39.25,39.970001220703125,38.880001068115234,39.4900016784668,317700
2022-03-01,38.0,39.349998474121094,37.459999084472656,38.7599983215332,455600
2022-03-02,37.650001525878906,38.220001220703125,37.439998626708984,37.91999816894531,303500
2022-03-03,36.529998779296875,37.810001373291016,36.4900016784668,37.58000183105469,567400
2022-03-04,36.09000015258789,36.560001373291016,35.93000030517578,36.060001373291016,431400
2022-03-07,34.540000915527344,36.040000915527344,34.45000076293945,36.040000915527344,512400
2022-03-08,35.11000061035156,35.33000183105469,33.08000183105469,34.959999084472656,711800
2022-03-09,35.29999923706055,36.709999084472656,35.2599983215332,35.65999984741211,385300
2022-03-10,33.970001220703125,35.36000061035156,33.27000045776367,35.36000061035156,433200
2022-03-11,32.720001220703125,34.060001373291016,32.65999984741211,33.97999954223633,498300
2022-03-14,31.420000076293945,34.59000015258789,29.469999313354492,34.5,1474200
2022-03-15,32.91999816894531,33.15999984741211,31.329999923706055,31.329999923706055,838200
2022-03-16,33.290000915527344,33.529998779296875,32.38999938964844,32.959999084472656,686800
2022-03-17,33.130001068115234,33.650001525878906,32.709999084472656,32.97999954223633,301900
2022-03-18,33.310001373291016,33.470001220703125,32.68000030517578,32.91999816894531,788200
2022-03-21,33.04999923706055,34.22999954223633,32.70000076293945,33.2599983215332,407800
2022-03-22,31.450000762939453,33.20000076293945,30.989999771118164,32.90999984741211,1058200
2022-03-23,31.639999389648438,31.899999618530273,31.18000030517578,31.5,355500
2022-03-24,30.969999313354492,31.65999984741211,30.729999542236328,31.65999984741211,236500
2022-03-25,31.239999771118164,31.770000457763672,30.75,30.959999084472656,349400
2022-03-28,31.3799991607666,31.489999771118164,30.600000381469727,31.15999984741211,459500
2022-03-29,32.61000061035156,32.72999954223633,31.790000915527344,31.8700008392334,338000
2022-03-30,32.59000015258789,32.689998626708984,32.209999084472656,32.380001068115234,294200
2022-03-31,32.2599983215332,32.900001525878906,31.969999313354492,32.439998626708984,278300
2022-04-01,33.52000045776367,33.529998779296875,32.34000015258789,32.61000061035156,392300
2022-04-04,32.790000915527344,33.459999084472656,32.31999969482422,33.43000030517578,311700
2022-04-05,32.40999984741211,33.279998779296875,32.20000076293945,32.810001373291016,326200
2022-04-06,32.25,32.7599983215332,31.8799991607666,32.25,230800
2022-04-07,33.220001220703125,33.2599983215332,32.15999984741211,32.15999984741211,488100
2022-04-08,33.40999984741211,33.84000015258789,33.099998474121094,33.52000045776367,330800
2022-04-11,33.619998931884766,34.189998626708984,32.7599983215332,32.88999938964844,596500
2022-04-12,33.779998779296875,34.31999969482422,33.290000915527344,34.0,393600
2022-04-13,34.61000061035156,35.619998931884766,33.79999923706055,33.79999923706055,625900
2022-04-14,33.720001220703125,35.33000183105469,33.56999969482422,34.93000030517578,553300
2022-04-18,33.209999084472656,34.31999969482422,33.06999969482422,33.650001525878906,230200
2022-04-19,34.02000045776367,34.400001525878906,32.939998626708984,32.939998626708984,247300
2022-04-20,34.13999938964844,34.70000076293945,33.95000076293945,34.13999938964844,199300
2022-04-21,34.189998626708984,34.619998931884766,33.9900016784668,34.08000183105469,264300
2022-04-22,34.08000183105469,34.470001220703125,33.790000915527344,34.15999984741211,215900
2022-04-25,33.54999923706055,33.97999954223633,32.619998931884766,33.970001220703125,369900
2022-04-26,32.5,33.40999984741211,32.470001220703125,33.130001068115234,221400
2022-04-27,32.65999984741211,32.95000076293945,31.860000610351562,32.439998626708984,353300
2022-04-28,33.41999816894531,33.779998779296875,32.31999969482422,32.880001068115234,256000
2022-04-29,31.5,34.040000915527344,31.299999237060547,33.43000030517578,316700
2022-05-02,31.25,31.760000228881836,30.739999771118164,31.479999542236328,341700
2022-05-03,31.6299991607666,31.8799991607666,30.989999771118164,31.1200008392334,236400
2022-05-04,31.81999969482422,31.889999389648438,30.610000610351562,31.799999237060547,263500
2022-05-05,30.850000381469727,31.489999771118164,30.579999923706055,31.489999771118164,217300
2022-05-06,30.540000915527344,30.989999771118164,30.059999465942383,30.520000457763672,293900
2022-05-09,34.959999084472656,36.34000015258789,31.1200008392334,31.309999465942383,1154300
2022-05-10,37.459999084472656,38.16999816894531,35.33000183105469,35.33000183105469,1118000
2022-05-11,36.849998474121094,38.540000915527344,36.27000045776367,37.459999084472656,802400
2022-05-12,37.88999938964844,38.470001220703125,36.970001220703125,37.0,506600
2022-05-13,38.810001373291016,40.18000030517578,37.810001373291016,37.810001373291016,787000
2022-05-16,37.459999084472656,39.11000061035156,37.290000915527344,38.2400016784668,477000
2022-05-17,38.15999984741211,38.779998779296875,36.9900016784668,37.939998626708984,361600
2022-05-18,36.9900016784668,38.40999984741211,36.810001373291016,37.97999954223633,546800
2022-05-19,36.75,37.310001373291016,36.09000015258789,36.93000030517578,703400
2022-05-20,36.70000076293945,37.31999969482422,35.81999969482422,37.0,362400
2022-05-23,40.97999954223633,42.72999954223633,38.58000183105469,38.810001373291016,1333000
2022-05-24,40.369998931884766,41.31999969482422,40.279998779296875,40.79999923706055,559300
2022-05-25,40.90999984741211,41.130001068115234,39.66999816894531,40.18000030517578,499500
2022-05-26,40.7400016784668,41.38999938964844,40.61000061035156,41.209999084472656,273400
2022-05-27,41.38999938964844,41.47999954223633,40.54999923706055,41.0,282400
2022-05-31,41.119998931884766,41.56999969482422,40.36000061035156,41.0099983215332,465800
2022-06-01,41.130001068115234,41.33000183105469,40.119998931884766,41.09000015258789,262700
2022-06-02,40.5,41.20000076293945,39.310001373291016,41.099998474121094,293300
2022-06-03,40.04999923706055,40.380001068115234,39.61000061035156,40.31999969482422,178500
2022-06-06,40.369998931884766,40.59000015258789,39.91999816894531,40.54999923706055,198000
2022-06-07,39.04999923706055,40.040000915527344,38.279998779296875,39.779998779296875,519600
2022-06-08,39.08000183105469,39.849998474121094,38.88999938964844,39.08000183105469,337600
2022-06-09,37.900001525878906,39.41999816894531,37.880001068115234,39.41999816894531,213200
2022-06-10,38.9900016784668,39.13999938964844,37.5,37.56999969482422,338300
2022-06-13,38.63999938964844,38.939998626708984,37.83000183105469,38.38999938964844,343500
2022-06-14,38.939998626708984,39.279998779296875,38.150001525878906,38.41999816894531,381100
2022-06-15,39.7400016784668,40.279998779296875,38.63999938964844,39.22999954223633,403900
2022-06-16,38.619998931884766,39.38999938964844,38.209999084472656,39.119998931884766,359800
2022-06-17,39.02000045776367,39.95000076293945,38.77000045776367,39.220001220703125,618300
2022-06-21,39.18000030517578,39.75,38.540000915527344,39.630001068115234,444800
2022-06-22,39.63999938964844,40.33000183105469,39.0,39.0,614500
2022-06-23,39.4900016784668,39.970001220703125,39.02000045776367,39.61000061035156,460100
2022-06-24,40.599998474121094,41.25,39.5099983215332,39.849998474121094,1119200
2022-06-27,41.540000915527344,42.5,40.650001525878906,40.86000061035156,595800
2022-06-28,40.45000076293945,42.45000076293945,40.310001373291016,41.349998474121094,381600
2022-06-29,41.130001068115234,41.709999084472656,39.779998779296875,40.349998474121094,370800
2022-06-30,41.81999969482422,41.81999969482422,40.63999938964844,40.86000061035156,615900
2022-07-01,42.970001220703125,43.220001220703125,41.709999084472656,41.959999084472656,353300
2022-07-05,42.810001373291016,43.02000045776367,41.7599983215332,42.65999984741211,340900
2022-07-06,42.689998626708984,42.97999954223633,41.599998474121094,42.41999816894531,299800
2022-07-07,41.970001220703125,42.7400016784668,41.61000061035156,42.20000076293945,237400
2022-07-08,41.88999938964844,42.439998626708984,41.619998931884766,42.31999969482422,334500
2022-07-11,41.900001525878906,42.349998474121094,41.66999816894531,41.66999816894531,220900
2022-07-12,43.58000183105469,43.779998779296875,41.93000030517578,42.029998779296875,353400
2022-07-13,44.45000076293945,44.810001373291016,43.040000915527344,43.25,352300
2022-07-14,44.22999954223633,44.439998626708984,43.45000076293945,43.90999984741211,202600
2022-07-15,44.41999816894531,44.720001220703125,43.79999923706055,44.720001220703125,246300
2022-07-18,43.72999954223633,44.810001373291016,43.70000076293945,44.43000030517578,231400
2022-07-19,44.38999938964844,45.02000045776367,44.209999084472656,44.33000183105469,276400
2022-07-20,44.459999084472656,44.54999923706055,43.86000061035156,44.33000183105469,226200
2022-07-21,43.93000030517578,44.459999084472656,43.13999938964844,44.040000915527344,292800
2022-07-22,44.15999984741211,44.310001373291016,43.36000061035156,43.88999938964844,320200
2022-07-25,44.5,45.04999923706055,44.0,44.189998626708984,280800
2022-07-26,44.27000045776367,45.119998931884766,44.0,44.040000915527344,314000
2022-07-27,43.959999084472656,44.25,42.619998931884766,44.15999984741211,272600
2022-07-28,44.16999816894531,44.4900016784668,43.599998474121094,44.040000915527344,211600
2022-07-29,43.41999816894531,44.09000015258789,43.06999969482422,43.939998626708984,228100
2022-08-01,45.0,45.06999969482422,43.189998626708984,43.43000030517578,293200
2022-08-02,44.66999816894531,45.380001068115234,44.11000061035156,44.90999984741211,266800
2022-08-03,44.5099983215332,44.959999084472656,43.279998779296875,44.959999084472656,379100
2022-08-04,43.5,44.72999954223633,43.060001373291016,44.72999954223633,300600
2022-08-05,42.68000030517578,43.09000015258789,41.79999923706055,43.09000015258789,659400
2022-08-08,44.34000015258789,46.540000915527344,44.119998931884766,45.099998474121094,676200
2022-08-09,46.099998474121094,46.5,45.0,45.0,813900
2022-08-10,47.04999923706055,47.5,45.7599983215332,46.040000915527344,853700
2022-08-11,47.470001220703125,49.58000183105469,47.0,47.439998626708984,1163400
2022-08-12,47.599998474121094,48.0,46.689998626708984,47.349998474121094,457600
2022-08-15,48.43000030517578,48.529998779296875,46.970001220703125,47.59000015258789,342500
2022-08-16,49.38999938964844,49.790000915527344,47.849998474121094,48.209999084472656,475700
2022-08-17,49.209999084472656,50.209999084472656,48.709999084472656,48.81999969482422,358700
2022-08-18,50.060001373291016,50.09000015258789,49.13999938964844,49.290000915527344,287600
2022-08-19,49.849998474121094,50.38999938964844,49.029998779296875,49.59000015258789,721500
2022-08-22,48.689998626708984,49.91999816894531,48.58000183105469,49.810001373291016,280400
2022-08-23,48.220001220703125,48.79999923706055,47.869998931884766,48.400001525878906,283400
2022-08-24,48.02000045776367,48.77000045776367,47.63999938964844,48.119998931884766,358500
2022-08-25,47.90999984741211,49.150001525878906,47.72999954223633,48.4900016784668,349800
2022-08-26,46.95000076293945,47.880001068115234,46.900001525878906,47.560001373291016,265400
2022-08-29,47.2400016784668,47.599998474121094,46.09000015258789,46.5,190200
2022-08-30,47.06999969482422,47.54999923706055,46.380001068115234,47.150001525878906,314400
2022-08-31,46.599998474121094,47.2599983215332,46.220001220703125,46.880001068115234,402400
2022-09-01,46.16999816894531,47.220001220703125,45.5,46.209999084472656,396000
2022-09-02,45.4900016784668,47.04999923706055,45.0099983215332,46.599998474121094,336300
2022-09-06,42.2599983215332,45.25,41.18000030517578,44.86000061035156,1162100
2022-09-07,44.2599983215332,44.41999816894531,42.16999816894531,42.470001220703125,555700
2022-09-08,43.41999816894531,44.290000915527344,42.54999923706055,43.72999954223633,372100
2022-09-09,44.22999954223633,44.70000076293945,43.279998779296875,43.81999969482422,352300
2022-09-12,45.27000045776367,45.310001373291016,44.34000015258789,44.34000015258789,333600
2022-09-13,43.9900016784668,45.290000915527344,43.93000030517578,44.63999938964844,317200
2022-09-14,43.88999938964844,44.33000183105469,43.41999816894531,44.33000183105469,316900
2022-09-15,43.90999984741211,43.970001220703125,43.25,43.40999984741211,339900
2022-09-16,44.349998474121094,44.7400016784668,43.27000045776367,43.900001525878906,2169300
2022-09-19,45.09000015258789,45.65999984741211,44.59000015258789,44.59000015258789,303000
2022-09-20,43.40999984741211,44.79999923706055,43.04999923706055,44.70000076293945,254000
2022-09-21,44.380001068115234,44.75,43.52000045776367,43.77000045776367,294300
2022-09-22,44.11000061035156,44.2400016784668,43.40999984741211,44.209999084472656,267900
2022-09-23,43.34000015258789,43.72999954223633,42.630001068115234,43.72999954223633,372900
2022-09-26,42.630001068115234,43.459999084472656,42.16999816894531,43.11000061035156,306900
2022-09-27,40.97999954223633,42.93000030517578,40.59000015258789,42.560001373291016,552900
2022-09-28,42.06999969482422,42.18000030517578,40.560001373291016,41.290000915527344,549400
2022-09-29,42.119998931884766,42.20000076293945,41.0,41.47999954223633,625000
2022-09-30,42.41999816894531,42.65999984741211,41.68000030517578,42.380001068115234,521400
2022-10-03,43.349998474121094,43.5,41.880001068115234,42.7400016784668,390500
2022-10-04,46.04999923706055,46.16999816894531,43.709999084472656,44.349998474121094,803500
2022-10-05,46.0,46.70000076293945,45.09000015258789,45.380001068115234,395200
2022-10-06,45.619998931884766,46.29999923706055,44.880001068115234,45.81999969482422,272100
2022-10-07,45.689998626708984,46.5099983215332,45.41999816894531,45.790000915527344,605300
2022-10-10,46.27000045776367,46.349998474121094,45.52000045776367,45.689998626708984,548600
2022-10-11,46.380001068115234,46.65999984741211,45.869998931884766,46.13999938964844,698300
2022-10-12,45.970001220703125,47.15999984741211,45.95000076293945,46.470001220703125,427100
2022-10-13,47.0,47.2400016784668,45.0,45.36000061035156,419700
2022-10-14,46.68000030517578,48.349998474121094,46.619998931884766,47.33000183105469,335900
2022-10-17,46.93000030517578,47.560001373291016,46.7599983215332,47.09000015258789,355800
2022-10-18,48.209999084472656,48.27000045776367,47.630001068115234,47.630001068115234,372900
2022-10-19,48.099998474121094,48.650001525878906,47.25,47.9900016784668,389500
2022-10-20,46.939998626708984,48.27000045776367,46.65999984741211,47.939998626708984,824400
2022-10-21,47.869998931884766,48.150001525878906,46.95000076293945,47.22999954223633,369500
2022-10-24,48.25,48.63999938964844,47.56999969482422,47.869998931884766,331700
2022-10-25,48.27000045776367,49.369998931884766,48.20000076293945,48.47999954223633,315500
2022-10-26,49.529998779296875,49.7599983215332,48.29999923706055,48.65999984741211,359100
2022-10-27,49.22999954223633,50.220001220703125,49.08000183105469,49.77000045776367,370500
2022-10-28,50.58000183105469,51.040000915527344,49.310001373291016,49.43000030517578,211600
2022-10-31,50.2400016784668,50.83000183105469,49.970001220703125,50.5099983215332,303900
2022-11-01,49.93000030517578,50.81999969482422,49.79999923706055,50.2599983215332,266700
2022-11-02,49.61000061035156,50.91999816894531,49.18000030517578,49.81999969482422,279300
2022-11-03,49.15999984741211,49.63999938964844,48.45000076293945,49.36000061035156,249700
2022-11-04,48.56999969482422,49.970001220703125,48.40999984741211,49.45000076293945,380200
2022-11-07,47.41999816894531,47.59000015258789,42.52000045776367,45.060001373291016,1451000
2022-11-08,47.369998931884766,51.040000915527344,46.83000183105469,46.83000183105469,781100
2022-11-09,46.810001373291016,47.369998931884766,46.470001220703125,46.70000076293945,318700
2022-11-10,46.61000061035156,48.20000076293945,45.83000183105469,48.040000915527344,394300
2022-11-11,47.439998626708984,47.459999084472656,45.58000183105469,46.599998474121094,420600
2022-11-14,47.70000076293945,48.91999816894531,46.95000076293945,47.34000015258789,569500
2022-11-15,46.75,48.20000076293945,46.619998931884766,47.900001525878906,414500
2022-11-16,47.029998779296875,47.33000183105469,46.56999969482422,46.95000076293945,447800
2022-11-17,47.619998931884766,47.81999969482422,46.689998626708984,46.77000045776367,416300
2022-11-18,47.0,48.209999084472656,46.77000045776367,48.209999084472656,409300
2022-11-21,48.22999954223633,48.4900016784668,46.689998626708984,47.06999969482422,289600
2022-11-22,48.36000061035156,48.630001068115234,47.439998626708984,48.08000183105469,176500
2022-11-23,48.7400016784668,49.09000015258789,48.2400016784668,48.380001068115234,164500
2022-11-25,48.88999938964844,49.5,48.790000915527344,48.790000915527344,98700
2022-11-28,48.93000030517578,49.31999969482422,48.40999984741211,48.709999084472656,277100
2022-11-29,49.0099983215332,49.27000045776367,48.540000915527344,48.900001525878906,249800
2022-11-30,49.43000030517578,49.54999923706055,47.720001220703125,48.81999969482422,354300
2022-12-01,49.2599983215332,49.88999938964844,48.5099983215332,48.81999969482422,196200
2022-12-02,49.97999954223633,50.02000045776367,48.939998626708984,49.0099983215332,210500
2022-12-05,49.0,49.540000915527344,47.95000076293945,49.540000915527344,229400
2022-12-06,48.209999084472656,49.150001525878906,47.61000061035156,48.79999923706055,270300
2022-12-07,47.529998779296875,48.43000030517578,47.529998779296875,48.43000030517578,234100
2022-12-08,47.189998626708984,47.790000915527344,47.16999816894531,47.41999816894531,179000
2022-12-09,45.349998474121094,47.2400016784668,45.310001373291016,46.939998626708984,313000
2022-12-12,45.29999923706055,45.970001220703125,44.560001373291016,45.36000061035156,445700
2022-12-13,45.43000030517578,46.310001373291016,44.9900016784668,46.20000076293945,336300
2022-12-14,45.869998931884766,46.189998626708984,45.2400016784668,45.40999984741211,305000
2022-12-15,45.439998626708984,46.380001068115234,45.04999923706055,45.58000183105469,399500
2022-12-16,45.90999984741211,46.099998474121094,44.5099983215332,45.04999923706055,1370200
2022-12-19,46.97999954223633,47.459999084472656,45.959999084472656,45.9900016784668,295900
2022-12-20,46.25,47.119998931884766,46.060001373291016,47.119998931884766,218500
2022-12-21,46.369998931884766,47.15999984741211,46.18000030517578,46.63999938964844,208500
2022-12-22,46.84000015258789,46.88999938964844,45.779998779296875,46.040000915527344,214300
2022-12-23,47.650001525878906,47.939998626708984,46.790000915527344,46.91999816894531,226700
2022-12-27,48.2400016784668,48.4900016784668,47.61000061035156,47.75,176800
2022-12-28,48.47999954223633,49.369998931884766,48.439998626708984,48.66999816894531,306200
2022-12-29,48.900001525878906,49.43000030517578,48.189998626708984,48.75,254800
2022-12-30,49.380001068115234,49.650001525878906,48.439998626708984,48.79999923706055,487200
2023-01-03,48.86000061035156,49.630001068115234,48.04999923706055,49.369998931884766,329300
2023-01-04,49.36000061035156,50.2400016784668,48.86000061035156,49.27000045776367,377900
2023-01-05,49.79999923706055,50.0,48.880001068115234,49.41999816894531,258000
2023-01-06,51.0,51.54999923706055,49.93000030517578,50.220001220703125,342400
2023-01-09,49.7400016784668,51.0,49.7400016784668,50.61000061035156,212800
2023-01-10,49.47999954223633,49.7400016784668,48.810001373291016,49.72999954223633,346100
2023-01-11,49.31999969482422,50.22999954223633,49.06999969482422,49.720001220703125,419300
2023-01-12,49.22999954223633,50.13999938964844,48.90999984741211,49.72999954223633,298400
2023-01-13,49.59000015258789,49.810001373291016,49.220001220703125,49.459999084472656,217200
2023-01-17,49.75,50.63999938964844,49.599998474121094,49.650001525878906,306100
2023-01-18,47.97999954223633,50.06999969482422,47.459999084472656,50.0,299200
2023-01-19,46.40999984741211,47.939998626708984,46.36000061035156,47.56999969482422,289200
2023-01-20,46.70000076293945,46.709999084472656,45.7599983215332,46.560001373291016,335700
2023-01-23,46.31999969482422,46.939998626708984,45.90999984741211,46.70000076293945,279600
2023-01-24,47.2599983215332,47.52000045776367,45.97999954223633,46.0099983215332,380200
2023-01-25,47.560001373291016,47.88999938964844,46.77000045776367,47.209999084472656,228400
2023-01-26,47.540000915527344,47.91999816894531,46.58000183105469,47.56999969482422,226500
2023-01-27,47.709999084472656,47.90999984741211,47.29999923706055,47.45000076293945,166400
2023-01-30,47.470001220703125,48.439998626708984,47.38999938964844,47.56999969482422,184600
2023-01-31,48.43000030517578,48.459999084472656,47.540000915527344,47.790000915527344,242000
2023-02-01,47.88999938964844,49.560001373291016,47.779998779296875,48.369998931884766,398400
2023-02-02,47.189998626708984,47.70000076293945,46.36000061035156,47.29999923706055,416700
2023-02-03,47.349998474121094,47.58000183105469,46.900001525878906,47.119998931884766,308800
2023-02-06,48.349998474121094,48.40999984741211,47.25,47.25,256900
2023-02-07,48.130001068115234,48.38999938964844,47.290000915527344,48.029998779296875,342500
2023-02-08,48.099998474121094,48.29999923706055,47.400001525878906,47.400001525878906,195700
2023-02-09,47.63999938964844,48.4900016784668,47.099998474121094,48.459999084472656,297500
2023-02-10,48.33000183105469,48.619998931884766,47.63999938964844,47.720001220703125,346900
2023-02-13,48.349998474121094,48.619998931884766,43.470001220703125,46.58000183105469,1598100
2023-02-14,47.650001525878906,48.97999954223633,47.0,48.560001373291016,514500
2023-02-15,48.0,48.119998931884766,46.95000076293945,47.189998626708984,336300
2023-02-16,48.5,48.540000915527344,47.150001525878906,47.650001525878906,205600
2023-02-17,48.810001373291016,50.0,48.34000015258789,48.81999969482422,274400
2023-02-21,49.900001525878906,50.34000015258789,48.5099983215332,48.61000061035156,389300
2023-02-22,49.58000183105469,50.79999923706055,49.58000183105469,50.25,458000
2023-02-23,48.849998474121094,49.970001220703125,48.540000915527344,49.349998474121094,267100
2023-02-24,48.83000183105469,49.130001068115234,48.349998474121094,48.66999816894531,229500
2023-02-27,49.25,49.56999969482422,49.0099983215332,49.150001525878906,257600
2023-02-28,48.790000915527344,49.630001068115234,48.709999084472656,49.040000915527344,259900
2023-03-01,48.599998474121094,48.84000015258789,47.470001220703125,48.560001373291016,347500
2023-03-02,49.34000015258789,49.689998626708984,48.4900016784668,48.5099983215332,266000
2023-03-03,49.54999923706055,49.869998931884766,48.59000015258789,49.459999084472656,231400
2023-03-06,48.40999984741211,49.81999969482422,47.70000076293945,49.380001068115234,430000
2023-03-07,48.189998626708984,49.0,47.810001373291016,48.560001373291016,198600
2023-03-08,48.900001525878906,48.90999984741211,47.779998779296875,48.209999084472656,322200
2023-03-09,46.79999923706055,49.29999923706055,46.290000915527344,49.060001373291016,486300
2023-03-10,46.86000061035156,47.369998931884766,46.45000076293945,46.72999954223633,281300
2023-03-13,47.22999954223633,47.93000030517578,46.349998474121094,46.560001373291016,337500
2023-03-14,47.400001525878906,47.95000076293945,47.189998626708984,47.869998931884766,285700
2023-03-15,47.2599983215332,47.56999969482422,46.540000915527344,46.869998931884766,408900
2023-03-16,47.2599983215332,47.41999816894531,46.36000061035156,46.900001525878906,235000
2023-03-17,45.650001525878906,47.220001220703125,45.29999923706055,47.220001220703125,886200
2023-03-20,48.380001068115234,49.279998779296875,46.529998779296875,46.79999923706055,493400
2023-03-21,48.0,49.11000061035156,47.650001525878906,48.86000061035156,341500
2023-03-22,47.45000076293945,48.66999816894531,47.36000061035156,48.16999816894531,296700
2023-03-23,47.5099983215332,48.11000061035156,47.119998931884766,47.470001220703125,244000
2023-03-24,48.86000061035156,49.040000915527344,47.09000015258789,47.63999938964844,271100
2023-03-27,49.4900016784668,49.900001525878906,49.11000061035156,49.29999923706055,232100
2023-03-28,49.4900016784668,50.25,49.4900016784668,49.58000183105469,333300
2023-03-29,49.79999923706055,50.779998779296875,49.619998931884766,49.79999923706055,291200
2023-03-30,49.869998931884766,50.040000915527344,48.970001220703125,49.720001220703125,262300
2023-03-31,50.43000030517578,50.7400016784668,49.41999816894531,49.41999816894531,414600
2023-04-03,50.84000015258789,50.959999084472656,49.93000030517578,50.45000076293945,285500
2023-04-04,50.970001220703125,51.29999923706055,50.130001068115234,50.75,319700
2023-04-05,51.689998626708984,51.970001220703125,51.13999938964844,51.13999938964844,304100
2023-04-06,51.7400016784668,52.290000915527344,51.4900016784668,52.08000183105469,187100
2023-04-10,51.939998626708984,52.369998931884766,51.52000045776367,51.720001220703125,291700
2023-04-11,51.95000076293945,52.47999954223633,51.869998931884766,51.970001220703125,185700
2023-04-12,51.75,52.040000915527344,51.349998474121094,51.81999969482422,181200
2023-04-13,51.650001525878906,51.959999084472656,51.47999954223633,51.70000076293945,167000
2023-04-14,51.08000183105469,51.58000183105469,50.529998779296875,51.380001068115234,250100
2023-04-17,51.20000076293945,51.5099983215332,50.84000015258789,51.27000045776367,246300
2023-04-18,51.81999969482422,51.959999084472656,51.09000015258789,51.27000045776367,313200
2023-04-19,52.0,52.40999984741211,51.619998931884766,52.40999984741211,299900
2023-04-20,52.5099983215332,52.529998779296875,51.779998779296875,51.939998626708984,251100
2023-04-21,52.220001220703125,53.150001525878906,52.13999938964844,52.939998626708984,265000
2023-04-24,52.0,52.709999084472656,51.68000030517578,52.060001373291016,208800
2023-04-25,52.279998779296875,52.560001373291016,51.66999816894531,51.68000030517578,278600
2023-04-26,52.290000915527344,52.54999923706055,51.54999923706055,51.88999938964844,246700
2023-04-27,52.810001373291016,52.91999816894531,52.099998474121094,52.5,293700
2023-04-28,53.25,53.81999969482422,52.91999816894531,52.91999816894531,402100
2023-05-01,54.09000015258789,54.22999954223633,53.220001220703125,53.220001220703125,342900
2023-05-02,53.119998931884766,54.130001068115234,52.560001373291016,53.9900016784668,569400
2023-05-03,53.90999984741211,54.58000183105469,53.11000061035156,53.189998626708984,458500
2023-05-04,53.72999954223633,54.150001525878906,53.36000061035156,53.63999938964844,244600
2023-05-05,54.2599983215332,54.5099983215332,53.630001068115234,53.7599983215332,460500
2023-05-08,53.689998626708984,55.29999923706055,52.029998779296875,52.43000030517578,354100
2023-05-09,53.47999954223633,54.09000015258789,53.0,53.9900016784668,405400
2023-05-10,53.040000915527344,53.65999984741211,52.650001525878906,53.61000061035156,355700
2023-05-11,52.65999984741211,52.970001220703125,52.25,52.90999984741211,234000
2023-05-12,52.060001373291016,53.0099983215332,51.31999969482422,52.7599983215332,324400
2023-05-15,51.5,52.54999923706055,51.36000061035156,52.2599983215332,293300
2023-05-16,51.2400016784668,51.72999954223633,51.09000015258789,51.560001373291016,205200
2023-05-17,51.90999984741211,52.060001373291016,50.63999938964844,51.33000183105469,336400
2023-05-18,51.119998931884766,51.77000045776367,50.70000076293945,51.58000183105469,237900
2023-05-19,50.77000045776367,51.599998474121094,50.310001373291016,51.2400016784668,193300
2023-05-22,49.20000076293945,50.77000045776367,48.939998626708984,50.77000045776367,421200
2023-05-23,49.369998931884766,50.150001525878906,49.150001525878906,49.22999954223633,314400
2023-05-24,48.959999084472656,49.849998474121094,48.90999984741211,49.4900016784668,272700
2023-05-25,48.58000183105469,49.09000015258789,48.369998931884766,48.65999984741211,196300
2023-05-26,48.599998474121094,48.869998931884766,48.06999969482422,48.5,232100
2023-05-30,47.11000061035156,48.59000015258789,47.06999969482422,48.369998931884766,316300
2023-05-31,47.349998474121094,48.09000015258789,46.709999084472656,47.369998931884766,597900
2023-06-01,46.900001525878906,47.41999816894531,46.5,47.369998931884766,349000
2023-06-02,48.810001373291016,48.880001068115234,46.97999954223633,47.22999954223633,333600
2023-06-05,47.56999969482422,48.5099983215332,47.290000915527344,48.40999984741211,416900
2023-06-06,47.470001220703125,48.029998779296875,47.11000061035156,47.810001373291016,300600
2023-06-07,48.61000061035156,48.650001525878906,46.79999923706055,47.16999816894531,351600
2023-06-08,48.97999954223633,48.9900016784668,48.29999923706055,48.369998931884766,324300
2023-06-09,49.84000015258789,50.0,48.720001220703125,48.93000030517578,386600
2023-06-12,51.20000076293945,51.540000915527344,50.38999938964844,50.709999084472656,731400
2023-06-13,52.84000015258789,53.540000915527344,51.400001525878906,52.68000030517578,803800
2023-06-14,52.77000045776367,54.52000045776367,52.630001068115234,53.959999084472656,515400
2023-06-15,52.29999923706055,52.959999084472656,51.459999084472656,52.959999084472656,477400
2023-06-16,52.2599983215332,52.810001373291016,51.90999984741211,52.790000915527344,884800
2023-06-20,52.29999923706055,53.11000061035156,52.15999984741211,52.470001220703125,354200
2023-06-21,52.75,53.279998779296875,51.779998779296875,52.33000183105469,382300
2023-06-22,52.689998626708984,53.11000061035156,52.18000030517578,53.0,297400
2023-06-23,51.86000061035156,53.209999084472656,51.599998474121094,52.619998931884766,801500
2023-06-26,51.150001525878906,52.11000061035156,51.150001525878906,51.779998779296875,206600
2023-06-27,50.34000015258789,51.09000015258789,50.0,50.790000915527344,372500
2023-06-28,50.79999923706055,51.209999084472656,49.65999984741211,50.0,479200
2023-06-29,51.0099983215332,51.41999816894531,50.599998474121094,50.619998931884766,341100
2023-06-30,50.380001068115234,51.36000061035156,50.29999923706055,51.36000061035156,290800
2023-07-03,50.7400016784668,51.189998626708984,50.040000915527344,50.130001068115234,154200
2023-07-05,50.189998626708984,50.72999954223633,50.099998474121094,50.4900016784668,287400
2023-07-06,49.599998474121094,50.08000183105469,49.209999084472656,50.0,267700
2023-07-07,50.220001220703125,50.40999984741211,49.5,49.79999923706055,253500
2023-07-10,49.9900016784668,50.63999938964844,49.88999938964844,50.060001373291016,174400
2023-07-11,49.630001068115234,50.25,49.369998931884766,50.130001068115234,187400
2023-07-12,51.150001525878906,51.209999084472656,49.459999084472656,49.58000183105469,321800
2023-07-13,50.790000915527344,51.54999923706055,50.709999084472656,51.220001220703125,319800
2023-07-14,50.43000030517578,51.040000915527344,50.2400016784668,50.83000183105469,162600
2023-07-17,49.90999984741211,50.83000183105469,49.880001068115234,50.25,200500
2023-07-18,50.16999816894531,50.869998931884766,49.88999938964844,49.88999938964844,175600
2023-07-19,50.540000915527344,50.939998626708984,49.81999969482422,50.41999816894531,238500
2023-07-20,52.25,52.380001068115234,50.65999984741211,51.0,367600
2023-07-21,52.029998779296875,52.689998626708984,51.88999938964844,52.29999923706055,269700
2023-07-24,51.970001220703125,52.61000061035156,51.900001525878906,52.119998931884766,241400
2023-07-25,52.06999969482422,52.5099983215332,51.54999923706055,51.900001525878906,245900
2023-07-26,52.31999969482422,52.650001525878906,51.7599983215332,51.790000915527344,217200
2023-07-27,51.68000030517578,52.75,51.47999954223633,52.43000030517578,277800
2023-07-28,51.310001373291016,52.189998626708984,51.060001373291016,51.75,204800
2023-07-31,51.61000061035156,51.779998779296875,51.209999084472656,51.2400016784668,230900
2023-08-01,51.540000915527344,52.220001220703125,51.16999816894531,51.709999084472656,179700
2023-08-02,52.15999984741211,52.790000915527344,51.45000076293945,51.45000076293945,202600
2023-08-03,51.959999084472656,52.790000915527344,51.880001068115234,52.15999984741211,265600
2023-08-04,52.029998779296875,52.84000015258789,51.86000061035156,51.86000061035156,277900
2023-08-07,50.040000915527344,53.0,49.599998474121094,51.77000045776367,444000
2023-08-08,46.86000061035156,49.4900016784668,45.689998626708984,49.06999969482422,861100
2023-08-09,45.56999969482422,46.77000045776367,45.11000061035156,46.77000045776367,739800
2023-08-10,45.43000030517578,46.41999816894531,45.349998474121094,45.810001373291016,507900
2023-08-11,47.400001525878906,47.40999984741211,46.45000076293945,46.970001220703125,433300
2023-08-14,47.68000030517578,47.95000076293945,47.0099983215332,47.41999816894531,520800
2023-08-15,46.869998931884766,47.7400016784668,46.810001373291016,47.349998474121094,375400
2023-08-16,46.93000030517578,47.90999984741211,46.79999923706055,46.97999954223633,412100
2023-08-17,46.470001220703125,47.38999938964844,46.31999969482422,46.939998626708984,363000
2023-08-18,47.5,47.7400016784668,46.29999923706055,46.47999954223633,466600
2023-08-21,45.630001068115234,47.45000076293945,45.38999938964844,47.150001525878906,400100
2023-08-22,44.7400016784668,45.7400016784668,44.4900016784668,45.2599983215332,378600
2023-08-23,44.2599983215332,44.900001525878906,43.79999923706055,44.66999816894531,353700
2023-08-24,44.529998779296875,45.040000915527344,44.27000045776367,44.52000045776367,255100
2023-08-25,45.2400016784668,45.58000183105469,44.0,44.58000183105469,303900
2023-08-28,45.349998474121094,46.2599983215332,45.130001068115234,45.380001068115234,393700
2023-08-29,46.380001068115234,46.400001525878906,45.099998474121094,45.40999984741211,587900
2023-08-30,46.650001525878906,47.099998474121094,46.4900016784668,46.4900016784668,393100
2023-08-31,46.52000045776367,47.0099983215332,46.43000030517578,46.5,416300
2023-09-01,45.29999923706055,47.06999969482422,45.220001220703125,46.84000015258789,327000
2023-09-05,43.38999938964844,45.040000915527344,43.02000045776367,44.7599983215332,440000
2023-09-06,44.790000915527344,44.79999923706055,43.630001068115234,43.90999984741211,464300
2023-09-07,44.29999923706055,45.09000015258789,44.279998779296875,45.029998779296875,326400
2023-09-08,45.41999816894531,45.5,44.59000015258789,45.5,360400
2023-09-11,46.95000076293945,47.29999923706055,45.16999816894531,45.209999084472656,480800
2023-09-12,46.400001525878906,47.0,46.0,47.0,379500
2023-09-13,47.02000045776367,47.06999969482422,45.7400016784668,45.959999084472656,515700
2023-09-14,47.81999969482422,48.09000015258789,47.0099983215332,47.15999984741211,439600
2023-09-15,47.689998626708984,48.4900016784668,47.099998474121094,47.7400016784668,1037900
2023-09-18,47.790000915527344,47.959999084472656,47.189998626708984,47.959999084472656,403600
2023-09-19,46.529998779296875,48.04999923706055,46.34000015258789,47.779998779296875,579500
2023-09-20,45.849998474121094,47.11000061035156,45.779998779296875,46.83000183105469,456000
2023-09-21,46.060001373291016,46.439998626708984,45.11000061035156,45.56999969482422,330900
2023-09-22,45.33000183105469,46.27000045776367,45.290000915527344,45.939998626708984,223400
2023-09-25,44.650001525878906,45.189998626708984,44.5099983215332,44.95000076293945,220200
2023-09-26,43.810001373291016,44.52000045776367,43.790000915527344,44.2599983215332,262900
2023-09-27,43.290000915527344,44.15999984741211,42.959999084472656,43.810001373291016,217600
2023-09-28,43.68000030517578,43.86000061035156,43.290000915527344,43.47999954223633,305400
2023-09-29,43.58000183105469,44.27000045776367,43.38999938964844,43.720001220703125,328000
2023-10-02,43.279998779296875,43.52000045776367,42.63999938964844,43.52000045776367,271200
2023-10-03,43.099998474121094,43.27000045776367,42.79999923706055,42.91999816894531,294100
2023-10-04,43.529998779296875,43.56999969482422,42.68000030517578,43.099998474121094,260700
2023-10-05,41.79999923706055,43.84000015258789,41.689998626708984,43.529998779296875,297500
2023-10-06,40.86000061035156,41.65999984741211,40.66999816894531,41.5099983215332,489500
2023-10-09,41.54999923706055,41.810001373291016,40.61000061035156,40.689998626708984,271100
2023-10-10,42.04999923706055,42.439998626708984,41.7400016784668,41.7400016784668,201400
2023-10-11,41.380001068115234,42.27000045776367,41.310001373291016,42.060001373291016,181100
2023-10-12,38.779998779296875,41.09000015258789,38.18000030517578,41.09000015258789,614000
2023-10-13,40.279998779296875,40.5099983215332,38.5099983215332,38.7599983215332,423500
2023-10-16,41.0,41.349998474121094,40.029998779296875,40.56999969482422,305500
2023-10-17,41.619998931884766,41.72999954223633,40.95000076293945,40.95000076293945,317100
2023-10-18,41.630001068115234,42.08000183105469,41.18000030517578,41.7400016784668,252500
2023-10-19,40.560001373291016,41.70000076293945,40.47999954223633,41.650001525878906,370500
2023-10-20,40.709999084472656,41.13999938964844,40.630001068115234,40.7599983215332,329200
2023-10-23,40.09000015258789,40.959999084472656,40.060001373291016,40.560001373291016,231400
2023-10-24,40.83000183105469,40.869998931884766,40.29999923706055,40.540000915527344,193500
2023-10-25,41.65999984741211,41.939998626708984,40.439998626708984,40.790000915527344,228600
2023-10-26,41.68000030517578,42.11000061035156,41.40999984741211,41.88999938964844,196800
2023-10-27,41.470001220703125,42.0,41.060001373291016,41.709999084472656,234700
2023-10-30,41.65999984741211,41.9900016784668,41.619998931884766,41.81999969482422,176300
2023-10-31,41.689998626708984,42.04999923706055,41.470001220703125,41.77000045776367,240400
2023-11-01,41.529998779296875,41.91999816894531,41.060001373291016,41.709999084472656,303500
2023-11-02,42.189998626708984,42.47999954223633,41.529998779296875,41.75,254900
2023-11-03,42.5,42.970001220703125,42.150001525878906,42.88999938964844,433400
2023-11-06,38.119998931884766,40.06999969482422,36.11000061035156,40.04999923706055,1533500
2023-11-07,38.65999984741211,38.97999954223633,37.47999954223633,37.72999954223633,674700
2023-11-08,39.220001220703125,39.2599983215332,38.27000045776367,38.83000183105469,400000
2023-11-09,39.90999984741211,40.06999969482422,38.93000030517578,39.369998931884766,545300
2023-11-10,38.779998779296875,39.81999969482422,38.66999816894531,39.81999969482422,496100
2023-11-13,39.369998931884766,39.52000045776367,38.439998626708984,38.439998626708984,494200
2023-11-14,40.27000045776367,40.560001373291016,39.75,40.040000915527344,930800
2023-11-15,40.5,40.88999938964844,40.209999084472656,40.209999084472656,814500
2023-11-16,40.22999954223633,40.56999969482422,40.16999816894531,40.349998474121094,391300
2023-11-17,39.810001373291016,40.619998931884766,39.79999923706055,40.4900016784668,563400
2023-11-20,40.77000045776367,40.84000015258789,39.810001373291016,39.810001373291016,412000
2023-11-21,40.599998474121094,41.02000045776367,40.4900016784668,40.810001373291016,289300
2023-11-22,41.36000061035156,41.41999816894531,40.79999923706055,41.11000061035156,184500
2023-11-24,41.25,41.779998779296875,41.060001373291016,41.29999923706055,100900
2023-11-27,40.560001373291016,41.220001220703125,40.540000915527344,41.220001220703125,206300
2023-11-28,40.060001373291016,40.5,40.04999923706055,40.43000030517578,438200
2023-11-29,39.849998474121094,40.310001373291016,39.84000015258789,40.08000183105469,371400
2023-11-30,40.709999084472656,40.7400016784668,39.689998626708984,39.970001220703125,428800
2023-12-01,41.150001525878906,41.209999084472656,40.56999969482422,40.70000076293945,545200
2023-12-04,41.959999084472656,42.11000061035156,40.9900016784668,40.9900016784668,265600
2023-12-05,41.33000183105469,42.33000183105469,41.25,42.099998474121094,339600
2023-12-06,41.279998779296875,41.880001068115234,41.2400016784668,41.290000915527344,318600
2023-12-07,41.959999084472656,41.9900016784668,40.90999984741211,41.36000061035156,294100
2023-12-08,41.66999816894531,41.970001220703125,41.36000061035156,41.970001220703125,339800
2023-12-11,41.95000076293945,41.970001220703125,41.290000915527344,41.790000915527344,353800
2023-12-12,41.59000015258789,41.88999938964844,41.380001068115234,41.88999938964844,407200
2023-12-13,42.91999816894531,43.150001525878906,41.220001220703125,41.56999969482422,477700
2023-12-14,42.36000061035156,43.40999984741211,42.25,42.93000030517578,523900
2023-12-15,41.189998626708984,42.34000015258789,41.13999938964844,42.29999923706055,1390000
2023-12-18,41.38999938964844,41.52000045776367,40.849998474121094,41.41999816894531,416200
2023-12-19,41.47999954223633,42.36000061035156,41.06999969482422,41.560001373291016,583800
2023-12-20,39.95000076293945,41.470001220703125,39.900001525878906,41.130001068115234,570700
2023-12-21,40.310001373291016,40.400001525878906,39.65999984741211,40.27000045776367,451300
2023-12-22,40.47999954223633,40.959999084472656,40.2400016784668,40.349998474121094,343900
2023-12-26,40.59000015258789,40.970001220703125,40.130001068115234,40.47999954223633,320100
2023-12-27,40.77000045776367,41.0,40.54999923706055,40.709999084472656,337600
2023-12-28,41.380001068115234,41.400001525878906,40.650001525878906,40.650001525878906,308600
2023-12-29,41.45000076293945,41.7599983215332,40.91999816894531,41.290000915527344,285300
2024-01-02,42.33000183105469,42.86000061035156,41.04999923706055,41.150001525878906,1081300
2024-01-03,41.060001373291016,42.709999084472656,41.0099983215332,42.709999084472656,402400
2024-01-04,40.95000076293945,41.560001373291016,40.7400016784668,41.20000076293945,519000
2024-01-05,40.779998779296875,41.630001068115234,40.61000061035156,40.81999969482422,472200
2024-01-08,40.97999954223633,41.349998474121094,40.4900016784668,40.83000183105469,785700
2024-01-09,41.52000045776367,41.540000915527344,40.33000183105469,40.619998931884766,570500
2024-01-10,41.439998626708984,41.47999954223633,40.650001525878906,41.400001525878906,357500
2024-01-11,41.150001525878906,41.52000045776367,40.86000061035156,41.279998779296875,295600
2024-01-12,41.54999923706055,41.7400016784668,40.9900016784668,41.540000915527344,249100
2024-01-16,41.220001220703125,41.68000030517578,40.81999969482422,41.54999923706055,501800
2024-01-17,41.060001373291016,41.52000045776367,40.790000915527344,40.83000183105469,247200
2024-01-18,41.029998779296875,41.08000183105469,40.400001525878906,40.90999984741211,281000
2024-01-19,40.93000030517578,41.220001220703125,40.31999969482422,41.119998931884766,345800
2024-01-22,41.5,41.5099983215332,40.75,40.91999816894531,305800
2024-01-23,41.880001068115234,42.150001525878906,41.5,42.08000183105469,340700
2024-01-24,41.84000015258789,42.20000076293945,41.56999969482422,42.11000061035156,318200
2024-01-25,42.25,42.86000061035156,42.0,42.380001068115234,453400
2024-01-26,42.0,42.540000915527344,41.880001068115234,42.5,477100
2024-01-29,42.5099983215332,42.63999938964844,41.84000015258789,42.189998626708984,664000
2024-01-30,42.459999084472656,42.560001373291016,42.029998779296875,42.34000015258789,345200
2024-01-31,42.099998474121094,42.95000076293945,42.040000915527344,42.439998626708984,434400
2024-02-01,42.900001525878906,42.90999984741211,42.0099983215332,42.16999816894531,421600
2024-02-02,43.29999923706055,43.59000015258789,42.70000076293945,42.70000076293945,359800
2024-02-05,42.52000045776367,43.099998474121094,42.349998474121094,42.97999954223633,407600
2024-02-06,42.86000061035156,43.150001525878906,42.45000076293945,42.45000076293945,330100
2024-02-07,42.18000030517578,43.11000061035156,41.970001220703125,43.029998779296875,346100
2024-02-08,43.099998474121094,43.22999954223633,42.31999969482422,42.380001068115234,438400
2024-02-09,42.86000061035156,43.16999816894531,42.599998474121094,42.90999984741211,363500
2024-02-12,43.4900016784668,43.630001068115234,42.650001525878906,42.849998474121094,409100
2024-02-13,41.86000061035156,43.5099983215332,41.81999969482422,43.02000045776367,509200
2024-02-14,41.810001373291016,41.970001220703125,41.09000015258789,41.970001220703125,338000
2024-02-15,42.7400016784668,42.90999984741211,41.95000076293945,41.95000076293945,449400
2024-02-16,36.119998931884766,39.18000030517578,35.900001525878906,38.0,2370200
2024-02-20,36.650001525878906,36.689998626708984,35.0099983215332,35.47999954223633,1176600
2024-02-21,36.7400016784668,37.15999984741211,36.34000015258789,36.7599983215332,919600
2024-02-22,36.65999984741211,36.77000045776367,35.2599983215332,36.08000183105469,797300
2024-02-23,36.709999084472656,36.91999816894531,36.36000061035156,36.56999969482422,558000
2024-02-26,36.279998779296875,37.220001220703125,36.2599983215332,36.650001525878906,445600
2024-02-27,35.880001068115234,36.369998931884766,35.560001373291016,36.22999954223633,441800
2024-02-28,36.2599983215332,36.529998779296875,35.869998931884766,35.869998931884766,606000
2024-02-29,35.790000915527344,36.65999984741211,35.34000015258789,36.599998474121094,794500
2024-03-01,35.38999938964844,35.790000915527344,35.060001373291016,35.790000915527344,412800
2024-03-04,35.47999954223633,35.779998779296875,34.7599983215332,35.20000076293945,667800
2024-03-05,35.810001373291016,36.15999984741211,35.31999969482422,35.52000045776367,673400
2024-03-06,35.970001220703125,36.25,35.540000915527344,35.97999954223633,542400
2024-03-07,35.84000015258789,36.369998931884766,35.54999923706055,36.25,465200
2024-03-08,36.619998931884766,36.630001068115234,35.77000045776367,35.91999816894531,510600
2024-03-11,37.25,37.599998474121094,36.54999923706055,36.54999923706055,875600
2024-03-12,37.9900016784668,38.130001068115234,37.0099983215332,37.209999084472656,621400
2024-03-13,36.959999084472656,38.13999938964844,36.470001220703125,38.040000915527344,802800
2024-03-14,36.9900016784668,37.04999923706055,36.45000076293945,36.75,544400
2024-03-15,36.7400016784668,37.52000045776367,36.63999938964844,36.90999984741211,1158600
2024-03-18,36.93000030517578,37.33000183105469,36.380001068115234,36.560001373291016,369000
2024-03-19,37.77000045776367,37.880001068115234,36.81999969482422,36.900001525878906,481800
2024-03-20,38.0,38.27000045776367,37.52000045776367,37.779998779296875,860000
2024-03-21,38.40999984741211,38.540000915527344,37.93000030517578,37.93000030517578,439900
2024-03-22,38.09000015258789,38.849998474121094,38.06999969482422,38.599998474121094,381600
2024-03-25,38.86000061035156,38.9900016784668,38.16999816894531,38.16999816894531,385800
2024-03-26,38.9900016784668,39.38999938964844,38.709999084472656,39.0099983215332,773600
2024-03-27,39.15999984741211,39.2599983215332,38.83000183105469,39.16999816894531,559600
2024-03-28,38.95000076293945,39.529998779296875,38.91999816894531,39.27000045776367,387700
2024-04-01,38.70000076293945,39.0,38.220001220703125,39.0,302300
2024-04-02,37.709999084472656,38.65999984741211,37.63999938964844,38.65999984741211,588200
2024-04-03,37.0,37.560001373291016,36.66999816894531,37.560001373291016,442200
2024-04-04,37.34000015258789,38.16999816894531,37.150001525878906,37.22999954223633,780900
2024-04-05,37.47999954223633,37.650001525878906,36.93000030517578,37.189998626708984,628800
2024-04-08,37.380001068115234,37.84000015258789,37.040000915527344,37.61000061035156,432400
2024-04-09,37.52000045776367,37.68000030517578,37.27000045776367,37.400001525878906,551000
2024-04-10,37.02000045776367,37.099998474121094,36.380001068115234,36.95000076293945,414500
2024-04-11,37.060001373291016,37.220001220703125,36.65999984741211,37.15999984741211,497800
2024-04-12,36.31999969482422,37.08000183105469,36.18000030517578,36.97999954223633,362800
2024-04-15,36.310001373291016,36.63999938964844,35.9900016784668,36.400001525878906,370200
2024-04-16,35.95000076293945,36.40999984741211,35.900001525878906,36.33000183105469,438800
2024-04-17,35.720001220703125,36.31999969482422,35.720001220703125,36.22999954223633,304100
2024-04-18,36.630001068115234,36.66999816894531,35.59000015258789,35.75,345000
2024-04-19,36.7400016784668,37.0,36.65999984741211,36.65999984741211,431000
2024-04-22,36.66999816894531,37.029998779296875,36.45000076293945,36.880001068115234,431500
2024-04-23,36.689998626708984,37.0099983215332,36.439998626708984,36.619998931884766,324700
2024-04-24,36.75,36.83000183105469,36.2400016784668,36.34000015258789,492200
2024-04-25,35.900001525878906,37.04999923706055,35.869998931884766,36.709999084472656,435900
2024-04-26,35.84000015258789,36.18000030517578,35.7599983215332,35.7599983215332,345100
2024-04-29,37.220001220703125,37.27000045776367,35.91999816894531,36.0,476500
2024-04-30,37.54999923706055,37.77000045776367,37.060001373291016,37.18000030517578,406500
2024-05-01,37.91999816894531,38.310001373291016,37.09000015258789,37.33000183105469,394900
2024-05-02,37.630001068115234,38.66999816894531,37.540000915527344,38.22999954223633,621100
2024-05-03,37.2599983215332,38.150001525878906,37.25,37.900001525878906,469900
2024-05-06,34.58000183105469,36.7400016784668,33.279998779296875,36.630001068115234,1426600
2024-05-07,35.5099983215332,36.02000045776367,34.61000061035156,34.72999954223633,992900
2024-05-08,34.79999923706055,35.59000015258789,34.779998779296875,35.5099983215332,421100
2024-05-09,35.349998474121094,35.36000061035156,34.45000076293945,34.79999923706055,488800
2024-05-10,34.63999938964844,35.689998626708984,34.380001068115234,35.279998779296875,541100
2024-05-13,34.959999084472656,35.22999954223633,34.720001220703125,34.720001220703125,433800
2024-05-14,35.470001220703125,35.70000076293945,34.9900016784668,35.27000045776367,584300
2024-05-15,34.689998626708984,35.790000915527344,34.65999984741211,35.720001220703125,516800
2024-05-16,35.41999816894531,35.43000030517578,34.79999923706055,34.79999923706055,345300
2024-05-17,35.349998474121094,35.619998931884766,35.060001373291016,35.529998779296875,386400
2024-05-20,35.54999923706055,35.720001220703125,35.13999938964844,35.279998779296875,459700
2024-05-21,35.209999084472656,35.709999084472656,35.04999923706055,35.709999084472656,310500
2024-05-22,35.29999923706055,35.40999984741211,34.88999938964844,35.04999923706055,280500
2024-05-23,35.11000061035156,35.209999084472656,34.81999969482422,35.18000030517578,385900
2024-05-24,35.20000076293945,35.22999954223633,34.93000030517578,35.22999954223633,337700
2024-05-28,35.18000030517578,35.31999969482422,34.93000030517578,35.16999816894531,506400
2024-05-29,35.060001373291016,35.20000076293945,34.77000045776367,34.88999938964844,672000
2024-05-30,35.290000915527344,35.59000015258789,34.9900016784668,35.16999816894531,379000
2024-05-31,36.310001373291016,36.470001220703125,35.38999938964844,35.43000030517578,659600
2024-06-03,37.18000030517578,37.380001068115234,36.31999969482422,36.52000045776367,439800
2024-06-04,37.0,37.20000076293945,36.61000061035156,37.15999984741211,330200
2024-06-05,36.90999984741211,37.11000061035156,36.560001373291016,36.970001220703125,303800
2024-06-06,36.41999816894531,36.68000030517578,36.16999816894531,36.58000183105469,239900
2024-06-07,36.2400016784668,36.45000076293945,36.029998779296875,36.11000061035156,256400
2024-06-10,35.369998931884766,35.81999969482422,35.029998779296875,35.81999969482422,387400
2024-06-11,35.63999938964844,35.66999816894531,34.959999084472656,35.22999954223633,337700
2024-06-12,35.52000045776367,36.099998474121094,35.29999923706055,36.099998474121094,351700
2024-06-13,35.33000183105469,35.47999954223633,34.95000076293945,35.310001373291016,291900
2024-06-14,35.279998779296875,35.400001525878906,34.880001068115234,35.150001525878906,296600
2024-06-17,35.95000076293945,36.09000015258789,35.130001068115234,35.16999816894531,287400
2024-06-18,35.7599983215332,36.18000030517578,35.4900016784668,35.970001220703125,328000
2024-06-20,36.189998626708984,36.36000061035156,35.5,35.5,496600
2024-06-21,36.470001220703125,37.56999969482422,36.20000076293945,36.20000076293945,1629600
2024-06-24,37.439998626708984,37.58000183105469,36.41999816894531,36.41999816894531,363300
2024-06-25,36.7599983215332,37.20000076293945,36.4900016784668,37.15999984741211,462800
2024-06-26,36.66999816894531,36.810001373291016,36.08000183105469,36.209999084472656,497700
2024-06-27,36.439998626708984,36.880001068115234,35.88999938964844,36.880001068115234,504700
2024-06-28,36.63999938964844,36.65999984741211,36.08000183105469,36.540000915527344,967400
2024-07-01,36.279998779296875,36.779998779296875,36.20000076293945,36.709999084472656,721200
2024-07-02,37.11000061035156,37.290000915527344,36.40999984741211,36.59000015258789,303900
2024-07-03,36.970001220703125,37.349998474121094,36.810001373291016,37.349998474121094,226800
2024-07-05,38.189998626708984,38.869998931884766,36.790000915527344,36.93000030517578,594000
2024-07-08,37.459999084472656,38.720001220703125,37.45000076293945,38.34000015258789,495500
2024-07-09,36.310001373291016,37.310001373291016,36.290000915527344,37.310001373291016,332400
2024-07-10,36.150001525878906,36.54999923706055,36.130001068115234,36.380001068115234,260800
2024-07-11,37.52000045776367,37.68000030517578,36.119998931884766,36.31999969482422,298900
2024-07-12,37.47999954223633,38.150001525878906,37.380001068115234,38.029998779296875,284200
2024-07-15,37.790000915527344,37.849998474121094,37.20000076293945,37.7599983215332,658200
2024-07-16,38.18000030517578,38.560001373291016,37.959999084472656,37.970001220703125,351300
2024-07-17,39.790000915527344,39.90999984741211,38.04999923706055,38.189998626708984,758700
2024-07-18,38.380001068115234,39.95000076293945,38.34000015258789,39.41999816894531,390100
2024-07-19,37.86000061035156,38.40999984741211,37.560001373291016,38.38999938964844,410800
2024-07-22,37.900001525878906,38.150001525878906,37.33000183105469,38.130001068115234,338000
2024-07-23,38.56999969482422,38.709999084472656,37.790000915527344,38.04999923706055,547500
2024-07-24,38.06999969482422,38.70000076293945,37.689998626708984,38.349998474121094,391700
2024-07-25,38.52000045776367,39.33000183105469,37.97999954223633,38.33000183105469,470500
2024-07-26,38.7400016784668,39.040000915527344,38.27000045776367,38.88999938964844,366200
2024-07-29,38.38999938964844,38.75,38.13999938964844,38.70000076293945,286900
2024-07-30,39.33000183105469,39.459999084472656,38.13999938964844,38.20000076293945,473500
2024-07-31,40.279998779296875,41.0,38.93000030517578,39.61000061035156,421800
2024-08-01,39.349998474121094,40.56999969482422,38.880001068115234,40.279998779296875,762600
2024-08-02,39.310001373291016,39.91999816894531,38.619998931884766,38.83000183105469,492400
2024-08-05,38.33000183105469,40.52000045776367,36.88999938964844,40.25,979100
2024-08-06,37.290000915527344,38.5,36.939998626708984,38.5,898600
2024-08-07,38.31999969482422,38.790000915527344,37.20000076293945,37.79999923706055,798400
2024-08-08,39.33000183105469,39.400001525878906,38.310001373291016,38.43000030517578,792900
2024-08-09,39.459999084472656,39.68000030517578,38.56999969482422,39.349998474121094,392700
2024-08-12,37.7599983215332,39.65999984741211,37.599998474121094,39.65999984741211,451500
2024-08-13,38.22999954223633,38.310001373291016,37.61000061035156,37.849998474121094,296400
2024-08-14,38.54999923706055,38.65999984741211,38.06999969482422,38.349998474121094,283500
2024-08-15,38.810001373291016,39.25,38.43000030517578,39.209999084472656,467600
2024-08-16,39.189998626708984,39.400001525878906,38.66999816894531,38.66999816894531,272600
2024-08-19,39.689998626708984,39.7400016784668,38.93000030517578,39.29999923706055,494100
2024-08-20,39.560001373291016,39.779998779296875,39.02000045776367,39.4900016784668,252500
2024-08-21,39.97999954223633,40.20000076293945,39.70000076293945,39.77000045776367,193600
2024-08-22,39.939998626708984,40.08000183105469,39.380001068115234,39.84000015258789,216200
2024-08-23,40.36000061035156,40.529998779296875,39.79999923706055,40.060001373291016,245100
2024-08-26,41.380001068115234,42.72999954223633,40.619998931884766,40.75,560900
2024-08-27,40.81999969482422,41.650001525878906,40.439998626708984,41.43000030517578,785300
2024-08-28,40.40999984741211,40.900001525878906,40.0,40.41999816894531,372000
2024-08-29,40.529998779296875,40.86000061035156,39.63999938964844,40.540000915527344,336400
2024-08-30,41.09000015258789,41.25,40.4900016784668,40.650001525878906,406300
2024-09-03,41.720001220703125,42.130001068115234,40.86000061035156,40.86000061035156,421100
2024-09-04,41.290000915527344,42.150001525878906,40.7599983215332,41.81999969482422,449500
2024-09-05,42.15999984741211,42.7599983215332,41.27000045776367,41.47999954223633,480400
2024-09-06,41.93000030517578,42.5099983215332,41.439998626708984,42.209999084472656,374600
2024-09-09,41.7599983215332,42.15999984741211,40.83000183105469,41.93000030517578,578900
2024-09-10,41.369998931884766,42.16999816894531,41.11000061035156,41.81999969482422,380800
2024-09-11,40.88999938964844,41.16999816894531,40.33000183105469,41.150001525878906,481500
2024-09-12,41.63999938964844,41.65999984741211,40.86000061035156,40.86000061035156,340100
2024-09-13,42.77000045776367,42.81999969482422,41.59000015258789,41.939998626708984,273400
2024-09-16,42.91999816894531,43.540000915527344,42.70000076293945,43.0,406400
2024-09-17,43.220001220703125,43.529998779296875,42.900001525878906,43.11000061035156,477300
2024-09-18,42.869998931884766,43.84000015258789,42.810001373291016,43.0,632200
2024-09-19,41.86000061035156,43.18000030517578,41.83000183105469,43.119998931884766,340900
2024-09-20,41.939998626708984,42.08000183105469,41.54999923706055,41.779998779296875,1271100
2024-09-23,41.56999969482422,42.15999984741211,41.54999923706055,41.939998626708984,272100
2024-09-24,41.220001220703125,41.79999923706055,41.11000061035156,41.52000045776367,266800
2024-09-25,40.63999938964844,41.380001068115234,40.599998474121094,41.380001068115234,353500
2024-09-26,41.599998474121094,41.7400016784668,40.75,40.75,309700
2024-09-27,42.040000915527344,42.54999923706055,41.599998474121094,41.93000030517578,274200
2024-09-30,41.97999954223633,42.220001220703125,41.619998931884766,42.220001220703125,251700
2024-10-01,41.40999984741211,42.040000915527344,41.02000045776367,42.029998779296875,323300
2024-10-02,40.790000915527344,41.02000045776367,40.45000076293945,40.91999816894531,314800
2024-10-03,39.86000061035156,40.77000045776367,39.84000015258789,40.4900016784668,277300
2024-10-04,40.119998931884766,40.279998779296875,39.959999084472656,40.02000045776367,226700
2024-10-07,39.970001220703125,40.2400016784668,39.83000183105469,39.9900016784668,291300
2024-10-08,40.650001525878906,40.939998626708984,39.84000015258789,40.040000915527344,285000
2024-10-09,41.0,41.189998626708984,40.7400016784668,40.75,234800
2024-10-10,40.70000076293945,41.16999816894531,40.529998779296875,41.040000915527344,264300
2024-10-11,40.81999969482422,41.099998474121094,40.47999954223633,40.900001525878906,203800
2024-10-14,40.869998931884766,40.95000076293945,40.40999984741211,40.68000030517578,175000
2024-10-15,41.61000061035156,42.279998779296875,40.77000045776367,40.90999984741211,334100
2024-10-16,42.18000030517578,42.369998931884766,41.5,41.5,248000
2024-10-17,42.189998626708984,42.33000183105469,41.84000015258789,42.27000045776367,165700
2024-10-18,41.869998931884766,42.47999954223633,41.59000015258789,42.22999954223633,215100
2024-10-21,40.2599983215332,41.939998626708984,40.220001220703125,41.77000045776367,282000
2024-10-22,38.47999954223633,40.20000076293945,38.40999984741211,40.20000076293945,792600
2024-10-23,37.84000015258789,38.79999923706055,37.709999084472656,38.56999969482422,1017400
2024-10-24,37.83000183105469,38.529998779296875,37.77000045776367,37.83000183105469,714200
2024-10-25,37.369998931884766,38.540000915527344,37.15999984741211,37.619998931884766,698100
2024-10-28,37.5,38.22999954223633,37.369998931884766,37.599998474121094,779000
2024-10-29,36.83000183105469,37.54999923706055,36.790000915527344,37.29999923706055,805500
2024-10-30,36.630001068115234,36.9900016784668,36.470001220703125,36.7599983215332,637700
2024-10-31,36.380001068115234,37.060001373291016,36.349998474121094,36.66999816894531,534200
2024-11-01,36.81999969482422,36.88999938964844,36.310001373291016,36.5,530800
2024-11-04,37.52000045776367,37.63999938964844,36.70000076293945,36.72999954223633,671600
2024-11-05,37.060001373291016,37.7599983215332,36.900001525878906,37.33000183105469,640900
2024-11-06,38.16999816894531,38.47999954223633,37.61000061035156,38.040000915527344,661200
2024-11-07,37.95000076293945,38.34000015258789,37.529998779296875,38.040000915527344,678300
2024-11-08,37.630001068115234,38.220001220703125,37.45000076293945,38.02000045776367,956900
2024-11-11,37.20000076293945,37.9900016784668,37.08000183105469,37.709999084472656,772600
2024-11-12,31.8700008392334,32.33000183105469,28.040000915527344,31.0,3009100
2024-11-13,31.59000015258789,32.16999816894531,31.010000228881836,32.13999938964844,1905600
2024-11-14,33.279998779296875,33.380001068115234,31.59000015258789,31.709999084472656,1942200
2024-11-15,32.40999984741211,33.06999969482422,31.65999984741211,32.880001068115234,1229900
2024-11-18,32.720001220703125,32.95000076293945,32.22999954223633,32.40999984741211,674800
2024-11-19,33.54999923706055,33.619998931884766,32.099998474121094,32.54999923706055,775800
2024-11-20,34.2400016784668,34.29999923706055,33.349998474121094,33.45000076293945,609600
2024-11-21,35.349998474121094,35.459999084472656,34.119998931884766,34.2400016784668,507200
2024-11-22,35.54999923706055,36.150001525878906,35.529998779296875,35.630001068115234,520900
2024-11-25,35.029998779296875,36.11000061035156,35.0099983215332,35.93000030517578,566900
2024-11-26,35.45000076293945,35.529998779296875,34.63999938964844,34.97999954223633,760600
2024-11-27,34.66999816894531,35.90999984741211,34.56999969482422,35.72999954223633,534600
2024-11-29,34.34000015258789,35.08000183105469,34.15999984741211,34.95000076293945,301800
2024-12-02,35.099998474121094,35.7599983215332,34.209999084472656,34.68000030517578,753900
2024-12-03,34.349998474121094,35.02000045776367,34.279998779296875,35.02000045776367,420300
2024-12-04,33.029998779296875,34.16999816894531,32.91999816894531,34.16999816894531,594400
2024-12-05,33.220001220703125,33.470001220703125,32.630001068115234,33.099998474121094,740400
2024-12-06,33.380001068115234,33.84000015258789,33.09000015258789,33.41999816894531,514300
2024-12-09,33.63999938964844,34.2400016784668,33.41999816894531,33.540000915527344,559500
2024-12-10,33.970001220703125,34.310001373291016,33.029998779296875,33.72999954223633,832500
2024-12-11,33.880001068115234,34.15999984741211,33.7599983215332,34.15999984741211,677900
2024-12-12,34.02000045776367,34.22999954223633,33.650001525878906,34.06999969482422,507300
2024-12-13,34.529998779296875,34.61000061035156,33.77000045776367,33.97999954223633,402300
2024-12-16,34.349998474121094,34.810001373291016,34.09000015258789,34.40999984741211,628900
2024-12-17,34.0,34.599998474121094,33.90999984741211,34.02000045776367,490600
2024-12-18,33.130001068115234,33.9900016784668,33.029998779296875,33.68000030517578,516400
2024-12-19,33.0099983215332,33.279998779296875,32.279998779296875,33.060001373291016,793900
2024-12-20,33.630001068115234,34.0099983215332,32.81999969482422,32.81999969482422,1416500
2024-12-23,34.22999954223633,34.560001373291016,33.25,33.56999969482422,607000
2024-12-24,34.93000030517578,34.9900016784668,33.9900016784668,34.11000061035156,310900
2024-12-26,35.439998626708984,35.52000045776367,34.54999923706055,34.75,441000
2024-12-27,35.150001525878906,35.72999954223633,34.7599983215332,35.18000030517578,467100
2024-12-30,34.97999954223633,35.15999984741211,34.08000183105469,34.959999084472656,674300
2024-12-31,35.130001068115234,35.869998931884766,34.939998626708984,35.150001525878906,384500
