Price,Close,High,Low,Open,Volume
Ticker,ZBRA,ZBRA,ZBRA,ZBRA,ZBRA
Date,,,,,
2015-01-02,77.43000030517578,78.41999816894531,76.05999755859375,77.98999786376953,411800
2015-01-05,76.33999633789062,77.0,75.73999786376953,76.69000244140625,420300
2015-01-06,75.79000091552734,76.27999877929688,74.4000015258789,76.27999877929688,527500
2015-01-07,77.72000122070312,78.13999938964844,75.51000213623047,76.37999725341797,467800
2015-01-08,79.37999725341797,79.80999755859375,78.58999633789062,78.66000366210938,324400
2015-01-09,80.54000091552734,80.79000091552734,78.83999633789062,79.45999908447266,561300
2015-01-12,80.66000366210938,81.36000061035156,80.38999938964844,80.38999938964844,638100
2015-01-13,82.54000091552734,83.22000122070312,80.9800033569336,80.9800033569336,856000
2015-01-14,81.2300033569336,82.4000015258789,80.43000030517578,81.41999816894531,376600
2015-01-15,81.27999877929688,83.01000213623047,80.2699966430664,81.3499984741211,675900
2015-01-16,82.91000366210938,83.0199966430664,80.8499984741211,81.0,474700
2015-01-20,82.1500015258789,83.83999633789062,81.2300033569336,83.25,328100
2015-01-21,82.7300033569336,82.97000122070312,81.22000122070312,81.80999755859375,259000
2015-01-22,84.95999908447266,85.05999755859375,81.44999694824219,83.04000091552734,594000
2015-01-23,84.19000244140625,85.0,84.0199966430664,84.6500015258789,371500
2015-01-26,84.54000091552734,84.91999816894531,82.94999694824219,84.16999816894531,372000
2015-01-27,84.61000061035156,84.69000244140625,82.93000030517578,83.52999877929688,355200
2015-01-28,84.18000030517578,85.66000366210938,84.05999755859375,85.19999694824219,387300
2015-01-29,83.66999816894531,84.36000061035156,82.30999755859375,84.36000061035156,381600
2015-01-30,83.45999908447266,83.98999786376953,82.55000305175781,83.12000274658203,500300
2015-02-02,84.06999969482422,84.08999633789062,82.12000274658203,83.58000183105469,493400
2015-02-03,86.62999725341797,86.69999694824219,84.0199966430664,84.31999969482422,394800
2015-02-04,86.5,86.62999725341797,85.7699966430664,86.01000213623047,463700
2015-02-05,86.95999908447266,88.11000061035156,86.04000091552734,86.80999755859375,908400
2015-02-06,87.1500015258789,87.44000244140625,86.16000366210938,86.63999938964844,446100
2015-02-09,87.43000030517578,88.16999816894531,86.45999908447266,86.91999816894531,504300
2015-02-10,88.08999633789062,88.27999877929688,87.44999694824219,88.27999877929688,343500
2015-02-11,88.2699966430664,88.36000061035156,87.55999755859375,88.0999984741211,309400
2015-02-12,89.47000122070312,89.9800033569336,88.55000305175781,88.9000015258789,426900
2015-02-13,90.52999877929688,90.69999694824219,88.76000213623047,89.75,333500
2015-02-17,89.48999786376953,91.0,89.0,90.87999725341797,404000
2015-02-18,89.54000091552734,90.80000305175781,89.02999877929688,89.02999877929688,510100
2015-02-19,89.73999786376953,90.66000366210938,89.19000244140625,89.56999969482422,421300
2015-02-20,91.0,91.12000274658203,88.54000091552734,89.4800033569336,324600
2015-02-23,91.48999786376953,91.5,89.83999633789062,90.79000091552734,267500
2015-02-24,92.4000015258789,92.4800033569336,90.8499984741211,91.81999969482422,339900
2015-02-25,91.58000183105469,92.27999877929688,91.05999755859375,92.0,304800
2015-02-26,91.76000213623047,92.1500015258789,91.1500015258789,91.7699966430664,225600
2015-02-27,91.05000305175781,92.44999694824219,90.30000305175781,92.16999816894531,327100
2015-03-02,91.80000305175781,91.94999694824219,90.41000366210938,90.41000366210938,368300
2015-03-03,91.36000061035156,91.81999969482422,90.69000244140625,91.79000091552734,195300
2015-03-04,91.02999877929688,91.44999694824219,90.43000030517578,90.83999633789062,274100
2015-03-05,91.16000366210938,91.45999908447266,90.62000274658203,91.37999725341797,186400
2015-03-06,89.62999725341797,91.43000030517578,89.26000213623047,90.81999969482422,368400
2015-03-09,89.4000015258789,90.04000091552734,88.47000122070312,89.5,504700
2015-03-10,87.80000305175781,89.04000091552734,87.56999969482422,88.51000213623047,236300
2015-03-11,88.0,88.22000122070312,86.76000213623047,87.66999816894531,777500
2015-03-12,87.81999969482422,88.48999786376953,87.76000213623047,88.0,356900
2015-03-13,87.70999908447266,88.33999633789062,86.6500015258789,87.56999969482422,532300
2015-03-16,88.9000015258789,90.06999969482422,88.19000244140625,88.61000061035156,710600
2015-03-17,85.9800033569336,88.41000366210938,84.16000366210938,86.0,1870200
2015-03-18,85.81999969482422,86.3499984741211,82.52999877929688,85.45999908447266,1289700
2015-03-19,86.06999969482422,86.33000183105469,84.7300033569336,85.27999877929688,825100
2015-03-20,88.16000366210938,88.23999786376953,85.80999755859375,86.29000091552734,850700
2015-03-23,92.25,92.43000030517578,88.16000366210938,88.16000366210938,892000
2015-03-24,90.98999786376953,92.16000366210938,90.11000061035156,90.87999725341797,723900
2015-03-25,88.19999694824219,92.12000274658203,88.02999877929688,91.47000122070312,448700
2015-03-26,86.38999938964844,87.66999816894531,85.58000183105469,87.66999816894531,516700
2015-03-27,87.41000366210938,87.81999969482422,85.4000015258789,86.13999938964844,370700
2015-03-30,88.0199966430664,88.98999786376953,87.41000366210938,87.77999877929688,239600
2015-03-31,90.72000122070312,90.88999938964844,89.73999786376953,90.6500015258789,578200
2015-04-01,89.55999755859375,90.62999725341797,87.9800033569336,90.62999725341797,339800
2015-04-02,89.33999633789062,90.80000305175781,89.05999755859375,89.41000366210938,223100
2015-04-06,91.72000122070312,91.83000183105469,88.41000366210938,88.80000305175781,585900
2015-04-07,92.58999633789062,93.88999938964844,92.1500015258789,92.1500015258789,601600
2015-04-08,94.37999725341797,94.5,91.88999938964844,92.81999969482422,649200
2015-04-09,95.5,95.56999969482422,93.58000183105469,94.55000305175781,460000
2015-04-10,95.45999908447266,96.2300033569336,95.25,95.76000213623047,219200
2015-04-13,94.12999725341797,95.55000305175781,94.0199966430664,95.43000030517578,229700
2015-04-14,95.05000305175781,95.12999725341797,93.88999938964844,94.19999694824219,278600
2015-04-15,95.80999755859375,96.5,95.11000061035156,95.47000122070312,423600
2015-04-16,96.51000213623047,96.70999908447266,95.55000305175781,95.91000366210938,337500
2015-04-17,95.52999877929688,96.23999786376953,94.41999816894531,96.06999969482422,275000
2015-04-20,96.12999725341797,96.55000305175781,95.47000122070312,95.62999725341797,208100
2015-04-21,96.95999908447266,97.38999938964844,96.0,96.56999969482422,230000
2015-04-22,97.08000183105469,97.30000305175781,95.81999969482422,96.98999786376953,208300
2015-04-23,97.9800033569336,98.12000274658203,96.86000061035156,96.91000366210938,205100
2015-04-24,96.69000244140625,98.29000091552734,96.63999938964844,98.0999984741211,208400
2015-04-27,94.80999755859375,97.62999725341797,94.4800033569336,97.30000305175781,291500
2015-04-28,95.2699966430664,95.63999938964844,93.30999755859375,94.55000305175781,303400
2015-04-29,94.16000366210938,95.19999694824219,93.12999725341797,95.12000274658203,369700
2015-04-30,92.08000183105469,94.13999938964844,91.31999969482422,93.45999908447266,404600
2015-05-01,92.5,93.11000061035156,91.26000213623047,91.66000366210938,359100
2015-05-04,92.02999877929688,93.1500015258789,91.69999694824219,92.69999694824219,289700
2015-05-05,90.48999786376953,91.93000030517578,89.91999816894531,91.62000274658203,369200
2015-05-06,89.68000030517578,90.69999694824219,89.19000244140625,90.69999694824219,309500
2015-05-07,91.2699966430664,91.47000122070312,89.38999938964844,89.68000030517578,353400
2015-05-08,92.77999877929688,93.2699966430664,91.6500015258789,92.44999694824219,372100
2015-05-11,93.05999755859375,93.76000213623047,92.1500015258789,93.0199966430664,477100
2015-05-12,93.66000366210938,93.79000091552734,92.0,92.16999816894531,556800
2015-05-13,106.75,107.08000183105469,98.12000274658203,98.41000366210938,2153500
2015-05-14,108.19999694824219,109.7699966430664,105.2699966430664,106.6500015258789,1066200
2015-05-15,109.48999786376953,109.75,108.05999755859375,108.05999755859375,651100
2015-05-18,109.73999786376953,111.44999694824219,109.3499984741211,109.5999984741211,639200
2015-05-19,109.66999816894531,110.80999755859375,109.30999755859375,109.80000305175781,443100
2015-05-20,108.9800033569336,110.81999969482422,108.87000274658203,109.75,594500
2015-05-21,109.33999633789062,109.8499984741211,107.33000183105469,109.0199966430664,487700
2015-05-22,109.6500015258789,110.30999755859375,108.68000030517578,109.33000183105469,264100
2015-05-26,107.98999786376953,109.37999725341797,107.4000015258789,109.37999725341797,318500
2015-05-27,107.2300033569336,108.0,106.61000061035156,108.0,708500
2015-05-28,109.4000015258789,109.68000030517578,107.08000183105469,107.2300033569336,344600
2015-05-29,109.63999938964844,111.11000061035156,109.63999938964844,110.27999877929688,458900
2015-06-01,110.33999633789062,111.18000030517578,109.27999877929688,110.29000091552734,354200
2015-06-02,114.08999633789062,114.81999969482422,108.79000091552734,109.77999877929688,856400
2015-06-03,114.06999969482422,115.20999908447266,114.0,114.8499984741211,515700
2015-06-04,113.47000122070312,114.51000213623047,112.80000305175781,113.94999694824219,274300
2015-06-05,114.29000091552734,114.3499984741211,112.37000274658203,113.51000213623047,336700
2015-06-08,112.94999694824219,114.76000213623047,112.38999938964844,114.30999755859375,305600
2015-06-09,112.4800033569336,113.0999984741211,110.2300033569336,113.0199966430664,334500
2015-06-10,115.68000030517578,115.91000366210938,112.80000305175781,112.80000305175781,554800
2015-06-11,115.56999969482422,116.91999816894531,114.70999908447266,116.06999969482422,374700
2015-06-12,114.6500015258789,115.55999755859375,114.04000091552734,114.25,195300
2015-06-15,114.26000213623047,114.36000061035156,112.20999908447266,114.08999633789062,215200
2015-06-16,113.68000030517578,116.0199966430664,113.30999755859375,115.0,274300
2015-06-17,112.97000122070312,114.91000366210938,112.56999969482422,113.83999633789062,260600
2015-06-18,115.2300033569336,115.52999877929688,112.51000213623047,113.0,590100
2015-06-19,116.58000183105469,116.8499984741211,114.62000274658203,115.66999816894531,603200
2015-06-22,118.19000244140625,118.51000213623047,115.13999938964844,117.0999984741211,468400
2015-06-23,117.91999816894531,119.47000122070312,116.30000305175781,118.70999908447266,445400
2015-06-24,115.43000030517578,118.0999984741211,115.16000366210938,117.81999969482422,280000
2015-06-25,114.70999908447266,115.41000366210938,113.0999984741211,115.41000366210938,329900
2015-06-26,113.0,115.26000213623047,112.36000061035156,114.66000366210938,460600
2015-06-29,109.0,113.31999969482422,108.88999938964844,112.2300033569336,510800
2015-06-30,111.05000305175781,112.11000061035156,109.55000305175781,109.55000305175781,725500
2015-07-01,112.80999755859375,115.44999694824219,112.12000274658203,112.62000274658203,418300
2015-07-02,112.43000030517578,113.5199966430664,110.55999755859375,113.3499984741211,361400
2015-07-06,111.83999633789062,112.86000061035156,110.33999633789062,111.62999725341797,307000
2015-07-07,112.31999969482422,112.43000030517578,109.4000015258789,112.19999694824219,285800
2015-07-08,108.47000122070312,112.05999755859375,108.12999725341797,111.69000244140625,416000
2015-07-09,108.44000244140625,110.06999969482422,108.26000213623047,109.62000274658203,419300
2015-07-10,109.75,109.9800033569336,106.6500015258789,109.66000366210938,573800
2015-07-13,110.51000213623047,111.55000305175781,110.16999816894531,111.16999816894531,332600
2015-07-14,114.05999755859375,114.43000030517578,110.7699966430664,110.8499984741211,410500
2015-07-15,111.98999786376953,114.61000061035156,111.76000213623047,114.61000061035156,300800
2015-07-16,114.0999984741211,114.63999938964844,112.41999816894531,113.16999816894531,269500
2015-07-17,114.18000030517578,114.88999938964844,112.0999984741211,114.41000366210938,376800
2015-07-20,115.37999725341797,117.0,114.56999969482422,115.0,439300
2015-07-21,114.52999877929688,116.2699966430664,114.31999969482422,115.45999908447266,412000
2015-07-22,113.70999908447266,114.75,113.0,114.13999938964844,371900
2015-07-23,112.8499984741211,115.7699966430664,112.7300033569336,114.11000061035156,268600
2015-07-24,110.88999938964844,113.9000015258789,110.4000015258789,112.97000122070312,279600
2015-07-27,106.62000274658203,109.73999786376953,103.5,109.51000213623047,739800
2015-07-28,107.51000213623047,108.16999816894531,106.0199966430664,106.66999816894531,407600
2015-07-29,106.30999755859375,107.69000244140625,105.61000061035156,107.51000213623047,469400
2015-07-30,105.97000122070312,106.7300033569336,104.69000244140625,105.63999938964844,370100
2015-07-31,107.62999725341797,107.77999877929688,105.80000305175781,106.70999908447266,393400
2015-08-03,105.68000030517578,107.75,104.30999755859375,107.75,353300
2015-08-04,105.18000030517578,106.76000213623047,104.43000030517578,105.44999694824219,395300
2015-08-05,105.88999938964844,107.62999725341797,105.33999633789062,105.5,422700
2015-08-06,104.19000244140625,106.30999755859375,103.5999984741211,106.29000091552734,434200
2015-08-07,106.08000183105469,106.26000213623047,103.27999877929688,104.11000061035156,466100
2015-08-10,110.04000091552734,110.45999908447266,106.70999908447266,107.7300033569336,754200
2015-08-11,83.80000305175781,96.73999786376953,81.01000213623047,96.5999984741211,4453300
2015-08-12,87.55999755859375,87.58999633789062,82.02999877929688,83.0,1978000
2015-08-13,86.73999786376953,88.52999877929688,85.30999755859375,86.81999969482422,900000
2015-08-14,89.18000030517578,89.26000213623047,85.76000213623047,86.73999786376953,1013600
2015-08-17,90.58999633789062,91.48999786376953,87.5999984741211,88.54000091552734,852700
2015-08-18,87.01000213623047,90.0,86.51000213623047,89.7300033569336,539000
2015-08-19,87.06999969482422,88.7300033569336,85.8499984741211,86.83999633789062,460000
2015-08-20,84.80999755859375,88.02999877929688,84.62999725341797,85.91000366210938,636900
2015-08-21,81.25,85.12000274658203,81.0999984741211,83.81999969482422,534800
2015-08-24,79.02999877929688,79.11000061035156,75.12999725341797,76.55000305175781,962700
2015-08-25,78.0,82.0,77.69999694824219,81.54000091552734,913800
2015-08-26,80.02999877929688,81.01000213623047,78.05000305175781,81.0,824200
2015-08-27,83.69999694824219,83.69999694824219,79.9800033569336,81.06999969482422,513100
2015-08-28,83.41999816894531,84.9000015258789,82.7699966430664,83.08999633789062,277800
2015-08-31,82.87999725341797,83.93000030517578,81.7699966430664,82.69999694824219,459800
2015-09-01,80.62000274658203,82.93000030517578,80.16000366210938,82.27999877929688,550600
2015-09-02,80.69000244140625,81.36000061035156,78.9000015258789,81.20999908447266,586800
2015-09-03,80.12999725341797,83.31999969482422,79.55000305175781,80.87000274658203,530000
2015-09-04,79.13999938964844,80.0999984741211,78.37000274658203,79.29000091552734,649600
2015-09-08,82.69000244140625,83.16000366210938,80.27999877929688,80.97000122070312,448900
2015-09-09,81.05000305175781,84.9800033569336,80.86000061035156,83.91000366210938,370200
2015-09-10,81.25,82.27999877929688,80.0199966430664,80.72000122070312,289600
2015-09-11,81.61000061035156,81.81999969482422,80.22000122070312,81.0,303200
2015-09-14,80.20999908447266,81.77999877929688,79.5999984741211,81.61000061035156,405100
2015-09-15,83.02999877929688,83.08999633789062,80.0,80.72000122070312,314600
2015-09-16,84.41000366210938,84.8499984741211,82.58000183105469,83.33999633789062,463700
2015-09-17,86.9000015258789,88.0199966430664,83.83999633789062,84.36000061035156,578600
2015-09-18,84.55999755859375,86.11000061035156,83.01000213623047,85.27999877929688,596300
2015-09-21,83.0,85.66999816894531,82.98999786376953,85.37999725341797,321100
2015-09-22,81.43000030517578,82.30000305175781,80.56999969482422,81.86000061035156,298400
2015-09-23,80.48999786376953,81.9000015258789,80.33999633789062,81.9000015258789,305100
2015-09-24,80.04000091552734,80.69999694824219,77.91999816894531,79.5,943500
2015-09-25,78.08000183105469,81.26000213623047,77.43000030517578,81.26000213623047,685000
2015-09-28,74.44000244140625,77.72000122070312,73.93000030517578,77.51000213623047,947600
2015-09-29,72.20999908447266,75.02999877929688,71.94999694824219,74.30999755859375,895000
2015-09-30,76.55000305175781,76.61000061035156,72.7300033569336,72.7300033569336,618800
2015-10-01,76.86000061035156,77.12000274658203,75.19999694824219,76.19999694824219,464900
2015-10-02,78.7300033569336,78.88999938964844,75.43000030517578,75.7300033569336,341500
2015-10-05,79.66000366210938,80.83000183105469,78.80999755859375,79.30000305175781,460600
2015-10-06,78.13999938964844,79.87999725341797,77.05000305175781,79.3499984741211,514400
2015-10-07,79.02999877929688,80.0999984741211,77.70999908447266,78.54000091552734,571000
2015-10-08,78.08999633789062,78.91999816894531,76.55999755859375,78.80000305175781,775500
2015-10-09,78.33000183105469,79.0199966430664,77.48999786376953,78.33999633789062,511400
2015-10-12,77.30999755859375,78.30999755859375,76.87000274658203,78.30000305175781,344900
2015-10-13,75.62000274658203,77.44999694824219,75.4800033569336,76.48999786376953,506500
2015-10-14,74.62999725341797,76.72000122070312,74.52999877929688,75.7699966430664,326700
2015-10-15,74.87000274658203,75.37000274658203,73.72000122070312,74.47000122070312,533900
2015-10-16,75.0,75.83000183105469,73.98999786376953,74.7699966430664,536400
2015-10-19,73.75,75.13999938964844,73.66000366210938,74.87999725341797,462500
2015-10-20,73.05000305175781,74.02999877929688,72.2300033569336,73.5999984741211,485800
2015-10-21,71.87000274658203,73.8499984741211,71.20999908447266,73.68000030517578,601500
2015-10-22,72.6500015258789,73.68000030517578,71.86000061035156,72.11000061035156,464000
2015-10-23,76.04000091552734,76.41000366210938,72.68000030517578,73.7300033569336,587100
2015-10-26,76.23999786376953,76.80000305175781,75.69999694824219,75.69999694824219,420100
2015-10-27,75.37000274658203,76.48999786376953,74.54000091552734,76.16000366210938,394300
2015-10-28,78.63999938964844,78.94999694824219,75.37999725341797,75.47000122070312,463600
2015-10-29,77.83999633789062,78.62000274658203,76.5999984741211,78.27999877929688,364100
2015-10-30,76.9000015258789,78.11000061035156,76.27999877929688,77.9800033569336,313900
2015-11-02,78.62000274658203,78.7699966430664,76.98999786376953,76.98999786376953,497200
2015-11-03,78.62000274658203,79.37999725341797,77.6500015258789,78.25,253300
2015-11-04,79.68000030517578,80.43000030517578,78.19999694824219,78.75,521800
2015-11-05,79.58999633789062,80.94999694824219,78.98999786376953,79.93000030517578,381700
2015-11-06,81.44999694824219,81.91000366210938,79.02999877929688,79.52999877929688,584300
2015-11-09,82.98999786376953,83.0199966430664,79.20999908447266,81.11000061035156,845000
2015-11-10,75.77999877929688,82.9000015258789,75.0199966430664,80.69000244140625,1518500
2015-11-11,75.30000305175781,78.47000122070312,74.48999786376953,77.80999755859375,491800
2015-11-12,71.04000091552734,75.95999908447266,70.91999816894531,75.56999969482422,675600
2015-11-13,67.70999908447266,71.2699966430664,67.4000015258789,71.16999816894531,919300
2015-11-16,72.19999694824219,72.72000122070312,68.58000183105469,68.5999984741211,1308600
2015-11-17,73.52999877929688,74.02999877929688,71.70999908447266,71.70999908447266,596800
2015-11-18,75.19000244140625,75.41999816894531,73.0999984741211,73.97000122070312,334100
2015-11-19,75.5199966430664,75.70999908447266,73.91000366210938,74.9000015258789,1155800
2015-11-20,74.88999938964844,76.73999786376953,74.75,75.86000061035156,303500
2015-11-23,75.41999816894531,75.70999908447266,74.12000274658203,74.51000213623047,320300
2015-11-24,77.83999633789062,78.19999694824219,74.0,75.06999969482422,431800
2015-11-25,78.56999969482422,78.88999938964844,77.16999816894531,77.6500015258789,292100
2015-11-27,77.72000122070312,78.55000305175781,77.13999938964844,78.55000305175781,175700
2015-11-30,80.19999694824219,80.4000015258789,77.68000030517578,77.68000030517578,436500
2015-12-01,79.88999938964844,81.0,79.36000061035156,80.30999755859375,329600
2015-12-02,78.05999755859375,79.9000015258789,77.87000274658203,79.9000015258789,370300
2015-12-03,77.22000122070312,78.80000305175781,76.69000244140625,78.26000213623047,391700
2015-12-04,77.62999725341797,78.2300033569336,76.9000015258789,77.37000274658203,482600
2015-12-07,76.1500015258789,78.13999938964844,75.61000061035156,77.3499984741211,648200
2015-12-08,75.51000213623047,76.19999694824219,74.94999694824219,75.20999908447266,526400
2015-12-09,74.63999938964844,77.7699966430664,74.33999633789062,75.16999816894531,569300
2015-12-10,75.88999938964844,76.56999969482422,74.63999938964844,74.63999938964844,560400
2015-12-11,72.52999877929688,74.86000061035156,72.41000366210938,74.8499984741211,864600
2015-12-14,68.7699966430664,74.12000274658203,68.2699966430664,72.81999969482422,1882600
2015-12-15,70.0,70.26000213623047,68.38999938964844,69.55999755859375,854200
2015-12-16,70.19999694824219,71.38999938964844,69.55999755859375,70.55999755859375,381900
2015-12-17,66.44999694824219,70.73999786376953,66.37000274658203,70.29000091552734,1157300
2015-12-18,64.41000366210938,66.1500015258789,63.91999816894531,65.58000183105469,1935800
2015-12-21,67.5999984741211,67.66999816894531,64.41000366210938,65.29000091552734,1680600
2015-12-22,69.66000366210938,69.83000183105469,66.62000274658203,67.3499984741211,1008300
2015-12-23,71.0199966430664,71.76000213623047,68.9000015258789,70.38999938964844,592500
2015-12-24,70.87000274658203,71.4800033569336,70.44000244140625,70.69999694824219,132300
2015-12-28,70.08999633789062,70.87999725341797,69.72000122070312,70.7699966430664,460800
2015-12-29,70.2699966430664,71.16999816894531,69.55000305175781,70.55999755859375,245800
2015-12-30,69.44999694824219,70.4000015258789,69.4000015258789,69.83999633789062,308700
2015-12-31,69.6500015258789,70.72000122070312,69.29000091552734,69.29000091552734,369200
2016-01-04,66.48999786376953,67.68000030517578,65.62000274658203,67.68000030517578,656200
2016-01-05,64.81999969482422,66.6500015258789,64.62000274658203,66.54000091552734,611300
2016-01-06,62.22999954223633,64.31999969482422,61.54999923706055,63.56999969482422,881900
2016-01-07,59.40999984741211,61.54999923706055,58.11000061035156,60.66999816894531,1210600
2016-01-08,59.25,59.97999954223633,58.970001220703125,59.79999923706055,1034700
2016-01-11,58.86000061035156,60.31999969482422,57.70000076293945,59.5,1034700
2016-01-12,59.849998474121094,60.279998779296875,58.36000061035156,59.56999969482422,561300
2016-01-13,56.5099983215332,60.7599983215332,56.33000183105469,59.970001220703125,614400
2016-01-14,57.83000183105469,59.04999923706055,55.939998626708984,56.810001373291016,780500
2016-01-15,56.54999923706055,56.900001525878906,54.88999938964844,56.0099983215332,1876300
2016-01-19,56.66999816894531,58.68000030517578,55.56999969482422,57.119998931884766,1211300
2016-01-20,57.25,59.83000183105469,55.5,55.58000183105469,1720000
2016-01-21,55.560001373291016,57.72999954223633,55.5,57.25,784600
2016-01-22,56.5,57.63999938964844,55.560001373291016,56.61000061035156,536000
2016-01-25,55.380001068115234,56.95000076293945,55.150001525878906,55.88999938964844,952800
2016-01-26,58.52000045776367,58.59000015258789,55.29999923706055,55.5,930700
2016-01-27,57.27000045776367,59.33000183105469,57.119998931884766,58.0,937700
2016-01-28,55.70000076293945,58.2400016784668,55.33000183105469,58.20000076293945,452700
2016-01-29,60.400001525878906,60.470001220703125,56.11000061035156,56.11000061035156,678300
2016-02-01,60.02000045776367,60.459999084472656,58.66999816894531,59.459999084472656,725700
2016-02-02,57.93000030517578,59.540000915527344,57.689998626708984,58.900001525878906,875300
2016-02-03,59.689998626708984,59.7400016784668,56.5,58.20000076293945,721700
2016-02-04,61.0099983215332,62.380001068115234,58.970001220703125,59.400001525878906,864500
2016-02-05,57.380001068115234,60.88999938964844,57.08000183105469,60.810001373291016,877100
2016-02-08,54.439998626708984,56.619998931884766,53.75,56.36000061035156,728400
2016-02-09,54.68000030517578,54.9900016784668,52.13999938964844,53.439998626708984,662600
2016-02-10,57.79999923706055,58.75,54.83000183105469,55.25,890200
2016-02-11,57.63999938964844,58.52000045776367,56.029998779296875,56.349998474121094,881100
2016-02-12,59.310001373291016,59.90999984741211,57.68000030517578,58.880001068115234,576300
2016-02-16,64.38999938964844,64.5999984741211,59.59000015258789,60.150001525878906,852200
2016-02-17,67.05000305175781,67.22000122070312,64.13999938964844,65.27999877929688,956100
2016-02-18,66.76000213623047,67.76000213623047,66.01000213623047,67.12000274658203,653200
2016-02-19,67.2699966430664,67.37999725341797,64.22000122070312,66.2699966430664,511700
2016-02-22,68.30999755859375,69.5199966430664,67.0999984741211,68.0999984741211,582300
2016-02-23,68.86000061035156,69.33000183105469,67.41999816894531,68.06999969482422,604000
2016-02-24,70.04000091552734,70.16999816894531,66.9800033569336,68.0999984741211,887000
2016-02-25,59.779998779296875,70.30000305175781,58.619998931884766,69.37000274658203,2665500
2016-02-26,59.529998779296875,60.189998626708984,58.22999954223633,59.65999984741211,1158800
2016-02-29,61.779998779296875,61.970001220703125,59.18000030517578,59.56999969482422,853400
2016-03-01,62.88999938964844,63.04999923706055,61.290000915527344,62.2599983215332,737500
2016-03-02,65.4800033569336,65.56999969482422,62.349998474121094,63.060001373291016,546800
2016-03-03,66.51000213623047,66.80999755859375,65.2699966430664,65.47000122070312,625400
2016-03-04,65.41000366210938,67.19000244140625,64.69999694824219,66.52999877929688,613800
2016-03-07,67.44000244140625,67.44999694824219,64.5199966430664,65.08000183105469,559100
2016-03-08,63.529998779296875,67.70999908447266,63.40999984741211,66.83999633789062,709700
2016-03-09,65.08999633789062,65.23999786376953,62.77000045776367,63.779998779296875,419200
2016-03-10,64.19000244140625,65.86000061035156,62.72999954223633,65.58000183105469,492100
2016-03-11,67.01000213623047,67.11000061035156,64.4000015258789,64.95999908447266,360300
2016-03-14,65.83000183105469,67.16000366210938,65.4000015258789,66.80000305175781,456600
2016-03-15,63.41999816894531,65.73999786376953,62.79999923706055,65.16999816894531,609200
2016-03-16,65.58000183105469,65.69000244140625,62.65999984741211,63.130001068115234,580600
2016-03-17,66.04000091552734,66.58000183105469,64.55000305175781,65.56999969482422,724600
2016-03-18,67.79000091552734,67.91999816894531,65.2300033569336,65.52999877929688,691100
2016-03-21,68.5199966430664,68.52999877929688,67.23999786376953,67.48999786376953,322300
2016-03-22,69.1500015258789,69.69999694824219,68.01000213623047,68.01000213623047,416300
2016-03-23,67.9000015258789,69.13999938964844,67.87999725341797,68.56999969482422,605300
2016-03-24,68.19000244140625,68.5,67.33000183105469,68.4800033569336,425500
2016-03-28,67.51000213623047,68.86000061035156,66.87999725341797,68.3499984741211,371200
2016-03-29,68.58999633789062,68.8499984741211,66.27999877929688,66.56999969482422,517100
2016-03-30,67.94999694824219,69.5,67.58000183105469,69.08999633789062,491000
2016-03-31,69.0,69.2699966430664,67.83999633789062,67.87000274658203,556800
2016-04-01,68.1500015258789,68.30000305175781,66.51000213623047,68.01000213623047,454800
2016-04-04,66.70999908447266,68.4000015258789,66.12000274658203,68.16999816894531,446900
2016-04-05,65.72000122070312,66.01000213623047,65.0199966430664,65.83999633789062,338600
2016-04-06,66.79000091552734,66.83999633789062,64.44000244140625,65.83999633789062,214000
2016-04-07,65.9800033569336,66.86000061035156,65.22000122070312,66.13999938964844,389300
2016-04-08,66.02999877929688,67.41000366210938,65.37999725341797,66.69000244140625,228800
2016-04-11,65.94999694824219,67.6500015258789,65.83999633789062,66.43000030517578,205600
2016-04-12,65.91000366210938,66.43000030517578,64.47000122070312,66.0,217000
2016-04-13,68.05999755859375,68.48999786376953,65.80000305175781,66.37000274658203,673800
2016-04-14,65.05999755859375,68.02999877929688,64.37999725341797,67.79000091552734,898100
2016-04-15,64.37000274658203,65.0199966430664,63.869998931884766,64.66000366210938,442200
2016-04-18,64.01000213623047,64.68000030517578,63.54999923706055,64.0999984741211,728900
2016-04-19,64.3499984741211,65.5,63.599998474121094,64.37999725341797,1148200
2016-04-20,64.47000122070312,65.0,64.0999984741211,64.27999877929688,1340700
2016-04-21,64.69999694824219,65.25,64.26000213623047,64.58999633789062,492200
2016-04-22,65.26000213623047,65.75,63.97999954223633,64.45999908447266,671000
2016-04-25,63.65999984741211,65.19999694824219,62.90999984741211,65.18000030517578,337600
2016-04-26,64.0999984741211,64.37999725341797,62.5,64.0199966430664,995600
2016-04-27,63.52000045776367,64.25,63.2599983215332,63.970001220703125,568800
2016-04-28,62.79999923706055,64.23999786376953,62.65999984741211,63.369998931884766,575100
2016-04-29,62.560001373291016,63.02000045776367,62.04999923706055,62.77000045776367,548800
2016-05-02,63.189998626708984,63.369998931884766,61.77000045776367,62.709999084472656,392400
2016-05-03,63.56999969482422,63.90999984741211,62.369998931884766,62.59000015258789,453600
2016-05-04,63.04999923706055,64.12000274658203,62.720001220703125,62.77000045776367,451100
2016-05-05,63.2400016784668,63.83000183105469,62.54999923706055,63.459999084472656,402500
2016-05-06,63.45000076293945,63.75,62.119998931884766,62.81999969482422,443300
2016-05-09,62.58000183105469,63.689998626708984,62.18000030517578,63.18000030517578,619100
2016-05-10,51.459999084472656,56.09000015258789,51.15999984741211,55.0099983215332,5280000
2016-05-11,51.41999816894531,53.7400016784668,50.900001525878906,51.11000061035156,2505200
2016-05-12,51.70000076293945,51.900001525878906,50.83000183105469,51.52000045776367,1169300
2016-05-13,50.38999938964844,51.95000076293945,50.380001068115234,51.369998931884766,670800
2016-05-16,49.84000015258789,51.15999984741211,49.599998474121094,50.63999938964844,1159300
2016-05-17,49.61000061035156,50.470001220703125,49.25,49.91999816894531,1040100
2016-05-18,49.9900016784668,50.45000076293945,49.41999816894531,49.41999816894531,1003700
2016-05-19,48.83000183105469,50.349998474121094,48.5099983215332,50.0,742800
2016-05-20,49.93000030517578,50.47999954223633,48.90999984741211,48.90999984741211,913800
2016-05-23,50.5,51.029998779296875,49.400001525878906,49.84000015258789,833600
2016-05-24,50.77000045776367,51.5,50.5,50.720001220703125,589500
2016-05-25,51.7599983215332,52.099998474121094,50.790000915527344,50.790000915527344,563000
2016-05-26,51.849998474121094,52.060001373291016,51.33000183105469,51.779998779296875,452200
2016-05-27,52.81999969482422,53.0,51.709999084472656,51.900001525878906,611300
2016-05-31,53.11000061035156,53.290000915527344,52.75,52.939998626708984,546800
2016-06-01,53.61000061035156,53.86000061035156,52.630001068115234,52.93000030517578,606800
2016-06-02,54.310001373291016,54.400001525878906,53.099998474121094,53.380001068115234,429200
2016-06-03,54.7599983215332,54.9900016784668,53.869998931884766,54.43000030517578,604300
2016-06-06,55.880001068115234,56.15999984741211,54.68000030517578,55.029998779296875,530900
2016-06-07,56.220001220703125,56.36000061035156,55.220001220703125,56.0,496700
2016-06-08,56.04999923706055,56.209999084472656,55.439998626708984,55.630001068115234,611700
2016-06-09,56.2599983215332,56.439998626708984,55.0,55.72999954223633,530200
2016-06-10,56.02000045776367,56.18000030517578,54.95000076293945,55.529998779296875,869400
2016-06-13,55.400001525878906,56.209999084472656,55.22999954223633,55.70000076293945,729400
2016-06-14,55.25,55.97999954223633,54.939998626708984,55.310001373291016,869700
2016-06-15,55.91999816894531,56.31999969482422,55.18000030517578,55.36000061035156,475300
2016-06-16,56.619998931884766,56.72999954223633,55.25,55.58000183105469,658200
2016-06-17,56.93000030517578,57.75,56.560001373291016,56.599998474121094,540900
2016-06-20,57.560001373291016,58.02000045776367,56.86000061035156,57.65999984741211,468100
2016-06-21,57.20000076293945,57.439998626708984,56.61000061035156,57.439998626708984,468800
2016-06-22,57.599998474121094,57.95000076293945,57.029998779296875,57.15999984741211,407500
2016-06-23,59.130001068115234,59.13999938964844,56.650001525878906,58.11000061035156,327200
2016-06-24,54.54999923706055,57.349998474121094,54.150001525878906,56.7400016784668,2037300
2016-06-27,49.61000061035156,53.630001068115234,49.16999816894531,53.400001525878906,2509800
2016-06-28,50.7599983215332,50.83000183105469,49.380001068115234,49.61000061035156,1299000
2016-06-29,49.540000915527344,52.310001373291016,48.84000015258789,50.97999954223633,1844100
2016-06-30,50.099998474121094,50.599998474121094,48.63999938964844,49.88999938964844,1017100
2016-07-01,49.81999969482422,50.7400016784668,49.29999923706055,50.0099983215332,757900
2016-07-05,47.61000061035156,49.959999084472656,47.0,49.5,994500
2016-07-06,46.93000030517578,47.59000015258789,46.130001068115234,47.47999954223633,1239900
2016-07-07,46.9900016784668,47.7400016784668,46.41999816894531,47.130001068115234,1104400
2016-07-08,47.880001068115234,48.040000915527344,47.2599983215332,47.529998779296875,743700
2016-07-11,48.22999954223633,48.86000061035156,48.04999923706055,48.31999969482422,469100
2016-07-12,49.689998626708984,50.209999084472656,48.56999969482422,48.56999969482422,688100
2016-07-13,49.189998626708984,50.720001220703125,48.779998779296875,49.689998626708984,451100
2016-07-14,49.380001068115234,50.349998474121094,49.34000015258789,49.61000061035156,684800
2016-07-15,49.9900016784668,50.130001068115234,49.130001068115234,49.400001525878906,754500
2016-07-18,50.5099983215332,50.599998474121094,49.72999954223633,50.13999938964844,449000
2016-07-19,50.04999923706055,51.150001525878906,49.959999084472656,50.209999084472656,436500
2016-07-20,51.25,51.31999969482422,50.0099983215332,50.13999938964844,588300
2016-07-21,50.630001068115234,51.90999984741211,50.439998626708984,51.099998474121094,420700
2016-07-22,51.209999084472656,51.560001373291016,50.06999969482422,50.5099983215332,317300
2016-07-25,51.68000030517578,51.95000076293945,50.93000030517578,51.0,487800
2016-07-26,52.650001525878906,52.91999816894531,51.68000030517578,51.68000030517578,554000
2016-07-27,52.970001220703125,53.720001220703125,52.41999816894531,53.0,660700
2016-07-28,53.0,53.189998626708984,52.58000183105469,52.88999938964844,326000
2016-07-29,53.0099983215332,53.33000183105469,52.529998779296875,53.0,368400
2016-08-01,53.540000915527344,53.70000076293945,52.84000015258789,53.209999084472656,488800
2016-08-02,52.5099983215332,53.900001525878906,52.31999969482422,53.7400016784668,508600
2016-08-03,55.88999938964844,56.040000915527344,52.77000045776367,52.77000045776367,997700
2016-08-04,56.599998474121094,56.72999954223633,55.40999984741211,56.0,753200
2016-08-05,57.43000030517578,57.88999938964844,56.20000076293945,56.7599983215332,722700
2016-08-08,57.9900016784668,58.150001525878906,57.119998931884766,57.43000030517578,778400
2016-08-09,62.81999969482422,64.68000030517578,60.56999969482422,63.9900016784668,1631900
2016-08-10,64.81999969482422,67.2699966430664,62.70000076293945,63.4900016784668,1824800
2016-08-11,64.93000030517578,65.19999694824219,63.529998779296875,64.83000183105469,1021600
2016-08-12,66.72000122070312,67.0,64.2699966430664,64.66000366210938,852400
2016-08-15,68.70999908447266,68.77999877929688,66.7300033569336,66.7300033569336,772800
2016-08-16,70.19000244140625,70.25,67.94000244140625,68.44000244140625,762700
2016-08-17,66.88999938964844,71.02999877929688,66.58000183105469,70.30000305175781,950200
2016-08-18,66.8499984741211,67.47000122070312,66.30000305175781,66.88999938964844,655200
2016-08-19,68.88999938964844,68.94999694824219,66.47000122070312,66.47000122070312,642100
2016-08-22,68.55000305175781,68.7699966430664,67.80999755859375,68.69000244140625,417200
2016-08-23,69.38999938964844,69.63999938964844,68.36000061035156,69.1500015258789,290100
2016-08-24,68.91999816894531,69.5199966430664,68.76000213623047,69.12999725341797,354800
2016-08-25,69.95999908447266,70.12000274658203,68.2300033569336,68.5199966430664,475700
2016-08-26,70.44999694824219,70.72000122070312,69.55000305175781,69.80000305175781,420800
2016-08-29,71.19000244140625,71.61000061035156,70.05000305175781,70.44999694824219,247300
2016-08-30,70.87000274658203,71.41999816894531,70.23999786376953,70.72000122070312,389100
2016-08-31,69.95999908447266,70.5199966430664,69.48999786376953,70.4800033569336,465100
2016-09-01,69.29000091552734,70.66000366210938,68.44000244140625,69.70999908447266,695000
2016-09-02,69.62999725341797,69.93000030517578,68.88999938964844,69.62000274658203,676000
2016-09-06,69.2300033569336,70.2300033569336,68.98999786376953,69.55999755859375,378300
2016-09-07,68.94999694824219,69.55000305175781,68.3499984741211,68.70999908447266,564800
2016-09-08,68.19000244140625,69.04000091552734,67.9800033569336,68.9800033569336,455700
2016-09-09,66.12000274658203,68.3499984741211,65.83000183105469,67.94999694824219,503100
2016-09-12,66.87999725341797,67.2699966430664,65.45999908447266,65.45999908447266,596200
2016-09-13,66.18000030517578,67.02999877929688,65.81999969482422,66.55999755859375,367800
2016-09-14,65.12000274658203,66.36000061035156,64.87000274658203,66.30000305175781,430400
2016-09-15,67.13999938964844,67.43000030517578,64.62000274658203,65.12999725341797,325000
2016-09-16,67.26000213623047,67.38999938964844,66.4000015258789,66.72000122070312,412500
2016-09-19,68.7699966430664,69.51000213623047,66.72000122070312,67.3499984741211,482100
2016-09-20,68.55999755859375,69.13999938964844,68.11000061035156,69.13999938964844,295100
2016-09-21,70.44000244140625,70.56999969482422,68.69999694824219,68.69999694824219,317700
2016-09-22,71.05999755859375,71.41999816894531,70.41000366210938,71.0,335400
2016-09-23,69.0,71.08999633789062,68.88999938964844,70.5999984741211,239600
2016-09-26,68.56999969482422,69.2300033569336,68.2699966430664,68.83999633789062,259500
2016-09-27,68.94999694824219,69.55000305175781,68.36000061035156,68.43000030517578,190600
2016-09-28,69.83999633789062,70.30000305175781,69.19000244140625,69.27999877929688,318000
2016-09-29,69.04000091552734,69.88999938964844,68.66999816894531,69.62000274658203,233500
2016-09-30,69.61000061035156,69.83000183105469,68.77999877929688,69.18000030517578,394900
2016-10-03,69.91999816894531,70.52999877929688,69.06999969482422,69.13999938964844,334300
2016-10-04,69.41000366210938,70.61000061035156,69.33999633789062,69.93000030517578,257600
2016-10-05,70.0,70.94999694824219,68.61000061035156,69.9800033569336,398300
2016-10-06,69.05999755859375,70.05999755859375,68.87999725341797,69.97000122070312,395400
2016-10-07,68.72000122070312,69.13999938964844,67.87000274658203,68.9000015258789,287300
2016-10-10,68.68000030517578,69.93000030517578,68.63999938964844,69.29000091552734,215500
2016-10-11,66.80999755859375,68.58000183105469,65.86000061035156,68.56999969482422,682900
2016-10-12,66.56999969482422,67.12999725341797,66.18000030517578,66.7300033569336,436900
2016-10-13,64.87999725341797,65.88999938964844,63.849998474121094,65.88999938964844,490300
2016-10-14,65.01000213623047,66.81999969482422,64.41000366210938,65.56999969482422,289400
2016-10-17,65.27999877929688,65.5,64.80000305175781,65.12999725341797,188500
2016-10-18,65.36000061035156,66.1500015258789,64.9000015258789,66.1500015258789,195300
2016-10-19,65.45999908447266,66.04000091552734,64.94000244140625,65.41999816894531,204900
2016-10-20,65.2699966430664,66.02999877929688,65.12000274658203,65.12000274658203,297500
2016-10-21,64.69999694824219,65.30999755859375,64.4800033569336,65.06999969482422,261500
2016-10-24,65.43000030517578,65.95999908447266,64.91000366210938,64.91000366210938,218700
2016-10-25,65.06999969482422,65.73999786376953,64.86000061035156,65.44999694824219,237600
2016-10-26,67.1500015258789,67.37999725341797,64.66999816894531,64.66999816894531,349800
2016-10-27,66.33000183105469,67.45999908447266,66.16999816894531,67.45999908447266,198600
2016-10-28,66.2699966430664,67.37999725341797,65.87999725341797,66.5,230900
2016-10-31,65.83999633789062,66.98999786376953,65.68000030517578,66.02999877929688,403900
2016-11-01,66.58000183105469,66.62999725341797,65.02999877929688,65.69999694824219,486800
2016-11-02,65.44999694824219,66.4800033569336,64.47000122070312,66.23999786376953,595200
2016-11-03,64.08000183105469,66.05999755859375,63.869998931884766,65.45999908447266,453400
2016-11-04,62.970001220703125,64.44000244140625,62.90999984741211,64.29000091552734,497400
2016-11-07,64.69000244140625,65.29000091552734,63.79999923706055,64.04000091552734,532700
2016-11-08,64.80999755859375,65.2699966430664,63.810001373291016,64.70999908447266,394500
2016-11-09,67.1500015258789,67.63999938964844,63.540000915527344,63.970001220703125,370200
2016-11-10,68.18000030517578,69.68000030517578,67.55000305175781,67.83999633789062,952900
2016-11-11,66.87999725341797,68.19999694824219,66.45999908447266,67.95999908447266,787000
2016-11-14,66.80999755859375,67.18000030517578,65.69000244140625,67.18000030517578,686600
2016-11-15,75.45999908447266,76.61000061035156,67.27999877929688,67.91999816894531,3211300
2016-11-16,72.94999694824219,75.87999725341797,72.22000122070312,75.4000015258789,1273200
2016-11-17,73.94000244140625,74.19000244140625,71.55000305175781,72.97000122070312,718200
2016-11-18,75.01000213623047,75.80000305175781,72.7300033569336,73.51000213623047,509600
2016-11-21,75.43000030517578,76.11000061035156,74.91999816894531,75.48999786376953,440600
2016-11-22,77.11000061035156,77.20999908447266,75.6500015258789,76.04000091552734,378700
2016-11-23,79.0999984741211,79.12000274658203,77.0,77.02999877929688,699600
2016-11-25,79.0999984741211,79.18000030517578,75.94000244140625,79.0999984741211,183900
2016-11-28,78.12000274658203,78.95999908447266,77.27999877929688,78.58999633789062,457800
2016-11-29,78.80999755859375,79.26000213623047,77.5199966430664,77.80000305175781,456000
2016-11-30,79.05000305175781,79.83999633789062,78.41999816894531,79.31999969482422,424900
2016-12-01,76.83999633789062,79.81999969482422,76.63999938964844,79.81999969482422,640800
2016-12-02,78.3499984741211,78.70999908447266,75.69999694824219,76.83000183105469,366100
2016-12-05,80.94000244140625,81.20999908447266,78.45999908447266,78.83999633789062,532700
2016-12-06,81.61000061035156,82.18000030517578,79.81999969482422,81.38999938964844,350900
2016-12-07,82.91999816894531,83.1500015258789,79.9800033569336,81.5,465600
2016-12-08,83.38999938964844,83.87000274658203,82.51000213623047,83.37999725341797,299600
2016-12-09,83.2699966430664,85.37999725341797,82.86000061035156,84.16000366210938,310200
2016-12-12,82.80000305175781,83.98999786376953,82.45999908447266,83.43000030517578,369100
2016-12-13,84.5,85.01000213623047,83.0,83.4000015258789,382200
2016-12-14,84.52999877929688,85.11000061035156,80.61000061035156,84.12999725341797,414500
2016-12-15,85.19999694824219,85.37000274658203,84.20999908447266,84.66999816894531,335000
2016-12-16,84.5199966430664,85.61000061035156,84.08999633789062,85.11000061035156,630600
2016-12-19,86.27999877929688,86.55000305175781,82.97000122070312,84.97000122070312,426400
2016-12-20,87.48999786376953,87.94999694824219,85.91000366210938,87.37999725341797,374900
2016-12-21,86.7699966430664,87.94000244140625,86.58999633789062,87.1500015258789,253900
2016-12-22,86.16999816894531,87.52999877929688,85.87999725341797,87.05000305175781,246700
2016-12-23,86.41999816894531,86.56999969482422,85.72000122070312,86.06999969482422,106200
2016-12-27,87.05000305175781,87.66999816894531,85.33000183105469,86.69000244140625,154300
2016-12-28,85.61000061035156,88.0,85.30999755859375,87.19000244140625,144000
2016-12-29,85.94000244140625,86.25,84.61000061035156,85.41000366210938,177400
2016-12-30,85.76000213623047,86.30000305175781,85.33000183105469,86.05999755859375,219800
2017-01-03,86.25,87.27999877929688,85.5999984741211,86.58000183105469,388200
2017-01-04,87.02999877929688,88.02999877929688,85.75,85.75,463200
2017-01-05,84.75,87.19999694824219,84.31999969482422,86.52999877929688,486600
2017-01-06,85.95999908447266,86.2300033569336,84.02999877929688,84.98999786376953,308300
2017-01-09,85.97000122070312,86.73999786376953,85.23999786376953,85.68000030517578,263300
2017-01-10,85.44000244140625,86.44999694824219,85.26000213623047,86.44999694824219,420500
2017-01-11,84.98999786376953,86.8499984741211,84.81999969482422,85.2300033569336,346100
2017-01-12,83.76000213623047,84.80000305175781,81.62999725341797,84.5199966430664,456500
2017-01-13,83.88999938964844,85.06999969482422,83.86000061035156,84.19000244140625,402400
2017-01-17,82.9800033569336,84.29000091552734,82.7300033569336,83.51000213623047,199500
2017-01-18,83.97000122070312,84.13999938964844,83.0199966430664,83.06999969482422,274800
2017-01-19,83.75,84.83000183105469,83.43000030517578,83.91000366210938,224700
2017-01-20,83.47000122070312,84.29000091552734,83.0999984741211,84.05999755859375,187000
2017-01-23,84.19000244140625,84.20999908447266,81.7300033569336,83.30999755859375,337900
2017-01-24,84.9800033569336,85.77999877929688,83.94000244140625,84.58999633789062,280200
2017-01-25,85.06999969482422,85.55000305175781,84.12999725341797,85.55000305175781,294100
2017-01-26,84.68000030517578,85.41999816894531,84.4800033569336,84.94000244140625,157400
2017-01-27,84.55999755859375,84.9800033569336,82.45999908447266,84.79000091552734,261300
2017-01-30,84.4800033569336,84.66999816894531,82.5,83.87999725341797,264400
2017-01-31,83.66999816894531,84.63999938964844,82.43000030517578,84.51000213623047,294000
2017-02-01,82.61000061035156,84.93000030517578,82.5199966430664,84.5,434600
2017-02-02,82.7699966430664,83.45999908447266,81.0199966430664,82.52999877929688,406700
2017-02-03,83.48999786376953,83.69000244140625,82.77999877929688,83.04000091552734,360300
2017-02-06,83.06999969482422,84.38999938964844,82.43000030517578,83.18000030517578,198100
2017-02-07,83.58000183105469,83.81999969482422,82.5,83.41000366210938,160100
2017-02-08,83.52999877929688,83.91000366210938,82.48999786376953,83.5,208500
2017-02-09,84.62999725341797,84.95999908447266,83.05000305175781,83.48999786376953,202400
2017-02-10,85.02999877929688,85.31999969482422,84.01000213623047,84.98999786376953,184700
2017-02-13,85.31999969482422,85.9800033569336,84.75,85.16000366210938,172500
2017-02-14,85.37000274658203,85.62999725341797,84.8499984741211,85.31999969482422,200800
2017-02-15,85.80999755859375,85.83000183105469,84.44999694824219,84.44999694824219,214000
2017-02-16,85.2300033569336,85.94999694824219,84.94000244140625,85.7300033569336,369700
2017-02-17,85.98999786376953,85.98999786376953,84.36000061035156,84.73999786376953,236400
2017-02-21,86.68000030517578,86.7699966430664,85.56999969482422,86.20999908447266,360500
2017-02-22,85.7300033569336,86.7699966430664,84.9000015258789,86.4800033569336,358200
2017-02-23,89.9000015258789,93.61000061035156,88.51000213623047,90.0,918900
2017-02-24,92.94000244140625,93.04000091552734,89.3499984741211,89.98999786376953,1079900
2017-02-27,92.38999938964844,93.0999984741211,91.7300033569336,93.0,648000
2017-02-28,90.70999908447266,92.44000244140625,90.69999694824219,92.01000213623047,424500
2017-03-01,90.70999908447266,91.91999816894531,90.2699966430664,91.37999725341797,602600
2017-03-02,88.9800033569336,90.58999633789062,88.2300033569336,90.58999633789062,390700
2017-03-03,89.3499984741211,90.0199966430664,88.61000061035156,89.01000213623047,250300
2017-03-06,88.44999694824219,89.19000244140625,88.13999938964844,89.19000244140625,248600
2017-03-07,88.0199966430664,89.22000122070312,87.9800033569336,88.2699966430664,315400
2017-03-08,88.30999755859375,88.86000061035156,86.45999908447266,88.0,335400
2017-03-09,88.58000183105469,89.11000061035156,87.77999877929688,87.95999908447266,218800
2017-03-10,89.27999877929688,89.44999694824219,88.38999938964844,88.88999938964844,223700
2017-03-13,89.2699966430664,89.95999908447266,88.58000183105469,89.5999984741211,154500
2017-03-14,88.93000030517578,89.41000366210938,87.98999786376953,88.88999938964844,200800
2017-03-15,90.88999938964844,91.43000030517578,87.91000366210938,89.55000305175781,440800
2017-03-16,91.30999755859375,92.06999969482422,90.0199966430664,90.45999908447266,327900
2017-03-17,90.75,92.0,90.2300033569336,91.63999938964844,435300
2017-03-20,90.06999969482422,91.2300033569336,89.91999816894531,90.76000213623047,180400
2017-03-21,86.1500015258789,90.97000122070312,85.87999725341797,90.37000274658203,365900
2017-03-22,86.86000061035156,87.05000305175781,85.0,85.97000122070312,285500
2017-03-23,86.87999725341797,87.86000061035156,86.30000305175781,86.66000366210938,195100
2017-03-24,86.7300033569336,87.79000091552734,86.06999969482422,87.22000122070312,172200
2017-03-27,86.5,87.05999755859375,84.31999969482422,85.91999816894531,217900
2017-03-28,88.58000183105469,88.86000061035156,86.30999755859375,86.91999816894531,284900
2017-03-29,88.83000183105469,88.9800033569336,87.56999969482422,88.62999725341797,257700
2017-03-30,89.55999755859375,90.47000122070312,88.80000305175781,88.80000305175781,312100
2017-03-31,91.25,91.52999877929688,89.11000061035156,89.69000244140625,313800
2017-04-03,91.43000030517578,92.11000061035156,90.83000183105469,91.16000366210938,429400
2017-04-04,91.68000030517578,92.4000015258789,90.93000030517578,91.25,350800
2017-04-05,90.61000061035156,92.79000091552734,90.30999755859375,92.06999969482422,562700
2017-04-06,92.7300033569336,93.2699966430664,90.16999816894531,90.5,222900
2017-04-07,92.12999725341797,92.95999908447266,91.8499984741211,92.16000366210938,318500
2017-04-10,92.12999725341797,93.29000091552734,91.58999633789062,92.08999633789062,156300
2017-04-11,91.93000030517578,92.18000030517578,90.72000122070312,91.79000091552734,211900
2017-04-12,88.70999908447266,92.61000061035156,88.6500015258789,91.76000213623047,314100
2017-04-13,87.33000183105469,89.12999725341797,86.81999969482422,88.55999755859375,323600
2017-04-17,88.87999725341797,88.94999694824219,87.2699966430664,88.0,236000
2017-04-18,89.88999938964844,90.0,88.41000366210938,88.81999969482422,197800
2017-04-19,90.41000366210938,90.54000091552734,89.7699966430664,90.13999938964844,232700
2017-04-20,90.81999969482422,91.37000274658203,90.55999755859375,90.76000213623047,271500
2017-04-21,90.97000122070312,91.13999938964844,89.75,90.83999633789062,214800
2017-04-24,93.0199966430664,93.22000122070312,91.12000274658203,91.91000366210938,304500
2017-04-25,95.04000091552734,96.0,93.30000305175781,93.30000305175781,358000
2017-04-26,93.83999633789062,96.54000091552734,93.6500015258789,95.37999725341797,245600
2017-04-27,94.16000366210938,95.2699966430664,93.37999725341797,94.26000213623047,291900
2017-04-28,94.2699966430664,94.54000091552734,93.11000061035156,94.12999725341797,309700
2017-05-01,94.8499984741211,96.26000213623047,93.86000061035156,94.56999969482422,273000
2017-05-02,93.86000061035156,95.43000030517578,92.81999969482422,95.33999633789062,284900
2017-05-03,93.94000244140625,94.02999877929688,92.66000366210938,93.22000122070312,202600
2017-05-04,94.29000091552734,94.36000061035156,92.77999877929688,94.16999816894531,209100
2017-05-05,96.55999755859375,96.6500015258789,94.33999633789062,94.61000061035156,315000
2017-05-08,96.69000244140625,96.94000244140625,94.62999725341797,96.69999694824219,414600
2017-05-09,98.44999694824219,99.0,96.5199966430664,99.0,957800
2017-05-10,98.87000274658203,100.19000244140625,97.1500015258789,97.45999908447266,578100
2017-05-11,99.0999984741211,99.43000030517578,97.19999694824219,98.27999877929688,315700
2017-05-12,99.63999938964844,99.7300033569336,98.3499984741211,98.94000244140625,229800
2017-05-15,100.69000244140625,100.98999786376953,99.68000030517578,99.7300033569336,357500
2017-05-16,100.5,101.0,99.7699966430664,101.0,290700
2017-05-17,98.11000061035156,99.36000061035156,96.7699966430664,99.27999877929688,440200
2017-05-18,98.11000061035156,99.0,96.5199966430664,97.56999969482422,293800
2017-05-19,98.4800033569336,99.27999877929688,98.12999725341797,98.77999877929688,266700
2017-05-22,103.68000030517578,103.77999877929688,98.94999694824219,99.06999969482422,655400
2017-05-23,102.27999877929688,104.27999877929688,101.6500015258789,104.27999877929688,305700
2017-05-24,104.41000366210938,104.47000122070312,102.0,102.05000305175781,341000
2017-05-25,106.30000305175781,107.2699966430664,104.51000213623047,105.0,427900
2017-05-26,105.91999816894531,106.5,105.0,106.05000305175781,237700
2017-05-30,106.7300033569336,107.1500015258789,105.01000213623047,105.55000305175781,274300
2017-05-31,104.33999633789062,105.94999694824219,102.0999984741211,105.05000305175781,565000
2017-06-01,108.13999938964844,108.2699966430664,104.4800033569336,105.06999969482422,493800
2017-06-02,107.75,108.76000213623047,107.37999725341797,108.33000183105469,346200
2017-06-05,105.9000015258789,108.36000061035156,105.80999755859375,108.04000091552734,273100
2017-06-06,105.23999786376953,106.18000030517578,105.02999877929688,105.02999877929688,308500
2017-06-07,106.56999969482422,106.83999633789062,104.91999816894531,105.79000091552734,431000
2017-06-08,108.02999877929688,108.19999694824219,106.02999877929688,106.5999984741211,438400
2017-06-09,106.08999633789062,109.30000305175781,104.44999694824219,108.11000061035156,526000
2017-06-12,104.13999938964844,105.58999633789062,101.75,105.43000030517578,437000
2017-06-13,104.77999877929688,105.44999694824219,104.02999877929688,105.19999694824219,297800
2017-06-14,103.0,105.52999877929688,102.18000030517578,105.52999877929688,330600
2017-06-15,104.4000015258789,104.44000244140625,101.01000213623047,101.69999694824219,283600
2017-06-16,104.30000305175781,105.52999877929688,102.88999938964844,103.91000366210938,682700
2017-06-19,106.0,106.4800033569336,104.79000091552734,105.16000366210938,519000
2017-06-20,105.83000183105469,106.54000091552734,105.30000305175781,105.8499984741211,326000
2017-06-21,105.1500015258789,106.4000015258789,104.68000030517578,106.19999694824219,295900
2017-06-22,105.08000183105469,105.94000244140625,103.69000244140625,104.94000244140625,320800
2017-06-23,105.25,106.5,104.38999938964844,105.44999694824219,572700
2017-06-26,104.19000244140625,106.62000274658203,103.68000030517578,105.58000183105469,223200
2017-06-27,101.43000030517578,105.44999694824219,101.30999755859375,104.25,226600
2017-06-28,102.0,102.66999816894531,100.7300033569336,101.76000213623047,351000
2017-06-29,100.2300033569336,102.38999938964844,99.08000183105469,102.05000305175781,645700
2017-06-30,100.5199966430664,101.66000366210938,99.73999786376953,100.63999938964844,457100
2017-07-03,99.69000244140625,101.19000244140625,99.01000213623047,100.91000366210938,169400
2017-07-05,99.86000061035156,100.4800033569336,98.61000061035156,99.7300033569336,351200
2017-07-06,98.66000366210938,99.79000091552734,97.83000183105469,99.33000183105469,341500
2017-07-07,99.8499984741211,100.5999984741211,97.8499984741211,99.19000244140625,321500
2017-07-10,100.02999877929688,100.2699966430664,99.06999969482422,99.66000366210938,322500
2017-07-11,100.66999816894531,101.83999633789062,99.52999877929688,100.0,443400
2017-07-12,100.5199966430664,102.22000122070312,100.4800033569336,101.58000183105469,262600
2017-07-13,100.18000030517578,101.01000213623047,99.94000244140625,100.51000213623047,274200
2017-07-14,102.0999984741211,102.26000213623047,100.3499984741211,100.43000030517578,250000
2017-07-17,100.72000122070312,102.79000091552734,100.62000274658203,102.3499984741211,173700
2017-07-18,100.5199966430664,101.19999694824219,99.7699966430664,100.8499984741211,224100
2017-07-19,100.62000274658203,101.20999908447266,99.94999694824219,100.52999877929688,294600
2017-07-20,100.0,100.77999877929688,99.70999908447266,100.70999908447266,288800
2017-07-21,98.83000183105469,100.18000030517578,98.41000366210938,100.18000030517578,313300
2017-07-24,100.31999969482422,100.68000030517578,98.8499984741211,98.8499984741211,306800
2017-07-25,100.22000122070312,100.7699966430664,99.61000061035156,100.7699966430664,583600
2017-07-26,100.05999755859375,101.06999969482422,99.86000061035156,100.38999938964844,217300
2017-07-27,102.7699966430664,103.12999725341797,100.54000091552734,100.58000183105469,414100
2017-07-28,102.76000213623047,103.69000244140625,101.44999694824219,102.5199966430664,388100
2017-07-31,101.72000122070312,103.12000274658203,101.69000244140625,102.8499984741211,267900
2017-08-01,101.1500015258789,102.25,101.0999984741211,102.0999984741211,265200
2017-08-02,97.75,101.29000091552734,97.0199966430664,101.29000091552734,424000
2017-08-03,95.97000122070312,98.0199966430664,95.87999725341797,97.4800033569336,302000
2017-08-04,96.19999694824219,97.4800033569336,95.58000183105469,96.0,407700
2017-08-07,97.25,97.55000305175781,94.77999877929688,96.27999877929688,782200
2017-08-08,106.6500015258789,107.3499984741211,98.5,99.0,1203800
2017-08-09,103.83999633789062,107.29000091552734,102.87999725341797,107.05999755859375,677200
2017-08-10,102.5,104.98999786376953,102.04000091552734,103.11000061035156,420400
2017-08-11,103.48999786376953,105.16000366210938,102.23999786376953,102.47000122070312,365000
2017-08-14,103.19000244140625,105.52999877929688,103.16000366210938,105.52999877929688,376700
2017-08-15,106.0999984741211,107.1500015258789,101.37999725341797,103.55999755859375,555100
2017-08-16,106.44000244140625,108.98999786376953,105.69000244140625,106.1500015258789,508800
2017-08-17,103.06999969482422,106.12000274658203,103.02999877929688,106.12000274658203,254100
2017-08-18,102.91999816894531,103.79000091552734,101.91999816894531,102.54000091552734,258400
2017-08-21,102.19999694824219,103.72000122070312,102.1500015258789,102.94000244140625,428200
2017-08-22,103.29000091552734,103.9000015258789,102.30999755859375,102.91999816894531,213100
2017-08-23,102.93000030517578,104.04000091552734,102.69000244140625,102.69999694824219,171700
2017-08-24,102.4800033569336,103.5999984741211,102.25,103.0,252800
2017-08-25,102.7699966430664,103.48999786376953,102.5999984741211,103.01000213623047,193000
2017-08-28,102.81999969482422,103.30999755859375,102.55999755859375,102.80000305175781,273800
2017-08-29,101.58999633789062,102.5999984741211,101.16999816894531,102.19999694824219,272300
2017-08-30,101.9800033569336,102.38999938964844,101.37000274658203,101.7300033569336,239200
2017-08-31,103.08999633789062,103.37000274658203,101.72000122070312,102.0199966430664,255900
2017-09-01,104.18000030517578,104.54000091552734,102.79000091552734,103.38999938964844,206500
2017-09-05,100.73999786376953,104.37999725341797,99.87000274658203,104.19999694824219,242000
2017-09-06,100.8499984741211,101.56999969482422,100.02999877929688,100.87000274658203,295900
2017-09-07,100.75,101.12000274658203,100.12000274658203,101.12000274658203,201300
2017-09-08,99.76000213623047,100.72000122070312,99.58999633789062,100.38999938964844,155100
2017-09-11,103.12999725341797,103.5,100.91000366210938,100.98999786376953,280100
2017-09-12,103.44999694824219,104.30000305175781,102.18000030517578,103.69000244140625,187400
2017-09-13,104.19999694824219,104.36000061035156,102.4000015258789,102.81999969482422,403600
2017-09-14,105.4800033569336,105.5199966430664,103.51000213623047,104.2699966430664,361600
2017-09-15,105.81999969482422,105.9800033569336,104.75,105.5,417100
2017-09-18,108.04000091552734,108.13999938964844,105.9000015258789,106.04000091552734,507400
2017-09-19,108.16000366210938,108.9800033569336,107.4800033569336,108.12000274658203,370600
2017-09-20,106.86000061035156,108.38999938964844,106.41999816894531,108.38999938964844,342100
2017-09-21,107.68000030517578,108.76000213623047,106.55999755859375,107.04000091552734,242800
2017-09-22,108.91000366210938,109.19000244140625,106.7699966430664,107.30000305175781,179100
2017-09-25,106.69000244140625,108.44999694824219,106.45999908447266,108.41000366210938,250100
2017-09-26,106.16000366210938,107.75,105.94000244140625,106.69999694824219,350900
2017-09-27,106.76000213623047,107.44000244140625,105.7699966430664,106.81999969482422,306700
2017-09-28,109.04000091552734,109.88999938964844,106.26000213623047,106.72000122070312,315600
2017-09-29,108.58000183105469,109.68000030517578,107.11000061035156,108.95999908447266,269400
2017-10-02,109.87999725341797,111.2300033569336,108.41000366210938,108.4800033569336,393000
2017-10-03,110.80000305175781,111.11000061035156,109.36000061035156,109.91000366210938,542100
2017-10-04,111.4000015258789,112.52999877929688,110.94000244140625,111.0,348100
2017-10-05,111.0199966430664,112.05999755859375,110.80999755859375,111.66000366210938,183800
2017-10-06,110.76000213623047,111.62000274658203,110.01000213623047,110.30000305175781,272700
2017-10-09,109.91000366210938,110.98999786376953,109.79000091552734,110.98999786376953,109000
2017-10-10,110.2699966430664,110.63999938964844,108.9800033569336,110.63999938964844,146000
2017-10-11,111.30000305175781,111.36000061035156,110.20999908447266,110.62999725341797,272800
2017-10-12,110.08999633789062,111.36000061035156,109.98999786376953,111.29000091552734,170500
2017-10-13,109.79000091552734,110.66000366210938,109.58999633789062,110.66000366210938,162600
2017-10-16,110.16000366210938,110.5199966430664,109.5999984741211,110.1500015258789,291800
2017-10-17,110.87999725341797,110.94000244140625,109.12000274658203,109.86000061035156,127700
2017-10-18,112.76000213623047,113.12000274658203,111.1500015258789,111.47000122070312,217700
2017-10-19,112.12999725341797,112.62999725341797,110.56999969482422,112.06999969482422,170200
2017-10-20,111.37999725341797,112.66999816894531,111.2300033569336,112.55999755859375,182300
2017-10-23,111.45999908447266,111.68000030517578,110.41999816894531,111.18000030517578,119900
2017-10-24,111.77999877929688,112.31999969482422,111.33999633789062,111.77999877929688,174700
2017-10-25,110.80000305175781,112.48999786376953,110.12000274658203,111.77999877929688,202300
2017-10-26,111.4800033569336,111.7699966430664,110.20999908447266,111.05000305175781,206600
2017-10-27,111.61000061035156,111.97000122070312,110.55999755859375,111.48999786376953,225300
2017-10-30,110.47000122070312,111.7300033569336,109.79000091552734,111.4000015258789,192700
2017-10-31,115.98999786376953,117.44000244140625,113.81999969482422,114.05000305175781,498400
2017-11-01,113.7699966430664,117.05000305175781,113.12000274658203,117.05000305175781,265100
2017-11-02,112.69999694824219,114.6500015258789,111.26000213623047,113.5999984741211,206100
2017-11-03,114.33000183105469,114.4000015258789,112.2699966430664,113.12999725341797,378400
2017-11-06,115.79000091552734,116.41000366210938,113.41999816894531,114.23999786376953,596200
2017-11-07,109.30999755859375,114.52999877929688,106.37000274658203,110.5999984741211,1279200
2017-11-08,106.61000061035156,111.19999694824219,106.41999816894531,110.19000244140625,795300
2017-11-09,104.43000030517578,106.30000305175781,103.12000274658203,106.30000305175781,406200
2017-11-10,104.41999816894531,104.9800033569336,102.62000274658203,104.44000244140625,321000
2017-11-13,104.94000244140625,105.48999786376953,102.76000213623047,103.66999816894531,335600
2017-11-14,104.98999786376953,105.48999786376953,104.16000366210938,104.97000122070312,345400
2017-11-15,104.33999633789062,105.06999969482422,103.0199966430664,104.16999816894531,244300
2017-11-16,107.86000061035156,108.02999877929688,104.69000244140625,104.69000244140625,391900
2017-11-17,108.76000213623047,109.83000183105469,106.5,107.30000305175781,471000
2017-11-20,108.88999938964844,109.52999877929688,107.9000015258789,109.25,318500
2017-11-21,108.7699966430664,109.97000122070312,108.56999969482422,109.29000091552734,284400
2017-11-22,108.55999755859375,110.4000015258789,108.0,108.83999633789062,225100
2017-11-24,109.12999725341797,109.98999786376953,108.62999725341797,108.79000091552734,82800
2017-11-27,108.7300033569336,109.88999938964844,108.25,109.31999969482422,200100
2017-11-28,109.33999633789062,109.5199966430664,108.26000213623047,108.77999877929688,189700
2017-11-29,109.43000030517578,112.38999938964844,108.58000183105469,111.62999725341797,319500
2017-11-30,110.31999969482422,110.7699966430664,109.36000061035156,110.05999755859375,221900
2017-12-01,110.36000061035156,110.8499984741211,108.44999694824219,110.33000183105469,350900
2017-12-04,109.51000213623047,111.69999694824219,109.41000366210938,111.43000030517578,360400
2017-12-05,107.36000061035156,110.12999725341797,107.13999938964844,109.31999969482422,266000
2017-12-06,105.30999755859375,108.12000274658203,105.25,106.93000030517578,314500
2017-12-07,107.66999816894531,108.16999816894531,105.72000122070312,105.76000213623047,341800
2017-12-08,107.91000366210938,108.9800033569336,107.4000015258789,108.44000244140625,174200
2017-12-11,107.70999908447266,108.38999938964844,107.62999725341797,107.94999694824219,180000
2017-12-12,106.43000030517578,108.29000091552734,106.33000183105469,107.75,253300
2017-12-13,105.98999786376953,107.20999908447266,105.75,106.69999694824219,176700
2017-12-14,104.13999938964844,107.01000213623047,103.87999725341797,105.87000274658203,239600
2017-12-15,101.83000183105469,105.37999725341797,101.48999786376953,104.41000366210938,763600
2017-12-18,103.6500015258789,104.52999877929688,102.62000274658203,102.62000274658203,325800
2017-12-19,103.93000030517578,104.97000122070312,103.7300033569336,103.7300033569336,238000
2017-12-20,106.37999725341797,106.66000366210938,104.11000061035156,104.7699966430664,486000
2017-12-21,106.52999877929688,106.94000244140625,105.58999633789062,106.5999984741211,372100
2017-12-22,105.1500015258789,106.72000122070312,104.27999877929688,106.2699966430664,138300
2017-12-26,104.79000091552734,105.3499984741211,104.26000213623047,104.88999938964844,157300
2017-12-27,104.94999694824219,105.88999938964844,104.7699966430664,104.7699966430664,106100
2017-12-28,104.27999877929688,105.19000244140625,103.66000366210938,105.12999725341797,119000
2017-12-29,103.80000305175781,104.94000244140625,103.27999877929688,104.33000183105469,159500
2018-01-02,103.70999908447266,105.13999938964844,102.75,104.0999984741211,310600
2018-01-03,105.7699966430664,106.25,103.4800033569336,103.7300033569336,253000
2018-01-04,107.86000061035156,108.11000061035156,105.83999633789062,106.16999816894531,435200
2018-01-05,109.54000091552734,109.94999694824219,108.01000213623047,108.05999755859375,301800
2018-01-08,110.62999725341797,111.4000015258789,109.56999969482422,109.7300033569336,218600
2018-01-09,114.0199966430664,114.44000244140625,111.33999633789062,111.33999633789062,355400
2018-01-10,114.77999877929688,114.98999786376953,113.18000030517578,113.45999908447266,403000
2018-01-11,121.16999816894531,121.29000091552734,114.29000091552734,114.94999694824219,493200
2018-01-12,123.1500015258789,123.66000366210938,119.8499984741211,121.0,420800
2018-01-16,123.37999725341797,124.62000274658203,123.02999877929688,123.16000366210938,402100
2018-01-17,123.77999877929688,124.37999725341797,123.20999908447266,123.52999877929688,444900
2018-01-18,123.2300033569336,124.80000305175781,123.04000091552734,124.20999908447266,387200
2018-01-19,123.75,124.44999694824219,122.19000244140625,123.62000274658203,310400
2018-01-22,124.29000091552734,124.3499984741211,122.05000305175781,123.2699966430664,186700
2018-01-23,125.68000030517578,126.27999877929688,122.94999694824219,124.29000091552734,392800
2018-01-24,123.3499984741211,126.48999786376953,123.1500015258789,125.69000244140625,448700
2018-01-25,123.5,124.73999786376953,122.27999877929688,123.8499984741211,246200
2018-01-26,123.4800033569336,124.58000183105469,122.79000091552734,123.87999725341797,405100
2018-01-29,124.61000061035156,125.33999633789062,122.0999984741211,123.7699966430664,234300
2018-01-30,124.12999725341797,124.69000244140625,122.94000244140625,124.19999694824219,244800
2018-01-31,123.16000366210938,125.94999694824219,122.83000183105469,125.55000305175781,214800
2018-02-01,121.5,123.25,120.75,122.55000305175781,262100
2018-02-02,120.7300033569336,122.77999877929688,120.13999938964844,121.93000030517578,287500
2018-02-05,117.0199966430664,121.83999633789062,117.0199966430664,119.27999877929688,373700
2018-02-06,116.51000213623047,117.45999908447266,113.33000183105469,115.5199966430664,283600
2018-02-07,116.43000030517578,117.12999725341797,115.33000183105469,116.18000030517578,240400
2018-02-08,113.54000091552734,117.93000030517578,113.5199966430664,116.9000015258789,253100
2018-02-09,114.91999816894531,115.66000366210938,110.4800033569336,114.80000305175781,410100
2018-02-12,116.01000213623047,116.98999786376953,114.56999969482422,115.36000061035156,253600
2018-02-13,116.70999908447266,116.94000244140625,115.37999725341797,115.69999694824219,199200
2018-02-14,118.80000305175781,118.93000030517578,116.0,116.2699966430664,299500
2018-02-15,120.54000091552734,120.62000274658203,118.25,119.66000366210938,287800
2018-02-16,120.25,121.01000213623047,119.6500015258789,120.13999938964844,223900
2018-02-20,120.06999969482422,121.51000213623047,119.3499984741211,119.91000366210938,537500
2018-02-21,120.3499984741211,122.06999969482422,120.08999633789062,120.31999969482422,645800
2018-02-22,135.24000549316406,137.55999755859375,127.51000213623047,129.0,1421300
2018-02-23,141.89999389648438,142.64999389648438,136.82000732421875,137.0,797800
2018-02-26,140.99000549316406,144.52999877929688,140.25,142.24000549316406,771800
2018-02-27,140.3699951171875,143.52000427246094,140.32000732421875,142.19000244140625,516500
2018-02-28,138.13999938964844,141.75999450683594,137.8000030517578,140.39999389648438,315200
2018-03-01,140.67999267578125,141.8300018310547,136.22999572753906,138.66000366210938,375600
2018-03-02,135.4499969482422,140.0,135.16000366210938,139.3000030517578,398100
2018-03-05,141.02000427246094,141.41000366210938,132.64999389648438,135.27000427246094,546300
2018-03-06,143.22000122070312,143.41000366210938,141.4499969482422,141.55999755859375,384500
2018-03-07,143.97999572753906,145.5500030517578,141.02000427246094,141.86000061035156,381000
2018-03-08,141.39999389648438,144.97999572753906,141.27000427246094,144.82000732421875,253800
2018-03-09,141.17999267578125,143.9199981689453,139.9499969482422,141.52999877929688,611500
2018-03-12,144.75,145.17999267578125,142.75,142.75,365000
2018-03-13,144.1999969482422,145.17999267578125,142.75,142.75,803600
2018-03-14,146.7899932861328,147.88999938964844,144.3699951171875,144.77999877929688,460500
2018-03-15,144.39999389648438,147.99000549316406,144.1199951171875,147.32000732421875,331800
2018-03-16,143.33999633789062,145.10000610351562,143.33999633789062,144.27999877929688,532900
2018-03-19,139.88999938964844,142.9499969482422,139.25,142.8000030517578,353400
2018-03-20,142.33999633789062,142.55999755859375,139.8800048828125,139.89999389648438,275700
2018-03-21,143.4600067138672,144.64999389648438,142.64999389648438,142.69000244140625,286600
2018-03-22,138.2899932861328,142.60000610351562,138.1199951171875,141.9600067138672,397900
2018-03-23,136.35000610351562,140.6699981689453,136.22000122070312,138.69000244140625,308200
2018-03-26,140.39999389648438,142.25999450683594,138.0500030517578,140.22000122070312,516400
2018-03-27,135.4600067138672,140.6300048828125,134.82000732421875,140.6300048828125,384200
2018-03-28,135.9499969482422,137.14999389648438,132.94000244140625,135.02000427246094,363100
2018-03-29,139.19000244140625,140.0,136.63999938964844,137.05999755859375,224200
2018-04-02,137.39999389648438,139.97999572753906,135.02000427246094,137.86000061035156,430400
2018-04-03,139.80999755859375,140.94000244140625,134.4600067138672,138.35000610351562,622700
2018-04-04,139.47999572753906,140.27999877929688,136.75,138.19000244140625,587000
2018-04-05,139.17999267578125,140.3300018310547,138.52999877929688,140.0800018310547,303400
2018-04-06,135.44000244140625,139.86000061035156,134.5,138.5,342100
2018-04-09,136.14999389648438,138.7100067138672,135.9499969482422,136.33999633789062,216400
2018-04-10,141.58999633789062,142.77000427246094,137.9199981689453,138.1999969482422,340200
2018-04-11,141.25,142.0399932861328,138.75,140.47000122070312,223000
2018-04-12,141.3000030517578,143.39999389648438,141.27000427246094,141.85000610351562,331900
2018-04-13,141.24000549316406,142.99000549316406,141.08999633789062,141.6999969482422,330700
2018-04-16,141.7899932861328,142.9499969482422,140.17999267578125,142.5,234700
2018-04-17,144.27999877929688,144.7100067138672,142.44000244140625,143.22000122070312,316400
2018-04-18,145.50999450683594,146.6999969482422,142.89999389648438,144.99000549316406,239000
2018-04-19,142.5,145.77999877929688,141.97999572753906,145.22000122070312,162600
2018-04-20,142.14999389648438,143.19000244140625,140.7899932861328,142.0500030517578,250200
2018-04-23,139.55999755859375,143.72000122070312,138.67999267578125,142.97000122070312,247200
2018-04-24,137.75,142.08999633789062,136.2899932861328,140.13999938964844,294100
2018-04-25,136.8800048828125,138.9199981689453,135.75,137.86000061035156,418400
2018-04-26,136.36000061035156,137.97000122070312,135.19000244140625,136.91000366210938,266900
2018-04-27,135.1300048828125,138.35000610351562,134.27000427246094,136.8000030517578,320500
2018-04-30,134.8300018310547,136.94000244140625,134.77999877929688,135.1199951171875,231400
2018-05-01,136.77999877929688,137.07000732421875,133.74000549316406,134.35000610351562,333600
2018-05-02,133.1199951171875,137.0399932861328,132.91000366210938,135.17999267578125,434000
2018-05-03,133.5399932861328,134.0500030517578,130.7899932861328,132.44000244140625,396400
2018-05-04,134.6699981689453,135.88999938964844,132.35000610351562,133.1699981689453,362900
2018-05-07,137.47999572753906,137.75,134.9600067138672,135.3800048828125,426500
2018-05-08,153.24000549316406,157.17999267578125,144.99000549316406,145.92999267578125,1501200
2018-05-09,149.57000732421875,155.66000366210938,149.13999938964844,155.2899932861328,536100
2018-05-10,153.1199951171875,154.55999755859375,149.64999389648438,149.97000122070312,375800
2018-05-11,155.57000732421875,155.6999969482422,152.91000366210938,153.49000549316406,445400
2018-05-14,153.64999389648438,156.0,153.0,155.27999877929688,314600
2018-05-15,154.4499969482422,154.72000122070312,149.72000122070312,152.13999938964844,378900
2018-05-16,156.0399932861328,156.80999755859375,152.11000061035156,153.85000610351562,334500
2018-05-17,153.6300048828125,156.25,152.27000427246094,155.02999877929688,308400
2018-05-18,152.6300048828125,154.58999633789062,152.60000610351562,152.6999969482422,177000
2018-05-21,154.16000366210938,155.14999389648438,152.02999877929688,152.02999877929688,223300
2018-05-22,154.19000244140625,155.69000244140625,153.52999877929688,154.5800018310547,245500
2018-05-23,152.9600067138672,154.00999450683594,152.27999877929688,154.00999450683594,195200
2018-05-24,153.80999755859375,154.4499969482422,152.02000427246094,153.08999633789062,312200
2018-05-25,154.9499969482422,155.22000122070312,153.3800048828125,153.6999969482422,272700
2018-05-29,153.99000549316406,156.32000732421875,153.6300048828125,154.02000427246094,250800
2018-05-30,156.1300048828125,156.89999389648438,153.42999267578125,154.3800048828125,360200
2018-05-31,153.50999450683594,157.8000030517578,152.57000732421875,156.4199981689453,536900
2018-06-01,152.49000549316406,154.47000122070312,152.1999969482422,154.00999450683594,715300
2018-06-04,153.3000030517578,153.91000366210938,152.57000732421875,152.86000061035156,519500
2018-06-05,156.77999877929688,156.89999389648438,154.0,154.27999877929688,522200
2018-06-06,158.97999572753906,159.39999389648438,156.05999755859375,157.1699981689453,465800
2018-06-07,158.1699981689453,159.8300018310547,157.88999938964844,159.47999572753906,429600
2018-06-08,160.66000366210938,161.72000122070312,157.83999633789062,158.72999572753906,662900
2018-06-11,158.77999877929688,161.3800048828125,158.60000610351562,160.9600067138672,263700
2018-06-12,160.94000244140625,161.1300048828125,158.77000427246094,158.77000427246094,264200
2018-06-13,158.02000427246094,160.25999450683594,157.75,160.22000122070312,283600
2018-06-14,157.72999572753906,159.72999572753906,157.6199951171875,158.9199981689453,261000
2018-06-15,155.9600067138672,157.47000122070312,154.52999877929688,155.47000122070312,863200
2018-06-18,155.0399932861328,157.80999755859375,154.94000244140625,155.86000061035156,516700
2018-06-19,152.55999755859375,154.99000549316406,149.4499969482422,153.0,515200
2018-06-20,153.02999877929688,155.27999877929688,152.72000122070312,153.13999938964844,231900
2018-06-21,150.69000244140625,153.58999633789062,150.1999969482422,153.0,316300
2018-06-22,147.8800048828125,151.83999633789062,147.75,151.83999633789062,482000
2018-06-25,142.2100067138672,147.75,141.02999877929688,147.75,562400
2018-06-26,143.22000122070312,144.36000061035156,141.36000061035156,143.1999969482422,568900
2018-06-27,141.75999450683594,144.77999877929688,141.6699981689453,143.9600067138672,384200
2018-06-28,143.30999755859375,143.83999633789062,140.07000732421875,140.94000244140625,230100
2018-06-29,143.25,145.69000244140625,143.22000122070312,144.11000061035156,255400
2018-07-02,148.27999877929688,148.57000732421875,140.60000610351562,141.88999938964844,594000
2018-07-03,148.32000732421875,150.4199981689453,147.24000549316406,148.86000061035156,324200
2018-07-05,148.25,150.66000366210938,147.32000732421875,149.9600067138672,448300
2018-07-06,148.25,149.13999938964844,147.11000061035156,147.75999450683594,150500
2018-07-09,149.72000122070312,150.32000732421875,148.61000061035156,149.66000366210938,286300
2018-07-10,149.8699951171875,150.6300048828125,149.00999450683594,149.5,270200
2018-07-11,146.6699981689453,149.1199951171875,146.1699981689453,149.1199951171875,285500
2018-07-12,149.36000061035156,149.60000610351562,147.5500030517578,147.94000244140625,434300
2018-07-13,149.42999267578125,149.9600067138672,148.5,149.3300018310547,584700
2018-07-16,146.8000030517578,149.3300018310547,145.6999969482422,148.58999633789062,267400
2018-07-17,148.22000122070312,148.41000366210938,145.64999389648438,146.80999755859375,325800
2018-07-18,149.08999633789062,150.0,147.64999389648438,147.85000610351562,590000
2018-07-19,148.9499969482422,149.75999450683594,147.69000244140625,148.9600067138672,306700
2018-07-20,145.9600067138672,148.69000244140625,145.6999969482422,148.66000366210938,180100
2018-07-23,146.16000366210938,146.6300048828125,144.07000732421875,145.6199951171875,353600
2018-07-24,144.05999755859375,147.47999572753906,143.27999877929688,146.94000244140625,213200
2018-07-25,145.39999389648438,145.85000610351562,143.02000427246094,144.07000732421875,220300
2018-07-26,145.91000366210938,146.86000061035156,142.1999969482422,145.2100067138672,134200
2018-07-27,140.52999877929688,147.3000030517578,139.39999389648438,146.5500030517578,319600
2018-07-30,136.77000427246094,142.0,136.5,140.57000732421875,459500
2018-07-31,137.92999267578125,140.25999450683594,136.16000366210938,136.66000366210938,366000
2018-08-01,138.8300018310547,140.44000244140625,137.39999389648438,137.39999389648438,457400
2018-08-02,142.0399932861328,142.19000244140625,136.6300048828125,136.6300048828125,331300
2018-08-03,142.24000549316406,144.4600067138672,140.27999877929688,142.2899932861328,267200
2018-08-06,142.14999389648438,143.9499969482422,141.07000732421875,142.25,585100
2018-08-07,166.6199951171875,167.24000549316406,152.77000427246094,154.0,1703700
2018-08-08,157.3800048828125,167.61000061035156,156.83999633789062,165.77999877929688,886400
2018-08-09,161.94000244140625,165.0399932861328,157.5399932861328,158.1699981689453,551500
2018-08-10,161.25999450683594,164.44000244140625,160.3300018310547,161.19000244140625,306200
2018-08-13,161.94000244140625,164.64999389648438,160.41000366210938,161.92999267578125,483700
2018-08-14,164.0,166.86000061035156,157.00999450683594,163.0,524500
2018-08-15,162.4600067138672,163.47000122070312,160.19000244140625,163.05999755859375,413900
2018-08-16,161.88999938964844,164.5,161.47000122070312,164.5,319100
2018-08-17,163.57000732421875,164.38999938964844,160.8800048828125,160.8800048828125,304900
2018-08-20,165.72000122070312,166.38999938964844,163.52999877929688,164.6999969482422,304400
2018-08-21,168.8800048828125,169.3800048828125,165.11000061035156,165.85000610351562,341000
2018-08-22,169.22000122070312,171.22999572753906,167.75999450683594,168.86000061035156,441200
2018-08-23,169.00999450683594,170.57000732421875,168.13999938964844,168.63999938964844,315500
2018-08-24,168.91000366210938,171.14999389648438,168.25999450683594,169.8300018310547,210400
2018-08-27,170.07000732421875,171.25999450683594,168.3800048828125,169.41000366210938,233200
2018-08-28,169.97999572753906,170.9199981689453,168.3699951171875,170.75999450683594,350900
2018-08-29,170.8699951171875,171.6699981689453,169.66000366210938,170.1699981689453,288200
2018-08-30,170.3000030517578,171.67999267578125,169.66000366210938,170.9600067138672,317900
2018-08-31,171.74000549316406,172.0399932861328,169.42999267578125,170.25999450683594,196700
2018-09-04,169.9600067138672,172.72999572753906,168.5399932861328,171.30999755859375,246000
2018-09-05,167.1699981689453,169.6999969482422,165.13999938964844,169.6199951171875,167100
2018-09-06,166.97999572753906,168.57000732421875,165.1300048828125,167.63999938964844,219900
2018-09-07,167.8300018310547,168.69000244140625,165.9600067138672,166.72999572753906,284500
2018-09-10,170.0500030517578,170.32000732421875,166.85000610351562,167.94000244140625,327900
2018-09-11,171.47999572753906,172.88999938964844,168.10000610351562,168.97999572753906,237000
2018-09-12,174.69000244140625,175.25999450683594,171.77000427246094,172.10000610351562,270400
2018-09-13,176.30999755859375,177.55999755859375,174.2899932861328,175.0800018310547,255400
2018-09-14,178.6999969482422,179.47000122070312,175.64999389648438,178.00999450683594,515800
2018-09-17,175.64999389648438,179.32000732421875,174.8800048828125,178.02999877929688,309100
2018-09-18,176.25999450683594,178.14999389648438,174.9199981689453,176.35000610351562,350200
2018-09-19,172.6999969482422,177.52999877929688,171.47999572753906,176.41000366210938,360000
2018-09-20,174.77999877929688,175.19000244140625,172.2100067138672,173.92999267578125,343000
2018-09-21,175.1999969482422,178.13999938964844,174.92999267578125,175.3000030517578,487700
2018-09-24,174.14999389648438,175.8699951171875,172.3300018310547,174.25,211500
2018-09-25,176.0800018310547,176.19000244140625,171.5500030517578,174.66000366210938,382600
2018-09-26,175.36000061035156,177.60000610351562,175.13999938964844,177.50999450683594,360500
2018-09-27,178.24000549316406,179.0800018310547,175.36000061035156,176.0399932861328,439800
2018-09-28,176.8300018310547,178.8800048828125,176.55999755859375,177.4199981689453,320300
2018-10-01,173.1999969482422,177.8000030517578,172.9199981689453,177.72000122070312,318500
2018-10-02,168.99000549316406,174.27999877929688,167.86000061035156,173.4499969482422,337600
2018-10-03,169.41000366210938,171.1300048828125,167.75,169.9600067138672,377700
2018-10-04,165.1999969482422,169.25999450683594,162.6199951171875,169.07000732421875,331500
2018-10-05,162.22999572753906,167.08999633789062,160.17999267578125,165.47000122070312,294500
2018-10-08,158.5,164.05999755859375,155.89999389648438,161.25,496200
2018-10-09,157.3800048828125,161.2899932861328,155.3699951171875,158.42999267578125,458400
2018-10-10,149.5800018310547,157.75999450683594,149.10000610351562,156.33999633789062,859300
2018-10-11,151.0,153.5,147.88999938964844,148.8699951171875,490200
2018-10-12,157.7100067138672,158.5500030517578,151.75999450683594,154.99000549316406,943500
2018-10-15,160.8000030517578,161.9199981689453,155.2100067138672,156.99000549316406,771100
2018-10-16,168.3699951171875,168.85000610351562,160.0,162.07000732421875,503700
2018-10-17,169.05999755859375,169.33999633789062,166.11000061035156,168.3800048828125,326100
2018-10-18,168.49000549316406,169.8699951171875,166.42999267578125,168.7899932861328,421100
2018-10-19,164.9499969482422,170.72000122070312,163.64999389648438,170.02000427246094,398100
2018-10-22,168.17999267578125,169.6300048828125,164.0,165.07000732421875,637800
2018-10-23,166.6999969482422,167.69000244140625,160.91000366210938,165.2899932861328,343300
2018-10-24,159.74000549316406,168.4499969482422,159.38999938964844,166.63999938964844,787700
2018-10-25,162.89999389648438,163.8000030517578,159.42999267578125,160.77999877929688,398900
2018-10-26,160.60000610351562,163.63999938964844,157.2100067138672,159.25999450683594,279200
2018-10-29,155.47999572753906,165.1300048828125,152.80999755859375,163.00999450683594,460800
2018-10-30,163.4199981689453,163.67999267578125,154.60000610351562,157.1999969482422,403800
2018-10-31,166.3000030517578,171.4199981689453,165.94000244140625,165.97999572753906,387100
2018-11-01,169.0,169.83999633789062,165.85000610351562,167.6199951171875,521200
2018-11-02,168.05999755859375,171.55999755859375,166.77000427246094,169.3000030517578,433400
2018-11-05,168.0,168.6300048828125,165.7100067138672,168.1300048828125,519300
2018-11-06,178.74000549316406,184.75,167.33999633789062,179.5399932861328,1238900
2018-11-07,180.24000549316406,182.24000549316406,174.02000427246094,182.24000549316406,678600
2018-11-08,182.47999572753906,184.7100067138672,177.00999450683594,178.19000244140625,629200
2018-11-09,181.5,183.35000610351562,179.6300048828125,182.0,421100
2018-11-12,177.42999267578125,181.66000366210938,174.92999267578125,180.61000061035156,416200
2018-11-13,176.8699951171875,180.5399932861328,175.47999572753906,178.67999267578125,447300
2018-11-14,173.25999450683594,179.50999450683594,172.4600067138672,178.0,332300
2018-11-15,178.91000366210938,180.27999877929688,171.19000244140625,172.00999450683594,766000
2018-11-16,180.6999969482422,183.4600067138672,177.58999633789062,179.35000610351562,682400
2018-11-19,169.41000366210938,181.02000427246094,168.6199951171875,180.86000061035156,427400
2018-11-20,162.2899932861328,168.0,160.50999450683594,166.2899932861328,555900
2018-11-21,164.33999633789062,167.77000427246094,162.41000366210938,165.88999938964844,328800
2018-11-23,165.0,167.3000030517578,162.4600067138672,162.4600067138672,81000
2018-11-26,169.0399932861328,169.27999877929688,166.3300018310547,167.66000366210938,200600
2018-11-27,168.5800018310547,169.58999633789062,166.4600067138672,168.07000732421875,281200
2018-11-28,178.11000061035156,178.57000732421875,169.8699951171875,169.8800048828125,361200
2018-11-29,177.9199981689453,180.77999877929688,176.74000549316406,180.24000549316406,375300
2018-11-30,179.8000030517578,180.22000122070312,176.8000030517578,177.8800048828125,435100
2018-12-03,181.3699951171875,183.5500030517578,176.47000122070312,183.5500030517578,579900
2018-12-04,171.02000427246094,182.64999389648438,170.5,181.1999969482422,607000
2018-12-06,172.5800018310547,172.75,165.3300018310547,168.0500030517578,270400
2018-12-07,165.33999633789062,177.07000732421875,163.17999267578125,172.22999572753906,416200
2018-12-10,167.8699951171875,169.2100067138672,163.7100067138672,165.33999633789062,335300
2018-12-11,169.97000122070312,172.44000244140625,168.6999969482422,171.9199981689453,370600
2018-12-12,173.50999450683594,176.19000244140625,172.17999267578125,173.22999572753906,378900
2018-12-13,172.7899932861328,175.24000549316406,170.82000732421875,174.75999450683594,259700
2018-12-14,171.88999938964844,173.11000061035156,170.25999450683594,170.61000061035156,396900
2018-12-17,158.97000122070312,171.6699981689453,158.32000732421875,171.6699981689453,807300
2018-12-18,162.92999267578125,166.58999633789062,161.00999450683594,161.2899932861328,766400
2018-12-19,159.0399932861328,166.75999450683594,158.39999389648438,163.91000366210938,764200
2018-12-20,150.99000549316406,160.97000122070312,147.55999755859375,158.3000030517578,614700
2018-12-21,146.25,154.02999877929688,146.0399932861328,151.41000366210938,939300
2018-12-24,142.89999389648438,148.22000122070312,140.9499969482422,143.7100067138672,363000
2018-12-26,152.52000427246094,152.75999450683594,143.52999877929688,145.07000732421875,327200
2018-12-27,155.35000610351562,155.36000061035156,148.0399932861328,149.11000061035156,504500
2018-12-28,155.97000122070312,159.5,153.44000244140625,156.97999572753906,344800
2018-12-31,159.22999572753906,159.3300018310547,155.97999572753906,157.07000732421875,409100
2019-01-02,156.24000549316406,157.4600067138672,152.27000427246094,155.99000549316406,347700
2019-01-03,146.8800048828125,153.85000610351562,146.52000427246094,153.85000610351562,514600
2019-01-04,152.97000122070312,154.49000549316406,149.64999389648438,150.50999450683594,723300
2019-01-07,155.2899932861328,156.63999938964844,152.00999450683594,153.52000427246094,1100000
2019-01-08,156.3300018310547,159.0,152.1300048828125,157.35000610351562,838500
2019-01-09,160.2100067138672,161.60000610351562,156.7899932861328,157.7899932861328,541200
2019-01-10,160.35000610351562,160.69000244140625,157.3000030517578,157.5,370400
2019-01-11,163.1999969482422,164.19000244140625,159.02000427246094,160.14999389648438,416200
2019-01-14,163.61000061035156,164.3300018310547,160.61000061035156,162.47999572753906,431900
2019-01-15,166.39999389648438,166.9600067138672,163.6199951171875,163.85000610351562,427500
2019-01-16,168.72999572753906,169.3800048828125,166.1699981689453,166.64999389648438,435300
2019-01-17,175.58999633789062,177.0,167.82000732421875,167.82000732421875,657000
2019-01-18,177.7899932861328,179.80999755859375,175.74000549316406,176.83999633789062,362700
2019-01-22,173.00999450683594,177.58999633789062,171.1300048828125,176.55999755859375,451400
2019-01-23,173.14999389648438,176.57000732421875,172.02000427246094,174.13999938964844,325400
2019-01-24,174.63999938964844,175.24000549316406,172.97000122070312,173.44000244140625,390500
2019-01-25,175.86000061035156,177.72999572753906,175.27000427246094,176.16000366210938,392300
2019-01-28,172.24000549316406,175.27999877929688,171.75,173.5399932861328,390800
2019-01-29,170.7100067138672,174.02999877929688,170.52999877929688,172.2100067138672,347400
2019-01-30,171.36000061035156,173.0800018310547,168.47000122070312,172.72000122070312,378700
2019-01-31,173.60000610351562,174.39999389648438,170.0,171.0500030517578,388700
2019-02-01,175.05999755859375,176.63999938964844,173.85000610351562,174.2100067138672,574200
2019-02-04,176.5500030517578,176.8800048828125,175.25999450683594,175.25999450683594,281000
2019-02-05,178.8699951171875,178.97000122070312,176.32000732421875,177.5500030517578,379600
2019-02-06,180.75999450683594,182.32000732421875,179.1699981689453,179.1699981689453,414300
2019-02-07,176.7899932861328,179.80999755859375,175.00999450683594,179.2899932861328,260400
2019-02-08,176.39999389648438,178.0,174.99000549316406,175.3800048828125,346000
2019-02-11,178.3800048828125,179.02000427246094,176.38999938964844,176.38999938964844,332900
2019-02-12,182.9600067138672,183.9199981689453,179.89999389648438,180.0399932861328,365700
2019-02-13,183.97000122070312,184.72000122070312,182.35000610351562,183.38999938964844,610300
2019-02-14,196.47000122070312,203.00999450683594,185.8800048828125,185.8800048828125,2749500
2019-02-15,199.75,200.10000610351562,194.5500030517578,198.64999389648438,781800
2019-02-19,199.32000732421875,203.9499969482422,198.47000122070312,200.44000244140625,674000
2019-02-20,199.85000610351562,200.27000427246094,197.52000427246094,198.77999877929688,380200
2019-02-21,199.82000732421875,200.3699951171875,197.9199981689453,199.9199981689453,332600
2019-02-22,206.35000610351562,206.64999389648438,199.64999389648438,200.63999938964844,539100
2019-02-25,204.63999938964844,207.8800048828125,204.3300018310547,207.32000732421875,508100
2019-02-26,202.97999572753906,204.57000732421875,201.19000244140625,203.50999450683594,374500
2019-02-27,202.47999572753906,203.5,200.1300048828125,202.66000366210938,340500
2019-02-28,200.50999450683594,202.61000061035156,200.30999755859375,202.1999969482422,343000
2019-03-01,202.2100067138672,204.5500030517578,200.2899932861328,203.16000366210938,288800
2019-03-04,201.72999572753906,203.0500030517578,196.00999450683594,202.97000122070312,477800
2019-03-05,201.63999938964844,203.1199951171875,199.6199951171875,202.0,315500
2019-03-06,201.24000549316406,203.4600067138672,200.27999877929688,202.52000427246094,218500
2019-03-07,201.99000549316406,203.92999267578125,199.22999572753906,201.72000122070312,308000
2019-03-08,201.89999389648438,202.3699951171875,199.35000610351562,199.9199981689453,374700
2019-03-11,209.4499969482422,209.6300048828125,203.52000427246094,203.52000427246094,494200
2019-03-12,210.72000122070312,211.92999267578125,207.82000732421875,210.5500030517578,399400
2019-03-13,211.52999877929688,212.94000244140625,210.6999969482422,211.8000030517578,569600
2019-03-14,212.6699981689453,213.1699981689453,211.00999450683594,212.47999572753906,424200
2019-03-15,211.39999389648438,216.77999877929688,210.83999633789062,213.24000549316406,496500
2019-03-18,213.2100067138672,214.0800018310547,204.33999633789062,207.49000549316406,400200
2019-03-19,213.67999267578125,215.9600067138672,213.24000549316406,214.22999572753906,363300
2019-03-20,214.58999633789062,216.19000244140625,211.7899932861328,213.0399932861328,540600
2019-03-21,218.3000030517578,219.38999938964844,214.25,214.25,259200
2019-03-22,207.24000549316406,218.75,207.0,218.02000427246094,534500
2019-03-25,204.97000122070312,208.61000061035156,203.3000030517578,207.1199951171875,551300
2019-03-26,208.9499969482422,209.49000549316406,206.3800048828125,207.0,476500
2019-03-27,206.75999450683594,209.80999755859375,203.52999877929688,208.9600067138672,403400
2019-03-28,208.4600067138672,209.4499969482422,205.0,207.25999450683594,289900
2019-03-29,209.52999877929688,211.99000549316406,208.02999877929688,211.08999633789062,339100
2019-04-01,211.91000366210938,213.47000122070312,209.5,211.24000549316406,245500
2019-04-02,213.6199951171875,214.6999969482422,209.8300018310547,212.22999572753906,339300
2019-04-03,215.0399932861328,218.58999633789062,214.44000244140625,215.3300018310547,309000
2019-04-04,214.00999450683594,217.42999267578125,212.75999450683594,215.77000427246094,327300
2019-04-05,218.3300018310547,219.66000366210938,214.67999267578125,214.6999969482422,410100
2019-04-08,221.44000244140625,221.8300018310547,213.97999572753906,217.02000427246094,449000
2019-04-09,220.1199951171875,223.6300048828125,219.5,221.44000244140625,344100
2019-04-10,225.61000061035156,226.42999267578125,221.0399932861328,221.0399932861328,525400
2019-04-11,226.6999969482422,226.99000549316406,224.3699951171875,225.8000030517578,341400
2019-04-12,233.74000549316406,234.0,228.13999938964844,228.13999938964844,585500
2019-04-15,231.27999877929688,234.52999877929688,230.89999389648438,233.22000122070312,603300
2019-04-16,234.2100067138672,234.9499969482422,231.33999633789062,232.5500030517578,325800
2019-04-17,232.22000122070312,235.97999572753906,230.00999450683594,235.39999389648438,354300
2019-04-18,232.67999267578125,233.7899932861328,228.7100067138672,231.8000030517578,312600
2019-04-22,230.50999450683594,232.91000366210938,229.6999969482422,231.50999450683594,351000
2019-04-23,233.44000244140625,233.5399932861328,229.05999755859375,231.3699951171875,571200
2019-04-24,235.44000244140625,237.14999389648438,231.00999450683594,233.3000030517578,480700
2019-04-25,231.41000366210938,235.39999389648438,229.42999267578125,235.35000610351562,433200
2019-04-26,229.17999267578125,231.58999633789062,227.83999633789062,231.0,422600
2019-04-29,226.91000366210938,230.08999633789062,225.83999633789062,228.8000030517578,751100
2019-04-30,211.13999938964844,226.33999633789062,210.02999877929688,225.91000366210938,1301600
2019-05-01,205.1199951171875,214.39999389648438,204.22000122070312,212.25999450683594,1096900
2019-05-02,205.94000244140625,207.97000122070312,202.50999450683594,206.13999938964844,654100
2019-05-03,206.4600067138672,208.47999572753906,204.5500030517578,206.5399932861328,506400
2019-05-06,206.36000061035156,206.5,199.33999633789062,201.19000244140625,771800
2019-05-07,200.82000732421875,206.27999877929688,196.92999267578125,203.50999450683594,648400
2019-05-08,200.0500030517578,203.27999877929688,198.6999969482422,200.44000244140625,391600
2019-05-09,195.5399932861328,199.9600067138672,191.63999938964844,197.8800048828125,721600
2019-05-10,195.88999938964844,197.25,192.6199951171875,194.5500030517578,668800
2019-05-13,181.00999450683594,190.8300018310547,180.97999572753906,190.0,1199800
2019-05-14,186.72000122070312,189.02000427246094,181.25,182.3699951171875,992400
2019-05-15,185.17999267578125,187.30999755859375,184.2899932861328,185.47999572753906,479500
2019-05-16,190.02000427246094,191.83999633789062,185.5,186.02999877929688,956600
2019-05-17,179.1199951171875,188.0,178.8800048828125,188.0,835700
2019-05-20,173.27000427246094,177.7100067138672,171.69000244140625,177.63999938964844,970800
2019-05-21,178.08999633789062,178.47000122070312,174.6699981689453,175.3800048828125,820800
2019-05-22,174.52999877929688,178.80999755859375,173.64999389648438,173.64999389648438,632000
2019-05-23,171.6699981689453,173.17999267578125,169.2899932861328,171.33999633789062,734300
2019-05-24,175.67999267578125,175.72999572753906,172.52000427246094,172.75999450683594,925800
2019-05-28,175.89999389648438,178.72999572753906,174.10000610351562,177.11000061035156,3765100
2019-05-29,168.6199951171875,176.5500030517578,168.02999877929688,175.5500030517578,816100
2019-05-30,169.82000732421875,170.5800018310547,167.00999450683594,169.02999877929688,565400
2019-05-31,171.44000244140625,172.0,167.27000427246094,167.30999755859375,853100
2019-06-03,167.69000244140625,173.22999572753906,166.14999389648438,171.13999938964844,721200
2019-06-04,177.0800018310547,177.41000366210938,169.7100067138672,170.64999389648438,716700
2019-06-05,181.58999633789062,182.36000061035156,178.67999267578125,179.3699951171875,1107600
2019-06-06,181.75999450683594,182.6999969482422,179.80999755859375,181.1999969482422,615400
2019-06-07,188.3699951171875,188.58999633789062,181.9199981689453,183.16000366210938,538300
2019-06-10,194.50999450683594,195.35000610351562,189.1199951171875,189.1199951171875,668500
2019-06-11,192.07000732421875,197.27000427246094,190.75999450683594,197.1699981689453,618800
2019-06-12,193.6300048828125,194.17999267578125,190.25999450683594,192.0,507700
2019-06-13,194.0,194.5800018310547,191.3300018310547,194.5800018310547,482200
2019-06-14,190.80999755859375,193.38999938964844,190.14999389648438,192.8699951171875,480700
2019-06-17,192.99000549316406,193.35000610351562,190.14999389648438,190.67999267578125,335300
2019-06-18,201.80999755859375,202.22000122070312,195.22000122070312,195.7899932861328,645600
2019-06-19,200.52999877929688,204.39999389648438,199.52999877929688,201.8800048828125,455400
2019-06-20,201.1199951171875,203.99000549316406,198.7100067138672,203.7899932861328,480800
2019-06-21,200.11000061035156,200.80999755859375,197.75999450683594,199.27000427246094,396500
2019-06-24,200.0399932861328,202.75,198.60000610351562,200.36000061035156,258300
2019-06-25,197.52999877929688,200.94000244140625,196.05999755859375,200.38999938964844,546100
2019-06-26,203.39999389648438,204.38999938964844,197.69000244140625,199.4199981689453,570800
2019-06-27,207.6300048828125,210.89999389648438,203.6999969482422,205.0,672900
2019-06-28,209.49000549316406,210.67999267578125,206.02000427246094,207.6699981689453,778400
2019-07-01,208.97999572753906,214.99000549316406,207.60000610351562,214.08999633789062,758400
2019-07-02,211.61000061035156,213.1300048828125,206.55999755859375,208.6699981689453,414700
2019-07-03,217.52999877929688,218.11000061035156,211.64999389648438,212.1999969482422,316800
2019-07-05,217.0399932861328,218.22000122070312,213.33999633789062,215.14999389648438,403200
2019-07-08,210.44000244140625,215.60000610351562,209.8699951171875,215.60000610351562,445800
2019-07-09,211.72000122070312,212.5800018310547,208.0800018310547,208.22999572753906,385900
2019-07-10,211.9600067138672,212.72999572753906,210.5500030517578,212.5500030517578,299600
2019-07-11,195.00999450683594,210.94000244140625,186.69000244140625,210.94000244140625,2208300
2019-07-12,200.44000244140625,201.8000030517578,195.11000061035156,196.6999969482422,762200
2019-07-15,197.35000610351562,201.9600067138672,196.6699981689453,200.97999572753906,446900
2019-07-16,199.32000732421875,200.44000244140625,196.14999389648438,197.9499969482422,496000
2019-07-17,197.86000061035156,200.5800018310547,196.75,199.11000061035156,395400
2019-07-18,182.69000244140625,198.0,177.05999755859375,196.97000122070312,2201400
2019-07-19,182.14999389648438,185.5800018310547,180.25,184.19000244140625,717600
2019-07-22,182.24000549316406,185.0,181.6999969482422,182.83999633789062,417400
2019-07-23,185.0500030517578,186.38999938964844,181.30999755859375,183.77000427246094,712400
2019-07-24,187.94000244140625,188.10000610351562,183.02000427246094,184.4199981689453,478400
2019-07-25,187.8699951171875,190.1699981689453,185.97999572753906,187.60000610351562,500000
2019-07-26,189.64999389648438,192.6199951171875,189.27000427246094,189.27000427246094,488900
2019-07-29,189.4199981689453,191.89999389648438,187.2899932861328,190.25,700300
2019-07-30,218.1999969482422,220.4600067138672,205.0,206.4499969482422,1433900
2019-07-31,210.88999938964844,219.36000061035156,210.85000610351562,215.55999755859375,676000
2019-08-01,204.25999450683594,216.22000122070312,200.6999969482422,211.7100067138672,708100
2019-08-02,198.92999267578125,203.99000549316406,195.22999572753906,201.92999267578125,365000
2019-08-05,199.6699981689453,200.5500030517578,190.3699951171875,192.11000061035156,623200
2019-08-06,205.22999572753906,205.74000549316406,199.9499969482422,201.14999389648438,467600
2019-08-07,203.9499969482422,205.5500030517578,199.64999389648438,202.25,448200
2019-08-08,211.94000244140625,212.36000061035156,206.05999755859375,206.50999450683594,723800
2019-08-09,205.61000061035156,210.07000732421875,203.66000366210938,209.8000030517578,324200
2019-08-12,201.8699951171875,205.1699981689453,201.1999969482422,203.1300048828125,292700
2019-08-13,208.25999450683594,209.2899932861328,200.69000244140625,201.11000061035156,432500
2019-08-14,200.1199951171875,204.8800048828125,197.02999877929688,203.3800048828125,382400
2019-08-15,197.72000122070312,201.74000549316406,196.10000610351562,200.60000610351562,242200
2019-08-16,203.5,204.25,199.80999755859375,200.07000732421875,344500
2019-08-19,205.17999267578125,209.0,205.10000610351562,207.6699981689453,301700
2019-08-20,201.44000244140625,204.7100067138672,201.17999267578125,204.7100067138672,422800
2019-08-21,205.7899932861328,206.61000061035156,202.55999755859375,204.66000366210938,479400
2019-08-22,204.3800048828125,207.50999450683594,200.72999572753906,205.99000549316406,264200
2019-08-23,198.49000549316406,204.2899932861328,197.58999633789062,201.22000122070312,327300
2019-08-26,198.41000366210938,203.0,195.89999389648438,202.02999877929688,303400
2019-08-27,198.58999633789062,202.3000030517578,196.50999450683594,202.3000030517578,463900
2019-08-28,202.86000061035156,203.24000549316406,196.5,198.08999633789062,356800
2019-08-29,208.49000549316406,209.19000244140625,204.0,206.4600067138672,342400
2019-08-30,205.02999877929688,210.0,203.38999938964844,209.02000427246094,342600
2019-09-03,198.97999572753906,202.50999450683594,196.5,201.61000061035156,412600
2019-09-04,200.60000610351562,204.08999633789062,200.1999969482422,202.27000427246094,274600
2019-09-05,205.85000610351562,207.14999389648438,202.25,202.94000244140625,367000
2019-09-06,202.72999572753906,207.50999450683594,201.85000610351562,205.1699981689453,294400
2019-09-09,196.80999755859375,205.32000732421875,195.50999450683594,203.4499969482422,446700
2019-09-10,192.63999938964844,196.8699951171875,191.13999938964844,195.9600067138672,500200
2019-09-11,197.4199981689453,199.07000732421875,193.5399932861328,194.0500030517578,307600
2019-09-12,197.27999877929688,201.74000549316406,194.94000244140625,198.5,317300
2019-09-13,205.16000366210938,205.9499969482422,197.4600067138672,197.4600067138672,609600
2019-09-16,202.77999877929688,204.6300048828125,198.50999450683594,204.27999877929688,418900
2019-09-17,211.0,211.10000610351562,201.0500030517578,202.72999572753906,488400
2019-09-18,209.1999969482422,212.2100067138672,205.25,210.38999938964844,304500
2019-09-19,207.9499969482422,213.0,207.7899932861328,210.5,305500
2019-09-20,203.67999267578125,209.3300018310547,202.7899932861328,207.83999633789062,534600
2019-09-23,205.39999389648438,207.8000030517578,202.00999450683594,202.75999450683594,266200
2019-09-24,203.97999572753906,208.85000610351562,202.22000122070312,205.86000061035156,337900
2019-09-25,207.9499969482422,208.60000610351562,203.02000427246094,203.58999633789062,330100
2019-09-26,208.27000427246094,209.2899932861328,205.27000427246094,208.05999755859375,203500
2019-09-27,202.17999267578125,210.0,201.6300048828125,208.94000244140625,234400
2019-09-30,206.3699951171875,207.35000610351562,202.47000122070312,202.6300048828125,240700
2019-10-01,199.5399932861328,209.9199981689453,199.25,207.61000061035156,301000
2019-10-02,199.50999450683594,200.88999938964844,194.75,198.94000244140625,299300
2019-10-03,200.85000610351562,201.52000427246094,195.3800048828125,198.52999877929688,174300
2019-10-04,204.49000549316406,204.67999267578125,200.05999755859375,201.5399932861328,156500
2019-10-07,202.72999572753906,205.0500030517578,201.55999755859375,202.52999877929688,170400
2019-10-08,198.08999633789062,202.3000030517578,196.61000061035156,200.77000427246094,299000
2019-10-09,191.6300048828125,196.64999389648438,188.8000030517578,196.4499969482422,566800
2019-10-10,190.86000061035156,193.80999755859375,190.42999267578125,192.61000061035156,470200
2019-10-11,194.60000610351562,198.44000244140625,192.99000549316406,193.5399932861328,452800
2019-10-14,193.5800018310547,194.52000427246094,192.6699981689453,194.1999969482422,292100
2019-10-15,202.14999389648438,203.27000427246094,194.0,194.72000122070312,539200
2019-10-16,198.3300018310547,202.52999877929688,197.0,201.0,345800
2019-10-17,205.72999572753906,205.8699951171875,198.5399932861328,199.80999755859375,445900
2019-10-18,203.05999755859375,205.6999969482422,201.94000244140625,204.74000549316406,300000
2019-10-21,205.77999877929688,208.1199951171875,203.19000244140625,204.9199981689453,243400
2019-10-22,203.2899932861328,207.39999389648438,202.75,206.2100067138672,262700
2019-10-23,206.88999938964844,207.27000427246094,201.24000549316406,202.77999877929688,335500
2019-10-24,211.0800018310547,211.8300018310547,205.05999755859375,207.72999572753906,426400
2019-10-25,219.0800018310547,219.39999389648438,211.0800018310547,211.75999450683594,553900
2019-10-28,222.8300018310547,224.89999389648438,220.0,220.0,868400
2019-10-29,237.63999938964844,241.75999450683594,222.4199981689453,223.2100067138672,1181400
2019-10-30,238.8699951171875,240.57000732421875,236.0,237.63999938964844,717000
2019-10-31,237.8699951171875,240.5,236.4199981689453,239.9199981689453,479700
2019-11-01,238.0,241.5,237.05999755859375,238.0,453500
2019-11-04,248.35000610351562,248.8300018310547,239.19000244140625,240.47999572753906,832200
2019-11-05,241.32000732421875,248.64999389648438,238.66000366210938,245.86000061035156,604300
2019-11-06,242.72999572753906,244.58999633789062,238.17999267578125,241.86000061035156,410000
2019-11-07,240.4600067138672,245.99000549316406,239.36000061035156,244.10000610351562,377400
2019-11-08,241.86000061035156,242.99000549316406,237.2100067138672,240.27999877929688,223700
2019-11-11,242.72999572753906,242.88999938964844,239.4199981689453,240.13999938964844,424700
2019-11-12,244.3800048828125,245.66000366210938,241.60000610351562,242.75999450683594,303900
2019-11-13,242.5399932861328,245.17999267578125,242.05999755859375,243.99000549316406,231400
2019-11-14,237.4499969482422,241.75,236.05999755859375,241.75,580200
2019-11-15,237.72999572753906,240.19000244140625,236.7100067138672,239.61000061035156,546900
2019-11-18,234.50999450683594,239.22000122070312,234.0500030517578,237.1999969482422,414300
2019-11-19,235.91000366210938,237.6999969482422,233.33999633789062,237.39999389648438,388800
2019-11-20,242.4600067138672,245.38999938964844,236.0,236.07000732421875,838500
2019-11-21,242.6199951171875,244.0800018310547,238.22999572753906,242.08999633789062,521700
2019-11-22,243.57000732421875,244.17999267578125,240.22000122070312,243.07000732421875,474900
2019-11-25,248.94000244140625,250.77999877929688,243.61000061035156,245.07000732421875,416900
2019-11-26,247.6999969482422,249.49000549316406,246.16000366210938,248.77999877929688,472600
2019-11-27,255.2100067138672,255.38999938964844,248.8300018310547,249.25,394200
2019-11-29,250.94000244140625,255.9499969482422,250.8000030517578,255.3800048828125,212500
2019-12-02,250.4199981689453,253.16000366210938,247.0,251.85000610351562,305600
2019-12-03,250.11000061035156,250.83999633789062,244.0,245.8699951171875,288500
2019-12-04,253.2100067138672,254.97999572753906,250.8000030517578,251.0,368500
2019-12-05,251.6199951171875,254.52000427246094,250.85000610351562,254.35000610351562,355900
2019-12-06,256.9200134277344,257.6000061035156,253.99000549316406,254.69000244140625,461400
2019-12-09,253.7899932861328,257.5299987792969,253.77999877929688,255.47999572753906,371700
2019-12-10,256.80999755859375,257.2799987792969,253.1199951171875,253.49000549316406,296700
2019-12-11,256.82000732421875,257.8299865722656,255.72999572753906,257.29998779296875,374500
2019-12-12,258.2799987792969,259.3900146484375,255.0500030517578,256.04998779296875,373100
2019-12-13,257.79998779296875,259.7099914550781,256.2900085449219,257.8500061035156,322600
2019-12-16,255.4499969482422,260.29998779296875,253.8699951171875,254.5,1049700
2019-12-17,253.44000244140625,256.5,251.50999450683594,256.5,601800
2019-12-18,255.42999267578125,257.1000061035156,249.25999450683594,253.42999267578125,733900
2019-12-19,253.1300048828125,256.6000061035156,250.00999450683594,254.2100067138672,794800
2019-12-20,252.49000549316406,257.4100036621094,248.89999389648438,253.39999389648438,11578700
2019-12-23,256.7300109863281,260.1600036621094,252.9600067138672,254.0800018310547,812400
2019-12-24,254.3300018310547,257.17999267578125,253.9199981689453,257.04998779296875,164400
2019-12-26,254.4199981689453,257.0,253.0,255.8000030517578,255200
2019-12-27,256.0,257.94000244140625,253.3800048828125,256.30999755859375,214100
2019-12-30,254.11000061035156,256.7099914550781,253.72999572753906,256.0,339100
2019-12-31,255.44000244140625,256.4700012207031,253.89999389648438,253.89999389648438,363500
2020-01-02,259.1400146484375,260.3999938964844,255.1699981689453,259.0299987792969,387800
2020-01-03,256.04998779296875,258.6499938964844,254.8800048828125,256.1000061035156,305300
2020-01-06,258.010009765625,258.010009765625,252.6199951171875,252.6199951171875,322600
2020-01-07,256.4700012207031,258.739990234375,256.0799865722656,257.5,236300
2020-01-08,247.63999938964844,253.47999572753906,247.25,251.27999877929688,689600
2020-01-09,246.5,250.05999755859375,246.19000244140625,249.16000366210938,766200
2020-01-10,246.27000427246094,248.0800018310547,243.2899932861328,248.0800018310547,623600
2020-01-13,248.5800018310547,248.9199981689453,244.42999267578125,247.24000549316406,479100
2020-01-14,248.07000732421875,249.10000610351562,245.9199981689453,248.77999877929688,416600
2020-01-15,247.8000030517578,249.66000366210938,245.52000427246094,247.38999938964844,331200
2020-01-16,253.92999267578125,254.0,247.0399932861328,249.0500030517578,434000
2020-01-17,252.74000549316406,254.27000427246094,250.86000061035156,252.75,399100
2020-01-21,252.4199981689453,257.7099914550781,251.7100067138672,254.10000610351562,561400
2020-01-22,253.75,257.4700012207031,253.60000610351562,254.33999633789062,414400
2020-01-23,254.36000061035156,256.1300048828125,251.52999877929688,253.89999389648438,358800
2020-01-24,252.6999969482422,256.989990234375,251.57000732421875,256.2699890136719,223700
2020-01-27,243.22999572753906,250.0,242.57000732421875,247.30999755859375,425700
2020-01-28,247.97999572753906,249.4600067138672,245.0800018310547,245.0800018310547,340800
2020-01-29,250.1699981689453,251.69000244140625,247.5500030517578,247.5500030517578,319500
2020-01-30,246.32000732421875,249.6999969482422,243.33999633789062,247.6999969482422,246900
2020-01-31,239.02000427246094,246.27999877929688,238.86000061035156,245.5,335900
2020-02-03,242.5500030517578,246.0800018310547,240.85000610351562,240.85000610351562,262400
2020-02-04,247.8699951171875,251.1999969482422,247.3300018310547,247.3300018310547,251100
2020-02-05,247.80999755859375,251.17999267578125,246.47000122070312,251.17999267578125,244200
2020-02-06,252.08999633789062,252.85000610351562,248.3000030517578,248.82000732421875,407500
2020-02-07,247.25999450683594,249.97000122070312,245.4499969482422,249.97000122070312,385700
2020-02-10,248.5500030517578,248.99000549316406,245.11000061035156,245.11000061035156,216200
2020-02-11,247.80999755859375,254.69000244140625,247.27999877929688,249.86000061035156,219400
2020-02-12,251.99000549316406,252.27000427246094,246.41000366210938,249.2899932861328,377900
2020-02-13,233.32000732421875,237.75,226.17999267578125,232.0,1783600
2020-02-14,238.77000427246094,241.85000610351562,235.10000610351562,238.58999633789062,921800
2020-02-18,236.66000366210938,239.66000366210938,232.6999969482422,239.13999938964844,521600
2020-02-19,240.5,242.5399932861328,236.86000061035156,238.42999267578125,423400
2020-02-20,242.72000122070312,243.33999633789062,237.38999938964844,240.61000061035156,443100
2020-02-21,238.38999938964844,242.0800018310547,235.1199951171875,241.39999389648438,500900
2020-02-24,227.39999389648438,232.67999267578125,227.39999389648438,229.99000549316406,572700
2020-02-25,220.0,231.64999389648438,219.57000732421875,230.4499969482422,544800
2020-02-26,217.80999755859375,225.05999755859375,216.89999389648438,222.16000366210938,549500
2020-02-27,213.92999267578125,217.9499969482422,206.49000549316406,212.11000061035156,1021300
2020-02-28,210.97000122070312,211.82000732421875,204.72999572753906,206.7100067138672,945200
2020-03-02,221.7100067138672,221.8699951171875,210.33999633789062,212.6699981689453,603000
2020-03-03,209.30999755859375,227.11000061035156,208.33999633789062,220.27000427246094,949700
2020-03-04,216.0399932861328,216.08999633789062,205.52000427246094,211.92999267578125,559000
2020-03-05,203.75999450683594,212.72999572753906,200.80999755859375,209.5,564900
2020-03-06,202.74000549316406,204.19000244140625,195.92999267578125,197.8800048828125,647300
2020-03-09,185.25999450683594,190.94000244140625,183.88999938964844,188.39999389648438,770300
2020-03-10,202.19000244140625,202.5,189.14999389648438,192.22000122070312,909900
2020-03-11,191.3000030517578,199.6699981689453,187.69000244140625,196.3000030517578,516900
2020-03-12,161.50999450683594,178.97000122070312,161.4199981689453,177.22999572753906,1028500
2020-03-13,184.02000427246094,184.10000610351562,163.4499969482422,174.50999450683594,659300
2020-03-16,166.0800018310547,172.17999267578125,150.05999755859375,155.0,800300
2020-03-17,180.66000366210938,182.74000549316406,167.3300018310547,170.1999969482422,564400
2020-03-18,185.47000122070312,186.94000244140625,166.33999633789062,167.74000549316406,803200
2020-03-19,185.07000732421875,186.22000122070312,169.3000030517578,181.86000061035156,1202000
2020-03-20,179.3800048828125,189.86000061035156,177.0800018310547,186.07000732421875,1701600
2020-03-23,170.72000122070312,181.9499969482422,163.44000244140625,179.85000610351562,1176100
2020-03-24,180.5500030517578,181.8000030517578,167.1699981689453,180.08999633789062,813400
2020-03-25,186.22999572753906,195.19000244140625,175.60000610351562,180.02999877929688,505200
2020-03-26,197.50999450683594,197.9199981689453,185.9600067138672,187.8300018310547,505500
2020-03-27,184.57000732421875,192.7100067138672,180.6300048828125,192.7100067138672,390700
2020-03-30,188.35000610351562,190.36000061035156,180.67999267578125,186.2100067138672,323900
2020-03-31,183.60000610351562,189.49000549316406,182.10000610351562,186.7899932861328,521000
2020-04-01,176.4600067138672,179.1300048828125,174.02000427246094,177.55999755859375,606000
2020-04-02,174.24000549316406,179.75,170.6300048828125,173.8699951171875,599600
2020-04-03,178.0800018310547,179.75999450683594,172.00999450683594,173.02000427246094,598600
2020-04-06,191.85000610351562,193.60000610351562,184.50999450683594,184.77999877929688,306400
2020-04-07,192.36000061035156,200.3800048828125,191.61000061035156,199.6999969482422,413600
2020-04-08,196.64999389648438,198.9600067138672,192.22999572753906,195.74000549316406,252300
2020-04-09,201.22000122070312,202.49000549316406,197.1699981689453,198.8300018310547,529300
2020-04-13,197.91000366210938,202.60000610351562,195.0,201.02000427246094,331700
2020-04-14,206.8800048828125,210.27999877929688,200.14999389648438,204.3699951171875,358800
2020-04-15,196.80999755859375,202.97999572753906,196.24000549316406,202.33999633789062,389100
2020-04-16,201.60000610351562,202.7899932861328,196.72000122070312,199.7100067138672,387500
2020-04-17,202.97999572753906,208.61000061035156,201.4199981689453,204.6699981689453,382300
2020-04-20,202.35000610351562,207.39999389648438,201.0,201.4499969482422,381500
2020-04-21,192.85000610351562,199.4600067138672,192.4199981689453,197.88999938964844,379200
2020-04-22,199.41000366210938,200.4199981689453,194.1699981689453,198.19000244140625,498800
2020-04-23,200.97000122070312,207.8699951171875,200.36000061035156,200.36000061035156,436900
2020-04-24,208.6199951171875,208.8000030517578,200.67999267578125,202.33999633789062,418500
2020-04-27,220.92999267578125,223.66000366210938,209.91000366210938,210.4600067138672,560400
2020-04-28,228.47999572753906,238.22999572753906,227.0800018310547,235.5500030517578,915600
2020-04-29,244.97000122070312,248.2100067138672,231.50999450683594,232.49000549316406,640800
2020-04-30,229.66000366210938,236.77000427246094,225.0,229.1300048828125,578500
2020-05-01,225.5500030517578,227.0,222.60000610351562,225.47999572753906,349600
2020-05-04,228.77000427246094,228.77000427246094,220.16000366210938,223.13999938964844,346900
2020-05-05,233.14999389648438,235.75,229.72999572753906,229.72999572753906,349700
2020-05-06,232.4199981689453,235.5399932861328,231.3000030517578,232.97999572753906,219100
2020-05-07,233.86000061035156,237.30999755859375,231.66000366210938,235.0,276200
2020-05-08,242.9199981689453,243.3300018310547,235.27000427246094,236.0,270500
2020-05-11,235.25999450683594,239.9199981689453,234.3800048828125,237.1300048828125,339200
2020-05-12,230.1999969482422,238.8800048828125,230.07000732421875,236.86000061035156,299100
2020-05-13,223.0800018310547,231.55999755859375,220.52000427246094,230.9199981689453,445800
2020-05-14,221.77000427246094,222.1300048828125,215.52000427246094,219.49000549316406,457000
2020-05-15,217.8000030517578,220.75999450683594,216.64999389648438,219.35000610351562,383100
2020-05-18,235.8000030517578,237.33999633789062,223.86000061035156,226.5,571100
2020-05-19,240.5500030517578,243.92999267578125,235.77999877929688,236.11000061035156,489900
2020-05-20,241.49000549316406,243.1699981689453,239.99000549316406,242.0,369900
2020-05-21,244.14999389648438,246.35000610351562,241.00999450683594,242.08999633789062,286900
2020-05-22,243.5399932861328,245.5500030517578,240.4600067138672,243.75,301600
2020-05-26,255.9600067138672,259.3500061035156,246.69000244140625,250.0,558900
2020-05-27,258.6700134277344,261.239990234375,254.1199951171875,257.2900085449219,501900
2020-05-28,257.4200134277344,263.69000244140625,256.9200134277344,258.239990234375,334000
2020-05-29,261.32000732421875,261.989990234375,254.10000610351562,257.8599853515625,490700
2020-06-01,264.9700012207031,266.2200012207031,258.0199890136719,259.3299865722656,294100
2020-06-02,264.0899963378906,267.0799865722656,261.6600036621094,265.94000244140625,266000
2020-06-03,269.0199890136719,272.0,265.0400085449219,267.4800109863281,334400
2020-06-04,261.1700134277344,267.3599853515625,259.260009765625,266.9700012207031,345100
2020-06-05,277.54998779296875,278.54998779296875,263.8900146484375,265.1700134277344,438200
2020-06-08,277.05999755859375,278.6000061035156,271.989990234375,273.5899963378906,284200
2020-06-09,270.32000732421875,275.54998779296875,269.9700012207031,273.2799987792969,316000
2020-06-10,267.0799865722656,271.17999267578125,266.8299865722656,270.4599914550781,232400
2020-06-11,250.19000244140625,260.79998779296875,249.6199951171875,259.8299865722656,349300
2020-06-12,258.3299865722656,260.0799865722656,253.05999755859375,258.989990234375,305200
2020-06-15,259.4100036621094,259.4800109863281,249.10000610351562,251.6300048828125,307100
2020-06-16,266.4599914550781,269.6700134277344,261.0,267.0899963378906,244500
2020-06-17,260.82000732421875,267.5199890136719,260.25,266.0899963378906,236100
2020-06-18,262.2300109863281,263.3299865722656,257.80999755859375,260.2900085449219,188300
2020-06-19,264.4100036621094,268.0799865722656,253.4600067138672,268.0799865722656,987000
2020-06-22,261.7900085449219,265.1400146484375,259.1400146484375,262.44000244140625,307100
2020-06-23,260.7699890136719,266.1499938964844,260.2900085449219,266.1499938964844,292900
2020-06-24,250.5,260.2099914550781,246.60000610351562,259.8399963378906,370000
2020-06-25,253.63999938964844,253.92999267578125,247.6199951171875,248.99000549316406,232100
2020-06-26,246.4199981689453,256.7799987792969,244.60000610351562,253.5,813800
2020-06-29,252.0500030517578,253.32000732421875,244.32000732421875,246.9600067138672,237600
2020-06-30,255.9499969482422,258.05999755859375,251.64999389648438,252.75,344500
2020-07-01,251.22999572753906,256.92999267578125,250.9499969482422,256.4700012207031,224300
2020-07-02,255.0399932861328,259.7300109863281,254.36000061035156,256.489990234375,228600
2020-07-06,261.6300048828125,263.8500061035156,258.0199890136719,260.0,286200
2020-07-07,254.25999450683594,261.8999938964844,253.82000732421875,260.8399963378906,280900
2020-07-08,257.2099914550781,257.2300109863281,253.55999755859375,254.0399932861328,278800
2020-07-09,262.010009765625,264.5799865722656,258.0299987792969,260.8999938964844,324900
2020-07-10,260.6700134277344,264.1099853515625,255.32000732421875,264.1099853515625,261000
2020-07-13,255.5,265.29998779296875,255.07000732421875,264.9100036621094,211800
2020-07-14,266.4700012207031,266.7900085449219,256.69000244140625,257.0799865722656,313500
2020-07-15,268.1600036621094,273.2300109863281,264.07000732421875,272.2200012207031,272500
2020-07-16,267.6600036621094,269.1199951171875,264.67999267578125,267.4700012207031,287200
2020-07-17,273.1000061035156,274.5400085449219,269.1000061035156,269.1000061035156,258500
2020-07-20,276.3599853515625,276.7200012207031,271.0899963378906,274.5199890136719,251400
2020-07-21,273.2799987792969,279.989990234375,272.3299865722656,277.19000244140625,256400
2020-07-22,277.0,278.79998779296875,272.75,272.75,244500
2020-07-23,275.7099914550781,277.6400146484375,272.7200012207031,275.510009765625,261000
2020-07-24,269.9800109863281,273.2699890136719,267.29998779296875,272.0,423100
2020-07-27,273.3399963378906,275.32000732421875,270.1300048828125,270.9599914550781,347500
2020-07-28,271.17999267578125,287.8299865722656,270.5299987792969,287.8299865722656,458300
2020-07-29,273.8500061035156,278.70001220703125,272.6099853515625,274.30999755859375,404600
2020-07-30,274.95001220703125,275.7099914550781,269.7900085449219,271.5899963378906,205700
2020-07-31,280.75,281.2300109863281,274.3900146484375,275.75,472800
2020-08-03,280.7200012207031,283.4200134277344,278.4100036621094,283.4200134277344,244500
2020-08-04,284.67999267578125,285.1099853515625,279.55999755859375,280.8999938964844,307400
2020-08-05,288.8399963378906,289.1000061035156,284.0299987792969,286.32000732421875,228600
2020-08-06,286.7300109863281,288.239990234375,284.0,285.17999267578125,241500
2020-08-07,283.0400085449219,285.0199890136719,281.260009765625,284.7300109863281,195100
2020-08-10,280.4100036621094,283.9800109863281,277.6199951171875,282.8399963378906,223200
2020-08-11,280.57000732421875,284.0400085449219,279.67999267578125,282.0199890136719,183300
2020-08-12,284.010009765625,284.6300048828125,280.32000732421875,281.9700012207031,239600
2020-08-13,285.6099853515625,285.95001220703125,282.3699951171875,283.2200012207031,142800
2020-08-14,286.0299987792969,286.2200012207031,282.8999938964844,284.7799987792969,163800
2020-08-17,286.739990234375,291.29998779296875,286.0,288.489990234375,214800
2020-08-18,281.9599914550781,285.2900085449219,278.6099853515625,278.6099853515625,317300
2020-08-19,283.1300048828125,285.25,281.3999938964844,282.9200134277344,249100
2020-08-20,276.54998779296875,282.70001220703125,275.2900085449219,282.55999755859375,182700
2020-08-21,275.3299865722656,277.4100036621094,273.6700134277344,277.4100036621094,234900
2020-08-24,275.3900146484375,284.54998779296875,274.3599853515625,279.3699951171875,256100
2020-08-25,277.8599853515625,281.19000244140625,274.45001220703125,276.2200012207031,328300
2020-08-26,284.739990234375,286.1700134277344,278.010009765625,278.2099914550781,320500
2020-08-27,277.260009765625,287.7099914550781,275.5299987792969,287.2300109863281,267400
2020-08-28,280.1600036621094,280.5,277.70001220703125,278.29998779296875,259700
2020-08-31,286.5299987792969,287.1499938964844,281.04998779296875,281.2900085449219,340700
2020-09-01,287.1600036621094,287.4700012207031,283.9100036621094,287.29998779296875,254900
2020-09-02,294.3599853515625,295.5199890136719,286.1000061035156,289.1600036621094,360500
2020-09-03,269.25,291.1600036621094,267.239990234375,291.1600036621094,416800
2020-09-04,260.54998779296875,271.2900085449219,257.30999755859375,268.8500061035156,354700
2020-09-08,249.25999450683594,255.61000061035156,247.6999969482422,254.5500030517578,556700
2020-09-09,255.11000061035156,262.54998779296875,253.74000549316406,260.2799987792969,519900
2020-09-10,249.44000244140625,257.8999938964844,248.72000122070312,255.0,535600
2020-09-11,249.9600067138672,253.22000122070312,249.50999450683594,252.5800018310547,225900
2020-09-14,251.25999450683594,255.5800018310547,249.02999877929688,253.42999267578125,303000
2020-09-15,257.4599914550781,259.3699951171875,253.1199951171875,254.17999267578125,252000
2020-09-16,254.14999389648438,260.20001220703125,253.35000610351562,260.1000061035156,277300
2020-09-17,256.17999267578125,256.3800048828125,249.39999389648438,250.72999572753906,289700
2020-09-18,256.1499938964844,260.69000244140625,253.82000732421875,255.9499969482422,537900
2020-09-21,248.72999572753906,255.9600067138672,247.47000122070312,251.02000427246094,369600
2020-09-22,252.27999877929688,252.86000061035156,246.8300018310547,251.0,388600
2020-09-23,249.5800018310547,254.99000549316406,249.39999389648438,253.86000061035156,308500
2020-09-24,250.6699981689453,252.72000122070312,247.30999755859375,247.30999755859375,215700
2020-09-25,257.4599914550781,258.70001220703125,250.0500030517578,251.91000366210938,250600
2020-09-28,260.55999755859375,264.0199890136719,259.04998779296875,261.05999755859375,272700
2020-09-29,258.9200134277344,263.0899963378906,257.6300048828125,262.2099914550781,190500
2020-09-30,252.4600067138672,259.3900146484375,250.4499969482422,258.07000732421875,596400
2020-10-01,258.4800109863281,259.1499938964844,254.33999633789062,256.80999755859375,461200
2020-10-02,258.80999755859375,259.2099914550781,252.52000427246094,252.52000427246094,354500
2020-10-05,268.010009765625,268.4700012207031,260.3999938964844,261.0899963378906,375200
2020-10-06,269.9700012207031,273.489990234375,267.1400146484375,267.1400146484375,378300
2020-10-07,276.5799865722656,278.30999755859375,272.8299865722656,274.010009765625,279100
2020-10-08,279.0899963378906,281.3999938964844,277.7300109863281,277.7300109863281,221300
2020-10-09,284.0,284.25,280.989990234375,281.6300048828125,216200
2020-10-12,288.25,289.29998779296875,286.25,287.239990234375,277900
2020-10-13,286.7300109863281,290.75,286.19000244140625,288.8299865722656,227300
2020-10-14,284.7699890136719,290.70001220703125,281.8699951171875,288.6499938964844,345600
2020-10-15,287.30999755859375,287.3299865722656,280.3800048828125,280.3800048828125,204300
2020-10-16,293.0,295.3699951171875,289.239990234375,289.9599914550781,218800
2020-10-19,291.57000732421875,299.3599853515625,291.2799987792969,292.20001220703125,347600
2020-10-20,294.8299865722656,300.0,292.6499938964844,293.239990234375,211100
2020-10-21,291.8599853515625,300.3299865722656,291.19000244140625,295.2900085449219,233100
2020-10-22,300.9100036621094,301.3299865722656,292.25,293.79998779296875,321700
2020-10-23,303.7200012207031,304.57000732421875,298.2300109863281,303.0,293500
2020-10-26,295.1000061035156,302.3299865722656,293.94000244140625,299.8999938964844,250800
2020-10-27,289.2799987792969,295.0799865722656,287.19000244140625,295.0799865722656,351600
2020-10-28,285.20001220703125,287.3900146484375,282.0799865722656,284.4700012207031,300200
2020-10-29,291.9700012207031,294.010009765625,282.94000244140625,284.7200012207031,263000
2020-10-30,283.6400146484375,290.9700012207031,281.0199890136719,290.0,304300
2020-11-02,293.07000732421875,294.9700012207031,287.489990234375,289.4100036621094,510700
2020-11-03,319.2200012207031,322.8999938964844,305.55999755859375,314.8999938964844,571700
2020-11-04,329.17999267578125,329.6600036621094,317.1499938964844,320.4200134277344,423400
2020-11-05,340.1199951171875,343.8299865722656,332.8599853515625,333.8299865722656,399000
2020-11-06,346.42999267578125,348.44000244140625,338.5899963378906,340.17999267578125,370300
2020-11-09,352.7099914550781,362.5799865722656,352.4700012207031,356.989990234375,490000
2020-11-10,345.0199890136719,356.6099853515625,341.17999267578125,352.54998779296875,553100
2020-11-11,356.2699890136719,356.7300109863281,345.6199951171875,348.6700134277344,297100
2020-11-12,340.7799987792969,354.2900085449219,339.7699890136719,353.6700134277344,316700
2020-11-13,345.8599853515625,347.7300109863281,341.67999267578125,344.3500061035156,228900
2020-11-16,345.9800109863281,348.4200134277344,342.0899963378906,347.94000244140625,292700
2020-11-17,340.7900085449219,342.5400085449219,338.5,341.7699890136719,323300
2020-11-18,337.5799865722656,343.94000244140625,337.57000732421875,343.1199951171875,211400
2020-11-19,358.3900146484375,367.6600036621094,333.05999755859375,336.010009765625,1189700
2020-11-20,354.989990234375,363.4200134277344,354.1600036621094,363.4200134277344,694100
2020-11-23,362.69000244140625,368.7900085449219,358.54998779296875,367.1000061035156,590100
2020-11-24,373.4700012207031,378.82000732421875,362.3599853515625,368.8299865722656,566700
2020-11-25,372.7300109863281,379.9100036621094,369.2900085449219,375.69000244140625,345000
2020-11-27,377.0,381.2099914550781,375.1199951171875,377.0199890136719,206000
2020-11-30,378.4200134277344,380.2200012207031,369.010009765625,378.4800109863281,603300
2020-12-01,372.1700134277344,382.7099914550781,370.8299865722656,381.6300048828125,403700
2020-12-02,367.2099914550781,373.010009765625,364.57000732421875,370.7099914550781,385600
2020-12-03,372.3699951171875,374.7099914550781,366.0199890136719,368.0,263500
2020-12-04,378.4700012207031,380.95001220703125,375.0,376.0199890136719,255900
2020-12-07,373.8299865722656,379.8500061035156,372.510009765625,378.2799987792969,321100
2020-12-08,375.8399963378906,377.25,371.2699890136719,373.6300048828125,207500
2020-12-09,376.8699951171875,382.9599914550781,374.3999938964844,377.8999938964844,215000
2020-12-10,375.1400146484375,378.94000244140625,369.2900085449219,372.80999755859375,292300
2020-12-11,377.55999755859375,378.6000061035156,370.3399963378906,372.7799987792969,162100
2020-12-14,383.4599914550781,386.739990234375,379.8399963378906,379.8399963378906,309100
2020-12-15,383.45001220703125,388.9200134277344,380.0,388.07000732421875,311700
2020-12-16,377.4100036621094,383.0400085449219,375.2300109863281,382.1099853515625,474300
2020-12-17,375.42999267578125,380.1300048828125,372.2099914550781,378.0,819500
2020-12-18,373.0,378.5,369.20001220703125,377.42999267578125,900400
2020-12-21,375.9100036621094,376.7300109863281,363.0,366.0,505600
2020-12-22,379.9599914550781,387.2799987792969,375.6600036621094,377.5,474600
2020-12-23,379.739990234375,384.6000061035156,377.44000244140625,382.6099853515625,191100
2020-12-24,376.8900146484375,382.2799987792969,371.3999938964844,382.2799987792969,138300
2020-12-28,382.5899963378906,384.0,375.739990234375,380.4700012207031,251200
2020-12-29,378.0400085449219,385.4100036621094,376.3999938964844,384.69000244140625,185500
2020-12-30,383.75,385.760009765625,379.3500061035156,380.69000244140625,166100
2020-12-31,384.3299865722656,385.489990234375,380.4599914550781,383.7200012207031,176500
2021-01-04,378.1300048828125,387.0,372.4599914550781,385.75,432600
2021-01-05,380.57000732421875,381.80999755859375,374.9700012207031,376.510009765625,374700
2021-01-06,394.82000732421875,397.1199951171875,377.2200012207031,377.2200012207031,419500
2021-01-07,409.1000061035156,411.9599914550781,395.1499938964844,395.8999938964844,379900
2021-01-08,405.4700012207031,415.45001220703125,404.6400146484375,410.0,348500
2021-01-11,413.7900085449219,414.5400085449219,400.19000244140625,402.1199951171875,312600
2021-01-12,407.95001220703125,419.2099914550781,403.3299865722656,410.6700134277344,313100
2021-01-13,412.45001220703125,414.19000244140625,406.82000732421875,409.20001220703125,214700
2021-01-14,411.9800109863281,418.75,411.54998779296875,413.6199951171875,247200
2021-01-15,409.2200012207031,414.2699890136719,406.6300048828125,410.739990234375,305800
2021-01-19,405.8399963378906,417.7799987792969,403.4200134277344,417.1000061035156,291500
2021-01-20,406.54998779296875,411.5,405.0199890136719,409.4700012207031,241900
2021-01-21,406.20001220703125,409.010009765625,402.9700012207031,407.510009765625,161600
2021-01-22,408.8399963378906,410.5799865722656,403.6000061035156,405.3999938964844,259300
2021-01-25,402.6300048828125,412.3999938964844,400.3800048828125,409.2300109863281,192500
2021-01-26,395.1600036621094,404.3599853515625,394.010009765625,403.17999267578125,234600
2021-01-27,391.3599853515625,396.4700012207031,380.6400146484375,392.989990234375,314400
2021-01-28,393.0299987792969,398.67999267578125,390.2900085449219,391.04998779296875,199100
2021-01-29,387.8299865722656,397.69000244140625,382.489990234375,390.30999755859375,298900
2021-02-01,397.3299865722656,400.3299865722656,388.4599914550781,391.6700134277344,252500
2021-02-02,405.19000244140625,410.30999755859375,396.3800048828125,396.3800048828125,263400
2021-02-03,403.69000244140625,412.1400146484375,401.7799987792969,411.0,206900
2021-02-04,407.3399963378906,409.3599853515625,403.30999755859375,404.4700012207031,180400
2021-02-05,407.1099853515625,411.8900146484375,405.6000061035156,409.2699890136719,232100
2021-02-08,420.30999755859375,420.30999755859375,410.010009765625,411.9599914550781,187400
2021-02-09,425.2699890136719,425.3999938964844,418.07000732421875,419.5199890136719,305500
2021-02-10,427.4700012207031,429.260009765625,422.19000244140625,425.8800048828125,470600
2021-02-11,470.0799865722656,477.67999267578125,441.010009765625,445.5299987792969,562600
2021-02-12,477.739990234375,479.17999267578125,464.0,470.4599914550781,497700
2021-02-16,486.010009765625,488.5299987792969,474.4800109863281,478.1199951171875,532800
2021-02-17,479.5799865722656,484.989990234375,469.9700012207031,482.4800109863281,533700
2021-02-18,477.6499938964844,481.80999755859375,471.8599853515625,471.8599853515625,617900
2021-02-19,490.94000244140625,494.9100036621094,480.29998779296875,483.9200134277344,477300
2021-02-22,488.30999755859375,491.45001220703125,483.5199890136719,486.25,502100
2021-02-23,498.0199890136719,500.2699890136719,480.4200134277344,482.6000061035156,886300
2021-02-24,512.6900024414062,515.8200073242188,493.7300109863281,493.7300109863281,462900
2021-02-25,497.6199951171875,514.9500122070312,488.9800109863281,511.30999755859375,722100
2021-02-26,499.42999267578125,503.9700012207031,489.7900085449219,498.6300048828125,551600
2021-03-01,511.4800109863281,512.8499755859375,501.6499938964844,508.30999755859375,341100
2021-03-02,501.6199951171875,516.7899780273438,498.3800048828125,516.7899780273438,264000
2021-03-03,489.54998779296875,502.8500061035156,489.1499938964844,500.2699890136719,652600
2021-03-04,479.6400146484375,499.32000732421875,476.7300109863281,485.9700012207031,855300
2021-03-05,478.1499938964844,486.1099853515625,454.1600036621094,484.80999755859375,533100
2021-03-08,460.6400146484375,478.6600036621094,460.55999755859375,478.1400146484375,336000
2021-03-09,468.3500061035156,477.55999755859375,465.7799987792969,468.6199951171875,454400
2021-03-10,470.510009765625,476.54998779296875,467.42999267578125,476.3399963378906,320500
2021-03-11,480.75,483.8999938964844,473.92999267578125,476.8800048828125,272300
2021-03-12,472.8500061035156,477.5,464.79998779296875,477.5,376300
2021-03-15,478.1099853515625,478.80999755859375,470.6300048828125,473.3800048828125,276000
2021-03-16,473.8999938964844,482.20001220703125,471.010009765625,481.19000244140625,238100
2021-03-17,473.2799987792969,476.010009765625,467.94000244140625,474.4200134277344,484500
2021-03-18,461.1099853515625,473.8500061035156,460.30999755859375,471.82000732421875,505100
2021-03-19,459.95001220703125,465.5400085449219,454.20001220703125,462.5899963378906,747100
2021-03-22,463.7699890136719,468.25,459.1600036621094,459.6300048828125,486500
2021-03-23,462.6499938964844,478.8999938964844,458.75,475.80999755859375,589200
2021-03-24,463.80999755859375,469.010009765625,457.0400085449219,463.3399963378906,324400
2021-03-25,461.260009765625,464.239990234375,451.67999267578125,457.75,349000
2021-03-26,476.9599914550781,477.5199890136719,462.82000732421875,462.9100036621094,261300
2021-03-29,467.07000732421875,476.94000244140625,464.1499938964844,473.6499938964844,235500
2021-03-30,474.8299865722656,477.1499938964844,460.82000732421875,462.7799987792969,251400
2021-03-31,485.17999267578125,488.6000061035156,475.5799865722656,475.5799865722656,330200
2021-04-01,491.7799987792969,494.95001220703125,483.2900085449219,489.9200134277344,267500
2021-04-05,492.79998779296875,496.6300048828125,490.05999755859375,492.19000244140625,226000
2021-04-06,491.1600036621094,493.9200134277344,489.010009765625,492.79998779296875,181900
2021-04-07,485.30999755859375,493.44000244140625,484.3299865722656,488.1000061035156,203200
2021-04-08,502.8999938964844,503.3999938964844,488.92999267578125,490.67999267578125,268900
2021-04-09,507.510009765625,508.0400085449219,493.5299987792969,498.8999938964844,195700
2021-04-12,505.5,508.0,501.1499938964844,507.8299865722656,193000
2021-04-13,504.55999755859375,511.3299865722656,501.54998779296875,510.0799865722656,278200
2021-04-14,500.6499938964844,508.9200134277344,498.3500061035156,503.6300048828125,286400
2021-04-15,507.8500061035156,509.57000732421875,502.55999755859375,504.3599853515625,189900
2021-04-16,513.489990234375,515.6300048828125,505.3599853515625,510.9200134277344,208900
2021-04-19,509.6300048828125,518.6599731445312,506.7900085449219,513.489990234375,177000
2021-04-20,499.55999755859375,511.07000732421875,496.7099914550781,505.3900146484375,209300
2021-04-21,491.3699951171875,493.69000244140625,483.69000244140625,486.80999755859375,349300
2021-04-22,487.3500061035156,496.0299987792969,485.75,496.0299987792969,324400
2021-04-23,497.4100036621094,498.04998779296875,490.010009765625,491.6199951171875,320900
2021-04-26,498.5,503.04998779296875,497.4700012207031,498.3999938964844,216900
2021-04-27,501.75,502.82000732421875,494.4800109863281,498.6000061035156,138800
2021-04-28,496.6000061035156,503.0299987792969,495.0,499.6099853515625,199700
2021-04-29,496.6300048828125,502.4100036621094,492.5899963378906,500.0,168500
2021-04-30,487.739990234375,494.9100036621094,486.30999755859375,491.0299987792969,353500
2021-05-03,479.04998779296875,492.1300048828125,475.0899963378906,492.1300048828125,487000
2021-05-04,470.6199951171875,480.6099853515625,455.7099914550781,478.05999755859375,514600
2021-05-05,482.4200134277344,485.3900146484375,472.3599853515625,483.6199951171875,446000
2021-05-06,471.4100036621094,478.0,463.0,475.32000732421875,549300
2021-05-07,488.5799865722656,489.9800109863281,469.6099853515625,471.4100036621094,330700
2021-05-10,484.0400085449219,489.4100036621094,480.45001220703125,486.7900085449219,346300
2021-05-11,485.6700134277344,487.2900085449219,466.69000244140625,473.7300109863281,395700
2021-05-12,464.3900146484375,484.0,464.1499938964844,478.4599914550781,356000
2021-05-13,471.9700012207031,477.6499938964844,466.17999267578125,466.17999267578125,187700
2021-05-14,486.7300109863281,487.8599853515625,475.7300109863281,476.8399963378906,239500
2021-05-17,482.010009765625,486.20001220703125,478.0,482.8299865722656,186800
2021-05-18,477.54998779296875,487.9599914550781,477.17999267578125,486.1700134277344,198300
2021-05-19,484.7200012207031,484.7300109863281,468.80999755859375,468.80999755859375,203500
2021-05-20,493.8800048828125,495.8699951171875,482.3699951171875,484.989990234375,228800
2021-05-21,494.3299865722656,501.75,493.8399963378906,496.6400146484375,238200
2021-05-24,501.6199951171875,503.8900146484375,498.0,498.3800048828125,246800
2021-05-25,501.9200134277344,508.3299865722656,500.4200134277344,504.0,261500
2021-05-26,501.3299865722656,506.57000732421875,499.70001220703125,504.0199890136719,267700
2021-05-27,498.1000061035156,507.8399963378906,497.3500061035156,501.05999755859375,810300
2021-05-28,497.04998779296875,501.8399963378906,495.1499938964844,498.9700012207031,219500
2021-06-01,502.9200134277344,507.04998779296875,500.30999755859375,502.07000732421875,226600
2021-06-02,504.7699890136719,506.0400085449219,499.7200012207031,501.8699951171875,231900
2021-06-03,506.0400085449219,509.239990234375,500.1600036621094,503.989990234375,209800
2021-06-04,516.5700073242188,517.0,506.9800109863281,509.94000244140625,286500
2021-06-07,506.17999267578125,517.9400024414062,503.9599914550781,516.5,225000
2021-06-08,505.57000732421875,508.6300048828125,501.8800048828125,505.3999938964844,245700
2021-06-09,505.3500061035156,508.17999267578125,502.1700134277344,508.05999755859375,205600
2021-06-10,508.6300048828125,511.6000061035156,505.79998779296875,506.6700134277344,149800
2021-06-11,508.4800109863281,511.4800109863281,505.80999755859375,511.0199890136719,157800
2021-06-14,509.9200134277344,511.2799987792969,505.489990234375,509.1000061035156,208500
2021-06-15,506.1000061035156,509.9200134277344,504.32000732421875,509.9200134277344,184900
2021-06-16,506.70001220703125,513.0900268554688,504.3999938964844,506.8699951171875,196600
2021-06-17,502.0899963378906,509.30999755859375,499.010009765625,506.6099853515625,189400
2021-06-18,493.42999267578125,500.3999938964844,484.3399963378906,499.25,487100
2021-06-21,504.1300048828125,504.5,492.67999267578125,494.3900146484375,301200
2021-06-22,506.44000244140625,507.0,498.92999267578125,501.8900146484375,239200
2021-06-23,502.8800048828125,506.4800109863281,500.0,504.4800109863281,167800
2021-06-24,510.3900146484375,511.2900085449219,501.5,505.30999755859375,258500
2021-06-25,510.6499938964844,514.5999755859375,506.4700012207031,513.1699829101562,251400
2021-06-28,527.1300048828125,529.010009765625,510.55999755859375,511.9200134277344,380500
2021-06-29,536.0599975585938,536.780029296875,528.2899780273438,529.6900024414062,327800
2021-06-30,529.489990234375,538.510009765625,527.5900268554688,535.8200073242188,273200
2021-07-01,532.02001953125,533.22998046875,521.02001953125,530.0,227500
2021-07-02,539.9400024414062,541.260009765625,534.1400146484375,537.010009765625,205400
2021-07-06,544.3499755859375,545.4600219726562,534.2899780273438,540.6900024414062,306100
2021-07-07,546.6500244140625,547.7999877929688,531.02001953125,546.4500122070312,232100
2021-07-08,539.8400268554688,546.8400268554688,534.0,539.219970703125,229200
2021-07-09,547.72998046875,548.469970703125,541.22998046875,542.469970703125,158900
2021-07-12,548.0999755859375,549.97998046875,539.0399780273438,548.7899780273438,212100
2021-07-13,533.6199951171875,546.3599853515625,531.9400024414062,546.3599853515625,229100
2021-07-14,530.1400146484375,539.47998046875,528.4000244140625,537.739990234375,190100
2021-07-15,522.6199951171875,531.9199829101562,517.9099731445312,528.8599853515625,246000
2021-07-16,518.3300170898438,525.469970703125,517.9099731445312,523.7000122070312,162500
2021-07-19,506.9100036621094,514.4500122070312,502.6300048828125,509.5899963378906,274400
2021-07-20,519.6699829101562,524.1799926757812,507.2699890136719,510.9800109863281,276000
2021-07-21,533.77001953125,534.1400146484375,520.6400146484375,520.6400146484375,197500
2021-07-22,536.219970703125,537.3699951171875,530.010009765625,534.0,153100
2021-07-23,548.6099853515625,548.9400024414062,538.2100219726562,540.6400146484375,163800
2021-07-26,545.3099975585938,553.6599731445312,539.4299926757812,550.0,162300
2021-07-27,540.1799926757812,544.0800170898438,529.2100219726562,543.260009765625,233800
2021-07-28,545.739990234375,547.4199829101562,535.9299926757812,539.5,140400
2021-07-29,548.0999755859375,554.0999755859375,547.0,548.0,162500
2021-07-30,552.47998046875,554.219970703125,544.5999755859375,545.2999877929688,250100
2021-08-02,550.969970703125,558.6799926757812,548.8400268554688,555.0,240500
2021-08-03,546.739990234375,559.8599853515625,527.5399780273438,559.489990234375,446400
2021-08-04,560.0,566.77001953125,547.0,547.5599975585938,321700
2021-08-05,569.219970703125,570.8300170898438,558.02001953125,560.0,248300
2021-08-06,562.27001953125,566.989990234375,552.510009765625,565.0599975585938,205700
2021-08-09,563.97998046875,566.0399780273438,557.9600219726562,562.3099975585938,128800
2021-08-10,567.1099853515625,567.4500122070312,560.5999755859375,565.0,144000
2021-08-11,569.5399780273438,572.2100219726562,564.0900268554688,567.9099731445312,129700
2021-08-12,568.4000244140625,570.5,564.27001953125,568.969970703125,149300
2021-08-13,571.0700073242188,571.3900146484375,562.2100219726562,568.0,117300
2021-08-16,572.8900146484375,576.0,567.0399780273438,570.5399780273438,133200
2021-08-17,562.6799926757812,569.9299926757812,558.4199829101562,569.3400268554688,150200
2021-08-18,557.1799926757812,568.280029296875,556.8699951171875,559.6799926757812,197300
2021-08-19,562.719970703125,565.9400024414062,551.0900268554688,552.9099731445312,153300
2021-08-20,571.489990234375,572.3300170898438,562.27001953125,563.1799926757812,187900
2021-08-23,578.8900146484375,581.6199951171875,574.3300170898438,574.3300170898438,154900
2021-08-24,578.7100219726562,583.6699829101562,577.5900268554688,580.3099975585938,109700
2021-08-25,584.1099853515625,584.25,577.8400268554688,577.8400268554688,133900
2021-08-26,578.9099731445312,584.6199951171875,578.530029296875,584.6199951171875,121100
2021-08-27,587.9600219726562,588.3499755859375,578.7999877929688,581.0900268554688,317300
2021-08-30,584.780029296875,594.1400146484375,583.9099731445312,591.9000244140625,175000
2021-08-31,587.1699829101562,588.77001953125,579.2100219726562,585.0700073242188,230100
2021-09-01,582.780029296875,592.47998046875,579.469970703125,592.47998046875,195200
2021-09-02,588.25,591.489990234375,585.6099853515625,588.3599853515625,170000
2021-09-03,590.5999755859375,594.77001953125,585.5599975585938,589.0,178600
2021-09-07,581.1400146484375,593.5800170898438,580.4000244140625,593.5800170898438,179800
2021-09-08,579.75,584.02001953125,572.9000244140625,582.030029296875,137700
2021-09-09,577.469970703125,585.1099853515625,576.02001953125,578.489990234375,148900
2021-09-10,580.6300048828125,586.760009765625,578.5700073242188,582.0700073242188,140100
2021-09-13,579.9000244140625,587.6900024414062,575.0,587.6900024414062,183000
2021-09-14,576.7899780273438,582.9099731445312,573.5599975585938,579.6699829101562,184900
2021-09-15,580.97998046875,585.7899780273438,576.02001953125,576.7899780273438,158200
2021-09-16,584.760009765625,588.1500244140625,577.8400268554688,578.5999755859375,167300
2021-09-17,569.1500244140625,584.02001953125,567.1699829101562,583.47998046875,393500
2021-09-20,551.9000244140625,561.6900024414062,545.25,559.760009765625,364500
2021-09-21,543.0,556.989990234375,542.030029296875,555.4400024414062,310600
2021-09-22,547.5800170898438,551.989990234375,540.9400024414062,543.1400146484375,368200
2021-09-23,553.4600219726562,560.8800048828125,550.780029296875,555.4299926757812,412400
2021-09-24,559.47998046875,560.9199829101562,548.8200073242188,548.8200073242188,285700
2021-09-27,548.5800170898438,558.9099731445312,546.0900268554688,556.0,196200
2021-09-28,531.1799926757812,543.0,528.4299926757812,542.5999755859375,234300
2021-09-29,525.6699829101562,535.5,523.0800170898438,533.5,331900
2021-09-30,515.4199829101562,532.6599731445312,514.989990234375,530.510009765625,370900
2021-10-01,510.9800109863281,517.6199951171875,507.42999267578125,517.6199951171875,534600
2021-10-04,502.32000732421875,510.42999267578125,498.80999755859375,509.0400085449219,288400
2021-10-05,506.8900146484375,514.489990234375,503.1499938964844,503.9100036621094,225900
2021-10-06,506.3900146484375,507.989990234375,498.1499938964844,501.04998779296875,176500
2021-10-07,504.4100036621094,513.72998046875,503.7900085449219,512.010009765625,239200
2021-10-08,498.7300109863281,505.17999267578125,492.6300048828125,504.5,227900
2021-10-11,493.1300048828125,501.7300109863281,491.989990234375,497.260009765625,245000
2021-10-12,494.5400085449219,501.32000732421875,493.1499938964844,495.9599914550781,303300
2021-10-13,496.8599853515625,501.5799865722656,493.989990234375,499.30999755859375,180700
2021-10-14,511.3500061035156,511.79998779296875,500.5400085449219,500.69000244140625,209100
2021-10-15,515.8300170898438,517.9400024414062,513.3200073242188,514.8200073242188,228900
2021-10-18,526.9199829101562,527.4000244140625,511.5199890136719,513.3800048828125,190400
2021-10-19,528.6300048828125,534.0999755859375,525.219970703125,530.030029296875,164200
2021-10-20,527.0599975585938,530.6300048828125,523.219970703125,530.5499877929688,163400
2021-10-21,533.6099853515625,535.3900146484375,524.7899780273438,526.27001953125,172700
2021-10-22,527.9199829101562,543.489990234375,527.5499877929688,534.5999755859375,221200
2021-10-25,532.4600219726562,533.6400146484375,522.1799926757812,528.52001953125,165900
2021-10-26,525.4099731445312,536.0499877929688,524.9199829101562,536.0499877929688,131000
2021-10-27,517.8400268554688,530.3200073242188,517.1199951171875,525.4099731445312,155800
2021-10-28,532.0599975585938,532.27001953125,518.5999755859375,521.8400268554688,204600
2021-10-29,533.9500122070312,534.5399780273438,525.8599853515625,528.27001953125,266200
2021-11-01,542.5900268554688,544.510009765625,532.7999877929688,533.4500122070312,370200
2021-11-02,585.5499877929688,593.5999755859375,545.5599975585938,549.9000244140625,564200
2021-11-03,578.489990234375,580.6900024414062,555.1500244140625,580.6900024414062,401700
2021-11-04,597.4099731445312,605.3900146484375,572.8200073242188,579.3800048828125,382700
2021-11-05,607.5,610.9500122070312,598.0,598.0,328300
2021-11-08,596.8099975585938,614.0999755859375,592.8800048828125,612.22998046875,203600
2021-11-09,595.719970703125,602.780029296875,589.6500244140625,597.719970703125,207900
2021-11-10,581.7999877929688,593.4199829101562,578.8400268554688,592.0,178200
2021-11-11,585.0599975585938,589.3699951171875,581.7100219726562,585.3300170898438,112800
2021-11-12,591.8400268554688,592.8800048828125,583.489990234375,587.4099731445312,130800
2021-11-15,590.760009765625,597.5800170898438,587.0399780273438,594.2899780273438,115600
2021-11-16,605.0,605.5999755859375,589.0499877929688,589.0499877929688,148800
2021-11-17,605.8300170898438,609.3200073242188,599.0999755859375,606.5599975585938,174300
2021-11-18,606.9600219726562,609.7899780273438,599.3300170898438,606.8800048828125,200700
2021-11-19,596.75,608.6699829101562,593.6799926757812,608.6699829101562,205500
2021-11-22,602.969970703125,612.3599853515625,595.8200073242188,607.9000244140625,316900
2021-11-23,598.739990234375,605.52001953125,590.6699829101562,598.4000244140625,382100
2021-11-24,598.02001953125,599.0700073242188,585.1500244140625,596.989990234375,198700
2021-11-26,590.719970703125,607.0800170898438,586.530029296875,595.6400146484375,144100
2021-11-29,607.2000122070312,609.4099731445312,588.219970703125,597.4600219726562,262700
2021-11-30,588.780029296875,614.010009765625,585.75,605.8400268554688,458700
2021-12-01,581.030029296875,604.0499877929688,580.4600219726562,597.7999877929688,253800
2021-12-02,596.9600219726562,599.219970703125,577.3200073242188,580.8699951171875,269800
2021-12-03,588.2899780273438,605.0,579.4600219726562,603.0,229500
2021-12-06,584.219970703125,593.3099975585938,577.530029296875,593.3099975585938,224200
2021-12-07,605.4400024414062,610.0999755859375,594.52001953125,594.52001953125,254200
2021-12-08,605.3900146484375,608.3599853515625,599.0700073242188,605.4400024414062,234400
2021-12-09,597.739990234375,612.3400268554688,597.0499877929688,604.77001953125,203200
2021-12-10,614.5499877929688,615.0,600.5499877929688,603.0499877929688,221200
2021-12-13,604.97998046875,614.030029296875,602.3499755859375,613.1699829101562,303100
2021-12-14,585.8599853515625,599.1099853515625,582.5599975585938,597.3400268554688,286400
2021-12-15,598.1900024414062,599.4299926757812,578.9000244140625,589.9000244140625,173500
2021-12-16,592.0399780273438,603.1099853515625,589.1799926757812,603.1099853515625,268900
2021-12-17,588.52001953125,599.27001953125,580.739990234375,589.6599731445312,397600
2021-12-20,570.780029296875,582.9600219726562,562.9400024414062,575.510009765625,364700
2021-12-21,580.2100219726562,583.2999877929688,573.25,581.22998046875,598300
2021-12-22,580.4299926757812,582.469970703125,575.1599731445312,580.8699951171875,355200
2021-12-23,582.4099731445312,586.8599853515625,578.6799926757812,583.3400268554688,461600
2021-12-27,606.3300170898438,607.27001953125,583.22998046875,585.9299926757812,636400
2021-12-28,597.3200073242188,609.3200073242188,594.0999755859375,606.97998046875,139500
2021-12-29,601.1199951171875,603.52001953125,596.3400268554688,596.3400268554688,128600
2021-12-30,597.5399780273438,605.489990234375,596.1599731445312,602.7100219726562,87500
2021-12-31,595.2000122070312,598.5499877929688,594.1699829101562,594.8200073242188,117100
2022-01-03,583.9000244140625,599.72998046875,578.489990234375,592.0800170898438,272600
2022-01-04,587.5999755859375,589.280029296875,574.3099975585938,584.75,346000
2022-01-05,558.1799926757812,586.9199829101562,557.47998046875,582.4000244140625,403700
2022-01-06,555.1599731445312,563.0599975585938,548.4500122070312,555.0,338300
2022-01-07,530.8599853515625,553.5399780273438,530.1400146484375,552.1400146484375,432800
2022-01-10,535.4099731445312,536.0999755859375,516.0800170898438,527.3699951171875,403400
2022-01-11,538.5700073242188,539.02001953125,521.5999755859375,535.1500244140625,443500
2022-01-12,538.4400024414062,547.3699951171875,535.0499877929688,539.969970703125,306700
2022-01-13,525.7999877929688,544.6099853515625,524.3800048828125,539.8200073242188,312500
2022-01-14,528.0,533.219970703125,517.5999755859375,520.239990234375,321900
2022-01-18,516.719970703125,522.030029296875,514.0,516.0999755859375,337900
2022-01-19,513.1099853515625,529.7999877929688,512.5599975585938,517.6900024414062,308200
2022-01-20,501.4200134277344,520.5700073242188,500.25,516.02001953125,320000
2022-01-21,494.17999267578125,511.9700012207031,493.25,502.80999755859375,488900
2022-01-24,490.55999755859375,491.57000732421875,463.760009765625,482.57000732421875,853600
2022-01-25,474.0,483.8500061035156,462.32000732421875,479.9200134277344,537900
2022-01-26,475.70001220703125,487.1000061035156,466.2699890136719,484.510009765625,592500
2022-01-27,473.2300109863281,487.9200134277344,469.6600036621094,483.0,624500
2022-01-28,492.57000732421875,493.6600036621094,466.07000732421875,474.6400146484375,569200
2022-01-31,509.1199951171875,510.2900085449219,493.94000244140625,493.94000244140625,364800
2022-02-01,509.4800109863281,511.4100036621094,500.0799865722656,509.29998779296875,330000
2022-02-02,517.010009765625,520.3200073242188,507.5799865722656,512.8200073242188,482800
2022-02-03,508.29998779296875,514.719970703125,506.6300048828125,509.2900085449219,487800
2022-02-04,503.0899963378906,510.3999938964844,495.9100036621094,503.6199951171875,394600
2022-02-07,498.3399963378906,509.1099853515625,496.8399963378906,505.5400085449219,299800
2022-02-08,491.70001220703125,499.9800109863281,488.4700012207031,495.6700134277344,615200
2022-02-09,506.0199890136719,507.4800109863281,494.0199890136719,497.69000244140625,678600
2022-02-10,466.6300048828125,489.6099853515625,461.3299865722656,489.6099853515625,772700
2022-02-11,441.739990234375,467.6600036621094,436.25,465.6000061035156,1276000
2022-02-14,426.4200134277344,451.4599914550781,423.5400085449219,442.29998779296875,659000
2022-02-15,434.94000244140625,440.489990234375,432.6400146484375,433.6700134277344,616000
2022-02-16,430.9700012207031,434.2099914550781,425.75,432.0,538900
2022-02-17,423.5,431.80999755859375,420.6199951171875,426.67999267578125,609300
2022-02-18,420.30999755859375,427.3599853515625,418.4200134277344,423.80999755859375,536200
2022-02-22,409.760009765625,422.7099914550781,406.6499938964844,416.0,549600
2022-02-23,399.2900085449219,418.1600036621094,398.4599914550781,413.0,569000
2022-02-24,415.3299865722656,415.80999755859375,385.3399963378906,386.95001220703125,508700
2022-02-25,418.07000732421875,423.8699951171875,410.6499938964844,415.1000061035156,440600
2022-02-28,413.3399963378906,417.6700134277344,406.1400146484375,414.25,541100
2022-03-01,405.5799865722656,414.0,402.25,413.0,462100
2022-03-02,415.2699890136719,418.3399963378906,407.1199951171875,409.19000244140625,409400
2022-03-03,407.2900085449219,418.5199890136719,404.69000244140625,417.94000244140625,241700
2022-03-04,394.239990234375,404.5,391.8800048828125,402.4599914550781,532500
2022-03-07,381.6499938964844,396.5400085449219,380.9100036621094,394.0,504900
2022-03-08,383.9200134277344,396.8399963378906,381.0799865722656,381.6700134277344,407600
2022-03-09,399.1099853515625,402.9100036621094,391.45001220703125,395.95001220703125,346100
2022-03-10,388.7900085449219,392.3599853515625,383.1199951171875,388.2900085449219,250300
2022-03-11,386.07000732421875,394.0,385.3800048828125,390.9200134277344,410300
2022-03-14,380.0899963378906,392.4700012207031,375.6300048828125,390.6600036621094,330200
2022-03-15,387.0799865722656,388.4800109863281,380.8699951171875,382.45001220703125,341100
2022-03-16,401.6499938964844,401.95001220703125,389.4599914550781,391.75,321400
2022-03-17,419.3500061035156,419.95001220703125,399.7200012207031,401.0400085449219,537900
2022-03-18,437.17999267578125,439.7099914550781,416.2200012207031,419.3500061035156,930700
2022-03-21,429.5400085449219,439.45001220703125,425.3299865722656,437.6199951171875,491300
2022-03-22,433.67999267578125,436.94000244140625,424.9200134277344,429.8299865722656,455800
2022-03-23,419.9100036621094,430.9800109863281,419.2900085449219,428.7300109863281,325800
2022-03-24,427.3699951171875,427.8500061035156,415.7300109863281,424.30999755859375,311000
2022-03-25,425.6600036621094,428.1300048828125,421.3500061035156,427.5799865722656,294300
2022-03-28,422.2799987792969,426.94000244140625,417.7200012207031,425.6600036621094,319500
2022-03-29,438.1000061035156,440.6400146484375,428.6600036621094,429.3399963378906,292100
2022-03-30,429.6099853515625,437.92999267578125,428.5,434.0,316500
2022-03-31,413.70001220703125,432.2099914550781,412.94000244140625,428.9100036621094,575600
2022-04-01,413.7300109863281,417.1700134277344,403.70001220703125,414.6300048828125,505200
2022-04-04,431.239990234375,437.29998779296875,424.7799987792969,433.5,492300
2022-04-05,423.7200012207031,431.9599914550781,422.4200134277344,431.9599914550781,456700
2022-04-06,422.8999938964844,425.1300048828125,413.2200012207031,417.5299987792969,442300
2022-04-07,418.3999938964844,427.0199890136719,416.8999938964844,418.0799865722656,464500
2022-04-08,415.6300048828125,419.1400146484375,406.70001220703125,416.260009765625,387600
2022-04-11,408.70001220703125,413.70001220703125,405.79998779296875,410.7799987792969,249100
2022-04-12,402.2099914550781,418.6700134277344,400.75,410.8800048828125,276100
2022-04-13,405.0,408.29998779296875,400.5299987792969,401.20001220703125,466200
2022-04-14,393.67999267578125,407.0,393.6000061035156,407.0,268400
2022-04-18,394.2799987792969,397.3500061035156,390.2699890136719,391.0,262000
2022-04-19,406.6199951171875,407.45001220703125,393.04998779296875,393.57000732421875,215800
2022-04-20,398.4200134277344,409.8999938964844,397.5,409.07000732421875,358400
2022-04-21,390.0400085449219,406.489990234375,388.739990234375,402.7300109863281,268700
2022-04-22,377.9800109863281,391.760009765625,377.2900085449219,389.54998779296875,307000
2022-04-25,388.94000244140625,390.1600036621094,374.1099853515625,375.82000732421875,448400
2022-04-26,374.5,390.44000244140625,374.5,386.82000732421875,340800
2022-04-27,371.1099853515625,381.2699890136719,370.1400146484375,373.989990234375,337700
2022-04-28,382.9800109863281,384.94000244140625,370.6300048828125,375.5899963378906,356600
2022-04-29,369.6600036621094,385.3299865722656,368.3500061035156,380.239990234375,600300
2022-05-02,379.57000732421875,383.05999755859375,367.1499938964844,371.6600036621094,525200
2022-05-03,368.1400146484375,378.8900146484375,360.0,376.44000244140625,621800
2022-05-04,367.8699951171875,370.9100036621094,354.42999267578125,364.1700134277344,771700
2022-05-05,347.75,366.4200134277344,344.04998779296875,363.8699951171875,552800
2022-05-06,342.5899963378906,349.489990234375,333.3699951171875,343.30999755859375,554100
2022-05-09,328.5400085449219,341.7200012207031,327.45001220703125,335.0,602100
2022-05-10,325.8399963378906,341.6600036621094,317.7200012207031,336.989990234375,719100
2022-05-11,314.5,335.1099853515625,314.260009765625,324.5299987792969,752000
2022-05-12,316.7200012207031,323.45001220703125,309.0,311.989990234375,1076600
2022-05-13,336.8599853515625,337.75,322.010009765625,322.010009765625,629600
2022-05-16,329.3299865722656,336.29998779296875,327.1499938964844,333.07000732421875,394900
2022-05-17,344.5799865722656,347.1499938964844,335.29998779296875,339.54998779296875,456500
2022-05-18,326.4200134277344,342.4700012207031,325.3299865722656,338.8299865722656,670400
2022-05-19,324.1000061035156,330.69000244140625,322.1499938964844,324.1700134277344,598800
2022-05-20,325.3699951171875,331.1700134277344,314.9100036621094,330.0199890136719,564300
2022-05-23,334.7300109863281,338.9200134277344,322.8699951171875,330.1600036621094,529800
2022-05-24,322.8800048828125,332.1499938964844,318.739990234375,330.29998779296875,353400
2022-05-25,322.7200012207031,326.6099853515625,318.67999267578125,319.8699951171875,379800
2022-05-26,332.4700012207031,333.7099914550781,322.739990234375,324.20001220703125,363200
2022-05-27,343.5299987792969,343.5299987792969,335.8999938964844,336.0,627800
2022-05-31,338.19000244140625,344.1199951171875,334.0799865722656,343.7799987792969,717700
2022-06-01,334.54998779296875,344.010009765625,331.7300109863281,339.6099853515625,334300
2022-06-02,347.07000732421875,347.9100036621094,332.17999267578125,334.3800048828125,587600
2022-06-03,334.7699890136719,342.07000732421875,332.7900085449219,342.07000732421875,359200
2022-06-06,335.42999267578125,342.4100036621094,332.8900146484375,341.4800109863281,391200
2022-06-07,335.510009765625,338.2300109863281,326.010009765625,330.6199951171875,457200
2022-06-08,330.739990234375,334.4800109863281,328.3599853515625,334.4800109863281,600500
2022-06-09,315.6600036621094,330.239990234375,315.57000732421875,329.3999938964844,552100
2022-06-10,305.3500061035156,311.1700134277344,304.1000061035156,310.0,506200
2022-06-13,293.0799865722656,299.9700012207031,290.45001220703125,295.6499938964844,492400
2022-06-14,300.739990234375,302.5,292.8500061035156,295.1199951171875,572000
2022-06-15,308.3599853515625,312.7099914550781,301.0,304.45001220703125,436900
2022-06-16,292.1199951171875,304.2699890136719,290.0299987792969,301.1600036621094,457700
2022-06-17,288.4599914550781,297.4599914550781,287.92999267578125,296.7300109863281,867600
2022-06-21,295.8500061035156,299.95001220703125,292.489990234375,293.510009765625,489300
2022-06-22,297.82000732421875,299.4599914550781,290.7699890136719,293.5799865722656,434000
2022-06-23,297.4100036621094,299.1499938964844,291.8599853515625,298.2300109863281,307800
2022-06-24,308.9100036621094,310.3599853515625,300.7900085449219,301.1000061035156,1009200
2022-06-27,309.8299865722656,311.760009765625,305.54998779296875,311.30999755859375,335600
2022-06-28,302.2099914550781,312.989990234375,301.4200134277344,309.8699951171875,271100
2022-06-29,298.3299865722656,304.8299865722656,295.2799987792969,304.8299865722656,260000
2022-06-30,293.95001220703125,297.6499938964844,289.8299865722656,295.1700134277344,540500
2022-07-01,299.3399963378906,300.05999755859375,290.6499938964844,292.2300109863281,473900
2022-07-05,302.3299865722656,302.55999755859375,293.0400085449219,294.7699890136719,331200
2022-07-06,294.5299987792969,306.3699951171875,290.3900146484375,304.95001220703125,575400
2022-07-07,305.1400146484375,306.1700134277344,295.3500061035156,295.3500061035156,316500
2022-07-08,299.5199890136719,303.70001220703125,297.760009765625,303.07000732421875,269300
2022-07-11,291.70001220703125,296.3500061035156,291.05999755859375,293.989990234375,334800
2022-07-12,292.4100036621094,298.9599914550781,290.4800109863281,294.05999755859375,492800
2022-07-13,292.489990234375,294.92999267578125,283.7200012207031,286.19000244140625,298000
2022-07-14,290.79998779296875,292.0199890136719,284.05999755859375,289.010009765625,270700
2022-07-15,297.7200012207031,298.5199890136719,291.010009765625,293.5400085449219,292300
2022-07-18,295.8399963378906,302.45001220703125,293.7699890136719,299.5799865722656,279900
2022-07-19,311.9100036621094,312.54998779296875,301.0899963378906,301.0899963378906,303100
2022-07-20,325.4200134277344,325.6400146484375,311.80999755859375,312.010009765625,414700
2022-07-21,332.1499938964844,332.19000244140625,323.8399963378906,324.70001220703125,371000
2022-07-22,326.67999267578125,334.5899963378906,322.9200134277344,330.95001220703125,222300
2022-07-25,325.3699951171875,328.7900085449219,320.9599914550781,325.5,356300
2022-07-26,326.9700012207031,327.17999267578125,321.20001220703125,323.9599914550781,300000
2022-07-27,338.489990234375,340.0,327.2300109863281,328.6099853515625,338800
2022-07-28,344.5,347.1600036621094,336.70001220703125,338.489990234375,319400
2022-07-29,357.69000244140625,358.3900146484375,340.260009765625,343.32000732421875,460900
2022-08-01,358.42999267578125,365.9700012207031,350.69000244140625,352.4200134277344,646500
2022-08-02,323.32000732421875,356.6199951171875,322.92999267578125,351.760009765625,982900
2022-08-03,326.4100036621094,332.0299987792969,316.04998779296875,322.2200012207031,531900
2022-08-04,330.5799865722656,330.8900146484375,323.5299987792969,325.760009765625,369700
2022-08-05,331.70001220703125,337.2900085449219,324.5199890136719,324.5199890136719,298500
2022-08-08,330.32000732421875,338.8399963378906,329.25,332.489990234375,358800
2022-08-09,320.1499938964844,326.3399963378906,318.5,326.3399963378906,375800
2022-08-10,328.8699951171875,332.1300048828125,325.2099914550781,330.20001220703125,241900
2022-08-11,336.0,343.5299987792969,331.8500061035156,333.6000061035156,279800
2022-08-12,346.739990234375,346.7900085449219,336.19000244140625,338.5299987792969,239600
2022-08-15,349.4100036621094,350.3399963378906,343.79998779296875,345.82000732421875,251900
2022-08-16,344.9100036621094,347.8900146484375,340.6400146484375,345.5899963378906,185500
2022-08-17,340.45001220703125,341.5799865722656,336.7200012207031,340.1000061035156,333400
2022-08-18,342.3800048828125,346.0199890136719,339.20001220703125,340.4599914550781,201100
2022-08-19,328.4100036621094,339.32000732421875,327.6099853515625,337.67999267578125,218300
2022-08-22,315.8800048828125,322.3299865722656,314.5799865722656,322.3299865722656,241600
2022-08-23,316.989990234375,319.29998779296875,314.4599914550781,315.0,181700
2022-08-24,319.3399963378906,321.5199890136719,316.6400146484375,317.7699890136719,210900
2022-08-25,330.1400146484375,330.4200134277344,321.8500061035156,322.0,179300
2022-08-26,308.1600036621094,331.6499938964844,308.0899963378906,331.0799865722656,284300
2022-08-29,307.8999938964844,311.3599853515625,302.4800109863281,304.8999938964844,235300
2022-08-30,302.8599853515625,311.6600036621094,301.4599914550781,310.1000061035156,311700
2022-08-31,301.6400146484375,305.1499938964844,298.239990234375,304.55999755859375,600000
2022-09-01,309.739990234375,309.9700012207031,294.4100036621094,296.5799865722656,548100
2022-09-02,297.6000061035156,316.6000061035156,296.1000061035156,316.6000061035156,480000
2022-09-06,289.92999267578125,296.3900146484375,286.5799865722656,296.3900146484375,368300
2022-09-07,295.5799865722656,296.6000061035156,288.1600036621094,290.82000732421875,596100
2022-09-08,298.29998779296875,298.9100036621094,291.3999938964844,292.05999755859375,253000
2022-09-09,307.8399963378906,308.44000244140625,301.239990234375,301.239990234375,286000
2022-09-12,311.8500061035156,314.7900085449219,309.30999755859375,310.8800048828125,348600
2022-09-13,293.5,301.3999938964844,291.3599853515625,301.3999938964844,423500
2022-09-14,295.9700012207031,300.1499938964844,290.25,293.1000061035156,405900
2022-09-15,296.20001220703125,301.42999267578125,292.3900146484375,294.0899963378906,380300
2022-09-16,288.5199890136719,294.7300109863281,285.9599914550781,294.5299987792969,531400
2022-09-19,291.2099914550781,291.5,284.45001220703125,285.010009765625,356300
2022-09-20,285.6499938964844,288.989990234375,281.6600036621094,288.989990234375,269800
2022-09-21,285.0799865722656,295.1400146484375,284.7699890136719,288.8500061035156,414500
2022-09-22,272.94000244140625,283.8500061035156,272.7900085449219,282.6099853515625,404700
2022-09-23,268.0400085449219,272.6300048828125,262.8399963378906,270.3800048828125,395400
2022-09-26,265.8599853515625,274.2300109863281,265.04998779296875,268.54998779296875,363200
2022-09-27,264.95001220703125,272.2300109863281,263.25,271.2099914550781,420300
2022-09-28,271.3500061035156,272.94000244140625,265.5400085449219,267.4100036621094,287700
2022-09-29,265.5199890136719,268.1700134277344,262.4100036621094,266.4100036621094,354100
2022-09-30,262.010009765625,271.9599914550781,261.6300048828125,264.8399963378906,378500
2022-10-03,272.0899963378906,274.0899963378906,261.69000244140625,264.94000244140625,325900
2022-10-04,281.6499938964844,281.6499938964844,277.4100036621094,277.75,341800
2022-10-05,281.8800048828125,284.20001220703125,276.19000244140625,276.8299865722656,368600
2022-10-06,280.3500061035156,285.2799987792969,278.3299865722656,281.6099853515625,339700
2022-10-07,266.67999267578125,275.69000244140625,266.04998779296875,273.82000732421875,345400
2022-10-10,258.6000061035156,268.260009765625,255.5800018310547,268.0,290200
2022-10-11,250.00999450683594,257.0799865722656,248.1699981689453,255.44000244140625,450500
2022-10-12,261.0299987792969,263.2799987792969,248.91000366210938,250.08999633789062,469000
2022-10-13,268.2699890136719,277.989990234375,252.4499969482422,253.32000732421875,578600
2022-10-14,255.61000061035156,267.7099914550781,254.55999755859375,265.1700134277344,413500
2022-10-17,261.6400146484375,264.8399963378906,259.2799987792969,262.5299987792969,338000
2022-10-18,263.8900146484375,271.9599914550781,260.4700012207031,269.510009765625,352100
2022-10-19,260.4599914550781,264.8699951171875,257.3900146484375,261.3399963378906,230100
2022-10-20,256.2300109863281,265.92999267578125,253.5500030517578,261.0799865722656,311700
2022-10-21,263.0400085449219,263.9100036621094,252.38999938964844,255.9199981689453,348800
2022-10-24,265.7200012207031,267.6400146484375,259.010009765625,264.29998779296875,368300
2022-10-25,274.5799865722656,274.7200012207031,266.57000732421875,267.6099853515625,261200
2022-10-26,273.17999267578125,278.6600036621094,271.1700134277344,273.42999267578125,248000
2022-10-27,275.2900085449219,281.8900146484375,274.8900146484375,276.9800109863281,422400
2022-10-28,288.0,288.6099853515625,271.7200012207031,275.0299987792969,567500
2022-10-31,283.2200012207031,287.9700012207031,278.8399963378906,283.42999267578125,661800
2022-11-01,238.3000030517578,264.3999938964844,237.27999877929688,264.3999938964844,1777900
2022-11-02,236.02999877929688,242.8000030517578,231.3800048828125,236.07000732421875,1039900
2022-11-03,227.32000732421875,236.66000366210938,227.14999389648438,231.83999633789062,619100
2022-11-04,230.55999755859375,232.6300048828125,224.8699951171875,231.8300018310547,451900
2022-11-07,236.36000061035156,236.55999755859375,227.6199951171875,232.52000427246094,321900
2022-11-08,234.64999389648438,241.1999969482422,231.2100067138672,238.86000061035156,355200
2022-11-09,226.8800048828125,232.02999877929688,225.75999450683594,232.02999877929688,397700
2022-11-10,253.4199981689453,253.72000122070312,237.8800048828125,238.9199981689453,718500
2022-11-11,263.3800048828125,265.9800109863281,252.83999633789062,254.08999633789062,571600
2022-11-14,251.47000122070312,262.1300048828125,251.07000732421875,261.7099914550781,501800
2022-11-15,261.5899963378906,266.0400085449219,257.05999755859375,257.5400085449219,704300
2022-11-16,258.42999267578125,259.760009765625,254.19000244140625,259.760009765625,465900
2022-11-17,255.11000061035156,257.6199951171875,250.22000122070312,251.7899932861328,342300
2022-11-18,256.1000061035156,260.9100036621094,250.32000732421875,259.3900146484375,504500
2022-11-21,257.0,258.2200012207031,253.1300048828125,253.9499969482422,402700
2022-11-22,261.04998779296875,261.8299865722656,255.25,257.3999938964844,442100
2022-11-23,270.6600036621094,274.8500061035156,261.989990234375,262.739990234375,464600
2022-11-25,271.8999938964844,272.29998779296875,269.6199951171875,270.5,202400
2022-11-28,269.0,270.05999755859375,266.5199890136719,268.3800048828125,492900
2022-11-29,266.82000732421875,273.0,261.5400085449219,269.7900085449219,534900
2022-11-30,270.2799987792969,273.8999938964844,257.739990234375,266.6199951171875,1734500
2022-12-01,268.82000732421875,274.2900085449219,262.8699951171875,268.760009765625,521900
2022-12-02,274.8599853515625,276.1400146484375,264.6099853515625,264.6700134277344,440500
2022-12-05,261.79998779296875,273.1000061035156,261.57000732421875,272.8800048828125,473600
2022-12-06,254.2100067138672,261.0799865722656,251.35000610351562,261.010009765625,375400
2022-12-07,252.5399932861328,255.0399932861328,250.72999572753906,252.4199981689453,303100
2022-12-08,252.82000732421875,259.54998779296875,252.0,252.30999755859375,473400
2022-12-09,251.4499969482422,256.6700134277344,250.52999877929688,251.19000244140625,551900
2022-12-12,258.1000061035156,259.94000244140625,250.1199951171875,253.83999633789062,478500
2022-12-13,263.2699890136719,274.70001220703125,257.0199890136719,270.6000061035156,608700
2022-12-14,261.5,267.2699890136719,257.70001220703125,261.95001220703125,393200
2022-12-15,251.0399932861328,257.7200012207031,249.64999389648438,256.1499938964844,410400
2022-12-16,248.9199981689453,251.08999633789062,244.72000122070312,249.25,769100
2022-12-19,243.7100067138672,251.5500030517578,242.8800048828125,249.0,325200
2022-12-20,247.14999389648438,250.64999389648438,241.42999267578125,242.5500030517578,377800
2022-12-21,250.83999633789062,253.8000030517578,248.30999755859375,248.61000061035156,435400
2022-12-22,247.50999450683594,247.63999938964844,241.00999450683594,245.77999877929688,341700
2022-12-23,248.22000122070312,249.13999938964844,244.75999450683594,246.86000061035156,180900
2022-12-27,251.0,253.8699951171875,247.16000366210938,249.35000610351562,252500
2022-12-28,246.83999633789062,253.85000610351562,246.1300048828125,250.47999572753906,241200
2022-12-29,257.5299987792969,258.04998779296875,249.0,249.5500030517578,274900
2022-12-30,256.4100036621094,256.5400085449219,251.52000427246094,254.1999969482422,228200
2023-01-03,260.20001220703125,262.69000244140625,255.7100067138672,260.8699951171875,295400
2023-01-04,262.989990234375,265.80999755859375,258.2300109863281,263.6199951171875,311600
2023-01-05,260.05999755859375,260.94000244140625,254.69000244140625,260.67999267578125,368200
2023-01-06,273.4200134277344,277.8599853515625,263.2099914550781,265.1099853515625,552700
2023-01-09,279.2900085449219,283.5299987792969,273.5199890136719,276.0,535400
2023-01-10,286.92999267578125,286.95001220703125,277.010009765625,277.82000732421875,353700
2023-01-11,299.7900085449219,300.2099914550781,286.55999755859375,289.0,600100
2023-01-12,293.0,301.8399963378906,290.8699951171875,301.8399963378906,735500
2023-01-13,293.70001220703125,293.989990234375,286.989990234375,290.0199890136719,687100
2023-01-17,293.5799865722656,294.1499938964844,288.67999267578125,293.5400085449219,330000
2023-01-18,296.5400085449219,299.75,295.79998779296875,295.79998779296875,418300
2023-01-19,287.7200012207031,295.79998779296875,285.7799987792969,292.0199890136719,260900
2023-01-20,297.0299987792969,297.2200012207031,288.2300109863281,288.2300109863281,307600
2023-01-23,317.760009765625,320.1199951171875,297.94000244140625,298.489990234375,812600
2023-01-24,310.0799865722656,317.239990234375,309.75,315.0,370600
2023-01-25,310.57000732421875,312.5799865722656,302.45001220703125,305.0,292900
2023-01-26,311.2699890136719,315.0,306.1400146484375,314.0400085449219,221600
2023-01-27,317.1000061035156,317.5199890136719,308.1499938964844,310.17999267578125,296800
2023-01-30,309.0299987792969,315.29998779296875,308.75,313.1400146484375,240900
2023-01-31,316.17999267578125,316.3800048828125,306.5,309.32000732421875,264800
2023-02-01,328.6300048828125,329.6199951171875,315.75,316.17999267578125,442500
2023-02-02,344.70001220703125,351.739990234375,335.80999755859375,335.9599914550781,787400
2023-02-03,330.80999755859375,338.2200012207031,329.17999267578125,335.4100036621094,498500
2023-02-06,324.70001220703125,330.5400085449219,323.80999755859375,326.69000244140625,406200
2023-02-07,331.1499938964844,331.9800109863281,321.3399963378906,322.7300109863281,405900
2023-02-08,325.5400085449219,329.6700134277344,324.510009765625,328.2799987792969,277500
2023-02-09,316.55999755859375,329.7099914550781,315.6700134277344,322.1600036621094,478300
2023-02-10,313.4599914550781,317.69000244140625,310.29998779296875,312.6400146484375,342400
2023-02-13,318.95001220703125,319.010009765625,309.8500061035156,313.1499938964844,287500
2023-02-14,318.760009765625,322.7900085449219,312.739990234375,315.8900146484375,192600
2023-02-15,327.0199890136719,327.42999267578125,316.8999938964844,316.8999938964844,305600
2023-02-16,333.44000244140625,340.8399963378906,327.6199951171875,330.0,555800
2023-02-17,322.5799865722656,329.6000061035156,310.54998779296875,329.1199951171875,496800
2023-02-21,307.0,317.9599914550781,306.2900085449219,317.9599914550781,375000
2023-02-22,304.8699951171875,308.5299987792969,302.2799987792969,308.260009765625,309000
2023-02-23,301.0,307.82000732421875,295.4200134277344,307.5400085449219,444800
2023-02-24,291.9200134277344,296.69000244140625,288.8800048828125,295.0,415300
2023-02-27,296.2300109863281,297.7099914550781,293.44000244140625,296.3500061035156,547800
2023-02-28,300.25,300.6700134277344,295.17999267578125,296.75,512900
2023-03-01,302.3399963378906,305.57000732421875,298.92999267578125,299.8299865722656,409000
2023-03-02,306.05999755859375,306.5799865722656,297.6199951171875,299.79998779296875,254200
2023-03-03,309.45001220703125,311.5299987792969,306.07000732421875,307.6199951171875,230200
2023-03-06,305.80999755859375,313.7900085449219,304.0199890136719,310.2699890136719,154900
2023-03-07,302.1600036621094,306.1099853515625,301.8599853515625,305.4200134277344,182600
2023-03-08,307.07000732421875,307.3699951171875,301.5,303.2699890136719,186100
2023-03-09,296.9100036621094,309.57000732421875,296.3699951171875,307.4700012207031,351000
2023-03-10,288.19000244140625,297.7099914550781,286.55999755859375,296.2300109863281,258400
2023-03-13,284.9200134277344,291.3800048828125,278.5299987792969,284.1099853515625,265500
2023-03-14,292.4599914550781,293.489990234375,286.8999938964844,292.489990234375,211300
2023-03-15,287.739990234375,287.94000244140625,282.4599914550781,284.989990234375,272900
2023-03-16,294.92999267578125,296.3999938964844,284.8299865722656,286.9200134277344,333400
2023-03-17,288.7099914550781,294.29998779296875,287.1499938964844,294.04998779296875,461500
2023-03-20,290.8399963378906,291.6400146484375,285.489990234375,289.8699951171875,232300
2023-03-21,294.42999267578125,296.04998779296875,291.0199890136719,294.8900146484375,160500
2023-03-22,288.1099853515625,298.7799987792969,287.8599853515625,292.3299865722656,362700
2023-03-23,288.75,295.9200134277344,285.8699951171875,290.05999755859375,244700
2023-03-24,288.7300109863281,289.2900085449219,283.07000732421875,286.5799865722656,322000
2023-03-27,288.8599853515625,292.8599853515625,285.92999267578125,290.8699951171875,231900
2023-03-28,290.1499938964844,291.5299987792969,286.5199890136719,287.760009765625,177100
2023-03-29,296.1199951171875,297.0,291.4800109863281,293.80999755859375,214700
2023-03-30,309.1099853515625,309.29998779296875,300.94000244140625,301.9100036621094,302600
2023-03-31,318.0,318.8500061035156,310.0,310.0,373400
2023-04-03,311.6499938964844,316.2300109863281,307.3999938964844,315.1300048828125,199800
2023-04-04,308.7099914550781,312.1199951171875,303.44000244140625,312.1199951171875,347400
2023-04-05,300.1499938964844,308.4800109863281,299.05999755859375,308.4800109863281,185400
2023-04-06,300.260009765625,303.1300048828125,294.79998779296875,297.2799987792969,184400
2023-04-10,301.9599914550781,302.1499938964844,296.7200012207031,297.32000732421875,142800
2023-04-11,304.0299987792969,306.70001220703125,301.9800109863281,304.20001220703125,138800
2023-04-12,301.4100036621094,307.0799865722656,300.5,306.2300109863281,130400
2023-04-13,306.1700134277344,306.3599853515625,300.5899963378906,302.8299865722656,160400
2023-04-14,303.0799865722656,307.3299865722656,299.7699890136719,303.9200134277344,158400
2023-04-17,300.4599914550781,304.3500061035156,299.3500061035156,302.9100036621094,163900
2023-04-18,300.6300048828125,304.5,299.07000732421875,303.0199890136719,149300
2023-04-19,292.760009765625,297.8999938964844,291.8800048828125,297.8999938964844,250900
2023-04-20,290.5199890136719,293.4800109863281,288.0299987792969,289.1700134277344,220700
2023-04-21,287.8999938964844,289.94000244140625,285.0,289.9200134277344,302600
2023-04-24,288.19000244140625,290.3299865722656,286.3800048828125,288.3399963378906,244300
2023-04-25,284.1000061035156,293.4800109863281,283.9599914550781,290.3399963378906,297700
2023-04-26,280.4200134277344,286.2799987792969,279.5899963378906,284.8999938964844,214900
2023-04-27,284.1199951171875,285.0400085449219,278.2099914550781,283.510009765625,234300
2023-04-28,288.0299987792969,289.9700012207031,282.6199951171875,284.239990234375,428100
2023-05-01,287.45001220703125,290.3399963378906,286.489990234375,287.1700134277344,407500
2023-05-02,255.44000244140625,269.010009765625,245.75,251.44000244140625,1327100
2023-05-03,258.5,265.3599853515625,254.89999389648438,255.4499969482422,710000
2023-05-04,265.0,265.7099914550781,255.0,256.20001220703125,551700
2023-05-05,273.79998779296875,275.3399963378906,263.8599853515625,269.1000061035156,486300
2023-05-08,277.8599853515625,278.1400146484375,271.7699890136719,274.0,384100
2023-05-09,270.1600036621094,278.1600036621094,268.9700012207031,275.0,432900
2023-05-10,271.7699890136719,274.8500061035156,267.6499938964844,272.2099914550781,257400
2023-05-11,265.2799987792969,270.2699890136719,264.1700134277344,269.3399963378906,349400
2023-05-12,266.1600036621094,268.8399963378906,262.30999755859375,267.1400146484375,221500
2023-05-15,270.70001220703125,272.8699951171875,264.6600036621094,265.8800048828125,235700
2023-05-16,266.3800048828125,271.3599853515625,265.0299987792969,268.42999267578125,183700
2023-05-17,271.6700134277344,273.3800048828125,266.5400085449219,268.82000732421875,227400
2023-05-18,279.3299865722656,280.6199951171875,269.6300048828125,271.010009765625,360600
2023-05-19,280.79998779296875,283.8599853515625,278.0299987792969,281.29998779296875,419300
2023-05-22,280.1300048828125,282.489990234375,276.8399963378906,279.7099914550781,256600
2023-05-23,271.2200012207031,278.6400146484375,270.95001220703125,277.6300048828125,359600
2023-05-24,261.3900146484375,271.0400085449219,260.5299987792969,269.8500061035156,467500
2023-05-25,259.69000244140625,264.25,257.19000244140625,264.25,356700
2023-05-26,264.7200012207031,265.989990234375,260.6700134277344,260.6700134277344,243500
2023-05-30,267.7799987792969,271.82000732421875,265.29998779296875,268.0199890136719,271000
2023-05-31,262.57000732421875,267.5199890136719,261.3599853515625,265.0,653500
2023-06-01,266.20001220703125,267.04998779296875,260.8999938964844,263.8800048828125,325500
2023-06-02,278.010009765625,279.6099853515625,269.3299865722656,269.3299865722656,374100
2023-06-05,269.1099853515625,276.44000244140625,267.5299987792969,276.3500061035156,491400
2023-06-06,270.1000061035156,273.6499938964844,266.5,269.1099853515625,455100
2023-06-07,277.55999755859375,280.30999755859375,272.3500061035156,273.1499938964844,266300
2023-06-08,278.0299987792969,278.42999267578125,272.3800048828125,276.9700012207031,366200
2023-06-09,274.6600036621094,280.5799865722656,274.32000732421875,278.3399963378906,360900
2023-06-12,279.989990234375,280.54998779296875,274.9100036621094,275.6099853515625,344200
2023-06-13,283.3900146484375,286.44000244140625,280.6099853515625,283.5199890136719,367100
2023-06-14,280.3800048828125,285.8699951171875,279.0799865722656,283.8399963378906,287200
2023-06-15,284.54998779296875,285.5199890136719,277.4700012207031,277.4700012207031,271500
2023-06-16,282.3999938964844,288.760009765625,281.75,286.9599914550781,636900
2023-06-20,277.54998779296875,281.55999755859375,273.8900146484375,281.55999755859375,389200
2023-06-21,270.8800048828125,274.6099853515625,270.79998779296875,274.5199890136719,314500
2023-06-22,267.9100036621094,270.5,264.8599853515625,270.5,353400
2023-06-23,264.3299865722656,265.92999267578125,261.9100036621094,265.3500061035156,657000
2023-06-26,273.1099853515625,275.70001220703125,265.1199951171875,266.29998779296875,285500
2023-06-27,282.80999755859375,284.42999267578125,270.6700134277344,273.8500061035156,356800
2023-06-28,283.489990234375,286.1000061035156,280.2200012207031,281.3999938964844,300600
2023-06-29,288.67999267578125,289.3299865722656,281.79998779296875,283.04998779296875,310000
2023-06-30,295.8299865722656,297.45001220703125,290.70001220703125,290.8500061035156,342400
2023-07-03,296.2699890136719,296.989990234375,292.8599853515625,293.8900146484375,184100
2023-07-05,292.8500061035156,296.25,290.2300109863281,293.57000732421875,369000
2023-07-06,291.1400146484375,291.8699951171875,283.5400085449219,287.3999938964844,292000
2023-07-07,295.2200012207031,300.5,290.1400146484375,291.489990234375,251200
2023-07-10,306.1600036621094,307.260009765625,294.57000732421875,294.57000732421875,403400
2023-07-11,309.1600036621094,313.2200012207031,307.17999267578125,308.69000244140625,307500
2023-07-12,315.92999267578125,318.8500061035156,311.2200012207031,314.20001220703125,347500
2023-07-13,318.4700012207031,320.54998779296875,317.2200012207031,317.9700012207031,216800
2023-07-14,309.2799987792969,317.04998779296875,307.8699951171875,316.82000732421875,298000
2023-07-17,309.510009765625,311.010009765625,305.6600036621094,306.79998779296875,295400
2023-07-18,313.1700134277344,313.7300109863281,308.04998779296875,308.1000061035156,395100
2023-07-19,318.3699951171875,319.0400085449219,312.8900146484375,313.2900085449219,259400
2023-07-20,304.5400085449219,316.57000732421875,303.1700134277344,316.57000732421875,311400
2023-07-21,306.4599914550781,310.45001220703125,305.3699951171875,308.0199890136719,215100
2023-07-24,302.5899963378906,308.7099914550781,301.80999755859375,305.82000732421875,303900
2023-07-25,301.42999267578125,307.07000732421875,300.7900085449219,302.7200012207031,320100
2023-07-26,306.1199951171875,306.67999267578125,298.9599914550781,299.19000244140625,289100
2023-07-27,299.42999267578125,308.9800109863281,297.45001220703125,308.0,493900
2023-07-28,299.17999267578125,304.8299865722656,296.42999267578125,303.42999267578125,534100
2023-07-31,307.9599914550781,308.0400085449219,299.3500061035156,299.3599853515625,545800
2023-08-01,254.77000427246094,262.5,244.6699981689453,245.02000427246094,2621700
2023-08-02,241.14999389648438,251.24000549316406,236.97000122070312,250.10000610351562,1317300
2023-08-03,249.5500030517578,252.27999877929688,231.97999572753906,238.08999633789062,1170100
2023-08-04,251.41000366210938,254.8000030517578,246.60000610351562,249.0,569700
2023-08-07,248.22999572753906,251.9199981689453,245.35000610351562,251.05999755859375,427600
2023-08-08,253.67999267578125,254.32000732421875,248.13999938964844,248.82000732421875,521000
2023-08-09,257.8900146484375,260.8800048828125,250.75,253.4199981689453,499600
2023-08-10,255.4199981689453,260.0,252.8300018310547,258.5,414000
2023-08-11,261.94000244140625,263.0,254.0800018310547,254.0800018310547,493200
2023-08-14,263.8599853515625,264.0899963378906,258.6199951171875,263.45001220703125,295100
2023-08-15,267.9800109863281,268.9200134277344,261.1199951171875,261.17999267578125,501000
2023-08-16,265.94000244140625,268.239990234375,263.8900146484375,265.6499938964844,374500
2023-08-17,266.0299987792969,269.6099853515625,263.1400146484375,267.6700134277344,343200
2023-08-18,271.9800109863281,274.0299987792969,260.80999755859375,261.82000732421875,699200
2023-08-21,267.5299987792969,273.0,266.5,270.4700012207031,373900
2023-08-22,269.3599853515625,272.4700012207031,266.760009765625,269.82000732421875,340500
2023-08-23,270.0899963378906,271.2200012207031,267.1000061035156,269.9800109863281,314800
2023-08-24,265.9200134277344,272.70001220703125,265.9200134277344,270.3800048828125,246300
2023-08-25,268.3900146484375,269.4700012207031,264.45001220703125,267.8999938964844,337300
2023-08-28,269.9200134277344,271.30999755859375,268.17999267578125,270.3900146484375,211000
2023-08-29,273.489990234375,274.7200012207031,268.010009765625,268.3399963378906,280800
2023-08-30,279.1099853515625,279.8299865722656,268.9700012207031,272.3999938964844,391000
2023-08-31,275.010009765625,279.8800048828125,274.7699890136719,279.8800048828125,372800
2023-09-01,275.95001220703125,278.760009765625,275.0,276.9599914550781,311900
2023-09-05,273.25,276.9800109863281,271.70001220703125,275.739990234375,417300
2023-09-06,272.3800048828125,275.0199890136719,270.19000244140625,273.25,327200
2023-09-07,264.239990234375,268.80999755859375,256.82000732421875,268.6099853515625,498100
2023-09-08,256.3699951171875,263.1300048828125,254.94000244140625,262.9700012207031,435000
2023-09-11,254.77000427246094,258.1300048828125,254.14999389648438,257.7900085449219,358400
2023-09-12,251.30999755859375,254.5800018310547,250.75999450683594,254.27999877929688,387600
2023-09-13,250.17999267578125,253.02000427246094,248.86000061035156,251.39999389648438,407600
2023-09-14,254.7899932861328,255.10000610351562,250.17999267578125,251.2899932861328,444100
2023-09-15,251.3800048828125,256.17999267578125,249.3800048828125,255.11000061035156,535200
2023-09-18,253.1999969482422,253.52000427246094,249.00999450683594,250.52999877929688,220000
2023-09-19,252.1699981689453,253.72000122070312,250.6199951171875,252.94000244140625,245000
2023-09-20,235.8300018310547,245.49000549316406,235.6300048828125,245.08999633789062,824900
2023-09-21,228.67999267578125,234.3300018310547,228.52000427246094,232.92999267578125,676200
2023-09-22,227.14999389648438,229.7899932861328,224.57000732421875,228.63999938964844,482200
2023-09-25,228.14999389648438,230.75999450683594,225.75,225.75,314500
2023-09-26,223.9600067138672,226.64999389648438,222.5800018310547,225.97000122070312,355400
2023-09-27,225.91000366210938,226.97999572753906,222.5800018310547,224.16000366210938,364600
2023-09-28,236.8699951171875,239.00999450683594,226.3000030517578,226.3000030517578,611800
2023-09-29,236.52999877929688,241.66000366210938,235.97000122070312,238.69000244140625,390000
2023-10-02,233.6300048828125,236.6999969482422,232.24000549316406,236.52999877929688,246000
2023-10-03,230.3300018310547,232.88999938964844,228.16000366210938,230.97000122070312,313300
2023-10-04,230.94000244140625,232.0500030517578,227.7899932861328,232.0500030517578,487500
2023-10-05,222.5399932861328,228.47999572753906,219.4199981689453,227.3800048828125,448400
2023-10-06,223.85000610351562,225.02000427246094,219.3300018310547,220.85000610351562,384000
2023-10-09,222.5800018310547,223.4600067138672,220.17999267578125,221.1699981689453,266600
2023-10-10,222.39999389648438,227.5399932861328,221.75999450683594,222.97999572753906,361900
2023-10-11,217.16000366210938,223.27000427246094,215.32000732421875,222.0399932861328,822600
2023-10-12,210.8699951171875,218.3300018310547,208.00999450683594,218.3300018310547,597200
2023-10-13,206.9199981689453,210.58999633789062,205.19000244140625,210.58999633789062,460900
2023-10-16,214.97000122070312,216.0,206.83999633789062,207.32000732421875,425300
2023-10-17,212.99000549316406,216.57000732421875,212.2899932861328,212.2899932861328,355800
2023-10-18,209.1199951171875,211.1300048828125,207.75,211.0800018310547,346400
2023-10-19,205.99000549316406,213.74000549316406,205.10000610351562,209.39999389648438,517500
2023-10-20,204.5500030517578,205.14999389648438,201.00999450683594,204.83999633789062,860400
2023-10-23,205.2899932861328,208.72999572753906,202.6999969482422,203.80999755859375,482800
2023-10-24,205.91000366210938,207.5,203.11000061035156,206.49000549316406,348200
2023-10-25,198.91000366210938,205.22999572753906,196.1300048828125,203.8300018310547,577900
2023-10-26,204.8300018310547,207.3800048828125,198.86000061035156,200.0,735500
2023-10-27,207.17999267578125,207.55999755859375,201.16000366210938,204.60000610351562,565000
2023-10-30,209.77000427246094,211.2100067138672,204.47000122070312,207.5,970000
2023-10-31,209.42999267578125,215.0,203.08999633789062,213.89999389648438,914200
2023-11-01,197.99000549316406,212.5,194.58999633789062,209.57000732421875,822900
2023-11-02,207.0,207.22999572753906,198.19000244140625,200.4600067138672,758500
2023-11-03,214.3000030517578,217.13999938964844,210.8699951171875,210.8699951171875,540800
2023-11-06,206.02000427246094,213.86000061035156,205.2100067138672,213.86000061035156,373800
2023-11-07,208.0399932861328,208.25999450683594,202.60000610351562,204.5,613300
2023-11-08,206.44000244140625,210.3699951171875,204.0399932861328,208.0,525900
2023-11-09,202.52000427246094,208.14999389648438,201.42999267578125,207.58999633789062,486900
2023-11-10,206.17999267578125,207.2100067138672,202.4600067138672,202.9199981689453,602300
2023-11-13,202.61000061035156,205.3800048828125,202.00999450683594,204.39999389648438,411200
2023-11-14,215.66000366210938,216.5,208.5,209.0,542700
2023-11-15,216.9600067138672,224.2100067138672,215.64999389648438,215.64999389648438,501600
2023-11-16,215.47999572753906,217.49000549316406,212.39999389648438,216.22000122070312,275700
2023-11-17,218.02000427246094,218.6999969482422,215.27000427246094,218.4600067138672,340600
2023-11-20,220.5399932861328,221.77999877929688,216.60000610351562,218.83999633789062,330600
2023-11-21,222.41000366210938,223.0399932861328,217.3800048828125,218.49000549316406,360500
2023-11-22,225.86000061035156,227.0,221.58999633789062,223.39999389648438,550100
2023-11-24,228.9199981689453,229.64999389648438,225.8300018310547,225.8300018310547,195200
2023-11-27,231.5,233.6199951171875,227.64999389648438,227.64999389648438,528600
2023-11-28,233.88999938964844,234.4199981689453,229.64999389648438,230.72000122070312,424900
2023-11-29,236.6199951171875,240.05999755859375,235.64999389648438,236.1300048828125,372900
2023-11-30,236.97999572753906,238.25999450683594,235.35000610351562,237.72000122070312,492400
2023-12-01,241.22000122070312,241.89999389648438,232.77999877929688,235.39999389648438,419600
2023-12-04,239.3699951171875,243.0,236.77000427246094,239.42999267578125,302800
2023-12-05,234.36000061035156,238.38999938964844,232.57000732421875,238.38999938964844,243300
2023-12-06,234.1300048828125,238.72000122070312,233.83999633789062,237.6699981689453,222300
2023-12-07,233.22999572753906,236.97000122070312,232.99000549316406,235.1699981689453,319100
2023-12-08,236.1300048828125,237.8000030517578,232.2899932861328,232.2899932861328,229900
2023-12-11,239.64999389648438,239.75999450683594,235.94000244140625,235.94000244140625,363100
2023-12-12,239.3800048828125,241.42999267578125,238.22000122070312,240.0,238400
2023-12-13,244.42999267578125,245.30999755859375,235.7899932861328,238.63999938964844,303500
2023-12-14,272.1600036621094,274.44000244140625,247.11000061035156,248.55999755859375,1165900
2023-12-15,270.17999267578125,280.3299865722656,268.07000732421875,269.1700134277344,1025000
2023-12-18,266.67999267578125,271.04998779296875,264.3999938964844,271.04998779296875,485000
2023-12-19,269.4200134277344,271.7900085449219,265.67999267578125,268.6099853515625,467000
2023-12-20,261.6099853515625,270.9800109863281,261.3500061035156,269.6099853515625,332800
2023-12-21,265.30999755859375,266.1499938964844,261.6700134277344,264.760009765625,282500
2023-12-22,269.4100036621094,269.8299865722656,265.8900146484375,266.7699890136719,225900
2023-12-26,275.5,276.0799865722656,269.2900085449219,270.0,220000
2023-12-27,275.7900085449219,276.6499938964844,273.2699890136719,276.5,275700
2023-12-28,275.3500061035156,276.3900146484375,272.7799987792969,274.1099853515625,193900
2023-12-29,273.3299865722656,276.30999755859375,272.7699890136719,274.7300109863281,251300
2024-01-02,267.9800109863281,270.739990234375,265.3900146484375,268.55999755859375,452900
2024-01-03,252.52000427246094,265.54998779296875,252.3800048828125,264.1199951171875,404800
2024-01-04,252.97000122070312,255.41000366210938,250.52999877929688,251.10000610351562,358100
2024-01-05,252.69000244140625,257.1600036621094,252.14999389648438,252.2100067138672,293500
2024-01-08,261.0899963378906,262.2799987792969,251.36000061035156,252.11000061035156,399500
2024-01-09,256.44000244140625,259.6600036621094,255.0,255.82000732421875,326600
2024-01-10,255.27000427246094,256.92999267578125,252.5,256.0,276900
2024-01-11,255.02999877929688,256.8699951171875,248.42999267578125,254.00999450683594,380900
2024-01-12,248.8699951171875,259.1700134277344,243.55999755859375,256.7699890136719,625600
2024-01-16,243.52000427246094,247.0399932861328,240.22000122070312,246.52999877929688,498300
2024-01-17,239.1699981689453,240.33999633789062,236.19000244140625,240.0,463200
2024-01-18,249.58999633789062,250.1199951171875,237.75,240.39999389648438,482200
2024-01-19,249.08999633789062,251.32000732421875,245.13999938964844,250.44000244140625,397600
2024-01-22,254.57000732421875,258.2200012207031,250.3699951171875,251.85000610351562,357600
2024-01-23,256.0899963378906,257.44000244140625,252.6199951171875,255.85000610351562,211800
2024-01-24,254.1699981689453,259.1400146484375,251.6699981689453,259.1400146484375,522100
2024-01-25,256.989990234375,260.75,255.47000122070312,257.9800109863281,334200
2024-01-26,252.1699981689453,258.4200134277344,251.6199951171875,256.9800109863281,268300
2024-01-29,255.92999267578125,256.0400085449219,249.7100067138672,250.72000122070312,493200
2024-01-30,250.91000366210938,255.97999572753906,250.55999755859375,255.97999572753906,302100
2024-01-31,239.5500030517578,250.0,238.47999572753906,250.0,482600
2024-02-01,242.60000610351562,242.8699951171875,233.9499969482422,239.5500030517578,474100
2024-02-02,246.47999572753906,247.94000244140625,237.05999755859375,240.2100067138672,418600
2024-02-05,242.07000732421875,244.10000610351562,239.0399932861328,242.9199981689453,336200
2024-02-06,242.49000549316406,243.5,241.14999389648438,241.14999389648438,497100
2024-02-07,247.11000061035156,247.6199951171875,240.3800048828125,243.6699981689453,522900
2024-02-08,247.1199951171875,249.75,245.67999267578125,247.22000122070312,318700
2024-02-09,253.08999633789062,253.77000427246094,248.36000061035156,248.36000061035156,328600
2024-02-12,259.3999938964844,260.0,253.08999633789062,253.08999633789062,395800
2024-02-13,245.8000030517578,253.11000061035156,243.49000549316406,251.77999877929688,692200
2024-02-14,252.9600067138672,255.36000061035156,248.27000427246094,249.47000122070312,567200
2024-02-15,283.75,294.989990234375,273.2799987792969,276.57000732421875,1184700
2024-02-16,275.4599914550781,283.0,271.7099914550781,282.4100036621094,658200
2024-02-20,271.92999267578125,272.3900146484375,267.3800048828125,269.8599853515625,523800
2024-02-21,274.42999267578125,276.2300109863281,268.6499938964844,269.7300109863281,375000
2024-02-22,279.4800109863281,283.8999938964844,277.0400085449219,278.2699890136719,302400
2024-02-23,274.989990234375,279.8299865722656,274.989990234375,278.2099914550781,269300
2024-02-26,278.05999755859375,279.4100036621094,272.3999938964844,273.8900146484375,336900
2024-02-27,275.7799987792969,281.0400085449219,274.4800109863281,279.55999755859375,194600
2024-02-28,272.79998779296875,274.2200012207031,270.8299865722656,272.2900085449219,212900
2024-02-29,279.4800109863281,282.0,275.760009765625,276.04998779296875,400900
2024-03-01,289.6400146484375,289.94000244140625,278.75,279.67999267578125,413200
2024-03-04,291.6499938964844,293.57000732421875,286.010009765625,290.6499938964844,442500
2024-03-05,284.5400085449219,289.760009765625,282.1700134277344,289.760009765625,306700
2024-03-06,287.2699890136719,289.5799865722656,283.5199890136719,289.25,182100
2024-03-07,288.5899963378906,290.69000244140625,285.32000732421875,289.4200134277344,246600
2024-03-08,282.5899963378906,290.989990234375,282.42999267578125,290.4700012207031,328600
2024-03-11,280.2300109863281,283.5400085449219,279.19000244140625,282.29998779296875,268800
2024-03-12,285.44000244140625,286.8999938964844,278.45001220703125,281.1099853515625,316100
2024-03-13,284.5,286.1600036621094,282.3299865722656,284.07000732421875,286200
2024-03-14,281.7699890136719,285.32000732421875,279.04998779296875,282.0799865722656,375300
2024-03-15,285.8599853515625,286.3599853515625,277.5,277.5,539300
2024-03-18,285.9700012207031,288.6000061035156,283.67999267578125,288.5299987792969,329300
2024-03-19,285.19000244140625,287.5199890136719,283.5,283.9800109863281,306000
2024-03-20,285.80999755859375,287.07000732421875,278.8399963378906,284.92999267578125,358500
2024-03-21,295.05999755859375,296.44000244140625,287.8800048828125,289.0199890136719,227400
2024-03-22,291.44000244140625,293.8699951171875,290.1600036621094,293.8699951171875,201800
2024-03-25,297.94000244140625,299.5199890136719,291.29998779296875,291.3999938964844,449800
2024-03-26,291.3800048828125,301.5199890136719,291.010009765625,300.0,290600
2024-03-27,299.1600036621094,299.54998779296875,292.6400146484375,293.1499938964844,405000
2024-03-28,301.44000244140625,302.6300048828125,298.0400085449219,300.239990234375,376900
2024-04-01,301.0,304.55999755859375,298.07000732421875,302.5899963378906,416900
2024-04-02,296.5,297.6700134277344,292.9599914550781,293.989990234375,461500
2024-04-03,292.75,296.239990234375,291.25,294.0799865722656,399300
2024-04-04,292.9599914550781,303.8800048828125,291.8999938964844,295.7799987792969,390700
2024-04-05,290.3800048828125,292.19000244140625,287.57000732421875,291.9100036621094,216700
2024-04-08,296.8699951171875,299.3399963378906,293.760009765625,295.1099853515625,232800
2024-04-09,306.1700134277344,306.9599914550781,299.4200134277344,299.4200134277344,364500
2024-04-10,299.9100036621094,304.80999755859375,296.4200134277344,297.3800048828125,287600
2024-04-11,297.5400085449219,300.4599914550781,292.25,300.239990234375,270500
2024-04-12,289.67999267578125,295.0299987792969,287.8699951171875,293.8500061035156,221000
2024-04-15,283.0,293.4100036621094,281.5199890136719,292.32000732421875,199500
2024-04-16,280.4200134277344,283.2900085449219,278.2200012207031,280.6499938964844,245500
2024-04-17,276.1400146484375,284.489990234375,275.75,283.5199890136719,175600
2024-04-18,273.0299987792969,277.0299987792969,271.510009765625,274.0,376100
2024-04-19,268.07000732421875,274.8699951171875,266.75,273.0299987792969,351500
2024-04-22,271.6300048828125,274.8699951171875,267.2099914550781,271.739990234375,305100
2024-04-23,276.55999755859375,277.45001220703125,271.54998779296875,271.54998779296875,245800
2024-04-24,277.5299987792969,280.9200134277344,274.239990234375,275.2799987792969,322600
2024-04-25,292.5299987792969,293.2900085449219,271.6300048828125,274.3599853515625,674700
2024-04-26,297.2099914550781,299.1499938964844,292.7799987792969,293.5,461400
2024-04-29,300.010009765625,303.8399963378906,298.20001220703125,298.45001220703125,560700
2024-04-30,314.55999755859375,322.95001220703125,304.2099914550781,320.0,907700
2024-05-01,309.04998779296875,315.5199890136719,303.489990234375,311.6099853515625,580100
2024-05-02,312.7099914550781,315.1700134277344,303.2099914550781,312.2300109863281,507800
2024-05-03,309.5899963378906,317.07000732421875,308.92999267578125,315.6499938964844,475200
2024-05-06,315.7900085449219,319.45001220703125,311.79998779296875,312.1499938964844,334100
2024-05-07,317.8699951171875,320.67999267578125,314.25,315.4800109863281,275000
2024-05-08,319.95001220703125,320.05999755859375,312.19000244140625,314.94000244140625,329800
2024-05-09,316.5,319.8699951171875,315.07000732421875,319.0400085449219,250400
2024-05-10,315.79998779296875,319.0799865722656,314.20001220703125,319.0400085449219,304100
2024-05-13,316.0,320.1499938964844,315.57000732421875,319.1000061035156,232900
2024-05-14,320.9800109863281,322.7799987792969,317.8500061035156,318.3900146484375,216300
2024-05-15,323.8699951171875,325.1099853515625,322.2099914550781,323.0,217500
2024-05-16,319.8599853515625,324.1700134277344,319.6700134277344,324.0,288400
2024-05-17,317.8900146484375,320.739990234375,317.5199890136719,320.739990234375,222700
2024-05-20,320.1600036621094,320.5400085449219,316.239990234375,316.239990234375,332000
2024-05-21,321.7799987792969,322.4800109863281,317.07000732421875,319.2099914550781,285700
2024-05-22,326.9800109863281,327.0899963378906,321.7099914550781,321.7099914550781,230700
2024-05-23,324.05999755859375,328.70001220703125,321.29998779296875,328.70001220703125,276600
2024-05-24,327.0,327.0,322.6000061035156,325.30999755859375,205400
2024-05-28,326.239990234375,328.5,324.1000061035156,328.3299865722656,303100
2024-05-29,316.92999267578125,322.2900085449219,315.3399963378906,321.0899963378906,216500
2024-05-30,316.6199951171875,319.54998779296875,315.30999755859375,319.54998779296875,233800
2024-05-31,312.3399963378906,318.7699890136719,308.1600036621094,316.6099853515625,507200
2024-06-03,307.6300048828125,314.6300048828125,302.2699890136719,314.1000061035156,305600
2024-06-04,302.7699890136719,307.8900146484375,301.3800048828125,303.9800109863281,219500
2024-06-05,307.5,309.989990234375,303.0,304.79998779296875,248000
2024-06-06,307.489990234375,308.8699951171875,304.1499938964844,307.1199951171875,162800
2024-06-07,300.8299865722656,308.0299987792969,300.42999267578125,305.2200012207031,187300
2024-06-10,302.6000061035156,303.7699890136719,295.0799865722656,298.82000732421875,227800
2024-06-11,301.3800048828125,303.0,299.0400085449219,301.010009765625,172900
2024-06-12,304.55999755859375,310.1099853515625,303.0199890136719,307.239990234375,191600
2024-06-13,308.9100036621094,309.2099914550781,304.6099853515625,307.6400146484375,303000
2024-06-14,301.3699951171875,305.489990234375,298.67999267578125,305.489990234375,218800
2024-06-17,302.3999938964844,303.5899963378906,298.6499938964844,300.95001220703125,306400
2024-06-18,295.25,302.0899963378906,294.45001220703125,302.0899963378906,436200
2024-06-20,296.6400146484375,298.2699890136719,295.04998779296875,296.0,352300
2024-06-21,300.010009765625,301.1700134277344,293.42999267578125,297.7099914550781,572100
2024-06-24,306.7099914550781,307.760009765625,300.04998779296875,300.4700012207031,428200
2024-06-25,306.0400085449219,309.1099853515625,304.4599914550781,308.20001220703125,318300
2024-06-26,307.1199951171875,307.2099914550781,302.260009765625,303.92999267578125,264800
2024-06-27,306.989990234375,309.70001220703125,304.6000061035156,307.0299987792969,303700
2024-06-28,308.92999267578125,314.0400085449219,306.1600036621094,309.0,417900
2024-07-01,306.2099914550781,313.04998779296875,303.3599853515625,308.82000732421875,266700
2024-07-02,310.0299987792969,311.55999755859375,306.2099914550781,307.3900146484375,212700
2024-07-03,312.8500061035156,314.1300048828125,309.239990234375,312.3500061035156,106600
2024-07-05,310.510009765625,312.42999267578125,308.70001220703125,312.25,245700
2024-07-08,314.4800109863281,314.9599914550781,310.57000732421875,311.989990234375,209100
2024-07-09,315.239990234375,321.1600036621094,314.0,314.9100036621094,339000
2024-07-10,323.80999755859375,324.42999267578125,315.82000732421875,316.5799865722656,258100
2024-07-11,328.32000732421875,331.7300109863281,325.0799865722656,326.2099914550781,360200
2024-07-12,325.19000244140625,334.2200012207031,324.8900146484375,329.7900085449219,375900
2024-07-15,327.5,328.94000244140625,325.29998779296875,325.6400146484375,281100
2024-07-16,335.760009765625,337.0799865722656,328.69000244140625,328.7900085449219,321400
2024-07-17,325.8900146484375,335.8599853515625,325.6700134277344,332.1099853515625,410800
2024-07-18,323.3699951171875,329.6300048828125,321.79998779296875,325.32000732421875,414800
2024-07-19,321.45001220703125,325.32000732421875,319.4800109863281,324.989990234375,208200
2024-07-22,326.57000732421875,326.9100036621094,322.75,325.010009765625,303000
2024-07-23,331.20001220703125,333.0,324.5299987792969,325.8399963378906,219800
2024-07-24,322.0899963378906,330.739990234375,321.6600036621094,328.3999938964844,201900
2024-07-25,324.4100036621094,330.1300048828125,319.8299865722656,321.489990234375,353100
2024-07-26,325.9800109863281,330.9700012207031,323.0,326.5,458700
2024-07-29,335.0899963378906,335.57000732421875,325.0199890136719,327.3800048828125,605800
2024-07-30,348.1199951171875,372.92999267578125,346.7200012207031,359.79998779296875,1217400
2024-07-31,351.19000244140625,359.69000244140625,348.989990234375,357.7799987792969,634400
2024-08-01,342.5799865722656,353.8599853515625,334.29998779296875,350.4200134277344,580900
2024-08-02,322.29998779296875,332.1300048828125,319.0400085449219,331.79998779296875,447800
2024-08-05,317.8599853515625,319.6499938964844,305.0,310.57000732421875,464600
2024-08-06,316.55999755859375,322.9100036621094,316.1400146484375,318.4700012207031,367400
2024-08-07,314.6499938964844,324.54998779296875,314.3599853515625,321.2300109863281,529700
2024-08-08,321.7099914550781,323.75,304.2799987792969,307.7300109863281,673300
2024-08-09,319.95001220703125,322.9800109863281,315.25,320.54998779296875,271700
2024-08-12,320.3399963378906,322.5799865722656,318.0,320.70001220703125,279800
2024-08-13,332.1199951171875,334.20001220703125,323.1600036621094,323.1600036621094,431600
2024-08-14,333.239990234375,333.6600036621094,327.5899963378906,332.2300109863281,248800
2024-08-15,343.2099914550781,344.3999938964844,338.70001220703125,338.7699890136719,307200
2024-08-16,344.1400146484375,346.32000732421875,342.17999267578125,342.32000732421875,276500
2024-08-19,347.0199890136719,347.0199890136719,340.5,344.1099853515625,298900
2024-08-20,344.8500061035156,348.44000244140625,341.2699890136719,346.05999755859375,431300
2024-08-21,345.0,348.69000244140625,343.5799865722656,348.69000244140625,310700
2024-08-22,342.1600036621094,346.9200134277344,341.8299865722656,346.760009765625,224900
2024-08-23,351.6199951171875,351.7900085449219,344.1700134277344,344.1700134277344,196300
2024-08-26,347.69000244140625,352.9700012207031,346.5,352.9700012207031,248200
2024-08-27,346.0400085449219,346.1700134277344,342.5,345.1000061035156,236800
2024-08-28,343.8299865722656,347.20001220703125,342.0,344.67999267578125,211200
2024-08-29,342.2699890136719,348.0799865722656,342.0299987792969,345.44000244140625,319200
2024-08-30,345.3800048828125,345.6600036621094,337.92999267578125,345.32000732421875,453500
2024-09-03,330.45001220703125,342.95001220703125,329.32000732421875,341.4599914550781,467300
2024-09-04,328.8699951171875,331.3299865722656,326.82000732421875,328.739990234375,362400
2024-09-05,329.0400085449219,331.0,323.44000244140625,326.45001220703125,254700
2024-09-06,320.7699890136719,330.70001220703125,318.010009765625,328.79998779296875,690400
2024-09-09,327.92999267578125,328.260009765625,321.5899963378906,321.5899963378906,344100
2024-09-10,334.8500061035156,335.0899963378906,325.30999755859375,329.3699951171875,277700
2024-09-11,337.44000244140625,337.6700134277344,327.3999938964844,334.8500061035156,305000
2024-09-12,337.0400085449219,338.8500061035156,334.489990234375,338.80999755859375,288100
2024-09-13,337.4800109863281,343.510009765625,337.19000244140625,339.1199951171875,267700
2024-09-16,343.7900085449219,344.19000244140625,335.8599853515625,337.239990234375,242000
2024-09-17,354.5199890136719,354.6099853515625,345.5899963378906,347.07000732421875,539900
2024-09-18,351.8299865722656,358.760009765625,347.7900085449219,354.7900085449219,337200
2024-09-19,363.7900085449219,366.29998779296875,356.0400085449219,360.0,490200
2024-09-20,366.760009765625,367.55999755859375,360.0199890136719,362.42999267578125,596300
2024-09-23,362.3900146484375,367.8900146484375,359.29998779296875,367.3399963378906,342600
2024-09-24,364.42999267578125,365.42999267578125,361.32000732421875,364.45001220703125,230100
2024-09-25,364.9700012207031,367.3500061035156,363.3999938964844,364.6300048828125,207100
2024-09-26,371.239990234375,375.8800048828125,369.2699890136719,370.0,242000
2024-09-27,368.6000061035156,374.0299987792969,368.2699890136719,372.29998779296875,213600
2024-09-30,370.32000732421875,371.3399963378906,367.0799865722656,367.0799865722656,217400
2024-10-01,364.29998779296875,370.25,363.3900146484375,369.8399963378906,359600
2024-10-02,368.67999267578125,370.8999938964844,362.2200012207031,363.9800109863281,283200
2024-10-03,363.8900146484375,368.1700134277344,362.6199951171875,365.989990234375,302800
2024-10-04,366.7200012207031,370.45001220703125,363.32000732421875,369.69000244140625,216900
2024-10-07,365.239990234375,365.4100036621094,360.57000732421875,363.989990234375,268500
2024-10-08,368.9700012207031,370.2300109863281,364.1199951171875,365.3299865722656,236700
2024-10-09,373.5,374.8599853515625,367.07000732421875,368.9700012207031,323300
2024-10-10,369.239990234375,371.32000732421875,365.44000244140625,369.0899963378906,311500
2024-10-11,375.0199890136719,376.5899963378906,370.67999267578125,370.67999267578125,215400
2024-10-14,377.67999267578125,378.7799987792969,373.2099914550781,374.760009765625,240300
2024-10-15,375.29998779296875,380.04998779296875,372.8900146484375,376.739990234375,302900
2024-10-16,375.5,379.5899963378906,374.3800048828125,376.20001220703125,176900
2024-10-17,373.8399963378906,378.5,373.2099914550781,375.1099853515625,235000
2024-10-18,375.45001220703125,378.3299865722656,373.8900146484375,377.489990234375,222100
2024-10-21,372.5899963378906,373.82000732421875,370.010009765625,373.70001220703125,232900
2024-10-22,372.0,373.4200134277344,370.4200134277344,370.7300109863281,188000
2024-10-23,368.0899963378906,373.2799987792969,366.1000061035156,369.95001220703125,224100
2024-10-24,362.04998779296875,370.94000244140625,361.6000061035156,370.94000244140625,384200
2024-10-25,360.0899963378906,365.6499938964844,359.3699951171875,363.4100036621094,473400
2024-10-28,363.5799865722656,367.6300048828125,362.5899963378906,365.6000061035156,715100
2024-10-29,384.67999267578125,394.57000732421875,378.2200012207031,394.57000732421875,1319500
2024-10-30,383.8900146484375,385.8500061035156,378.4200134277344,381.3599853515625,960400
2024-10-31,381.9700012207031,386.8900146484375,379.44000244140625,384.489990234375,675900
2024-11-01,384.6400146484375,386.1199951171875,381.0400085449219,381.9700012207031,523300
2024-11-04,377.0199890136719,386.2200012207031,375.1499938964844,385.0,480700
2024-11-05,379.69000244140625,380.8299865722656,375.0,375.0,348600
2024-11-06,394.0199890136719,403.7799987792969,383.8599853515625,403.7799987792969,545800
2024-11-07,397.17999267578125,397.6400146484375,392.7699890136719,394.4700012207031,375200
2024-11-08,399.30999755859375,402.1499938964844,392.3900146484375,396.5199890136719,302400
2024-11-11,403.1600036621094,404.69000244140625,398.260009765625,400.0,371900
2024-11-12,402.69000244140625,405.6199951171875,399.5899963378906,401.8699951171875,325400
2024-11-13,400.2300109863281,404.4100036621094,399.0799865722656,401.07000732421875,348100
2024-11-14,394.6600036621094,400.9100036621094,393.0400085449219,400.2300109863281,314600
2024-11-15,385.9100036621094,395.1600036621094,382.1199951171875,395.0400085449219,372300
2024-11-18,384.2799987792969,389.3800048828125,382.5400085449219,385.29998779296875,421700
2024-11-19,382.3999938964844,382.94000244140625,377.42999267578125,380.0,324500
2024-11-20,384.5299987792969,388.42999267578125,381.70001220703125,384.0400085449219,489400
2024-11-21,392.30999755859375,395.1400146484375,382.7799987792969,386.8599853515625,368400
2024-11-22,397.19000244140625,397.8399963378906,392.5400085449219,394.2799987792969,232000
2024-11-25,400.94000244140625,404.32000732421875,398.1300048828125,400.0299987792969,420200
2024-11-26,402.45001220703125,403.57000732421875,399.69000244140625,402.44000244140625,369200
2024-11-27,405.75,406.1400146484375,400.92999267578125,403.7300109863281,258300
2024-11-29,407.0,409.0299987792969,405.510009765625,406.6400146484375,175700
2024-12-02,410.0400085449219,412.4599914550781,406.6000061035156,409.2900085449219,294200
2024-12-03,406.3999938964844,409.7300109863281,404.67999267578125,408.6099853515625,304700
2024-12-04,411.94000244140625,412.94000244140625,407.7699890136719,408.7099914550781,230100
2024-12-05,404.9800109863281,413.2699890136719,404.32000732421875,412.989990234375,299600
2024-12-06,409.32000732421875,413.05999755859375,405.20001220703125,406.6000061035156,222800
2024-12-09,411.2300109863281,413.44000244140625,407.260009765625,408.44000244140625,259600
2024-12-10,401.7799987792969,410.6000061035156,400.70001220703125,410.57000732421875,351200
2024-12-11,404.1700134277344,409.8699951171875,402.5400085449219,404.25,328500
2024-12-12,407.6400146484375,409.25,403.5199890136719,403.5199890136719,259600
2024-12-13,403.5899963378906,408.8900146484375,401.54998779296875,407.29998779296875,249200
2024-12-16,406.8999938964844,411.3399963378906,402.8500061035156,403.95001220703125,305400
2024-12-17,395.0,406.3399963378906,394.55999755859375,403.0,366600
2024-12-18,383.4700012207031,400.30999755859375,382.45001220703125,396.5,377900
2024-12-19,385.3699951171875,391.3599853515625,384.44000244140625,384.44000244140625,432300
2024-12-20,393.0400085449219,395.0299987792969,382.8500061035156,383.3500061035156,826400
2024-12-23,390.6499938964844,392.67999267578125,388.7799987792969,392.67999267578125,238300
2024-12-24,395.44000244140625,395.79998779296875,389.05999755859375,390.6700134277344,88700
2024-12-26,396.8500061035156,397.5,392.1099853515625,392.2699890136719,140100
2024-12-27,389.07000732421875,394.70001220703125,387.010009765625,393.3699951171875,287200
2024-12-30,383.8500061035156,386.9599914550781,378.1499938964844,385.05999755859375,211300
2024-12-31,386.2200012207031,387.4100036621094,381.75,383.4200134277344,327900
